token,count_AAL,count_WME,log_odds,zeta
and,646,1771,0.8468307006333244,18.423997859878412
the,457,1411,0.9631675773292598,17.89513989753487
have,237,691,0.8974940307451273,11.92259650227118
am,140,460,1.0149081856675624,10.514633508437123
of,373,808,0.5995876271708234,9.578287431111022
a,644,1214,0.4621108852384195,9.479286991495432
has,152,365,0.6993706234986012,7.244866721347317
are,41,157,1.1646706946672554,6.640677567760132
been,112,272,0.7098426032716558,6.322516516583118
there,66,188,0.8688045565231572,6.072341557176285
you,39,134,1.0559053972177859,5.803456583895164
with,197,387,0.4980035529704203,5.690031433966003
this,197,378,0.4743109063699622,5.397693912017326
not,171,333,0.48884815321985187,5.1961171582303365
right,50,139,0.8439320685825686,5.1176320391705215
an,51,139,0.8241080025750431,5.033845530599909
pain,167,322,0.4788149596576874,5.0211073237409085
for,322,546,0.3510264714681641,4.995791578168196
it,509,796,0.2705962662342163,4.767953548097718
weeks,23,84,1.1163963329659614,4.74384135297573
surgery,11,60,1.5173499996524065,4.626245564165685
be,140,265,0.45989958719731483,4.401721026101101
because,17,67,1.1923769719332524,4.390721467884673
years,83,173,0.5558343833630177,4.162819475160402
recently,12,54,1.3248493041234335,4.151280860046273
painful,4,41,2.147987623370785,4.100602393469813
week,33,90,0.8242691450071495,4.050370745073824
lower,15,58,1.1731721462497529,4.0500466618716215
year,48,115,0.6948247580602098,4.043440726491511
at,102,199,0.4897744018164163,4.021976338729564
kidney,7,42,1.6124234431399547,3.9496158723135704
cancer,6,40,1.7177695026401967,3.9236633450024367
over,26,75,0.8802398347784539,3.867743862429741
that,218,362,0.3290295506491514,3.837986895593971
about,93,181,0.4872099376086192,3.8187538935905776
away,9,43,1.3846146926927645,3.7773119451876203
ago,51,115,0.6341358197252243,3.769313906059772
red,14,52,1.1328797007659777,3.7625094664543424
thanks,11,46,1.2513962112383963,3.728488088203635
would,20,62,0.952146033940962,3.7026064350594297
one,55,120,0.6011917646385365,3.692036808336044
could,59,126,0.5797994848775847,3.675388858412126
months,58,124,0.5808791570209157,3.651531017289746
worse,9,40,1.3122403435921646,3.55685937248384
just,78,152,0.4882855325160209,3.5057350132026426
seems,11,43,1.1839012342229278,3.5038802243385585
your,11,43,1.1839012342229278,3.5038802243385585
three,2,30,2.5286055407186163,3.4624382772963904
area,13,46,1.0842993394663445,3.4520244277818044
causing,3,29,2.0892000784932403,3.4448068611176934
upper,12,44,1.1198758817604189,3.4386891847933945
something,17,53,0.9577255692701314,3.4360108821235835
leg,10,40,1.2068584478149091,3.41351187674553
knee,1,35,3.376012391158559,3.328798793361645
under,15,48,0.9837511081426182,3.3256863080180663
mri,4,28,1.766387623914178,3.3046098011414307
symptoms,7,33,1.3711003629996172,3.294923565242761
severe,13,44,1.0398117765356965,3.293937816747675
0,2,26,2.3854332816499326,3.2507996719391534
two,29,71,0.7160963832570655,3.249374096777583
to,837,1157,0.1466523072230861,3.2318840855766173
past,22,59,0.8071423564991465,3.231060126891457
what,153,253,0.32426869895206334,3.1662706563205556
other,27,66,0.7144835022018814,3.1275527342121046
during,12,40,1.0244941077388008,3.1126370940671166
in,446,645,0.19100271296242166,3.1015193324036496
normal,48,99,0.5447256675155696,3.0971157894418355
sometimes,15,45,0.9191588821747221,3.0829531149636846
left,64,123,0.47419526930692335,3.0766564785775206
liver,8,32,1.2067580557734612,3.0528838653017933
hours,12,39,0.9991584020870663,3.0267200842600332
swelling,12,39,0.9991584020870663,3.0267200842600332
per,2,22,2.218307787050251,3.0036045664969295
back,111,190,0.358581449511159,3.0015315252711963
feet,4,24,1.6121654350472756,2.9851512252359274
swollen,9,33,1.1197431923668173,2.9776393399526464
thank,12,38,0.9731650183764717,2.938894405696919
most,5,25,1.429840457140381,2.9186503511747826
pressure,14,41,0.8950111358788551,2.89136626507373
cannot,1,22,2.9114753129276556,2.8474820897353794
heart,35,75,0.582795475525371,2.846980798473458
second,6,26,1.2867361594992168,2.8410371468012046
noticed,5,24,1.389000581198225,2.825492491697701
diagnosed,14,40,0.8703006242220228,2.8026347110733627
anxiety,2,19,2.0716507591474933,2.786755697830126
experiencing,3,20,1.7174757034862012,2.7739744297445745
were,19,48,0.7472766865553702,2.757030135047371
taking,43,86,0.513828222377307,2.751101449476403
mg,24,56,0.6678486646215749,2.737365322751849
may,21,51,0.7078287287250102,2.7299628226979613
work,18,46,0.75876990224116,2.7291998541458957
issues,1,19,2.764818430570574,2.694814167262422
several,3,19,1.6661645422358244,2.681909463999223
days,99,166,0.3377823338284589,2.660024792833883
should,71,126,0.3943996794459963,2.657773314959593
6,40,80,0.5137850211383643,2.653174763879422
cause,15,40,0.8012863455588626,2.6465620882768306
bone,5,22,1.301953442547763,2.6279071270172376
part,5,22,1.301953442547763,2.6279071270172376
idea,2,17,1.9603894234398318,2.622437770046812
disease,4,20,1.4297723752696951,2.6103959351595636
caused,1,17,2.653557191756194,2.578796200400846
sore,8,27,1.0367695677459112,2.5755807589857556
tests,8,27,1.0367695677459112,2.5755807589857556
legs,14,37,0.792285387746718,2.525000695161527
is,708,958,0.12447464768942051,2.511555819762921
foot,3,17,1.5549031746328303,2.4829819597776424
medication,12,33,0.8319969391067605,2.468102151050695
drinking,1,15,2.5283584465406026,2.4480743372313247
numb,1,15,2.5283584465406026,2.4480743372313247
extremely,2,15,1.835190581491915,2.4379090523390414
going,33,66,0.5136842471110779,2.4093929818592477
arms,4,18,1.3243761105842786,2.3958870825109786
attack,4,18,1.3243761105842786,2.3958870825109786
ct,1,14,2.4593477744853534,2.375957306481082
everything,3,16,1.494260687220386,2.3750365953368586
any,112,178,0.28413536522060046,2.355837619207087
disc,2,14,1.7661798611524233,2.33643715516728
both,16,38,0.6853973215529754,2.299838669077812
least,1,13,2.385222002155121,2.2984588981618925
small,21,46,0.6045549729247606,2.2955513696735164
anything,23,49,0.576772967514291,2.2819213006387336
drink,9,26,0.8812069285574573,2.2785149275739736
until,3,15,1.4297043009505632,2.2605615588072223
infection,24,50,0.5544125434713063,2.2325842928056296
into,14,34,0.7076743080868635,2.2285190287182886
hip,2,13,1.692054040609369,2.227693382192748
large,2,13,1.692054040609369,2.227693382192748
lumps,2,13,1.692054040609369,2.227693382192748
makes,2,13,1.692054040609369,2.227693382192748
sort,2,13,1.692054040609369,2.227693382192748
does,26,53,0.5326496144852788,2.2246041021027176
lump,19,42,0.6136378803971319,2.2194672737151953
75,1,12,2.3051614947147065,2.2147288308030353
bilirubin,1,12,2.3051614947147065,2.2147288308030353
experienced,1,12,2.3051614947147065,2.2147288308030353
seizures,1,12,2.3051614947147065,2.2147288308030353
blood,71,118,0.32865894739434953,2.188188764848427
fluid,4,16,1.2065573277235515,2.158355810003832
health,12,30,0.7366330752898724,2.1566411206215177
scan,12,30,0.7366330752898724,2.1566411206215177
cholesterol,3,14,1.360693564825823,2.1387529359088933
muscle,3,14,1.360693564825823,2.1387529359088933
little,28,55,0.49557587758411525,2.134673827088423
couple,14,33,0.6778034484992803,2.125082974070169
sure,14,33,0.6778034484992803,2.125082974070169
close,1,11,2.21813231839217,2.12370115843222
further,1,11,2.21813231839217,2.12370115843222
gotten,1,11,2.21813231839217,2.12370115843222
wrist,1,11,2.21813231839217,2.12370115843222
goes,11,28,0.7546371961194565,2.120710197685229
bladder,2,12,1.6119934850454083,2.110595538764174
arm,13,31,0.6893766799666627,2.0863291802692934
prescribed,13,31,0.6893766799666627,2.0863291802692934
go,51,88,0.36605655671879145,2.080018813113702
removed,6,19,0.9729534150297168,2.077660302284451
sharp,6,19,0.9729534150297168,2.077660302284451
which,54,92,0.35335726235257514,2.061239402171017
actually,5,17,1.0440349366020012,2.0521695174259658
maybe,5,17,1.0440349366020012,2.0521695174259658
rash,5,17,1.0440349366020012,2.0521695174259658
become,4,15,1.1420009337352024,2.0293893118620807
coughing,4,15,1.1420009337352024,2.0293893118620807
heavy,4,15,1.1420009337352024,2.0293893118620807
results,4,15,1.1420009337352024,2.0293893118620807
rib,4,15,1.1420009337352024,2.0293893118620807
treated,4,15,1.1420009337352024,2.0293893118620807
had,299,417,0.1537693523043444,2.029163025827311
discomfort,1,10,2.1228043397229897,2.0240155187597364
groin,1,10,2.1228043397229897,2.0240155187597364
range,1,10,2.1228043397229897,2.0240155187597364
shortness,1,10,2.1228043397229897,2.0240155187597364
signs,1,10,2.1228043397229897,2.0240155187597364
due,21,43,0.5370599847260458,2.0173290244864974
enough,3,13,1.2865677285689436,2.008653669341899
levels,3,13,1.2865677285689436,2.008653669341899
slightly,3,13,1.2865677285689436,2.008653669341899
top,3,13,1.2865677285689436,2.008653669341899
where,16,35,0.6031055283744902,1.9984914330192256
3,93,145,0.26480063465611803,1.9932238041599242
opinion,2,11,1.5249642607129523,1.983807145236021
between,7,20,0.8700925387229193,1.9812881777892668
very,117,177,0.2347011726554653,1.9697957875843637
middle,6,18,0.9188683119082643,1.9492143598416043
also,110,167,0.23820964563828273,1.9398765036036945
being,12,28,0.6676044164859753,1.9349016838569182
report,12,28,0.6676044164859753,1.9349016838569182
shows,5,16,0.983392436906831,1.9193858304842746
bulge,1,9,2.0174260257175867,1.9138992257162946
congestion,1,9,2.0174260257175867,1.9138992257162946
cramping,1,9,2.0174260257175867,1.9138992257162946
inches,1,9,2.0174260257175867,1.9138992257162946
mm,1,9,2.0174260257175867,1.9138992257162946
recent,1,9,2.0174260257175867,1.9138992257162946
hand,14,31,0.6152472998393019,1.91068186108273
better,16,34,0.5741000939665888,1.8936605012883883
related,4,14,1.0729901899499712,1.8925771504849462
shoulder,4,14,1.0729901899499712,1.8925771504849462
vomiting,4,14,1.0729901899499712,1.8925771504849462
concerned,8,21,0.7853478114000509,1.8902434565485633
however,8,21,0.7853478114000509,1.8902434565485633
although,3,12,1.206507157380445,1.869113238291625
easily,3,12,1.206507157380445,1.869113238291625
exercise,3,12,1.206507157380445,1.869113238291625
mucus,3,12,1.206507157380445,1.869113238291625
suddenly,3,12,1.206507157380445,1.869113238291625
advise,13,29,0.6226495162941053,1.8654763247862425
as,115,172,0.22324092585603328,1.8533014097663532
appeared,2,10,1.4296362341815652,1.8456529098995524
dizziness,2,10,1.4296362341815652,1.8456529098995524
means,2,10,1.4296362341815652,1.8456529098995524
seizure,2,10,1.4296362341815652,1.8456529098995524
male,12,27,0.6312188792921569,1.819366687158037
1,74,116,0.2700790832078077,1.815344490234577
though,6,17,0.8616920167387683,1.8146309118346493
55,1,8,1.8996251923047573,1.7909845162992508
armpit,1,8,1.8996251923047573,1.7909845162992508
clean,1,8,1.8996251923047573,1.7909845162992508
february,1,8,1.8996251923047573,1.7909845162992508
headaches,1,8,1.8996251923047573,1.7909845162992508
inch,1,8,1.8996251923047573,1.7909845162992508
lasts,1,8,1.8996251923047573,1.7909845162992508
point,1,8,1.8996251923047573,1.7909845162992508
regarding,1,8,1.8996251923047573,1.7909845162992508
sign,1,8,1.8996251923047573,1.7909845162992508
tear,1,8,1.8996251923047573,1.7909845162992508
thecal,1,8,1.8996251923047573,1.7909845162992508
warm,1,8,1.8996251923047573,1.7909845162992508
bottom,5,15,0.9188360384498608,1.7793186265367817
doesn,8,20,0.7365397608228417,1.7606670370027544
l,4,13,0.9988643461040301,1.7469633663247617
sinus,4,13,0.9988643461040301,1.7469633663247617
walking,4,13,0.9988643461040301,1.7469633663247617
feels,19,37,0.48679667366439716,1.7247704506580157
joints,3,11,1.1194779175370773,1.7187335982262593
late,3,11,1.1194779175370773,1.7187335982262593
spine,3,11,1.1194779175370773,1.7187335982262593
sugar,3,11,1.1194779175370773,1.7187335982262593
birth,7,18,0.7646962547702074,1.7167390819245463
few,42,70,0.3312414465509237,1.6971075847513335
believe,2,9,1.3242578725109162,1.6939967523142998
cage,2,9,1.3242578725109162,1.6939967523142998
emergency,2,9,1.3242578725109162,1.6939967523142998
following,2,9,1.3242578725109162,1.6939967523142998
mass,2,9,1.3242578725109162,1.6939967523142998
reaction,2,9,1.3242578725109162,1.6939967523142998
thigh,2,9,1.3242578725109162,1.6939967523142998
feel,77,118,0.24740468692642992,1.6887953699411997
getting,40,67,0.336218120140086,1.682661166299359
without,16,32,0.5134396782883792,1.6768871717051823
14,9,21,0.6675433833931921,1.67552082017767
ear,6,16,0.801049514152135,1.673338108854245
4th,1,7,1.7660760026309728,1.6520134054501703
air,1,7,1.7660760026309728,1.6520134054501703
began,1,7,1.7660760026309728,1.6520134054501703
calcium,1,7,1.7660760026309728,1.6520134054501703
chemo,1,7,1.7660760026309728,1.6520134054501703
failure,1,7,1.7660760026309728,1.6520134054501703
friday,1,7,1.7660760026309728,1.6520134054501703
grade,1,7,1.7660760026309728,1.6520134054501703
ideas,1,7,1.7660760026309728,1.6520134054501703
mid,1,7,1.7660760026309728,1.6520134054501703
pre,1,7,1.7660760026309728,1.6520134054501703
reading,1,7,1.7660760026309728,1.6520134054501703
roof,1,7,1.7660760026309728,1.6520134054501703
sickness,1,7,1.7660760026309728,1.6520134054501703
someone,1,7,1.7660760026309728,1.6520134054501703
toes,1,7,1.7660760026309728,1.6520134054501703
different,5,14,0.8498252902540457,1.6311801868602864
ears,5,14,0.8498252902540457,1.6311801868602864
sgpt,5,14,0.8498252902540457,1.6311801868602864
way,10,22,0.6086993737857895,1.5960234292894775
acid,4,12,0.9188037674157474,1.5914150659473418
whenever,4,12,0.9188037674157474,1.5914150659473418
kg,7,17,0.7075199575979685,1.5754572200611543
breath,16,31,0.4816730836625087,1.5647477633261042
35,3,10,1.0241498756425056,1.55579562084794
admitted,3,10,1.0241498756425056,1.55579562084794
amount,3,10,1.0241498756425056,1.55579562084794
dl,3,10,1.0241498756425056,1.55579562084794
itchy,3,10,1.0241498756425056,1.55579562084794
lip,3,10,1.0241498756425056,1.55579562084794
proper,3,10,1.0241498756425056,1.55579562084794
toilet,3,10,1.0241498756425056,1.55579562084794
tonight,3,10,1.0241498756425056,1.55579562084794
10,34,57,0.33704519141544864,1.5554081628031444
abnormal,2,8,1.2064569917036554,1.5260611132991075
bathroom,2,8,1.2064569917036554,1.5260611132991075
function,2,8,1.2064569917036554,1.5260611132991075
g,2,8,1.2064569917036554,1.5260611132991075
gallbladder,2,8,1.2064569917036554,1.5260611132991075
pack,2,8,1.2064569917036554,1.5260611132991075
regards,2,8,1.2064569917036554,1.5260611132991075
sac,2,8,1.2064569917036554,1.5260611132991075
spread,2,8,1.2064569917036554,1.5260611132991075
wont,2,8,1.2064569917036554,1.5260611132991075
2012,6,15,0.7364931128514982,1.524685811161297
each,6,15,0.7364931128514982,1.524685811161297
front,6,15,0.7364931128514982,1.524685811161297
injection,11,23,0.5578374442454148,1.5216981720685638
110,1,6,1.6119075266550738,1.4923368357727829
90,1,6,1.6119075266550738,1.4923368357727829
appear,1,6,1.6119075266550738,1.4923368357727829
break,1,6,1.6119075266550738,1.4923368357727829
current,1,6,1.6119075266550738,1.4923368357727829
ice,1,6,1.6119075266550738,1.4923368357727829
injury,1,6,1.6119075266550738,1.4923368357727829
intensity,1,6,1.6119075266550738,1.4923368357727829
occasionally,1,6,1.6119075266550738,1.4923368357727829
patch,1,6,1.6119075266550738,1.4923368357727829
physical,1,6,1.6119075266550738,1.4923368357727829
pop,1,6,1.6119075266550738,1.4923368357727829
sides,1,6,1.6119075266550738,1.4923368357727829
symptom,1,6,1.6119075266550738,1.4923368357727829
urgent,1,6,1.6119075266550738,1.4923368357727829
within,8,18,0.6311434739297397,1.4853292209960802
working,8,18,0.6311434739297397,1.4853292209960802
x,8,18,0.6311434739297397,1.4853292209960802
side,78,116,0.2173495350795953,1.4843427386663575
along,5,13,0.7756994420689445,1.4740559496525665
care,5,13,0.7756994420689445,1.4740559496525665
free,5,13,0.7756994420689445,1.4740559496525665
injections,5,13,0.7756994420689445,1.4740559496525665
wondering,5,13,0.7756994420689445,1.4740559496525665
these,29,49,0.3448428075724479,1.471875099637296
chest,48,75,0.2666638719278618,1.4426564507775144
first,23,40,0.37367099865524533,1.4279502625745182
abdomen,7,16,0.64687745304842,1.4274705759658162
currently,4,11,0.831774520186233,1.4245785048702497
lung,4,11,0.831774520186233,1.4245785048702497
nerve,4,11,0.831774520186233,1.4245785048702497
smoke,4,11,0.831774520186233,1.4245785048702497
suggestions,4,11,0.831774520186233,1.4245785048702497
husband,21,37,0.3866703770392128,1.4152640134923753
next,19,34,0.40218558966910756,1.4041221153087917
gets,11,22,0.5133677915645736,1.3902067208845383
water,11,22,0.5133677915645736,1.3902067208845383
9,15,28,0.4443966379404376,1.388868835279223
another,15,28,0.4443966379404376,1.388868835279223
feeling,34,55,0.30129129299449886,1.3810596235242654
chronic,3,9,0.918771498805631,1.378157472152646
concern,3,9,0.918771498805631,1.378157472152646
july,3,9,0.918771498805631,1.378157472152646
looked,3,9,0.918771498805631,1.378157472152646
mostly,3,9,0.918771498805631,1.378157472152646
moved,3,9,0.918771498805631,1.378157472152646
tiny,3,9,0.918771498805631,1.378157472152646
tumor,3,9,0.918771498805631,1.378157472152646
antibiotics,6,14,0.6674823618700483,1.3679319640227854
e,6,14,0.6674823618700483,1.3679319640227854
ever,6,14,0.6674823618700483,1.3679319640227854
last,125,175,0.15698990927710366,1.3405566974316228
ankle,8,17,0.5739671753350954,1.338710164828443
37,2,7,1.072907755022328,1.3381513225889963
45,2,7,1.072907755022328,1.3381513225889963
appointment,2,7,1.072907755022328,1.3381513225889963
cramps,2,7,1.072907755022328,1.3381513225889963
dog,2,7,1.072907755022328,1.3381513225889963
fatigue,2,7,1.072907755022328,1.3381513225889963
fingers,2,7,1.072907755022328,1.3381513225889963
helped,2,7,1.072907755022328,1.3381513225889963
pl,2,7,1.072907755022328,1.3381513225889963
possibly,2,7,1.072907755022328,1.3381513225889963
runny,2,7,1.072907755022328,1.3381513225889963
shot,2,7,1.072907755022328,1.3381513225889963
six,2,7,1.072907755022328,1.3381513225889963
sneeze,2,7,1.072907755022328,1.3381513225889963
tabs,2,7,1.072907755022328,1.3381513225889963
wheezing,2,7,1.072907755022328,1.3381513225889963
women,2,7,1.072907755022328,1.3381513225889963
from,166,227,0.1335327186993025,1.3075503855596045
burning,5,12,0.6956388591307849,1.3068780336769525
discharge,5,12,0.6956388591307849,1.3068780336769525
2009,1,5,1.429568174961295,1.3050115590072613
43,1,5,1.429568174961295,1.3050115590072613
5th,1,5,1.429568174961295,1.3050115590072613
broken,1,5,1.429568174961295,1.3050115590072613
chicken,1,5,1.429568174961295,1.3050115590072613
clots,1,5,1.429568174961295,1.3050115590072613
death,1,5,1.429568174961295,1.3050115590072613
dental,1,5,1.429568174961295,1.3050115590072613
diagnosis,1,5,1.429568174961295,1.3050115590072613
dialysis,1,5,1.429568174961295,1.3050115590072613
ended,1,5,1.429568174961295,1.3050115590072613
entire,1,5,1.429568174961295,1.3050115590072613
epilepsy,1,5,1.429568174961295,1.3050115590072613
extra,1,5,1.429568174961295,1.3050115590072613
gi,1,5,1.429568174961295,1.3050115590072613
green,1,5,1.429568174961295,1.3050115590072613
heal,1,5,1.429568174961295,1.3050115590072613
hole,1,5,1.429568174961295,1.3050115590072613
ibuprofen,1,5,1.429568174961295,1.3050115590072613
improve,1,5,1.429568174961295,1.3050115590072613
lever,1,5,1.429568174961295,1.3050115590072613
medications,1,5,1.429568174961295,1.3050115590072613
minor,1,5,1.429568174961295,1.3050115590072613
otherwise,1,5,1.429568174961295,1.3050115590072613
overweight,1,5,1.429568174961295,1.3050115590072613
prednisone,1,5,1.429568174961295,1.3050115590072613
re,1,5,1.429568174961295,1.3050115590072613
recover,1,5,1.429568174961295,1.3050115590072613
recovered,1,5,1.429568174961295,1.3050115590072613
site,1,5,1.429568174961295,1.3050115590072613
sternum,1,5,1.429568174961295,1.3050115590072613
subsided,1,5,1.429568174961295,1.3050115590072613
term,1,5,1.429568174961295,1.3050115590072613
weigh,1,5,1.429568174961295,1.3050115590072613
weird,1,5,1.429568174961295,1.3050115590072613
bad,42,65,0.2570439128801558,1.2983650152632893
else,7,15,0.5823210498326592,1.2721720615465975
slight,7,15,0.5823210498326592,1.2721720615465975
usually,7,15,0.5823210498326592,1.2721720615465975
daily,9,18,0.5133390426342839,1.25741887274638
course,4,10,0.7364464710532346,1.2448219127625688
especially,4,10,0.7364464710532346,1.2448219127625688
improvement,4,10,0.7364464710532346,1.2448219127625688
line,4,10,0.7364464710532346,1.2448219127625688
suffered,4,10,0.7364464710532346,1.2448219127625688
by,56,83,0.21383748797396418,1.2365439279638115
all,98,138,0.16271971093640047,1.2317903245736095
or,184,248,0.11905381801964587,1.2235909337735438
belly,6,13,0.5933565109707395,1.20222642292334
changed,6,13,0.5933565109707395,1.20222642292334
happen,6,13,0.5933565109707395,1.20222642292334
sleeping,6,13,0.5933565109707395,1.20222642292334
stool,6,13,0.5933565109707395,1.20222642292334
almost,26,42,0.2998303728064817,1.2015242345939845
long,26,42,0.2998303728064817,1.2015242345939845
through,14,25,0.4000285554409819,1.198375060269233
12,12,22,0.42633500844904937,1.187992096654573
rest,8,16,0.5133246694029729,1.1854726887213014
65,3,8,0.8009706031029697,1.1831121646270686
contact,3,8,0.8009706031029697,1.1831121646270686
dull,3,8,0.8009706031029697,1.1831121646270686
keeps,3,8,0.8009706031029697,1.1831121646270686
lay,3,8,0.8009706031029697,1.1831121646270686
passed,3,8,0.8009706031029697,1.1831121646270686
people,3,8,0.8009706031029697,1.1831121646270686
pus,3,8,0.8009706031029697,1.1831121646270686
routine,3,8,0.8009706031029697,1.1831121646270686
slow,3,8,0.8009706031029697,1.1831121646270686
spinal,3,8,0.8009706031029697,1.1831121646270686
etc,10,19,0.46204223448441617,1.1826589653338875
when,129,177,0.13680498597735102,1.181742202793881
only,53,78,0.20674022674474823,1.1613807468794441
think,44,66,0.2257664083439428,1.1600089319735933
type,15,26,0.3702528777340195,1.1419283807350251
down,48,71,0.2117839779121118,1.1333641191660937
case,5,11,0.6086096077650254,1.128392559104815
either,5,11,0.6086096077650254,1.128392559104815
monday,5,11,0.6086096077650254,1.128392559104815
suffer,5,11,0.6086096077650254,1.128392559104815
tablet,13,23,0.39074054534964375,1.1260894027868749
150,2,6,0.9187392326192239,1.1252213461398903
33,2,6,0.9187392326192239,1.1252213461398903
ankles,2,6,0.9187392326192239,1.1252213461398903
bruising,2,6,0.9187392326192239,1.1252213461398903
effective,2,6,0.9187392326192239,1.1252213461398903
explain,2,6,0.9187392326192239,1.1252213461398903
local,2,6,0.9187392326192239,1.1252213461398903
longer,2,6,0.9187392326192239,1.1252213461398903
matter,2,6,0.9187392326192239,1.1252213461398903
missed,2,6,0.9187392326192239,1.1252213461398903
pm,2,6,0.9187392326192239,1.1252213461398903
pounds,2,6,0.9187392326192239,1.1252213461398903
prevent,2,6,0.9187392326192239,1.1252213461398903
supposed,2,6,0.9187392326192239,1.1252213461398903
thinking,2,6,0.9187392326192239,1.1252213461398903
vision,2,6,0.9187392326192239,1.1252213461398903
wearing,2,6,0.9187392326192239,1.1252213461398903
fast,7,14,0.5133102969941188,1.108877112687757
made,7,14,0.5133102969941188,1.108877112687757
mean,7,14,0.5133102969941188,1.108877112687757
quite,9,17,0.45616274300413373,1.1065700309186135
41,1,4,1.2064068306924725,1.0790432963372656
64,1,4,1.2064068306924725,1.0790432963372656
68,1,4,1.2064068306924725,1.0790432963372656
activity,1,4,1.2064068306924725,1.0790432963372656
alkaline,1,4,1.2064068306924725,1.0790432963372656
anemia,1,4,1.2064068306924725,1.0790432963372656
beats,1,4,1.2064068306924725,1.0790432963372656
bending,1,4,1.2064068306924725,1.0790432963372656
bite,1,4,1.2064068306924725,1.0790432963372656
blister,1,4,1.2064068306924725,1.0790432963372656
bloated,1,4,1.2064068306924725,1.0790432963372656
calculus,1,4,1.2064068306924725,1.0790432963372656
certain,1,4,1.2064068306924725,1.0790432963372656
confirmed,1,4,1.2064068306924725,1.0790432963372656
dangerous,1,4,1.2064068306924725,1.0790432963372656
dosage,1,4,1.2064068306924725,1.0790432963372656
drinks,1,4,1.2064068306924725,1.0790432963372656
flashes,1,4,1.2064068306924725,1.0790432963372656
followed,1,4,1.2064068306924725,1.0790432963372656
formed,1,4,1.2064068306924725,1.0790432963372656
hpv,1,4,1.2064068306924725,1.0790432963372656
isnt,1,4,1.2064068306924725,1.0790432963372656
keeping,1,4,1.2064068306924725,1.0790432963372656
killer,1,4,1.2064068306924725,1.0790432963372656
killers,1,4,1.2064068306924725,1.0790432963372656
lead,1,4,1.2064068306924725,1.0790432963372656
leaves,1,4,1.2064068306924725,1.0790432963372656
leaving,1,4,1.2064068306924725,1.0790432963372656
method,1,4,1.2064068306924725,1.0790432963372656
moves,1,4,1.2064068306924725,1.0790432963372656
office,1,4,1.2064068306924725,1.0790432963372656
ointment,1,4,1.2064068306924725,1.0790432963372656
prescription,1,4,1.2064068306924725,1.0790432963372656
progressive,1,4,1.2064068306924725,1.0790432963372656
puff,1,4,1.2064068306924725,1.0790432963372656
rubbing,1,4,1.2064068306924725,1.0790432963372656
ruled,1,4,1.2064068306924725,1.0790432963372656
shake,1,4,1.2064068306924725,1.0790432963372656
shoulders,1,4,1.2064068306924725,1.0790432963372656
similar,1,4,1.2064068306924725,1.0790432963372656
smaller,1,4,1.2064068306924725,1.0790432963372656
sweating,1,4,1.2064068306924725,1.0790432963372656
thumb,1,4,1.2064068306924725,1.0790432963372656
undergoing,1,4,1.2064068306924725,1.0790432963372656
unusual,1,4,1.2064068306924725,1.0790432963372656
ups,1,4,1.2064068306924725,1.0790432963372656
valve,1,4,1.2064068306924725,1.0790432963372656
watery,1,4,1.2064068306924725,1.0790432963372656
ways,1,4,1.2064068306924725,1.0790432963372656
15,14,24,0.3591886684259338,1.0680719662254865
seem,14,24,0.3591886684259338,1.0680719662254865
urine,14,24,0.3591886684259338,1.0680719662254865
started,64,91,0.17229678424350503,1.0561413608324348
far,4,9,0.6310680871748939,1.050160913301265
infected,4,9,0.6310680871748939,1.050160913301265
normally,4,9,0.6310680871748939,1.050160913301265
ribs,4,9,0.6310680871748939,1.050160913301265
sent,4,9,0.6310680871748939,1.050160913301265
possible,12,21,0.379797102698868,1.0495303381100212
teeth,17,28,0.31919066561505005,1.0381197407056109
time,96,132,0.13882254944021355,1.034940110582929
touch,10,18,0.4079571260034669,1.0343602211415972
walk,10,18,0.4079571260034669,1.0343602211415972
17,6,12,0.5132959254076539,1.0265919759276452
advised,6,12,0.5132959254076539,1.0265919759276452
antibiotic,6,12,0.5132959254076539,1.0265919759276452
except,6,12,0.5132959254076539,1.0265919759276452
keep,6,12,0.5132959254076539,1.0265919759276452
medical,6,12,0.5132959254076539,1.0265919759276452
16,8,15,0.44876826485243093,1.0250590723005228
asthma,8,15,0.44876826485243093,1.0250590723005228
healthy,8,15,0.44876826485243093,1.0250590723005228
lot,31,47,0.23640007105160876,1.0217158326991111
nothing,20,32,0.2902104589931911,1.0181257518186968
sick,15,25,0.331014271276195,1.0135201897481574
bp,11,19,0.3667106503039266,0.967912476040347
accident,3,7,0.6674213519131378,0.9671855561233543
continued,3,7,0.6674213519131378,0.9671855561233543
cut,3,7,0.6674213519131378,0.9671855561233543
deep,3,7,0.6674213519131378,0.9671855561233543
friends,3,7,0.6674213519131378,0.9671855561233543
great,3,7,0.6674213519131378,0.9671855561233543
grow,3,7,0.6674213519131378,0.9671855561233543
january,3,7,0.6674213519131378,0.9671855561233543
lbs,3,7,0.6674213519131378,0.9671855561233543
minute,3,7,0.6674213519131378,0.9671855561233543
non,3,7,0.6674213519131378,0.9671855561233543
raised,3,7,0.6674213519131378,0.9671855561233543
allergy,9,16,0.3955202360763259,0.9492486748784997
than,19,30,0.2769508579545805,0.9445874029787293
meds,5,10,0.5132815546435054,0.937119733640113
above,7,13,0.4391844443091486,0.9368125459988547
comes,7,13,0.4391844443091486,0.9368125459988547
happens,7,13,0.4391844443091486,0.9368125459988547
stone,7,13,0.4391844443091486,0.9368125459988547
stress,7,13,0.4391844443091486,0.9368125459988547
such,7,13,0.4391844443091486,0.9368125459988547
5,74,102,0.14121072840026372,0.9247564084637828
off,31,46,0.21487596158670552,0.9247030265080863
day,111,149,0.11476785369701581,0.9153522505639419
twice,17,27,0.28280512667641844,0.9134132969831166
advice,26,39,0.2256686959566334,0.8913200261665002
who,15,24,0.2901743839593678,0.8816131614894687
aches,2,5,0.7363998354267718,0.8801662756411788
affected,2,5,0.7363998354267718,0.8801662756411788
angioplasty,2,5,0.7363998354267718,0.8801662756411788
anti,2,5,0.7363998354267718,0.8801662756411788
becoming,2,5,0.7363998354267718,0.8801662756411788
bug,2,5,0.7363998354267718,0.8801662756411788
center,2,5,0.7363998354267718,0.8801662756411788
complete,2,5,0.7363998354267718,0.8801662756411788
died,2,5,0.7363998354267718,0.8801662756411788
everytime,2,5,0.7363998354267718,0.8801662756411788
extracted,2,5,0.7363998354267718,0.8801662756411788
feelings,2,5,0.7363998354267718,0.8801662756411788
issue,2,5,0.7363998354267718,0.8801662756411788
lose,2,5,0.7363998354267718,0.8801662756411788
med,2,5,0.7363998354267718,0.8801662756411788
operation,2,5,0.7363998354267718,0.8801662756411788
panic,2,5,0.7363998354267718,0.8801662756411788
pediatrician,2,5,0.7363998354267718,0.8801662756411788
poor,2,5,0.7363998354267718,0.8801662756411788
post,2,5,0.7363998354267718,0.8801662756411788
procedure,2,5,0.7363998354267718,0.8801662756411788
process,2,5,0.7363998354267718,0.8801662756411788
sneezing,2,5,0.7363998354267718,0.8801662756411788
spotting,2,5,0.7363998354267718,0.8801662756411788
std,2,5,0.7363998354267718,0.8801662756411788
stiff,2,5,0.7363998354267718,0.8801662756411788
suffers,2,5,0.7363998354267718,0.8801662756411788
swell,2,5,0.7363998354267718,0.8801662756411788
total,2,5,0.7363998354267718,0.8801662756411788
vitamin,2,5,0.7363998354267718,0.8801662756411788
doctors,18,28,0.2620108346163317,0.867272647241036
morning,46,65,0.1659863868408058,0.8614828201054281
tried,21,32,0.24139887435901208,0.8595714623335025
continue,8,14,0.37975751073714115,0.8568486011231823
level,8,14,0.37975751073714115,0.8568486011231823
whether,8,14,0.37975751073714115,0.8568486011231823
myself,13,21,0.29973298552644057,0.8493299753042852
depression,6,11,0.4262666715306054,0.8399026185974958
eye,6,11,0.4262666715306054,0.8399026185974958
hope,6,11,0.4262666715306054,0.8399026185974958
room,6,11,0.4262666715306054,0.8399026185974958
behind,4,8,0.5132671847015988,0.838161904970586
cells,4,8,0.5132671847015988,0.838161904970586
jaw,4,8,0.5132671847015988,0.838161904970586
oct,4,8,0.5132671847015988,0.838161904970586
oral,4,8,0.5132671847015988,0.838161904970586
person,4,8,0.5132671847015988,0.838161904970586
present,4,8,0.5132671847015988,0.838161904970586
sit,4,8,0.5132671847015988,0.838161904970586
treatments,4,8,0.5132671847015988,0.838161904970586
8,28,41,0.20156409499863237,0.8221661971597924
25,11,18,0.3126255412217205,0.8168796937365
showed,11,18,0.3126255412217205,0.8168796937365
thought,14,22,0.27214150802853965,0.7960107660993081
103,1,3,0.9187069688562328,0.7956237029484595
130,1,3,0.9187069688562328,0.7956237029484595
2000,1,3,0.9187069688562328,0.7956237029484595
200mg,1,3,0.9187069688562328,0.7956237029484595
25mg,1,3,0.9187069688562328,0.7956237029484595
500mg,1,3,0.9187069688562328,0.7956237029484595
77,1,3,0.9187069688562328,0.7956237029484595
7days,1,3,0.9187069688562328,0.7956237029484595
87,1,3,0.9187069688562328,0.7956237029484595
accidentally,1,3,0.9187069688562328,0.7956237029484595
across,1,3,0.9187069688562328,0.7956237029484595
activities,1,3,0.9187069688562328,0.7956237029484595
acute,1,3,0.9187069688562328,0.7956237029484595
anywhere,1,3,0.9187069688562328,0.7956237029484595
appearing,1,3,0.9187069688562328,0.7956237029484595
asap,1,3,0.9187069688562328,0.7956237029484595
aspect,1,3,0.9187069688562328,0.7956237029484595
banana,1,3,0.9187069688562328,0.7956237029484595
blurry,1,3,0.9187069688562328,0.7956237029484595
bruised,1,3,0.9187069688562328,0.7956237029484595
cancerous,1,3,0.9187069688562328,0.7956237029484595
car,1,3,0.9187069688562328,0.7956237029484595
cleaned,1,3,0.9187069688562328,0.7956237029484595
complaints,1,3,0.9187069688562328,0.7956237029484595
complications,1,3,0.9187069688562328,0.7956237029484595
constipated,1,3,0.9187069688562328,0.7956237029484595
continuing,1,3,0.9187069688562328,0.7956237029484595
decrease,1,3,0.9187069688562328,0.7956237029484595
desperate,1,3,0.9187069688562328,0.7956237029484595
diabetes,1,3,0.9187069688562328,0.7956237029484595
direct,1,3,0.9187069688562328,0.7956237029484595
eeg,1,3,0.9187069688562328,0.7956237029484595
elbow,1,3,0.9187069688562328,0.7956237029484595
endo,1,3,0.9187069688562328,0.7956237029484595
extraction,1,3,0.9187069688562328,0.7956237029484595
fertomid,1,3,0.9187069688562328,0.7956237029484595
figure,1,3,0.9187069688562328,0.7956237029484595
filled,1,3,0.9187069688562328,0.7956237029484595
fit,1,3,0.9187069688562328,0.7956237029484595
form,1,3,0.9187069688562328,0.7956237029484595
genital,1,3,0.9187069688562328,0.7956237029484595
gives,1,3,0.9187069688562328,0.7956237029484595
gland,1,3,0.9187069688562328,0.7956237029484595
glands,1,3,0.9187069688562328,0.7956237029484595
harder,1,3,0.9187069688562328,0.7956237029484595
hearing,1,3,0.9187069688562328,0.7956237029484595
heat,1,3,0.9187069688562328,0.7956237029484595
hemoglobin,1,3,0.9187069688562328,0.7956237029484595
hep,1,3,0.9187069688562328,0.7956237029484595
hx,1,3,0.9187069688562328,0.7956237029484595
improved,1,3,0.9187069688562328,0.7956237029484595
inflammation,1,3,0.9187069688562328,0.7956237029484595
insert,1,3,0.9187069688562328,0.7956237029484595
itches,1,3,0.9187069688562328,0.7956237029484595
lift,1,3,0.9187069688562328,0.7956237029484595
main,1,3,0.9187069688562328,0.7956237029484595
minimal,1,3,0.9187069688562328,0.7956237029484595
needles,1,3,0.9187069688562328,0.7956237029484595
none,1,3,0.9187069688562328,0.7956237029484595
obvious,1,3,0.9187069688562328,0.7956237029484595
occur,1,3,0.9187069688562328,0.7956237029484595
online,1,3,0.9187069688562328,0.7956237029484595
operated,1,3,0.9187069688562328,0.7956237029484595
paracetamol,1,3,0.9187069688562328,0.7956237029484595
pcp,1,3,0.9187069688562328,0.7956237029484595
places,1,3,0.9187069688562328,0.7956237029484595
poop,1,3,0.9187069688562328,0.7956237029484595
proceed,1,3,0.9187069688562328,0.7956237029484595
resulted,1,3,0.9187069688562328,0.7956237029484595
rub,1,3,0.9187069688562328,0.7956237029484595
shaky,1,3,0.9187069688562328,0.7956237029484595
spasms,1,3,0.9187069688562328,0.7956237029484595
stabbing,1,3,0.9187069688562328,0.7956237029484595
strength,1,3,0.9187069688562328,0.7956237029484595
stretch,1,3,0.9187069688562328,0.7956237029484595
symptons,1,3,0.9187069688562328,0.7956237029484595
third,1,3,0.9187069688562328,0.7956237029484595
treating,1,3,0.9187069688562328,0.7956237029484595
underneath,1,3,0.9187069688562328,0.7956237029484595
urologist,1,3,0.9187069688562328,0.7956237029484595
weather,1,3,0.9187069688562328,0.7956237029484595
hot,7,12,0.35912385704968486,0.7551046557583821
after,127,166,0.08811389174584239,0.7474231091717096
active,5,9,0.4079031669736093,0.7313063864834051
everyday,5,9,0.4079031669736093,0.7313063864834051
ray,5,9,0.4079031669736093,0.7313063864834051
sgot,5,9,0.4079031669736093,0.7313063864834051
specialist,5,9,0.4079031669736093,0.7313063864834051
ultrasound,5,9,0.4079031669736093,0.7313063864834051
2014,3,6,0.513252815581863,0.7258491811823997
children,3,6,0.513252815581863,0.7258491811823997
flu,3,6,0.513252815581863,0.7258491811823997
frequently,3,6,0.513252815581863,0.7258491811823997
h,3,6,0.513252815581863,0.7258491811823997
itch,3,6,0.513252815581863,0.7258491811823997
perfect,3,6,0.513252815581863,0.7258491811823997
queries,3,6,0.513252815581863,0.7258491811823997
rate,3,6,0.513252815581863,0.7258491811823997
recommended,3,6,0.513252815581863,0.7258491811823997
steps,3,6,0.513252815581863,0.7258491811823997
thinks,3,6,0.513252815581863,0.7258491811823997
thursday,3,6,0.513252815581863,0.7258491811823997
wednesday,3,6,0.513252815581863,0.7258491811823997
brain,10,16,0.2901383179559698,0.7197446633041468
full,10,16,0.2901383179559698,0.7197446633041468
itching,10,16,0.2901383179559698,0.7197446633041468
hospital,28,40,0.17685358069205126,0.7177421599331708
same,22,32,0.19485743712477355,0.7035686524148013
best,8,13,0.3056316568468471,0.6801511011168773
diet,8,13,0.3056316568468471,0.6801511011168773
finger,8,13,0.3056316568468471,0.6801511011168773
wake,8,13,0.3056316568468471,0.6801511011168773
weight,26,37,0.17298916136193476,0.6759836620690151
good,33,46,0.15231274516650206,0.6676650306739514
abdominal,11,17,0.25544924025916416,0.6601558093069378
evening,11,17,0.25544924025916416,0.6601558093069378
serious,11,17,0.25544924025916416,0.6601558093069378
around,37,51,0.1410904292666375,0.6533444607218349
dentist,6,10,0.33093861604551833,0.6408599450936225
drug,6,10,0.33093861604551833,0.6408599450936225
sitting,6,10,0.33093861604551833,0.6408599450936225
thoughts,6,10,0.33093861604551833,0.6408599450936225
times,45,61,0.12440168247445182,0.6330595141298933
night,38,52,0.1338367411672392,0.6271156127481047
below,9,14,0.26195307557274994,0.6131191809896743
big,9,14,0.26195307557274994,0.6131191809896743
button,4,7,0.37971792712802,0.6058203027044692
five,4,7,0.37971792712802,0.6058203027044692
foods,4,7,0.37971792712802,0.6058203027044692
four,4,7,0.37971792712802,0.6058203027044692
inner,4,7,0.37971792712802,0.6058203027044692
nausea,4,7,0.37971792712802,0.6058203027044692
needs,4,7,0.37971792712802,0.6058203027044692
notice,4,7,0.37971792712802,0.6058203027044692
pulled,4,7,0.37971792712802,0.6058203027044692
sensation,4,7,0.37971792712802,0.6058203027044692
stroke,4,7,0.37971792712802,0.6058203027044692
treat,4,7,0.37971792712802,0.6058203027044692
kind,12,18,0.22559275613655494,0.6053289494794971
light,12,18,0.22559275613655494,0.6053289494794971
regular,12,18,0.22559275613655494,0.6053289494794971
120,2,4,0.5132384472842251,0.5926367836215788
400,2,4,0.5132384472842251,0.5926367836215788
80,2,4,0.5132384472842251,0.5926367836215788
8th,2,4,0.5132384472842251,0.5926367836215788
appetite,2,4,0.5132384472842251,0.5926367836215788
block,2,4,0.5132384472842251,0.5926367836215788
constipation,2,4,0.5132384472842251,0.5926367836215788
cord,2,4,0.5132384472842251,0.5926367836215788
decided,2,4,0.5132384472842251,0.5926367836215788
decreased,2,4,0.5132384472842251,0.5926367836215788
detected,2,4,0.5132384472842251,0.5926367836215788
duphaston,2,4,0.5132384472842251,0.5926367836215788
fasting,2,4,0.5132384472842251,0.5926367836215788
forgot,2,4,0.5132384472842251,0.5926367836215788
frequent,2,4,0.5132384472842251,0.5926367836215788
functioning,2,4,0.5132384472842251,0.5926367836215788
mum,2,4,0.5132384472842251,0.5926367836215788
nervous,2,4,0.5132384472842251,0.5926367836215788
ones,2,4,0.5132384472842251,0.5926367836215788
picked,2,4,0.5132384472842251,0.5926367836215788
possibility,2,4,0.5132384472842251,0.5926367836215788
previous,2,4,0.5132384472842251,0.5926367836215788
ran,2,4,0.5132384472842251,0.5926367836215788
scrotum,2,4,0.5132384472842251,0.5926367836215788
send,2,4,0.5132384472842251,0.5926367836215788
september,2,4,0.5132384472842251,0.5926367836215788
serum,2,4,0.5132384472842251,0.5926367836215788
slipped,2,4,0.5132384472842251,0.5926367836215788
suppose,2,4,0.5132384472842251,0.5926367836215788
ten,2,4,0.5132384472842251,0.5926367836215788
testes,2,4,0.5132384472842251,0.5926367836215788
tomorrow,2,4,0.5132384472842251,0.5926367836215788
touching,2,4,0.5132384472842251,0.5926367836215788
unbearable,2,4,0.5132384472842251,0.5926367836215788
urea,2,4,0.5132384472842251,0.5926367836215788
weighs,2,4,0.5132384472842251,0.5926367836215788
doing,19,27,0.17153665550456587,0.5728445029970837
dear,7,11,0.27209460158988996,0.5627675949966217
stage,7,11,0.27209460158988996,0.5627675949966217
starting,7,11,0.27209460158988996,0.5627675949966217
er,13,19,0.19961374773861262,0.5545797165892427
please,93,120,0.07511026395031983,0.5436778346281054
take,85,110,0.07803951477339943,0.540384774228097
checked,17,24,0.1649684097359243,0.5204020347617462
hour,5,8,0.29010226097958025,0.5088730840177416
lungs,5,8,0.29010226097958025,0.5088730840177416
motion,5,8,0.29010226097958025,0.5088730840177416
strange,5,8,0.29010226097958025,0.5088730840177416
sudden,5,8,0.29010226097958025,0.5088730840177416
tender,5,8,0.29010226097958025,0.5088730840177416
wait,5,8,0.29010226097958025,0.5088730840177416
says,21,29,0.14290511112224014,0.4987368416417467
chance,8,12,0.22557106847134456,0.49420150228774157
ml,8,12,0.22557106847134456,0.49420150228774157
show,8,12,0.22557106847134456,0.49420150228774157
53,3,5,0.3309134053897864,0.45312189185063984
afternoon,3,5,0.3309134053897864,0.45312189185063984
anyone,3,5,0.3309134053897864,0.45312189185063984
behavior,3,5,0.3309134053897864,0.45312189185063984
bend,3,5,0.3309134053897864,0.45312189185063984
childhood,3,5,0.3309134053897864,0.45312189185063984
chin,3,5,0.3309134053897864,0.45312189185063984
cured,3,5,0.3309134053897864,0.45312189185063984
fits,3,5,0.3309134053897864,0.45312189185063984
laying,3,5,0.3309134053897864,0.45312189185063984
nail,3,5,0.3309134053897864,0.45312189185063984
nor,3,5,0.3309134053897864,0.45312189185063984
okay,3,5,0.3309134053897864,0.45312189185063984
pennis,3,5,0.3309134053897864,0.45312189185063984
pimple,3,5,0.3309134053897864,0.45312189185063984
theres,3,5,0.3309134053897864,0.45312189185063984
tummy,3,5,0.3309134053897864,0.45312189185063984
visit,3,5,0.3309134053897864,0.45312189185063984
wisdom,3,5,0.3309134053897864,0.45312189185063984
yellow,3,5,0.3309134053897864,0.45312189185063984
ache,9,13,0.18782722086402792,0.4331518447229098
lots,9,13,0.18782722086402792,0.4331518447229098
new,9,13,0.18782722086402792,0.4331518447229098
them,23,31,0.11861765611560227,0.4310198459829984
beat,6,9,0.22556022620901928,0.42797048382108255
happened,6,9,0.22556022620901928,0.42797048382108255
increased,6,9,0.22556022620901928,0.42797048382108255
positive,6,9,0.22556022620901928,0.42797048382108255
now,217,270,0.038770989712213044,0.42525967132759757
mild,16,22,0.13856728659039064,0.421735627174978
09,1,2,0.5132240798086141,0.4190457574832604
19th,1,2,0.5132240798086141,0.4190457574832604
27th,1,2,0.5132240798086141,0.4190457574832604
29th,1,2,0.5132240798086141,0.4190457574832604
33yrs,1,2,0.5132240798086141,0.4190457574832604
5ml,1,2,0.5132240798086141,0.4190457574832604
625,1,2,0.5132240798086141,0.4190457574832604
6mm,1,2,0.5132240798086141,0.4190457574832604
73,1,2,0.5132240798086141,0.4190457574832604
ability,1,2,0.5132240798086141,0.4190457574832604
abscess,1,2,0.5132240798086141,0.4190457574832604
according,1,2,0.5132240798086141,0.4190457574832604
ad,1,2,0.5132240798086141,0.4190457574832604
adjusted,1,2,0.5132240798086141,0.4190457574832604
ahead,1,2,0.5132240798086141,0.4190457574832604
allopathy,1,2,0.5132240798086141,0.4190457574832604
approach,1,2,0.5132240798086141,0.4190457574832604
assistance,1,2,0.5132240798086141,0.4190457574832604
aunty,1,2,0.5132240798086141,0.4190457574832604
awaken,1,2,0.5132240798086141,0.4190457574832604
ayurveda,1,2,0.5132240798086141,0.4190457574832604
benefits,1,2,0.5132240798086141,0.4190457574832604
bites,1,2,0.5132240798086141,0.4190457574832604
bitten,1,2,0.5132240798086141,0.4190457574832604
bloating,1,2,0.5132240798086141,0.4190457574832604
blue,1,2,0.5132240798086141,0.4190457574832604
breasts,1,2,0.5132240798086141,0.4190457574832604
bring,1,2,0.5132240798086141,0.4190457574832604
burn,1,2,0.5132240798086141,0.4190457574832604
bypass,1,2,0.5132240798086141,0.4190457574832604
calling,1,2,0.5132240798086141,0.4190457574832604
cat,1,2,0.5132240798086141,0.4190457574832604
cavity,1,2,0.5132240798086141,0.4190457574832604
checkup,1,2,0.5132240798086141,0.4190457574832604
chemical,1,2,0.5132240798086141,0.4190457574832604
chills,1,2,0.5132240798086141,0.4190457574832604
cigarette,1,2,0.5132240798086141,0.4190457574832604
class,1,2,0.5132240798086141,0.4190457574832604
cleaning,1,2,0.5132240798086141,0.4190457574832604
cleared,1,2,0.5132240798086141,0.4190457574832604
clothes,1,2,0.5132240798086141,0.4190457574832604
coconut,1,2,0.5132240798086141,0.4190457574832604
concussion,1,2,0.5132240798086141,0.4190457574832604
conditions,1,2,0.5132240798086141,0.4190457574832604
cr,1,2,0.5132240798086141,0.4190457574832604
curious,1,2,0.5132240798086141,0.4190457574832604
deal,1,2,0.5132240798086141,0.4190457574832604
disappears,1,2,0.5132240798086141,0.4190457574832604
discolored,1,2,0.5132240798086141,0.4190457574832604
discovered,1,2,0.5132240798086141,0.4190457574832604
discuss,1,2,0.5132240798086141,0.4190457574832604
diseases,1,2,0.5132240798086141,0.4190457574832604
drew,1,2,0.5132240798086141,0.4190457574832604
driving,1,2,0.5132240798086141,0.4190457574832604
dysfunction,1,2,0.5132240798086141,0.4190457574832604
easy,1,2,0.5132240798086141,0.4190457574832604
ectopic,1,2,0.5132240798086141,0.4190457574832604
effected,1,2,0.5132240798086141,0.4190457574832604
eggs,1,2,0.5132240798086141,0.4190457574832604
esp,1,2,0.5132240798086141,0.4190457574832604
eventually,1,2,0.5132240798086141,0.4190457574832604
excellent,1,2,0.5132240798086141,0.4190457574832604
exercises,1,2,0.5132240798086141,0.4190457574832604
exhausted,1,2,0.5132240798086141,0.4190457574832604
fourth,1,2,0.5132240798086141,0.4190457574832604
frontal,1,2,0.5132240798086141,0.4190457574832604
germ,1,2,0.5132240798086141,0.4190457574832604
heights,1,2,0.5132240798086141,0.4190457574832604
hence,1,2,0.5132240798086141,0.4190457574832604
hips,1,2,0.5132240798086141,0.4190457574832604
hsv,1,2,0.5132240798086141,0.4190457574832604
huge,1,2,0.5132240798086141,0.4190457574832604
husbands,1,2,0.5132240798086141,0.4190457574832604
immediate,1,2,0.5132240798086141,0.4190457574832604
inhalers,1,2,0.5132240798086141,0.4190457574832604
insurance,1,2,0.5132240798086141,0.4190457574832604
internal,1,2,0.5132240798086141,0.4190457574832604
iron,1,2,0.5132240798086141,0.4190457574832604
itself,1,2,0.5132240798086141,0.4190457574832604
lie,1,2,0.5132240798086141,0.4190457574832604
loosing,1,2,0.5132240798086141,0.4190457574832604
lumbar,1,2,0.5132240798086141,0.4190457574832604
mask,1,2,0.5132240798086141,0.4190457574832604
mistake,1,2,0.5132240798086141,0.4190457574832604
mood,1,2,0.5132240798086141,0.4190457574832604
neither,1,2,0.5132240798086141,0.4190457574832604
num,1,2,0.5132240798086141,0.4190457574832604
odd,1,2,0.5132240798086141,0.4190457574832604
odor,1,2,0.5132240798086141,0.4190457574832604
opening,1,2,0.5132240798086141,0.4190457574832604
overnight,1,2,0.5132240798086141,0.4190457574832604
ovulate,1,2,0.5132240798086141,0.4190457574832604
papaya,1,2,0.5132240798086141,0.4190457574832604
partially,1,2,0.5132240798086141,0.4190457574832604
particular,1,2,0.5132240798086141,0.4190457574832604
pay,1,2,0.5132240798086141,0.4190457574832604
ped,1,2,0.5132240798086141,0.4190457574832604
perhaps,1,2,0.5132240798086141,0.4190457574832604
pins,1,2,0.5132240798086141,0.4190457574832604
placed,1,2,0.5132240798086141,0.4190457574832604
platlet,1,2,0.5132240798086141,0.4190457574832604
preventive,1,2,0.5132240798086141,0.4190457574832604
protect,1,2,0.5132240798086141,0.4190457574832604
pubic,1,2,0.5132240798086141,0.4190457574832604
pulling,1,2,0.5132240798086141,0.4190457574832604
rapid,1,2,0.5132240798086141,0.4190457574832604
reappears,1,2,0.5132240798086141,0.4190457574832604
released,1,2,0.5132240798086141,0.4190457574832604
remains,1,2,0.5132240798086141,0.4190457574832604
response,1,2,0.5132240798086141,0.4190457574832604
runs,1,2,0.5132240798086141,0.4190457574832604
sack,1,2,0.5132240798086141,0.4190457574832604
scary,1,2,0.5132240798086141,0.4190457574832604
schedule,1,2,0.5132240798086141,0.4190457574832604
scoliosis,1,2,0.5132240798086141,0.4190457574832604
set,1,2,0.5132240798086141,0.4190457574832604
severely,1,2,0.5132240798086141,0.4190457574832604
shots,1,2,0.5132240798086141,0.4190457574832604
sized,1,2,0.5132240798086141,0.4190457574832604
slept,1,2,0.5132240798086141,0.4190457574832604
slowly,1,2,0.5132240798086141,0.4190457574832604
soar,1,2,0.5132240798086141,0.4190457574832604
sores,1,2,0.5132240798086141,0.4190457574832604
staying,1,2,0.5132240798086141,0.4190457574832604
stopping,1,2,0.5132240798086141,0.4190457574832604
stops,1,2,0.5132240798086141,0.4190457574832604
store,1,2,0.5132240798086141,0.4190457574832604
strain,1,2,0.5132240798086141,0.4190457574832604
summer,1,2,0.5132240798086141,0.4190457574832604
surgical,1,2,0.5132240798086141,0.4190457574832604
swolen,1,2,0.5132240798086141,0.4190457574832604
tachycardia,1,2,0.5132240798086141,0.4190457574832604
teacher,1,2,0.5132240798086141,0.4190457574832604
tears,1,2,0.5132240798086141,0.4190457574832604
temple,1,2,0.5132240798086141,0.4190457574832604
testicals,1,2,0.5132240798086141,0.4190457574832604
testies,1,2,0.5132240798086141,0.4190457574832604
tips,1,2,0.5132240798086141,0.4190457574832604
toddler,1,2,0.5132240798086141,0.4190457574832604
trust,1,2,0.5132240798086141,0.4190457574832604
ulcers,1,2,0.5132240798086141,0.4190457574832604
underweight,1,2,0.5132240798086141,0.4190457574832604
unwell,1,2,0.5132240798086141,0.4190457574832604
vacation,1,2,0.5132240798086141,0.4190457574832604
village,1,2,0.5132240798086141,0.4190457574832604
washing,1,2,0.5132240798086141,0.4190457574832604
wind,1,2,0.5132240798086141,0.4190457574832604
worries,1,2,0.5132240798086141,0.4190457574832604
yo,1,2,0.5132240798086141,0.4190457574832604
11,13,18,0.14552863786296832,0.39983019688296445
nose,17,23,0.12239090264154129,0.38265515209450335
why,21,28,0.10779589545937807,0.37341597349003464
if,123,154,0.04495201854702735,0.37172543067807795
see,33,43,0.08481775367746636,0.3664976647911637
yes,7,10,0.1767665446697766,0.35869446657155274
tired,14,19,0.1254843631692264,0.3562652829902375
really,50,64,0.0669969226361431,0.35495840308873483
10mg,4,6,0.2255493849933412,0.34941964163701517
anus,4,6,0.2255493849933412,0.34941964163701517
causes,4,6,0.2255493849933412,0.34941964163701517
gums,4,6,0.2255493849933412,0.34941964163701517
reduce,4,6,0.2255493849933412,0.34941964163701517
sever,4,6,0.2255493849933412,0.34941964163701517
stuff,4,6,0.2255493849933412,0.34941964163701517
waiting,4,6,0.2255493849933412,0.34941964163701517
age,30,39,0.08248214427471989,0.33964746068896196
no,140,174,0.03759038589625252,0.33109349284541434
black,8,11,0.13854181200914262,0.2981572977278706
clear,8,11,0.13854181200914262,0.2981572977278706
minutes,8,11,0.13854181200914262,0.2981572977278706
p,8,11,0.13854181200914262,0.2981572977278706
history,12,16,0.10777394619327829,0.28221846659045347
stopped,12,16,0.10777394619327829,0.28221846659045347
coming,16,21,0.09202937965314906,0.27732901882464267
consult,5,7,0.15655300027216512,0.2673651752322836
sexual,5,7,0.15655300027216512,0.2673651752322836
strong,5,7,0.15655300027216512,0.2673651752322836
understand,5,7,0.15655300027216512,0.2673651752322836
00,2,3,0.22553854482416114,0.2470651232696783
42,2,3,0.22553854482416114,0.2470651232696783
afford,2,3,0.22553854482416114,0.2470651232696783
aged,2,3,0.22553854482416114,0.2470651232696783
alright,2,3,0.22553854482416114,0.2470651232696783
avoid,2,3,0.22553854482416114,0.2470651232696783
backpain,2,3,0.22553854482416114,0.2470651232696783
begins,2,3,0.22553854482416114,0.2470651232696783
bones,2,3,0.22553854482416114,0.2470651232696783
capsule,2,3,0.22553854482416114,0.2470651232696783
checking,2,3,0.22553854482416114,0.2470651232696783
city,2,3,0.22553854482416114,0.2470651232696783
drained,2,3,0.22553854482416114,0.2470651232696783
drank,2,3,0.22553854482416114,0.2470651232696783
drs,2,3,0.22553854482416114,0.2470651232696783
everyone,2,3,0.22553854482416114,0.2470651232696783
expect,2,3,0.22553854482416114,0.2470651232696783
follow,2,3,0.22553854482416114,0.2470651232696783
information,2,3,0.22553854482416114,0.2470651232696783
instead,2,3,0.22553854482416114,0.2470651232696783
irritation,2,3,0.22553854482416114,0.2470651232696783
marks,2,3,0.22553854482416114,0.2470651232696783
masturbation,2,3,0.22553854482416114,0.2470651232696783
meals,2,3,0.22553854482416114,0.2470651232696783
mini,2,3,0.22553854482416114,0.2470651232696783
motility,2,3,0.22553854482416114,0.2470651232696783
naturally,2,3,0.22553854482416114,0.2470651232696783
niece,2,3,0.22553854482416114,0.2470651232696783
noticing,2,3,0.22553854482416114,0.2470651232696783
november,2,3,0.22553854482416114,0.2470651232696783
occurs,2,3,0.22553854482416114,0.2470651232696783
play,2,3,0.22553854482416114,0.2470651232696783
quick,2,3,0.22553854482416114,0.2470651232696783
rarely,2,3,0.22553854482416114,0.2470651232696783
round,2,3,0.22553854482416114,0.2470651232696783
rt,2,3,0.22553854482416114,0.2470651232696783
scratched,2,3,0.22553854482416114,0.2470651232696783
sense,2,3,0.22553854482416114,0.2470651232696783
sorry,2,3,0.22553854482416114,0.2470651232696783
sperms,2,3,0.22553854482416114,0.2470651232696783
step,2,3,0.22553854482416114,0.2470651232696783
sticky,2,3,0.22553854482416114,0.2470651232696783
stones,2,3,0.22553854482416114,0.2470651232696783
strokes,2,3,0.22553854482416114,0.2470651232696783
thighs,2,3,0.22553854482416114,0.2470651232696783
tsh,2,3,0.22553854482416114,0.2470651232696783
tues,2,3,0.22553854482416114,0.2470651232696783
tuesday,2,3,0.22553854482416114,0.2470651232696783
turning,2,3,0.22553854482416114,0.2470651232696783
types,2,3,0.22553854482416114,0.2470651232696783
undergone,2,3,0.22553854482416114,0.2470651232696783
vitamins,2,3,0.22553854482416114,0.2470651232696783
young,2,3,0.22553854482416114,0.2470651232696783
younger,2,3,0.22553854482416114,0.2470651232696783
dad,9,12,0.10776663175938062,0.24439177390581696
put,30,38,0.0564887568734429,0.23129169048004022
today,39,49,0.04836268214563244,0.22537172525356608
well,31,39,0.049670892506520126,0.2064268272282764
shes,6,8,0.1077593183192107,0.19953150593977054
wear,6,8,0.1077593183192107,0.19953150593977054
high,27,34,0.050616320760410005,0.1963572947850247
solution,10,13,0.08244530089997326,0.19600796030114812
bit,23,29,0.05189048809050778,0.1858442139553659
scared,19,24,0.05369993765573078,0.174872701219477
spots,15,19,0.05647007745034838,0.16349384155128596
sister,11,14,0.06123956937677555,0.15199262928923915
job,7,9,0.071388153595219,0.14165648997633687
regularly,7,9,0.071388153595219,0.14165648997633687
reports,7,9,0.071388153595219,0.14165648997633687
semen,7,9,0.071388153595219,0.14165648997633687
straight,7,9,0.071388153595219,0.14165648997633687
200,3,4,0.10775200587256784,0.14108050666933006
60,3,4,0.10775200587256784,0.14108050666933006
advance,3,4,0.10775200587256784,0.14108050666933006
anymore,3,4,0.10775200587256784,0.14108050666933006
blocked,3,4,0.10775200587256784,0.14108050666933006
dead,3,4,0.10775200587256784,0.14108050666933006
faint,3,4,0.10775200587256784,0.14108050666933006
finding,3,4,0.10775200587256784,0.14108050666933006
fluids,3,4,0.10775200587256784,0.14108050666933006
ground,3,4,0.10775200587256784,0.14108050666933006
guess,3,4,0.10775200587256784,0.14108050666933006
k,3,4,0.10775200587256784,0.14108050666933006
lying,3,4,0.10775200587256784,0.14108050666933006
monitor,3,4,0.10775200587256784,0.14108050666933006
number,3,4,0.10775200587256784,0.14108050666933006
pale,3,4,0.10775200587256784,0.14108050666933006
playing,3,4,0.10775200587256784,0.14108050666933006
previously,3,4,0.10775200587256784,0.14108050666933006
probably,3,4,0.10775200587256784,0.14108050666933006
read,3,4,0.10775200587256784,0.14108050666933006
recommend,3,4,0.10775200587256784,0.14108050666933006
saturday,3,4,0.10775200587256784,0.14108050666933006
seeing,3,4,0.10775200587256784,0.14108050666933006
spot,3,4,0.10775200587256784,0.14108050666933006
toe,3,4,0.10775200587256784,0.14108050666933006
true,3,4,0.10775200587256784,0.14108050666933006
vaginal,3,4,0.10775200587256784,0.14108050666933006
viral,3,4,0.10775200587256784,0.14108050666933006
female,25,31,0.03519319888440808,0.1309229025105842
food,16,20,0.043221324839453956,0.12886110676918341
throat,16,20,0.043221324839453956,0.12886110676918341
came,39,48,0.027725489631034606,0.12860935603491672
inside,21,26,0.03365213314587745,0.11469910635787003
problems,21,26,0.03365213314587745,0.11469910635787003
worry,12,15,0.04321753920530469,0.11158721755557162
more,55,67,0.017442805168384368,0.09586392439443969
2010,8,10,0.043213754234345814,0.09110260218916004
allergic,8,10,0.043213754234345814,0.09110260218916004
completely,8,10,0.043213754234345814,0.09110260218916004
ve,22,27,0.024868918219016045,0.08658688577379156
30,18,22,0.020741416027761694,0.06526134845182618
able,18,22,0.020741416027761694,0.06526134845182618
anyway,4,5,0.0432099699264068,0.06441362647793208
apply,4,5,0.0432099699264068,0.06441362647793208
changes,4,5,0.0432099699264068,0.06441362647793208
cyst,4,5,0.0432099699264068,0.06441362647793208
depressed,4,5,0.0432099699264068,0.06441362647793208
disorder,4,5,0.0432099699264068,0.06441362647793208
ent,4,5,0.0432099699264068,0.06441362647793208
fruits,4,5,0.0432099699264068,0.06441362647793208
harmful,4,5,0.0432099699264068,0.06441362647793208
heard,4,5,0.0432099699264068,0.06441362647793208
hes,4,5,0.0432099699264068,0.06441362647793208
lasted,4,5,0.0432099699264068,0.06441362647793208
nearly,4,5,0.0432099699264068,0.06441362647793208
permanent,4,5,0.0432099699264068,0.06441362647793208
pulse,4,5,0.0432099699264068,0.06441362647793208
remedy,4,5,0.0432099699264068,0.06441362647793208
seconds,4,5,0.0432099699264068,0.06441362647793208
tight,4,5,0.0432099699264068,0.06441362647793208
ultra,4,5,0.0432099699264068,0.06441362647793208
won,4,5,0.0432099699264068,0.06441362647793208
worst,4,5,0.0432099699264068,0.06441362647793208
ive,23,28,0.016781272264071667,0.05963246642985724
looking,9,11,0.0207373746816657,0.046137750611329256
often,9,11,0.0207373746816657,0.046137750611329256
tested,9,11,0.0207373746816657,0.046137750611329256
hands,14,17,0.0142229511369667,0.03940917948504932
medicines,19,23,0.0111224303109001,0.03587697431620626
hurts,24,29,0.009309449837983763,0.033735779099876774
l5,0,19,15.963844526517423,0.02172753420669722
constant,0,15,15.963772929195002,0.019305334171531182
inhaler,0,15,15.963772929195002,0.019305334171531182
34,0,14,15.963755030665332,0.018650703801585053
developed,0,13,15.963737132456012,0.01797224773251604
l4,0,12,15.963719234567039,0.017267157735560208
appreciated,0,11,15.96370133699839,0.01653202635518846
clot,0,11,15.96370133699839,0.01653202635518846
s1,0,11,15.96370133699839,0.01653202635518846
fatty,0,10,15.963683439750056,0.015762650982228083
fish,0,10,15.963683439750056,0.015762650982228083
major,0,10,15.963683439750056,0.015762650982228083
narrowing,0,10,15.963683439750056,0.015762650982228083
pretty,0,10,15.963683439750056,0.015762650982228083
falling,0,9,15.963665542822033,0.014953746955134975
haven,0,9,15.963665542822033,0.014953746955134975
knees,0,9,15.963665542822033,0.014953746955134975
lymph,0,9,15.963665542822033,0.014953746955134975
noted,0,9,15.963665542822033,0.014953746955134975
reflux,0,9,15.963665542822033,0.014953746955134975
returned,0,9,15.963665542822033,0.014953746955134975
approx,0,8,15.9636476462143,0.014098512029199544
arthritis,0,8,15.9636476462143,0.014098512029199544
bilateral,0,8,15.9636476462143,0.014098512029199544
bowel,0,8,15.9636476462143,0.014098512029199544
compression,0,8,15.9636476462143,0.014098512029199544
damage,0,8,15.9636476462143,0.014098512029199544
platelet,0,8,15.9636476462143,0.014098512029199544
ulcer,0,8,15.9636476462143,0.014098512029199544
add,0,7,15.963629749926852,0.01318793563459364
alcohol,0,7,15.963629749926852,0.01318793563459364
allergies,0,7,15.963629749926852,0.01318793563459364
balance,0,7,15.963629749926852,0.01318793563459364
biopsy,0,7,15.963629749926852,0.01318793563459364
bruise,0,7,15.963629749926852,0.01318793563459364
creatinine,0,7,15.963629749926852,0.01318793563459364
fracture,0,7,15.963629749926852,0.01318793563459364
gall,0,7,15.963629749926852,0.01318793563459364
intense,0,7,15.963629749926852,0.01318793563459364
knot,0,7,15.963629749926852,0.01318793563459364
likely,0,7,15.963629749926852,0.01318793563459364
massive,0,7,15.963629749926852,0.01318793563459364
movements,0,7,15.963629749926852,0.01318793563459364
muscles,0,7,15.963629749926852,0.01318793563459364
neurologist,0,7,15.963629749926852,0.01318793563459364
numbness,0,7,15.963629749926852,0.01318793563459364
prostate,0,7,15.963629749926852,0.01318793563459364
reduced,0,7,15.963629749926852,0.01318793563459364
54,0,6,15.96361185395968,0.012209642197424599
aching,0,6,15.96361185395968,0.012209642197424599
bright,0,6,15.96361185395968,0.012209642197424599
concor,0,6,15.96361185395968,0.012209642197424599
elevated,0,6,15.96361185395968,0.012209642197424599
enzymes,0,6,15.96361185395968,0.012209642197424599
episodes,0,6,15.96361185395968,0.012209642197424599
experience,0,6,15.96361185395968,0.012209642197424599
general,0,6,15.96361185395968,0.012209642197424599
helps,0,6,15.96361185395968,0.012209642197424599
hernia,0,6,15.96361185395968,0.012209642197424599
hypertension,0,6,15.96361185395968,0.012209642197424599
molars,0,6,15.96361185395968,0.012209642197424599
mono,0,6,15.96361185395968,0.012209642197424599
neural,0,6,15.96361185395968,0.012209642197424599
nodes,0,6,15.96361185395968,0.012209642197424599
palpitations,0,6,15.96361185395968,0.012209642197424599
psychiatrist,0,6,15.96361185395968,0.012209642197424599
rays,0,6,15.96361185395968,0.012209642197424599
run,0,6,15.96361185395968,0.012209642197424599
somewhat,0,6,15.96361185395968,0.012209642197424599
surgeon,0,6,15.96361185395968,0.012209642197424599
tightness,0,6,15.96361185395968,0.012209642197424599
tingling,0,6,15.96361185395968,0.012209642197424599
volume,0,6,15.96361185395968,0.012209642197424599
44,0,5,15.96359395831276,0.011145814922882294
alt,0,5,15.96359395831276,0.011145814922882294
anterior,0,5,15.96359395831276,0.011145814922882294
aspirin,0,5,15.96359395831276,0.011145814922882294
bph,0,5,15.96359395831276,0.011145814922882294
cap,0,5,15.96359395831276,0.011145814922882294
cardiologist,0,5,15.96359395831276,0.011145814922882294
cigarettes,0,5,15.96359395831276,0.011145814922882294
clogged,0,5,15.96359395831276,0.011145814922882294
comfortable,0,5,15.96359395831276,0.011145814922882294
company,0,5,15.96359395831276,0.011145814922882294
constantly,0,5,15.96359395831276,0.011145814922882294
couch,0,5,15.96359395831276,0.011145814922882294
gradually,0,5,15.96359395831276,0.011145814922882294
holes,0,5,15.96359395831276,0.011145814922882294
impression,0,5,15.96359395831276,0.011145814922882294
indicate,0,5,15.96359395831276,0.011145814922882294
lightheaded,0,5,15.96359395831276,0.011145814922882294
miles,0,5,15.96359395831276,0.011145814922882294
morphine,0,5,15.96359395831276,0.011145814922882294
movement,0,5,15.96359395831276,0.011145814922882294
multiple,0,5,15.96359395831276,0.011145814922882294
node,0,5,15.96359395831276,0.011145814922882294
occasional,0,5,15.96359395831276,0.011145814922882294
paper,0,5,15.96359395831276,0.011145814922882294
pelvis,0,5,15.96359395831276,0.011145814922882294
physician,0,5,15.96359395831276,0.011145814922882294
piece,0,5,15.96359395831276,0.011145814922882294
replacement,0,5,15.96359395831276,0.011145814922882294
shivering,0,5,15.96359395831276,0.011145814922882294
signal,0,5,15.96359395831276,0.011145814922882294
solid,0,5,15.96359395831276,0.011145814922882294
stents,0,5,15.96359395831276,0.011145814922882294
supplements,0,5,15.96359395831276,0.011145814922882294
throbbing,0,5,15.96359395831276,0.011145814922882294
urination,0,5,15.96359395831276,0.011145814922882294
various,0,5,15.96359395831276,0.011145814922882294
vein,0,5,15.96359395831276,0.011145814922882294
vertebral,0,5,15.96359395831276,0.011145814922882294
wall,0,5,15.96359395831276,0.011145814922882294
woman,0,5,15.96359395831276,0.011145814922882294
2007,0,4,15.96357606298609,0.009969108757409027
49,0,4,15.96357606298609,0.009969108757409027
51,0,4,15.96357606298609,0.009969108757409027
56,0,4,15.96357606298609,0.009969108757409027
74,0,4,15.96357606298609,0.009969108757409027
76,0,4,15.96357606298609,0.009969108757409027
86,0,4,15.96357606298609,0.009969108757409027
88,0,4,15.96357606298609,0.009969108757409027
alternative,0,4,15.96357606298609,0.009969108757409027
angina,0,4,15.96357606298609,0.009969108757409027
annular,0,4,15.96357606298609,0.009969108757409027
areas,0,4,15.96357606298609,0.009969108757409027
asthama,0,4,15.96357606298609,0.009969108757409027
attacks,0,4,15.96357606298609,0.009969108757409027
base,0,4,15.96357606298609,0.009969108757409027
bodies,0,4,15.96357606298609,0.009969108757409027
bothering,0,4,15.96357606298609,0.009969108757409027
build,0,4,15.96357606298609,0.009969108757409027
chiari,0,4,15.96357606298609,0.009969108757409027
cms,0,4,15.96357606298609,0.009969108757409027
contrast,0,4,15.96357606298609,0.009969108757409027
discs,0,4,15.96357606298609,0.009969108757409027
diverticulitis,0,4,15.96357606298609,0.009969108757409027
eaten,0,4,15.96357606298609,0.009969108757409027
ecosprin,0,4,15.96357606298609,0.009969108757409027
endoscopy,0,4,15.96357606298609,0.009969108757409027
enlarged,0,4,15.96357606298609,0.009969108757409027
fix,0,4,15.96357606298609,0.009969108757409027
flying,0,4,15.96357606298609,0.009969108757409027
foramina,0,4,15.96357606298609,0.009969108757409027
forearms,0,4,15.96357606298609,0.009969108757409027
fusion,0,4,15.96357606298609,0.009969108757409027
garlic,0,4,15.96357606298609,0.009969108757409027
gastro,0,4,15.96357606298609,0.009969108757409027
grandson,0,4,15.96357606298609,0.009969108757409027
harm,0,4,15.96357606298609,0.009969108757409027
hepatitis,0,4,15.96357606298609,0.009969108757409027
higher,0,4,15.96357606298609,0.009969108757409027
humog,0,4,15.96357606298609,0.009969108757409027
illness,0,4,15.96357606298609,0.009969108757409027
info,0,4,15.96357606298609,0.009969108757409027
intake,0,4,15.96357606298609,0.009969108757409027
l2,0,4,15.96357606298609,0.009969108757409027
lab,0,4,15.96357606298609,0.009969108757409027
noticeable,0,4,15.96357606298609,0.009969108757409027
partial,0,4,15.96357606298609,0.009969108757409027
pea,0,4,15.96357606298609,0.009969108757409027
pink,0,4,15.96357606298609,0.009969108757409027
posterior,0,4,15.96357606298609,0.009969108757409027
profile,0,4,15.96357606298609,0.009969108757409027
prolapse,0,4,15.96357606298609,0.009969108757409027
puffy,0,4,15.96357606298609,0.009969108757409027
recall,0,4,15.96357606298609,0.009969108757409027
received,0,4,15.96357606298609,0.009969108757409027
return,0,4,15.96357606298609,0.009969108757409027
ringworm,0,4,15.96357606298609,0.009969108757409027
saudi,0,4,15.96357606298609,0.009969108757409027
sensitive,0,4,15.96357606298609,0.009969108757409027
shoes,0,4,15.96357606298609,0.009969108757409027
significant,0,4,15.96357606298609,0.009969108757409027
space,0,4,15.96357606298609,0.009969108757409027
strep,0,4,15.96357606298609,0.009969108757409027
subluxation,0,4,15.96357606298609,0.009969108757409027
tall,0,4,15.96357606298609,0.009969108757409027
testicles,0,4,15.96357606298609,0.009969108757409027
testing,0,4,15.96357606298609,0.009969108757409027
uncle,0,4,15.96357606298609,0.009969108757409027
waking,0,4,15.96357606298609,0.009969108757409027
walked,0,4,15.96357606298609,0.009969108757409027
whiteheads,0,4,15.96357606298609,0.009969108757409027
yeast,0,4,15.96357606298609,0.009969108757409027
04,0,3,15.963558167979663,0.008633491758938823
107,0,3,15.963558167979663,0.008633491758938823
125,0,3,15.963558167979663,0.008633491758938823
250mg,0,3,15.963558167979663,0.008633491758938823
63,0,3,15.963558167979663,0.008633491758938823
66,0,3,15.963558167979663,0.008633491758938823
78,0,3,15.963558167979663,0.008633491758938823
85,0,3,15.963558167979663,0.008633491758938823
achy,0,3,15.963558167979663,0.008633491758938823
added,0,3,15.963558167979663,0.008633491758938823
addition,0,3,15.963558167979663,0.008633491758938823
address,0,3,15.963558167979663,0.008633491758938823
amoxicillin,0,3,15.963558167979663,0.008633491758938823
annoying,0,3,15.963558167979663,0.008633491758938823
apart,0,3,15.963558167979663,0.008633491758938823
appears,0,3,15.963558167979663,0.008633491758938823
arabia,0,3,15.963558167979663,0.008633491758938823
ast,0,3,15.963558167979663,0.008633491758938823
aten,0,3,15.963558167979663,0.008633491758938823
awaiting,0,3,15.963558167979663,0.008633491758938823
awful,0,3,15.963558167979663,0.008633491758938823
b12,0,3,15.963558167979663,0.008633491758938823
believes,0,3,15.963558167979663,0.008633491758938823
beyond,0,3,15.963558167979663,0.008633491758938823
blades,0,3,15.963558167979663,0.008633491758938823
bloodwork,0,3,15.963558167979663,0.008633491758938823
bmi,0,3,15.963558167979663,0.008633491758938823
bpm,0,3,15.963558167979663,0.008633491758938823
brownish,0,3,15.963558167979663,0.008633491758938823
brushed,0,3,15.963558167979663,0.008633491758938823
bulging,0,3,15.963558167979663,0.008633491758938823
bumpy,0,3,15.963558167979663,0.008633491758938823
burns,0,3,15.963558167979663,0.008633491758938823
c5,0,3,15.963558167979663,0.008633491758938823
caffeine,0,3,15.963558167979663,0.008633491758938823
carrying,0,3,15.963558167979663,0.008633491758938823
caugh,0,3,15.963558167979663,0.008633491758938823
cbc,0,3,15.963558167979663,0.008633491758938823
cea,0,3,15.963558167979663,0.008633491758938823
chemotherapy,0,3,15.963558167979663,0.008633491758938823
combined,0,3,15.963558167979663,0.008633491758938823
consciousness,0,3,15.963558167979663,0.008633491758938823
considering,0,3,15.963558167979663,0.008633491758938823
continues,0,3,15.963558167979663,0.008633491758938823
controlled,0,3,15.963558167979663,0.008633491758938823
copd,0,3,15.963558167979663,0.008633491758938823
corpuscular,0,3,15.963558167979663,0.008633491758938823
counter,0,3,15.963558167979663,0.008633491758938823
dehydrated,0,3,15.963558167979663,0.008633491758938823
deliver,0,3,15.963558167979663,0.008633491758938823
dementia,0,3,15.963558167979663,0.008633491758938823
describe,0,3,15.963558167979663,0.008633491758938823
described,0,3,15.963558167979663,0.008633491758938823
despite,0,3,15.963558167979663,0.008633491758938823
determine,0,3,15.963558167979663,0.008633491758938823
developing,0,3,15.963558167979663,0.008633491758938823
disorders,0,3,15.963558167979663,0.008633491758938823
dvt,0,3,15.963558167979663,0.008633491758938823
ease,0,3,15.963558167979663,0.008633491758938823
embarrassed,0,3,15.963558167979663,0.008633491758938823
excercise,0,3,15.963558167979663,0.008633491758938823
explained,0,3,15.963558167979663,0.008633491758938823
explanation,0,3,15.963558167979663,0.008633491758938823
finds,0,3,15.963558167979663,0.008633491758938823
finished,0,3,15.963558167979663,0.008633491758938823
finishing,0,3,15.963558167979663,0.008633491758938823
flakes,0,3,15.963558167979663,0.008633491758938823
fly,0,3,15.963558167979663,0.008633491758938823
focal,0,3,15.963558167979663,0.008633491758938823
focus,0,3,15.963558167979663,0.008633491758938823
force,0,3,15.963558167979663,0.008633491758938823
forming,0,3,15.963558167979663,0.008633491758938823
forms,0,3,15.963558167979663,0.008633491758938823
funny,0,3,15.963558167979663,0.008633491758938823
gained,0,3,15.963558167979663,0.008633491758938823
glucose,0,3,15.963558167979663,0.008633491758938823
grand,0,3,15.963558167979663,0.008633491758938823
gut,0,3,15.963558167979663,0.008633491758938823
guys,0,3,15.963558167979663,0.008633491758938823
hasn,0,3,15.963558167979663,0.008633491758938823
haziness,0,3,15.963558167979663,0.008633491758938823
healing,0,3,15.963558167979663,0.008633491758938823
hopefully,0,3,15.963558167979663,0.008633491758938823
hpf,0,3,15.963558167979663,0.008633491758938823
icing,0,3,15.963558167979663,0.008633491758938823
improving,0,3,15.963558167979663,0.008633491758938823
including,0,3,15.963558167979663,0.008633491758938823
indicates,0,3,15.963558167979663,0.008633491758938823
infections,0,3,15.963558167979663,0.008633491758938823
inflamed,0,3,15.963558167979663,0.008633491758938823
inj,0,3,15.963558167979663,0.008633491758938823
inserted,0,3,15.963558167979663,0.008633491758938823
intermittent,0,3,15.963558167979663,0.008633491758938823
iu,0,3,15.963558167979663,0.008633491758938823
juice,0,3,15.963558167979663,0.008633491758938823
kidny,0,3,15.963558167979663,0.008633491758938823
knock,0,3,15.963558167979663,0.008633491758938823
knuckle,0,3,15.963558167979663,0.008633491758938823
l1,0,3,15.963558167979663,0.008633491758938823
l3,0,3,15.963558167979663,0.008633491758938823
ldl,0,3,15.963558167979663,0.008633491758938823
limits,0,3,15.963558167979663,0.008633491758938823
lipid,0,3,15.963558167979663,0.008633491758938823
lives,0,3,15.963558167979663,0.008633491758938823
lonazep,0,3,15.963558167979663,0.008633491758938823
lumpy,0,3,15.963558167979663,0.008633491758938823
malformation,0,3,15.963558167979663,0.008633491758938823
measuring,0,3,15.963558167979663,0.008633491758938823
mms,0,3,15.963558167979663,0.008633491758938823
mr,0,3,15.963558167979663,0.008633491758938823
mucous,0,3,15.963558167979663,0.008633491758938823
nair,0,3,15.963558167979663,0.008633491758938823
nauseated,0,3,15.963558167979663,0.008633491758938823
nephew,0,3,15.963558167979663,0.008633491758938823
nifediprine,0,3,15.963558167979663,0.008633491758938823
onset,0,3,15.963558167979663,0.008633491758938823
oozing,0,3,15.963558167979663,0.008633491758938823
opinions,0,3,15.963558167979663,0.008633491758938823
options,0,3,15.963558167979663,0.008633491758938823
orange,0,3,15.963558167979663,0.008633491758938823
order,0,3,15.963558167979663,0.008633491758938823
ordered,0,3,15.963558167979663,0.008633491758938823
painfull,0,3,15.963558167979663,0.008633491758938823
pancreas,0,3,15.963558167979663,0.008633491758938823
particularly,0,3,15.963558167979663,0.008633491758938823
pattern,0,3,15.963558167979663,0.008633491758938823
paxil,0,3,15.963558167979663,0.008633491758938823
pee,0,3,15.963558167979663,0.008633491758938823
persistent,0,3,15.963558167979663,0.008633491758938823
personal,0,3,15.963558167979663,0.008633491758938823
phlegm,0,3,15.963558167979663,0.008633491758938823
physically,0,3,15.963558167979663,0.008633491758938823
pick,0,3,15.963558167979663,0.008633491758938823
pieces,0,3,15.963558167979663,0.008633491758938823
plastic,0,3,15.963558167979663,0.008633491758938823
plavix,0,3,15.963558167979663,0.008633491758938823
pole,0,3,15.963558167979663,0.008633491758938823
polio,0,3,15.963558167979663,0.008633491758938823
pooped,0,3,15.963558167979663,0.008633491758938823
poops,0,3,15.963558167979663,0.008633491758938823
potassium,0,3,15.963558167979663,0.008633491758938823
procedures,0,3,15.963558167979663,0.008633491758938823
puffs,0,3,15.963558167979663,0.008633491758938823
pulmonary,0,3,15.963558167979663,0.008633491758938823
pushed,0,3,15.963558167979663,0.008633491758938823
radiation,0,3,15.963558167979663,0.008633491758938823
raw,0,3,15.963558167979663,0.008633491758938823
reasons,0,3,15.963558167979663,0.008633491758938823
recess,0,3,15.963558167979663,0.008633491758938823
relieve,0,3,15.963558167979663,0.008633491758938823
reluctant,0,3,15.963558167979663,0.008633491758938823
removal,0,3,15.963558167979663,0.008633491758938823
renal,0,3,15.963558167979663,0.008633491758938823
repaired,0,3,15.963558167979663,0.008633491758938823
require,0,3,15.963558167979663,0.008633491758938823
research,0,3,15.963558167979663,0.008633491758938823
revatril,0,3,15.963558167979663,0.008633491758938823
ribcage,0,3,15.963558167979663,0.008633491758938823
rock,0,3,15.963558167979663,0.008633491758938823
scans,0,3,15.963558167979663,0.008633491758938823
scheduled,0,3,15.963558167979663,0.008633491758938823
seafood,0,3,15.963558167979663,0.008633491758938823
semi,0,3,15.963558167979663,0.008633491758938823
sensipar,0,3,15.963558167979663,0.008633491758938823
seven,0,3,15.963558167979663,0.008633491758938823
smoked,0,3,15.963558167979663,0.008633491758938823
soreness,0,3,15.963558167979663,0.008633491758938823
spasming,0,3,15.963558167979663,0.008633491758938823
specific,0,3,15.963558167979663,0.008633491758938823
spider,0,3,15.963558167979663,0.008633491758938823
spit,0,3,15.963558167979663,0.008633491758938823
statins,0,3,15.963558167979663,0.008633491758938823
stenosis,0,3,15.963558167979663,0.008633491758938823
stent,0,3,15.963558167979663,0.008633491758938823
steroid,0,3,15.963558167979663,0.008633491758938823
strattera,0,3,15.963558167979663,0.008633491758938823
studying,0,3,15.963558167979663,0.008633491758938823
subsides,0,3,15.963558167979663,0.008633491758938823
supplement,0,3,15.963558167979663,0.008633491758938823
syndrome,0,3,15.963558167979663,0.008633491758938823
testicle,0,3,15.963558167979663,0.008633491758938823
therapy,0,3,15.963558167979663,0.008633491758938823
therefore,0,3,15.963558167979663,0.008633491758938823
throughout,0,3,15.963558167979663,0.008633491758938823
towards,0,3,15.963558167979663,0.008633491758938823
tramadol,0,3,15.963558167979663,0.008633491758938823
transplant,0,3,15.963558167979663,0.008633491758938823
trigger,0,3,15.963558167979663,0.008633491758938823
triponin,0,3,15.963558167979663,0.008633491758938823
undergo,0,3,15.963558167979663,0.008633491758938823
underwent,0,3,15.963558167979663,0.008633491758938823
urinary,0,3,15.963558167979663,0.008633491758938823
usg,0,3,15.963558167979663,0.008633491758938823
vegetarian,0,3,15.963558167979663,0.008633491758938823
veins,0,3,15.963558167979663,0.008633491758938823
vol,0,3,15.963558167979663,0.008633491758938823
walks,0,3,15.963558167979663,0.008633491758938823
waves,0,3,15.963558167979663,0.008633491758938823
wbc,0,3,15.963558167979663,0.008633491758938823
whatever,0,3,15.963558167979663,0.008633491758938823
whilst,0,3,15.963558167979663,0.008633491758938823
wine,0,3,15.963558167979663,0.008633491758938823
worth,0,3,15.963558167979663,0.008633491758938823
02,0,2,15.963540273293459,0.007049208600673782
104,0,2,15.963540273293459,0.007049208600673782
111,0,2,15.963540273293459,0.007049208600673782
115,0,2,15.963540273293459,0.007049208600673782
11th,0,2,15.963540273293459,0.007049208600673782
129,0,2,15.963540273293459,0.007049208600673782
135,0,2,15.963540273293459,0.007049208600673782
137,0,2,15.963540273293459,0.007049208600673782
16mm,0,2,15.963540273293459,0.007049208600673782
170,0,2,15.963540273293459,0.007049208600673782
176,0,2,15.963540273293459,0.007049208600673782
184,0,2,15.963540273293459,0.007049208600673782
2008,0,2,15.963540273293459,0.007049208600673782
2015,0,2,15.963540273293459,0.007049208600673782
20mg,0,2,15.963540273293459,0.007049208600673782
214,0,2,15.963540273293459,0.007049208600673782
300,0,2,15.963540273293459,0.007049208600673782
5000,0,2,15.963540273293459,0.007049208600673782
54kgs,0,2,15.963540273293459,0.007049208600673782
600,0,2,15.963540273293459,0.007049208600673782
6ft,0,2,15.963540273293459,0.007049208600673782
75kg,0,2,15.963540273293459,0.007049208600673782
75mg,0,2,15.963540273293459,0.007049208600673782
8mg,0,2,15.963540273293459,0.007049208600673782
93,0,2,15.963540273293459,0.007049208600673782
95,0,2,15.963540273293459,0.007049208600673782
ab,0,2,15.963540273293459,0.007049208600673782
abnormality,0,2,15.963540273293459,0.007049208600673782
acanthosis,0,2,15.963540273293459,0.007049208600673782
achiness,0,2,15.963540273293459,0.007049208600673782
adderall,0,2,15.963540273293459,0.007049208600673782
adhd,0,2,15.963540273293459,0.007049208600673782
adrenal,0,2,15.963540273293459,0.007049208600673782
advair,0,2,15.963540273293459,0.007049208600673782
advanced,0,2,15.963540273293459,0.007049208600673782
afp,0,2,15.963540273293459,0.007049208600673782
afterwards,0,2,15.963540273293459,0.007049208600673782
aggression,0,2,15.963540273293459,0.007049208600673782
ahve,0,2,15.963540273293459,0.007049208600673782
albuteral,0,2,15.963540273293459,0.007049208600673782
allways,0,2,15.963540273293459,0.007049208600673782
alp,0,2,15.963540273293459,0.007049208600673782
ambulance,0,2,15.963540273293459,0.007049208600673782
amebiasis,0,2,15.963540273293459,0.007049208600673782
angiogram,0,2,15.963540273293459,0.007049208600673782
antifungal,0,2,15.963540273293459,0.007049208600673782
anytime,0,2,15.963540273293459,0.007049208600673782
anyways,0,2,15.963540273293459,0.007049208600673782
apparent,0,2,15.963540273293459,0.007049208600673782
applying,0,2,15.963540273293459,0.007049208600673782
approximately,0,2,15.963540273293459,0.007049208600673782
apt,0,2,15.963540273293459,0.007049208600673782
associated,0,2,15.963540273293459,0.007049208600673782
aswell,0,2,15.963540273293459,0.007049208600673782
ativan,0,2,15.963540273293459,0.007049208600673782
attached,0,2,15.963540273293459,0.007049208600673782
attempted,0,2,15.963540273293459,0.007049208600673782
attention,0,2,15.963540273293459,0.007049208600673782
autoimmune,0,2,15.963540273293459,0.007049208600673782
available,0,2,15.963540273293459,0.007049208600673782
awakened,0,2,15.963540273293459,0.007049208600673782
backwards,0,2,15.963540273293459,0.007049208600673782
bactrim,0,2,15.963540273293459,0.007049208600673782
bags,0,2,15.963540273293459,0.007049208600673782
bang,0,2,15.963540273293459,0.007049208600673782
battery,0,2,15.963540273293459,0.007049208600673782
begin,0,2,15.963540273293459,0.007049208600673782
begun,0,2,15.963540273293459,0.007049208600673782
benadril,0,2,15.963540273293459,0.007049208600673782
benedryl,0,2,15.963540273293459,0.007049208600673782
benicar,0,2,15.963540273293459,0.007049208600673782
benign,0,2,15.963540273293459,0.007049208600673782
bent,0,2,15.963540273293459,0.007049208600673782
berberine,0,2,15.963540273293459,0.007049208600673782
biggest,0,2,15.963540273293459,0.007049208600673782
bike,0,2,15.963540273293459,0.007049208600673782
biobarkhomon,0,2,15.963540273293459,0.007049208600673782
blackout,0,2,15.963540273293459,0.007049208600673782
blade,0,2,15.963540273293459,0.007049208600673782
blah,0,2,15.963540273293459,0.007049208600673782
blisters,0,2,15.963540273293459,0.007049208600673782
blown,0,2,15.963540273293459,0.007049208600673782
bm,0,2,15.963540273293459,0.007049208600673782
boil,0,2,15.963540273293459,0.007049208600673782
borderline,0,2,15.963540273293459,0.007049208600673782
bothersome,0,2,15.963540273293459,0.007049208600673782
bowels,0,2,15.963540273293459,0.007049208600673782
bowl,0,2,15.963540273293459,0.007049208600673782
bra,0,2,15.963540273293459,0.007049208600673782
branches,0,2,15.963540273293459,0.007049208600673782
brevis,0,2,15.963540273293459,0.007049208600673782
brief,0,2,15.963540273293459,0.007049208600673782
bronchitis,0,2,15.963540273293459,0.007049208600673782
bud,0,2,15.963540273293459,0.007049208600673782
buspar,0,2,15.963540273293459,0.007049208600673782
c3,0,2,15.963540273293459,0.007049208600673782
c4,0,2,15.963540273293459,0.007049208600673782
calcirol,0,2,15.963540273293459,0.007049208600673782
calculi,0,2,15.963540273293459,0.007049208600673782
calf,0,2,15.963540273293459,0.007049208600673782
canada,0,2,15.963540273293459,0.007049208600673782
carpisun,0,2,15.963540273293459,0.007049208600673782
celebrex,0,2,15.963540273293459,0.007049208600673782
cerelace,0,2,15.963540273293459,0.007049208600673782
cervical,0,2,15.963540273293459,0.007049208600673782
charlie,0,2,15.963540273293459,0.007049208600673782
chemotheraphy,0,2,15.963540273293459,0.007049208600673782
chiropractor,0,2,15.963540273293459,0.007049208600673782
chlamydia,0,2,15.963540273293459,0.007049208600673782
cholestrol,0,2,15.963540273293459,0.007049208600673782
choriomon,0,2,15.963540273293459,0.007049208600673782
circles,0,2,15.963540273293459,0.007049208600673782
circular,0,2,15.963540273293459,0.007049208600673782
circulation,0,2,15.963540273293459,0.007049208600673782
clopitab,0,2,15.963540273293459,0.007049208600673782
coil,0,2,15.963540273293459,0.007049208600673782
collar,0,2,15.963540273293459,0.007049208600673782
collarbone,0,2,15.963540273293459,0.007049208600673782
coloured,0,2,15.963540273293459,0.007049208600673782
coma,0,2,15.963540273293459,0.007049208600673782
comme,0,2,15.963540273293459,0.007049208600673782
computer,0,2,15.963540273293459,0.007049208600673782
concentration,0,2,15.963540273293459,0.007049208600673782
concerened,0,2,15.963540273293459,0.007049208600673782
concerta,0,2,15.963540273293459,0.007049208600673782
consider,0,2,15.963540273293459,0.007049208600673782
continually,0,2,15.963540273293459,0.007049208600673782
contracting,0,2,15.963540273293459,0.007049208600673782
conus,0,2,15.963540273293459,0.007049208600673782
copper,0,2,15.963540273293459,0.007049208600673782
cousin,0,2,15.963540273293459,0.007049208600673782
covered,0,2,15.963540273293459,0.007049208600673782
crab,0,2,15.963540273293459,0.007049208600673782
crippling,0,2,15.963540273293459,0.007049208600673782
crown,0,2,15.963540273293459,0.007049208600673782
crush,0,2,15.963540273293459,0.007049208600673782
curve,0,2,15.963540273293459,0.007049208600673782
cuts,0,2,15.963540273293459,0.007049208600673782
damaged,0,2,15.963540273293459,0.007049208600673782
dating,0,2,15.963540273293459,0.007049208600673782
dealing,0,2,15.963540273293459,0.007049208600673782
debriton,0,2,15.963540273293459,0.007049208600673782
decision,0,2,15.963540273293459,0.007049208600673782
degree,0,2,15.963540273293459,0.007049208600673782
dehydration,0,2,15.963540273293459,0.007049208600673782
dentists,0,2,15.963540273293459,0.007049208600673782
denture,0,2,15.963540273293459,0.007049208600673782
department,0,2,15.963540273293459,0.007049208600673782
develop,0,2,15.963540273293459,0.007049208600673782
diagnostic,0,2,15.963540273293459,0.007049208600673782
diagonised,0,2,15.963540273293459,0.007049208600673782
diaper,0,2,15.963540273293459,0.007049208600673782
diarrheoa,0,2,15.963540273293459,0.007049208600673782
disk,0,2,15.963540273293459,0.007049208600673782
distribution,0,2,15.963540273293459,0.007049208600673782
dominant,0,2,15.963540273293459,0.007049208600673782
dosages,0,2,15.963540273293459,0.007049208600673782
doses,0,2,15.963540273293459,0.007049208600673782
dots,0,2,15.963540273293459,0.007049208600673782
douche,0,2,15.963540273293459,0.007049208600673782
drop,0,2,15.963540273293459,0.007049208600673782
dropping,0,2,15.963540273293459,0.007049208600673782
drove,0,2,15.963540273293459,0.007049208600673782
duloxetine,0,2,15.963540273293459,0.007049208600673782
eater,0,2,15.963540273293459,0.007049208600673782
echo,0,2,15.963540273293459,0.007049208600673782
echocardiogram,0,2,15.963540273293459,0.007049208600673782
ecstasy,0,2,15.963540273293459,0.007049208600673782
eek,0,2,15.963540273293459,0.007049208600673782
ejecuation,0,2,15.963540273293459,0.007049208600673782
ekg,0,2,15.963540273293459,0.007049208600673782
elbows,0,2,15.963540273293459,0.007049208600673782
electric,0,2,15.963540273293459,0.007049208600673782
encephalitis,0,2,15.963540273293459,0.007049208600673782
endrocronologist,0,2,15.963540273293459,0.007049208600673782
enjoying,0,2,15.963540273293459,0.007049208600673782
entering,0,2,15.963540273293459,0.007049208600673782
exam,0,2,15.963540273293459,0.007049208600673782
example,0,2,15.963540273293459,0.007049208600673782
exertion,0,2,15.963540273293459,0.007049208600673782
exposed,0,2,15.963540273293459,0.007049208600673782
extended,0,2,15.963540273293459,0.007049208600673782
extending,0,2,15.963540273293459,0.007049208600673782
facet,0,2,15.963540273293459,0.007049208600673782
fallen,0,2,15.963540273293459,0.007049208600673782
fatigued,0,2,15.963540273293459,0.007049208600673782
fibroid,0,2,15.963540273293459,0.007049208600673782
fibroma,0,2,15.963540273293459,0.007049208600673782
fibromyalgia,0,2,15.963540273293459,0.007049208600673782
findings,0,2,15.963540273293459,0.007049208600673782
fire,0,2,15.963540273293459,0.007049208600673782
firm,0,2,15.963540273293459,0.007049208600673782
fist,0,2,15.963540273293459,0.007049208600673782
fistula,0,2,15.963540273293459,0.007049208600673782
flank,0,2,15.963540273293459,0.007049208600673782
flare,0,2,15.963540273293459,0.007049208600673782
flattened,0,2,15.963540273293459,0.007049208600673782
flem,0,2,15.963540273293459,0.007049208600673782
flight,0,2,15.963540273293459,0.007049208600673782
floss,0,2,15.963540273293459,0.007049208600673782
foraminal,0,2,15.963540273293459,0.007049208600673782
forearm,0,2,15.963540273293459,0.007049208600673782
fractured,0,2,15.963540273293459,0.007049208600673782
fried,0,2,15.963540273293459,0.007049208600673782
gallstones,0,2,15.963540273293459,0.007049208600673782
gastritis,0,2,15.963540273293459,0.007049208600673782
generally,0,2,15.963540273293459,0.007049208600673782
gestrenol,0,2,15.963540273293459,0.007049208600673782
glasses,0,2,15.963540273293459,0.007049208600673782
gliosis,0,2,15.963540273293459,0.007049208600673782
gr,0,2,15.963540273293459,0.007049208600673782
grateful,0,2,15.963540273293459,0.007049208600673782
greatly,0,2,15.963540273293459,0.007049208600673782
grip,0,2,15.963540273293459,0.007049208600673782
groan,0,2,15.963540273293459,0.007049208600673782
grocery,0,2,15.963540273293459,0.007049208600673782
gumline,0,2,15.963540273293459,0.007049208600673782
gun,0,2,15.963540273293459,0.007049208600673782
hadn,0,2,15.963540273293459,0.007049208600673782
happend,0,2,15.963540273293459,0.007049208600673782
hardened,0,2,15.963540273293459,0.007049208600673782
hdl,0,2,15.963540273293459,0.007049208600673782
heavily,0,2,15.963540273293459,0.007049208600673782
heaviness,0,2,15.963540273293459,0.007049208600673782
hgb,0,2,15.963540273293459,0.007049208600673782
homeopathic,0,2,15.963540273293459,0.007049208600673782
hose,0,2,15.963540273293459,0.007049208600673782
hydronephrosis,0,2,15.963540273293459,0.007049208600673782
hyper,0,2,15.963540273293459,0.007049208600673782
imediate,0,2,15.963540273293459,0.007049208600673782
immensely,0,2,15.963540273293459,0.007049208600673782
immotile,0,2,15.963540273293459,0.007049208600673782
impact,0,2,15.963540273293459,0.007049208600673782
implants,0,2,15.963540273293459,0.007049208600673782
impossible,0,2,15.963540273293459,0.007049208600673782
indenting,0,2,15.963540273293459,0.007049208600673782
indicated,0,2,15.963540273293459,0.007049208600673782
indigestion,0,2,15.963540273293459,0.007049208600673782
induced,0,2,15.963540273293459,0.007049208600673782
infant,0,2,15.963540273293459,0.007049208600673782
infiltration,0,2,15.963540273293459,0.007049208600673782
inhale,0,2,15.963540273293459,0.007049208600673782
injured,0,2,15.963540273293459,0.007049208600673782
insulin,0,2,15.963540273293459,0.007049208600673782
intermittently,0,2,15.963540273293459,0.007049208600673782
itchiness,0,2,15.963540273293459,0.007049208600673782
jelly,0,2,15.963540273293459,0.007049208600673782
jump,0,2,15.963540273293459,0.007049208600673782
junk,0,2,15.963540273293459,0.007049208600673782
kemo,0,2,15.963540273293459,0.007049208600673782
khaled,0,2,15.963540273293459,0.007049208600673782
kilos,0,2,15.963540273293459,0.007049208600673782
king,0,2,15.963540273293459,0.007049208600673782
klonopin,0,2,15.963540273293459,0.007049208600673782
knowing,0,2,15.963540273293459,0.007049208600673782
knowledge,0,2,15.963540273293459,0.007049208600673782
known,0,2,15.963540273293459,0.007049208600673782
lack,0,2,15.963540273293459,0.007049208600673782
laparoscopic,0,2,15.963540273293459,0.007049208600673782
larger,0,2,15.963540273293459,0.007049208600673782
lasting,0,2,15.963540273293459,0.007049208600673782
lateral,0,2,15.963540273293459,0.007049208600673782
latest,0,2,15.963540273293459,0.007049208600673782
lazer,0,2,15.963540273293459,0.007049208600673782
lc,0,2,15.963540273293459,0.007049208600673782
led,0,2,15.963540273293459,0.007049208600673782
lesion,0,2,15.963540273293459,0.007049208600673782
lethargic,0,2,15.963540273293459,0.007049208600673782
lethargy,0,2,15.963540273293459,0.007049208600673782
leukemia,0,2,15.963540273293459,0.007049208600673782
lifting,0,2,15.963540273293459,0.007049208600673782
lifts,0,2,15.963540273293459,0.007049208600673782
likelihood,0,2,15.963540273293459,0.007049208600673782
link,0,2,15.963540273293459,0.007049208600673782
lisinpril,0,2,15.963540273293459,0.007049208600673782
lordosis,0,2,15.963540273293459,0.007049208600673782
lubrication,0,2,15.963540273293459,0.007049208600673782
lundi,0,2,15.963540273293459,0.007049208600673782
lupus,0,2,15.963540273293459,0.007049208600673782
lyme,0,2,15.963540273293459,0.007049208600673782
machine,0,2,15.963540273293459,0.007049208600673782
maftal,0,2,15.963540273293459,0.007049208600673782
magnesium,0,2,15.963540273293459,0.007049208600673782
mainly,0,2,15.963540273293459,0.007049208600673782
masses,0,2,15.963540273293459,0.007049208600673782
maximum,0,2,15.963540273293459,0.007049208600673782
measures,0,2,15.963540273293459,0.007049208600673782
mention,0,2,15.963540273293459,0.007049208600673782
merional,0,2,15.963540273293459,0.007049208600673782
micmol,0,2,15.963540273293459,0.007049208600673782
microgestin,0,2,15.963540273293459,0.007049208600673782
migraine,0,2,15.963540273293459,0.007049208600673782
mine,0,2,15.963540273293459,0.007049208600673782
miralax,0,2,15.963540273293459,0.007049208600673782
mitral,0,2,15.963540273293459,0.007049208600673782
mix,0,2,15.963540273293459,0.007049208600673782
mixing,0,2,15.963540273293459,0.007049208600673782
mobile,0,2,15.963540273293459,0.007049208600673782
moms,0,2,15.963540273293459,0.007049208600673782
monthly,0,2,15.963540273293459,0.007049208600673782
moreover,0,2,15.963540273293459,0.007049208600673782
moustache,0,2,15.963540273293459,0.007049208600673782
naked,0,2,15.963540273293459,0.007049208600673782
nature,0,2,15.963540273293459,0.007049208600673782
nauseaus,0,2,15.963540273293459,0.007049208600673782
neuropathy,0,2,15.963540273293459,0.007049208600673782
newspaper,0,2,15.963540273293459,0.007049208600673782
nigricans,0,2,15.963540273293459,0.007049208600673782
nine,0,2,15.963540273293459,0.007049208600673782
numerous,0,2,15.963540273293459,0.007049208600673782
observation,0,2,15.963540273293459,0.007049208600673782
obstruction,0,2,15.963540273293459,0.007049208600673782
ointments,0,2,15.963540273293459,0.007049208600673782
ongoing,0,2,15.963540273293459,0.007049208600673782
onto,0,2,15.963540273293459,0.007049208600673782
openings,0,2,15.963540273293459,0.007049208600673782
option,0,2,15.963540273293459,0.007049208600673782
organ,0,2,15.963540273293459,0.007049208600673782
oz,0,2,15.963540273293459,0.007049208600673782
pa,0,2,15.963540273293459,0.007049208600673782
palm,0,2,15.963540273293459,0.007049208600673782
pancreatic,0,2,15.963540273293459,0.007049208600673782
paralized,0,2,15.963540273293459,0.007049208600673782
parkinson,0,2,15.963540273293459,0.007049208600673782
parkinsonism,0,2,15.963540273293459,0.007049208600673782
paycheck,0,2,15.963540273293459,0.007049208600673782
pedia,0,2,15.963540273293459,0.007049208600673782
penicillin,0,2,15.963540273293459,0.007049208600673782
perfectly,0,2,15.963540273293459,0.007049208600673782
permanently,0,2,15.963540273293459,0.007049208600673782
persisting,0,2,15.963540273293459,0.007049208600673782
phosphatase,0,2,15.963540273293459,0.007049208600673782
physicians,0,2,15.963540273293459,0.007049208600673782
pig,0,2,15.963540273293459,0.007049208600673782
pilot,0,2,15.963540273293459,0.007049208600673782
pinched,0,2,15.963540273293459,0.007049208600673782
pinkish,0,2,15.963540273293459,0.007049208600673782
pnemonia,0,2,15.963540273293459,0.007049208600673782
pocket,0,2,15.963540273293459,0.007049208600673782
polyps,0,2,15.963540273293459,0.007049208600673782
positions,0,2,15.963540273293459,0.007049208600673782
pp,0,2,15.963540273293459,0.007049208600673782
pred,0,2,15.963540273293459,0.007049208600673782
primary,0,2,15.963540273293459,0.007049208600673782
progressed,0,2,15.963540273293459,0.007049208600673782
progressively,0,2,15.963540273293459,0.007049208600673782
prominent,0,2,15.963540273293459,0.007049208600673782
prone,0,2,15.963540273293459,0.007049208600673782
pronounced,0,2,15.963540273293459,0.007049208600673782
protein,0,2,15.963540273293459,0.007049208600673782
ptb,0,2,15.963540273293459,0.007049208600673782
pulmonologist,0,2,15.963540273293459,0.007049208600673782
pulsating,0,2,15.963540273293459,0.007049208600673782
pvc,0,2,15.963540273293459,0.007049208600673782
quantity,0,2,15.963540273293459,0.007049208600673782
quickly,0,2,15.963540273293459,0.007049208600673782
rattle,0,2,15.963540273293459,0.007049208600673782
readings,0,2,15.963540273293459,0.007049208600673782
recurring,0,2,15.963540273293459,0.007049208600673782
reddish,0,2,15.963540273293459,0.007049208600673782
reducer,0,2,15.963540273293459,0.007049208600673782
reducing,0,2,15.963540273293459,0.007049208600673782
referred,0,2,15.963540273293459,0.007049208600673782
remained,0,2,15.963540273293459,0.007049208600673782
remaining,0,2,15.963540273293459,0.007049208600673782
repetitive,0,2,15.963540273293459,0.007049208600673782
replace,0,2,15.963540273293459,0.007049208600673782
responsible,0,2,15.963540273293459,0.007049208600673782
rexipra,0,2,15.963540273293459,0.007049208600673782
rinsed,0,2,15.963540273293459,0.007049208600673782
rods,0,2,15.963540273293459,0.007049208600673782
rohmboid,0,2,15.963540273293459,0.007049208600673782
ruq,0,2,15.963540273293459,0.007049208600673782
rush,0,2,15.963540273293459,0.007049208600673782
sachets,0,2,15.963540273293459,0.007049208600673782
sally,0,2,15.963540273293459,0.007049208600673782
salvia,0,2,15.963540273293459,0.007049208600673782
scale,0,2,15.963540273293459,0.007049208600673782
scanning,0,2,15.963540273293459,0.007049208600673782
scare,0,2,15.963540273293459,0.007049208600673782
scarring,0,2,15.963540273293459,0.007049208600673782
sciatica,0,2,15.963540273293459,0.007049208600673782
screaming,0,2,15.963540273293459,0.007049208600673782
sees,0,2,15.963540273293459,0.007049208600673782
sensitivity,0,2,15.963540273293459,0.007049208600673782
shaft,0,2,15.963540273293459,0.007049208600673782
shed,0,2,15.963540273293459,0.007049208600673782
shobha,0,2,15.963540273293459,0.007049208600673782
shopping,0,2,15.963540273293459,0.007049208600673782
shortly,0,2,15.963540273293459,0.007049208600673782
shouldnt,0,2,15.963540273293459,0.007049208600673782
slap,0,2,15.963540273293459,0.007049208600673782
snow,0,2,15.963540273293459,0.007049208600673782
soaps,0,2,15.963540273293459,0.007049208600673782
somehow,0,2,15.963540273293459,0.007049208600673782
sonogram,0,2,15.963540273293459,0.007049208600673782
soup,0,2,15.963540273293459,0.007049208600673782
spass,0,2,15.963540273293459,0.007049208600673782
spiriva,0,2,15.963540273293459,0.007049208600673782
spleen,0,2,15.963540273293459,0.007049208600673782
spring,0,2,15.963540273293459,0.007049208600673782
squeeze,0,2,15.963540273293459,0.007049208600673782
stabbed,0,2,15.963540273293459,0.007049208600673782
stating,0,2,15.963540273293459,0.007049208600673782
stick,0,2,15.963540273293459,0.007049208600673782
sting,0,2,15.963540273293459,0.007049208600673782
straw,0,2,15.963540273293459,0.007049208600673782
stressful,0,2,15.963540273293459,0.007049208600673782
structure,0,2,15.963540273293459,0.007049208600673782
struggling,0,2,15.963540273293459,0.007049208600673782
sufficient,0,2,15.963540273293459,0.007049208600673782
suicidal,0,2,15.963540273293459,0.007049208600673782
sulfa,0,2,15.963540273293459,0.007049208600673782
supporter,0,2,15.963540273293459,0.007049208600673782
surgeries,0,2,15.963540273293459,0.007049208600673782
swollow,0,2,15.963540273293459,0.007049208600673782
symbicort,0,2,15.963540273293459,0.007049208600673782
syringe,0,2,15.963540273293459,0.007049208600673782
t2,0,2,15.963540273293459,0.007049208600673782
tailbone,0,2,15.963540273293459,0.007049208600673782
tech,0,2,15.963540273293459,0.007049208600673782
teenage,0,2,15.963540273293459,0.007049208600673782
tendons,0,2,15.963540273293459,0.007049208600673782
thailand,0,2,15.963540273293459,0.007049208600673782
thickened,0,2,15.963540273293459,0.007049208600673782
thinning,0,2,15.963540273293459,0.007049208600673782
thyroxine,0,2,15.963540273293459,0.007049208600673782
tightening,0,2,15.963540273293459,0.007049208600673782
tire,0,2,15.963540273293459,0.007049208600673782
tobacco,0,2,15.963540273293459,0.007049208600673782
tonsils,0,2,15.963540273293459,0.007049208600673782
tool,0,2,15.963540273293459,0.007049208600673782
towel,0,2,15.963540273293459,0.007049208600673782
tragic,0,2,15.963540273293459,0.007049208600673782
transfusion,0,2,15.963540273293459,0.007049208600673782
traveled,0,2,15.963540273293459,0.007049208600673782
trees,0,2,15.963540273293459,0.007049208600673782
triglycerides,0,2,15.963540273293459,0.007049208600673782
triple,0,2,15.963540273293459,0.007049208600673782
trips,0,2,15.963540273293459,0.007049208600673782
trudge,0,2,15.963540273293459,0.007049208600673782
tub,0,2,15.963540273293459,0.007049208600673782
turns,0,2,15.963540273293459,0.007049208600673782
tweezer,0,2,15.963540273293459,0.007049208600673782
tx,0,2,15.963540273293459,0.007049208600673782
tylenol,0,2,15.963540273293459,0.007049208600673782
umbilical,0,2,15.963540273293459,0.007049208600673782
unconscious,0,2,15.963540273293459,0.007049208600673782
undigested,0,2,15.963540273293459,0.007049208600673782
uneven,0,2,15.963540273293459,0.007049208600673782
unfortunately,0,2,15.963540273293459,0.007049208600673782
upon,0,2,15.963540273293459,0.007049208600673782
urge,0,2,15.963540273293459,0.007049208600673782
uroscopy,0,2,15.963540273293459,0.007049208600673782
uterus,0,2,15.963540273293459,0.007049208600673782
uti,0,2,15.963540273293459,0.007049208600673782
vague,0,2,15.963540273293459,0.007049208600673782
ventilator,0,2,15.963540273293459,0.007049208600673782
violent,0,2,15.963540273293459,0.007049208600673782
violently,0,2,15.963540273293459,0.007049208600673782
visits,0,2,15.963540273293459,0.007049208600673782
website,0,2,15.963540273293459,0.007049208600673782
weekly,0,2,15.963540273293459,0.007049208600673782
welcomed,0,2,15.963540273293459,0.007049208600673782
wellbutrin,0,2,15.963540273293459,0.007049208600673782
wheeze,0,2,15.963540273293459,0.007049208600673782
whit,0,2,15.963540273293459,0.007049208600673782
whose,0,2,15.963540273293459,0.007049208600673782
win,0,2,15.963540273293459,0.007049208600673782
winded,0,2,15.963540273293459,0.007049208600673782
wipe,0,2,15.963540273293459,0.007049208600673782
wore,0,2,15.963540273293459,0.007049208600673782
workout,0,2,15.963540273293459,0.007049208600673782
wrestling,0,2,15.963540273293459,0.007049208600673782
wrists,0,2,15.963540273293459,0.007049208600673782
yellowish,0,2,15.963540273293459,0.007049208600673782
zits,0,2,15.963540273293459,0.007049208600673782
eating,15,18,0.002384967144891448,0.00682193152390636
headache,15,18,0.002384967144891448,0.00682193152390636
brother,10,12,0.0023847113370045747,0.005569486326023879
08869,0,1,15.963522378927467,0.004984537616100168
1000,0,1,15.963522378927467,0.004984537616100168
1000mg,0,1,15.963522378927467,0.004984537616100168
102deg,0,1,15.963522378927467,0.004984537616100168
104mm,0,1,15.963522378927467,0.004984537616100168
106,0,1,15.963522378927467,0.004984537616100168
10cmx6,0,1,15.963522378927467,0.004984537616100168
10kg,0,1,15.963522378927467,0.004984537616100168
10milion,0,1,15.963522378927467,0.004984537616100168
10weeks,0,1,15.963522378927467,0.004984537616100168
112,0,1,15.963522378927467,0.004984537616100168
113,0,1,15.963522378927467,0.004984537616100168
114,0,1,15.963522378927467,0.004984537616100168
116,0,1,15.963522378927467,0.004984537616100168
117,0,1,15.963522378927467,0.004984537616100168
1200,0,1,15.963522378927467,0.004984537616100168
1207,0,1,15.963522378927467,0.004984537616100168
121,0,1,15.963522378927467,0.004984537616100168
125lbs,0,1,15.963522378927467,0.004984537616100168
125mg,0,1,15.963522378927467,0.004984537616100168
126,0,1,15.963522378927467,0.004984537616100168
139,0,1,15.963522378927467,0.004984537616100168
13years,0,1,15.963522378927467,0.004984537616100168
140kgs,0,1,15.963522378927467,0.004984537616100168
142,0,1,15.963522378927467,0.004984537616100168
143,0,1,15.963522378927467,0.004984537616100168
1483,0,1,15.963522378927467,0.004984537616100168
14ng,0,1,15.963522378927467,0.004984537616100168
150mg,0,1,15.963522378927467,0.004984537616100168
152,0,1,15.963522378927467,0.004984537616100168
159,0,1,15.963522378927467,0.004984537616100168
15kg,0,1,15.963522378927467,0.004984537616100168
15mm,0,1,15.963522378927467,0.004984537616100168
15st,0,1,15.963522378927467,0.004984537616100168
15th,0,1,15.963522378927467,0.004984537616100168
15x,0,1,15.963522378927467,0.004984537616100168
15yrold,0,1,15.963522378927467,0.004984537616100168
161,0,1,15.963522378927467,0.004984537616100168
162,0,1,15.963522378927467,0.004984537616100168
163,0,1,15.963522378927467,0.004984537616100168
169,0,1,15.963522378927467,0.004984537616100168
16million,0,1,15.963522378927467,0.004984537616100168
173,0,1,15.963522378927467,0.004984537616100168
178cm,0,1,15.963522378927467,0.004984537616100168
17year,0,1,15.963522378927467,0.004984537616100168
180cm,0,1,15.963522378927467,0.004984537616100168
182,0,1,15.963522378927467,0.004984537616100168
1820908,0,1,15.963522378927467,0.004984537616100168
192,0,1,15.963522378927467,0.004984537616100168
1920mg,0,1,15.963522378927467,0.004984537616100168
1998,0,1,15.963522378927467,0.004984537616100168
1hr,0,1,15.963522378927467,0.004984537616100168
1raritan,0,1,15.963522378927467,0.004984537616100168
1yrs,0,1,15.963522378927467,0.004984537616100168
208,0,1,15.963522378927467,0.004984537616100168
20days,0,1,15.963522378927467,0.004984537616100168
20th,0,1,15.963522378927467,0.004984537616100168
20yr,0,1,15.963522378927467,0.004984537616100168
219,0,1,15.963522378927467,0.004984537616100168
21mm,0,1,15.963522378927467,0.004984537616100168
24hrs,0,1,15.963522378927467,0.004984537616100168
255,0,1,15.963522378927467,0.004984537616100168
259,0,1,15.963522378927467,0.004984537616100168
25yrs,0,1,15.963522378927467,0.004984537616100168
29years,0,1,15.963522378927467,0.004984537616100168
2ml,0,1,15.963522378927467,0.004984537616100168
2mm,0,1,15.963522378927467,0.004984537616100168
2nits,0,1,15.963522378927467,0.004984537616100168
2puffsmorning,0,1,15.963522378927467,0.004984537616100168
2x,0,1,15.963522378927467,0.004984537616100168
2xphotographs,0,1,15.963522378927467,0.004984537616100168
300miles,0,1,15.963522378927467,0.004984537616100168
30am,0,1,15.963522378927467,0.004984537616100168
30mg,0,1,15.963522378927467,0.004984537616100168
30million,0,1,15.963522378927467,0.004984537616100168
30s,0,1,15.963522378927467,0.004984537616100168
31and,0,1,15.963522378927467,0.004984537616100168
31st,0,1,15.963522378927467,0.004984537616100168
31th,0,1,15.963522378927467,0.004984537616100168
325,0,1,15.963522378927467,0.004984537616100168
32wk,0,1,15.963522378927467,0.004984537616100168
32years,0,1,15.963522378927467,0.004984537616100168
33mm,0,1,15.963522378927467,0.004984537616100168
38kgs,0,1,15.963522378927467,0.004984537616100168
38ng,0,1,15.963522378927467,0.004984537616100168
3b,0,1,15.963522378927467,0.004984537616100168
3cm,0,1,15.963522378927467,0.004984537616100168
3ml,0,1,15.963522378927467,0.004984537616100168
3mm,0,1,15.963522378927467,0.004984537616100168
3t,0,1,15.963522378927467,0.004984537616100168
3x,0,1,15.963522378927467,0.004984537616100168
3year,0,1,15.963522378927467,0.004984537616100168
40million,0,1,15.963522378927467,0.004984537616100168
40years,0,1,15.963522378927467,0.004984537616100168
417,0,1,15.963522378927467,0.004984537616100168
448,0,1,15.963522378927467,0.004984537616100168
44cm,0,1,15.963522378927467,0.004984537616100168
45mm,0,1,15.963522378927467,0.004984537616100168
47u,0,1,15.963522378927467,0.004984537616100168
4am,0,1,15.963522378927467,0.004984537616100168
4cm,0,1,15.963522378927467,0.004984537616100168
4hourly,0,1,15.963522378927467,0.004984537616100168
4incheshe,0,1,15.963522378927467,0.004984537616100168
4u,0,1,15.963522378927467,0.004984537616100168
51kg,0,1,15.963522378927467,0.004984537616100168
52,0,1,15.963522378927467,0.004984537616100168
52yrs,0,1,15.963522378927467,0.004984537616100168
550,0,1,15.963522378927467,0.004984537616100168
55m,0,1,15.963522378927467,0.004984537616100168
55yrs,0,1,15.963522378927467,0.004984537616100168
5am,0,1,15.963522378927467,0.004984537616100168
5cm,0,1,15.963522378927467,0.004984537616100168
5km,0,1,15.963522378927467,0.004984537616100168
60mg,0,1,15.963522378927467,0.004984537616100168
60yr,0,1,15.963522378927467,0.004984537616100168
61,0,1,15.963522378927467,0.004984537616100168
62,0,1,15.963522378927467,0.004984537616100168
62yr,0,1,15.963522378927467,0.004984537616100168
65kg,0,1,15.963522378927467,0.004984537616100168
67kg,0,1,15.963522378927467,0.004984537616100168
6900,0,1,15.963522378927467,0.004984537616100168
6u,0,1,15.963522378927467,0.004984537616100168
7839,0,1,15.963522378927467,0.004984537616100168
800mg,0,1,15.963522378927467,0.004984537616100168
82kgs,0,1,15.963522378927467,0.004984537616100168
83,0,1,15.963522378927467,0.004984537616100168
84kgs,0,1,15.963522378927467,0.004984537616100168
900,0,1,15.963522378927467,0.004984537616100168
94,0,1,15.963522378927467,0.004984537616100168
9gm,0,1,15.963522378927467,0.004984537616100168
9kg,0,1,15.963522378927467,0.004984537616100168
9y,0,1,15.963522378927467,0.004984537616100168
a1c,0,1,15.963522378927467,0.004984537616100168
aand,0,1,15.963522378927467,0.004984537616100168
abdoman,0,1,15.963522378927467,0.004984537616100168
abdulmalek,0,1,15.963522378927467,0.004984537616100168
abilify,0,1,15.963522378927467,0.004984537616100168
abortions,0,1,15.963522378927467,0.004984537616100168
abrasion,0,1,15.963522378927467,0.004984537616100168
abruptly,0,1,15.963522378927467,0.004984537616100168
absolute,0,1,15.963522378927467,0.004984537616100168
abstain,0,1,15.963522378927467,0.004984537616100168
abuses,0,1,15.963522378927467,0.004984537616100168
abusive,0,1,15.963522378927467,0.004984537616100168
accelerated,0,1,15.963522378927467,0.004984537616100168
accountant,0,1,15.963522378927467,0.004984537616100168
accumulated,0,1,15.963522378927467,0.004984537616100168
achalasia,0,1,15.963522378927467,0.004984537616100168
ached,0,1,15.963522378927467,0.004984537616100168
achieve,0,1,15.963522378927467,0.004984537616100168
acidity,0,1,15.963522378927467,0.004984537616100168
acids,0,1,15.963522378927467,0.004984537616100168
acidy,0,1,15.963522378927467,0.004984537616100168
acl,0,1,15.963522378927467,0.004984537616100168
acnie,0,1,15.963522378927467,0.004984537616100168
acquire,0,1,15.963522378927467,0.004984537616100168
acts,0,1,15.963522378927467,0.004984537616100168
actual,0,1,15.963522378927467,0.004984537616100168
adam,0,1,15.963522378927467,0.004984537616100168
adderral,0,1,15.963522378927467,0.004984537616100168
adderrall,0,1,15.963522378927467,0.004984537616100168
adds,0,1,15.963522378927467,0.004984537616100168
addyzoa,0,1,15.963522378927467,0.004984537616100168
adems,0,1,15.963522378927467,0.004984537616100168
adenoid,0,1,15.963522378927467,0.004984537616100168
adenoslyl,0,1,15.963522378927467,0.004984537616100168
adequate,0,1,15.963522378927467,0.004984537616100168
adjustment,0,1,15.963522378927467,0.004984537616100168
administrated,0,1,15.963522378927467,0.004984537616100168
adn,0,1,15.963522378927467,0.004984537616100168
advices,0,1,15.963522378927467,0.004984537616100168
advisable,0,1,15.963522378927467,0.004984537616100168
advises,0,1,15.963522378927467,0.004984537616100168
aergy,0,1,15.963522378927467,0.004984537616100168
aerotop,0,1,15.963522378927467,0.004984537616100168
afaraid,0,1,15.963522378927467,0.004984537616100168
afo,0,1,15.963522378927467,0.004984537616100168
africa,0,1,15.963522378927467,0.004984537616100168
aftertaking,0,1,15.963522378927467,0.004984537616100168
ages,0,1,15.963522378927467,0.004984537616100168
aggravtes,0,1,15.963522378927467,0.004984537616100168
agitated,0,1,15.963522378927467,0.004984537616100168
agony,0,1,15.963522378927467,0.004984537616100168
ahold,0,1,15.963522378927467,0.004984537616100168
aid,0,1,15.963522378927467,0.004984537616100168
aids,0,1,15.963522378927467,0.004984537616100168
airboot,0,1,15.963522378927467,0.004984537616100168
airplane,0,1,15.963522378927467,0.004984537616100168
airways,0,1,15.963522378927467,0.004984537616100168
alaklan,0,1,15.963522378927467,0.004984537616100168
alanine,0,1,15.963522378927467,0.004984537616100168
alarm,0,1,15.963522378927467,0.004984537616100168
alarmed,0,1,15.963522378927467,0.004984537616100168
alcers,0,1,15.963522378927467,0.004984537616100168
alcoholic,0,1,15.963522378927467,0.004984537616100168
ale,0,1,15.963522378927467,0.004984537616100168
aling,0,1,15.963522378927467,0.004984537616100168
alittle,0,1,15.963522378927467,0.004984537616100168
alka,0,1,15.963522378927467,0.004984537616100168
allergist,0,1,15.963522378927467,0.004984537616100168
alleviate,0,1,15.963522378927467,0.004984537616100168
alligator,0,1,15.963522378927467,0.004984537616100168
allopathic,0,1,15.963522378927467,0.004984537616100168
allover,0,1,15.963522378927467,0.004984537616100168
alochol,0,1,15.963522378927467,0.004984537616100168
alopathy,0,1,15.963522378927467,0.004984537616100168
alternate,0,1,15.963522378927467,0.004984537616100168
alternated,0,1,15.963522378927467,0.004984537616100168
althea,0,1,15.963522378927467,0.004984537616100168
alzheimer,0,1,15.963522378927467,0.004984537616100168
alzhimers,0,1,15.963522378927467,0.004984537616100168
american,0,1,15.963522378927467,0.004984537616100168
ami,0,1,15.963522378927467,0.004984537616100168
aminotransferase,0,1,15.963522378927467,0.004984537616100168
aml,0,1,15.963522378927467,0.004984537616100168
amlodipine,0,1,15.963522378927467,0.004984537616100168
amolopress,0,1,15.963522378927467,0.004984537616100168
among,0,1,15.963522378927467,0.004984537616100168
amonth,0,1,15.963522378927467,0.004984537616100168
amoxicilline,0,1,15.963522378927467,0.004984537616100168
amoxycillin,0,1,15.963522378927467,0.004984537616100168
amoxyl,0,1,15.963522378927467,0.004984537616100168
amputation,0,1,15.963522378927467,0.004984537616100168
ana,0,1,15.963522378927467,0.004984537616100168
anderson,0,1,15.963522378927467,0.004984537616100168
aneurysm,0,1,15.963522378927467,0.004984537616100168
angio,0,1,15.963522378927467,0.004984537616100168
angle,0,1,15.963522378927467,0.004984537616100168
angrier,0,1,15.963522378927467,0.004984537616100168
anit,0,1,15.963522378927467,0.004984537616100168
anlong,0,1,15.963522378927467,0.004984537616100168
ann,0,1,15.963522378927467,0.004984537616100168
annd,0,1,15.963522378927467,0.004984537616100168
anne,0,1,15.963522378927467,0.004984537616100168
annoyingly,0,1,15.963522378927467,0.004984537616100168
ans,0,1,15.963522378927467,0.004984537616100168
answered,0,1,15.963522378927467,0.004984537616100168
antenlol,0,1,15.963522378927467,0.004984537616100168
anthlatic,0,1,15.963522378927467,0.004984537616100168
antibotic,0,1,15.963522378927467,0.004984537616100168
anticipation,0,1,15.963522378927467,0.004984537616100168
antidepressants,0,1,15.963522378927467,0.004984537616100168
antihystamin,0,1,15.963522378927467,0.004984537616100168
antiinflame,0,1,15.963522378927467,0.004984537616100168
antiobotic,0,1,15.963522378927467,0.004984537616100168
antiseptic,0,1,15.963522378927467,0.004984537616100168
antivert,0,1,15.963522378927467,0.004984537616100168
antobotics,0,1,15.963522378927467,0.004984537616100168
anuerysm,0,1,15.963522378927467,0.004984537616100168
anywways,0,1,15.963522378927467,0.004984537616100168
ape,0,1,15.963522378927467,0.004984537616100168
apical,0,1,15.963522378927467,0.004984537616100168
apicolordotic,0,1,15.963522378927467,0.004984537616100168
aplha,0,1,15.963522378927467,0.004984537616100168
apnea,0,1,15.963522378927467,0.004984537616100168
apologise,0,1,15.963522378927467,0.004984537616100168
apparently,0,1,15.963522378927467,0.004984537616100168
application,0,1,15.963522378927467,0.004984537616100168
apporx,0,1,15.963522378927467,0.004984537616100168
apppreciate,0,1,15.963522378927467,0.004984537616100168
appr,0,1,15.963522378927467,0.004984537616100168
appreciate,0,1,15.963522378927467,0.004984537616100168
approximatley,0,1,15.963522378927467,0.004984537616100168
appt,0,1,15.963522378927467,0.004984537616100168
apx,0,1,15.963522378927467,0.004984537616100168
ar,0,1,15.963522378927467,0.004984537616100168
arava,0,1,15.963522378927467,0.004984537616100168
arch,0,1,15.963522378927467,0.004984537616100168
archilles,0,1,15.963522378927467,0.004984537616100168
areterrys,0,1,15.963522378927467,0.004984537616100168
arethe,0,1,15.963522378927467,0.004984537616100168
arguments,0,1,15.963522378927467,0.004984537616100168
arising,0,1,15.963522378927467,0.004984537616100168
arizona,0,1,15.963522378927467,0.004984537616100168
armpits,0,1,15.963522378927467,0.004984537616100168
army,0,1,15.963522378927467,0.004984537616100168
aroun,0,1,15.963522378927467,0.004984537616100168
arounnd,0,1,15.963522378927467,0.004984537616100168
arrival,0,1,15.963522378927467,0.004984537616100168
artacks,0,1,15.963522378927467,0.004984537616100168
arthiritis,0,1,15.963522378927467,0.004984537616100168
arthocoscopy,0,1,15.963522378927467,0.004984537616100168
arthropathy,0,1,15.963522378927467,0.004984537616100168
articles,0,1,15.963522378927467,0.004984537616100168
arts,0,1,15.963522378927467,0.004984537616100168
ascard,0,1,15.963522378927467,0.004984537616100168
ashley,0,1,15.963522378927467,0.004984537616100168
ashthma,0,1,15.963522378927467,0.004984537616100168
aspirated,0,1,15.963522378927467,0.004984537616100168
assisting,0,1,15.963522378927467,0.004984537616100168
assumed,0,1,15.963522378927467,0.004984537616100168
asthamatic,0,1,15.963522378927467,0.004984537616100168
astomach,0,1,15.963522378927467,0.004984537616100168
asymmetrical,0,1,15.963522378927467,0.004984537616100168
asymptomatic,0,1,15.963522378927467,0.004984537616100168
atenol,0,1,15.963522378927467,0.004984537616100168
aterior,0,1,15.963522378927467,0.004984537616100168
athlete,0,1,15.963522378927467,0.004984537616100168
athletes,0,1,15.963522378927467,0.004984537616100168
athsma,0,1,15.963522378927467,0.004984537616100168
atique,0,1,15.963522378927467,0.004984537616100168
atke,0,1,15.963522378927467,0.004984537616100168
atmosphere,0,1,15.963522378927467,0.004984537616100168
atrophy,0,1,15.963522378927467,0.004984537616100168
attacked,0,1,15.963522378927467,0.004984537616100168
attempting,0,1,15.963522378927467,0.004984537616100168
attributable,0,1,15.963522378927467,0.004984537616100168
attributing,0,1,15.963522378927467,0.004984537616100168
atypical,0,1,15.963522378927467,0.004984537616100168
aubrey,0,1,15.963522378927467,0.004984537616100168
auditor,0,1,15.963522378927467,0.004984537616100168
auricular,0,1,15.963522378927467,0.004984537616100168
auto,0,1,15.963522378927467,0.004984537616100168
ave,0,1,15.963522378927467,0.004984537616100168
avoidant,0,1,15.963522378927467,0.004984537616100168
avoiding,0,1,15.963522378927467,0.004984537616100168
ayear,0,1,15.963522378927467,0.004984537616100168
azathioprine,0,1,15.963522378927467,0.004984537616100168
azilide,0,1,15.963522378927467,0.004984537616100168
azithol,0,1,15.963522378927467,0.004984537616100168
azoran,0,1,15.963522378927467,0.004984537616100168
babies,0,1,15.963522378927467,0.004984537616100168
babys,0,1,15.963522378927467,0.004984537616100168
bachelor,0,1,15.963522378927467,0.004984537616100168
backed,0,1,15.963522378927467,0.004984537616100168
background,0,1,15.963522378927467,0.004984537616100168
backside,0,1,15.963522378927467,0.004984537616100168
baclofen,0,1,15.963522378927467,0.004984537616100168
bacteremia,0,1,15.963522378927467,0.004984537616100168
balanced,0,1,15.963522378927467,0.004984537616100168
bali,0,1,15.963522378927467,0.004984537616100168
balloning,0,1,15.963522378927467,0.004984537616100168
bandage,0,1,15.963522378927467,0.004984537616100168
banged,0,1,15.963522378927467,0.004984537616100168
banocide,0,1,15.963522378927467,0.004984537616100168
bar,0,1,15.963522378927467,0.004984537616100168
baseball,0,1,15.963522378927467,0.004984537616100168
based,0,1,15.963522378927467,0.004984537616100168
basis,0,1,15.963522378927467,0.004984537616100168
basophils,0,1,15.963522378927467,0.004984537616100168
bat,0,1,15.963522378927467,0.004984537616100168
batch,0,1,15.963522378927467,0.004984537616100168
bearing,0,1,15.963522378927467,0.004984537616100168
beated,0,1,15.963522378927467,0.004984537616100168
becasue,0,1,15.963522378927467,0.004984537616100168
beclamethasone,0,1,15.963522378927467,0.004984537616100168
becuase,0,1,15.963522378927467,0.004984537616100168
bee,0,1,15.963522378927467,0.004984537616100168
beeping,0,1,15.963522378927467,0.004984537616100168
beers,0,1,15.963522378927467,0.004984537616100168
behalf,0,1,15.963522378927467,0.004984537616100168
behaves,0,1,15.963522378927467,0.004984537616100168
behavioral,0,1,15.963522378927467,0.004984537616100168
belching,0,1,15.963522378927467,0.004984537616100168
belt,0,1,15.963522378927467,0.004984537616100168
bensigar,0,1,15.963522378927467,0.004984537616100168
bentyl,0,1,15.963522378927467,0.004984537616100168
berable,0,1,15.963522378927467,0.004984537616100168
besides,0,1,15.963522378927467,0.004984537616100168
biceps,0,1,15.963522378927467,0.004984537616100168
bilatral,0,1,15.963522378927467,0.004984537616100168
bilubirin,0,1,15.963522378927467,0.004984537616100168
biopsyed,0,1,15.963522378927467,0.004984537616100168
biotics,0,1,15.963522378927467,0.004984537616100168
birh,0,1,15.963522378927467,0.004984537616100168
bisoprolol,0,1,15.963522378927467,0.004984537616100168
bits,0,1,15.963522378927467,0.004984537616100168
bitter,0,1,15.963522378927467,0.004984537616100168
bizarre,0,1,15.963522378927467,0.004984537616100168
blackhead,0,1,15.963522378927467,0.004984537616100168
blackness,0,1,15.963522378927467,0.004984537616100168
blames,0,1,15.963522378927467,0.004984537616100168
bleeds,0,1,15.963522378927467,0.004984537616100168
blended,0,1,15.963522378927467,0.004984537616100168
bliid,0,1,15.963522378927467,0.004984537616100168
blink,0,1,15.963522378927467,0.004984537616100168
blizzard,0,1,15.963522378927467,0.004984537616100168
blockages,0,1,15.963522378927467,0.004984537616100168
blocker,0,1,15.963522378927467,0.004984537616100168
blocking,0,1,15.963522378927467,0.004984537616100168
blondes,0,1,15.963522378927467,0.004984537616100168
bloods,0,1,15.963522378927467,0.004984537616100168
blotchiness,0,1,15.963522378927467,0.004984537616100168
blotchy,0,1,15.963522378927467,0.004984537616100168
bluish,0,1,15.963522378927467,0.004984537616100168
bnp,0,1,15.963522378927467,0.004984537616100168
bodybuilder,0,1,15.963522378927467,0.004984537616100168
boifriend,0,1,15.963522378927467,0.004984537616100168
boobs,0,1,15.963522378927467,0.004984537616100168
boosts,0,1,15.963522378927467,0.004984537616100168
boss,0,1,15.963522378927467,0.004984537616100168
bound,0,1,15.963522378927467,0.004984537616100168
bouts,0,1,15.963522378927467,0.004984537616100168
box,0,1,15.963522378927467,0.004984537616100168
brace,0,1,15.963522378927467,0.004984537616100168
brandon,0,1,15.963522378927467,0.004984537616100168
breadthlessness,0,1,15.963522378927467,0.004984537616100168
breakdown,0,1,15.963522378927467,0.004984537616100168
breatchatdoctorfortably,0,1,15.963522378927467,0.004984537616100168
breo,0,1,15.963522378927467,0.004984537616100168
bronchoscopy,0,1,15.963522378927467,0.004984537616100168
broncospasms,0,1,15.963522378927467,0.004984537616100168
bronitisis,0,1,15.963522378927467,0.004984537616100168
brothers,0,1,15.963522378927467,0.004984537616100168
browning,0,1,15.963522378927467,0.004984537616100168
buckland,0,1,15.963522378927467,0.004984537616100168
buckle,0,1,15.963522378927467,0.004984537616100168
building,0,1,15.963522378927467,0.004984537616100168
built,0,1,15.963522378927467,0.004984537616100168
bulges,0,1,15.963522378927467,0.004984537616100168
bullseye,0,1,15.963522378927467,0.004984537616100168
burger,0,1,15.963522378927467,0.004984537616100168
burnibg,0,1,15.963522378927467,0.004984537616100168
butocks,0,1,15.963522378927467,0.004984537616100168
butter,0,1,15.963522378927467,0.004984537616100168
buying,0,1,15.963522378927467,0.004984537616100168
byasthma,0,1,15.963522378927467,0.004984537616100168
bystolic,0,1,15.963522378927467,0.004984537616100168
c6,0,1,15.963522378927467,0.004984537616100168
c7,0,1,15.963522378927467,0.004984537616100168
ca125,0,1,15.963522378927467,0.004984537616100168
cabbage,0,1,15.963522378927467,0.004984537616100168
caffine,0,1,15.963522378927467,0.004984537616100168
cages,0,1,15.963522378927467,0.004984537616100168
calculai,0,1,15.963522378927467,0.004984537616100168
calculs,0,1,15.963522378927467,0.004984537616100168
calfs,0,1,15.963522378927467,0.004984537616100168
calls,0,1,15.963522378927467,0.004984537616100168
calmed,0,1,15.963522378927467,0.004984537616100168
calves,0,1,15.963522378927467,0.004984537616100168
calveswhich,0,1,15.963522378927467,0.004984537616100168
calyx,0,1,15.963522378927467,0.004984537616100168
cammy,0,1,15.963522378927467,0.004984537616100168
canastan,0,1,15.963522378927467,0.004984537616100168
canberra,0,1,15.963522378927467,0.004984537616100168
cancel,0,1,15.963522378927467,0.004984537616100168
canker,0,1,15.963522378927467,0.004984537616100168
capital,0,1,15.963522378927467,0.004984537616100168
carcinoma,0,1,15.963522378927467,0.004984537616100168
cardia,0,1,15.963522378927467,0.004984537616100168
cardio,0,1,15.963522378927467,0.004984537616100168
cardiogram,0,1,15.963522378927467,0.004984537616100168
cardiopulmonary,0,1,15.963522378927467,0.004984537616100168
careful,0,1,15.963522378927467,0.004984537616100168
careless,0,1,15.963522378927467,0.004984537616100168
carers,0,1,15.963522378927467,0.004984537616100168
caring,0,1,15.963522378927467,0.004984537616100168
carnitor,0,1,15.963522378927467,0.004984537616100168
carrier,0,1,15.963522378927467,0.004984537616100168
carries,0,1,15.963522378927467,0.004984537616100168
carrots,0,1,15.963522378927467,0.004984537616100168
cartilage,0,1,15.963522378927467,0.004984537616100168
carving,0,1,15.963522378927467,0.004984537616100168
cases,0,1,15.963522378927467,0.004984537616100168
cashier,0,1,15.963522378927467,0.004984537616100168
castelli23,0,1,15.963522378927467,0.004984537616100168
catheter,0,1,15.963522378927467,0.004984537616100168
catheteter,0,1,15.963522378927467,0.004984537616100168
cathy,0,1,15.963522378927467,0.004984537616100168
catrack,0,1,15.963522378927467,0.004984537616100168
causeing,0,1,15.963522378927467,0.004984537616100168
causesbsome,0,1,15.963522378927467,0.004984537616100168
cauterization,0,1,15.963522378927467,0.004984537616100168
cavetra,0,1,15.963522378927467,0.004984537616100168
cayx,0,1,15.963522378927467,0.004984537616100168
cbd,0,1,15.963522378927467,0.004984537616100168
cd4,0,1,15.963522378927467,0.004984537616100168
ceased,0,1,15.963522378927467,0.004984537616100168
cefixime,0,1,15.963522378927467,0.004984537616100168
cefuroxime,0,1,15.963522378927467,0.004984537616100168
celex,0,1,15.963522378927467,0.004984537616100168
celexa,0,1,15.963522378927467,0.004984537616100168
celulittis,0,1,15.963522378927467,0.004984537616100168
cent,0,1,15.963522378927467,0.004984537616100168
centered,0,1,15.963522378927467,0.004984537616100168
cerebral,0,1,15.963522378927467,0.004984537616100168
cetaphil,0,1,15.963522378927467,0.004984537616100168
ceverical,0,1,15.963522378927467,0.004984537616100168
chalked,0,1,15.963522378927467,0.004984537616100168
charge,0,1,15.963522378927467,0.004984537616100168
chartered,0,1,15.963522378927467,0.004984537616100168
chatterjee,0,1,15.963522378927467,0.004984537616100168
cheaper,0,1,15.963522378927467,0.004984537616100168
cheating,0,1,15.963522378927467,0.004984537616100168
checkbook,0,1,15.963522378927467,0.004984537616100168
checkups,0,1,15.963522378927467,0.004984537616100168
chemeotherapy,0,1,15.963522378927467,0.004984537616100168
chery,0,1,15.963522378927467,0.004984537616100168
chess,0,1,15.963522378927467,0.004984537616100168
chhindwara,0,1,15.963522378927467,0.004984537616100168
chichester,0,1,15.963522378927467,0.004984537616100168
chiro,0,1,15.963522378927467,0.004984537616100168
chiropractic,0,1,15.963522378927467,0.004984537616100168
chnaces,0,1,15.963522378927467,0.004984537616100168
chondroitin,0,1,15.963522378927467,0.004984537616100168
choose,0,1,15.963522378927467,0.004984537616100168
chopped,0,1,15.963522378927467,0.004984537616100168
chris,0,1,15.963522378927467,0.004984537616100168
christine,0,1,15.963522378927467,0.004984537616100168
christmas,0,1,15.963522378927467,0.004984537616100168
chritmas,0,1,15.963522378927467,0.004984537616100168
chunks,0,1,15.963522378927467,0.004984537616100168
cialis,0,1,15.963522378927467,0.004984537616100168
cipralex,0,1,15.963522378927467,0.004984537616100168
circumference,0,1,15.963522378927467,0.004984537616100168
citanew,0,1,15.963522378927467,0.004984537616100168
citirizine,0,1,15.963522378927467,0.004984537616100168
citrate,0,1,15.963522378927467,0.004984537616100168
clarify,0,1,15.963522378927467,0.004984537616100168
clarithromycin,0,1,15.963522378927467,0.004984537616100168
cleaner,0,1,15.963522378927467,0.004984537616100168
cleansing,0,1,15.963522378927467,0.004984537616100168
climb,0,1,15.963522378927467,0.004984537616100168
climbing,0,1,15.963522378927467,0.004984537616100168
clinical,0,1,15.963522378927467,0.004984537616100168
clip,0,1,15.963522378927467,0.004984537616100168
cloaged,0,1,15.963522378927467,0.004984537616100168
cloes,0,1,15.963522378927467,0.004984537616100168
clomimd,0,1,15.963522378927467,0.004984537616100168
clomipure,0,1,15.963522378927467,0.004984537616100168
closer,0,1,15.963522378927467,0.004984537616100168
clotrimazole,0,1,15.963522378927467,0.004984537616100168
co,0,1,15.963522378927467,0.004984537616100168
coast,0,1,15.963522378927467,0.004984537616100168
coated,0,1,15.963522378927467,0.004984537616100168
coatroom,0,1,15.963522378927467,0.004984537616100168
code,0,1,15.963522378927467,0.004984537616100168
codeine,0,1,15.963522378927467,0.004984537616100168
codilone,0,1,15.963522378927467,0.004984537616100168
coffee,0,1,15.963522378927467,0.004984537616100168
collecting,0,1,15.963522378927467,0.004984537616100168
colon,0,1,15.963522378927467,0.004984537616100168
colorectal,0,1,15.963522378927467,0.004984537616100168
colposcopy,0,1,15.963522378927467,0.004984537616100168
column,0,1,15.963522378927467,0.004984537616100168
com,0,1,15.963522378927467,0.004984537616100168
combative,0,1,15.963522378927467,0.004984537616100168
combiantion,0,1,15.963522378927467,0.004984537616100168
combination,0,1,15.963522378927467,0.004984537616100168
combinations,0,1,15.963522378927467,0.004984537616100168
combo,0,1,15.963522378927467,0.004984537616100168
commands,0,1,15.963522378927467,0.004984537616100168
compartments,0,1,15.963522378927467,0.004984537616100168
compensating,0,1,15.963522378927467,0.004984537616100168
comprehension,0,1,15.963522378927467,0.004984537616100168
compulsive,0,1,15.963522378927467,0.004984537616100168
compulsory,0,1,15.963522378927467,0.004984537616100168
conc,0,1,15.963522378927467,0.004984537616100168
concentrator,0,1,15.963522378927467,0.004984537616100168
concerning,0,1,15.963522378927467,0.004984537616100168
concious,0,1,15.963522378927467,0.004984537616100168
concluded,0,1,15.963522378927467,0.004984537616100168
conclusive,0,1,15.963522378927467,0.004984537616100168
concntrate,0,1,15.963522378927467,0.004984537616100168
confess,0,1,15.963522378927467,0.004984537616100168
confidentiality,0,1,15.963522378927467,0.004984537616100168
confined,0,1,15.963522378927467,0.004984537616100168
conflict,0,1,15.963522378927467,0.004984537616100168
conflicting,0,1,15.963522378927467,0.004984537616100168
congenital,0,1,15.963522378927467,0.004984537616100168
congestive,0,1,15.963522378927467,0.004984537616100168
connects,0,1,15.963522378927467,0.004984537616100168
conscience,0,1,15.963522378927467,0.004984537616100168
consecutive,0,1,15.963522378927467,0.004984537616100168
consistency,0,1,15.963522378927467,0.004984537616100168
consistently,0,1,15.963522378927467,0.004984537616100168
constipitation,0,1,15.963522378927467,0.004984537616100168
consultant,0,1,15.963522378927467,0.004984537616100168
consultation,0,1,15.963522378927467,0.004984537616100168
consume,0,1,15.963522378927467,0.004984537616100168
consuming,0,1,15.963522378927467,0.004984537616100168
container,0,1,15.963522378927467,0.004984537616100168
contains,0,1,15.963522378927467,0.004984537616100168
contaminated,0,1,15.963522378927467,0.004984537616100168
continuousley,0,1,15.963522378927467,0.004984537616100168
contraceptive,0,1,15.963522378927467,0.004984537616100168
contradicting,0,1,15.963522378927467,0.004984537616100168
contrasting,0,1,15.963522378927467,0.004984537616100168
conversation,0,1,15.963522378927467,0.004984537616100168
converting,0,1,15.963522378927467,0.004984537616100168
convex,0,1,15.963522378927467,0.004984537616100168
convieve,0,1,15.963522378927467,0.004984537616100168
coontrol,0,1,15.963522378927467,0.004984537616100168
cooperation,0,1,15.963522378927467,0.004984537616100168
coould,0,1,15.963522378927467,0.004984537616100168
coq10,0,1,15.963522378927467,0.004984537616100168
cords,0,1,15.963522378927467,0.004984537616100168
cornwall,0,1,15.963522378927467,0.004984537616100168
coronary,0,1,15.963522378927467,0.004984537616100168
corp,0,1,15.963522378927467,0.004984537616100168
corpulmonale,0,1,15.963522378927467,0.004984537616100168
correction,0,1,15.963522378927467,0.004984537616100168
correctly,0,1,15.963522378927467,0.004984537616100168
corresponding,0,1,15.963522378927467,0.004984537616100168
cortisone,0,1,15.963522378927467,0.004984537616100168
coseopin,0,1,15.963522378927467,0.004984537616100168
costochondritis,0,1,15.963522378927467,0.004984537616100168
cotton,0,1,15.963522378927467,0.004984537616100168
coughed,0,1,15.963522378927467,0.004984537616100168
cought,0,1,15.963522378927467,0.004984537616100168
countries,0,1,15.963522378927467,0.004984537616100168
country,0,1,15.963522378927467,0.004984537616100168
couselor,0,1,15.963522378927467,0.004984537616100168
cover,0,1,15.963522378927467,0.004984537616100168
covering,0,1,15.963522378927467,0.004984537616100168
coward,0,1,15.963522378927467,0.004984537616100168
cpr,0,1,15.963522378927467,0.004984537616100168
cracking,0,1,15.963522378927467,0.004984537616100168
craft,0,1,15.963522378927467,0.004984537616100168
cramp,0,1,15.963522378927467,0.004984537616100168
crashed,0,1,15.963522378927467,0.004984537616100168
craving,0,1,15.963522378927467,0.004984537616100168
crawl,0,1,15.963522378927467,0.004984537616100168
creampie,0,1,15.963522378927467,0.004984537616100168
create,0,1,15.963522378927467,0.004984537616100168
crinone,0,1,15.963522378927467,0.004984537616100168
crippled,0,1,15.963522378927467,0.004984537616100168
crisis,0,1,15.963522378927467,0.004984537616100168
crohn,0,1,15.963522378927467,0.004984537616100168
cross,0,1,15.963522378927467,0.004984537616100168
crumbly,0,1,15.963522378927467,0.004984537616100168
crys,0,1,15.963522378927467,0.004984537616100168
cskaercher,0,1,15.963522378927467,0.004984537616100168
cunsulting,0,1,15.963522378927467,0.004984537616100168
curcumin,0,1,15.963522378927467,0.004984537616100168
curd,0,1,15.963522378927467,0.004984537616100168
curing,0,1,15.963522378927467,0.004984537616100168
curled,0,1,15.963522378927467,0.004984537616100168
custom,0,1,15.963522378927467,0.004984537616100168
customer,0,1,15.963522378927467,0.004984537616100168
cuticle,0,1,15.963522378927467,0.004984537616100168
cvs,0,1,15.963522378927467,0.004984537616100168
cylllhia,0,1,15.963522378927467,0.004984537616100168
cyndie,0,1,15.963522378927467,0.004984537616100168
cyprl,0,1,15.963522378927467,0.004984537616100168
cystone,0,1,15.963522378927467,0.004984537616100168
cystoscopy,0,1,15.963522378927467,0.004984537616100168
cysts,0,1,15.963522378927467,0.004984537616100168
d1,0,1,15.963522378927467,0.004984537616100168
d11,0,1,15.963522378927467,0.004984537616100168
d12,0,1,15.963522378927467,0.004984537616100168
daignosed,0,1,15.963522378927467,0.004984537616100168
dallas,0,1,15.963522378927467,0.004984537616100168
damaging,0,1,15.963522378927467,0.004984537616100168
daniel,0,1,15.963522378927467,0.004984537616100168
darn,0,1,15.963522378927467,0.004984537616100168
data,0,1,15.963522378927467,0.004984537616100168
day1,0,1,15.963522378927467,0.004984537616100168
dayfor,0,1,15.963522378927467,0.004984537616100168
dazed,0,1,15.963522378927467,0.004984537616100168
dc,0,1,15.963522378927467,0.004984537616100168
deals,0,1,15.963522378927467,0.004984537616100168
deanxit,0,1,15.963522378927467,0.004984537616100168
deases,0,1,15.963522378927467,0.004984537616100168
deathmy,0,1,15.963522378927467,0.004984537616100168
debilitating,0,1,15.963522378927467,0.004984537616100168
decay,0,1,15.963522378927467,0.004984537616100168
decease,0,1,15.963522378927467,0.004984537616100168
deceased,0,1,15.963522378927467,0.004984537616100168
deciede,0,1,15.963522378927467,0.004984537616100168
decitabine,0,1,15.963522378927467,0.004984537616100168
deeply,0,1,15.963522378927467,0.004984537616100168
def,0,1,15.963522378927467,0.004984537616100168
defect,0,1,15.963522378927467,0.004984537616100168
deffently,0,1,15.963522378927467,0.004984537616100168
deficits,0,1,15.963522378927467,0.004984537616100168
definately,0,1,15.963522378927467,0.004984537616100168
defincency,0,1,15.963522378927467,0.004984537616100168
definitely,0,1,15.963522378927467,0.004984537616100168
defuse,0,1,15.963522378927467,0.004984537616100168
degeneraive,0,1,15.963522378927467,0.004984537616100168
degenerative,0,1,15.963522378927467,0.004984537616100168
degrees,0,1,15.963522378927467,0.004984537616100168
delima,0,1,15.963522378927467,0.004984537616100168
delivered,0,1,15.963522378927467,0.004984537616100168
delupa,0,1,15.963522378927467,0.004984537616100168
demage,0,1,15.963522378927467,0.004984537616100168
denial,0,1,15.963522378927467,0.004984537616100168
dense,0,1,15.963522378927467,0.004984537616100168
dentures,0,1,15.963522378927467,0.004984537616100168
deos,0,1,15.963522378927467,0.004984537616100168
departure,0,1,15.963522378927467,0.004984537616100168
dependal,0,1,15.963522378927467,0.004984537616100168
dependency,0,1,15.963522378927467,0.004984537616100168
dependent,0,1,15.963522378927467,0.004984537616100168
depending,0,1,15.963522378927467,0.004984537616100168
depomedrol,0,1,15.963522378927467,0.004984537616100168
deposits,0,1,15.963522378927467,0.004984537616100168
depriton,0,1,15.963522378927467,0.004984537616100168
deprivation,0,1,15.963522378927467,0.004984537616100168
deriphylin,0,1,15.963522378927467,0.004984537616100168
desire,0,1,15.963522378927467,0.004984537616100168
desolve,0,1,15.963522378927467,0.004984537616100168
dessication,0,1,15.963522378927467,0.004984537616100168
detergent,0,1,15.963522378927467,0.004984537616100168
deteriorated,0,1,15.963522378927467,0.004984537616100168
deteriorating,0,1,15.963522378927467,0.004984537616100168
detromental,0,1,15.963522378927467,0.004984537616100168
development,0,1,15.963522378927467,0.004984537616100168
devices,0,1,15.963522378927467,0.004984537616100168
dha,0,1,15.963522378927467,0.004984537616100168
diagnoised,0,1,15.963522378927467,0.004984537616100168
diagnoses,0,1,15.963522378927467,0.004984537616100168
diagonally,0,1,15.963522378927467,0.004984537616100168
diameter,0,1,15.963522378927467,0.004984537616100168
diaphragm,0,1,15.963522378927467,0.004984537616100168
diarehha,0,1,15.963522378927467,0.004984537616100168
diarrea,0,1,15.963522378927467,0.004984537616100168
diarrheora,0,1,15.963522378927467,0.004984537616100168
diarrhoer,0,1,15.963522378927467,0.004984537616100168
diastolic,0,1,15.963522378927467,0.004984537616100168
diaylis,0,1,15.963522378927467,0.004984537616100168
diaylsis,0,1,15.963522378927467,0.004984537616100168
dident,0,1,15.963522378927467,0.004984537616100168
didi,0,1,15.963522378927467,0.004984537616100168
didnot,0,1,15.963522378927467,0.004984537616100168
differnce,0,1,15.963522378927467,0.004984537616100168
diffrent,0,1,15.963522378927467,0.004984537616100168
diflucan,0,1,15.963522378927467,0.004984537616100168
digital,0,1,15.963522378927467,0.004984537616100168
diiuse,0,1,15.963522378927467,0.004984537616100168
dilantin,0,1,15.963522378927467,0.004984537616100168
dimers,0,1,15.963522378927467,0.004984537616100168
direclty,0,1,15.963522378927467,0.004984537616100168
direction,0,1,15.963522378927467,0.004984537616100168
directly,0,1,15.963522378927467,0.004984537616100168
disability,0,1,15.963522378927467,0.004984537616100168
disappeared,0,1,15.963522378927467,0.004984537616100168
disbetes,0,1,15.963522378927467,0.004984537616100168
discarge,0,1,15.963522378927467,0.004984537616100168
discektomy,0,1,15.963522378927467,0.004984537616100168
discoid,0,1,15.963522378927467,0.004984537616100168
discoloring,0,1,15.963522378927467,0.004984537616100168
discolred,0,1,15.963522378927467,0.004984537616100168
disengaged,0,1,15.963522378927467,0.004984537616100168
dislocated,0,1,15.963522378927467,0.004984537616100168
disorganized,0,1,15.963522378927467,0.004984537616100168
disoriented,0,1,15.963522378927467,0.004984537616100168
dispropotionate,0,1,15.963522378927467,0.004984537616100168
disregard,0,1,15.963522378927467,0.004984537616100168
distention,0,1,15.963522378927467,0.004984537616100168
distinctive,0,1,15.963522378927467,0.004984537616100168
distracted,0,1,15.963522378927467,0.004984537616100168
disturbing,0,1,15.963522378927467,0.004984537616100168
disturbs,0,1,15.963522378927467,0.004984537616100168
diuretics,0,1,15.963522378927467,0.004984537616100168
diziness,0,1,15.963522378927467,0.004984537616100168
dlcould,0,1,15.963522378927467,0.004984537616100168
docor,0,1,15.963522378927467,0.004984537616100168
documents,0,1,15.963522378927467,0.004984537616100168
dois,0,1,15.963522378927467,0.004984537616100168
donated,0,1,15.963522378927467,0.004984537616100168
donor,0,1,15.963522378927467,0.004984537616100168
dormant,0,1,15.963522378927467,0.004984537616100168
dot,0,1,15.963522378927467,0.004984537616100168
doubtful,0,1,15.963522378927467,0.004984537616100168
doudenal,0,1,15.963522378927467,0.004984537616100168
doxilline,0,1,15.963522378927467,0.004984537616100168
drain,0,1,15.963522378927467,0.004984537616100168
drainage,0,1,15.963522378927467,0.004984537616100168
draining,0,1,15.963522378927467,0.004984537616100168
drama,0,1,15.963522378927467,0.004984537616100168
drinker,0,1,15.963522378927467,0.004984537616100168
drip,0,1,15.963522378927467,0.004984537616100168
dripping,0,1,15.963522378927467,0.004984537616100168
drum,0,1,15.963522378927467,0.004984537616100168
dryness,0,1,15.963522378927467,0.004984537616100168
dsr,0,1,15.963522378927467,0.004984537616100168
duct,0,1,15.963522378927467,0.004984537616100168
durai,0,1,15.963522378927467,0.004984537616100168
duration,0,1,15.963522378927467,0.004984537616100168
duxolin,0,1,15.963522378927467,0.004984537616100168
dvts,0,1,15.963522378927467,0.004984537616100168
dyfunction,0,1,15.963522378927467,0.004984537616100168
dytide,0,1,15.963522378927467,0.004984537616100168
dzzy,0,1,15.963522378927467,0.004984537616100168
eactualy,0,1,15.963522378927467,0.004984537616100168
eare,0,1,15.963522378927467,0.004984537616100168
earily,0,1,15.963522378927467,0.004984537616100168
earliar,0,1,15.963522378927467,0.004984537616100168
earlobes,0,1,15.963522378927467,0.004984537616100168
earlystage,0,1,15.963522378927467,0.004984537616100168
earring,0,1,15.963522378927467,0.004984537616100168
earrings,0,1,15.963522378927467,0.004984537616100168
easier,0,1,15.963522378927467,0.004984537616100168
easing,0,1,15.963522378927467,0.004984537616100168
east,0,1,15.963522378927467,0.004984537616100168
eatin,0,1,15.963522378927467,0.004984537616100168
ec,0,1,15.963522378927467,0.004984537616100168
ecdoscopy,0,1,15.963522378927467,0.004984537616100168
ecerscise,0,1,15.963522378927467,0.004984537616100168
echogenic,0,1,15.963522378927467,0.004984537616100168
eclampsia,0,1,15.963522378927467,0.004984537616100168
ecospirin325,0,1,15.963522378927467,0.004984537616100168
ecsalated,0,1,15.963522378927467,0.004984537616100168
ecspecially,0,1,15.963522378927467,0.004984537616100168
edge,0,1,15.963522378927467,0.004984537616100168
edged,0,1,15.963522378927467,0.004984537616100168
edging,0,1,15.963522378927467,0.004984537616100168
edgy,0,1,15.963522378927467,0.004984537616100168
eexercise,0,1,15.963522378927467,0.004984537616100168
effort,0,1,15.963522378927467,0.004984537616100168
ehsan,0,1,15.963522378927467,0.004984537616100168
ejaculationn,0,1,15.963522378927467,0.004984537616100168
elements,0,1,15.963522378927467,0.004984537616100168
elevating,0,1,15.963522378927467,0.004984537616100168
elevation,0,1,15.963522378927467,0.004984537616100168
elimination,0,1,15.963522378927467,0.004984537616100168
embarrassment,0,1,15.963522378927467,0.004984537616100168
emboli,0,1,15.963522378927467,0.004984537616100168
embryos,0,1,15.963522378927467,0.004984537616100168
emdrgency,0,1,15.963522378927467,0.004984537616100168
emotion,0,1,15.963522378927467,0.004984537616100168
encompassing,0,1,15.963522378927467,0.004984537616100168
encouraged,0,1,15.963522378927467,0.004984537616100168
encryption,0,1,15.963522378927467,0.004984537616100168
ending,0,1,15.963522378927467,0.004984537616100168
endocrologist,0,1,15.963522378927467,0.004984537616100168
endplate,0,1,15.963522378927467,0.004984537616100168
enema,0,1,15.963522378927467,0.004984537616100168
eng,0,1,15.963522378927467,0.004984537616100168
engagements,0,1,15.963522378927467,0.004984537616100168
engineering,0,1,15.963522378927467,0.004984537616100168
enhanced,0,1,15.963522378927467,0.004984537616100168
enhancement,0,1,15.963522378927467,0.004984537616100168
enhancing,0,1,15.963522378927467,0.004984537616100168
enis,0,1,15.963522378927467,0.004984537616100168
enormous,0,1,15.963522378927467,0.004984537616100168
entecavir,0,1,15.963522378927467,0.004984537616100168
enterologist,0,1,15.963522378927467,0.004984537616100168
entirelife,0,1,15.963522378927467,0.004984537616100168
enzimes,0,1,15.963522378927467,0.004984537616100168
enzyme,0,1,15.963522378927467,0.004984537616100168
eosinophills,0,1,15.963522378927467,0.004984537616100168
eosinophils,0,1,15.963522378927467,0.004984537616100168
epidural,0,1,15.963522378927467,0.004984537616100168
epilex,0,1,15.963522378927467,0.004984537616100168
errectioin,0,1,15.963522378927467,0.004984537616100168
error,0,1,15.963522378927467,0.004984537616100168
erupted,0,1,15.963522378927467,0.004984537616100168
especailly,0,1,15.963522378927467,0.004984537616100168
essential,0,1,15.963522378927467,0.004984537616100168
essentiale,0,1,15.963522378927467,0.004984537616100168
estate,0,1,15.963522378927467,0.004984537616100168
ethiopia,0,1,15.963522378927467,0.004984537616100168
ethnic,0,1,15.963522378927467,0.004984537616100168
euphoria,0,1,15.963522378927467,0.004984537616100168
evaluated,0,1,15.963522378927467,0.004984537616100168
evelyn,0,1,15.963522378927467,0.004984537616100168
eventaully,0,1,15.963522378927467,0.004984537616100168
events,0,1,15.963522378927467,0.004984537616100168
everynite,0,1,15.963522378927467,0.004984537616100168
everyother,0,1,15.963522378927467,0.004984537616100168
everywhere,0,1,15.963522378927467,0.004984537616100168
evils,0,1,15.963522378927467,0.004984537616100168
evng,0,1,15.963522378927467,0.004984537616100168
exact,0,1,15.963522378927467,0.004984537616100168
exaggerated,0,1,15.963522378927467,0.004984537616100168
exaggerating,0,1,15.963522378927467,0.004984537616100168
examine,0,1,15.963522378927467,0.004984537616100168
excedrin,0,1,15.963522378927467,0.004984537616100168
excelt,0,1,15.963522378927467,0.004984537616100168
excercises,0,1,15.963522378927467,0.004984537616100168
excerise,0,1,15.963522378927467,0.004984537616100168
excerscise,0,1,15.963522378927467,0.004984537616100168
excersise,0,1,15.963522378927467,0.004984537616100168
excessive,0,1,15.963522378927467,0.004984537616100168
exclusively,0,1,15.963522378927467,0.004984537616100168
excursions,0,1,15.963522378927467,0.004984537616100168
exerciser,0,1,15.963522378927467,0.004984537616100168
exerscise,0,1,15.963522378927467,0.004984537616100168
exhausting,0,1,15.963522378927467,0.004984537616100168
exhaustion,0,1,15.963522378927467,0.004984537616100168
exhibits,0,1,15.963522378927467,0.004984537616100168
exit,0,1,15.963522378927467,0.004984537616100168
exited,0,1,15.963522378927467,0.004984537616100168
expectency,0,1,15.963522378927467,0.004984537616100168
experiece,0,1,15.963522378927467,0.004984537616100168
experiences,0,1,15.963522378927467,0.004984537616100168
expiernced,0,1,15.963522378927467,0.004984537616100168
explaining,0,1,15.963522378927467,0.004984537616100168
exposure,0,1,15.963522378927467,0.004984537616100168
expressionless,0,1,15.963522378927467,0.004984537616100168
exray,0,1,15.963522378927467,0.004984537616100168
extent,0,1,15.963522378927467,0.004984537616100168
external,0,1,15.963522378927467,0.004984537616100168
extractions,0,1,15.963522378927467,0.004984537616100168
extraordinary,0,1,15.963522378927467,0.004984537616100168
extremity,0,1,15.963522378927467,0.004984537616100168
extremley,0,1,15.963522378927467,0.004984537616100168
eyebrow,0,1,15.963522378927467,0.004984537616100168
fact,0,1,15.963522378927467,0.004984537616100168
factor,0,1,15.963522378927467,0.004984537616100168
factors,0,1,15.963522378927467,0.004984537616100168
fairly,0,1,15.963522378927467,0.004984537616100168
faithfully,0,1,15.963522378927467,0.004984537616100168
fanted,0,1,15.963522378927467,0.004984537616100168
farms,0,1,15.963522378927467,0.004984537616100168
fathers,0,1,15.963522378927467,0.004984537616100168
favour,0,1,15.963522378927467,0.004984537616100168
fecal,0,1,15.963522378927467,0.004984537616100168
femaile,0,1,15.963522378927467,0.004984537616100168
fertile,0,1,15.963522378927467,0.004984537616100168
fi,0,1,15.963522378927467,0.004984537616100168
fiber,0,1,15.963522378927467,0.004984537616100168
fibrolamella,0,1,15.963522378927467,0.004984537616100168
field,0,1,15.963522378927467,0.004984537616100168
fifty,0,1,15.963522378927467,0.004984537616100168
figured,0,1,15.963522378927467,0.004984537616100168
fiibromyalgia,0,1,15.963522378927467,0.004984537616100168
files,0,1,15.963522378927467,0.004984537616100168
fillings,0,1,15.963522378927467,0.004984537616100168
film,0,1,15.963522378927467,0.004984537616100168
fir,0,1,15.963522378927467,0.004984537616100168
firstits,0,1,15.963522378927467,0.004984537616100168
fisrt,0,1,15.963522378927467,0.004984537616100168
fistul,0,1,15.963522378927467,0.004984537616100168
fitted,0,1,15.963522378927467,0.004984537616100168
fitzpatrick,0,1,15.963522378927467,0.004984537616100168
fixed,0,1,15.963522378927467,0.004984537616100168
flakey,0,1,15.963522378927467,0.004984537616100168
flaking,0,1,15.963522378927467,0.004984537616100168
flaky,0,1,15.963522378927467,0.004984537616100168
flame,0,1,15.963522378927467,0.004984537616100168
flared,0,1,15.963522378927467,0.004984537616100168
flares,0,1,15.963522378927467,0.004984537616100168
flashback,0,1,15.963522378927467,0.004984537616100168
flatlined,0,1,15.963522378927467,0.004984537616100168
flesh,0,1,15.963522378927467,0.004984537616100168
flex,0,1,15.963522378927467,0.004984537616100168
flexible,0,1,15.963522378927467,0.004984537616100168
flexing,0,1,15.963522378927467,0.004984537616100168
flights,0,1,15.963522378927467,0.004984537616100168
floating,0,1,15.963522378927467,0.004984537616100168
florida,0,1,15.963522378927467,0.004984537616100168
flounder,0,1,15.963522378927467,0.004984537616100168
flowy,0,1,15.963522378927467,0.004984537616100168
fluconazole,0,1,15.963522378927467,0.004984537616100168
flue,0,1,15.963522378927467,0.004984537616100168
fluffy,0,1,15.963522378927467,0.004984537616100168
flutter,0,1,15.963522378927467,0.004984537616100168
flutters,0,1,15.963522378927467,0.004984537616100168
flygel,0,1,15.963522378927467,0.004984537616100168
focusing,0,1,15.963522378927467,0.004984537616100168
fold,0,1,15.963522378927467,0.004984537616100168
folds,0,1,15.963522378927467,0.004984537616100168
foley,0,1,15.963522378927467,0.004984537616100168
followup,0,1,15.963522378927467,0.004984537616100168
fomtide,0,1,15.963522378927467,0.004984537616100168
football,0,1,15.963522378927467,0.004984537616100168
foracort,0,1,15.963522378927467,0.004984537616100168
foreaarm,0,1,15.963522378927467,0.004984537616100168
foreplay,0,1,15.963522378927467,0.004984537616100168
foreskin,0,1,15.963522378927467,0.004984537616100168
forests,0,1,15.963522378927467,0.004984537616100168
forgotten,0,1,15.963522378927467,0.004984537616100168
formonide,0,1,15.963522378927467,0.004984537616100168
fortune,0,1,15.963522378927467,0.004984537616100168
forwarded,0,1,15.963522378927467,0.004984537616100168
fraction,0,1,15.963522378927467,0.004984537616100168
frames,0,1,15.963522378927467,0.004984537616100168
frature,0,1,15.963522378927467,0.004984537616100168
freaks,0,1,15.963522378927467,0.004984537616100168
freely,0,1,15.963522378927467,0.004984537616100168
frisium,0,1,15.963522378927467,0.004984537616100168
from3,0,1,15.963522378927467,0.004984537616100168
frozen,0,1,15.963522378927467,0.004984537616100168
fruquently,0,1,15.963522378927467,0.004984537616100168
frusterated,0,1,15.963522378927467,0.004984537616100168
fruta,0,1,15.963522378927467,0.004984537616100168
ft,0,1,15.963522378927467,0.004984537616100168
fucidin,0,1,15.963522378927467,0.004984537616100168
fun,0,1,15.963522378927467,0.004984537616100168
functional,0,1,15.963522378927467,0.004984537616100168
furmaist,0,1,15.963522378927467,0.004984537616100168
fuse,0,1,15.963522378927467,0.004984537616100168
fussiness,0,1,15.963522378927467,0.004984537616100168
g1,0,1,15.963522378927467,0.004984537616100168
gabaneuron,0,1,15.963522378927467,0.004984537616100168
gabapentin,0,1,15.963522378927467,0.004984537616100168
galbladder,0,1,15.963522378927467,0.004984537616100168
gallstone,0,1,15.963522378927467,0.004984537616100168
game,0,1,15.963522378927467,0.004984537616100168
ganglion,0,1,15.963522378927467,0.004984537616100168
gaps,0,1,15.963522378927467,0.004984537616100168
gardinal,0,1,15.963522378927467,0.004984537616100168
gasping,0,1,15.963522378927467,0.004984537616100168
gasteric,0,1,15.963522378927467,0.004984537616100168
gastroenterologist,0,1,15.963522378927467,0.004984537616100168
gastroenterology,0,1,15.963522378927467,0.004984537616100168
gastrointerolligist,0,1,15.963522378927467,0.004984537616100168
gastroscopy,0,1,15.963522378927467,0.004984537616100168
geel,0,1,15.963522378927467,0.004984537616100168
gemcal,0,1,15.963522378927467,0.004984537616100168
gemzar,0,1,15.963522378927467,0.004984537616100168
gen,0,1,15.963522378927467,0.004984537616100168
gender,0,1,15.963522378927467,0.004984537616100168
generalized,0,1,15.963522378927467,0.004984537616100168
generic,0,1,15.963522378927467,0.004984537616100168
genitalia,0,1,15.963522378927467,0.004984537616100168
gerd,0,1,15.963522378927467,0.004984537616100168
getcaught,0,1,15.963522378927467,0.004984537616100168
gettting,0,1,15.963522378927467,0.004984537616100168
ghazi,0,1,15.963522378927467,0.004984537616100168
ghet,0,1,15.963522378927467,0.004984537616100168
giddiness,0,1,15.963522378927467,0.004984537616100168
ginger,0,1,15.963522378927467,0.004984537616100168
gittery,0,1,15.963522378927467,0.004984537616100168
glassy,0,1,15.963522378927467,0.004984537616100168
gloves,0,1,15.963522378927467,0.004984537616100168
glucosamine,0,1,15.963522378927467,0.004984537616100168
gluten,0,1,15.963522378927467,0.004984537616100168
glutes,0,1,15.963522378927467,0.004984537616100168
gmail,0,1,15.963522378927467,0.004984537616100168
gonarhea,0,1,15.963522378927467,0.004984537616100168
goretex,0,1,15.963522378927467,0.004984537616100168
gossips,0,1,15.963522378927467,0.004984537616100168
gout,0,1,15.963522378927467,0.004984537616100168
gowtham,0,1,15.963522378927467,0.004984537616100168
gpt,0,1,15.963522378927467,0.004984537616100168
grab,0,1,15.963522378927467,0.004984537616100168
grabbing,0,1,15.963522378927467,0.004984537616100168
grandaughter,0,1,15.963522378927467,0.004984537616100168
grandmothers,0,1,15.963522378927467,0.004984537616100168
grandparents,0,1,15.963522378927467,0.004984537616100168
grandsons,0,1,15.963522378927467,0.004984537616100168
granules,0,1,15.963522378927467,0.004984537616100168
greatful,0,1,15.963522378927467,0.004984537616100168
greetings,0,1,15.963522378927467,0.004984537616100168
greyish,0,1,15.963522378927467,0.004984537616100168
grief,0,1,15.963522378927467,0.004984537616100168
guard,0,1,15.963522378927467,0.004984537616100168
guidelines,0,1,15.963522378927467,0.004984537616100168
guinea,0,1,15.963522378927467,0.004984537616100168
gulf,0,1,15.963522378927467,0.004984537616100168
guntur,0,1,15.963522378927467,0.004984537616100168
gurgling,0,1,15.963522378927467,0.004984537616100168
gyming,0,1,15.963522378927467,0.004984537616100168
h1n1,0,1,15.963522378927467,0.004984537616100168
haemoglobin,0,1,15.963522378927467,0.004984537616100168
haley,0,1,15.963522378927467,0.004984537616100168
hallucinating,0,1,15.963522378927467,0.004984537616100168
halo,0,1,15.963522378927467,0.004984537616100168
handling,0,1,15.963522378927467,0.004984537616100168
happeningit,0,1,15.963522378927467,0.004984537616100168
happenning,0,1,15.963522378927467,0.004984537616100168
happiness,0,1,15.963522378927467,0.004984537616100168
hardens,0,1,15.963522378927467,0.004984537616100168
hardware,0,1,15.963522378927467,0.004984537616100168
hashimotos,0,1,15.963522378927467,0.004984537616100168
haul,0,1,15.963522378927467,0.004984537616100168
hb1ac,0,1,15.963522378927467,0.004984537616100168
hct,0,1,15.963522378927467,0.004984537616100168
hctz,0,1,15.963522378927467,0.004984537616100168
healtchatdoctore,0,1,15.963522378927467,0.004984537616100168
healthier,0,1,15.963522378927467,0.004984537616100168
healy,0,1,15.963522378927467,0.004984537616100168
heared,0,1,15.963522378927467,0.004984537616100168
heigt,0,1,15.963522378927467,0.004984537616100168
helpless,0,1,15.963522378927467,0.004984537616100168
helpsteven,0,1,15.963522378927467,0.004984537616100168
hem,0,1,15.963522378927467,0.004984537616100168
hematologist,0,1,15.963522378927467,0.004984537616100168
hemo,0,1,15.963522378927467,0.004984537616100168
hemogram,0,1,15.963522378927467,0.004984537616100168
hepatic,0,1,15.963522378927467,0.004984537616100168
hepatitas,0,1,15.963522378927467,0.004984537616100168
hepatitus,0,1,15.963522378927467,0.004984537616100168
heptatis,0,1,15.963522378927467,0.004984537616100168
heqrt,0,1,15.963522378927467,0.004984537616100168
herding,0,1,15.963522378927467,0.004984537616100168
hermouth,0,1,15.963522378927467,0.004984537616100168
herniated,0,1,15.963522378927467,0.004984537616100168
heterogeneous,0,1,15.963522378927467,0.004984537616100168
hew,0,1,15.963522378927467,0.004984537616100168
hgt,0,1,15.963522378927467,0.004984537616100168
hhello,0,1,15.963522378927467,0.004984537616100168
hiatal,0,1,15.963522378927467,0.004984537616100168
hiatus,0,1,15.963522378927467,0.004984537616100168
highest,0,1,15.963522378927467,0.004984537616100168
highly,0,1,15.963522378927467,0.004984537616100168
highpossibility,0,1,15.963522378927467,0.004984537616100168
higth,0,1,15.963522378927467,0.004984537616100168
hills,0,1,15.963522378927467,0.004984537616100168
hindsight,0,1,15.963522378927467,0.004984537616100168
histamines,0,1,15.963522378927467,0.004984537616100168
historectomy,0,1,15.963522378927467,0.004984537616100168
hitting,0,1,15.963522378927467,0.004984537616100168
hives,0,1,15.963522378927467,0.004984537616100168
hogkins,0,1,15.963522378927467,0.004984537616100168
holiday,0,1,15.963522378927467,0.004984537616100168
homeopthy,0,1,15.963522378927467,0.004984537616100168
homio,0,1,15.963522378927467,0.004984537616100168
honestly,0,1,15.963522378927467,0.004984537616100168
hopeful,0,1,15.963522378927467,0.004984537616100168
hopitalized,0,1,15.963522378927467,0.004984537616100168
horn,0,1,15.963522378927467,0.004984537616100168
horribly,0,1,15.963522378927467,0.004984537616100168
horror,0,1,15.963522378927467,0.004984537616100168
horses,0,1,15.963522378927467,0.004984537616100168
hospitalisation,0,1,15.963522378927467,0.004984537616100168
hotmailcom,0,1,15.963522378927467,0.004984537616100168
howevr,0,1,15.963522378927467,0.004984537616100168
hp,0,1,15.963522378927467,0.004984537616100168
hqd,0,1,15.963522378927467,0.004984537616100168
hsv2,0,1,15.963522378927467,0.004984537616100168
hurtful,0,1,15.963522378927467,0.004984537616100168
hut,0,1,15.963522378927467,0.004984537616100168
hydrocortisone,0,1,15.963522378927467,0.004984537616100168
hydroureteroneohrosis,0,1,15.963522378927467,0.004984537616100168
hydroxy,0,1,15.963522378927467,0.004984537616100168
hydroxychloroquine,0,1,15.963522378927467,0.004984537616100168
hygiene,0,1,15.963522378927467,0.004984537616100168
hyperintensitve,0,1,15.963522378927467,0.004984537616100168
hyperlipidemia,0,1,15.963522378927467,0.004984537616100168
hypertention,0,1,15.963522378927467,0.004984537616100168
hypodense,0,1,15.963522378927467,0.004984537616100168
hypoglycemia,0,1,15.963522378927467,0.004984537616100168
hysterectomy,0,1,15.963522378927467,0.004984537616100168
ibsa,0,1,15.963522378927467,0.004984537616100168
ican,0,1,15.963522378927467,0.004984537616100168
ich,0,1,15.963522378927467,0.004984537616100168
iched,0,1,15.963522378927467,0.004984537616100168
ichy,0,1,15.963522378927467,0.004984537616100168
ictchy,0,1,15.963522378927467,0.004984537616100168
icy,0,1,15.963522378927467,0.004984537616100168
identified,0,1,15.963522378927467,0.004984537616100168
identify,0,1,15.963522378927467,0.004984537616100168
idiopathic,0,1,15.963522378927467,0.004984537616100168
ie,0,1,15.963522378927467,0.004984537616100168
iffy,0,1,15.963522378927467,0.004984537616100168
iii,0,1,15.963522378927467,0.004984537616100168
ileanial,0,1,15.963522378927467,0.004984537616100168
imaging,0,1,15.963522378927467,0.004984537616100168
imdepressed,0,1,15.963522378927467,0.004984537616100168
immune,0,1,15.963522378927467,0.004984537616100168
immunoglobulins,0,1,15.963522378927467,0.004984537616100168
immunologist,0,1,15.963522378927467,0.004984537616100168
impacted,0,1,15.963522378927467,0.004984537616100168
imperfertaed,0,1,15.963522378927467,0.004984537616100168
impingement,0,1,15.963522378927467,0.004984537616100168
implannon,0,1,15.963522378927467,0.004984537616100168
implant,0,1,15.963522378927467,0.004984537616100168
implanted,0,1,15.963522378927467,0.004984537616100168
importantly,0,1,15.963522378927467,0.004984537616100168
improper,0,1,15.963522378927467,0.004984537616100168
inactive,0,1,15.963522378927467,0.004984537616100168
incidental,0,1,15.963522378927467,0.004984537616100168
incidentally,0,1,15.963522378927467,0.004984537616100168
incision,0,1,15.963522378927467,0.004984537616100168
includes,0,1,15.963522378927467,0.004984537616100168
incomplete,0,1,15.963522378927467,0.004984537616100168
incontinence,0,1,15.963522378927467,0.004984537616100168
incredibly,0,1,15.963522378927467,0.004984537616100168
indent,0,1,15.963522378927467,0.004984537616100168
indented,0,1,15.963522378927467,0.004984537616100168
inderal,0,1,15.963522378927467,0.004984537616100168
inevitable,0,1,15.963522378927467,0.004984537616100168
infaltration,0,1,15.963522378927467,0.004984537616100168
inferior,0,1,15.963522378927467,0.004984537616100168
infiltrates,0,1,15.963522378927467,0.004984537616100168
inflamation,0,1,15.963522378927467,0.004984537616100168
infrequently,0,1,15.963522378927467,0.004984537616100168
infront,0,1,15.963522378927467,0.004984537616100168
inhaled,0,1,15.963522378927467,0.004984537616100168
initiallly,0,1,15.963522378927467,0.004984537616100168
inject,0,1,15.963522378927467,0.004984537616100168
injenctiin,0,1,15.963522378927467,0.004984537616100168
injure,0,1,15.963522378927467,0.004984537616100168
ink,0,1,15.963522378927467,0.004984537616100168
innerspace,0,1,15.963522378927467,0.004984537616100168
insertex,0,1,15.963522378927467,0.004984537616100168
insight,0,1,15.963522378927467,0.004984537616100168
inspire,0,1,15.963522378927467,0.004984537616100168
install,0,1,15.963522378927467,0.004984537616100168
installation,0,1,15.963522378927467,0.004984537616100168
instant,0,1,15.963522378927467,0.004984537616100168
instense,0,1,15.963522378927467,0.004984537616100168
intact,0,1,15.963522378927467,0.004984537616100168
intentional,0,1,15.963522378927467,0.004984537616100168
interciurse,0,1,15.963522378927467,0.004984537616100168
intercorse,0,1,15.963522378927467,0.004984537616100168
interested,0,1,15.963522378927467,0.004984537616100168
interestingly,0,1,15.963522378927467,0.004984537616100168
interferon,0,1,15.963522378927467,0.004984537616100168
international,0,1,15.963522378927467,0.004984537616100168
interrupt,0,1,15.963522378927467,0.004984537616100168
interval,0,1,15.963522378927467,0.004984537616100168
intervention,0,1,15.963522378927467,0.004984537616100168
intervertebral,0,1,15.963522378927467,0.004984537616100168
investigated,0,1,15.963522378927467,0.004984537616100168
involvement,0,1,15.963522378927467,0.004984537616100168
ipt,0,1,15.963522378927467,0.004984537616100168
irritate,0,1,15.963522378927467,0.004984537616100168
isha,0,1,15.963522378927467,0.004984537616100168
isiah,0,1,15.963522378927467,0.004984537616100168
islamabad,0,1,15.963522378927467,0.004984537616100168
isolotaed,0,1,15.963522378927467,0.004984537616100168
italk,0,1,15.963522378927467,0.004984537616100168
itched,0,1,15.963522378927467,0.004984537616100168
itciness,0,1,15.963522378927467,0.004984537616100168
items,0,1,15.963522378927467,0.004984537616100168
ith,0,1,15.963522378927467,0.004984537616100168
itp,0,1,15.963522378927467,0.004984537616100168
itsch,0,1,15.963522378927467,0.004984537616100168
ivig,0,1,15.963522378927467,0.004984537616100168
iw,0,1,15.963522378927467,0.004984537616100168
jagatheesan,0,1,15.963522378927467,0.004984537616100168
jags,0,1,15.963522378927467,0.004984537616100168
janitorial,0,1,15.963522378927467,0.004984537616100168
janrob4040,0,1,15.963522378927467,0.004984537616100168
jaundiced,0,1,15.963522378927467,0.004984537616100168
jawline,0,1,15.963522378927467,0.004984537616100168
jay,0,1,15.963522378927467,0.004984537616100168
jaya,0,1,15.963522378927467,0.004984537616100168
jogging,0,1,15.963522378927467,0.004984537616100168
josy,0,1,15.963522378927467,0.004984537616100168
jugular,0,1,15.963522378927467,0.004984537616100168
jumped,0,1,15.963522378927467,0.004984537616100168
jumping,0,1,15.963522378927467,0.004984537616100168
justify,0,1,15.963522378927467,0.004984537616100168
kalyan,0,1,15.963522378927467,0.004984537616100168
kaya,0,1,15.963522378927467,0.004984537616100168
keller,0,1,15.963522378927467,0.004984537616100168
kellologs,0,1,15.963522378927467,0.004984537616100168
ken,0,1,15.963522378927467,0.004984537616100168
keratosis,0,1,15.963522378927467,0.004984537616100168
kernel,0,1,15.963522378927467,0.004984537616100168
ketogenic,0,1,15.963522378927467,0.004984537616100168
kicks,0,1,15.963522378927467,0.004984537616100168
kilo,0,1,15.963522378927467,0.004984537616100168
kim,0,1,15.963522378927467,0.004984537616100168
kindest,0,1,15.963522378927467,0.004984537616100168
klavox,0,1,15.963522378927467,0.004984537616100168
klebsiella,0,1,15.963522378927467,0.004984537616100168
km,0,1,15.963522378927467,0.004984537616100168
kne,0,1,15.963522378927467,0.004984537616100168
knickers,0,1,15.963522378927467,0.004984537616100168
knife,0,1,15.963522378927467,0.004984537616100168
knive,0,1,15.963522378927467,0.004984537616100168
knocking,0,1,15.963522378927467,0.004984537616100168
knowhat,0,1,15.963522378927467,0.004984537616100168
knowticed,0,1,15.963522378927467,0.004984537616100168
knuckles,0,1,15.963522378927467,0.004984537616100168
krimson,0,1,15.963522378927467,0.004984537616100168
kvb,0,1,15.963522378927467,0.004984537616100168
la,0,1,15.963522378927467,0.004984537616100168
lable,0,1,15.963522378927467,0.004984537616100168
labored,0,1,15.963522378927467,0.004984537616100168
labs,0,1,15.963522378927467,0.004984537616100168
lactobes,0,1,15.963522378927467,0.004984537616100168
lactulose,0,1,15.963522378927467,0.004984537616100168
lamba,0,1,15.963522378927467,0.004984537616100168
lanapril,0,1,15.963522378927467,0.004984537616100168
landing,0,1,15.963522378927467,0.004984537616100168
lanka,0,1,15.963522378927467,0.004984537616100168
laos,0,1,15.963522378927467,0.004984537616100168
larazapam,0,1,15.963522378927467,0.004984537616100168
lase,0,1,15.963522378927467,0.004984537616100168
lather,0,1,15.963522378927467,0.004984537616100168
latisha,0,1,15.963522378927467,0.004984537616100168
laughs,0,1,15.963522378927467,0.004984537616100168
laundry,0,1,15.963522378927467,0.004984537616100168
lax,0,1,15.963522378927467,0.004984537616100168
lazy,0,1,15.963522378927467,0.004984537616100168
leakege,0,1,15.963522378927467,0.004984537616100168
lean,0,1,15.963522378927467,0.004984537616100168
leaning,0,1,15.963522378927467,0.004984537616100168
learned,0,1,15.963522378927467,0.004984537616100168
learning,0,1,15.963522378927467,0.004984537616100168
leidan,0,1,15.963522378927467,0.004984537616100168
lemitor,0,1,15.963522378927467,0.004984537616100168
lemon,0,1,15.963522378927467,0.004984537616100168
lemonade,0,1,15.963522378927467,0.004984537616100168
lessened,0,1,15.963522378927467,0.004984537616100168
letsi,0,1,15.963522378927467,0.004984537616100168
letsi2,0,1,15.963522378927467,0.004984537616100168
leucocyte,0,1,15.963522378927467,0.004984537616100168
levaquin,0,1,15.963522378927467,0.004984537616100168
leves,0,1,15.963522378927467,0.004984537616100168
levipil,0,1,15.963522378927467,0.004984537616100168
levocetrizine,0,1,15.963522378927467,0.004984537616100168
lezra,0,1,15.963522378927467,0.004984537616100168
lifestyle,0,1,15.963522378927467,0.004984537616100168
lifetime,0,1,15.963522378927467,0.004984537616100168
lightening,0,1,15.963522378927467,0.004984537616100168
lighter,0,1,15.963522378927467,0.004984537616100168
lightheadedness,0,1,15.963522378927467,0.004984537616100168
lightheaedness,0,1,15.963522378927467,0.004984537616100168
lightley,0,1,15.963522378927467,0.004984537616100168
limbs,0,1,15.963522378927467,0.004984537616100168
limitations,0,1,15.963522378927467,0.004984537616100168
limted,0,1,15.963522378927467,0.004984537616100168
liner,0,1,15.963522378927467,0.004984537616100168
lingers,0,1,15.963522378927467,0.004984537616100168
linked,0,1,15.963522378927467,0.004984537616100168
lipitor,0,1,15.963522378927467,0.004984537616100168
lipoic,0,1,15.963522378927467,0.004984537616100168
lipping,0,1,15.963522378927467,0.004984537616100168
liquids,0,1,15.963522378927467,0.004984537616100168
liquified,0,1,15.963522378927467,0.004984537616100168
lisinipri,0,1,15.963522378927467,0.004984537616100168
lisinipril,0,1,15.963522378927467,0.004984537616100168
lisinopril,0,1,15.963522378927467,0.004984537616100168
list,0,1,15.963522378927467,0.004984537616100168
listened,0,1,15.963522378927467,0.004984537616100168
lists,0,1,15.963522378927467,0.004984537616100168
literally,0,1,15.963522378927467,0.004984537616100168
lithotripsy,0,1,15.963522378927467,0.004984537616100168
littele,0,1,15.963522378927467,0.004984537616100168
livopill,0,1,15.963522378927467,0.004984537616100168
load,0,1,15.963522378927467,0.004984537616100168
loads,0,1,15.963522378927467,0.004984537616100168
lobe,0,1,15.963522378927467,0.004984537616100168
lobster,0,1,15.963522378927467,0.004984537616100168
localised,0,1,15.963522378927467,0.004984537616100168
locked,0,1,15.963522378927467,0.004984537616100168
locking,0,1,15.963522378927467,0.004984537616100168
lol,0,1,15.963522378927467,0.004984537616100168
longus,0,1,15.963522378927467,0.004984537616100168
lopid,0,1,15.963522378927467,0.004984537616100168
lordotic,0,1,15.963522378927467,0.004984537616100168
lori,0,1,15.963522378927467,0.004984537616100168
losar,0,1,15.963522378927467,0.004984537616100168
losartan,0,1,15.963522378927467,0.004984537616100168
loses,0,1,15.963522378927467,0.004984537616100168
lot15,0,1,15.963522378927467,0.004984537616100168
loudly,0,1,15.963522378927467,0.004984537616100168
loved,0,1,15.963522378927467,0.004984537616100168
lt,0,1,15.963522378927467,0.004984537616100168
lubricating,0,1,15.963522378927467,0.004984537616100168
lufe,0,1,15.963522378927467,0.004984537616100168
luke,0,1,15.963522378927467,0.004984537616100168
lukemia,0,1,15.963522378927467,0.004984537616100168
lumar,0,1,15.963522378927467,0.004984537616100168
lumber,0,1,15.963522378927467,0.004984537616100168
lumbosacral,0,1,15.963522378927467,0.004984537616100168
lumpiness,0,1,15.963522378927467,0.004984537616100168
lupron,0,1,15.963522378927467,0.004984537616100168
lymphoma,0,1,15.963522378927467,0.004984537616100168
lymphs,0,1,15.963522378927467,0.004984537616100168
lysome,0,1,15.963522378927467,0.004984537616100168
maharashtra,0,1,15.963522378927467,0.004984537616100168
mai,0,1,15.963522378927467,0.004984537616100168
makeing,0,1,15.963522378927467,0.004984537616100168
malignant,0,1,15.963522378927467,0.004984537616100168
managed,0,1,15.963522378927467,0.004984537616100168
manny,0,1,15.963522378927467,0.004984537616100168
mantoux,0,1,15.963522378927467,0.004984537616100168
maprate,0,1,15.963522378927467,0.004984537616100168
marcht,0,1,15.963522378927467,0.004984537616100168
marginal,0,1,15.963522378927467,0.004984537616100168
mariam,0,1,15.963522378927467,0.004984537616100168
marked,0,1,15.963522378927467,0.004984537616100168
mart,0,1,15.963522378927467,0.004984537616100168
martial,0,1,15.963522378927467,0.004984537616100168
mastebation,0,1,15.963522378927467,0.004984537616100168
master,0,1,15.963522378927467,0.004984537616100168
mastubation,0,1,15.963522378927467,0.004984537616100168
material,0,1,15.963522378927467,0.004984537616100168
matters,0,1,15.963522378927467,0.004984537616100168
mca,0,1,15.963522378927467,0.004984537616100168
md,0,1,15.963522378927467,0.004984537616100168
mdd,0,1,15.963522378927467,0.004984537616100168
meaning,0,1,15.963522378927467,0.004984537616100168
meantime,0,1,15.963522378927467,0.004984537616100168
measure,0,1,15.963522378927467,0.004984537616100168
mebo,0,1,15.963522378927467,0.004984537616100168
mecgla,0,1,15.963522378927467,0.004984537616100168
medicaid,0,1,15.963522378927467,0.004984537616100168
medicinestab,0,1,15.963522378927467,0.004984537616100168
medicing,0,1,15.963522378927467,0.004984537616100168
meditions,0,1,15.963522378927467,0.004984537616100168
meet,0,1,15.963522378927467,0.004984537616100168
megaly,0,1,15.963522378927467,0.004984537616100168
melanoma,0,1,15.963522378927467,0.004984537616100168
memories,0,1,15.963522378927467,0.004984537616100168
mences,0,1,15.963522378927467,0.004984537616100168
meningitis,0,1,15.963522378927467,0.004984537616100168
menstruation,0,1,15.963522378927467,0.004984537616100168
mentation,0,1,15.963522378927467,0.004984537616100168
mentioning,0,1,15.963522378927467,0.004984537616100168
menustration,0,1,15.963522378927467,0.004984537616100168
mesoglow,0,1,15.963522378927467,0.004984537616100168
mess,0,1,15.963522378927467,0.004984537616100168
messed,0,1,15.963522378927467,0.004984537616100168
metals,0,1,15.963522378927467,0.004984537616100168
metanium,0,1,15.963522378927467,0.004984537616100168
meter,0,1,15.963522378927467,0.004984537616100168
methanks,0,1,15.963522378927467,0.004984537616100168
methotiate,0,1,15.963522378927467,0.004984537616100168
methotrexate,0,1,15.963522378927467,0.004984537616100168
metrolac,0,1,15.963522378927467,0.004984537616100168
mforte,0,1,15.963522378927467,0.004984537616100168
mgs,0,1,15.963522378927467,0.004984537616100168
mia,0,1,15.963522378927467,0.004984537616100168
microlithiais,0,1,15.963522378927467,0.004984537616100168
miday,0,1,15.963522378927467,0.004984537616100168
midback,0,1,15.963522378927467,0.004984537616100168
midwife,0,1,15.963522378927467,0.004984537616100168
migrating,0,1,15.963522378927467,0.004984537616100168
mil,0,1,15.963522378927467,0.004984537616100168
mildly,0,1,15.963522378927467,0.004984537616100168
mile,0,1,15.963522378927467,0.004984537616100168
milestones,0,1,15.963522378927467,0.004984537616100168
million,0,1,15.963522378927467,0.004984537616100168
millions,0,1,15.963522378927467,0.004984537616100168
minded,0,1,15.963522378927467,0.004984537616100168
minerals,0,1,15.963522378927467,0.004984537616100168
mintop,0,1,15.963522378927467,0.004984537616100168
mirtaz,0,1,15.963522378927467,0.004984537616100168
miscarriages,0,1,15.963522378927467,0.004984537616100168
miscarrige,0,1,15.963522378927467,0.004984537616100168
mising,0,1,15.963522378927467,0.004984537616100168
misoprostol,0,1,15.963522378927467,0.004984537616100168
mite,0,1,15.963522378927467,0.004984537616100168
mitigate,0,1,15.963522378927467,0.004984537616100168
mitro,0,1,15.963522378927467,0.004984537616100168
mitroffanoff,0,1,15.963522378927467,0.004984537616100168
mixed,0,1,15.963522378927467,0.004984537616100168
mmelendez686,0,1,15.963522378927467,0.004984537616100168
mmm,0,1,15.963522378927467,0.004984537616100168
moderate,0,1,15.963522378927467,0.004984537616100168
moderately,0,1,15.963522378927467,0.004984537616100168
mollar,0,1,15.963522378927467,0.004984537616100168
mommy,0,1,15.963522378927467,0.004984537616100168
mondays,0,1,15.963522378927467,0.004984537616100168
monocytes,0,1,15.963522378927467,0.004984537616100168
monsters,0,1,15.963522378927467,0.004984537616100168
monte,0,1,15.963522378927467,0.004984537616100168
montek,0,1,15.963522378927467,0.004984537616100168
moody,0,1,15.963522378927467,0.004984537616100168
moonlighted,0,1,15.963522378927467,0.004984537616100168
mor,0,1,15.963522378927467,0.004984537616100168
morfine,0,1,15.963522378927467,0.004984537616100168
mornings,0,1,15.963522378927467,0.004984537616100168
mosquito,0,1,15.963522378927467,0.004984537616100168
mosquitos,0,1,15.963522378927467,0.004984537616100168
motionless,0,1,15.963522378927467,0.004984537616100168
motorbikecrash,0,1,15.963522378927467,0.004984537616100168
motorcycle,0,1,15.963522378927467,0.004984537616100168
mountains,0,1,15.963522378927467,0.004984537616100168
movable,0,1,15.963522378927467,0.004984537616100168
moveable,0,1,15.963522378927467,0.004984537616100168
moving,0,1,15.963522378927467,0.004984537616100168
mpv,0,1,15.963522378927467,0.004984537616100168
mrcp,0,1,15.963522378927467,0.004984537616100168
ms,0,1,15.963522378927467,0.004984537616100168
msf,0,1,15.963522378927467,0.004984537616100168
mucenex,0,1,15.963522378927467,0.004984537616100168
muchly,0,1,15.963522378927467,0.004984537616100168
mucusy,0,1,15.963522378927467,0.004984537616100168
multi,0,1,15.963522378927467,0.004984537616100168
multiplanar,0,1,15.963522378927467,0.004984537616100168
multisequence,0,1,15.963522378927467,0.004984537616100168
multiviatamins,0,1,15.963522378927467,0.004984537616100168
muschel,0,1,15.963522378927467,0.004984537616100168
muscsle,0,1,15.963522378927467,0.004984537616100168
mushy,0,1,15.963522378927467,0.004984537616100168
musterbate,0,1,15.963522378927467,0.004984537616100168
myeloma,0,1,15.963522378927467,0.004984537616100168
mygrandpa,0,1,15.963522378927467,0.004984537616100168
myhusband,0,1,15.963522378927467,0.004984537616100168
myleoma,0,1,15.963522378927467,0.004984537616100168
myoclonic,0,1,15.963522378927467,0.004984537616100168
myotol,0,1,15.963522378927467,0.004984537616100168
myvside,0,1,15.963522378927467,0.004984537616100168
nad,0,1,15.963522378927467,0.004984537616100168
nagging,0,1,15.963522378927467,0.004984537616100168
nails,0,1,15.963522378927467,0.004984537616100168
named,0,1,15.963522378927467,0.004984537616100168
namely,0,1,15.963522378927467,0.004984537616100168
nappy,0,1,15.963522378927467,0.004984537616100168
naprosyn,0,1,15.963522378927467,0.004984537616100168
naproxine,0,1,15.963522378927467,0.004984537616100168
napy,0,1,15.963522378927467,0.004984537616100168
naseaus,0,1,15.963522378927467,0.004984537616100168
nathalie,0,1,15.963522378927467,0.004984537616100168
national,0,1,15.963522378927467,0.004984537616100168
naural,0,1,15.963522378927467,0.004984537616100168
nauseas,0,1,15.963522378927467,0.004984537616100168
nausias,0,1,15.963522378927467,0.004984537616100168
navel,0,1,15.963522378927467,0.004984537616100168
neagtive,0,1,15.963522378927467,0.004984537616100168
nearer,0,1,15.963522378927467,0.004984537616100168
nearest,0,1,15.963522378927467,0.004984537616100168
nebulised,0,1,15.963522378927467,0.004984537616100168
nect,0,1,15.963522378927467,0.004984537616100168
needless,0,1,15.963522378927467,0.004984537616100168
neices,0,1,15.963522378927467,0.004984537616100168
neobid,0,1,15.963522378927467,0.004984537616100168
neohroligist,0,1,15.963522378927467,0.004984537616100168
neomycin,0,1,15.963522378927467,0.004984537616100168
nephroligist,0,1,15.963522378927467,0.004984537616100168
nephrologist,0,1,15.963522378927467,0.004984537616100168
neprosyn,0,1,15.963522378927467,0.004984537616100168
neropithy,0,1,15.963522378927467,0.004984537616100168
nerves,0,1,15.963522378927467,0.004984537616100168
ness,0,1,15.963522378927467,0.004984537616100168
nest,0,1,15.963522378927467,0.004984537616100168
neturaly,0,1,15.963522378927467,0.004984537616100168
neucobal,0,1,15.963522378927467,0.004984537616100168
neuralgia,0,1,15.963522378927467,0.004984537616100168
neurofen,0,1,15.963522378927467,0.004984537616100168
neurologic,0,1,15.963522378927467,0.004984537616100168
neurological,0,1,15.963522378927467,0.004984537616100168
nevertheless,0,1,15.963522378927467,0.004984537616100168
newbona,0,1,15.963522378927467,0.004984537616100168
newer,0,1,15.963522378927467,0.004984537616100168
ng,0,1,15.963522378927467,0.004984537616100168
nickel,0,1,15.963522378927467,0.004984537616100168
nightmares,0,1,15.963522378927467,0.004984537616100168
nj,0,1,15.963522378927467,0.004984537616100168
nodular,0,1,15.963522378927467,0.004984537616100168
nodule,0,1,15.963522378927467,0.004984537616100168
noel,0,1,15.963522378927467,0.004984537616100168
nonstop,0,1,15.963522378927467,0.004984537616100168
nonthing,0,1,15.963522378927467,0.004984537616100168
nonths,0,1,15.963522378927467,0.004984537616100168
normla,0,1,15.963522378927467,0.004984537616100168
north,0,1,15.963522378927467,0.004984537616100168
nortrel,0,1,15.963522378927467,0.004984537616100168
nostil,0,1,15.963522378927467,0.004984537616100168
nostrils,0,1,15.963522378927467,0.004984537616100168
notebook,0,1,15.963522378927467,0.004984537616100168
noticebale,0,1,15.963522378927467,0.004984537616100168
noting,0,1,15.963522378927467,0.004984537616100168
nourished,0,1,15.963522378927467,0.004984537616100168
nowhere,0,1,15.963522378927467,0.004984537616100168
nowim,0,1,15.963522378927467,0.004984537616100168
nps,0,1,15.963522378927467,0.004984537616100168
nuisance,0,1,15.963522378927467,0.004984537616100168
numbest,0,1,15.963522378927467,0.004984537616100168
numbing,0,1,15.963522378927467,0.004984537616100168
nummber,0,1,15.963522378927467,0.004984537616100168
nuroday,0,1,15.963522378927467,0.004984537616100168
nursed,0,1,15.963522378927467,0.004984537616100168
nursing,0,1,15.963522378927467,0.004984537616100168
nutmeg,0,1,15.963522378927467,0.004984537616100168
nutrolinbplus,0,1,15.963522378927467,0.004984537616100168
nystagmus,0,1,15.963522378927467,0.004984537616100168
o2,0,1,15.963522378927467,0.004984537616100168
oa,0,1,15.963522378927467,0.004984537616100168
obstructive,0,1,15.963522378927467,0.004984537616100168
obviously,0,1,15.963522378927467,0.004984537616100168
occasion,0,1,15.963522378927467,0.004984537616100168
occuring,0,1,15.963522378927467,0.004984537616100168
occurred,0,1,15.963522378927467,0.004984537616100168
occurrence,0,1,15.963522378927467,0.004984537616100168
oddly,0,1,15.963522378927467,0.004984537616100168
offered,0,1,15.963522378927467,0.004984537616100168
offically,0,1,15.963522378927467,0.004984537616100168
oflocure,0,1,15.963522378927467,0.004984537616100168
oflomac,0,1,15.963522378927467,0.004984537616100168
ofthe,0,1,15.963522378927467,0.004984537616100168
olad,0,1,15.963522378927467,0.004984537616100168
olda,0,1,15.963522378927467,0.004984537616100168
olive,0,1,15.963522378927467,0.004984537616100168
omentum,0,1,15.963522378927467,0.004984537616100168
onc,0,1,15.963522378927467,0.004984537616100168
onchomycosis,0,1,15.963522378927467,0.004984537616100168
oncologist,0,1,15.963522378927467,0.004984537616100168
oncotrex,0,1,15.963522378927467,0.004984537616100168
oneside,0,1,15.963522378927467,0.004984537616100168
onion,0,1,15.963522378927467,0.004984537616100168
onlyhappened,0,1,15.963522378927467,0.004984537616100168
ontario,0,1,15.963522378927467,0.004984537616100168
opeing,0,1,15.963522378927467,0.004984537616100168
operable,0,1,15.963522378927467,0.004984537616100168
operate,0,1,15.963522378927467,0.004984537616100168
operaton,0,1,15.963522378927467,0.004984537616100168
operator,0,1,15.963522378927467,0.004984537616100168
opperation,0,1,15.963522378927467,0.004984537616100168
orally,0,1,15.963522378927467,0.004984537616100168
orangey,0,1,15.963522378927467,0.004984537616100168
orce,0,1,15.963522378927467,0.004984537616100168
orders,0,1,15.963522378927467,0.004984537616100168
organism,0,1,15.963522378927467,0.004984537616100168
orginal,0,1,15.963522378927467,0.004984537616100168
origin,0,1,15.963522378927467,0.004984537616100168
osteo,0,1,15.963522378927467,0.004984537616100168
osteomalacia,0,1,15.963522378927467,0.004984537616100168
osteopenia,0,1,15.963522378927467,0.004984537616100168
osteophytes,0,1,15.963522378927467,0.004984537616100168
osteophytic,0,1,15.963522378927467,0.004984537616100168
otrivin,0,1,15.963522378927467,0.004984537616100168
ould,0,1,15.963522378927467,0.004984537616100168
outcomes,0,1,15.963522378927467,0.004984537616100168
outer,0,1,15.963522378927467,0.004984537616100168
outter,0,1,15.963522378927467,0.004984537616100168
overdose,0,1,15.963522378927467,0.004984537616100168
overinflation,0,1,15.963522378927467,0.004984537616100168
overlooked,0,1,15.963522378927467,0.004984537616100168
overused,0,1,15.963522378927467,0.004984537616100168
ovum,0,1,15.963522378927467,0.004984537616100168
oxycontin,0,1,15.963522378927467,0.004984537616100168
packs,0,1,15.963522378927467,0.004984537616100168
page,0,1,15.963522378927467,0.004984537616100168
pai,0,1,15.963522378927467,0.004984537616100168
paini,0,1,15.963522378927467,0.004984537616100168
painis,0,1,15.963522378927467,0.004984537616100168
pakistn,0,1,15.963522378927467,0.004984537616100168
paks,0,1,15.963522378927467,0.004984537616100168
palmetto,0,1,15.963522378927467,0.004984537616100168
palmo,0,1,15.963522378927467,0.004984537616100168
palpitaions,0,1,15.963522378927467,0.004984537616100168
palys,0,1,15.963522378927467,0.004984537616100168
panadol,0,1,15.963522378927467,0.004984537616100168
pancratic,0,1,15.963522378927467,0.004984537616100168
panel,0,1,15.963522378927467,0.004984537616100168
panels,0,1,15.963522378927467,0.004984537616100168
panicing,0,1,15.963522378927467,0.004984537616100168
panicked,0,1,15.963522378927467,0.004984537616100168
panty,0,1,15.963522378927467,0.004984537616100168
papers,0,1,15.963522378927467,0.004984537616100168
paralyzed,0,1,15.963522378927467,0.004984537616100168
parameters,0,1,15.963522378927467,0.004984537616100168
parasite,0,1,15.963522378927467,0.004984537616100168
participate,0,1,15.963522378927467,0.004984537616100168
particles,0,1,15.963522378927467,0.004984537616100168
passages,0,1,15.963522378927467,0.004984537616100168
passout,0,1,15.963522378927467,0.004984537616100168
passurine,0,1,15.963522378927467,0.004984537616100168
paste,0,1,15.963522378927467,0.004984537616100168
patalogical,0,1,15.963522378927467,0.004984537616100168
patassium,0,1,15.963522378927467,0.004984537616100168
patella,0,1,15.963522378927467,0.004984537616100168
paticular,0,1,15.963522378927467,0.004984537616100168
payed,0,1,15.963522378927467,0.004984537616100168
paying,0,1,15.963522378927467,0.004984537616100168
payments,0,1,15.963522378927467,0.004984537616100168
pco2,0,1,15.963522378927467,0.004984537616100168
pdd,0,1,15.963522378927467,0.004984537616100168
peanut,0,1,15.963522378927467,0.004984537616100168
peanuts,0,1,15.963522378927467,0.004984537616100168
pebble,0,1,15.963522378927467,0.004984537616100168
pectoral,0,1,15.963522378927467,0.004984537616100168
peculiar,0,1,15.963522378927467,0.004984537616100168
pediasure,0,1,15.963522378927467,0.004984537616100168
pediatrics,0,1,15.963522378927467,0.004984537616100168
peel,0,1,15.963522378927467,0.004984537616100168
peeling,0,1,15.963522378927467,0.004984537616100168
peganant,0,1,15.963522378927467,0.004984537616100168
pen,0,1,15.963522378927467,0.004984537616100168
penile,0,1,15.963522378927467,0.004984537616100168
pennies,0,1,15.963522378927467,0.004984537616100168
pension,0,1,15.963522378927467,0.004984537616100168
pentasa,0,1,15.963522378927467,0.004984537616100168
penus,0,1,15.963522378927467,0.004984537616100168
perday,0,1,15.963522378927467,0.004984537616100168
perforation,0,1,15.963522378927467,0.004984537616100168
performing,0,1,15.963522378927467,0.004984537616100168
perfumes,0,1,15.963522378927467,0.004984537616100168
periodic,0,1,15.963522378927467,0.004984537616100168
periventricular,0,1,15.963522378927467,0.004984537616100168
permeant,0,1,15.963522378927467,0.004984537616100168
peroneal,0,1,15.963522378927467,0.004984537616100168
perriet,0,1,15.963522378927467,0.004984537616100168
persistant,0,1,15.963522378927467,0.004984537616100168
persons,0,1,15.963522378927467,0.004984537616100168
pervert,0,1,15.963522378927467,0.004984537616100168
pes,0,1,15.963522378927467,0.004984537616100168
petting,0,1,15.963522378927467,0.004984537616100168
ph8,0,1,15.963522378927467,0.004984537616100168
pharmacist,0,1,15.963522378927467,0.004984537616100168
pharmacy,0,1,15.963522378927467,0.004984537616100168
pheripheral,0,1,15.963522378927467,0.004984537616100168
phisio,0,1,15.963522378927467,0.004984537616100168
phlebitis,0,1,15.963522378927467,0.004984537616100168
photo,0,1,15.963522378927467,0.004984537616100168
phototherapy,0,1,15.963522378927467,0.004984537616100168
pica,0,1,15.963522378927467,0.004984537616100168
pickles,0,1,15.963522378927467,0.004984537616100168
picky,0,1,15.963522378927467,0.004984537616100168
picture,0,1,15.963522378927467,0.004984537616100168
pierced,0,1,15.963522378927467,0.004984537616100168
piercing,0,1,15.963522378927467,0.004984537616100168
pile,0,1,15.963522378927467,0.004984537616100168
piles,0,1,15.963522378927467,0.004984537616100168
pillsand,0,1,15.963522378927467,0.004984537616100168
pin,0,1,15.963522378927467,0.004984537616100168
piriformis,0,1,15.963522378927467,0.004984537616100168
pis,0,1,15.963522378927467,0.004984537616100168
pit,0,1,15.963522378927467,0.004984537616100168
pits,0,1,15.963522378927467,0.004984537616100168
pivd,0,1,15.963522378927467,0.004984537616100168
pizza,0,1,15.963522378927467,0.004984537616100168
pks,0,1,15.963522378927467,0.004984537616100168
placebo,0,1,15.963522378927467,0.004984537616100168
planned,0,1,15.963522378927467,0.004984537616100168
planta,0,1,15.963522378927467,0.004984537616100168
plantar,0,1,15.963522378927467,0.004984537616100168
plasma,0,1,15.963522378927467,0.004984537616100168
pleas,0,1,15.963522378927467,0.004984537616100168
pllease,0,1,15.963522378927467,0.004984537616100168
plspls,0,1,15.963522378927467,0.004984537616100168
plsssssssssssss,0,1,15.963522378927467,0.004984537616100168
pneumoniae,0,1,15.963522378927467,0.004984537616100168
pneumothorax,0,1,15.963522378927467,0.004984537616100168
po2,0,1,15.963522378927467,0.004984537616100168
pocs,0,1,15.963522378927467,0.004984537616100168
podiatrist,0,1,15.963522378927467,0.004984537616100168
pointer,0,1,15.963522378927467,0.004984537616100168
pointing,0,1,15.963522378927467,0.004984537616100168
poison,0,1,15.963522378927467,0.004984537616100168
poke,0,1,15.963522378927467,0.004984537616100168
polyethylene,0,1,15.963522378927467,0.004984537616100168
polyp,0,1,15.963522378927467,0.004984537616100168
ponstan,0,1,15.963522378927467,0.004984537616100168
popcorn,0,1,15.963522378927467,0.004984537616100168
popsicles,0,1,15.963522378927467,0.004984537616100168
porn,0,1,15.963522378927467,0.004984537616100168
portal,0,1,15.963522378927467,0.004984537616100168
portion,0,1,15.963522378927467,0.004984537616100168
portions,0,1,15.963522378927467,0.004984537616100168
posibly,0,1,15.963522378927467,0.004984537616100168
posterocentral,0,1,15.963522378927467,0.004984537616100168
potato,0,1,15.963522378927467,0.004984537616100168
potatoes,0,1,15.963522378927467,0.004984537616100168
potentially,0,1,15.963522378927467,0.004984537616100168
pouch,0,1,15.963522378927467,0.004984537616100168
pounding,0,1,15.963522378927467,0.004984537616100168
powders,0,1,15.963522378927467,0.004984537616100168
powdery,0,1,15.963522378927467,0.004984537616100168
pox,0,1,15.963522378927467,0.004984537616100168
prabhakar,0,1,15.963522378927467,0.004984537616100168
practicioner,0,1,15.963522378927467,0.004984537616100168
practioner,0,1,15.963522378927467,0.004984537616100168
practitioner,0,1,15.963522378927467,0.004984537616100168
pradeep,0,1,15.963522378927467,0.004984537616100168
prakash,0,1,15.963522378927467,0.004984537616100168
prasad,0,1,15.963522378927467,0.004984537616100168
predisone,0,1,15.963522378927467,0.004984537616100168
pregabalin,0,1,15.963522378927467,0.004984537616100168
pregnancies,0,1,15.963522378927467,0.004984537616100168
prelude,0,1,15.963522378927467,0.004984537616100168
prenatal,0,1,15.963522378927467,0.004984537616100168
preoneus,0,1,15.963522378927467,0.004984537616100168
president,0,1,15.963522378927467,0.004984537616100168
presisted,0,1,15.963522378927467,0.004984537616100168
prevacid,0,1,15.963522378927467,0.004984537616100168
preventing,0,1,15.963522378927467,0.004984537616100168
prilosec,0,1,15.963522378927467,0.004984537616100168
primarily,0,1,15.963522378927467,0.004984537616100168
prinz,0,1,15.963522378927467,0.004984537616100168
priscribed,0,1,15.963522378927467,0.004984537616100168
proair,0,1,15.963522378927467,0.004984537616100168
probleme,0,1,15.963522378927467,0.004984537616100168
probllem,0,1,15.963522378927467,0.004984537616100168
probs,0,1,15.963522378927467,0.004984537616100168
processed,0,1,15.963522378927467,0.004984537616100168
production,0,1,15.963522378927467,0.004984537616100168
professional,0,1,15.963522378927467,0.004984537616100168
progressing,0,1,15.963522378927467,0.004984537616100168
prolongation,0,1,15.963522378927467,0.004984537616100168
prolonged,0,1,15.963522378927467,0.004984537616100168
pronunciation,0,1,15.963522378927467,0.004984537616100168
propam,0,1,15.963522378927467,0.004984537616100168
properties,0,1,15.963522378927467,0.004984537616100168
prophylaxis,0,1,15.963522378927467,0.004984537616100168
proplase,0,1,15.963522378927467,0.004984537616100168
propranolol,0,1,15.963522378927467,0.004984537616100168
prosterate,0,1,15.963522378927467,0.004984537616100168
proteins,0,1,15.963522378927467,0.004984537616100168
prothombin,0,1,15.963522378927467,0.004984537616100168
provastatin,0,1,15.963522378927467,0.004984537616100168
prove,0,1,15.963522378927467,0.004984537616100168
proximal,0,1,15.963522378927467,0.004984537616100168
prp,0,1,15.963522378927467,0.004984537616100168
ps,0,1,15.963522378927467,0.004984537616100168
psa,0,1,15.963522378927467,0.004984537616100168
pseudo,0,1,15.963522378927467,0.004984537616100168
pshx,0,1,15.963522378927467,0.004984537616100168
psoriasis,0,1,15.963522378927467,0.004984537616100168
psychartist,0,1,15.963522378927467,0.004984537616100168
psychiatric,0,1,15.963522378927467,0.004984537616100168
psychological,0,1,15.963522378927467,0.004984537616100168
ptsd,0,1,15.963522378927467,0.004984537616100168
puffiness,0,1,15.963522378927467,0.004984537616100168
puffing,0,1,15.963522378927467,0.004984537616100168
pullup,0,1,15.963522378927467,0.004984537616100168
pulsation,0,1,15.963522378927467,0.004984537616100168
pulsing,0,1,15.963522378927467,0.004984537616100168
pump,0,1,15.963522378927467,0.004984537616100168
pumping,0,1,15.963522378927467,0.004984537616100168
pumpkin,0,1,15.963522378927467,0.004984537616100168
pumps,0,1,15.963522378927467,0.004984537616100168
punched,0,1,15.963522378927467,0.004984537616100168
punches,0,1,15.963522378927467,0.004984537616100168
pune,0,1,15.963522378927467,0.004984537616100168
punish,0,1,15.963522378927467,0.004984537616100168
punture,0,1,15.963522378927467,0.004984537616100168
purcell,0,1,15.963522378927467,0.004984537616100168
pure,0,1,15.963522378927467,0.004984537616100168
purplish,0,1,15.963522378927467,0.004984537616100168
purpura,0,1,15.963522378927467,0.004984537616100168
pvr,0,1,15.963522378927467,0.004984537616100168
pyzylac,0,1,15.963522378927467,0.004984537616100168
qc,0,1,15.963522378927467,0.004984537616100168
qt,0,1,15.963522378927467,0.004984537616100168
quacks,0,1,15.963522378927467,0.004984537616100168
quad,0,1,15.963522378927467,0.004984537616100168
quadriderm,0,1,15.963522378927467,0.004984537616100168
qualities,0,1,15.963522378927467,0.004984537616100168
quality,0,1,15.963522378927467,0.004984537616100168
quest,0,1,15.963522378927467,0.004984537616100168
quiet,0,1,15.963522378927467,0.004984537616100168
qvar,0,1,15.963522378927467,0.004984537616100168
rabonik,0,1,15.963522378927467,0.004984537616100168
races,0,1,15.963522378927467,0.004984537616100168
racing,0,1,15.963522378927467,0.004984537616100168
radha,0,1,15.963522378927467,0.004984537616100168
radiating,0,1,15.963522378927467,0.004984537616100168
radical,0,1,15.963522378927467,0.004984537616100168
radiodense,0,1,15.963522378927467,0.004984537616100168
radiologist,0,1,15.963522378927467,0.004984537616100168
rages,0,1,15.963522378927467,0.004984537616100168
raghvendra,0,1,15.963522378927467,0.004984537616100168
rains,0,1,15.963522378927467,0.004984537616100168
rainy,0,1,15.963522378927467,0.004984537616100168
raise,0,1,15.963522378927467,0.004984537616100168
raising,0,1,15.963522378927467,0.004984537616100168
rales,0,1,15.963522378927467,0.004984537616100168
ralop,0,1,15.963522378927467,0.004984537616100168
rambunctious,0,1,15.963522378927467,0.004984537616100168
ranges,0,1,15.963522378927467,0.004984537616100168
rao,0,1,15.963522378927467,0.004984537616100168
rare,0,1,15.963522378927467,0.004984537616100168
raricap,0,1,15.963522378927467,0.004984537616100168
rashesh,0,1,15.963522378927467,0.004984537616100168
rat,0,1,15.963522378927467,0.004984537616100168
rated,0,1,15.963522378927467,0.004984537616100168
ravisz,0,1,15.963522378927467,0.004984537616100168
raviz,0,1,15.963522378927467,0.004984537616100168
rawness,0,1,15.963522378927467,0.004984537616100168
raynaud,0,1,15.963522378927467,0.004984537616100168
razor,0,1,15.963522378927467,0.004984537616100168
rcc,0,1,15.963522378927467,0.004984537616100168
rcmp,0,1,15.963522378927467,0.004984537616100168
reach,0,1,15.963522378927467,0.004984537616100168
reaching,0,1,15.963522378927467,0.004984537616100168
readymade,0,1,15.963522378927467,0.004984537616100168
realign,0,1,15.963522378927467,0.004984537616100168
realized,0,1,15.963522378927467,0.004984537616100168
realizing,0,1,15.963522378927467,0.004984537616100168
reallly,0,1,15.963522378927467,0.004984537616100168
reasoning,0,1,15.963522378927467,0.004984537616100168
receiving,0,1,15.963522378927467,0.004984537616100168
recieved,0,1,15.963522378927467,0.004984537616100168
reckoned,0,1,15.963522378927467,0.004984537616100168
reclipsen,0,1,15.963522378927467,0.004984537616100168
recognize,0,1,15.963522378927467,0.004984537616100168
recollection,0,1,15.963522378927467,0.004984537616100168
reconstruction,0,1,15.963522378927467,0.004984537616100168
recoverin,0,1,15.963522378927467,0.004984537616100168
recovering,0,1,15.963522378927467,0.004984537616100168
rectangular,0,1,15.963522378927467,0.004984537616100168
recur,0,1,15.963522378927467,0.004984537616100168
recurred,0,1,15.963522378927467,0.004984537616100168
recurrence,0,1,15.963522378927467,0.004984537616100168
reference,0,1,15.963522378927467,0.004984537616100168
referral,0,1,15.963522378927467,0.004984537616100168
refilled,0,1,15.963522378927467,0.004984537616100168
reflective,0,1,15.963522378927467,0.004984537616100168
refrigerator,0,1,15.963522378927467,0.004984537616100168
refuse,0,1,15.963522378927467,0.004984537616100168
regardsgeorge,0,1,15.963522378927467,0.004984537616100168
relates,0,1,15.963522378927467,0.004984537616100168
relaxation,0,1,15.963522378927467,0.004984537616100168
relaxer,0,1,15.963522378927467,0.004984537616100168
relaxers,0,1,15.963522378927467,0.004984537616100168
relaxing,0,1,15.963522378927467,0.004984537616100168
releases,0,1,15.963522378927467,0.004984537616100168
reliable,0,1,15.963522378927467,0.004984537616100168
relived,0,1,15.963522378927467,0.004984537616100168
remark,0,1,15.963522378927467,0.004984537616100168
remarried,0,1,15.963522378927467,0.004984537616100168
removing,0,1,15.963522378927467,0.004984537616100168
renae,0,1,15.963522378927467,0.004984537616100168
rendered,0,1,15.963522378927467,0.004984537616100168
renowned,0,1,15.963522378927467,0.004984537616100168
reoccured,0,1,15.963522378927467,0.004984537616100168
reoccurring,0,1,15.963522378927467,0.004984537616100168
repair,0,1,15.963522378927467,0.004984537616100168
repay,0,1,15.963522378927467,0.004984537616100168
repeated,0,1,15.963522378927467,0.004984537616100168
repeatedly,0,1,15.963522378927467,0.004984537616100168
replaced,0,1,15.963522378927467,0.004984537616100168
replacements,0,1,15.963522378927467,0.004984537616100168
reprot,0,1,15.963522378927467,0.004984537616100168
required,0,1,15.963522378927467,0.004984537616100168
resection,0,1,15.963522378927467,0.004984537616100168
resident,0,1,15.963522378927467,0.004984537616100168
resigon,0,1,15.963522378927467,0.004984537616100168
resistance,0,1,15.963522378927467,0.004984537616100168
resolved,0,1,15.963522378927467,0.004984537616100168
respiration,0,1,15.963522378927467,0.004984537616100168
respitory,0,1,15.963522378927467,0.004984537616100168
responded,0,1,15.963522378927467,0.004984537616100168
responsless,0,1,15.963522378927467,0.004984537616100168
resting,0,1,15.963522378927467,0.004984537616100168
restlessnessto,0,1,15.963522378927467,0.004984537616100168
restriction,0,1,15.963522378927467,0.004984537616100168
restroo,0,1,15.963522378927467,0.004984537616100168
restroom,0,1,15.963522378927467,0.004984537616100168
rests,0,1,15.963522378927467,0.004984537616100168
resulting,0,1,15.963522378927467,0.004984537616100168
resume,0,1,15.963522378927467,0.004984537616100168
resuscitation,0,1,15.963522378927467,0.004984537616100168
retard,0,1,15.963522378927467,0.004984537616100168
retching,0,1,15.963522378927467,0.004984537616100168
retention,0,1,15.963522378927467,0.004984537616100168
retest,0,1,15.963522378927467,0.004984537616100168
retrieve,0,1,15.963522378927467,0.004984537616100168
returns,0,1,15.963522378927467,0.004984537616100168
review,0,1,15.963522378927467,0.004984537616100168
reviewed,0,1,15.963522378927467,0.004984537616100168
reviews,0,1,15.963522378927467,0.004984537616100168
revival,0,1,15.963522378927467,0.004984537616100168
revived,0,1,15.963522378927467,0.004984537616100168
rhumatoid,0,1,15.963522378927467,0.004984537616100168
rich,0,1,15.963522378927467,0.004984537616100168
righ,0,1,15.963522378927467,0.004984537616100168
rigorous,0,1,15.963522378927467,0.004984537616100168
ring,0,1,15.963522378927467,0.004984537616100168
rings,0,1,15.963522378927467,0.004984537616100168
rinse,0,1,15.963522378927467,0.004984537616100168
ripped,0,1,15.963522378927467,0.004984537616100168
ripping,0,1,15.963522378927467,0.004984537616100168
risen,0,1,15.963522378927467,0.004984537616100168
rising,0,1,15.963522378927467,0.004984537616100168
risks,0,1,15.963522378927467,0.004984537616100168
ro,0,1,15.963522378927467,0.004984537616100168
road,0,1,15.963522378927467,0.004984537616100168
robotic,0,1,15.963522378927467,0.004984537616100168
rode,0,1,15.963522378927467,0.004984537616100168
rold,0,1,15.963522378927467,0.004984537616100168
roliten,0,1,15.963522378927467,0.004984537616100168
rom,0,1,15.963522378927467,0.004984537616100168
rose,0,1,15.963522378927467,0.004984537616100168
rotaprone,0,1,15.963522378927467,0.004984537616100168
rott,0,1,15.963522378927467,0.004984537616100168
rotted,0,1,15.963522378927467,0.004984537616100168
rotting,0,1,15.963522378927467,0.004984537616100168
roughly,0,1,15.963522378927467,0.004984537616100168
rounder,0,1,15.963522378927467,0.004984537616100168
rounds,0,1,15.963522378927467,0.004984537616100168
roundsda,0,1,15.963522378927467,0.004984537616100168
row,0,1,15.963522378927467,0.004984537616100168
rozat,0,1,15.963522378927467,0.004984537616100168
rrms,0,1,15.963522378927467,0.004984537616100168
ruff,0,1,15.963522378927467,0.004984537616100168
ruin,0,1,15.963522378927467,0.004984537616100168
rule,0,1,15.963522378927467,0.004984537616100168
rumors,0,1,15.963522378927467,0.004984537616100168
runner,0,1,15.963522378927467,0.004984537616100168
rupture,0,1,15.963522378927467,0.004984537616100168
rushed,0,1,15.963522378927467,0.004984537616100168
rushes,0,1,15.963522378927467,0.004984537616100168
rxs,0,1,15.963522378927467,0.004984537616100168
rythem,0,1,15.963522378927467,0.004984537616100168
sa,0,1,15.963522378927467,0.004984537616100168
sad,0,1,15.963522378927467,0.004984537616100168
safely,0,1,15.963522378927467,0.004984537616100168
sagittal,0,1,15.963522378927467,0.004984537616100168
salesperson,0,1,15.963522378927467,0.004984537616100168
salmonella,0,1,15.963522378927467,0.004984537616100168
salpingectony,0,1,15.963522378927467,0.004984537616100168
saltines,0,1,15.963522378927467,0.004984537616100168
sam,0,1,15.963522378927467,0.004984537616100168
santosh,0,1,15.963522378927467,0.004984537616100168
sationary,0,1,15.963522378927467,0.004984537616100168
sauce,0,1,15.963522378927467,0.004984537616100168
sauses,0,1,15.963522378927467,0.004984537616100168
sawdust,0,1,15.963522378927467,0.004984537616100168
sawing,0,1,15.963522378927467,0.004984537616100168
saysits,0,1,15.963522378927467,0.004984537616100168
sazo,0,1,15.963522378927467,0.004984537616100168
scabs,0,1,15.963522378927467,0.004984537616100168
scares,0,1,15.963522378927467,0.004984537616100168
scarred,0,1,15.963522378927467,0.004984537616100168
scenario,0,1,15.963522378927467,0.004984537616100168
schmorl,0,1,15.963522378927467,0.004984537616100168
sciatic,0,1,15.963522378927467,0.004984537616100168
scolios,0,1,15.963522378927467,0.004984537616100168
score,0,1,15.963522378927467,0.004984537616100168
scraping,0,1,15.963522378927467,0.004984537616100168
screamed,0,1,15.963522378927467,0.004984537616100168
screening,0,1,15.963522378927467,0.004984537616100168
screwed,0,1,15.963522378927467,0.004984537616100168
sd,0,1,15.963522378927467,0.004984537616100168
seafoods,0,1,15.963522378927467,0.004984537616100168
search,0,1,15.963522378927467,0.004984537616100168
searching,0,1,15.963522378927467,0.004984537616100168
season,0,1,15.963522378927467,0.004984537616100168
secondary,0,1,15.963522378927467,0.004984537616100168
secretary,0,1,15.963522378927467,0.004984537616100168
sedation,0,1,15.963522378927467,0.004984537616100168
sedentary,0,1,15.963522378927467,0.004984537616100168
seemd,0,1,15.963522378927467,0.004984537616100168
seeprolavicular,0,1,15.963522378927467,0.004984537616100168
seizers,0,1,15.963522378927467,0.004984537616100168
selfish,0,1,15.963522378927467,0.004984537616100168
sell,0,1,15.963522378927467,0.004984537616100168
selling,0,1,15.963522378927467,0.004984537616100168
seltzer,0,1,15.963522378927467,0.004984537616100168
seminal,0,1,15.963522378927467,0.004984537616100168
senior,0,1,15.963522378927467,0.004984537616100168
sensodent,0,1,15.963522378927467,0.004984537616100168
sentence,0,1,15.963522378927467,0.004984537616100168
seop,0,1,15.963522378927467,0.004984537616100168
septicemia,0,1,15.963522378927467,0.004984537616100168
septrin,0,1,15.963522378927467,0.004984537616100168
septrine,0,1,15.963522378927467,0.004984537616100168
sequence,0,1,15.963522378927467,0.004984537616100168
seretide,0,1,15.963522378927467,0.004984537616100168
sero,0,1,15.963522378927467,0.004984537616100168
seroflo,0,1,15.963522378927467,0.004984537616100168
server,0,1,15.963522378927467,0.004984537616100168
service,0,1,15.963522378927467,0.004984537616100168
sessions,0,1,15.963522378927467,0.004984537616100168
setting,0,1,15.963522378927467,0.004984537616100168
sf,0,1,15.963522378927467,0.004984537616100168
sgptand,0,1,15.963522378927467,0.004984537616100168
shadowing,0,1,15.963522378927467,0.004984537616100168
shah,0,1,15.963522378927467,0.004984537616100168
shakey,0,1,15.963522378927467,0.004984537616100168
shakiness,0,1,15.963522378927467,0.004984537616100168
shal,0,1,15.963522378927467,0.004984537616100168
shallow,0,1,15.963522378927467,0.004984537616100168
share,0,1,15.963522378927467,0.004984537616100168
shared,0,1,15.963522378927467,0.004984537616100168
sheenb,0,1,15.963522378927467,0.004984537616100168
sheke,0,1,15.963522378927467,0.004984537616100168
sheonly,0,1,15.963522378927467,0.004984537616100168
sherrylynn,0,1,15.963522378927467,0.004984537616100168
shifa,0,1,15.963522378927467,0.004984537616100168
shift,0,1,15.963522378927467,0.004984537616100168
shifting,0,1,15.963522378927467,0.004984537616100168
shifts,0,1,15.963522378927467,0.004984537616100168
shins,0,1,15.963522378927467,0.004984537616100168
shiny,0,1,15.963522378927467,0.004984537616100168
shivers,0,1,15.963522378927467,0.004984537616100168
shocks,0,1,15.963522378927467,0.004984537616100168
shojrens,0,1,15.963522378927467,0.004984537616100168
shooting,0,1,15.963522378927467,0.004984537616100168
shoppers,0,1,15.963522378927467,0.004984537616100168
shortened,0,1,15.963522378927467,0.004984537616100168
shouldtbe,0,1,15.963522378927467,0.004984537616100168
shridharreddy,0,1,15.963522378927467,0.004984537616100168
shrimp,0,1,15.963522378927467,0.004984537616100168
shrinkage,0,1,15.963522378927467,0.004984537616100168
shrivastava,0,1,15.963522378927467,0.004984537616100168
shuold,0,1,15.963522378927467,0.004984537616100168
shut,0,1,15.963522378927467,0.004984537616100168
sielise,0,1,15.963522378927467,0.004984537616100168
silibon,0,1,15.963522378927467,0.004984537616100168
sinemet,0,1,15.963522378927467,0.004984537616100168
singing,0,1,15.963522378927467,0.004984537616100168
sinitus,0,1,15.963522378927467,0.004984537616100168
sink,0,1,15.963522378927467,0.004984537616100168
sinuses,0,1,15.963522378927467,0.004984537616100168
sinuss,0,1,15.963522378927467,0.004984537616100168
sits,0,1,15.963522378927467,0.004984537616100168
situations,0,1,15.963522378927467,0.004984537616100168
sixth,0,1,15.963522378927467,0.004984537616100168
skinned,0,1,15.963522378927467,0.004984537616100168
skip,0,1,15.963522378927467,0.004984537616100168
skirts,0,1,15.963522378927467,0.004984537616100168
slamming,0,1,15.963522378927467,0.004984537616100168
sleepiness,0,1,15.963522378927467,0.004984537616100168
slender,0,1,15.963522378927467,0.004984537616100168
slid,0,1,15.963522378927467,0.004984537616100168
slightley,0,1,15.963522378927467,0.004984537616100168
slighty,0,1,15.963522378927467,0.004984537616100168
slippy,0,1,15.963522378927467,0.004984537616100168
sliver,0,1,15.963522378927467,0.004984537616100168
sloshing,0,1,15.963522378927467,0.004984537616100168
slowed,0,1,15.963522378927467,0.004984537616100168
sluggish,0,1,15.963522378927467,0.004984537616100168
slurred,0,1,15.963522378927467,0.004984537616100168
smallest,0,1,15.963522378927467,0.004984537616100168
smashed,0,1,15.963522378927467,0.004984537616100168
smelling,0,1,15.963522378927467,0.004984537616100168
smoldering,0,1,15.963522378927467,0.004984537616100168
smuth,0,1,15.963522378927467,0.004984537616100168
smyptoms,0,1,15.963522378927467,0.004984537616100168
snowstorm,0,1,15.963522378927467,0.004984537616100168
snswers,0,1,15.963522378927467,0.004984537616100168
soasking,0,1,15.963522378927467,0.004984537616100168
sob,0,1,15.963522378927467,0.004984537616100168
socially,0,1,15.963522378927467,0.004984537616100168
soften,0,1,15.963522378927467,0.004984537616100168
sol,0,1,15.963522378927467,0.004984537616100168
solutions,0,1,15.963522378927467,0.004984537616100168
sompraz,0,1,15.963522378927467,0.004984537616100168
sone,0,1,15.963522378927467,0.004984537616100168
sooner,0,1,15.963522378927467,0.004984537616100168
sooo,0,1,15.963522378927467,0.004984537616100168
sos,0,1,15.963522378927467,0.004984537616100168
sould,0,1,15.963522378927467,0.004984537616100168
sounded,0,1,15.963522378927467,0.004984537616100168
sparring,0,1,15.963522378927467,0.004984537616100168
spasm,0,1,15.963522378927467,0.004984537616100168
special,0,1,15.963522378927467,0.004984537616100168
spectraban,0,1,15.963522378927467,0.004984537616100168
speedly,0,1,15.963522378927467,0.004984537616100168
spelling,0,1,15.963522378927467,0.004984537616100168
spending,0,1,15.963522378927467,0.004984537616100168
spent,0,1,15.963522378927467,0.004984537616100168
spermatogenic,0,1,15.963522378927467,0.004984537616100168
spikes,0,1,15.963522378927467,0.004984537616100168
spilled,0,1,15.963522378927467,0.004984537616100168
spinning,0,1,15.963522378927467,0.004984537616100168
spironolactone,0,1,15.963522378927467,0.004984537616100168
spontaneous,0,1,15.963522378927467,0.004984537616100168
spontilitis,0,1,15.963522378927467,0.004984537616100168
spoon,0,1,15.963522378927467,0.004984537616100168
sprays,0,1,15.963522378927467,0.004984537616100168
spreads,0,1,15.963522378927467,0.004984537616100168
spur,0,1,15.963522378927467,0.004984537616100168
spurm,0,1,15.963522378927467,0.004984537616100168
spurs,0,1,15.963522378927467,0.004984537616100168
spyramaicin,0,1,15.963522378927467,0.004984537616100168
squeezed,0,1,15.963522378927467,0.004984537616100168
srength,0,1,15.963522378927467,0.004984537616100168
srepwere,0,1,15.963522378927467,0.004984537616100168
sri,0,1,15.963522378927467,0.004984537616100168
srini,0,1,15.963522378927467,0.004984537616100168
ss,0,1,15.963522378927467,0.004984537616100168
st,0,1,15.963522378927467,0.004984537616100168
stabs,0,1,15.963522378927467,0.004984537616100168
staf,0,1,15.963522378927467,0.004984537616100168
staff,0,1,15.963522378927467,0.004984537616100168
stages,0,1,15.963522378927467,0.004984537616100168
staggered,0,1,15.963522378927467,0.004984537616100168
stair,0,1,15.963522378927467,0.004984537616100168
standards,0,1,15.963522378927467,0.004984537616100168
stange,0,1,15.963522378927467,0.004984537616100168
startusing,0,1,15.963522378927467,0.004984537616100168
stax,0,1,15.963522378927467,0.004984537616100168
stearate,0,1,15.963522378927467,0.004984537616100168
steel,0,1,15.963522378927467,0.004984537616100168
steriods,0,1,15.963522378927467,0.004984537616100168
sti,0,1,15.963522378927467,0.004984537616100168
stinging,0,1,15.963522378927467,0.004984537616100168
stinky,0,1,15.963522378927467,0.004984537616100168
stitches,0,1,15.963522378927467,0.004984537616100168
stnts,0,1,15.963522378927467,0.004984537616100168
stomch,0,1,15.963522378927467,0.004984537616100168
stomic,0,1,15.963522378927467,0.004984537616100168
stories,0,1,15.963522378927467,0.004984537616100168
story,0,1,15.963522378927467,0.004984537616100168
straighten,0,1,15.963522378927467,0.004984537616100168
straining,0,1,15.963522378927467,0.004984537616100168
strap,0,1,15.963522378927467,0.004984537616100168
straps,0,1,15.963522378927467,0.004984537616100168
strengthen,0,1,15.963522378927467,0.004984537616100168
strenuos,0,1,15.963522378927467,0.004984537616100168
stresses,0,1,15.963522378927467,0.004984537616100168
stringy,0,1,15.963522378927467,0.004984537616100168
studs,0,1,15.963522378927467,0.004984537616100168
stuffed,0,1,15.963522378927467,0.004984537616100168
stung,0,1,15.963522378927467,0.004984537616100168
stylist,0,1,15.963522378927467,0.004984537616100168
subsdie,0,1,15.963522378927467,0.004984537616100168
subsequently,0,1,15.963522378927467,0.004984537616100168
subside,0,1,15.963522378927467,0.004984537616100168
substances,0,1,15.963522378927467,0.004984537616100168
substituted,0,1,15.963522378927467,0.004984537616100168
succed,0,1,15.963522378927467,0.004984537616100168
sudde,0,1,15.963522378927467,0.004984537616100168
sudhish,0,1,15.963522378927467,0.004984537616100168
sudocreme,0,1,15.963522378927467,0.004984537616100168
suffera,0,1,15.963522378927467,0.004984537616100168
sufferer,0,1,15.963522378927467,0.004984537616100168
suffocating,0,1,15.963522378927467,0.004984537616100168
suffurring,0,1,15.963522378927467,0.004984537616100168
suggesred,0,1,15.963522378927467,0.004984537616100168
suitable,0,1,15.963522378927467,0.004984537616100168
summersaults,0,1,15.963522378927467,0.004984537616100168
suncote,0,1,15.963522378927467,0.004984537616100168
supposedly,0,1,15.963522378927467,0.004984537616100168
suppositorie,0,1,15.963522378927467,0.004984537616100168
surgey,0,1,15.963522378927467,0.004984537616100168
surgicially,0,1,15.963522378927467,0.004984537616100168
surprised,0,1,15.963522378927467,0.004984537616100168
surprisingly,0,1,15.963522378927467,0.004984537616100168
suspects,0,1,15.963522378927467,0.004984537616100168
suspicion,0,1,15.963522378927467,0.004984537616100168
suspicious,0,1,15.963522378927467,0.004984537616100168
susten,0,1,15.963522378927467,0.004984537616100168
svt,0,1,15.963522378927467,0.004984537616100168
swells,0,1,15.963522378927467,0.004984537616100168
swimming,0,1,15.963522378927467,0.004984537616100168
swing,0,1,15.963522378927467,0.004984537616100168
swings,0,1,15.963522378927467,0.004984537616100168
swishing,0,1,15.963522378927467,0.004984537616100168
switzerland,0,1,15.963522378927467,0.004984537616100168
sycope,0,1,15.963522378927467,0.004984537616100168
syllable,0,1,15.963522378927467,0.004984537616100168
symtems,0,1,15.963522378927467,0.004984537616100168
symtons,0,1,15.963522378927467,0.004984537616100168
syndopa,0,1,15.963522378927467,0.004984537616100168
synorectomy,0,1,15.963522378927467,0.004984537616100168
synthroid,0,1,15.963522378927467,0.004984537616100168
syntoms,0,1,15.963522378927467,0.004984537616100168
syringoma,0,1,15.963522378927467,0.004984537616100168
syrum,0,1,15.963522378927467,0.004984537616100168
syscan,0,1,15.963522378927467,0.004984537616100168
sysfol,0,1,15.963522378927467,0.004984537616100168
systemic,0,1,15.963522378927467,0.004984537616100168
systolic,0,1,15.963522378927467,0.004984537616100168
t1,0,1,15.963522378927467,0.004984537616100168
tablests,0,1,15.963522378927467,0.004984537616100168
takerablet,0,1,15.963522378927467,0.004984537616100168
tammie,0,1,15.963522378927467,0.004984537616100168
tan,0,1,15.963522378927467,0.004984537616100168
tanzania,0,1,15.963522378927467,0.004984537616100168
taper,0,1,15.963522378927467,0.004984537616100168
tarceva,0,1,15.963522378927467,0.004984537616100168
target,0,1,15.963522378927467,0.004984537616100168
tastebud,0,1,15.963522378927467,0.004984537616100168
tavanic,0,1,15.963522378927467,0.004984537616100168
taximo,0,1,15.963522378927467,0.004984537616100168
tbe,0,1,15.963522378927467,0.004984537616100168
teally,0,1,15.963522378927467,0.004984537616100168
team,0,1,15.963522378927467,0.004984537616100168
technique,0,1,15.963522378927467,0.004984537616100168
ted,0,1,15.963522378927467,0.004984537616100168
teenager,0,1,15.963522378927467,0.004984537616100168
tegretol,0,1,15.963522378927467,0.004984537616100168
television,0,1,15.963522378927467,0.004984537616100168
temerature,0,1,15.963522378927467,0.004984537616100168
tempreature,0,1,15.963522378927467,0.004984537616100168
temps,0,1,15.963522378927467,0.004984537616100168
tendency,0,1,15.963522378927467,0.004984537616100168
tendinitis,0,1,15.963522378927467,0.004984537616100168
tendonitis,0,1,15.963522378927467,0.004984537616100168
tenosynovitis,0,1,15.963522378927467,0.004984537616100168
tensioned,0,1,15.963522378927467,0.004984537616100168
terminal,0,1,15.963522378927467,0.004984537616100168
terminated,0,1,15.963522378927467,0.004984537616100168
terms,0,1,15.963522378927467,0.004984537616100168
territory,0,1,15.963522378927467,0.004984537616100168
testosterone,0,1,15.963522378927467,0.004984537616100168
testoviron,0,1,15.963522378927467,0.004984537616100168
testy,0,1,15.963522378927467,0.004984537616100168
texture,0,1,15.963522378927467,0.004984537616100168
thal,0,1,15.963522378927467,0.004984537616100168
thalassemia,0,1,15.963522378927467,0.004984537616100168
thallium,0,1,15.963522378927467,0.004984537616100168
thambi,0,1,15.963522378927467,0.004984537616100168
thankscarl,0,1,15.963522378927467,0.004984537616100168
thare,0,1,15.963522378927467,0.004984537616100168
thawed,0,1,15.963522378927467,0.004984537616100168
thebest,0,1,15.963522378927467,0.004984537616100168
themselves,0,1,15.963522378927467,0.004984537616100168
thenslept,0,1,15.963522378927467,0.004984537616100168
therapist,0,1,15.963522378927467,0.004984537616100168
these20,0,1,15.963522378927467,0.004984537616100168
theses,0,1,15.963522378927467,0.004984537616100168
theyre,0,1,15.963522378927467,0.004984537616100168
thiamin,0,1,15.963522378927467,0.004984537616100168
thichness,0,1,15.963522378927467,0.004984537616100168
thickening,0,1,15.963522378927467,0.004984537616100168
thinners,0,1,15.963522378927467,0.004984537616100168
thoma,0,1,15.963522378927467,0.004984537616100168
thorat,0,1,15.963522378927467,0.004984537616100168
thoughi,0,1,15.963522378927467,0.004984537616100168
threads,0,1,15.963522378927467,0.004984537616100168
throb,0,1,15.963522378927467,0.004984537616100168
throbs,0,1,15.963522378927467,0.004984537616100168
througchatdoctorpus,0,1,15.963522378927467,0.004984537616100168
thrush,0,1,15.963522378927467,0.004984537616100168
thrust,0,1,15.963522378927467,0.004984537616100168
thryoid,0,1,15.963522378927467,0.004984537616100168
thyronorm,0,1,15.963522378927467,0.004984537616100168
thyroxin,0,1,15.963522378927467,0.004984537616100168
tia,0,1,15.963522378927467,0.004984537616100168
tick,0,1,15.963522378927467,0.004984537616100168
tickling,0,1,15.963522378927467,0.004984537616100168
tics,0,1,15.963522378927467,0.004984537616100168
tigthening,0,1,15.963522378927467,0.004984537616100168
tinging,0,1,15.963522378927467,0.004984537616100168
tingly,0,1,15.963522378927467,0.004984537616100168
tinilos,0,1,15.963522378927467,0.004984537616100168
tipped,0,1,15.963522378927467,0.004984537616100168
tiredness,0,1,15.963522378927467,0.004984537616100168
tirunelveli,0,1,15.963522378927467,0.004984537616100168
tissues,0,1,15.963522378927467,0.004984537616100168
tisue,0,1,15.963522378927467,0.004984537616100168
tizanidine,0,1,15.963522378927467,0.004984537616100168
tjebpain,0,1,15.963522378927467,0.004984537616100168
tnx,0,1,15.963522378927467,0.004984537616100168
toda,0,1,15.963522378927467,0.004984537616100168
tolerance,0,1,15.963522378927467,0.004984537616100168
tomarrow,0,1,15.963522378927467,0.004984537616100168
tommorrow,0,1,15.963522378927467,0.004984537616100168
tonsilitis,0,1,15.963522378927467,0.004984537616100168
tools,0,1,15.963522378927467,0.004984537616100168
toothpaste,0,1,15.963522378927467,0.004984537616100168
topril,0,1,15.963522378927467,0.004984537616100168
toque,0,1,15.963522378927467,0.004984537616100168
toronto,0,1,15.963522378927467,0.004984537616100168
tortued,0,1,15.963522378927467,0.004984537616100168
totaly,0,1,15.963522378927467,0.004984537616100168
toung,0,1,15.963522378927467,0.004984537616100168
trac,0,1,15.963522378927467,0.004984537616100168
trace,0,1,15.963522378927467,0.004984537616100168
tracking,0,1,15.963522378927467,0.004984537616100168
trail,0,1,15.963522378927467,0.004984537616100168
trained,0,1,15.963522378927467,0.004984537616100168
training,0,1,15.963522378927467,0.004984537616100168
trampoline,0,1,15.963522378927467,0.004984537616100168
transfusions,0,1,15.963522378927467,0.004984537616100168
trapped,0,1,15.963522378927467,0.004984537616100168
trapping,0,1,15.963522378927467,0.004984537616100168
trauma,0,1,15.963522378927467,0.004984537616100168
traveling,0,1,15.963522378927467,0.004984537616100168
trazadone,0,1,15.963522378927467,0.004984537616100168
treatmemt,0,1,15.963522378927467,0.004984537616100168
tree,0,1,15.963522378927467,0.004984537616100168
tremendous,0,1,15.963522378927467,0.004984537616100168
tretament,0,1,15.963522378927467,0.004984537616100168
trial,0,1,15.963522378927467,0.004984537616100168
trice,0,1,15.963522378927467,0.004984537616100168
triceps,0,1,15.963522378927467,0.004984537616100168
trichotillomania,0,1,15.963522378927467,0.004984537616100168
trick,0,1,15.963522378927467,0.004984537616100168
tries,0,1,15.963522378927467,0.004984537616100168
trigeminal,0,1,15.963522378927467,0.004984537616100168
triggered,0,1,15.963522378927467,0.004984537616100168
triglysride,0,1,15.963522378927467,0.004984537616100168
trip,0,1,15.963522378927467,0.004984537616100168
tripping,0,1,15.963522378927467,0.004984537616100168
truck,0,1,15.963522378927467,0.004984537616100168
tryglycerides,0,1,15.963522378927467,0.004984537616100168
tshe,0,1,15.963522378927467,0.004984537616100168
tsp,0,1,15.963522378927467,0.004984537616100168
tudorza,0,1,15.963522378927467,0.004984537616100168
tunnel,0,1,15.963522378927467,0.004984537616100168
turnin,0,1,15.963522378927467,0.004984537616100168
tw,0,1,15.963522378927467,0.004984537616100168
twelve,0,1,15.963522378927467,0.004984537616100168
twirling,0,1,15.963522378927467,0.004984537616100168
twisting,0,1,15.963522378927467,0.004984537616100168
twotypes,0,1,15.963522378927467,0.004984537616100168
typical,0,1,15.963522378927467,0.004984537616100168
tz,0,1,15.963522378927467,0.004984537616100168
umar,0,1,15.963522378927467,0.004984537616100168
unborn,0,1,15.963522378927467,0.004984537616100168
uncontrollable,0,1,15.963522378927467,0.004984537616100168
underarm,0,1,15.963522378927467,0.004984537616100168
underlying,0,1,15.963522378927467,0.004984537616100168
undirected,0,1,15.963522378927467,0.004984537616100168
unit,0,1,15.963522378927467,0.004984537616100168
university,0,1,15.963522378927467,0.004984537616100168
unknown,0,1,15.963522378927467,0.004984537616100168
unlikely,0,1,15.963522378927467,0.004984537616100168
unmanageable,0,1,15.963522378927467,0.004984537616100168
unnerved,0,1,15.963522378927467,0.004984537616100168
unnoticable,0,1,15.963522378927467,0.004984537616100168
unnoticeable,0,1,15.963522378927467,0.004984537616100168
unprovoked,0,1,15.963522378927467,0.004984537616100168
unstable,0,1,15.963522378927467,0.004984537616100168
uop,0,1,15.963522378927467,0.004984537616100168
update,0,1,15.963522378927467,0.004984537616100168
uphe,0,1,15.963522378927467,0.004984537616100168
upped,0,1,15.963522378927467,0.004984537616100168
upsetjames,0,1,15.963522378927467,0.004984537616100168
urenery,0,1,15.963522378927467,0.004984537616100168
ureter,0,1,15.963522378927467,0.004984537616100168
urimax,0,1,15.963522378927467,0.004984537616100168
urinal,0,1,15.963522378927467,0.004984537616100168
urinated,0,1,15.963522378927467,0.004984537616100168
urinates,0,1,15.963522378927467,0.004984537616100168
uroflamatory,0,1,15.963522378927467,0.004984537616100168
ursodeoxycholic,0,1,15.963522378927467,0.004984537616100168
usage,0,1,15.963522378927467,0.004984537616100168
usefull,0,1,15.963522378927467,0.004984537616100168
user,0,1,15.963522378927467,0.004984537616100168
ususally,0,1,15.963522378927467,0.004984537616100168
uu,0,1,15.963522378927467,0.004984537616100168
valido,0,1,15.963522378927467,0.004984537616100168
valu,0,1,15.963522378927467,0.004984537616100168
valuable,0,1,15.963522378927467,0.004984537616100168
van,0,1,15.963522378927467,0.004984537616100168
vanished,0,1,15.963522378927467,0.004984537616100168
vanishes,0,1,15.963522378927467,0.004984537616100168
vary,0,1,15.963522378927467,0.004984537616100168
varying,0,1,15.963522378927467,0.004984537616100168
vaxirab,0,1,15.963522378927467,0.004984537616100168
veg,0,1,15.963522378927467,0.004984537616100168
vegetable,0,1,15.963522378927467,0.004984537616100168
vengeance,0,1,15.963522378927467,0.004984537616100168
venturi,0,1,15.963522378927467,0.004984537616100168
verbally,0,1,15.963522378927467,0.004984537616100168
vericoele,0,1,15.963522378927467,0.004984537616100168
vertebra,0,1,15.963522378927467,0.004984537616100168
vertebrae,0,1,15.963522378927467,0.004984537616100168
vertin,0,1,15.963522378927467,0.004984537616100168
verting,0,1,15.963522378927467,0.004984537616100168
verythankful,0,1,15.963522378927467,0.004984537616100168
veterinarian,0,1,15.963522378927467,0.004984537616100168
via,0,1,15.963522378927467,0.004984537616100168
viagra,0,1,15.963522378927467,0.004984537616100168
vice,0,1,15.963522378927467,0.004984537616100168
vicodin,0,1,15.963522378927467,0.004984537616100168
vikas,0,1,15.963522378927467,0.004984537616100168
virul,0,1,15.963522378927467,0.004984537616100168
viruses,0,1,15.963522378927467,0.004984537616100168
visable,0,1,15.963522378927467,0.004984537616100168
viscous,0,1,15.963522378927467,0.004984537616100168
visibility,0,1,15.963522378927467,0.004984537616100168
visibly,0,1,15.963522378927467,0.004984537616100168
visiting,0,1,15.963522378927467,0.004984537616100168
visitors,0,1,15.963522378927467,0.004984537616100168
vldl,0,1,15.963522378927467,0.004984537616100168
vochal,0,1,15.963522378927467,0.004984537616100168
voltaren,0,1,15.963522378927467,0.004984537616100168
voluntarily,0,1,15.963522378927467,0.004984537616100168
vomits,0,1,15.963522378927467,0.004984537616100168
vomitted,0,1,15.963522378927467,0.004984537616100168
vulging,0,1,15.963522378927467,0.004984537616100168
waited,0,1,15.963522378927467,0.004984537616100168
walgreens,0,1,15.963522378927467,0.004984537616100168
walls,0,1,15.963522378927467,0.004984537616100168
walnut,0,1,15.963522378927467,0.004984537616100168
wanting,0,1,15.963522378927467,0.004984537616100168
waorried,0,1,15.963522378927467,0.004984537616100168
warfrain,0,1,15.963522378927467,0.004984537616100168
washington,0,1,15.963522378927467,0.004984537616100168
washroom,0,1,15.963522378927467,0.004984537616100168
watchband,0,1,15.963522378927467,0.004984537616100168
waterproof,0,1,15.963522378927467,0.004984537616100168
weaing,0,1,15.963522378927467,0.004984537616100168
weaver,0,1,15.963522378927467,0.004984537616100168
webs,0,1,15.963522378927467,0.004984537616100168
wednesdays,0,1,15.963522378927467,0.004984537616100168
weekend,0,1,15.963522378927467,0.004984537616100168
weeping,0,1,15.963522378927467,0.004984537616100168
wehad,0,1,15.963522378927467,0.004984537616100168
weighing,0,1,15.963522378927467,0.004984537616100168
weighted,0,1,15.963522378927467,0.004984537616100168
weights,0,1,15.963522378927467,0.004984537616100168
welcome,0,1,15.963522378927467,0.004984537616100168
weren,0,1,15.963522378927467,0.004984537616100168
west,0,1,15.963522378927467,0.004984537616100168
wetness,0,1,15.963522378927467,0.004984537616100168
wght,0,1,15.963522378927467,0.004984537616100168
whe,0,1,15.963522378927467,0.004984537616100168
wheather,0,1,15.963522378927467,0.004984537616100168
whereas,0,1,15.963522378927467,0.004984537616100168
wherever,0,1,15.963522378927467,0.004984537616100168
whilw,0,1,15.963522378927467,0.004984537616100168
whitehead,0,1,15.963522378927467,0.004984537616100168
whitenees,0,1,15.963522378927467,0.004984537616100168
whitish,0,1,15.963522378927467,0.004984537616100168
whohad,0,1,15.963522378927467,0.004984537616100168
wholes,0,1,15.963522378927467,0.004984537616100168
whom,0,1,15.963522378927467,0.004984537616100168
wide,0,1,15.963522378927467,0.004984537616100168
widen,0,1,15.963522378927467,0.004984537616100168
wifes,0,1,15.963522378927467,0.004984537616100168
wiggled,0,1,15.963522378927467,0.004984537616100168
willing,0,1,15.963522378927467,0.004984537616100168
willnt,0,1,15.963522378927467,0.004984537616100168
winds,0,1,15.963522378927467,0.004984537616100168
wisdm,0,1,15.963522378927467,0.004984537616100168
wisdoms,0,1,15.963522378927467,0.004984537616100168
witch,0,1,15.963522378927467,0.004984537616100168
withdrawn,0,1,15.963522378927467,0.004984537616100168
witjout,0,1,15.963522378927467,0.004984537616100168
wknd,0,1,15.963522378927467,0.004984537616100168
wne,0,1,15.963522378927467,0.004984537616100168
wobbly,0,1,15.963522378927467,0.004984537616100168
woken,0,1,15.963522378927467,0.004984537616100168
wondered,0,1,15.963522378927467,0.004984537616100168
wonders,0,1,15.963522378927467,0.004984537616100168
wooried,0,1,15.963522378927467,0.004984537616100168
wories,0,1,15.963522378927467,0.004984537616100168
workers,0,1,15.963522378927467,0.004984537616100168
worm,0,1,15.963522378927467,0.004984537616100168
worms,0,1,15.963522378927467,0.004984537616100168
worryed,0,1,15.963522378927467,0.004984537616100168
worsen,0,1,15.963522378927467,0.004984537616100168
worsened,0,1,15.963522378927467,0.004984537616100168
woth,0,1,15.963522378927467,0.004984537616100168
woven,0,1,15.963522378927467,0.004984537616100168
wrap,0,1,15.963522378927467,0.004984537616100168
wrapped,0,1,15.963522378927467,0.004984537616100168
writings,0,1,15.963522378927467,0.004984537616100168
x2,0,1,15.963522378927467,0.004984537616100168
xirtam,0,1,15.963522378927467,0.004984537616100168
yaz,0,1,15.963522378927467,0.004984537616100168
yea,0,1,15.963522378927467,0.004984537616100168
yearand,0,1,15.963522378927467,0.004984537616100168
yeas,0,1,15.963522378927467,0.004984537616100168
yelling,0,1,15.963522378927467,0.004984537616100168
yemen,0,1,15.963522378927467,0.004984537616100168
yoga,0,1,15.963522378927467,0.004984537616100168
youdee,0,1,15.963522378927467,0.004984537616100168
youngest,0,1,15.963522378927467,0.004984537616100168
yup,0,1,15.963522378927467,0.004984537616100168
zin,0,1,15.963522378927467,0.004984537616100168
zithromax,0,1,15.963522378927467,0.004984537616100168
zocor,0,1,15.963522378927467,0.004984537616100168
zofran,0,1,15.963522378927467,0.004984537616100168
zolista,0,1,15.963522378927467,0.004984537616100168
zpack,0,1,15.963522378927467,0.004984537616100168
zpak,0,1,15.963522378927467,0.004984537616100168
zyven,0,1,15.963522378927467,0.004984537616100168
ate,5,6,0.002384455583987588,0.003937799186608584
breathe,5,6,0.002384455583987588,0.003937799186608584
butt,5,6,0.002384455583987588,0.003937799186608584
change,5,6,0.002384455583987588,0.003937799186608584
running,5,6,0.002384455583987588,0.003937799186608584
standing,5,6,0.002384455583987588,0.003937799186608584
thru,5,6,0.002384455583987588,0.003937799186608584
000,1,0,-16.323400548958098,-0.005096907945977921
00pm,1,0,-16.323400548958098,-0.005096907945977921
100dt,1,0,-16.323400548958098,-0.005096907945977921
100kg,1,0,-16.323400548958098,-0.005096907945977921
100mcg,1,0,-16.323400548958098,-0.005096907945977921
100ml,1,0,-16.323400548958098,-0.005096907945977921
105lbs,1,0,-16.323400548958098,-0.005096907945977921
10in,1,0,-16.323400548958098,-0.005096907945977921
10tabs,1,0,-16.323400548958098,-0.005096907945977921
112017,1,0,-16.323400548958098,-0.005096907945977921
1130am,1,0,-16.323400548958098,-0.005096907945977921
11at,1,0,-16.323400548958098,-0.005096907945977921
11kg,1,0,-16.323400548958098,-0.005096907945977921
11may2011,1,0,-16.323400548958098,-0.005096907945977921
11mm,1,0,-16.323400548958098,-0.005096907945977921
11years,1,0,-16.323400548958098,-0.005096907945977921
124,1,0,-16.323400548958098,-0.005096907945977921
12600,1,0,-16.323400548958098,-0.005096907945977921
12at,1,0,-16.323400548958098,-0.005096907945977921
12ml,1,0,-16.323400548958098,-0.005096907945977921
12y,1,0,-16.323400548958098,-0.005096907945977921
13yrs,1,0,-16.323400548958098,-0.005096907945977921
14dys,1,0,-16.323400548958098,-0.005096907945977921
14months,1,0,-16.323400548958098,-0.005096907945977921
14oct,1,0,-16.323400548958098,-0.005096907945977921
14thday,1,0,-16.323400548958098,-0.005096907945977921
14yo,1,0,-16.323400548958098,-0.005096907945977921
1500,1,0,-16.323400548958098,-0.005096907945977921
153,1,0,-16.323400548958098,-0.005096907945977921
156,1,0,-16.323400548958098,-0.005096907945977921
159cm,1,0,-16.323400548958098,-0.005096907945977921
15m,1,0,-16.323400548958098,-0.005096907945977921
15mins,1,0,-16.323400548958098,-0.005096907945977921
15ml,1,0,-16.323400548958098,-0.005096907945977921
15montjs,1,0,-16.323400548958098,-0.005096907945977921
15mths,1,0,-16.323400548958098,-0.005096907945977921
15oct,1,0,-16.323400548958098,-0.005096907945977921
15x13mm,1,0,-16.323400548958098,-0.005096907945977921
167,1,0,-16.323400548958098,-0.005096907945977921
167cm,1,0,-16.323400548958098,-0.005096907945977921
16mill,1,0,-16.323400548958098,-0.005096907945977921
16oct,1,0,-16.323400548958098,-0.005096907945977921
16th,1,0,-16.323400548958098,-0.005096907945977921
16years,1,0,-16.323400548958098,-0.005096907945977921
17ml,1,0,-16.323400548958098,-0.005096907945977921
17thapril,1,0,-16.323400548958098,-0.005096907945977921
18year,1,0,-16.323400548958098,-0.005096907945977921
1997,1,0,-16.323400548958098,-0.005096907945977921
1cm,1,0,-16.323400548958098,-0.005096907945977921
1hour,1,0,-16.323400548958098,-0.005096907945977921
1mnth,1,0,-16.323400548958098,-0.005096907945977921
1nce,1,0,-16.323400548958098,-0.005096907945977921
1nd,1,0,-16.323400548958098,-0.005096907945977921
1od,1,0,-16.323400548958098,-0.005096907945977921
1pill,1,0,-16.323400548958098,-0.005096907945977921
1second,1,0,-16.323400548958098,-0.005096907945977921
1year4months,1,0,-16.323400548958098,-0.005096907945977921
1years,1,0,-16.323400548958098,-0.005096907945977921
2002,1,0,-16.323400548958098,-0.005096907945977921
2004,1,0,-16.323400548958098,-0.005096907945977921
200hm,1,0,-16.323400548958098,-0.005096907945977921
200lbs,1,0,-16.323400548958098,-0.005096907945977921
2010my,1,0,-16.323400548958098,-0.005096907945977921
2017,1,0,-16.323400548958098,-0.005096907945977921
20million,1,0,-16.323400548958098,-0.005096907945977921
20min,1,0,-16.323400548958098,-0.005096907945977921
20mm,1,0,-16.323400548958098,-0.005096907945977921
20o,1,0,-16.323400548958098,-0.005096907945977921
20s,1,0,-16.323400548958098,-0.005096907945977921
20x18mm,1,0,-16.323400548958098,-0.005096907945977921
212,1,0,-16.323400548958098,-0.005096907945977921
215i,1,0,-16.323400548958098,-0.005096907945977921
21yr,1,0,-16.323400548958098,-0.005096907945977921
21yrs,1,0,-16.323400548958098,-0.005096907945977921
220,1,0,-16.323400548958098,-0.005096907945977921
22month,1,0,-16.323400548958098,-0.005096907945977921
23mnths,1,0,-16.323400548958098,-0.005096907945977921
23yrs,1,0,-16.323400548958098,-0.005096907945977921
24may,1,0,-16.323400548958098,-0.005096907945977921
24yrs,1,0,-16.323400548958098,-0.005096907945977921
25kgweight,1,0,-16.323400548958098,-0.005096907945977921
25years,1,0,-16.323400548958098,-0.005096907945977921
265,1,0,-16.323400548958098,-0.005096907945977921
26days,1,0,-16.323400548958098,-0.005096907945977921
26oct,1,0,-16.323400548958098,-0.005096907945977921
26yrs,1,0,-16.323400548958098,-0.005096907945977921
27oct10,1,0,-16.323400548958098,-0.005096907945977921
27yr,1,0,-16.323400548958098,-0.005096907945977921
28ht,1,0,-16.323400548958098,-0.005096907945977921
28i,1,0,-16.323400548958098,-0.005096907945977921
295lbs,1,0,-16.323400548958098,-0.005096907945977921
29jan,1,0,-16.323400548958098,-0.005096907945977921
29oct,1,0,-16.323400548958098,-0.005096907945977921
29ys,1,0,-16.323400548958098,-0.005096907945977921
2am,1,0,-16.323400548958098,-0.005096907945977921
2ce,1,0,-16.323400548958098,-0.005096907945977921
2gthr,1,0,-16.323400548958098,-0.005096907945977921
2half,1,0,-16.323400548958098,-0.005096907945977921
2know,1,0,-16.323400548958098,-0.005096907945977921
2moro,1,0,-16.323400548958098,-0.005096907945977921
2oct,1,0,-16.323400548958098,-0.005096907945977921
2pm,1,0,-16.323400548958098,-0.005096907945977921
2times,1,0,-16.323400548958098,-0.005096907945977921
2wks,1,0,-16.323400548958098,-0.005096907945977921
2year,1,0,-16.323400548958098,-0.005096907945977921
30min,1,0,-16.323400548958098,-0.005096907945977921
30oct,1,0,-16.323400548958098,-0.005096907945977921
31days,1,0,-16.323400548958098,-0.005096907945977921
31yrs,1,0,-16.323400548958098,-0.005096907945977921
320,1,0,-16.323400548958098,-0.005096907945977921
33mill,1,0,-16.323400548958098,-0.005096907945977921
35min,1,0,-16.323400548958098,-0.005096907945977921
37weeks,1,0,-16.323400548958098,-0.005096907945977921
37years,1,0,-16.323400548958098,-0.005096907945977921
3d,1,0,-16.323400548958098,-0.005096907945977921
3dayswhat,1,0,-16.323400548958098,-0.005096907945977921
3dayz,1,0,-16.323400548958098,-0.005096907945977921
3inches,1,0,-16.323400548958098,-0.005096907945977921
3kgs,1,0,-16.323400548958098,-0.005096907945977921
3mnths,1,0,-16.323400548958098,-0.005096907945977921
3mthns,1,0,-16.323400548958098,-0.005096907945977921
3mths,1,0,-16.323400548958098,-0.005096907945977921
3oct,1,0,-16.323400548958098,-0.005096907945977921
3small,1,0,-16.323400548958098,-0.005096907945977921
400has,1,0,-16.323400548958098,-0.005096907945977921
40kg,1,0,-16.323400548958098,-0.005096907945977921
40yrs,1,0,-16.323400548958098,-0.005096907945977921
45days,1,0,-16.323400548958098,-0.005096907945977921
48yrs,1,0,-16.323400548958098,-0.005096907945977921
4f,1,0,-16.323400548958098,-0.005096907945977921
4ft,1,0,-16.323400548958098,-0.005096907945977921
4get,1,0,-16.323400548958098,-0.005096907945977921
4inches,1,0,-16.323400548958098,-0.005096907945977921
4mm,1,0,-16.323400548958098,-0.005096907945977921
4no,1,0,-16.323400548958098,-0.005096907945977921
4o,1,0,-16.323400548958098,-0.005096907945977921
4oct,1,0,-16.323400548958098,-0.005096907945977921
4p,1,0,-16.323400548958098,-0.005096907945977921
4rm,1,0,-16.323400548958098,-0.005096907945977921
4ward,1,0,-16.323400548958098,-0.005096907945977921
4weeks,1,0,-16.323400548958098,-0.005096907945977921
4yrs,1,0,-16.323400548958098,-0.005096907945977921
500n,1,0,-16.323400548958098,-0.005096907945977921
50hrs,1,0,-16.323400548958098,-0.005096907945977921
53days,1,0,-16.323400548958098,-0.005096907945977921
55mill,1,0,-16.323400548958098,-0.005096907945977921
59th,1,0,-16.323400548958098,-0.005096907945977921
5feet,1,0,-16.323400548958098,-0.005096907945977921
5feet3in,1,0,-16.323400548958098,-0.005096907945977921
5ft1inch,1,0,-16.323400548958098,-0.005096907945977921
5kg,1,0,-16.323400548958098,-0.005096907945977921
5months,1,0,-16.323400548958098,-0.005096907945977921
5mtnh,1,0,-16.323400548958098,-0.005096907945977921
5n,1,0,-16.323400548958098,-0.005096907945977921
5percent,1,0,-16.323400548958098,-0.005096907945977921
5yr,1,0,-16.323400548958098,-0.005096907945977921
62kg,1,0,-16.323400548958098,-0.005096907945977921
63kg,1,0,-16.323400548958098,-0.005096907945977921
68kgs,1,0,-16.323400548958098,-0.005096907945977921
697808,1,0,-16.323400548958098,-0.005096907945977921
69kg,1,0,-16.323400548958098,-0.005096907945977921
6mll,1,0,-16.323400548958098,-0.005096907945977921
6mths,1,0,-16.323400548958098,-0.005096907945977921
6times,1,0,-16.323400548958098,-0.005096907945977921
6words,1,0,-16.323400548958098,-0.005096907945977921
70kgi,1,0,-16.323400548958098,-0.005096907945977921
71hours,1,0,-16.323400548958098,-0.005096907945977921
77kg,1,0,-16.323400548958098,-0.005096907945977921
78kg,1,0,-16.323400548958098,-0.005096907945977921
7kg,1,0,-16.323400548958098,-0.005096907945977921
7mar,1,0,-16.323400548958098,-0.005096907945977921
7to,1,0,-16.323400548958098,-0.005096907945977921
80kgs,1,0,-16.323400548958098,-0.005096907945977921
80percent,1,0,-16.323400548958098,-0.005096907945977921
85year,1,0,-16.323400548958098,-0.005096907945977921
8days,1,0,-16.323400548958098,-0.005096907945977921
8months,1,0,-16.323400548958098,-0.005096907945977921
8mths,1,0,-16.323400548958098,-0.005096907945977921
8to10,1,0,-16.323400548958098,-0.005096907945977921
8weeks,1,0,-16.323400548958098,-0.005096907945977921
8years,1,0,-16.323400548958098,-0.005096907945977921
9days,1,0,-16.323400548958098,-0.005096907945977921
9hours,1,0,-16.323400548958098,-0.005096907945977921
9million,1,0,-16.323400548958098,-0.005096907945977921
9mm,1,0,-16.323400548958098,-0.005096907945977921
9mnth,1,0,-16.323400548958098,-0.005096907945977921
9mthn,1,0,-16.323400548958098,-0.005096907945977921
9mths,1,0,-16.323400548958098,-0.005096907945977921
9week,1,0,-16.323400548958098,-0.005096907945977921
aadvice,1,0,-16.323400548958098,-0.005096907945977921
aarti,1,0,-16.323400548958098,-0.005096907945977921
aay,1,0,-16.323400548958098,-0.005096907945977921
abcess,1,0,-16.323400548958098,-0.005096907945977921
abdomn,1,0,-16.323400548958098,-0.005096907945977921
abhesions,1,0,-16.323400548958098,-0.005096907945977921
abhi,1,0,-16.323400548958098,-0.005096907945977921
aboated,1,0,-16.323400548958098,-0.005096907945977921
aboating,1,0,-16.323400548958098,-0.005096907945977921
aborted,1,0,-16.323400548958098,-0.005096907945977921
abroad,1,0,-16.323400548958098,-0.005096907945977921
abrod,1,0,-16.323400548958098,-0.005096907945977921
absece,1,0,-16.323400548958098,-0.005096907945977921
absent,1,0,-16.323400548958098,-0.005096907945977921
abut,1,0,-16.323400548958098,-0.005096907945977921
ac,1,0,-16.323400548958098,-0.005096907945977921
accindentally,1,0,-16.323400548958098,-0.005096907945977921
acctual,1,0,-16.323400548958098,-0.005096907945977921
acha,1,0,-16.323400548958098,-0.005096907945977921
achey,1,0,-16.323400548958098,-0.005096907945977921
achievments,1,0,-16.323400548958098,-0.005096907945977921
achive,1,0,-16.323400548958098,-0.005096907945977921
acidosis,1,0,-16.323400548958098,-0.005096907945977921
acitidy,1,0,-16.323400548958098,-0.005096907945977921
acnemoist,1,0,-16.323400548958098,-0.005096907945977921
acnes,1,0,-16.323400548958098,-0.005096907945977921
acniva,1,0,-16.323400548958098,-0.005096907945977921
acompanied,1,0,-16.323400548958098,-0.005096907945977921
acterox,1,0,-16.323400548958098,-0.005096907945977921
actin,1,0,-16.323400548958098,-0.005096907945977921
actions,1,0,-16.323400548958098,-0.005096907945977921
adays,1,0,-16.323400548958098,-0.005096907945977921
adcef,1,0,-16.323400548958098,-0.005096907945977921
addictd,1,0,-16.323400548958098,-0.005096907945977921
addicting,1,0,-16.323400548958098,-0.005096907945977921
addictive,1,0,-16.323400548958098,-0.005096907945977921
adenoisz,1,0,-16.323400548958098,-0.005096907945977921
adenoma,1,0,-16.323400548958098,-0.005096907945977921
adive,1,0,-16.323400548958098,-0.005096907945977921
adol,1,0,-16.323400548958098,-0.005096907945977921
adv,1,0,-16.323400548958098,-0.005096907945977921
advc,1,0,-16.323400548958098,-0.005096907945977921
adviceable,1,0,-16.323400548958098,-0.005096907945977921
advicing,1,0,-16.323400548958098,-0.005096907945977921
aesthema,1,0,-16.323400548958098,-0.005096907945977921
afect,1,0,-16.323400548958098,-0.005096907945977921
afemale,1,0,-16.323400548958098,-0.005096907945977921
afer,1,0,-16.323400548958098,-0.005096907945977921
affective,1,0,-16.323400548958098,-0.005096907945977921
affectng,1,0,-16.323400548958098,-0.005096907945977921
affordable,1,0,-16.323400548958098,-0.005096907945977921
affraid,1,0,-16.323400548958098,-0.005096907945977921
affternoon,1,0,-16.323400548958098,-0.005096907945977921
afrt,1,0,-16.323400548958098,-0.005096907945977921
afternooon,1,0,-16.323400548958098,-0.005096907945977921
afther,1,0,-16.323400548958098,-0.005096907945977921
aftrnoon,1,0,-16.323400548958098,-0.005096907945977921
aftrnun,1,0,-16.323400548958098,-0.005096907945977921
afyer,1,0,-16.323400548958098,-0.005096907945977921
afyt,1,0,-16.323400548958098,-0.005096907945977921
ag,1,0,-16.323400548958098,-0.005096907945977921
againthis,1,0,-16.323400548958098,-0.005096907945977921
agani,1,0,-16.323400548958098,-0.005096907945977921
aging,1,0,-16.323400548958098,-0.005096907945977921
agobut,1,0,-16.323400548958098,-0.005096907945977921
agois,1,0,-16.323400548958098,-0.005096907945977921
agoraphobia,1,0,-16.323400548958098,-0.005096907945977921
agresive,1,0,-16.323400548958098,-0.005096907945977921
agressive,1,0,-16.323400548958098,-0.005096907945977921
ahamam,1,0,-16.323400548958098,-0.005096907945977921
ahe,1,0,-16.323400548958098,-0.005096907945977921
ahh,1,0,-16.323400548958098,-0.005096907945977921
ahistory,1,0,-16.323400548958098,-0.005096907945977921
ailments,1,0,-16.323400548958098,-0.005096907945977921
ainus,1,0,-16.323400548958098,-0.005096907945977921
aise,1,0,-16.323400548958098,-0.005096907945977921
aking,1,0,-16.323400548958098,-0.005096907945977921
akt4,1,0,-16.323400548958098,-0.005096907945977921
alarms,1,0,-16.323400548958098,-0.005096907945977921
alchol,1,0,-16.323400548958098,-0.005096907945977921
aldo,1,0,-16.323400548958098,-0.005096907945977921
alerge,1,0,-16.323400548958098,-0.005096907945977921
alergic,1,0,-16.323400548958098,-0.005096907945977921
alergies,1,0,-16.323400548958098,-0.005096907945977921
alert,1,0,-16.323400548958098,-0.005096907945977921
alivher,1,0,-16.323400548958098,-0.005096907945977921
allegic,1,0,-16.323400548958098,-0.005096907945977921
allegra,1,0,-16.323400548958098,-0.005096907945977921
allerg,1,0,-16.323400548958098,-0.005096907945977921
allergect,1,0,-16.323400548958098,-0.005096907945977921
allopatchatdoctoredications,1,0,-16.323400548958098,-0.005096907945977921
allow,1,0,-16.323400548958098,-0.005096907945977921
alls,1,0,-16.323400548958098,-0.005096907945977921
almst,1,0,-16.323400548958098,-0.005096907945977921
alnly,1,0,-16.323400548958098,-0.005096907945977921
alongwith,1,0,-16.323400548958098,-0.005096907945977921
alos,1,0,-16.323400548958098,-0.005096907945977921
alott,1,0,-16.323400548958098,-0.005096907945977921
aloud,1,0,-16.323400548958098,-0.005096907945977921
alow,1,0,-16.323400548958098,-0.005096907945977921
alrdy,1,0,-16.323400548958098,-0.005096907945977921
alredi,1,0,-16.323400548958098,-0.005096907945977921
alrite,1,0,-16.323400548958098,-0.005096907945977921
als,1,0,-16.323400548958098,-0.005096907945977921
alsi,1,0,-16.323400548958098,-0.005096907945977921
alter,1,0,-16.323400548958098,-0.005096907945977921
alternatively,1,0,-16.323400548958098,-0.005096907945977921
alth,1,0,-16.323400548958098,-0.005096907945977921
altrocin500,1,0,-16.323400548958098,-0.005096907945977921
alway,1,0,-16.323400548958098,-0.005096907945977921
alwaz,1,0,-16.323400548958098,-0.005096907945977921
alwez,1,0,-16.323400548958098,-0.005096907945977921
ambala,1,0,-16.323400548958098,-0.005096907945977921
ambitions,1,0,-16.323400548958098,-0.005096907945977921
amean,1,0,-16.323400548958098,-0.005096907945977921
amernorrea,1,0,-16.323400548958098,-0.005096907945977921
amla,1,0,-16.323400548958098,-0.005096907945977921
amnesia,1,0,-16.323400548958098,-0.005096907945977921
amny,1,0,-16.323400548958098,-0.005096907945977921
amocicilin,1,0,-16.323400548958098,-0.005096907945977921
amounts,1,0,-16.323400548958098,-0.005096907945977921
amoxcillian,1,0,-16.323400548958098,-0.005096907945977921
amoxcillin,1,0,-16.323400548958098,-0.005096907945977921
amoxcyline,1,0,-16.323400548958098,-0.005096907945977921
amrs,1,0,-16.323400548958098,-0.005096907945977921
amruta,1,0,-16.323400548958098,-0.005096907945977921
amtas,1,0,-16.323400548958098,-0.005096907945977921
anbite,1,0,-16.323400548958098,-0.005096907945977921
ands,1,0,-16.323400548958098,-0.005096907945977921
ang,1,0,-16.323400548958098,-0.005096907945977921
animal,1,0,-16.323400548958098,-0.005096907945977921
annoyin,1,0,-16.323400548958098,-0.005096907945977921
anobitic,1,0,-16.323400548958098,-0.005096907945977921
anoder,1,0,-16.323400548958098,-0.005096907945977921
anodr,1,0,-16.323400548958098,-0.005096907945977921
anorexia,1,0,-16.323400548958098,-0.005096907945977921
anothet,1,0,-16.323400548958098,-0.005096907945977921
anothr,1,0,-16.323400548958098,-0.005096907945977921
ansaety,1,0,-16.323400548958098,-0.005096907945977921
anshul,1,0,-16.323400548958098,-0.005096907945977921
answe,1,0,-16.323400548958098,-0.005096907945977921
answerg,1,0,-16.323400548958098,-0.005096907945977921
anthr,1,0,-16.323400548958098,-0.005096907945977921
antibiotc,1,0,-16.323400548958098,-0.005096907945977921
antidiabetic,1,0,-16.323400548958098,-0.005096907945977921
antihistamine,1,0,-16.323400548958098,-0.005096907945977921
antimalaria,1,0,-16.323400548958098,-0.005096907945977921
anybdy,1,0,-16.323400548958098,-0.005096907945977921
anythg,1,0,-16.323400548958098,-0.005096907945977921
anywaz,1,0,-16.323400548958098,-0.005096907945977921
anzity,1,0,-16.323400548958098,-0.005096907945977921
apcod,1,0,-16.323400548958098,-0.005096907945977921
apetite,1,0,-16.323400548958098,-0.005096907945977921
appendis,1,0,-16.323400548958098,-0.005096907945977921
appitite,1,0,-16.323400548958098,-0.005096907945977921
appitizer,1,0,-16.323400548958098,-0.005096907945977921
apprx,1,0,-16.323400548958098,-0.005096907945977921
april2012,1,0,-16.323400548958098,-0.005096907945977921
april21,1,0,-16.323400548958098,-0.005096907945977921
aptivin,1,0,-16.323400548958098,-0.005096907945977921
arachitol,1,0,-16.323400548958098,-0.005096907945977921
arams,1,0,-16.323400548958098,-0.005096907945977921
areats,1,0,-16.323400548958098,-0.005096907945977921
areb,1,0,-16.323400548958098,-0.005096907945977921
arised,1,0,-16.323400548958098,-0.005096907945977921
aristzyme,1,0,-16.323400548958098,-0.005096907945977921
arnt,1,0,-16.323400548958098,-0.005096907945977921
arshad,1,0,-16.323400548958098,-0.005096907945977921
arthitcs,1,0,-16.323400548958098,-0.005096907945977921
arun,1,0,-16.323400548958098,-0.005096907945977921
arunfrom,1,0,-16.323400548958098,-0.005096907945977921
ash,1,0,-16.323400548958098,-0.005096907945977921
ashish,1,0,-16.323400548958098,-0.005096907945977921
ashthalin,1,0,-16.323400548958098,-0.005096907945977921
ashtma,1,0,-16.323400548958098,-0.005096907945977921
asians,1,0,-16.323400548958098,-0.005096907945977921
askde,1,0,-16.323400548958098,-0.005096907945977921
asks,1,0,-16.323400548958098,-0.005096907945977921
asta,1,0,-16.323400548958098,-0.005096907945977921
asthalin,1,0,-16.323400548958098,-0.005096907945977921
asthenozoospermia,1,0,-16.323400548958098,-0.005096907945977921
astric,1,0,-16.323400548958098,-0.005096907945977921
asuggestion,1,0,-16.323400548958098,-0.005096907945977921
atamri,1,0,-16.323400548958098,-0.005096907945977921
atavan,1,0,-16.323400548958098,-0.005096907945977921
atention,1,0,-16.323400548958098,-0.005096907945977921
ato,1,0,-16.323400548958098,-0.005096907945977921
atogla,1,0,-16.323400548958098,-0.005096907945977921
att,1,0,-16.323400548958098,-0.005096907945977921
attak,1,0,-16.323400548958098,-0.005096907945977921
attenton,1,0,-16.323400548958098,-0.005096907945977921
attrction,1,0,-16.323400548958098,-0.005096907945977921
augmentine,1,0,-16.323400548958098,-0.005096907945977921
augmenting,1,0,-16.323400548958098,-0.005096907945977921
aunt,1,0,-16.323400548958098,-0.005096907945977921
aur,1,0,-16.323400548958098,-0.005096907945977921
aures,1,0,-16.323400548958098,-0.005096907945977921
australia,1,0,-16.323400548958098,-0.005096907945977921
avik,1,0,-16.323400548958098,-0.005096907945977921
aviod,1,0,-16.323400548958098,-0.005096907945977921
aweek,1,0,-16.323400548958098,-0.005096907945977921
awhole,1,0,-16.323400548958098,-0.005096907945977921
awkard,1,0,-16.323400548958098,-0.005096907945977921
awnser,1,0,-16.323400548958098,-0.005096907945977921
axillary,1,0,-16.323400548958098,-0.005096907945977921
ayervedic,1,0,-16.323400548958098,-0.005096907945977921
ayesha,1,0,-16.323400548958098,-0.005096907945977921
ayurvedic,1,0,-16.323400548958098,-0.005096907945977921
azeem,1,0,-16.323400548958098,-0.005096907945977921
azithral,1,0,-16.323400548958098,-0.005096907945977921
azithromycin500,1,0,-16.323400548958098,-0.005096907945977921
azoospermia,1,0,-16.323400548958098,-0.005096907945977921
babu,1,0,-16.323400548958098,-0.005096907945977921
bace,1,0,-16.323400548958098,-0.005096907945977921
backbone,1,0,-16.323400548958098,-0.005096907945977921
bact,1,0,-16.323400548958098,-0.005096907945977921
badol,1,0,-16.323400548958098,-0.005096907945977921
baf,1,0,-16.323400548958098,-0.005096907945977921
bahot,1,0,-16.323400548958098,-0.005096907945977921
baldness,1,0,-16.323400548958098,-0.005096907945977921
baljit,1,0,-16.323400548958098,-0.005096907945977921
ball2,1,0,-16.323400548958098,-0.005096907945977921
banglore,1,0,-16.323400548958098,-0.005096907945977921
banu,1,0,-16.323400548958098,-0.005096907945977921
barret,1,0,-16.323400548958098,-0.005096907945977921
basic,1,0,-16.323400548958098,-0.005096907945977921
basketball,1,0,-16.323400548958098,-0.005096907945977921
bathing,1,0,-16.323400548958098,-0.005096907945977921
batjroom,1,0,-16.323400548958098,-0.005096907945977921
batra,1,0,-16.323400548958098,-0.005096907945977921
bb,1,0,-16.323400548958098,-0.005096907945977921
bc,1,0,-16.323400548958098,-0.005096907945977921
bcus,1,0,-16.323400548958098,-0.005096907945977921
bd,1,0,-16.323400548958098,-0.005096907945977921
bea,1,0,-16.323400548958098,-0.005096907945977921
beards,1,0,-16.323400548958098,-0.005096907945977921
beaten,1,0,-16.323400548958098,-0.005096907945977921
beatn,1,0,-16.323400548958098,-0.005096907945977921
becme,1,0,-16.323400548958098,-0.005096907945977921
becom,1,0,-16.323400548958098,-0.005096907945977921
become8,1,0,-16.323400548958098,-0.005096907945977921
becouse,1,0,-16.323400548958098,-0.005096907945977921
becuz,1,0,-16.323400548958098,-0.005096907945977921
beeen,1,0,-16.323400548958098,-0.005096907945977921
beef,1,0,-16.323400548958098,-0.005096907945977921
beendating,1,0,-16.323400548958098,-0.005096907945977921
beer,1,0,-16.323400548958098,-0.005096907945977921
befor,1,0,-16.323400548958098,-0.005096907945977921
beginnings,1,0,-16.323400548958098,-0.005096907945977921
behaving,1,0,-16.323400548958098,-0.005096907945977921
behing,1,0,-16.323400548958098,-0.005096907945977921
belive,1,0,-16.323400548958098,-0.005096907945977921
bell,1,0,-16.323400548958098,-0.005096907945977921
bellow,1,0,-16.323400548958098,-0.005096907945977921
bellt,1,0,-16.323400548958098,-0.005096907945977921
belong,1,0,-16.323400548958098,-0.005096907945977921
belven,1,0,-16.323400548958098,-0.005096907945977921
ben,1,0,-16.323400548958098,-0.005096907945977921
benadon,1,0,-16.323400548958098,-0.005096907945977921
beneficial,1,0,-16.323400548958098,-0.005096907945977921
benifit,1,0,-16.323400548958098,-0.005096907945977921
benn,1,0,-16.323400548958098,-0.005096907945977921
benzocaine,1,0,-16.323400548958098,-0.005096907945977921
berp,1,0,-16.323400548958098,-0.005096907945977921
beta,1,0,-16.323400548958098,-0.005096907945977921
betablock,1,0,-16.323400548958098,-0.005096907945977921
beter,1,0,-16.323400548958098,-0.005096907945977921
bets,1,0,-16.323400548958098,-0.005096907945977921
bfore,1,0,-16.323400548958098,-0.005096907945977921
bfr,1,0,-16.323400548958098,-0.005096907945977921
bfre,1,0,-16.323400548958098,-0.005096907945977921
bhasm,1,0,-16.323400548958098,-0.005096907945977921
bhjkhjkhklhk,1,0,-16.323400548958098,-0.005096907945977921
bhvr,1,0,-16.323400548958098,-0.005096907945977921
bifilac,1,0,-16.323400548958098,-0.005096907945977921
bigomet,1,0,-16.323400548958098,-0.005096907945977921
bilaterally,1,0,-16.323400548958098,-0.005096907945977921
bilurumin,1,0,-16.323400548958098,-0.005096907945977921
bio,1,0,-16.323400548958098,-0.005096907945977921
birthmark,1,0,-16.323400548958098,-0.005096907945977921
biting,1,0,-16.323400548958098,-0.005096907945977921
blackheads,1,0,-16.323400548958098,-0.005096907945977921
bleach,1,0,-16.323400548958098,-0.005096907945977921
bledng,1,0,-16.323400548958098,-0.005096907945977921
bleedin,1,0,-16.323400548958098,-0.005096907945977921
blemishes,1,0,-16.323400548958098,-0.005096907945977921
blew,1,0,-16.323400548958098,-0.005096907945977921
blind,1,0,-16.323400548958098,-0.005096907945977921
blinking,1,0,-16.323400548958098,-0.005096907945977921
blistex,1,0,-16.323400548958098,-0.005096907945977921
blistters,1,0,-16.323400548958098,-0.005096907945977921
blk,1,0,-16.323400548958098,-0.005096907945977921
blur,1,0,-16.323400548958098,-0.005096907945977921
blurr,1,0,-16.323400548958098,-0.005096907945977921
bodyso,1,0,-16.323400548958098,-0.005096907945977921
boldino,1,0,-16.323400548958098,-0.005096907945977921
boob,1,0,-16.323400548958098,-0.005096907945977921
booked,1,0,-16.323400548958098,-0.005096907945977921
borned,1,0,-16.323400548958098,-0.005096907945977921
botchatdoctore,1,0,-16.323400548958098,-0.005096907945977921
bother,1,0,-16.323400548958098,-0.005096907945977921
bothers,1,0,-16.323400548958098,-0.005096907945977921
bottels,1,0,-16.323400548958098,-0.005096907945977921
botton,1,0,-16.323400548958098,-0.005096907945977921
bought,1,0,-16.323400548958098,-0.005096907945977921
boyfrnd,1,0,-16.323400548958098,-0.005096907945977921
bpd,1,0,-16.323400548958098,-0.005096907945977921
bpharmacy,1,0,-16.323400548958098,-0.005096907945977921
brachial,1,0,-16.323400548958098,-0.005096907945977921
branch,1,0,-16.323400548958098,-0.005096907945977921
bread,1,0,-16.323400548958098,-0.005096907945977921
breafast,1,0,-16.323400548958098,-0.005096907945977921
breakouts,1,0,-16.323400548958098,-0.005096907945977921
breakup,1,0,-16.323400548958098,-0.005096907945977921
breastfeedin,1,0,-16.323400548958098,-0.005096907945977921
breastfeeding,1,0,-16.323400548958098,-0.005096907945977921
breathin,1,0,-16.323400548958098,-0.005096907945977921
breech,1,0,-16.323400548958098,-0.005096907945977921
brething,1,0,-16.323400548958098,-0.005096907945977921
bringha,1,0,-16.323400548958098,-0.005096907945977921
brings,1,0,-16.323400548958098,-0.005096907945977921
brite,1,0,-16.323400548958098,-0.005096907945977921
bronchodialotors,1,0,-16.323400548958098,-0.005096907945977921
bruds,1,0,-16.323400548958098,-0.005096907945977921
bs,1,0,-16.323400548958098,-0.005096907945977921
bsc,1,0,-16.323400548958098,-0.005096907945977921
bttt,1,0,-16.323400548958098,-0.005096907945977921
btw,1,0,-16.323400548958098,-0.005096907945977921
bu,1,0,-16.323400548958098,-0.005096907945977921
bubbles,1,0,-16.323400548958098,-0.005096907945977921
bubbling,1,0,-16.323400548958098,-0.005096907945977921
budecort,1,0,-16.323400548958098,-0.005096907945977921
bugs,1,0,-16.323400548958098,-0.005096907945977921
buh,1,0,-16.323400548958098,-0.005096907945977921
buldging,1,0,-16.323400548958098,-0.005096907945977921
bulged,1,0,-16.323400548958098,-0.005096907945977921
bulgum,1,0,-16.323400548958098,-0.005096907945977921
bulky,1,0,-16.323400548958098,-0.005096907945977921
bullet,1,0,-16.323400548958098,-0.005096907945977921
bum,1,0,-16.323400548958098,-0.005096907945977921
bumo,1,0,-16.323400548958098,-0.005096907945977921
bums,1,0,-16.323400548958098,-0.005096907945977921
burnt,1,0,-16.323400548958098,-0.005096907945977921
burr,1,0,-16.323400548958098,-0.005096907945977921
burst,1,0,-16.323400548958098,-0.005096907945977921
busines,1,0,-16.323400548958098,-0.005096907945977921
busy,1,0,-16.323400548958098,-0.005096907945977921
buttcrack,1,0,-16.323400548958098,-0.005096907945977921
buzz,1,0,-16.323400548958098,-0.005096907945977921
bw,1,0,-16.323400548958098,-0.005096907945977921
byhearted,1,0,-16.323400548958098,-0.005096907945977921
byn,1,0,-16.323400548958098,-0.005096907945977921
caause,1,0,-16.323400548958098,-0.005096907945977921
cabergolin,1,0,-16.323400548958098,-0.005096907945977921
caine,1,0,-16.323400548958098,-0.005096907945977921
calamine,1,0,-16.323400548958098,-0.005096907945977921
calpol,1,0,-16.323400548958098,-0.005096907945977921
camra,1,0,-16.323400548958098,-0.005096907945977921
cancelled,1,0,-16.323400548958098,-0.005096907945977921
cancereous,1,0,-16.323400548958098,-0.005096907945977921
candidiasis,1,0,-16.323400548958098,-0.005096907945977921
canser,1,0,-16.323400548958098,-0.005096907945977921
canseteen,1,0,-16.323400548958098,-0.005096907945977921
capol,1,0,-16.323400548958098,-0.005096907945977921
caramal,1,0,-16.323400548958098,-0.005096907945977921
career,1,0,-16.323400548958098,-0.005096907945977921
carmicide,1,0,-16.323400548958098,-0.005096907945977921
carried,1,0,-16.323400548958098,-0.005096907945977921
cas,1,0,-16.323400548958098,-0.005096907945977921
casesheet,1,0,-16.323400548958098,-0.005096907945977921
catalyd8drop,1,0,-16.323400548958098,-0.005096907945977921
catching,1,0,-16.323400548958098,-0.005096907945977921
causin,1,0,-16.323400548958098,-0.005096907945977921
caz,1,0,-16.323400548958098,-0.005096907945977921
cbp,1,0,-16.323400548958098,-0.005096907945977921
ceclor,1,0,-16.323400548958098,-0.005096907945977921
cefodoxime,1,0,-16.323400548958098,-0.005096907945977921
central,1,0,-16.323400548958098,-0.005096907945977921
cesarian,1,0,-16.323400548958098,-0.005096907945977921
cetal,1,0,-16.323400548958098,-0.005096907945977921
cetzine,1,0,-16.323400548958098,-0.005096907945977921
chain,1,0,-16.323400548958098,-0.005096907945977921
chancesof,1,0,-16.323400548958098,-0.005096907945977921
chandrashekar,1,0,-16.323400548958098,-0.005096907945977921
chap,1,0,-16.323400548958098,-0.005096907945977921
chapati,1,0,-16.323400548958098,-0.005096907945977921
chart,1,0,-16.323400548958098,-0.005096907945977921
chck,1,0,-16.323400548958098,-0.005096907945977921
cheast,1,0,-16.323400548958098,-0.005096907945977921
checkin,1,0,-16.323400548958098,-0.005096907945977921
checks,1,0,-16.323400548958098,-0.005096907945977921
chekup,1,0,-16.323400548958098,-0.005096907945977921
chew,1,0,-16.323400548958098,-0.005096907945977921
chick,1,0,-16.323400548958098,-0.005096907945977921
childless,1,0,-16.323400548958098,-0.005096907945977921
chill,1,0,-16.323400548958098,-0.005096907945977921
chip,1,0,-16.323400548958098,-0.005096907945977921
chiranjiv,1,0,-16.323400548958098,-0.005096907945977921
chiroprocr,1,0,-16.323400548958098,-0.005096907945977921
chk,1,0,-16.323400548958098,-0.005096907945977921
chnce,1,0,-16.323400548958098,-0.005096907945977921
chnge,1,0,-16.323400548958098,-0.005096907945977921
choice,1,0,-16.323400548958098,-0.005096907945977921
chol,1,0,-16.323400548958098,-0.005096907945977921
cholesistectomy,1,0,-16.323400548958098,-0.005096907945977921
choosy,1,0,-16.323400548958098,-0.005096907945977921
chr,1,0,-16.323400548958098,-0.005096907945977921
chromotubation,1,0,-16.323400548958098,-0.005096907945977921
chrons,1,0,-16.323400548958098,-0.005096907945977921
cigarate,1,0,-16.323400548958098,-0.005096907945977921
cigareete,1,0,-16.323400548958098,-0.005096907945977921
cinex600,1,0,-16.323400548958098,-0.005096907945977921
ciplox,1,0,-16.323400548958098,-0.005096907945977921
ciprobid,1,0,-16.323400548958098,-0.005096907945977921
ciprotab,1,0,-16.323400548958098,-0.005096907945977921
circumstances,1,0,-16.323400548958098,-0.005096907945977921
cirle,1,0,-16.323400548958098,-0.005096907945977921
cirrossis,1,0,-16.323400548958098,-0.005096907945977921
cjarlie,1,0,-16.323400548958098,-0.005096907945977921
ckd,1,0,-16.323400548958098,-0.005096907945977921
ckme,1,0,-16.323400548958098,-0.005096907945977921
clamed,1,0,-16.323400548958098,-0.005096907945977921
clamp,1,0,-16.323400548958098,-0.005096907945977921
clarithiomycin,1,0,-16.323400548958098,-0.005096907945977921
classic,1,0,-16.323400548958098,-0.005096907945977921
classmate,1,0,-16.323400548958098,-0.005096907945977921
clavunulate,1,0,-16.323400548958098,-0.005096907945977921
cleanse,1,0,-16.323400548958098,-0.005096907945977921
clearshnwhite,1,0,-16.323400548958098,-0.005096907945977921
clensed,1,0,-16.323400548958098,-0.005096907945977921
clg,1,0,-16.323400548958098,-0.005096907945977921
climbed,1,0,-16.323400548958098,-0.005096907945977921
clininc,1,0,-16.323400548958098,-0.005096907945977921
clit,1,0,-16.323400548958098,-0.005096907945977921
cloths,1,0,-16.323400548958098,-0.005096907945977921
cmin,1,0,-16.323400548958098,-0.005096907945977921
cmpared,1,0,-16.323400548958098,-0.005096907945977921
cnciev,1,0,-16.323400548958098,-0.005096907945977921
cnsult,1,0,-16.323400548958098,-0.005096907945977921
cnsulted,1,0,-16.323400548958098,-0.005096907945977921
cocaine,1,0,-16.323400548958098,-0.005096907945977921
cocktail,1,0,-16.323400548958098,-0.005096907945977921
cocodemal,1,0,-16.323400548958098,-0.005096907945977921
codine,1,0,-16.323400548958098,-0.005096907945977921
coenzyme,1,0,-16.323400548958098,-0.005096907945977921
coin,1,0,-16.323400548958098,-0.005096907945977921
coing,1,0,-16.323400548958098,-0.005096907945977921
colds,1,0,-16.323400548958098,-0.005096907945977921
colege,1,0,-16.323400548958098,-0.005096907945977921
colicaid,1,0,-16.323400548958098,-0.005096907945977921
colitis,1,0,-16.323400548958098,-0.005096907945977921
colitise,1,0,-16.323400548958098,-0.005096907945977921
collage,1,0,-16.323400548958098,-0.005096907945977921
collapse,1,0,-16.323400548958098,-0.005096907945977921
collectd,1,0,-16.323400548958098,-0.005096907945977921
colonstonomy,1,0,-16.323400548958098,-0.005096907945977921
colony,1,0,-16.323400548958098,-0.005096907945977921
comb,1,0,-16.323400548958098,-0.005096907945977921
comer,1,0,-16.323400548958098,-0.005096907945977921
cometically,1,0,-16.323400548958098,-0.005096907945977921
comfortably,1,0,-16.323400548958098,-0.005096907945977921
comit,1,0,-16.323400548958098,-0.005096907945977921
commes,1,0,-16.323400548958098,-0.005096907945977921
comming,1,0,-16.323400548958098,-0.005096907945977921
common,1,0,-16.323400548958098,-0.005096907945977921
communicating,1,0,-16.323400548958098,-0.005096907945977921
comodial,1,0,-16.323400548958098,-0.005096907945977921
compare,1,0,-16.323400548958098,-0.005096907945977921
compared,1,0,-16.323400548958098,-0.005096907945977921
complained,1,0,-16.323400548958098,-0.005096907945977921
complainin,1,0,-16.323400548958098,-0.005096907945977921
complecation,1,0,-16.323400548958098,-0.005096907945977921
completing,1,0,-16.323400548958098,-0.005096907945977921
complex,1,0,-16.323400548958098,-0.005096907945977921
complicated,1,0,-16.323400548958098,-0.005096907945977921
compund,1,0,-16.323400548958098,-0.005096907945977921
coms,1,0,-16.323400548958098,-0.005096907945977921
concer,1,0,-16.323400548958098,-0.005096907945977921
conciev,1,0,-16.323400548958098,-0.005096907945977921
concived,1,0,-16.323400548958098,-0.005096907945977921
concrete,1,0,-16.323400548958098,-0.005096907945977921
condion,1,0,-16.323400548958098,-0.005096907945977921
condmn,1,0,-16.323400548958098,-0.005096907945977921
confort,1,0,-16.323400548958098,-0.005096907945977921
confront,1,0,-16.323400548958098,-0.005096907945977921
confusd,1,0,-16.323400548958098,-0.005096907945977921
congesion,1,0,-16.323400548958098,-0.005096907945977921
conjunctivitis,1,0,-16.323400548958098,-0.005096907945977921
cons,1,0,-16.323400548958098,-0.005096907945977921
consluted,1,0,-16.323400548958098,-0.005096907945977921
constupated,1,0,-16.323400548958098,-0.005096907945977921
content,1,0,-16.323400548958098,-0.005096907945977921
contraception,1,0,-16.323400548958098,-0.005096907945977921
contraceptives,1,0,-16.323400548958098,-0.005096907945977921
contract,1,0,-16.323400548958098,-0.005096907945977921
contracted,1,0,-16.323400548958098,-0.005096907945977921
contradict,1,0,-16.323400548958098,-0.005096907945977921
contreception,1,0,-16.323400548958098,-0.005096907945977921
controll,1,0,-16.323400548958098,-0.005096907945977921
controlling,1,0,-16.323400548958098,-0.005096907945977921
conveive,1,0,-16.323400548958098,-0.005096907945977921
coorg,1,0,-16.323400548958098,-0.005096907945977921
coose,1,0,-16.323400548958098,-0.005096907945977921
corn,1,0,-16.323400548958098,-0.005096907945977921
cornual,1,0,-16.323400548958098,-0.005096907945977921
corpus,1,0,-16.323400548958098,-0.005096907945977921
corse,1,0,-16.323400548958098,-0.005096907945977921
cosmetics,1,0,-16.323400548958098,-0.005096907945977921
coud,1,0,-16.323400548958098,-0.005096907945977921
coughn,1,0,-16.323400548958098,-0.005096907945977921
coulndt,1,0,-16.323400548958098,-0.005096907945977921
coumadin,1,0,-16.323400548958098,-0.005096907945977921
counsil,1,0,-16.323400548958098,-0.005096907945977921
counted,1,0,-16.323400548958098,-0.005096907945977921
coused,1,0,-16.323400548958098,-0.005096907945977921
cousre,1,0,-16.323400548958098,-0.005096907945977921
cout,1,0,-16.323400548958098,-0.005096907945977921
cow,1,0,-16.323400548958098,-0.005096907945977921
cozz,1,0,-16.323400548958098,-0.005096907945977921
cp,1,0,-16.323400548958098,-0.005096907945977921
crash,1,0,-16.323400548958098,-0.005096907945977921
crave,1,0,-16.323400548958098,-0.005096907945977921
crawling,1,0,-16.323400548958098,-0.005096907945977921
crcl,1,0,-16.323400548958098,-0.005096907945977921
cre,1,0,-16.323400548958098,-0.005096907945977921
creamy,1,0,-16.323400548958098,-0.005096907945977921
creatine,1,0,-16.323400548958098,-0.005096907945977921
creatnine,1,0,-16.323400548958098,-0.005096907945977921
crem,1,0,-16.323400548958098,-0.005096907945977921
crewing,1,0,-16.323400548958098,-0.005096907945977921
crirosis,1,0,-16.323400548958098,-0.005096907945977921
critical,1,0,-16.323400548958098,-0.005096907945977921
crores,1,0,-16.323400548958098,-0.005096907945977921
crosin,1,0,-16.323400548958098,-0.005096907945977921
cryed,1,0,-16.323400548958098,-0.005096907945977921
cs,1,0,-16.323400548958098,-0.005096907945977921
ctz,1,0,-16.323400548958098,-0.005096907945977921
cuddles,1,0,-16.323400548958098,-0.005096907945977921
cuddling,1,0,-16.323400548958098,-0.005096907945977921
cue,1,0,-16.323400548958098,-0.005096907945977921
cuffering,1,0,-16.323400548958098,-0.005096907945977921
cummed,1,0,-16.323400548958098,-0.005096907945977921
cumng,1,0,-16.323400548958098,-0.005096907945977921
cup,1,0,-16.323400548958098,-0.005096907945977921
curently,1,0,-16.323400548958098,-0.005096907945977921
curling,1,0,-16.323400548958098,-0.005096907945977921
curse,1,0,-16.323400548958098,-0.005096907945977921
cus,1,0,-16.323400548958098,-0.005096907945977921
cutishine,1,0,-16.323400548958098,-0.005096907945977921
cytomegalo,1,0,-16.323400548958098,-0.005096907945977921
cytototec,1,0,-16.323400548958098,-0.005096907945977921
cyts,1,0,-16.323400548958098,-0.005096907945977921
cze,1,0,-16.323400548958098,-0.005096907945977921
d4,1,0,-16.323400548958098,-0.005096907945977921
d40,1,0,-16.323400548958098,-0.005096907945977921
d5,1,0,-16.323400548958098,-0.005096907945977921
d8,1,0,-16.323400548958098,-0.005096907945977921
daal,1,0,-16.323400548958098,-0.005096907945977921
dactor,1,0,-16.323400548958098,-0.005096907945977921
dada,1,0,-16.323400548958098,-0.005096907945977921
dadi,1,0,-16.323400548958098,-0.005096907945977921
daghter,1,0,-16.323400548958098,-0.005096907945977921
daid,1,0,-16.323400548958098,-0.005096907945977921
damge,1,0,-16.323400548958098,-0.005096907945977921
damm,1,0,-16.323400548958098,-0.005096907945977921
damp,1,0,-16.323400548958098,-0.005096907945977921
dan,1,0,-16.323400548958098,-0.005096907945977921
dancing,1,0,-16.323400548958098,-0.005096907945977921
danger,1,0,-16.323400548958098,-0.005096907945977921
dangers,1,0,-16.323400548958098,-0.005096907945977921
das,1,0,-16.323400548958098,-0.005096907945977921
dasgupta,1,0,-16.323400548958098,-0.005096907945977921
datday,1,0,-16.323400548958098,-0.005096907945977921
datz,1,0,-16.323400548958098,-0.005096907945977921
daughteraswani,1,0,-16.323400548958098,-0.005096907945977921
daughterinlaw,1,0,-16.323400548958098,-0.005096907945977921
david,1,0,-16.323400548958098,-0.005096907945977921
daycare,1,0,-16.323400548958098,-0.005096907945977921
dcotor,1,0,-16.323400548958098,-0.005096907945977921
dctr,1,0,-16.323400548958098,-0.005096907945977921
ddays,1,0,-16.323400548958098,-0.005096907945977921
ddd,1,0,-16.323400548958098,-0.005096907945977921
dealy,1,0,-16.323400548958098,-0.005096907945977921
dec2011,1,0,-16.323400548958098,-0.005096907945977921
decayed,1,0,-16.323400548958098,-0.005096907945977921
decions,1,0,-16.323400548958098,-0.005096907945977921
decogestant,1,0,-16.323400548958098,-0.005096907945977921
decresses,1,0,-16.323400548958098,-0.005096907945977921
defficiency,1,0,-16.323400548958098,-0.005096907945977921
deficiency,1,0,-16.323400548958098,-0.005096907945977921
deformity,1,0,-16.323400548958098,-0.005096907945977921
deg,1,0,-16.323400548958098,-0.005096907945977921
delhi,1,0,-16.323400548958098,-0.005096907945977921
delivering,1,0,-16.323400548958098,-0.005096907945977921
delopving,1,0,-16.323400548958098,-0.005096907945977921
depend,1,0,-16.323400548958098,-0.005096907945977921
depigmented,1,0,-16.323400548958098,-0.005096907945977921
deposited,1,0,-16.323400548958098,-0.005096907945977921
depresd,1,0,-16.323400548958098,-0.005096907945977921
depressd,1,0,-16.323400548958098,-0.005096907945977921
depressions,1,0,-16.323400548958098,-0.005096907945977921
dermadew,1,0,-16.323400548958098,-0.005096907945977921
dermatologist,1,0,-16.323400548958098,-0.005096907945977921
dermotoligist,1,0,-16.323400548958098,-0.005096907945977921
desease,1,0,-16.323400548958098,-0.005096907945977921
deses,1,0,-16.323400548958098,-0.005096907945977921
desowen,1,0,-16.323400548958098,-0.005096907945977921
detail,1,0,-16.323400548958098,-0.005096907945977921
detergents,1,0,-16.323400548958098,-0.005096907945977921
determinatn,1,0,-16.323400548958098,-0.005096907945977921
detol,1,0,-16.323400548958098,-0.005096907945977921
devil,1,0,-16.323400548958098,-0.005096907945977921
devlop,1,0,-16.323400548958098,-0.005096907945977921
dexpoten,1,0,-16.323400548958098,-0.005096907945977921
dhere,1,0,-16.323400548958098,-0.005096907945977921
diabets,1,0,-16.323400548958098,-0.005096907945977921
diagnosd,1,0,-16.323400548958098,-0.005096907945977921
diagonsd,1,0,-16.323400548958098,-0.005096907945977921
diaharea,1,0,-16.323400548958098,-0.005096907945977921
diahrea,1,0,-16.323400548958098,-0.005096907945977921
diapragm,1,0,-16.323400548958098,-0.005096907945977921
diarreahoe,1,0,-16.323400548958098,-0.005096907945977921
dicuss,1,0,-16.323400548958098,-0.005096907945977921
dide,1,0,-16.323400548958098,-0.005096907945977921
didut,1,0,-16.323400548958098,-0.005096907945977921
dieases,1,0,-16.323400548958098,-0.005096907945977921
diebietic,1,0,-16.323400548958098,-0.005096907945977921
dierrea,1,0,-16.323400548958098,-0.005096907945977921
dies,1,0,-16.323400548958098,-0.005096907945977921
digene,1,0,-16.323400548958098,-0.005096907945977921
digeplex,1,0,-16.323400548958098,-0.005096907945977921
digestion,1,0,-16.323400548958098,-0.005096907945977921
diizyy,1,0,-16.323400548958098,-0.005096907945977921
dilike,1,0,-16.323400548958098,-0.005096907945977921
dime,1,0,-16.323400548958098,-0.005096907945977921
dir,1,0,-16.323400548958098,-0.005096907945977921
diring,1,0,-16.323400548958098,-0.005096907945977921
disappointed,1,0,-16.323400548958098,-0.005096907945977921
dischar,1,0,-16.323400548958098,-0.005096907945977921
disconfort,1,0,-16.323400548958098,-0.005096907945977921
diseas,1,0,-16.323400548958098,-0.005096907945977921
disentry,1,0,-16.323400548958098,-0.005096907945977921
dishearted,1,0,-16.323400548958098,-0.005096907945977921
dislecsic,1,0,-16.323400548958098,-0.005096907945977921
dismissed,1,0,-16.323400548958098,-0.005096907945977921
disorderwhat,1,0,-16.323400548958098,-0.005096907945977921
disorientated,1,0,-16.323400548958098,-0.005096907945977921
dissapointed,1,0,-16.323400548958098,-0.005096907945977921
dissappear,1,0,-16.323400548958098,-0.005096907945977921
disscus,1,0,-16.323400548958098,-0.005096907945977921
dissolving,1,0,-16.323400548958098,-0.005096907945977921
distress,1,0,-16.323400548958098,-0.005096907945977921
distressed,1,0,-16.323400548958098,-0.005096907945977921
district,1,0,-16.323400548958098,-0.005096907945977921
distrub,1,0,-16.323400548958098,-0.005096907945977921
disturbed,1,0,-16.323400548958098,-0.005096907945977921
divan,1,0,-16.323400548958098,-0.005096907945977921
divorced,1,0,-16.323400548958098,-0.005096907945977921
diya,1,0,-16.323400548958098,-0.005096907945977921
dizzyness,1,0,-16.323400548958098,-0.005096907945977921
dizzzy,1,0,-16.323400548958098,-0.005096907945977921
dj,1,0,-16.323400548958098,-0.005096907945977921
dm,1,0,-16.323400548958098,-0.005096907945977921
dmy,1,0,-16.323400548958098,-0.005096907945977921
dng,1,0,-16.323400548958098,-0.005096907945977921
docktor,1,0,-16.323400548958098,-0.005096907945977921
docmy,1,0,-16.323400548958098,-0.005096907945977921
docoter,1,0,-16.323400548958098,-0.005096907945977921
doctoer,1,0,-16.323400548958098,-0.005096907945977921
doctoriam,1,0,-16.323400548958098,-0.005096907945977921
doctormy,1,0,-16.323400548958098,-0.005096907945977921
doctorreply,1,0,-16.323400548958098,-0.005096907945977921
doctrs,1,0,-16.323400548958098,-0.005096907945977921
doest,1,0,-16.323400548958098,-0.005096907945977921
doggy,1,0,-16.323400548958098,-0.005096907945977921
doha,1,0,-16.323400548958098,-0.005096907945977921
dohere,1,0,-16.323400548958098,-0.005096907945977921
dollar,1,0,-16.323400548958098,-0.005096907945977921
dom,1,0,-16.323400548958098,-0.005096907945977921
dominent,1,0,-16.323400548958098,-0.005096907945977921
domstal,1,0,-16.323400548958098,-0.005096907945977921
doneand,1,0,-16.323400548958098,-0.005096907945977921
donno,1,0,-16.323400548958098,-0.005096907945977921
dono,1,0,-16.323400548958098,-0.005096907945977921
doors,1,0,-16.323400548958098,-0.005096907945977921
dorpped,1,0,-16.323400548958098,-0.005096907945977921
dorsal,1,0,-16.323400548958098,-0.005096907945977921
dos,1,0,-16.323400548958098,-0.005096907945977921
dou,1,0,-16.323400548958098,-0.005096907945977921
dove,1,0,-16.323400548958098,-0.005096907945977921
dow,1,0,-16.323400548958098,-0.005096907945977921
doxferxime,1,0,-16.323400548958098,-0.005096907945977921
doxy,1,0,-16.323400548958098,-0.005096907945977921
doxycycline,1,0,-16.323400548958098,-0.005096907945977921
doze,1,0,-16.323400548958098,-0.005096907945977921
dozed,1,0,-16.323400548958098,-0.005096907945977921
doznt,1,0,-16.323400548958098,-0.005096907945977921
drastic,1,0,-16.323400548958098,-0.005096907945977921
drawn,1,0,-16.323400548958098,-0.005096907945977921
dream,1,0,-16.323400548958098,-0.005096907945977921
dressed,1,0,-16.323400548958098,-0.005096907945977921
dressing,1,0,-16.323400548958098,-0.005096907945977921
dricking,1,0,-16.323400548958098,-0.005096907945977921
dring,1,0,-16.323400548958098,-0.005096907945977921
drk,1,0,-16.323400548958098,-0.005096907945977921
drotil,1,0,-16.323400548958098,-0.005096907945977921
drotin,1,0,-16.323400548958098,-0.005096907945977921
drunker,1,0,-16.323400548958098,-0.005096907945977921
drusg,1,0,-16.323400548958098,-0.005096907945977921
drying,1,0,-16.323400548958098,-0.005096907945977921
drys,1,0,-16.323400548958098,-0.005096907945977921
dsnt,1,0,-16.323400548958098,-0.005096907945977921
duphastan,1,0,-16.323400548958098,-0.005096907945977921
durng,1,0,-16.323400548958098,-0.005096907945977921
dyasis,1,0,-16.323400548958098,-0.005096907945977921
dyleses,1,0,-16.323400548958098,-0.005096907945977921
dylises,1,0,-16.323400548958098,-0.005096907945977921
dystonia,1,0,-16.323400548958098,-0.005096907945977921
eagar,1,0,-16.323400548958098,-0.005096907945977921
easeoff,1,0,-16.323400548958098,-0.005096907945977921
eatng,1,0,-16.323400548958098,-0.005096907945977921
eb,1,0,-16.323400548958098,-0.005096907945977921
eco,1,0,-16.323400548958098,-0.005096907945977921
ecospirin,1,0,-16.323400548958098,-0.005096907945977921
ecosprin75mg,1,0,-16.323400548958098,-0.005096907945977921
edema,1,0,-16.323400548958098,-0.005096907945977921
efected,1,0,-16.323400548958098,-0.005096907945977921
efective,1,0,-16.323400548958098,-0.005096907945977921
effct,1,0,-16.323400548958098,-0.005096907945977921
effusion,1,0,-16.323400548958098,-0.005096907945977921
eg,1,0,-16.323400548958098,-0.005096907945977921
egmore,1,0,-16.323400548958098,-0.005096907945977921
eilsa,1,0,-16.323400548958098,-0.005096907945977921
eit,1,0,-16.323400548958098,-0.005096907945977921
ejuculated,1,0,-16.323400548958098,-0.005096907945977921
elder,1,0,-16.323400548958098,-0.005096907945977921
elisa,1,0,-16.323400548958098,-0.005096907945977921
elthroxin,1,0,-16.323400548958098,-0.005096907945977921
embarrassin,1,0,-16.323400548958098,-0.005096907945977921
emirats,1,0,-16.323400548958098,-0.005096907945977921
emoderm,1,0,-16.323400548958098,-0.005096907945977921
emparessed,1,0,-16.323400548958098,-0.005096907945977921
empill,1,0,-16.323400548958098,-0.005096907945977921
emptied,1,0,-16.323400548958098,-0.005096907945977921
en,1,0,-16.323400548958098,-0.005096907945977921
enalapril,1,0,-16.323400548958098,-0.005096907945977921
encourage,1,0,-16.323400548958098,-0.005096907945977921
endid,1,0,-16.323400548958098,-0.005096907945977921
endocervix,1,0,-16.323400548958098,-0.005096907945977921
endocrinologist,1,0,-16.323400548958098,-0.005096907945977921
endomertial,1,0,-16.323400548958098,-0.005096907945977921
endometrail,1,0,-16.323400548958098,-0.005096907945977921
endometriatis,1,0,-16.323400548958098,-0.005096907945977921
endometrium,1,0,-16.323400548958098,-0.005096907945977921
energetic,1,0,-16.323400548958098,-0.005096907945977921
energyless,1,0,-16.323400548958098,-0.005096907945977921
engg,1,0,-16.323400548958098,-0.005096907945977921
english,1,0,-16.323400548958098,-0.005096907945977921
engry,1,0,-16.323400548958098,-0.005096907945977921
enivian,1,0,-16.323400548958098,-0.005096907945977921
enlarge,1,0,-16.323400548958098,-0.005096907945977921
enlarger,1,0,-16.323400548958098,-0.005096907945977921
enquired,1,0,-16.323400548958098,-0.005096907945977921
ensure,1,0,-16.323400548958098,-0.005096907945977921
entered,1,0,-16.323400548958098,-0.005096907945977921
enterogermina,1,0,-16.323400548958098,-0.005096907945977921
entertainment,1,0,-16.323400548958098,-0.005096907945977921
equal,1,0,-16.323400548958098,-0.005096907945977921
erction,1,0,-16.323400548958098,-0.005096907945977921
erec,1,0,-16.323400548958098,-0.005096907945977921
erectile,1,0,-16.323400548958098,-0.005096907945977921
erections,1,0,-16.323400548958098,-0.005096907945977921
eridght,1,0,-16.323400548958098,-0.005096907945977921
erratic,1,0,-16.323400548958098,-0.005096907945977921
errection,1,0,-16.323400548958098,-0.005096907945977921
ers,1,0,-16.323400548958098,-0.005096907945977921
ert,1,0,-16.323400548958098,-0.005096907945977921
erytop,1,0,-16.323400548958098,-0.005096907945977921
esinophil,1,0,-16.323400548958098,-0.005096907945977921
espareted,1,0,-16.323400548958098,-0.005096907945977921
espcly,1,0,-16.323400548958098,-0.005096907945977921
esr40,1,0,-16.323400548958098,-0.005096907945977921
essentiell,1,0,-16.323400548958098,-0.005096907945977921
ethambutol,1,0,-16.323400548958098,-0.005096907945977921
eva,1,0,-16.323400548958098,-0.005096907945977921
everthing,1,0,-16.323400548958098,-0.005096907945977921
everthingg,1,0,-16.323400548958098,-0.005096907945977921
everybody,1,0,-16.323400548958098,-0.005096907945977921
everythin,1,0,-16.323400548958098,-0.005096907945977921
everytin,1,0,-16.323400548958098,-0.005096907945977921
eveyday,1,0,-16.323400548958098,-0.005096907945977921
evon,1,0,-16.323400548958098,-0.005096907945977921
evrrytime,1,0,-16.323400548958098,-0.005096907945977921
evrybdy,1,0,-16.323400548958098,-0.005096907945977921
evrytym,1,0,-16.323400548958098,-0.005096907945977921
evtab,1,0,-16.323400548958098,-0.005096907945977921
evythng,1,0,-16.323400548958098,-0.005096907945977921
examined,1,0,-16.323400548958098,-0.005096907945977921
examz,1,0,-16.323400548958098,-0.005096907945977921
excess,1,0,-16.323400548958098,-0.005096907945977921
excruciating,1,0,-16.323400548958098,-0.005096907945977921
exercising,1,0,-16.323400548958098,-0.005096907945977921
exersic,1,0,-16.323400548958098,-0.005096907945977921
exhales,1,0,-16.323400548958098,-0.005096907945977921
existent,1,0,-16.323400548958098,-0.005096907945977921
expcted,1,0,-16.323400548958098,-0.005096907945977921
expecting,1,0,-16.323400548958098,-0.005096907945977921
expectng,1,0,-16.323400548958098,-0.005096907945977921
expense,1,0,-16.323400548958098,-0.005096907945977921
experiment,1,0,-16.323400548958098,-0.005096907945977921
experimenting,1,0,-16.323400548958098,-0.005096907945977921
explode,1,0,-16.323400548958098,-0.005096907945977921
exrcys,1,0,-16.323400548958098,-0.005096907945977921
exrcyz,1,0,-16.323400548958098,-0.005096907945977921
extreme,1,0,-16.323400548958098,-0.005096907945977921
extremly,1,0,-16.323400548958098,-0.005096907945977921
eyebrows,1,0,-16.323400548958098,-0.005096907945977921
eyesight,1,0,-16.323400548958098,-0.005096907945977921
f90,1,0,-16.323400548958098,-0.005096907945977921
faces,1,0,-16.323400548958098,-0.005096907945977921
facial,1,0,-16.323400548958098,-0.005096907945977921
fade,1,0,-16.323400548958098,-0.005096907945977921
fail,1,0,-16.323400548958098,-0.005096907945977921
fal,1,0,-16.323400548958098,-0.005096907945977921
falin,1,0,-16.323400548958098,-0.005096907945977921
fatbuner,1,0,-16.323400548958098,-0.005096907945977921
fathera,1,0,-16.323400548958098,-0.005096907945977921
fatining,1,0,-16.323400548958098,-0.005096907945977921
fbs,1,0,-16.323400548958098,-0.005096907945977921
feals,1,0,-16.323400548958098,-0.005096907945977921
febrex,1,0,-16.323400548958098,-0.005096907945977921
fedding,1,0,-16.323400548958098,-0.005096907945977921
feeded,1,0,-16.323400548958098,-0.005096907945977921
feild,1,0,-16.323400548958098,-0.005096907945977921
felldown,1,0,-16.323400548958098,-0.005096907945977921
felling,1,0,-16.323400548958098,-0.005096907945977921
felng,1,0,-16.323400548958098,-0.005096907945977921
fels,1,0,-16.323400548958098,-0.005096907945977921
femalei,1,0,-16.323400548958098,-0.005096907945977921
females,1,0,-16.323400548958098,-0.005096907945977921
femcinol,1,0,-16.323400548958098,-0.005096907945977921
feotus,1,0,-16.323400548958098,-0.005096907945977921
ferenheit,1,0,-16.323400548958098,-0.005096907945977921
fertigyn5000so,1,0,-16.323400548958098,-0.005096907945977921
fertilisation,1,0,-16.323400548958098,-0.005096907945977921
fertisure,1,0,-16.323400548958098,-0.005096907945977921
feverr,1,0,-16.323400548958098,-0.005096907945977921
ff,1,0,-16.323400548958098,-0.005096907945977921
fibroadenosis,1,0,-16.323400548958098,-0.005096907945977921
fibrodenomas,1,0,-16.323400548958098,-0.005096907945977921
fighting,1,0,-16.323400548958098,-0.005096907945977921
financial,1,0,-16.323400548958098,-0.005096907945977921
findin,1,0,-16.323400548958098,-0.005096907945977921
fitting,1,0,-16.323400548958098,-0.005096907945977921
fixing,1,0,-16.323400548958098,-0.005096907945977921
flactuating,1,0,-16.323400548958098,-0.005096907945977921
flashlight,1,0,-16.323400548958098,-0.005096907945977921
fleccid,1,0,-16.323400548958098,-0.005096907945977921
flinching,1,0,-16.323400548958098,-0.005096907945977921
flo,1,0,-16.323400548958098,-0.005096907945977921
floppin,1,0,-16.323400548958098,-0.005096907945977921
fluctuating,1,0,-16.323400548958098,-0.005096907945977921
fluvir,1,0,-16.323400548958098,-0.005096907945977921
fmly,1,0,-16.323400548958098,-0.005096907945977921
foamy,1,0,-16.323400548958098,-0.005096907945977921
foe,1,0,-16.323400548958098,-0.005096907945977921
foetus,1,0,-16.323400548958098,-0.005096907945977921
folice,1,0,-16.323400548958098,-0.005096907945977921
folitrax,1,0,-16.323400548958098,-0.005096907945977921
follic,1,0,-16.323400548958098,-0.005096907945977921
follicells,1,0,-16.323400548958098,-0.005096907945977921
folowing,1,0,-16.323400548958098,-0.005096907945977921
foodthanx,1,0,-16.323400548958098,-0.005096907945977921
fooled,1,0,-16.323400548958098,-0.005096907945977921
fooling,1,0,-16.323400548958098,-0.005096907945977921
for1,1,0,-16.323400548958098,-0.005096907945977921
foracot200,1,0,-16.323400548958098,-0.005096907945977921
forcefully,1,0,-16.323400548958098,-0.005096907945977921
forcely,1,0,-16.323400548958098,-0.005096907945977921
forcing,1,0,-16.323400548958098,-0.005096907945977921
fore,1,0,-16.323400548958098,-0.005096907945977921
forskin,1,0,-16.323400548958098,-0.005096907945977921
forsure,1,0,-16.323400548958098,-0.005096907945977921
fot,1,0,-16.323400548958098,-0.005096907945977921
frame,1,0,-16.323400548958098,-0.005096907945977921
frankly,1,0,-16.323400548958098,-0.005096907945977921
frb,1,0,-16.323400548958098,-0.005096907945977921
freaky,1,0,-16.323400548958098,-0.005096907945977921
freezing,1,0,-16.323400548958098,-0.005096907945977921
freind,1,0,-16.323400548958098,-0.005096907945977921
frens,1,0,-16.323400548958098,-0.005096907945977921
frill,1,0,-16.323400548958098,-0.005096907945977921
frnt,1,0,-16.323400548958098,-0.005096907945977921
fry,1,0,-16.323400548958098,-0.005096907945977921
fsh,1,0,-16.323400548958098,-0.005096907945977921
fst,1,0,-16.323400548958098,-0.005096907945977921
fter,1,0,-16.323400548958098,-0.005096907945977921
fuck,1,0,-16.323400548958098,-0.005096907945977921
fud,1,0,-16.323400548958098,-0.005096907945977921
fuh,1,0,-16.323400548958098,-0.005096907945977921
ful,1,0,-16.323400548958098,-0.005096907945977921
fullfield,1,0,-16.323400548958098,-0.005096907945977921
functiong,1,0,-16.323400548958098,-0.005096907945977921
futher,1,0,-16.323400548958098,-0.005096907945977921
futhere,1,0,-16.323400548958098,-0.005096907945977921
futhure,1,0,-16.323400548958098,-0.005096907945977921
fuzzion,1,0,-16.323400548958098,-0.005096907945977921
fym,1,0,-16.323400548958098,-0.005096907945977921
ga,1,0,-16.323400548958098,-0.005096907945977921
gaging,1,0,-16.323400548958098,-0.005096907945977921
gals,1,0,-16.323400548958098,-0.005096907945977921
garnier,1,0,-16.323400548958098,-0.005096907945977921
gasp,1,0,-16.323400548958098,-0.005096907945977921
gastargia,1,0,-16.323400548958098,-0.005096907945977921
gastic,1,0,-16.323400548958098,-0.005096907945977921
gastrectomy,1,0,-16.323400548958098,-0.005096907945977921
gastritic,1,0,-16.323400548958098,-0.005096907945977921
gastrits,1,0,-16.323400548958098,-0.005096907945977921
gaven,1,0,-16.323400548958098,-0.005096907945977921
gavw,1,0,-16.323400548958098,-0.005096907945977921
ge,1,0,-16.323400548958098,-0.005096907945977921
gelt,1,0,-16.323400548958098,-0.005096907945977921
generalised,1,0,-16.323400548958098,-0.005096907945977921
getn,1,0,-16.323400548958098,-0.005096907945977921
ghabrahat,1,0,-16.323400548958098,-0.005096907945977921
gingavities,1,0,-16.323400548958098,-0.005096907945977921
ginlac,1,0,-16.323400548958098,-0.005096907945977921
girfrnd,1,0,-16.323400548958098,-0.005096907945977921
girle,1,0,-16.323400548958098,-0.005096907945977921
girlfiried,1,0,-16.323400548958098,-0.005096907945977921
girlfrnd,1,0,-16.323400548958098,-0.005096907945977921
girls,1,0,-16.323400548958098,-0.005096907945977921
giveing,1,0,-16.323400548958098,-0.005096907945977921
givin,1,0,-16.323400548958098,-0.005096907945977921
givven,1,0,-16.323400548958098,-0.005096907945977921
gliptizide,1,0,-16.323400548958098,-0.005096907945977921
glitches,1,0,-16.323400548958098,-0.005096907945977921
glows,1,0,-16.323400548958098,-0.005096907945977921
gluco,1,0,-16.323400548958098,-0.005096907945977921
glucomet,1,0,-16.323400548958098,-0.005096907945977921
glucophage,1,0,-16.323400548958098,-0.005096907945977921
gluformin,1,0,-16.323400548958098,-0.005096907945977921
glynase,1,0,-16.323400548958098,-0.005096907945977921
gm,1,0,-16.323400548958098,-0.005096907945977921
gn,1,0,-16.323400548958098,-0.005096907945977921
gnat,1,0,-16.323400548958098,-0.005096907945977921
goback,1,0,-16.323400548958098,-0.005096907945977921
goeson,1,0,-16.323400548958098,-0.005096907945977921
goldcal,1,0,-16.323400548958098,-0.005096907945977921
golf,1,0,-16.323400548958098,-0.005096907945977921
gonadotrophine,1,0,-16.323400548958098,-0.005096907945977921
gondii,1,0,-16.323400548958098,-0.005096907945977921
gonna,1,0,-16.323400548958098,-0.005096907945977921
google,1,0,-16.323400548958098,-0.005096907945977921
goood,1,0,-16.323400548958098,-0.005096907945977921
goos,1,0,-16.323400548958098,-0.005096907945977921
goosbumps,1,0,-16.323400548958098,-0.005096907945977921
gossiping,1,0,-16.323400548958098,-0.005096907945977921
goto,1,0,-16.323400548958098,-0.005096907945977921
grace,1,0,-16.323400548958098,-0.005096907945977921
graduate,1,0,-16.323400548958098,-0.005096907945977921
grampa,1,0,-16.323400548958098,-0.005096907945977921
greetis,1,0,-16.323400548958098,-0.005096907945977921
grey,1,0,-16.323400548958098,-0.005096907945977921
grl,1,0,-16.323400548958098,-0.005096907945977921
gross,1,0,-16.323400548958098,-0.005096907945977921
growthing,1,0,-16.323400548958098,-0.005096907945977921
grp,1,0,-16.323400548958098,-0.005096907945977921
gtlevel,1,0,-16.323400548958098,-0.005096907945977921
gtn,1,0,-16.323400548958098,-0.005096907945977921
gttng,1,0,-16.323400548958098,-0.005096907945977921
gudcef,1,0,-16.323400548958098,-0.005096907945977921
guest,1,0,-16.323400548958098,-0.005096907945977921
guid,1,0,-16.323400548958098,-0.005096907945977921
guidance,1,0,-16.323400548958098,-0.005096907945977921
guilt,1,0,-16.323400548958098,-0.005096907945977921
gundy,1,0,-16.323400548958098,-0.005096907945977921
gvng,1,0,-16.323400548958098,-0.005096907945977921
gvs,1,0,-16.323400548958098,-0.005096907945977921
gynagologist,1,0,-16.323400548958098,-0.005096907945977921
gynecologist,1,0,-16.323400548958098,-0.005096907945977921
gynocologist,1,0,-16.323400548958098,-0.005096907945977921
hadmy,1,0,-16.323400548958098,-0.005096907945977921
hae,1,0,-16.323400548958098,-0.005096907945977921
haemodialysis,1,0,-16.323400548958098,-0.005096907945977921
hage,1,0,-16.323400548958098,-0.005096907945977921
haguk,1,0,-16.323400548958098,-0.005096907945977921
hagukit,1,0,-16.323400548958098,-0.005096907945977921
hairloss,1,0,-16.323400548958098,-0.005096907945977921
hamper,1,0,-16.323400548958098,-0.005096907945977921
hampering,1,0,-16.323400548958098,-0.005096907945977921
handle,1,0,-16.323400548958098,-0.005096907945977921
hapenin,1,0,-16.323400548958098,-0.005096907945977921
hapn,1,0,-16.323400548958098,-0.005096907945977921
happn,1,0,-16.323400548958098,-0.005096907945977921
happnd,1,0,-16.323400548958098,-0.005096907945977921
happning,1,0,-16.323400548958098,-0.005096907945977921
hares,1,0,-16.323400548958098,-0.005096907945977921
harmfull,1,0,-16.323400548958098,-0.005096907945977921
harmones,1,0,-16.323400548958098,-0.005096907945977921
haryana,1,0,-16.323400548958098,-0.005096907945977921
hat,1,0,-16.323400548958098,-0.005096907945977921
hated,1,0,-16.323400548958098,-0.005096907945977921
hating,1,0,-16.323400548958098,-0.005096907945977921
havn,1,0,-16.323400548958098,-0.005096907945977921
havs,1,0,-16.323400548958098,-0.005096907945977921
havung,1,0,-16.323400548958098,-0.005096907945977921
hbs,1,0,-16.323400548958098,-0.005096907945977921
hc,1,0,-16.323400548958098,-0.005096907945977921
hcl,1,0,-16.323400548958098,-0.005096907945977921
hds,1,0,-16.323400548958098,-0.005096907945977921
headach,1,0,-16.323400548958098,-0.005096907945977921
headachs,1,0,-16.323400548958098,-0.005096907945977921
headakes,1,0,-16.323400548958098,-0.005096907945977921
heads,1,0,-16.323400548958098,-0.005096907945977921
healty,1,0,-16.323400548958098,-0.005096907945977921
hearbeat,1,0,-16.323400548958098,-0.005096907945977921
heaved,1,0,-16.323400548958098,-0.005096907945977921
hectic,1,0,-16.323400548958098,-0.005096907945977921
heel,1,0,-16.323400548958098,-0.005096907945977921
held,1,0,-16.323400548958098,-0.005096907945977921
helloi,1,0,-16.323400548958098,-0.005096907945977921
hellomy,1,0,-16.323400548958098,-0.005096907945977921
helpd,1,0,-16.323400548958098,-0.005096907945977921
helpful,1,0,-16.323400548958098,-0.005096907945977921
helpfull,1,0,-16.323400548958098,-0.005096907945977921
helpjaya,1,0,-16.323400548958098,-0.005096907945977921
helth,1,0,-16.323400548958098,-0.005096907945977921
helyi,1,0,-16.323400548958098,-0.005096907945977921
hemaeglobin,1,0,-16.323400548958098,-0.005096907945977921
hemorrhage,1,0,-16.323400548958098,-0.005096907945977921
hepa,1,0,-16.323400548958098,-0.005096907945977921
heppities,1,0,-16.323400548958098,-0.005096907945977921
heredoc,1,0,-16.323400548958098,-0.005096907945977921
herpikind,1,0,-16.323400548958098,-0.005096907945977921
hgc,1,0,-16.323400548958098,-0.005096907945977921
hide,1,0,-16.323400548958098,-0.005096907945977921
hight,1,0,-16.323400548958098,-0.005096907945977921
hiiii,1,0,-16.323400548958098,-0.005096907945977921
hiiiii,1,0,-16.323400548958098,-0.005096907945977921
hiimyself,1,0,-16.323400548958098,-0.005096907945977921
himcan,1,0,-16.323400548958098,-0.005096907945977921
himy,1,0,-16.323400548958098,-0.005096907945977921
hina,1,0,-16.323400548958098,-0.005096907945977921
hindmotor,1,0,-16.323400548958098,-0.005096907945977921
hispanic,1,0,-16.323400548958098,-0.005096907945977921
histry,1,0,-16.323400548958098,-0.005096907945977921
hiting,1,0,-16.323400548958098,-0.005096907945977921
hiz,1,0,-16.323400548958098,-0.005096907945977921
hlab27,1,0,-16.323400548958098,-0.005096907945977921
hm,1,0,-16.323400548958098,-0.005096907945977921
hme,1,0,-16.323400548958098,-0.005096907945977921
hmg,1,0,-16.323400548958098,-0.005096907945977921
hmm,1,0,-16.323400548958098,-0.005096907945977921
hmmmmhmmm,1,0,-16.323400548958098,-0.005096907945977921
ho,1,0,-16.323400548958098,-0.005096907945977921
holicks,1,0,-16.323400548958098,-0.005096907945977921
holowd,1,0,-16.323400548958098,-0.005096907945977921
hometown,1,0,-16.323400548958098,-0.005096907945977921
hood,1,0,-16.323400548958098,-0.005096907945977921
hooghly,1,0,-16.323400548958098,-0.005096907945977921
hooked,1,0,-16.323400548958098,-0.005096907945977921
hopeinf,1,0,-16.323400548958098,-0.005096907945977921
hopes,1,0,-16.323400548958098,-0.005096907945977921
horizontal,1,0,-16.323400548958098,-0.005096907945977921
horizontally,1,0,-16.323400548958098,-0.005096907945977921
hormone,1,0,-16.323400548958098,-0.005096907945977921
hormons,1,0,-16.323400548958098,-0.005096907945977921
hosp,1,0,-16.323400548958098,-0.005096907945977921
hosptal,1,0,-16.323400548958098,-0.005096907945977921
hota,1,0,-16.323400548958098,-0.005096907945977921
hotel,1,0,-16.323400548958098,-0.005096907945977921
hpe,1,0,-16.323400548958098,-0.005096907945977921
hpspickul,1,0,-16.323400548958098,-0.005096907945977921
hpw,1,0,-16.323400548958098,-0.005096907945977921
hpy,1,0,-16.323400548958098,-0.005096907945977921
hrate,1,0,-16.323400548958098,-0.005096907945977921
hrd,1,0,-16.323400548958098,-0.005096907945977921
hsc,1,0,-16.323400548958098,-0.005096907945977921
hse,1,0,-16.323400548958098,-0.005096907945977921
huby,1,0,-16.323400548958098,-0.005096907945977921
humbleful,1,0,-16.323400548958098,-0.005096907945977921
humongous,1,0,-16.323400548958098,-0.005096907945977921
hurry,1,0,-16.323400548958098,-0.005096907945977921
hurst,1,0,-16.323400548958098,-0.005096907945977921
hurted,1,0,-16.323400548958098,-0.005096907945977921
hvn,1,0,-16.323400548958098,-0.005096907945977921
hy,1,0,-16.323400548958098,-0.005096907945977921
hydrochloride,1,0,-16.323400548958098,-0.005096907945977921
hydrophobia,1,0,-16.323400548958098,-0.005096907945977921
hymn,1,0,-16.323400548958098,-0.005096907945977921
hypersensitive,1,0,-16.323400548958098,-0.005096907945977921
hyperthroidism,1,0,-16.323400548958098,-0.005096907945977921
hypochromic,1,0,-16.323400548958098,-0.005096907945977921
hyponid,1,0,-16.323400548958098,-0.005096907945977921
hypotension,1,0,-16.323400548958098,-0.005096907945977921
hysteroscopy,1,0,-16.323400548958098,-0.005096907945977921
ia,1,0,-16.323400548958098,-0.005096907945977921
ian,1,0,-16.323400548958098,-0.005096907945977921
ibserted,1,0,-16.323400548958098,-0.005096907945977921
ibugesicplus,1,0,-16.323400548958098,-0.005096907945977921
ibujesic,1,0,-16.323400548958098,-0.005096907945977921
iccan,1,0,-16.323400548958098,-0.005096907945977921
icu,1,0,-16.323400548958098,-0.005096907945977921
ideal,1,0,-16.323400548958098,-0.005096907945977921
idid,1,0,-16.323400548958098,-0.005096907945977921
idnt,1,0,-16.323400548958098,-0.005096907945977921
idntity,1,0,-16.323400548958098,-0.005096907945977921
ido,1,0,-16.323400548958098,-0.005096907945977921
ifection,1,0,-16.323400548958098,-0.005096907945977921
iget,1,0,-16.323400548958098,-0.005096907945977921
iggtest,1,0,-16.323400548958098,-0.005096907945977921
ihav,1,0,-16.323400548958098,-0.005096907945977921
ihaving,1,0,-16.323400548958098,-0.005096907945977921
ihv,1,0,-16.323400548958098,-0.005096907945977921
iim,1,0,-16.323400548958098,-0.005096907945977921
iinjection,1,0,-16.323400548958098,-0.005096907945977921
ild,1,0,-16.323400548958098,-0.005096907945977921
iliac,1,0,-16.323400548958098,-0.005096907945977921
ima,1,0,-16.323400548958098,-0.005096907945977921
imagination,1,0,-16.323400548958098,-0.005096907945977921
imbalances,1,0,-16.323400548958098,-0.005096907945977921
imediately,1,0,-16.323400548958098,-0.005096907945977921
improv,1,0,-16.323400548958098,-0.005096907945977921
imprv,1,0,-16.323400548958098,-0.005096907945977921
imy,1,0,-16.323400548958098,-0.005096907945977921
in2,1,0,-16.323400548958098,-0.005096907945977921
inbalance,1,0,-16.323400548958098,-0.005096907945977921
increas,1,0,-16.323400548958098,-0.005096907945977921
increasd,1,0,-16.323400548958098,-0.005096907945977921
ind,1,0,-16.323400548958098,-0.005096907945977921
indeed,1,0,-16.323400548958098,-0.005096907945977921
indentation,1,0,-16.323400548958098,-0.005096907945977921
indescribable,1,0,-16.323400548958098,-0.005096907945977921
indoors,1,0,-16.323400548958098,-0.005096907945977921
induleka,1,0,-16.323400548958098,-0.005096907945977921
indulekha,1,0,-16.323400548958098,-0.005096907945977921
infact,1,0,-16.323400548958098,-0.005096907945977921
infctn,1,0,-16.323400548958098,-0.005096907945977921
infectn,1,0,-16.323400548958098,-0.005096907945977921
infeected,1,0,-16.323400548958098,-0.005096907945977921
infertile,1,0,-16.323400548958098,-0.005096907945977921
inflated,1,0,-16.323400548958098,-0.005096907945977921
infrnt,1,0,-16.323400548958098,-0.005096907945977921
ingrowth,1,0,-16.323400548958098,-0.005096907945977921
inhalation,1,0,-16.323400548958098,-0.005096907945977921
inheller,1,0,-16.323400548958098,-0.005096907945977921
initial,1,0,-16.323400548958098,-0.005096907945977921
initialy,1,0,-16.323400548958098,-0.005096907945977921
injected,1,0,-16.323400548958098,-0.005096907945977921
injuries,1,0,-16.323400548958098,-0.005096907945977921
inorder,1,0,-16.323400548958098,-0.005096907945977921
inparcial,1,0,-16.323400548958098,-0.005096907945977921
insist,1,0,-16.323400548958098,-0.005096907945977921
inspite,1,0,-16.323400548958098,-0.005096907945977921
intercostal,1,0,-16.323400548958098,-0.005096907945977921
intercource,1,0,-16.323400548958098,-0.005096907945977921
intercouse,1,0,-16.323400548958098,-0.005096907945977921
intercousre,1,0,-16.323400548958098,-0.005096907945977921
intern,1,0,-16.323400548958098,-0.005096907945977921
interrnal,1,0,-16.323400548958098,-0.005096907945977921
inthe,1,0,-16.323400548958098,-0.005096907945977921
intimated,1,0,-16.323400548958098,-0.005096907945977921
intrcorse,1,0,-16.323400548958098,-0.005096907945977921
introvet,1,0,-16.323400548958098,-0.005096907945977921
intrstd,1,0,-16.323400548958098,-0.005096907945977921
intrsting,1,0,-16.323400548958098,-0.005096907945977921
inuit,1,0,-16.323400548958098,-0.005096907945977921
invain,1,0,-16.323400548958098,-0.005096907945977921
invlountary,1,0,-16.323400548958098,-0.005096907945977921
involving,1,0,-16.323400548958098,-0.005096907945977921
ipbrufen,1,0,-16.323400548958098,-0.005096907945977921
ipil,1,0,-16.323400548958098,-0.005096907945977921
ipl,1,0,-16.323400548958098,-0.005096907945977921
iregular,1,0,-16.323400548958098,-0.005096907945977921
iregullar,1,0,-16.323400548958098,-0.005096907945977921
iritated,1,0,-16.323400548958098,-0.005096907945977921
irr,1,0,-16.323400548958098,-0.005096907945977921
irregalur,1,0,-16.323400548958098,-0.005096907945977921
irregularity,1,0,-16.323400548958098,-0.005096907945977921
irregulr,1,0,-16.323400548958098,-0.005096907945977921
irritable,1,0,-16.323400548958098,-0.005096907945977921
irritatn,1,0,-16.323400548958098,-0.005096907945977921
is18,1,0,-16.323400548958098,-0.005096907945977921
is215,1,0,-16.323400548958098,-0.005096907945977921
isdro,1,0,-16.323400548958098,-0.005096907945977921
ishe,1,0,-16.323400548958098,-0.005096907945977921
isit,1,0,-16.323400548958098,-0.005096907945977921
isnot,1,0,-16.323400548958098,-0.005096907945977921
isoniazid,1,0,-16.323400548958098,-0.005096907945977921
isotrion,1,0,-16.323400548958098,-0.005096907945977921
iss,1,0,-16.323400548958098,-0.005096907945977921
ist,1,0,-16.323400548958098,-0.005096907945977921
istanbul,1,0,-16.323400548958098,-0.005096907945977921
itchin,1,0,-16.323400548958098,-0.005096907945977921
iticing,1,0,-16.323400548958098,-0.005096907945977921
itn,1,0,-16.323400548958098,-0.005096907945977921
itoday,1,0,-16.323400548958098,-0.005096907945977921
itook,1,0,-16.323400548958098,-0.005096907945977921
itseems,1,0,-16.323400548958098,-0.005096907945977921
itsss,1,0,-16.323400548958098,-0.005096907945977921
itz,1,0,-16.323400548958098,-0.005096907945977921
iud,1,0,-16.323400548958098,-0.005096907945977921
iuis,1,0,-16.323400548958098,-0.005096907945977921
ivabrd,1,0,-16.323400548958098,-0.005096907945977921
iwant,1,0,-16.323400548958098,-0.005096907945977921
jab,1,0,-16.323400548958098,-0.005096907945977921
jagpal,1,0,-16.323400548958098,-0.005096907945977921
jakarta,1,0,-16.323400548958098,-0.005096907945977921
jan2012,1,0,-16.323400548958098,-0.005096907945977921
jandice,1,0,-16.323400548958098,-0.005096907945977921
jane,1,0,-16.323400548958098,-0.005096907945977921
jaswant,1,0,-16.323400548958098,-0.005096907945977921
jennifer,1,0,-16.323400548958098,-0.005096907945977921
jerk,1,0,-16.323400548958098,-0.005096907945977921
jittery,1,0,-16.323400548958098,-0.005096907945977921
join,1,0,-16.323400548958098,-0.005096907945977921
joinds,1,0,-16.323400548958098,-0.005096907945977921
joine,1,0,-16.323400548958098,-0.005096907945977921
joined,1,0,-16.323400548958098,-0.005096907945977921
joineds,1,0,-16.323400548958098,-0.005096907945977921
jokes,1,0,-16.323400548958098,-0.005096907945977921
jokingly,1,0,-16.323400548958098,-0.005096907945977921
jolt,1,0,-16.323400548958098,-0.005096907945977921
jorrads,1,0,-16.323400548958098,-0.005096907945977921
jpont,1,0,-16.323400548958098,-0.005096907945977921
jss,1,0,-16.323400548958098,-0.005096907945977921
junction,1,0,-16.323400548958098,-0.005096907945977921
juss,1,0,-16.323400548958098,-0.005096907945977921
karimnagar,1,0,-16.323400548958098,-0.005096907945977921
karry,1,0,-16.323400548958098,-0.005096907945977921
kathy,1,0,-16.323400548958098,-0.005096907945977921
kegels,1,0,-16.323400548958098,-0.005096907945977921
kenya,1,0,-16.323400548958098,-0.005096907945977921
kep,1,0,-16.323400548958098,-0.005096907945977921
ketoconazole,1,0,-16.323400548958098,-0.005096907945977921
khan,1,0,-16.323400548958098,-0.005096907945977921
ki,1,0,-16.323400548958098,-0.005096907945977921
kidneystones,1,0,-16.323400548958098,-0.005096907945977921
kindda,1,0,-16.323400548958098,-0.005096907945977921
kip,1,0,-16.323400548958098,-0.005096907945977921
kiran,1,0,-16.323400548958098,-0.005096907945977921
kirui,1,0,-16.323400548958098,-0.005096907945977921
kis,1,0,-16.323400548958098,-0.005096907945977921
kissed,1,0,-16.323400548958098,-0.005096907945977921
kitchen,1,0,-16.323400548958098,-0.005096907945977921
klebsilla,1,0,-16.323400548958098,-0.005096907945977921
klnow,1,0,-16.323400548958098,-0.005096907945977921
kn,1,0,-16.323400548958098,-0.005096907945977921
kneck,1,0,-16.323400548958098,-0.005096907945977921
kness,1,0,-16.323400548958098,-0.005096907945977921
knwing,1,0,-16.323400548958098,-0.005096907945977921
ko,1,0,-16.323400548958098,-0.005096907945977921
kojic,1,0,-16.323400548958098,-0.005096907945977921
korean,1,0,-16.323400548958098,-0.005096907945977921
ksa,1,0,-16.323400548958098,-0.005096907945977921
kt,1,0,-16.323400548958098,-0.005096907945977921
kuff,1,0,-16.323400548958098,-0.005096907945977921
kufril,1,0,-16.323400548958098,-0.005096907945977921
kuntrathur,1,0,-16.323400548958098,-0.005096907945977921
kvp,1,0,-16.323400548958098,-0.005096907945977921
kw,1,0,-16.323400548958098,-0.005096907945977921
kyuki,1,0,-16.323400548958098,-0.005096907945977921
l8r,1,0,-16.323400548958098,-0.005096907945977921
lacking,1,0,-16.323400548958098,-0.005096907945977921
lactic,1,0,-16.323400548958098,-0.005096907945977921
lactose,1,0,-16.323400548958098,-0.005096907945977921
lala,1,0,-16.323400548958098,-0.005096907945977921
lap,1,0,-16.323400548958098,-0.005096907945977921
laproscopy,1,0,-16.323400548958098,-0.005096907945977921
lariago,1,0,-16.323400548958098,-0.005096907945977921
lashes,1,0,-16.323400548958098,-0.005096907945977921
lastn,1,0,-16.323400548958098,-0.005096907945977921
latly,1,0,-16.323400548958098,-0.005096907945977921
latsi,1,0,-16.323400548958098,-0.005096907945977921
lavel,1,0,-16.323400548958098,-0.005096907945977921
laxatives,1,0,-16.323400548958098,-0.005096907945977921
laxmi,1,0,-16.323400548958098,-0.005096907945977921
layin,1,0,-16.323400548958098,-0.005096907945977921
lazine,1,0,-16.323400548958098,-0.005096907945977921
lcd,1,0,-16.323400548958098,-0.005096907945977921
leafy,1,0,-16.323400548958098,-0.005096907945977921
leakeage,1,0,-16.323400548958098,-0.005096907945977921
leaked,1,0,-16.323400548958098,-0.005096907945977921
leaned,1,0,-16.323400548958098,-0.005096907945977921
learnt,1,0,-16.323400548958098,-0.005096907945977921
leaveing,1,0,-16.323400548958098,-0.005096907945977921
leeft,1,0,-16.323400548958098,-0.005096907945977921
lefts,1,0,-16.323400548958098,-0.005096907945977921
leggings,1,0,-16.323400548958098,-0.005096907945977921
leter,1,0,-16.323400548958098,-0.005096907945977921
lethotrapsy,1,0,-16.323400548958098,-0.005096907945977921
letter,1,0,-16.323400548958098,-0.005096907945977921
leutium,1,0,-16.323400548958098,-0.005096907945977921
levofloxacin,1,0,-16.323400548958098,-0.005096907945977921
levothyroxine,1,0,-16.323400548958098,-0.005096907945977921
lfe,1,0,-16.323400548958098,-0.005096907945977921
lgana,1,0,-16.323400548958098,-0.005096907945977921
lgta,1,0,-16.323400548958098,-0.005096907945977921
libya,1,0,-16.323400548958098,-0.005096907945977921
lif,1,0,-16.323400548958098,-0.005096907945977921
lightchested,1,0,-16.323400548958098,-0.005096907945977921
lightens,1,0,-16.323400548958098,-0.005096907945977921
lightly,1,0,-16.323400548958098,-0.005096907945977921
lika,1,0,-16.323400548958098,-0.005096907945977921
likehim,1,0,-16.323400548958098,-0.005096907945977921
likeliness,1,0,-16.323400548958098,-0.005096907945977921
likewise,1,0,-16.323400548958098,-0.005096907945977921
limit,1,0,-16.323400548958098,-0.005096907945977921
lining,1,0,-16.323400548958098,-0.005096907945977921
lipoprint,1,0,-16.323400548958098,-0.005096907945977921
liqiud,1,0,-16.323400548958098,-0.005096907945977921
listen,1,0,-16.323400548958098,-0.005096907945977921
litina,1,0,-16.323400548958098,-0.005096907945977921
lived,1,0,-16.323400548958098,-0.005096907945977921
liveril,1,0,-16.323400548958098,-0.005096907945977921
llz,1,0,-16.323400548958098,-0.005096907945977921
lomela,1,0,-16.323400548958098,-0.005096907945977921
lookin,1,0,-16.323400548958098,-0.005096907945977921
lookn,1,0,-16.323400548958098,-0.005096907945977921
loooking,1,0,-16.323400548958098,-0.005096907945977921
loop,1,0,-16.323400548958098,-0.005096907945977921
loos,1,0,-16.323400548958098,-0.005096907945977921
loosin,1,0,-16.323400548958098,-0.005096907945977921
lopressa,1,0,-16.323400548958098,-0.005096907945977921
lorena,1,0,-16.323400548958098,-0.005096907945977921
lossing,1,0,-16.323400548958098,-0.005096907945977921
lotass,1,0,-16.323400548958098,-0.005096907945977921
louder,1,0,-16.323400548958098,-0.005096907945977921
lovely,1,0,-16.323400548958098,-0.005096907945977921
lowr,1,0,-16.323400548958098,-0.005096907945977921
loxaclav,1,0,-16.323400548958098,-0.005096907945977921
ltion,1,0,-16.323400548958098,-0.005096907945977921
lucky,1,0,-16.323400548958098,-0.005096907945977921
lukd,1,0,-16.323400548958098,-0.005096907945977921
luking,1,0,-16.323400548958098,-0.005096907945977921
lumpectomy,1,0,-16.323400548958098,-0.005096907945977921
luq,1,0,-16.323400548958098,-0.005096907945977921
luv,1,0,-16.323400548958098,-0.005096907945977921
lve,1,0,-16.323400548958098,-0.005096907945977921
lycopene,1,0,-16.323400548958098,-0.005096907945977921
lyin,1,0,-16.323400548958098,-0.005096907945977921
lymphadynopathy,1,0,-16.323400548958098,-0.005096907945977921
lyphadenopathy,1,0,-16.323400548958098,-0.005096907945977921
m38,1,0,-16.323400548958098,-0.005096907945977921
m39,1,0,-16.323400548958098,-0.005096907945977921
maby,1,0,-16.323400548958098,-0.005096907945977921
macpod,1,0,-16.323400548958098,-0.005096907945977921
madicine,1,0,-16.323400548958098,-0.005096907945977921
maid,1,0,-16.323400548958098,-0.005096907945977921
maintenance,1,0,-16.323400548958098,-0.005096907945977921
mainward,1,0,-16.323400548958098,-0.005096907945977921
mamogram,1,0,-16.323400548958098,-0.005096907945977921
mamta,1,0,-16.323400548958098,-0.005096907945977921
managd,1,0,-16.323400548958098,-0.005096907945977921
manches,1,0,-16.323400548958098,-0.005096907945977921
manexil,1,0,-16.323400548958098,-0.005096907945977921
manforce50,1,0,-16.323400548958098,-0.005096907945977921
manish,1,0,-16.323400548958098,-0.005096907945977921
march20,1,0,-16.323400548958098,-0.005096907945977921
mariage,1,0,-16.323400548958098,-0.005096907945977921
marrid,1,0,-16.323400548958098,-0.005096907945977921
marrige,1,0,-16.323400548958098,-0.005096907945977921
marrried,1,0,-16.323400548958098,-0.005096907945977921
martinor,1,0,-16.323400548958098,-0.005096907945977921
marty,1,0,-16.323400548958098,-0.005096907945977921
massaged,1,0,-16.323400548958098,-0.005096907945977921
masterbated,1,0,-16.323400548958098,-0.005096907945977921
mastrbating,1,0,-16.323400548958098,-0.005096907945977921
mastrubated,1,0,-16.323400548958098,-0.005096907945977921
mate,1,0,-16.323400548958098,-0.005096907945977921
materbate,1,0,-16.323400548958098,-0.005096907945977921
mattras,1,0,-16.323400548958098,-0.005096907945977921
maxtra,1,0,-16.323400548958098,-0.005096907945977921
mayy,1,0,-16.323400548958098,-0.005096907945977921
mb,1,0,-16.323400548958098,-0.005096907945977921
mbbs,1,0,-16.323400548958098,-0.005096907945977921
mcdonalds,1,0,-16.323400548958098,-0.005096907945977921
mcg,1,0,-16.323400548958098,-0.005096907945977921
mdcctions,1,0,-16.323400548958098,-0.005096907945977921
mdcne,1,0,-16.323400548958098,-0.005096907945977921
mdr,1,0,-16.323400548958098,-0.005096907945977921
medcation,1,0,-16.323400548958098,-0.005096907945977921
medcine,1,0,-16.323400548958098,-0.005096907945977921
medformin,1,0,-16.323400548958098,-0.005096907945977921
medicen,1,0,-16.323400548958098,-0.005096907945977921
medicinal,1,0,-16.323400548958098,-0.005096907945977921
medisn,1,0,-16.323400548958098,-0.005096907945977921
meditation,1,0,-16.323400548958098,-0.005096907945977921
medrol,1,0,-16.323400548958098,-0.005096907945977921
medroxyprogesterone,1,0,-16.323400548958098,-0.005096907945977921
mee,1,0,-16.323400548958098,-0.005096907945977921
meeting,1,0,-16.323400548958098,-0.005096907945977921
mehak,1,0,-16.323400548958098,-0.005096907945977921
melacre,1,0,-16.323400548958098,-0.005096907945977921
melaglow,1,0,-16.323400548958098,-0.005096907945977921
melasma,1,0,-16.323400548958098,-0.005096907945977921
melike,1,0,-16.323400548958098,-0.005096907945977921
melissa,1,0,-16.323400548958098,-0.005096907945977921
membr,1,0,-16.323400548958098,-0.005096907945977921
menabol,1,0,-16.323400548958098,-0.005096907945977921
menapause,1,0,-16.323400548958098,-0.005096907945977921
menhaj,1,0,-16.323400548958098,-0.005096907945977921
menses,1,0,-16.323400548958098,-0.005096907945977921
menstraution,1,0,-16.323400548958098,-0.005096907945977921
menstural,1,0,-16.323400548958098,-0.005096907945977921
mensturation,1,0,-16.323400548958098,-0.005096907945977921
mensuration,1,0,-16.323400548958098,-0.005096907945977921
mensuratn,1,0,-16.323400548958098,-0.005096907945977921
mensus,1,0,-16.323400548958098,-0.005096907945977921
meny,1,0,-16.323400548958098,-0.005096907945977921
meprate,1,0,-16.323400548958098,-0.005096907945977921
mesmerisem,1,0,-16.323400548958098,-0.005096907945977921
mestural,1,0,-16.323400548958098,-0.005096907945977921
meta,1,0,-16.323400548958098,-0.005096907945977921
metal,1,0,-16.323400548958098,-0.005096907945977921
methi,1,0,-16.323400548958098,-0.005096907945977921
methods,1,0,-16.323400548958098,-0.005096907945977921
metrogel,1,0,-16.323400548958098,-0.005096907945977921
mey,1,0,-16.323400548958098,-0.005096907945977921
mgmt,1,0,-16.323400548958098,-0.005096907945977921
mickey,1,0,-16.323400548958098,-0.005096907945977921
microgynon,1,0,-16.323400548958098,-0.005096907945977921
microstatic,1,0,-16.323400548958098,-0.005096907945977921
microtic,1,0,-16.323400548958098,-0.005096907945977921
midicine,1,0,-16.323400548958098,-0.005096907945977921
mifigest,1,0,-16.323400548958098,-0.005096907945977921
migrains,1,0,-16.323400548958098,-0.005096907945977921
minds,1,0,-16.323400548958098,-0.005096907945977921
mingle,1,0,-16.323400548958098,-0.005096907945977921
minites,1,0,-16.323400548958098,-0.005096907945977921
minits,1,0,-16.323400548958098,-0.005096907945977921
mintues,1,0,-16.323400548958098,-0.005096907945977921
miraculous,1,0,-16.323400548958098,-0.005096907945977921
mirena,1,0,-16.323400548958098,-0.005096907945977921
miscarge,1,0,-16.323400548958098,-0.005096907945977921
miscarried,1,0,-16.323400548958098,-0.005096907945977921
misoprostal,1,0,-16.323400548958098,-0.005096907945977921
misscariage,1,0,-16.323400548958098,-0.005096907945977921
misscarige,1,0,-16.323400548958098,-0.005096907945977921
misscarrage,1,0,-16.323400548958098,-0.005096907945977921
misscarriage,1,0,-16.323400548958098,-0.005096907945977921
misscarrige,1,0,-16.323400548958098,-0.005096907945977921
mistakenly,1,0,-16.323400548958098,-0.005096907945977921
mk,1,0,-16.323400548958098,-0.005096907945977921
mmonth,1,0,-16.323400548958098,-0.005096907945977921
mny,1,0,-16.323400548958098,-0.005096907945977921
mo,1,0,-16.323400548958098,-0.005096907945977921
mobility,1,0,-16.323400548958098,-0.005096907945977921
moblie,1,0,-16.323400548958098,-0.005096907945977921
mohd,1,0,-16.323400548958098,-0.005096907945977921
mohenty,1,0,-16.323400548958098,-0.005096907945977921
monitoring,1,0,-16.323400548958098,-0.005096907945977921
monnth,1,0,-16.323400548958098,-0.005096907945977921
montb,1,0,-16.323400548958098,-0.005096907945977921
monthed,1,0,-16.323400548958098,-0.005096907945977921
monthz,1,0,-16.323400548958098,-0.005096907945977921
monts,1,0,-16.323400548958098,-0.005096907945977921
morin,1,0,-16.323400548958098,-0.005096907945977921
mornin,1,0,-16.323400548958098,-0.005096907945977921
mornjng,1,0,-16.323400548958098,-0.005096907945977921
mos,1,0,-16.323400548958098,-0.005096907945977921
motherinlaw,1,0,-16.323400548958098,-0.005096907945977921
motn,1,0,-16.323400548958098,-0.005096907945977921
mouths,1,0,-16.323400548958098,-0.005096907945977921
moxclav,1,0,-16.323400548958098,-0.005096907945977921
mre,1,0,-16.323400548958098,-0.005096907945977921
mrning,1,0,-16.323400548958098,-0.005096907945977921
msg,1,0,-16.323400548958098,-0.005096907945977921
mucolite,1,0,-16.323400548958098,-0.005096907945977921
mucolyte,1,0,-16.323400548958098,-0.005096907945977921
multaninitti,1,0,-16.323400548958098,-0.005096907945977921
multifunction,1,0,-16.323400548958098,-0.005096907945977921
multiload,1,0,-16.323400548958098,-0.005096907945977921
multivitamins,1,0,-16.323400548958098,-0.005096907945977921
mumtha,1,0,-16.323400548958098,-0.005096907945977921
muscular,1,0,-16.323400548958098,-0.005096907945977921
muscules,1,0,-16.323400548958098,-0.005096907945977921
mustach,1,0,-16.323400548958098,-0.005096907945977921
mustbt,1,0,-16.323400548958098,-0.005096907945977921
mutual,1,0,-16.323400548958098,-0.005096907945977921
mwith,1,0,-16.323400548958098,-0.005096907945977921
mx3,1,0,-16.323400548958098,-0.005096907945977921
my2,1,0,-16.323400548958098,-0.005096907945977921
myalgia,1,0,-16.323400548958098,-0.005096907945977921
mycibutol,1,0,-16.323400548958098,-0.005096907945977921
mylast,1,0,-16.323400548958098,-0.005096907945977921
myname,1,0,-16.323400548958098,-0.005096907945977921
mynberry,1,0,-16.323400548958098,-0.005096907945977921
myocyst,1,0,-16.323400548958098,-0.005096907945977921
myrest,1,0,-16.323400548958098,-0.005096907945977921
myt,1,0,-16.323400548958098,-0.005096907945977921
nafees,1,0,-16.323400548958098,-0.005096907945977921
nagraj,1,0,-16.323400548958098,-0.005096907945977921
nahas,1,0,-16.323400548958098,-0.005096907945977921
names,1,0,-16.323400548958098,-0.005096907945977921
nap,1,0,-16.323400548958098,-0.005096907945977921
naps,1,0,-16.323400548958098,-0.005096907945977921
naticied,1,0,-16.323400548958098,-0.005096907945977921
native,1,0,-16.323400548958098,-0.005096907945977921
natuaruly,1,0,-16.323400548958098,-0.005096907945977921
naturrally,1,0,-16.323400548958098,-0.005096907945977921
naughty,1,0,-16.323400548958098,-0.005096907945977921
nauseatic,1,0,-16.323400548958098,-0.005096907945977921
naxodom,1,0,-16.323400548958098,-0.005096907945977921
ncrease,1,0,-16.323400548958098,-0.005096907945977921
ndt,1,0,-16.323400548958098,-0.005096907945977921
nead,1,0,-16.323400548958098,-0.005096907945977921
neasued,1,0,-16.323400548958098,-0.005096907945977921
nebulize,1,0,-16.323400548958098,-0.005096907945977921
negitive,1,0,-16.323400548958098,-0.005096907945977921
negligoble,1,0,-16.323400548958098,-0.005096907945977921
negtive,1,0,-16.323400548958098,-0.005096907945977921
neha,1,0,-16.323400548958098,-0.005096907945977921
neighbours,1,0,-16.323400548958098,-0.005096907945977921
neightbour,1,0,-16.323400548958098,-0.005096907945977921
nek,1,0,-16.323400548958098,-0.005096907945977921
nestle,1,0,-16.323400548958098,-0.005096907945977921
neutrophils,1,0,-16.323400548958098,-0.005096907945977921
nevr,1,0,-16.323400548958098,-0.005096907945977921
newly,1,0,-16.323400548958098,-0.005096907945977921
news,1,0,-16.323400548958098,-0.005096907945977921
nexium,1,0,-16.323400548958098,-0.005096907945977921
nhalf,1,0,-16.323400548958098,-0.005096907945977921
nhi,1,0,-16.323400548958098,-0.005096907945977921
ni,1,0,-16.323400548958098,-0.005096907945977921
nid,1,0,-16.323400548958098,-0.005096907945977921
nidhi,1,0,-16.323400548958098,-0.005096907945977921
nido,1,0,-16.323400548958098,-0.005096907945977921
nigeria,1,0,-16.323400548958098,-0.005096907945977921
nikhil,1,0,-16.323400548958098,-0.005096907945977921
nipples,1,0,-16.323400548958098,-0.005096907945977921
nirali,1,0,-16.323400548958098,-0.005096907945977921
nirja,1,0,-16.323400548958098,-0.005096907945977921
nites,1,0,-16.323400548958098,-0.005096907945977921
njoy,1,0,-16.323400548958098,-0.005096907945977921
nly,1,0,-16.323400548958098,-0.005096907945977921
nmy,1,0,-16.323400548958098,-0.005096907945977921
nnow,1,0,-16.323400548958098,-0.005096907945977921
no1,1,0,-16.323400548958098,-0.005096907945977921
nobady,1,0,-16.323400548958098,-0.005096907945977921
nomal,1,0,-16.323400548958098,-0.005096907945977921
nomor,1,0,-16.323400548958098,-0.005096907945977921
noodle,1,0,-16.323400548958098,-0.005096907945977921
noon,1,0,-16.323400548958098,-0.005096907945977921
noone,1,0,-16.323400548958098,-0.005096907945977921
norma,1,0,-16.323400548958098,-0.005096907945977921
nornal,1,0,-16.323400548958098,-0.005096907945977921
nosie,1,0,-16.323400548958098,-0.005096907945977921
nothings,1,0,-16.323400548958098,-0.005096907945977921
nothn,1,0,-16.323400548958098,-0.005096907945977921
notreallly,1,0,-16.323400548958098,-0.005096907945977921
novoliser,1,0,-16.323400548958098,-0.005096907945977921
noww,1,0,-16.323400548958098,-0.005096907945977921
nowwhat,1,0,-16.323400548958098,-0.005096907945977921
nr,1,0,-16.323400548958098,-0.005096907945977921
nrmal,1,0,-16.323400548958098,-0.005096907945977921
nrml,1,0,-16.323400548958098,-0.005096907945977921
nthn,1,0,-16.323400548958098,-0.005096907945977921
ntng,1,0,-16.323400548958098,-0.005096907945977921
nufreon,1,0,-16.323400548958098,-0.005096907945977921
nutrients,1,0,-16.323400548958098,-0.005096907945977921
nutrolin,1,0,-16.323400548958098,-0.005096907945977921
nuts,1,0,-16.323400548958098,-0.005096907945977921
nyt,1,0,-16.323400548958098,-0.005096907945977921
nyte,1,0,-16.323400548958098,-0.005096907945977921
obese,1,0,-16.323400548958098,-0.005096907945977921
obgyn,1,0,-16.323400548958098,-0.005096907945977921
obimet,1,0,-16.323400548958098,-0.005096907945977921
object,1,0,-16.323400548958098,-0.005096907945977921
observe,1,0,-16.323400548958098,-0.005096907945977921
obst,1,0,-16.323400548958098,-0.005096907945977921
ocd,1,0,-16.323400548958098,-0.005096907945977921
oct5,1,0,-16.323400548958098,-0.005096907945977921
odr,1,0,-16.323400548958098,-0.005096907945977921
oer,1,0,-16.323400548958098,-0.005096907945977921
offthe,1,0,-16.323400548958098,-0.005096907945977921
oflamac,1,0,-16.323400548958098,-0.005096907945977921
ofmy,1,0,-16.323400548958098,-0.005096907945977921
oi,1,0,-16.323400548958098,-0.005096907945977921
okey,1,0,-16.323400548958098,-0.005096907945977921
olay,1,0,-16.323400548958098,-0.005096907945977921
oli,1,0,-16.323400548958098,-0.005096907945977921
oligo,1,0,-16.323400548958098,-0.005096907945977921
oliv,1,0,-16.323400548958098,-0.005096907945977921
oll,1,0,-16.323400548958098,-0.005096907945977921
ols,1,0,-16.323400548958098,-0.005096907945977921
oman,1,0,-16.323400548958098,-0.005096907945977921
omnacortil,1,0,-16.323400548958098,-0.005096907945977921
ondem,1,0,-16.323400548958098,-0.005096907945977921
onething,1,0,-16.323400548958098,-0.005096907945977921
ongoin,1,0,-16.323400548958098,-0.005096907945977921
onli,1,0,-16.323400548958098,-0.005096907945977921
onlyy,1,0,-16.323400548958098,-0.005096907945977921
onn,1,0,-16.323400548958098,-0.005096907945977921
oosure,1,0,-16.323400548958098,-0.005096907945977921
oozin,1,0,-16.323400548958098,-0.005096907945977921
operating,1,0,-16.323400548958098,-0.005096907945977921
opperated,1,0,-16.323400548958098,-0.005096907945977921
opration,1,0,-16.323400548958098,-0.005096907945977921
oprt,1,0,-16.323400548958098,-0.005096907945977921
opted,1,0,-16.323400548958098,-0.005096907945977921
optns,1,0,-16.323400548958098,-0.005096907945977921
orelse,1,0,-16.323400548958098,-0.005096907945977921
originaly,1,0,-16.323400548958098,-0.005096907945977921
os,1,0,-16.323400548958098,-0.005096907945977921
ostia,1,0,-16.323400548958098,-0.005096907945977921
otc,1,0,-16.323400548958098,-0.005096907945977921
otek,1,0,-16.323400548958098,-0.005096907945977921
ourslf,1,0,-16.323400548958098,-0.005096907945977921
outta,1,0,-16.323400548958098,-0.005096907945977921
ovalife,1,0,-16.323400548958098,-0.005096907945977921
ovaried,1,0,-16.323400548958098,-0.005096907945977921
overies,1,0,-16.323400548958098,-0.005096907945977921
oviery,1,0,-16.323400548958098,-0.005096907945977921
ovulet,1,0,-16.323400548958098,-0.005096907945977921
oxys,1,0,-16.323400548958098,-0.005096907945977921
painin,1,0,-16.323400548958098,-0.005096907945977921
painkillers,1,0,-16.323400548958098,-0.005096907945977921
painthank,1,0,-16.323400548958098,-0.005096907945977921
pallor,1,0,-16.323400548958098,-0.005096907945977921
palpatating,1,0,-16.323400548958098,-0.005096907945977921
palpatation,1,0,-16.323400548958098,-0.005096907945977921
palpittionn,1,0,-16.323400548958098,-0.005096907945977921
pan,1,0,-16.323400548958098,-0.005096907945977921
pancriatitus,1,0,-16.323400548958098,-0.005096907945977921
paniced,1,0,-16.323400548958098,-0.005096907945977921
panicky,1,0,-16.323400548958098,-0.005096907945977921
paning,1,0,-16.323400548958098,-0.005096907945977921
panties,1,0,-16.323400548958098,-0.005096907945977921
pants,1,0,-16.323400548958098,-0.005096907945977921
papa,1,0,-16.323400548958098,-0.005096907945977921
papayas,1,0,-16.323400548958098,-0.005096907945977921
papytazyme,1,0,-16.323400548958098,-0.005096907945977921
paracetomol,1,0,-16.323400548958098,-0.005096907945977921
paralysises,1,0,-16.323400548958098,-0.005096907945977921
park,1,0,-16.323400548958098,-0.005096907945977921
parlytical,1,0,-16.323400548958098,-0.005096907945977921
pasint,1,0,-16.323400548958098,-0.005096907945977921
pate,1,0,-16.323400548958098,-0.005096907945977921
patience,1,0,-16.323400548958098,-0.005096907945977921
patkar,1,0,-16.323400548958098,-0.005096907945977921
pbf,1,0,-16.323400548958098,-0.005096907945977921
pcm,1,0,-16.323400548958098,-0.005096907945977921
pcods,1,0,-16.323400548958098,-0.005096907945977921
pcr,1,0,-16.323400548958098,-0.005096907945977921
pds,1,0,-16.323400548958098,-0.005096907945977921
pedi,1,0,-16.323400548958098,-0.005096907945977921
peed,1,0,-16.323400548958098,-0.005096907945977921
pefer,1,0,-16.323400548958098,-0.005096907945977921
pegrancy,1,0,-16.323400548958098,-0.005096907945977921
pehle,1,0,-16.323400548958098,-0.005096907945977921
peinis,1,0,-16.323400548958098,-0.005096907945977921
pelveocalyceal,1,0,-16.323400548958098,-0.005096907945977921
pending,1,0,-16.323400548958098,-0.005096907945977921
percentage,1,0,-16.323400548958098,-0.005096907945977921
percnt,1,0,-16.323400548958098,-0.005096907945977921
perform,1,0,-16.323400548958098,-0.005096907945977921
performance,1,0,-16.323400548958098,-0.005096907945977921
pergnet,1,0,-16.323400548958098,-0.005096907945977921
perids,1,0,-16.323400548958098,-0.005096907945977921
periodontitis,1,0,-16.323400548958098,-0.005096907945977921
peripheral,1,0,-16.323400548958098,-0.005096907945977921
peris,1,0,-16.323400548958098,-0.005096907945977921
perverm,1,0,-16.323400548958098,-0.005096907945977921
pft,1,0,-16.323400548958098,-0.005096907945977921
ph,1,0,-16.323400548958098,-0.005096907945977921
philippimnes,1,0,-16.323400548958098,-0.005096907945977921
phils,1,0,-16.323400548958098,-0.005096907945977921
phlebotomist,1,0,-16.323400548958098,-0.005096907945977921
phn,1,0,-16.323400548958098,-0.005096907945977921
phoned,1,0,-16.323400548958098,-0.005096907945977921
phos,1,0,-16.323400548958098,-0.005096907945977921
photos,1,0,-16.323400548958098,-0.005096907945977921
physchaitric,1,0,-16.323400548958098,-0.005096907945977921
physcological,1,0,-16.323400548958098,-0.005096907945977921
physique,1,0,-16.323400548958098,-0.005096907945977921
piagets,1,0,-16.323400548958098,-0.005096907945977921
pieords,1,0,-16.323400548958098,-0.005096907945977921
pierods,1,0,-16.323400548958098,-0.005096907945977921
pigmented,1,0,-16.323400548958098,-0.005096907945977921
pigmention,1,0,-16.323400548958098,-0.005096907945977921
pil,1,0,-16.323400548958098,-0.005096907945977921
pillai,1,0,-16.323400548958098,-0.005096907945977921
pinches,1,0,-16.323400548958098,-0.005096907945977921
piss,1,0,-16.323400548958098,-0.005096907945977921
placenta,1,0,-16.323400548958098,-0.005096907945977921
plannin,1,0,-16.323400548958098,-0.005096907945977921
plas,1,0,-16.323400548958098,-0.005096907945977921
played,1,0,-16.323400548958098,-0.005096907945977921
playng,1,0,-16.323400548958098,-0.005096907945977921
ple,1,0,-16.323400548958098,-0.005096907945977921
pleanty,1,0,-16.323400548958098,-0.005096907945977921
pleasure,1,0,-16.323400548958098,-0.005096907945977921
plesae,1,0,-16.323400548958098,-0.005096907945977921
plesase,1,0,-16.323400548958098,-0.005096907945977921
plexis,1,0,-16.323400548958098,-0.005096907945977921
pllzz,1,0,-16.323400548958098,-0.005096907945977921
plse,1,0,-16.323400548958098,-0.005096907945977921
plss,1,0,-16.323400548958098,-0.005096907945977921
plssss,1,0,-16.323400548958098,-0.005096907945977921
plueral,1,0,-16.323400548958098,-0.005096907945977921
plzgiv,1,0,-16.323400548958098,-0.005096907945977921
plzzz,1,0,-16.323400548958098,-0.005096907945977921
plzzzzzz,1,0,-16.323400548958098,-0.005096907945977921
plzzzzzzz,1,0,-16.323400548958098,-0.005096907945977921
plzzzzzzzzz,1,0,-16.323400548958098,-0.005096907945977921
pne,1,0,-16.323400548958098,-0.005096907945977921
po,1,0,-16.323400548958098,-0.005096907945977921
pocks,1,0,-16.323400548958098,-0.005096907945977921
poising,1,0,-16.323400548958098,-0.005096907945977921
polished,1,0,-16.323400548958098,-0.005096907945977921
pony,1,0,-16.323400548958098,-0.005096907945977921
poof,1,0,-16.323400548958098,-0.005096907945977921
pooja,1,0,-16.323400548958098,-0.005096907945977921
poorly,1,0,-16.323400548958098,-0.005096907945977921
poos,1,0,-16.323400548958098,-0.005096907945977921
poped,1,0,-16.323400548958098,-0.005096907945977921
porridge,1,0,-16.323400548958098,-0.005096907945977921
pos,1,0,-16.323400548958098,-0.005096907945977921
posesv,1,0,-16.323400548958098,-0.005096907945977921
posible,1,0,-16.323400548958098,-0.005096907945977921
positivly,1,0,-16.323400548958098,-0.005096907945977921
poss,1,0,-16.323400548958098,-0.005096907945977921
possibilty,1,0,-16.323400548958098,-0.005096907945977921
posted,1,0,-16.323400548958098,-0.005096907945977921
postprandial,1,0,-16.323400548958098,-0.005096907945977921
potts,1,0,-16.323400548958098,-0.005096907945977921
poundn,1,0,-16.323400548958098,-0.005096907945977921
poured,1,0,-16.323400548958098,-0.005096907945977921
pouring,1,0,-16.323400548958098,-0.005096907945977921
ppregnant,1,0,-16.323400548958098,-0.005096907945977921
practicaly,1,0,-16.323400548958098,-0.005096907945977921
pranab,1,0,-16.323400548958098,-0.005096907945977921
prayed,1,0,-16.323400548958098,-0.005096907945977921
prayer,1,0,-16.323400548958098,-0.005096907945977921
prb,1,0,-16.323400548958098,-0.005096907945977921
prblem,1,0,-16.323400548958098,-0.005096907945977921
prcnt,1,0,-16.323400548958098,-0.005096907945977921
preaently,1,0,-16.323400548958098,-0.005096907945977921
precription,1,0,-16.323400548958098,-0.005096907945977921
preejaction,1,0,-16.323400548958098,-0.005096907945977921
prega,1,0,-16.323400548958098,-0.005096907945977921
pregnacare,1,0,-16.323400548958098,-0.005096907945977921
pregnantim,1,0,-16.323400548958098,-0.005096907945977921
pregnany,1,0,-16.323400548958098,-0.005096907945977921
pregnency,1,0,-16.323400548958098,-0.005096907945977921
pregnncy,1,0,-16.323400548958098,-0.005096907945977921
pregnrncy,1,0,-16.323400548958098,-0.005096907945977921
pregoo,1,0,-16.323400548958098,-0.005096907945977921
pregrancy,1,0,-16.323400548958098,-0.005096907945977921
prescribd,1,0,-16.323400548958098,-0.005096907945977921
prescribes,1,0,-16.323400548958098,-0.005096907945977921
presnt,1,0,-16.323400548958098,-0.005096907945977921
pressuring,1,0,-16.323400548958098,-0.005096907945977921
prev,1,0,-16.323400548958098,-0.005096907945977921
prevention,1,0,-16.323400548958098,-0.005096907945977921
previa,1,0,-16.323400548958098,-0.005096907945977921
prgnnt,1,0,-16.323400548958098,-0.005096907945977921
pricking,1,0,-16.323400548958098,-0.005096907945977921
prim,1,0,-16.323400548958098,-0.005096907945977921
primlut,1,0,-16.323400548958098,-0.005096907945977921
primosa,1,0,-16.323400548958098,-0.005096907945977921
princess,1,0,-16.323400548958098,-0.005096907945977921
priscribe,1,0,-16.323400548958098,-0.005096907945977921
privious,1,0,-16.323400548958098,-0.005096907945977921
prmblm,1,0,-16.323400548958098,-0.005096907945977921
problemi,1,0,-16.323400548958098,-0.005096907945977921
produced,1,0,-16.323400548958098,-0.005096907945977921
products,1,0,-16.323400548958098,-0.005096907945977921
progynova,1,0,-16.323400548958098,-0.005096907945977921
projection,1,0,-16.323400548958098,-0.005096907945977921
prolifen,1,0,-16.323400548958098,-0.005096907945977921
promble,1,0,-16.323400548958098,-0.005096907945977921
promblem,1,0,-16.323400548958098,-0.005096907945977921
prombles,1,0,-16.323400548958098,-0.005096907945977921
propaley,1,0,-16.323400548958098,-0.005096907945977921
propery,1,0,-16.323400548958098,-0.005096907945977921
prophylactic,1,0,-16.323400548958098,-0.005096907945977921
pros,1,0,-16.323400548958098,-0.005096907945977921
protectioni,1,0,-16.323400548958098,-0.005096907945977921
protrudes,1,0,-16.323400548958098,-0.005096907945977921
provent,1,0,-16.323400548958098,-0.005096907945977921
prowell,1,0,-16.323400548958098,-0.005096907945977921
proxyvon,1,0,-16.323400548958098,-0.005096907945977921
proxyvonbut,1,0,-16.323400548958098,-0.005096907945977921
pss,1,0,-16.323400548958098,-0.005096907945977921
psycatrist,1,0,-16.323400548958098,-0.005096907945977921
psychiatry,1,0,-16.323400548958098,-0.005096907945977921
psychic,1,0,-16.323400548958098,-0.005096907945977921
psyciatrist,1,0,-16.323400548958098,-0.005096907945977921
psyothropy,1,0,-16.323400548958098,-0.005096907945977921
psyrisis,1,0,-16.323400548958098,-0.005096907945977921
ptoblem,1,0,-16.323400548958098,-0.005096907945977921
pubis,1,0,-16.323400548958098,-0.005096907945977921
puffyness,1,0,-16.323400548958098,-0.005096907945977921
pulses,1,0,-16.323400548958098,-0.005096907945977921
punching,1,0,-16.323400548958098,-0.005096907945977921
purely,1,0,-16.323400548958098,-0.005096907945977921
purgen,1,0,-16.323400548958098,-0.005096907945977921
puts,1,0,-16.323400548958098,-0.005096907945977921
pylonephritis,1,0,-16.323400548958098,-0.005096907945977921
pyrazinamide,1,0,-16.323400548958098,-0.005096907945977921
pza,1,0,-16.323400548958098,-0.005096907945977921
pzzz,1,0,-16.323400548958098,-0.005096907945977921
qstion,1,0,-16.323400548958098,-0.005096907945977921
qtin,1,0,-16.323400548958098,-0.005096907945977921
quarter,1,0,-16.323400548958098,-0.005096907945977921
quberliees,1,0,-16.323400548958098,-0.005096907945977921
ques,1,0,-16.323400548958098,-0.005096907945977921
quetiapine,1,0,-16.323400548958098,-0.005096907945977921
quited,1,0,-16.323400548958098,-0.005096907945977921
quitted,1,0,-16.323400548958098,-0.005096907945977921
quivering,1,0,-16.323400548958098,-0.005096907945977921
ragards,1,0,-16.323400548958098,-0.005096907945977921
rajalakshmi,1,0,-16.323400548958098,-0.005096907945977921
ramin,1,0,-16.323400548958098,-0.005096907945977921
ranbir,1,0,-16.323400548958098,-0.005096907945977921
randy,1,0,-16.323400548958098,-0.005096907945977921
ranveer,1,0,-16.323400548958098,-0.005096907945977921
rapidly,1,0,-16.323400548958098,-0.005096907945977921
rapitus,1,0,-16.323400548958098,-0.005096907945977921
rather,1,0,-16.323400548958098,-0.005096907945977921
ratio2,1,0,-16.323400548958098,-0.005096907945977921
ratio3,1,0,-16.323400548958098,-0.005096907945977921
ratio4,1,0,-16.323400548958098,-0.005096907945977921
rd,1,0,-16.323400548958098,-0.005096907945977921
reali,1,0,-16.323400548958098,-0.005096907945977921
realise,1,0,-16.323400548958098,-0.005096907945977921
realision,1,0,-16.323400548958098,-0.005096907945977921
reall,1,0,-16.323400548958098,-0.005096907945977921
reallli,1,0,-16.323400548958098,-0.005096907945977921
reappear,1,0,-16.323400548958098,-0.005096907945977921
reasn,1,0,-16.323400548958098,-0.005096907945977921
reasoni,1,0,-16.323400548958098,-0.005096907945977921
reccomnded,1,0,-16.323400548958098,-0.005096907945977921
receeding,1,0,-16.323400548958098,-0.005096907945977921
reckless,1,0,-16.323400548958098,-0.005096907945977921
reclined,1,0,-16.323400548958098,-0.005096907945977921
recntly,1,0,-16.323400548958098,-0.005096907945977921
recollect,1,0,-16.323400548958098,-0.005096907945977921
recomand,1,0,-16.323400548958098,-0.005096907945977921
recomended,1,0,-16.323400548958098,-0.005096907945977921
recommed,1,0,-16.323400548958098,-0.005096907945977921
recomment,1,0,-16.323400548958098,-0.005096907945977921
recommented,1,0,-16.323400548958098,-0.005096907945977921
reconstructed,1,0,-16.323400548958098,-0.005096907945977921
records,1,0,-16.323400548958098,-0.005096907945977921
recovr,1,0,-16.323400548958098,-0.005096907945977921
recurently,1,0,-16.323400548958098,-0.005096907945977921
recurrent,1,0,-16.323400548958098,-0.005096907945977921
redbull,1,0,-16.323400548958098,-0.005096907945977921
reddy,1,0,-16.323400548958098,-0.005096907945977921
reduc,1,0,-16.323400548958098,-0.005096907945977921
reduces,1,0,-16.323400548958098,-0.005096907945977921
redy,1,0,-16.323400548958098,-0.005096907945977921
reeling,1,0,-16.323400548958098,-0.005096907945977921
reetha,1,0,-16.323400548958098,-0.005096907945977921
refered,1,0,-16.323400548958098,-0.005096907945977921
reflect,1,0,-16.323400548958098,-0.005096907945977921
refrr,1,0,-16.323400548958098,-0.005096907945977921
refund,1,0,-16.323400548958098,-0.005096907945977921
regain,1,0,-16.323400548958098,-0.005096907945977921
regardin,1,0,-16.323400548958098,-0.005096907945977921
regesterone,1,0,-16.323400548958098,-0.005096907945977921
regestrone,1,0,-16.323400548958098,-0.005096907945977921
reglarly,1,0,-16.323400548958098,-0.005096907945977921
regulaly,1,0,-16.323400548958098,-0.005096907945977921
regullerly,1,0,-16.323400548958098,-0.005096907945977921
regural,1,0,-16.323400548958098,-0.005096907945977921
rejected,1,0,-16.323400548958098,-0.005096907945977921
relaionship,1,0,-16.323400548958098,-0.005096907945977921
relant,1,0,-16.323400548958098,-0.005096907945977921
relatd,1,0,-16.323400548958098,-0.005096907945977921
relatives,1,0,-16.323400548958098,-0.005096907945977921
relatnshp,1,0,-16.323400548958098,-0.005096907945977921
releaf,1,0,-16.323400548958098,-0.005096907945977921
releas,1,0,-16.323400548958098,-0.005096907945977921
releasing,1,0,-16.323400548958098,-0.005096907945977921
releationship,1,0,-16.323400548958098,-0.005096907945977921
releave,1,0,-16.323400548958098,-0.005096907945977921
releaxer,1,0,-16.323400548958098,-0.005096907945977921
relef,1,0,-16.323400548958098,-0.005096907945977921
releif,1,0,-16.323400548958098,-0.005096907945977921
relese,1,0,-16.323400548958098,-0.005096907945977921
reley,1,0,-16.323400548958098,-0.005096907945977921
relieved,1,0,-16.323400548958098,-0.005096907945977921
reliever,1,0,-16.323400548958098,-0.005096907945977921
relieving,1,0,-16.323400548958098,-0.005096907945977921
relive,1,0,-16.323400548958098,-0.005096907945977921
rely,1,0,-16.323400548958098,-0.005096907945977921
rember,1,0,-16.323400548958098,-0.005096907945977921
remmber,1,0,-16.323400548958098,-0.005096907945977921
remmbers,1,0,-16.323400548958098,-0.005096907945977921
repeats,1,0,-16.323400548958098,-0.005096907945977921
reperts,1,0,-16.323400548958098,-0.005096907945977921
replyed,1,0,-16.323400548958098,-0.005096907945977921
reprodctiv,1,0,-16.323400548958098,-0.005096907945977921
reqst,1,0,-16.323400548958098,-0.005096907945977921
res,1,0,-16.323400548958098,-0.005096907945977921
reselts,1,0,-16.323400548958098,-0.005096907945977921
reshma,1,0,-16.323400548958098,-0.005096907945977921
resolution,1,0,-16.323400548958098,-0.005096907945977921
resonshud,1,0,-16.323400548958098,-0.005096907945977921
resort,1,0,-16.323400548958098,-0.005096907945977921
respecting,1,0,-16.323400548958098,-0.005096907945977921
respective,1,0,-16.323400548958098,-0.005096907945977921
respectively,1,0,-16.323400548958098,-0.005096907945977921
responce,1,0,-16.323400548958098,-0.005096907945977921
rested,1,0,-16.323400548958098,-0.005096907945977921
restlessness,1,0,-16.323400548958098,-0.005096907945977921
resultof,1,0,-16.323400548958098,-0.005096907945977921
retracting,1,0,-16.323400548958098,-0.005096907945977921
revealed,1,0,-16.323400548958098,-0.005096907945977921
revenge,1,0,-16.323400548958098,-0.005096907945977921
reversible,1,0,-16.323400548958098,-0.005096907945977921
revert,1,0,-16.323400548958098,-0.005096907945977921
reward,1,0,-16.323400548958098,-0.005096907945977921
rewards,1,0,-16.323400548958098,-0.005096907945977921
rice,1,0,-16.323400548958098,-0.005096907945977921
rick,1,0,-16.323400548958098,-0.005096907945977921
rideing,1,0,-16.323400548958098,-0.005096907945977921
rifampicin,1,0,-16.323400548958098,-0.005096907945977921
rightly,1,0,-16.323400548958098,-0.005096907945977921
rigjt,1,0,-16.323400548958098,-0.005096907945977921
rigt,1,0,-16.323400548958098,-0.005096907945977921
rinifol,1,0,-16.323400548958098,-0.005096907945977921
rinolpasty,1,0,-16.323400548958098,-0.005096907945977921
risdone,1,0,-16.323400548958098,-0.005096907945977921
rit,1,0,-16.323400548958098,-0.005096907945977921
rkhti,1,0,-16.323400548958098,-0.005096907945977921
rlly,1,0,-16.323400548958098,-0.005096907945977921
rm,1,0,-16.323400548958098,-0.005096907945977921
role,1,0,-16.323400548958098,-0.005096907945977921
rolls,1,0,-16.323400548958098,-0.005096907945977921
rona,1,0,-16.323400548958098,-0.005096907945977921
rosa,1,0,-16.323400548958098,-0.005096907945977921
roshni,1,0,-16.323400548958098,-0.005096907945977921
roti,1,0,-16.323400548958098,-0.005096907945977921
roughness,1,0,-16.323400548958098,-0.005096907945977921
rte,1,0,-16.323400548958098,-0.005096907945977921
rubb,1,0,-16.323400548958098,-0.005096907945977921
rubed,1,0,-16.323400548958098,-0.005096907945977921
rubing,1,0,-16.323400548958098,-0.005096907945977921
rubishh,1,0,-16.323400548958098,-0.005096907945977921
rugby,1,0,-16.323400548958098,-0.005096907945977921
ruining,1,0,-16.323400548958098,-0.005096907945977921
ruptuing,1,0,-16.323400548958098,-0.005096907945977921
rupturing,1,0,-16.323400548958098,-0.005096907945977921
rwal,1,0,-16.323400548958098,-0.005096907945977921
saba,1,0,-16.323400548958098,-0.005096907945977921
sachdeva,1,0,-16.323400548958098,-0.005096907945977921
saini,1,0,-16.323400548958098,-0.005096907945977921
saira,1,0,-16.323400548958098,-0.005096907945977921
sakshi,1,0,-16.323400548958098,-0.005096907945977921
salsia,1,0,-16.323400548958098,-0.005096907945977921
saltopic,1,0,-16.323400548958098,-0.005096907945977921
sameday,1,0,-16.323400548958098,-0.005096907945977921
samething,1,0,-16.323400548958098,-0.005096907945977921
sampo,1,0,-16.323400548958098,-0.005096907945977921
sandya,1,0,-16.323400548958098,-0.005096907945977921
sapna,1,0,-16.323400548958098,-0.005096907945977921
saranya,1,0,-16.323400548958098,-0.005096907945977921
sari,1,0,-16.323400548958098,-0.005096907945977921
sasi,1,0,-16.323400548958098,-0.005096907945977921
satarted,1,0,-16.323400548958098,-0.005096907945977921
satisfyd,1,0,-16.323400548958098,-0.005096907945977921
save,1,0,-16.323400548958098,-0.005096907945977921
saving,1,0,-16.323400548958098,-0.005096907945977921
sayd,1,0,-16.323400548958098,-0.005096907945977921
sayin,1,0,-16.323400548958098,-0.005096907945977921
sayng,1,0,-16.323400548958098,-0.005096907945977921
sc,1,0,-16.323400548958098,-0.005096907945977921
scannow,1,0,-16.323400548958098,-0.005096907945977921
scarry,1,0,-16.323400548958098,-0.005096907945977921
sch,1,0,-16.323400548958098,-0.005096907945977921
schoolmate,1,0,-16.323400548958098,-0.005096907945977921
scnd,1,0,-16.323400548958098,-0.005096907945977921
scooped,1,0,-16.323400548958098,-0.005096907945977921
scop,1,0,-16.323400548958098,-0.005096907945977921
scr,1,0,-16.323400548958098,-0.005096907945977921
scraped,1,0,-16.323400548958098,-0.005096907945977921
scrd,1,0,-16.323400548958098,-0.005096907945977921
scred,1,0,-16.323400548958098,-0.005096907945977921
scrub,1,0,-16.323400548958098,-0.005096907945977921
sdfc,1,0,-16.323400548958098,-0.005096907945977921
sea,1,0,-16.323400548958098,-0.005096907945977921
sead,1,0,-16.323400548958098,-0.005096907945977921
seamen,1,0,-16.323400548958098,-0.005096907945977921
searched,1,0,-16.323400548958098,-0.005096907945977921
secnd,1,0,-16.323400548958098,-0.005096907945977921
secs,1,0,-16.323400548958098,-0.005096907945977921
seeks,1,0,-16.323400548958098,-0.005096907945977921
seeng,1,0,-16.323400548958098,-0.005096907945977921
seggest,1,0,-16.323400548958098,-0.005096907945977921
seiazure,1,0,-16.323400548958098,-0.005096907945977921
seizing,1,0,-16.323400548958098,-0.005096907945977921
semie,1,0,-16.323400548958098,-0.005096907945977921
sence,1,0,-16.323400548958098,-0.005096907945977921
sending,1,0,-16.323400548958098,-0.005096907945977921
sensee,1,0,-16.323400548958098,-0.005096907945977921
sentivite,1,0,-16.323400548958098,-0.005096907945977921
separated,1,0,-16.323400548958098,-0.005096907945977921
separately,1,0,-16.323400548958098,-0.005096907945977921
sereas,1,0,-16.323400548958098,-0.005096907945977921
serios,1,0,-16.323400548958098,-0.005096907945977921
seroid,1,0,-16.323400548958098,-0.005096907945977921
seroius,1,0,-16.323400548958098,-0.005096907945977921
serous,1,0,-16.323400548958098,-0.005096907945977921
serta,1,0,-16.323400548958098,-0.005096907945977921
serve,1,0,-16.323400548958098,-0.005096907945977921
servir,1,0,-16.323400548958098,-0.005096907945977921
sesitive,1,0,-16.323400548958098,-0.005096907945977921
settled,1,0,-16.323400548958098,-0.005096907945977921
sevenseas,1,0,-16.323400548958098,-0.005096907945977921
sevier,1,0,-16.323400548958098,-0.005096907945977921
sevre,1,0,-16.323400548958098,-0.005096907945977921
sevrl,1,0,-16.323400548958098,-0.005096907945977921
sexy,1,0,-16.323400548958098,-0.005096907945977921
sh,1,0,-16.323400548958098,-0.005096907945977921
shacking,1,0,-16.323400548958098,-0.005096907945977921
shades,1,0,-16.323400548958098,-0.005096907945977921
shail,1,0,-16.323400548958098,-0.005096907945977921
shakes,1,0,-16.323400548958098,-0.005096907945977921
shame,1,0,-16.323400548958098,-0.005096907945977921
shap,1,0,-16.323400548958098,-0.005096907945977921
shegot,1,0,-16.323400548958098,-0.005096907945977921
shehzad,1,0,-16.323400548958098,-0.005096907945977921
shikakai,1,0,-16.323400548958098,-0.005096907945977921
shikha,1,0,-16.323400548958098,-0.005096907945977921
shimoga,1,0,-16.323400548958098,-0.005096907945977921
shirts,1,0,-16.323400548958098,-0.005096907945977921
sho,1,0,-16.323400548958098,-0.005096907945977921
shod,1,0,-16.323400548958098,-0.005096907945977921
shoked,1,0,-16.323400548958098,-0.005096907945977921
shorten,1,0,-16.323400548958098,-0.005096907945977921
shorter,1,0,-16.323400548958098,-0.005096907945977921
shrunken,1,0,-16.323400548958098,-0.005096907945977921
shwn,1,0,-16.323400548958098,-0.005096907945977921
si,1,0,-16.323400548958098,-0.005096907945977921
siad,1,0,-16.323400548958098,-0.005096907945977921
sice,1,0,-16.323400548958098,-0.005096907945977921
sickly,1,0,-16.323400548958098,-0.005096907945977921
sid,1,0,-16.323400548958098,-0.005096907945977921
siddharth,1,0,-16.323400548958098,-0.005096907945977921
sidee,1,0,-16.323400548958098,-0.005096907945977921
sideeffects,1,0,-16.323400548958098,-0.005096907945977921
sideheadings,1,0,-16.323400548958098,-0.005096907945977921
sigh,1,0,-16.323400548958098,-0.005096907945977921
silly,1,0,-16.323400548958098,-0.005096907945977921
similac,1,0,-16.323400548958098,-0.005096907945977921
simmy,1,0,-16.323400548958098,-0.005096907945977921
simple,1,0,-16.323400548958098,-0.005096907945977921
simplex,1,0,-16.323400548958098,-0.005096907945977921
sin,1,0,-16.323400548958098,-0.005096907945977921
since4,1,0,-16.323400548958098,-0.005096907945977921
sings,1,0,-16.323400548958098,-0.005096907945977921
sinustab,1,0,-16.323400548958098,-0.005096907945977921
sirdr,1,0,-16.323400548958098,-0.005096907945977921
sirmy,1,0,-16.323400548958098,-0.005096907945977921
sisters,1,0,-16.323400548958098,-0.005096907945977921
siviour,1,0,-16.323400548958098,-0.005096907945977921
skill,1,0,-16.323400548958098,-0.005096907945977921
skinlite,1,0,-16.323400548958098,-0.005096907945977921
skipped,1,0,-16.323400548958098,-0.005096907945977921
skips,1,0,-16.323400548958098,-0.005096907945977921
skirt,1,0,-16.323400548958098,-0.005096907945977921
sleepin,1,0,-16.323400548958098,-0.005096907945977921
slild,1,0,-16.323400548958098,-0.005096907945977921
slimey,1,0,-16.323400548958098,-0.005096907945977921
slip,1,0,-16.323400548958098,-0.005096907945977921
slot,1,0,-16.323400548958098,-0.005096907945977921
slowing,1,0,-16.323400548958098,-0.005096907945977921
sma,1,0,-16.323400548958098,-0.005096907945977921
smal,1,0,-16.323400548958098,-0.005096907945977921
smaler,1,0,-16.323400548958098,-0.005096907945977921
smeone,1,0,-16.323400548958098,-0.005096907945977921
smetimes,1,0,-16.323400548958098,-0.005096907945977921
smile,1,0,-16.323400548958098,-0.005096907945977921
smitesh,1,0,-16.323400548958098,-0.005096907945977921
smking,1,0,-16.323400548958098,-0.005096907945977921
smokes,1,0,-16.323400548958098,-0.005096907945977921
smooch,1,0,-16.323400548958098,-0.005096907945977921
smthing,1,0,-16.323400548958098,-0.005096907945977921
smtng,1,0,-16.323400548958098,-0.005096907945977921
smtym,1,0,-16.323400548958098,-0.005096907945977921
snaching,1,0,-16.323400548958098,-0.005096907945977921
snack,1,0,-16.323400548958098,-0.005096907945977921
sneezin,1,0,-16.323400548958098,-0.005096907945977921
snores,1,0,-16.323400548958098,-0.005096907945977921
snort,1,0,-16.323400548958098,-0.005096907945977921
snorted,1,0,-16.323400548958098,-0.005096907945977921
snot,1,0,-16.323400548958098,-0.005096907945977921
snt,1,0,-16.323400548958098,-0.005096907945977921
socket,1,0,-16.323400548958098,-0.005096907945977921
sold,1,0,-16.323400548958098,-0.005096907945977921
sombody,1,0,-16.323400548958098,-0.005096907945977921
some1,1,0,-16.323400548958098,-0.005096907945977921
somebody,1,0,-16.323400548958098,-0.005096907945977921
somethin,1,0,-16.323400548958098,-0.005096907945977921
somethings,1,0,-16.323400548958098,-0.005096907945977921
somethmes,1,0,-16.323400548958098,-0.005096907945977921
somethng,1,0,-16.323400548958098,-0.005096907945977921
sometyms,1,0,-16.323400548958098,-0.005096907945977921
somme,1,0,-16.323400548958098,-0.005096907945977921
sonam,1,0,-16.323400548958098,-0.005096907945977921
sonar,1,0,-16.323400548958098,-0.005096907945977921
sonme,1,0,-16.323400548958098,-0.005096907945977921
sons,1,0,-16.323400548958098,-0.005096907945977921
sooooo,1,0,-16.323400548958098,-0.005096907945977921
sory,1,0,-16.323400548958098,-0.005096907945977921
sotret10,1,0,-16.323400548958098,-0.005096907945977921
sowr,1,0,-16.323400548958098,-0.005096907945977921
spacial,1,0,-16.323400548958098,-0.005096907945977921
spagetti,1,0,-16.323400548958098,-0.005096907945977921
speciallty,1,0,-16.323400548958098,-0.005096907945977921
specilist,1,0,-16.323400548958098,-0.005096907945977921
spectrum,1,0,-16.323400548958098,-0.005096907945977921
speels,1,0,-16.323400548958098,-0.005096907945977921
speling,1,0,-16.323400548958098,-0.005096907945977921
spelt,1,0,-16.323400548958098,-0.005096907945977921
spend,1,0,-16.323400548958098,-0.005096907945977921
spermed,1,0,-16.323400548958098,-0.005096907945977921
sperum,1,0,-16.323400548958098,-0.005096907945977921
spical,1,0,-16.323400548958098,-0.005096907945977921
spicy,1,0,-16.323400548958098,-0.005096907945977921
spin,1,0,-16.323400548958098,-0.005096907945977921
spite,1,0,-16.323400548958098,-0.005096907945977921
spitting,1,0,-16.323400548958098,-0.005096907945977921
spk,1,0,-16.323400548958098,-0.005096907945977921
spkin,1,0,-16.323400548958098,-0.005096907945977921
splinters,1,0,-16.323400548958098,-0.005096907945977921
spme,1,0,-16.323400548958098,-0.005096907945977921
spoonful,1,0,-16.323400548958098,-0.005096907945977921
sprain,1,0,-16.323400548958098,-0.005096907945977921
spreadin,1,0,-16.323400548958098,-0.005096907945977921
square,1,0,-16.323400548958098,-0.005096907945977921
squareone,1,0,-16.323400548958098,-0.005096907945977921
sr,1,0,-16.323400548958098,-0.005096907945977921
sridevi,1,0,-16.323400548958098,-0.005096907945977921
sromach,1,0,-16.323400548958098,-0.005096907945977921
ssaid,1,0,-16.323400548958098,-0.005096907945977921
ssi,1,0,-16.323400548958098,-0.005096907945977921
stabilize,1,0,-16.323400548958098,-0.005096907945977921
stained,1,0,-16.323400548958098,-0.005096907945977921
stairway,1,0,-16.323400548958098,-0.005096907945977921
stamena,1,0,-16.323400548958098,-0.005096907945977921
standfor,1,0,-16.323400548958098,-0.005096907945977921
star,1,0,-16.323400548958098,-0.005096907945977921
starmater,1,0,-16.323400548958098,-0.005096907945977921
startin,1,0,-16.323400548958098,-0.005096907945977921
stat,1,0,-16.323400548958098,-0.005096907945977921
stateing,1,0,-16.323400548958098,-0.005096907945977921
stdy,1,0,-16.323400548958098,-0.005096907945977921
stessing,1,0,-16.323400548958098,-0.005096907945977921
stich,1,0,-16.323400548958098,-0.005096907945977921
stif,1,0,-16.323400548958098,-0.005096907945977921
stiles,1,0,-16.323400548958098,-0.005096907945977921
stillthey,1,0,-16.323400548958098,-0.005096907945977921
stimulates,1,0,-16.323400548958098,-0.005096907945977921
stmach,1,0,-16.323400548958098,-0.005096907945977921
stomachach,1,0,-16.323400548958098,-0.005096907945977921
stomache,1,0,-16.323400548958098,-0.005096907945977921
stomuch,1,0,-16.323400548958098,-0.005096907945977921
stooped,1,0,-16.323400548958098,-0.005096907945977921
stopp,1,0,-16.323400548958098,-0.005096907945977921
stoppin,1,0,-16.323400548958098,-0.005096907945977921
stoppng,1,0,-16.323400548958098,-0.005096907945977921
storm,1,0,-16.323400548958098,-0.005096907945977921
straightened,1,0,-16.323400548958098,-0.005096907945977921
strained,1,0,-16.323400548958098,-0.005096907945977921
strains,1,0,-16.323400548958098,-0.005096907945977921
strat,1,0,-16.323400548958098,-0.005096907945977921
stream,1,0,-16.323400548958098,-0.005096907945977921
streptoccocai,1,0,-16.323400548958098,-0.005096907945977921
stressd,1,0,-16.323400548958098,-0.005096907945977921
stressing,1,0,-16.323400548958098,-0.005096907945977921
string,1,0,-16.323400548958098,-0.005096907945977921
strocks,1,0,-16.323400548958098,-0.005096907945977921
strt,1,0,-16.323400548958098,-0.005096907945977921
strtd,1,0,-16.323400548958098,-0.005096907945977921
strts,1,0,-16.323400548958098,-0.005096907945977921
struggle,1,0,-16.323400548958098,-0.005096907945977921
struggled,1,0,-16.323400548958098,-0.005096907945977921
stting,1,0,-16.323400548958098,-0.005096907945977921
stumbeling,1,0,-16.323400548958098,-0.005096907945977921
style,1,0,-16.323400548958098,-0.005096907945977921
subjects,1,0,-16.323400548958098,-0.005096907945977921
suboxan,1,0,-16.323400548958098,-0.005096907945977921
succeded,1,0,-16.323400548958098,-0.005096907945977921
succeed,1,0,-16.323400548958098,-0.005096907945977921
succeeded,1,0,-16.323400548958098,-0.005096907945977921
successs,1,0,-16.323400548958098,-0.005096907945977921
sucd,1,0,-16.323400548958098,-0.005096907945977921
suceess,1,0,-16.323400548958098,-0.005096907945977921
sucide,1,0,-16.323400548958098,-0.005096907945977921
suck,1,0,-16.323400548958098,-0.005096907945977921
sucked,1,0,-16.323400548958098,-0.005096907945977921
sud,1,0,-16.323400548958098,-0.005096907945977921
suddneley,1,0,-16.323400548958098,-0.005096907945977921
suddnly,1,0,-16.323400548958098,-0.005096907945977921
sudenly,1,0,-16.323400548958098,-0.005096907945977921
sudha,1,0,-16.323400548958098,-0.005096907945977921
suferrin,1,0,-16.323400548958098,-0.005096907945977921
suferring,1,0,-16.323400548958098,-0.005096907945977921
sufers,1,0,-16.323400548958098,-0.005096907945977921
suffeing,1,0,-16.323400548958098,-0.005096907945977921
sufferring,1,0,-16.323400548958098,-0.005096907945977921
suffocation,1,0,-16.323400548958098,-0.005096907945977921
suffring,1,0,-16.323400548958098,-0.005096907945977921
sufring,1,0,-16.323400548958098,-0.005096907945977921
suger,1,0,-16.323400548958098,-0.005096907945977921
sugery,1,0,-16.323400548958098,-0.005096907945977921
suggesion,1,0,-16.323400548958098,-0.005096907945977921
suggestd,1,0,-16.323400548958098,-0.005096907945977921
suggestive,1,0,-16.323400548958098,-0.005096907945977921
suggst,1,0,-16.323400548958098,-0.005096907945977921
sugst,1,0,-16.323400548958098,-0.005096907945977921
sugstd,1,0,-16.323400548958098,-0.005096907945977921
suiitng,1,0,-16.323400548958098,-0.005096907945977921
suiting,1,0,-16.323400548958098,-0.005096907945977921
suitng,1,0,-16.323400548958098,-0.005096907945977921
sujjested,1,0,-16.323400548958098,-0.005096907945977921
sumfng,1,0,-16.323400548958098,-0.005096907945977921
sumone,1,0,-16.323400548958098,-0.005096907945977921
sumthin,1,0,-16.323400548958098,-0.005096907945977921
sumtim,1,0,-16.323400548958098,-0.005096907945977921
sumuts,1,0,-16.323400548958098,-0.005096907945977921
sun,1,0,-16.323400548958098,-0.005096907945977921
sunil,1,0,-16.323400548958098,-0.005096907945977921
sunlight,1,0,-16.323400548958098,-0.005096907945977921
supatretc,1,0,-16.323400548958098,-0.005096907945977921
super,1,0,-16.323400548958098,-0.005096907945977921
supossed,1,0,-16.323400548958098,-0.005096907945977921
suppliments,1,0,-16.323400548958098,-0.005096907945977921
suppossed,1,0,-16.323400548958098,-0.005096907945977921
suppress,1,0,-16.323400548958098,-0.005096907945977921
suranger,1,0,-16.323400548958098,-0.005096907945977921
surculation,1,0,-16.323400548958098,-0.005096907945977921
surport,1,0,-16.323400548958098,-0.005096907945977921
surrounded,1,0,-16.323400548958098,-0.005096907945977921
survivd,1,0,-16.323400548958098,-0.005096907945977921
sushmitha,1,0,-16.323400548958098,-0.005096907945977921
suuddnly,1,0,-16.323400548958098,-0.005096907945977921
swabed,1,0,-16.323400548958098,-0.005096907945977921
swam,1,0,-16.323400548958098,-0.005096907945977921
swapnadosh,1,0,-16.323400548958098,-0.005096907945977921
swaran,1,0,-16.323400548958098,-0.005096907945977921
sweatin,1,0,-16.323400548958098,-0.005096907945977921
sweeting,1,0,-16.323400548958098,-0.005096907945977921
swellin,1,0,-16.323400548958098,-0.005096907945977921
swellon,1,0,-16.323400548958098,-0.005096907945977921
swelloning,1,0,-16.323400548958098,-0.005096907945977921
sweta,1,0,-16.323400548958098,-0.005096907945977921
switchin,1,0,-16.323400548958098,-0.005096907945977921
switchover,1,0,-16.323400548958098,-0.005096907945977921
syd,1,0,-16.323400548958098,-0.005096907945977921
symptomatic,1,0,-16.323400548958098,-0.005096907945977921
syptoms,1,0,-16.323400548958098,-0.005096907945977921
syrups,1,0,-16.323400548958098,-0.005096907945977921
tag,1,0,-16.323400548958098,-0.005096907945977921
takein,1,0,-16.323400548958098,-0.005096907945977921
takeing,1,0,-16.323400548958098,-0.005096907945977921
takemt,1,0,-16.323400548958098,-0.005096907945977921
takn,1,0,-16.323400548958098,-0.005096907945977921
talked,1,0,-16.323400548958098,-0.005096907945977921
tameish,1,0,-16.323400548958098,-0.005096907945977921
tamilnadu,1,0,-16.323400548958098,-0.005096907945977921
tanovate,1,0,-16.323400548958098,-0.005096907945977921
tanx,1,0,-16.323400548958098,-0.005096907945977921
tasteless,1,0,-16.323400548958098,-0.005096907945977921
taughts,1,0,-16.323400548958098,-0.005096907945977921
tb18mm,1,0,-16.323400548958098,-0.005096907945977921
tblt,1,0,-16.323400548958098,-0.005096907945977921
tearafter,1,0,-16.323400548958098,-0.005096907945977921
tedibar,1,0,-16.323400548958098,-0.005096907945977921
teling,1,0,-16.323400548958098,-0.005096907945977921
tellme,1,0,-16.323400548958098,-0.005096907945977921
telng,1,0,-16.323400548958098,-0.005096907945977921
tempered,1,0,-16.323400548958098,-0.005096907945977921
templet,1,0,-16.323400548958098,-0.005096907945977921
tempon,1,0,-16.323400548958098,-0.005096907945977921
tended,1,0,-16.323400548958098,-0.005096907945977921
tendee,1,0,-16.323400548958098,-0.005096907945977921
tends,1,0,-16.323400548958098,-0.005096907945977921
tense,1,0,-16.323400548958098,-0.005096907945977921
tensoin,1,0,-16.323400548958098,-0.005096907945977921
tenth,1,0,-16.323400548958098,-0.005096907945977921
ter,1,0,-16.323400548958098,-0.005096907945977921
terapist,1,0,-16.323400548958098,-0.005096907945977921
terible,1,0,-16.323400548958098,-0.005096907945977921
ternd,1,0,-16.323400548958098,-0.005096907945977921
terrible,1,0,-16.323400548958098,-0.005096907945977921
testis,1,0,-16.323400548958098,-0.005096907945977921
th8,1,0,-16.323400548958098,-0.005096907945977921
thankingyou,1,0,-16.323400548958098,-0.005096907945977921
thankz,1,0,-16.323400548958098,-0.005096907945977921
thanq,1,0,-16.323400548958098,-0.005096907945977921
thatbwil,1,0,-16.323400548958098,-0.005096907945977921
thati,1,0,-16.323400548958098,-0.005096907945977921
thatmy,1,0,-16.323400548958098,-0.005096907945977921
the19th,1,0,-16.323400548958098,-0.005096907945977921
thee,1,0,-16.323400548958098,-0.005096907945977921
theese,1,0,-16.323400548958098,-0.005096907945977921
theeyes,1,0,-16.323400548958098,-0.005096907945977921
therre,1,0,-16.323400548958098,-0.005096907945977921
thesr,1,0,-16.323400548958098,-0.005096907945977921
thetime,1,0,-16.323400548958098,-0.005096907945977921
theyer,1,0,-16.323400548958098,-0.005096907945977921
thinkng,1,0,-16.323400548958098,-0.005096907945977921
thinner,1,0,-16.323400548958098,-0.005096907945977921
thirsty,1,0,-16.323400548958098,-0.005096907945977921
thirty,1,0,-16.323400548958098,-0.005096907945977921
thks,1,0,-16.323400548958098,-0.005096907945977921
thnh,1,0,-16.323400548958098,-0.005096907945977921
thnkfull,1,0,-16.323400548958098,-0.005096907945977921
thnking,1,0,-16.323400548958098,-0.005096907945977921
thnks,1,0,-16.323400548958098,-0.005096907945977921
thoguth,1,0,-16.323400548958098,-0.005096907945977921
thou,1,0,-16.323400548958098,-0.005096907945977921
thoug,1,0,-16.323400548958098,-0.005096907945977921
throut,1,0,-16.323400548958098,-0.005096907945977921
throutinfection,1,0,-16.323400548958098,-0.005096907945977921
thrusday,1,0,-16.323400548958098,-0.005096907945977921
thsts,1,0,-16.323400548958098,-0.005096907945977921
thte,1,0,-16.323400548958098,-0.005096907945977921
thtr,1,0,-16.323400548958098,-0.005096907945977921
thus,1,0,-16.323400548958098,-0.005096907945977921
thusday,1,0,-16.323400548958098,-0.005096907945977921
thyronum,1,0,-16.323400548958098,-0.005096907945977921
thyroxing,1,0,-16.323400548958098,-0.005096907945977921
thz,1,0,-16.323400548958098,-0.005096907945977921
thzz,1,0,-16.323400548958098,-0.005096907945977921
tied,1,0,-16.323400548958098,-0.005096907945977921
tierd,1,0,-16.323400548958098,-0.005096907945977921
tighted,1,0,-16.323400548958098,-0.005096907945977921
timeis,1,0,-16.323400548958098,-0.005096907945977921
timelake,1,0,-16.323400548958098,-0.005096907945977921
timesnd,1,0,-16.323400548958098,-0.005096907945977921
timing,1,0,-16.323400548958098,-0.005096907945977921
ting,1,0,-16.323400548958098,-0.005096907945977921
tink,1,0,-16.323400548958098,-0.005096907945977921
tke,1,0,-16.323400548958098,-0.005096907945977921
tken,1,0,-16.323400548958098,-0.005096907945977921
tkin,1,0,-16.323400548958098,-0.005096907945977921
tks,1,0,-16.323400548958098,-0.005096907945977921
tmt,1,0,-16.323400548958098,-0.005096907945977921
tn,1,0,-16.323400548958098,-0.005096907945977921
tnere,1,0,-16.323400548958098,-0.005096907945977921
tns,1,0,-16.323400548958098,-0.005096907945977921
tnsd,1,0,-16.323400548958098,-0.005096907945977921
tnt,1,0,-16.323400548958098,-0.005096907945977921
to113,1,0,-16.323400548958098,-0.005096907945977921
tol,1,0,-16.323400548958098,-0.005096907945977921
toleratable,1,0,-16.323400548958098,-0.005096907945977921
tom,1,0,-16.323400548958098,-0.005096907945977921
tomorow,1,0,-16.323400548958098,-0.005096907945977921
toniiltis,1,0,-16.323400548958098,-0.005096907945977921
tonite,1,0,-16.323400548958098,-0.005096907945977921
tooked,1,0,-16.323400548958098,-0.005096907945977921
tooo,1,0,-16.323400548958098,-0.005096907945977921
toooo,1,0,-16.323400548958098,-0.005096907945977921
toothache,1,0,-16.323400548958098,-0.005096907945977921
toothbrush,1,0,-16.323400548958098,-0.005096907945977921
topicon,1,0,-16.323400548958098,-0.005096907945977921
topics,1,0,-16.323400548958098,-0.005096907945977921
torleva,1,0,-16.323400548958098,-0.005096907945977921
torn,1,0,-16.323400548958098,-0.005096907945977921
torsemide,1,0,-16.323400548958098,-0.005096907945977921
toucched,1,0,-16.323400548958098,-0.005096907945977921
tought,1,0,-16.323400548958098,-0.005096907945977921
tow,1,0,-16.323400548958098,-0.005096907945977921
town,1,0,-16.323400548958098,-0.005096907945977921
toxoplasma,1,0,-16.323400548958098,-0.005096907945977921
toys,1,0,-16.323400548958098,-0.005096907945977921
tr,1,0,-16.323400548958098,-0.005096907945977921
traces,1,0,-16.323400548958098,-0.005096907945977921
transverse,1,0,-16.323400548958098,-0.005096907945977921
travellng,1,0,-16.323400548958098,-0.005096907945977921
treament,1,0,-16.323400548958098,-0.005096907945977921
treatmrnt,1,0,-16.323400548958098,-0.005096907945977921
trembles,1,0,-16.323400548958098,-0.005096907945977921
trere,1,0,-16.323400548958098,-0.005096907945977921
treted,1,0,-16.323400548958098,-0.005096907945977921
triangle,1,0,-16.323400548958098,-0.005096907945977921
tribugin,1,0,-16.323400548958098,-0.005096907945977921
trid,1,0,-16.323400548958098,-0.005096907945977921
triedness,1,0,-16.323400548958098,-0.005096907945977921
triggamenneuralgia,1,0,-16.323400548958098,-0.005096907945977921
tring,1,0,-16.323400548958098,-0.005096907945977921
trnder,1,0,-16.323400548958098,-0.005096907945977921
trouser,1,0,-16.323400548958098,-0.005096907945977921
trtment,1,0,-16.323400548958098,-0.005096907945977921
truely,1,0,-16.323400548958098,-0.005096907945977921
tryn,1,0,-16.323400548958098,-0.005096907945977921
tryng,1,0,-16.323400548958098,-0.005096907945977921
ts,1,0,-16.323400548958098,-0.005096907945977921
tst,1,0,-16.323400548958098,-0.005096907945977921
tt,1,0,-16.323400548958098,-0.005096907945977921
tuberclosis,1,0,-16.323400548958098,-0.005096907945977921
tuberculer,1,0,-16.323400548958098,-0.005096907945977921
tuk,1,0,-16.323400548958098,-0.005096907945977921
twelth,1,0,-16.323400548958098,-0.005096907945977921
twinges,1,0,-16.323400548958098,-0.005096907945977921
twitch,1,0,-16.323400548958098,-0.005096907945977921
twitches,1,0,-16.323400548958098,-0.005096907945977921
twob,1,0,-16.323400548958098,-0.005096907945977921
txu,1,0,-16.323400548958098,-0.005096907945977921
tylenal,1,0,-16.323400548958098,-0.005096907945977921
tymes,1,0,-16.323400548958098,-0.005096907945977921
tymseems,1,0,-16.323400548958098,-0.005096907945977921
tymz,1,0,-16.323400548958098,-0.005096907945977921
tyn,1,0,-16.323400548958098,-0.005096907945977921
tynelol,1,0,-16.323400548958098,-0.005096907945977921
typ,1,0,-16.323400548958098,-0.005096907945977921
typohid,1,0,-16.323400548958098,-0.005096907945977921
uat,1,0,-16.323400548958098,-0.005096907945977921
udari,1,0,-16.323400548958098,-0.005096907945977921
udlive,1,0,-16.323400548958098,-0.005096907945977921
ug,1,0,-16.323400548958098,-0.005096907945977921
ultrasonography,1,0,-16.323400548958098,-0.005096907945977921
ultrsound,1,0,-16.323400548958098,-0.005096907945977921
unaware,1,0,-16.323400548958098,-0.005096907945977921
unbareable,1,0,-16.323400548958098,-0.005096907945977921
uncmfrtble,1,0,-16.323400548958098,-0.005096907945977921
unconscionus,1,0,-16.323400548958098,-0.005096907945977921
unconsses,1,0,-16.323400548958098,-0.005096907945977921
underarms,1,0,-16.323400548958098,-0.005096907945977921
undermy,1,0,-16.323400548958098,-0.005096907945977921
undrgne,1,0,-16.323400548958098,-0.005096907945977921
undrstnd,1,0,-16.323400548958098,-0.005096907945977921
uneasy,1,0,-16.323400548958098,-0.005096907945977921
unhealthy,1,0,-16.323400548958098,-0.005096907945977921
unidentifid,1,0,-16.323400548958098,-0.005096907945977921
united,1,0,-16.323400548958098,-0.005096907945977921
universalis,1,0,-16.323400548958098,-0.005096907945977921
unlike,1,0,-16.323400548958098,-0.005096907945977921
unnecessarily,1,0,-16.323400548958098,-0.005096907945977921
unsafe,1,0,-16.323400548958098,-0.005096907945977921
unsuccessful,1,0,-16.323400548958098,-0.005096907945977921
unt,1,0,-16.323400548958098,-0.005096907945977921
untill,1,0,-16.323400548958098,-0.005096907945977921
untolerable,1,0,-16.323400548958098,-0.005096907945977921
untouched,1,0,-16.323400548958098,-0.005096907945977921
unwillingly,1,0,-16.323400548958098,-0.005096907945977921
upcoming,1,0,-16.323400548958098,-0.005096907945977921
uprr,1,0,-16.323400548958098,-0.005096907945977921
upst,1,0,-16.323400548958098,-0.005096907945977921
uptill,1,0,-16.323400548958098,-0.005096907945977921
upto800mg,1,0,-16.323400548958098,-0.005096907945977921
urdu,1,0,-16.323400548958098,-0.005096907945977921
urien,1,0,-16.323400548958098,-0.005096907945977921
urining,1,0,-16.323400548958098,-0.005096907945977921
urs,1,0,-16.323400548958098,-0.005096907945977921
ursocol,1,0,-16.323400548958098,-0.005096907945977921
ursodil,1,0,-16.323400548958098,-0.005096907945977921
ursokem,1,0,-16.323400548958098,-0.005096907945977921
useful,1,0,-16.323400548958098,-0.005096907945977921
useless,1,0,-16.323400548958098,-0.005096907945977921
usenw,1,0,-16.323400548958098,-0.005096907945977921
usng,1,0,-16.323400548958098,-0.005096907945977921
uss,1,0,-16.323400548958098,-0.005096907945977921
usualfor,1,0,-16.323400548958098,-0.005096907945977921
usuall,1,0,-16.323400548958098,-0.005096907945977921
uters,1,0,-16.323400548958098,-0.005096907945977921
utess,1,0,-16.323400548958098,-0.005096907945977921
vaccation,1,0,-16.323400548958098,-0.005096907945977921
vaccinatted,1,0,-16.323400548958098,-0.005096907945977921
vagianal,1,0,-16.323400548958098,-0.005096907945977921
vajah,1,0,-16.323400548958098,-0.005096907945977921
vanessa,1,0,-16.323400548958098,-0.005096907945977921
vanishing,1,0,-16.323400548958098,-0.005096907945977921
vanys,1,0,-16.323400548958098,-0.005096907945977921
vargina,1,0,-16.323400548958098,-0.005096907945977921
varicoele,1,0,-16.323400548958098,-0.005096907945977921
vch,1,0,-16.323400548958098,-0.005096907945977921
veez,1,0,-16.323400548958098,-0.005096907945977921
vegatable,1,0,-16.323400548958098,-0.005096907945977921
vege,1,0,-16.323400548958098,-0.005096907945977921
veggies,1,0,-16.323400548958098,-0.005096907945977921
vel,1,0,-16.323400548958098,-0.005096907945977921
velosef,1,0,-16.323400548958098,-0.005096907945977921
ven,1,0,-16.323400548958098,-0.005096907945977921
venkatesh,1,0,-16.323400548958098,-0.005096907945977921
vertical,1,0,-16.323400548958098,-0.005096907945977921
vertigoo,1,0,-16.323400548958098,-0.005096907945977921
vid,1,0,-16.323400548958098,-0.005096907945977921
vidalin,1,0,-16.323400548958098,-0.005096907945977921
vigina,1,0,-16.323400548958098,-0.005096907945977921
violence,1,0,-16.323400548958098,-0.005096907945977921
vipul,1,0,-16.323400548958098,-0.005096907945977921
visualisedcx,1,0,-16.323400548958098,-0.005096907945977921
vitex,1,0,-16.323400548958098,-0.005096907945977921
vl,1,0,-16.323400548958098,-0.005096907945977921
vold,1,0,-16.323400548958098,-0.005096907945977921
vometing,1,0,-16.323400548958098,-0.005096907945977921
vomitting,1,0,-16.323400548958098,-0.005096907945977921
vommit,1,0,-16.323400548958098,-0.005096907945977921
votmiting,1,0,-16.323400548958098,-0.005096907945977921
vp,1,0,-16.323400548958098,-0.005096907945977921
vrymuch,1,0,-16.323400548958098,-0.005096907945977921
vulgaris,1,0,-16.323400548958098,-0.005096907945977921
vulnerable,1,0,-16.323400548958098,-0.005096907945977921
vyas,1,0,-16.323400548958098,-0.005096907945977921
vz,1,0,-16.323400548958098,-0.005096907945977921
waanna,1,0,-16.323400548958098,-0.005096907945977921
waight,1,0,-16.323400548958098,-0.005096907945977921
waiste,1,0,-16.323400548958098,-0.005096907945977921
waitg,1,0,-16.323400548958098,-0.005096907945977921
waker,1,0,-16.323400548958098,-0.005096907945977921
wakin,1,0,-16.323400548958098,-0.005096907945977921
wankin,1,0,-16.323400548958098,-0.005096907945977921
wanking,1,0,-16.323400548958098,-0.005096907945977921
wantd,1,0,-16.323400548958098,-0.005096907945977921
ward,1,0,-16.323400548958098,-0.005096907945977921
warts,1,0,-16.323400548958098,-0.005096907945977921
washer,1,0,-16.323400548958098,-0.005096907945977921
wasted,1,0,-16.323400548958098,-0.005096907945977921
wasting,1,0,-16.323400548958098,-0.005096907945977921
watched,1,0,-16.323400548958098,-0.005096907945977921
watered,1,0,-16.323400548958098,-0.005096907945977921
watsnext,1,0,-16.323400548958098,-0.005096907945977921
wattery,1,0,-16.323400548958098,-0.005096907945977921
watz,1,0,-16.323400548958098,-0.005096907945977921
wax,1,0,-16.323400548958098,-0.005096907945977921
wchich,1,0,-16.323400548958098,-0.005096907945977921
weaknes,1,0,-16.323400548958098,-0.005096907945977921
wearng,1,0,-16.323400548958098,-0.005096907945977921
web,1,0,-16.323400548958098,-0.005096907945977921
wee,1,0,-16.323400548958098,-0.005096907945977921
weekin,1,0,-16.323400548958098,-0.005096907945977921
ween,1,0,-16.323400548958098,-0.005096907945977921
weep,1,0,-16.323400548958098,-0.005096907945977921
weepy,1,0,-16.323400548958098,-0.005096907945977921
wel,1,0,-16.323400548958098,-0.005096907945977921
wells,1,0,-16.323400548958098,-0.005096907945977921
weng,1,0,-16.323400548958098,-0.005096907945977921
werthers,1,0,-16.323400548958098,-0.005096907945977921
wheh,1,0,-16.323400548958098,-0.005096907945977921
whem,1,0,-16.323400548958098,-0.005096907945977921
whire,1,0,-16.323400548958098,-0.005096907945977921
whiter,1,0,-16.323400548958098,-0.005096907945977921
whither,1,0,-16.323400548958098,-0.005096907945977921
whitng,1,0,-16.323400548958098,-0.005096907945977921
whm,1,0,-16.323400548958098,-0.005096907945977921
whni,1,0,-16.323400548958098,-0.005096907945977921
whos,1,0,-16.323400548958098,-0.005096907945977921
whther,1,0,-16.323400548958098,-0.005096907945977921
wiat,1,0,-16.323400548958098,-0.005096907945977921
wic,1,0,-16.323400548958098,-0.005096907945977921
widal,1,0,-16.323400548958098,-0.005096907945977921
widin,1,0,-16.323400548958098,-0.005096907945977921
wierd,1,0,-16.323400548958098,-0.005096907945977921
wif,1,0,-16.323400548958098,-0.005096907945977921
wii,1,0,-16.323400548958098,-0.005096907945977921
wile,1,0,-16.323400548958098,-0.005096907945977921
window,1,0,-16.323400548958098,-0.005096907945977921
winters,1,0,-16.323400548958098,-0.005096907945977921
wipes,1,0,-16.323400548958098,-0.005096907945977921
wire,1,0,-16.323400548958098,-0.005096907945977921
wishing,1,0,-16.323400548958098,-0.005096907945977921
withdraws,1,0,-16.323400548958098,-0.005096907945977921
withe,1,0,-16.323400548958098,-0.005096907945977921
witout,1,0,-16.323400548958098,-0.005096907945977921
wke,1,0,-16.323400548958098,-0.005096907945977921
wkend,1,0,-16.323400548958098,-0.005096907945977921
wld,1,0,-16.323400548958098,-0.005096907945977921
wlk,1,0,-16.323400548958098,-0.005096907945977921
woking,1,0,-16.323400548958098,-0.005096907945977921
womans,1,0,-16.323400548958098,-0.005096907945977921
womb,1,0,-16.323400548958098,-0.005096907945977921
wonderin,1,0,-16.323400548958098,-0.005096907945977921
wored,1,0,-16.323400548958098,-0.005096907945977921
workin,1,0,-16.323400548958098,-0.005096907945977921
workng,1,0,-16.323400548958098,-0.005096907945977921
worrid,1,0,-16.323400548958098,-0.005096907945977921
worrired,1,0,-16.323400548958098,-0.005096907945977921
worrse,1,0,-16.323400548958098,-0.005096907945977921
worthless,1,0,-16.323400548958098,-0.005096907945977921
wory,1,0,-16.323400548958098,-0.005096907945977921
wouldn,1,0,-16.323400548958098,-0.005096907945977921
wouldve,1,0,-16.323400548958098,-0.005096907945977921
writing,1,0,-16.323400548958098,-0.005096907945977921
writn,1,0,-16.323400548958098,-0.005096907945977921
wrk,1,0,-16.323400548958098,-0.005096907945977921
wrking,1,0,-16.323400548958098,-0.005096907945977921
wrkiong,1,0,-16.323400548958098,-0.005096907945977921
wrkout,1,0,-16.323400548958098,-0.005096907945977921
wrks,1,0,-16.323400548958098,-0.005096907945977921
wrng,1,0,-16.323400548958098,-0.005096907945977921
wronf,1,0,-16.323400548958098,-0.005096907945977921
wunt,1,0,-16.323400548958098,-0.005096907945977921
wurryd,1,0,-16.323400548958098,-0.005096907945977921
wuz,1,0,-16.323400548958098,-0.005096907945977921
wy,1,0,-16.323400548958098,-0.005096907945977921
wyosolone,1,0,-16.323400548958098,-0.005096907945977921
wysolone,1,0,-16.323400548958098,-0.005096907945977921
wz,1,0,-16.323400548958098,-0.005096907945977921
xcept,1,0,-16.323400548958098,-0.005096907945977921
xgain,1,0,-16.323400548958098,-0.005096907945977921
xl10,1,0,-16.323400548958098,-0.005096907945977921
xtray,1,0,-16.323400548958098,-0.005096907945977921
xxx,1,0,-16.323400548958098,-0.005096907945977921
xyz,1,0,-16.323400548958098,-0.005096907945977921
yadav,1,0,-16.323400548958098,-0.005096907945977921
yand,1,0,-16.323400548958098,-0.005096907945977921
yar,1,0,-16.323400548958098,-0.005096907945977921
yars,1,0,-16.323400548958098,-0.005096907945977921
yday,1,0,-16.323400548958098,-0.005096907945977921
yead,1,0,-16.323400548958098,-0.005096907945977921
yeah,1,0,-16.323400548958098,-0.005096907945977921
yer,1,0,-16.323400548958098,-0.005096907945977921
yeras,1,0,-16.323400548958098,-0.005096907945977921
yest,1,0,-16.323400548958098,-0.005096907945977921
yesterdayi,1,0,-16.323400548958098,-0.005096907945977921
yesturday,1,0,-16.323400548958098,-0.005096907945977921
yestutday,1,0,-16.323400548958098,-0.005096907945977921
yeterday,1,0,-16.323400548958098,-0.005096907945977921
york,1,0,-16.323400548958098,-0.005096907945977921
youger,1,0,-16.323400548958098,-0.005096907945977921
yours,1,0,-16.323400548958098,-0.005096907945977921
yrr,1,0,-16.323400548958098,-0.005096907945977921
yrvold,1,0,-16.323400548958098,-0.005096907945977921
ystday,1,0,-16.323400548958098,-0.005096907945977921
yukie,1,0,-16.323400548958098,-0.005096907945977921
yuourm,1,0,-16.323400548958098,-0.005096907945977921
zaki,1,0,-16.323400548958098,-0.005096907945977921
zeeshan,1,0,-16.323400548958098,-0.005096907945977921
zeet,1,0,-16.323400548958098,-0.005096907945977921
zegavit,1,0,-16.323400548958098,-0.005096907945977921
zenoxa,1,0,-16.323400548958098,-0.005096907945977921
zhelp,1,0,-16.323400548958098,-0.005096907945977921
zifi20010,1,0,-16.323400548958098,-0.005096907945977921
zincold,1,0,-16.323400548958098,-0.005096907945977921
zincris,1,0,-16.323400548958098,-0.005096907945977921
zinetac,1,0,-16.323400548958098,-0.005096907945977921
zitromax,1,0,-16.323400548958098,-0.005096907945977921
zocon200mg,1,0,-16.323400548958098,-0.005096907945977921
zoya,1,0,-16.323400548958098,-0.005096907945977921
zzxczxc,1,0,-16.323400548958098,-0.005096907945977921
10dyz,2,0,-16.32342197117513,-0.007208125803029996
11month,2,0,-16.32342197117513,-0.007208125803029996
19yr,2,0,-16.32342197117513,-0.007208125803029996
2006,2,0,-16.32342197117513,-0.007208125803029996
20mins,2,0,-16.32342197117513,-0.007208125803029996
22mm,2,0,-16.32342197117513,-0.007208125803029996
22years,2,0,-16.32342197117513,-0.007208125803029996
27yrs,2,0,-16.32342197117513,-0.007208125803029996
28yrs,2,0,-16.32342197117513,-0.007208125803029996
2mg,2,0,-16.32342197117513,-0.007208125803029996
2mnths,2,0,-16.32342197117513,-0.007208125803029996
2month,2,0,-16.32342197117513,-0.007208125803029996
30yrs,2,0,-16.32342197117513,-0.007208125803029996
3years,2,0,-16.32342197117513,-0.007208125803029996
4hrs,2,0,-16.32342197117513,-0.007208125803029996
4years,2,0,-16.32342197117513,-0.007208125803029996
4yr,2,0,-16.32342197117513,-0.007208125803029996
54yrs,2,0,-16.32342197117513,-0.007208125803029996
5years,2,0,-16.32342197117513,-0.007208125803029996
6days,2,0,-16.32342197117513,-0.007208125803029996
6years,2,0,-16.32342197117513,-0.007208125803029996
7months,2,0,-16.32342197117513,-0.007208125803029996
850mg,2,0,-16.32342197117513,-0.007208125803029996
96,2,0,-16.32342197117513,-0.007208125803029996
9months,2,0,-16.32342197117513,-0.007208125803029996
aaaaaaa,2,0,-16.32342197117513,-0.007208125803029996
abit,2,0,-16.32342197117513,-0.007208125803029996
achin,2,0,-16.32342197117513,-0.007208125803029996
act,2,0,-16.32342197117513,-0.007208125803029996
actly,2,0,-16.32342197117513,-0.007208125803029996
advil,2,0,-16.32342197117513,-0.007208125803029996
afew,2,0,-16.32342197117513,-0.007208125803029996
affecting,2,0,-16.32342197117513,-0.007208125803029996
aft,2,0,-16.32342197117513,-0.007208125803029996
aggrevated,2,0,-16.32342197117513,-0.007208125803029996
agin,2,0,-16.32342197117513,-0.007208125803029996
alive,2,0,-16.32342197117513,-0.007208125803029996
alwys,2,0,-16.32342197117513,-0.007208125803029996
answr,2,0,-16.32342197117513,-0.007208125803029996
any1,2,0,-16.32342197117513,-0.007208125803029996
anythng,2,0,-16.32342197117513,-0.007208125803029996
apitite,2,0,-16.32342197117513,-0.007208125803029996
applyin,2,0,-16.32342197117513,-0.007208125803029996
arora,2,0,-16.32342197117513,-0.007208125803029996
arrange,2,0,-16.32342197117513,-0.007208125803029996
asian,2,0,-16.32342197117513,-0.007208125803029996
atimes,2,0,-16.32342197117513,-0.007208125803029996
avr,2,0,-16.32342197117513,-0.007208125803029996
bald,2,0,-16.32342197117513,-0.007208125803029996
balls,2,0,-16.32342197117513,-0.007208125803029996
bck,2,0,-16.32342197117513,-0.007208125803029996
bcm,2,0,-16.32342197117513,-0.007208125803029996
bcmg,2,0,-16.32342197117513,-0.007208125803029996
bcuz,2,0,-16.32342197117513,-0.007208125803029996
bec,2,0,-16.32342197117513,-0.007208125803029996
bein,2,0,-16.32342197117513,-0.007208125803029996
bin,2,0,-16.32342197117513,-0.007208125803029996
biscuit,2,0,-16.32342197117513,-0.007208125803029996
bleeded,2,0,-16.32342197117513,-0.007208125803029996
blessed,2,0,-16.32342197117513,-0.007208125803029996
boils,2,0,-16.32342197117513,-0.007208125803029996
border,2,0,-16.32342197117513,-0.007208125803029996
breathless,2,0,-16.32342197117513,-0.007208125803029996
breaths,2,0,-16.32342197117513,-0.007208125803029996
bro,2,0,-16.32342197117513,-0.007208125803029996
butm,2,0,-16.32342197117513,-0.007208125803029996
buttocks,2,0,-16.32342197117513,-0.007208125803029996
calosoft,2,0,-16.32342197117513,-0.007208125803029996
candid,2,0,-16.32342197117513,-0.007208125803029996
canesteen,2,0,-16.32342197117513,-0.007208125803029996
cheat,2,0,-16.32342197117513,-0.007208125803029996
checkd,2,0,-16.32342197117513,-0.007208125803029996
circle,2,0,-16.32342197117513,-0.007208125803029996
cld,2,0,-16.32342197117513,-0.007208125803029996
clofert,2,0,-16.32342197117513,-0.007208125803029996
coli,2,0,-16.32342197117513,-0.007208125803029996
coll,2,0,-16.32342197117513,-0.007208125803029996
collapsed,2,0,-16.32342197117513,-0.007208125803029996
commit,2,0,-16.32342197117513,-0.007208125803029996
complain,2,0,-16.32342197117513,-0.007208125803029996
condoms,2,0,-16.32342197117513,-0.007208125803029996
confuse,2,0,-16.32342197117513,-0.007208125803029996
consive,2,0,-16.32342197117513,-0.007208125803029996
consultd,2,0,-16.32342197117513,-0.007208125803029996
convince,2,0,-16.32342197117513,-0.007208125803029996
cool,2,0,-16.32342197117513,-0.007208125803029996
cope,2,0,-16.32342197117513,-0.007208125803029996
crampin,2,0,-16.32342197117513,-0.007208125803029996
creame,2,0,-16.32342197117513,-0.007208125803029996
cudnt,2,0,-16.32342197117513,-0.007208125803029996
cuming,2,0,-16.32342197117513,-0.007208125803029996
cutting,2,0,-16.32342197117513,-0.007208125803029996
d3,2,0,-16.32342197117513,-0.007208125803029996
dandruff,2,0,-16.32342197117513,-0.007208125803029996
dats,2,0,-16.32342197117513,-0.007208125803029996
ddnt,2,0,-16.32342197117513,-0.007208125803029996
de,2,0,-16.32342197117513,-0.007208125803029996
dem,2,0,-16.32342197117513,-0.007208125803029996
depresion,2,0,-16.32342197117513,-0.007208125803029996
dere,2,0,-16.32342197117513,-0.007208125803029996
dermotologist,2,0,-16.32342197117513,-0.007208125803029996
dese,2,0,-16.32342197117513,-0.007208125803029996
dhen,2,0,-16.32342197117513,-0.007208125803029996
diane,2,0,-16.32342197117513,-0.007208125803029996
diffrence,2,0,-16.32342197117513,-0.007208125803029996
dignosed,2,0,-16.32342197117513,-0.007208125803029996
discoloration,2,0,-16.32342197117513,-0.007208125803029996
divorce,2,0,-16.32342197117513,-0.007208125803029996
dnc,2,0,-16.32342197117513,-0.007208125803029996
drag,2,0,-16.32342197117513,-0.007208125803029996
dunno,2,0,-16.32342197117513,-0.007208125803029996
dusky,2,0,-16.32342197117513,-0.007208125803029996
dy,2,0,-16.32342197117513,-0.007208125803029996
dying,2,0,-16.32342197117513,-0.007208125803029996
dysphagia,2,0,-16.32342197117513,-0.007208125803029996
eachother,2,0,-16.32342197117513,-0.007208125803029996
eager,2,0,-16.32342197117513,-0.007208125803029996
ebony,2,0,-16.32342197117513,-0.007208125803029996
efect,2,0,-16.32342197117513,-0.007208125803029996
ejected,2,0,-16.32342197117513,-0.007208125803029996
endometrial,2,0,-16.32342197117513,-0.007208125803029996
engaged,2,0,-16.32342197117513,-0.007208125803029996
enter,2,0,-16.32342197117513,-0.007208125803029996
enuff,2,0,-16.32342197117513,-0.007208125803029996
erect,2,0,-16.32342197117513,-0.007208125803029996
errect,2,0,-16.32342197117513,-0.007208125803029996
evr,2,0,-16.32342197117513,-0.007208125803029996
expensive,2,0,-16.32342197117513,-0.007208125803029996
fairer,2,0,-16.32342197117513,-0.007208125803029996
feelng,2,0,-16.32342197117513,-0.007208125803029996
fevr,2,0,-16.32342197117513,-0.007208125803029996
fingring,2,0,-16.32342197117513,-0.007208125803029996
flawless,2,0,-16.32342197117513,-0.007208125803029996
float,2,0,-16.32342197117513,-0.007208125803029996
fne,2,0,-16.32342197117513,-0.007208125803029996
folliculitis,2,0,-16.32342197117513,-0.007208125803029996
forehad,2,0,-16.32342197117513,-0.007208125803029996
formula,2,0,-16.32342197117513,-0.007208125803029996
fought,2,0,-16.32342197117513,-0.007208125803029996
fren,2,0,-16.32342197117513,-0.007208125803029996
fundoplication,2,0,-16.32342197117513,-0.007208125803029996
gainehair,2,0,-16.32342197117513,-0.007208125803029996
gal,2,0,-16.32342197117513,-0.007208125803029996
gav,2,0,-16.32342197117513,-0.007208125803029996
gay,2,0,-16.32342197117513,-0.007208125803029996
getng,2,0,-16.32342197117513,-0.007208125803029996
gettn,2,0,-16.32342197117513,-0.007208125803029996
gimme,2,0,-16.32342197117513,-0.007208125803029996
givn,2,0,-16.32342197117513,-0.007208125803029996
glowing,2,0,-16.32342197117513,-0.007208125803029996
glycomet,2,0,-16.32342197117513,-0.007208125803029996
gng,2,0,-16.32342197117513,-0.007208125803029996
goenka,2,0,-16.32342197117513,-0.007208125803029996
goodova,2,0,-16.32342197117513,-0.007208125803029996
gr8,2,0,-16.32342197117513,-0.007208125803029996
growin,2,0,-16.32342197117513,-0.007208125803029996
grows,2,0,-16.32342197117513,-0.007208125803029996
gting,2,0,-16.32342197117513,-0.007208125803029996
gtng,2,0,-16.32342197117513,-0.007208125803029996
gves,2,0,-16.32342197117513,-0.007208125803029996
gynac,2,0,-16.32342197117513,-0.007208125803029996
gynae,2,0,-16.32342197117513,-0.007208125803029996
ha,2,0,-16.32342197117513,-0.007208125803029996
hai,2,0,-16.32342197117513,-0.007208125803029996
hapnd,2,0,-16.32342197117513,-0.007208125803029996
harmonal,2,0,-16.32342197117513,-0.007208125803029996
harmone,2,0,-16.32342197117513,-0.007208125803029996
headings,2,0,-16.32342197117513,-0.007208125803029996
helllo,2,0,-16.32342197117513,-0.007208125803029996
hemodialysis,2,0,-16.32342197117513,-0.007208125803029996
herbal,2,0,-16.32342197117513,-0.007208125803029996
hez,2,0,-16.32342197117513,-0.007208125803029996
hom,2,0,-16.32342197117513,-0.007208125803029996
hsg,2,0,-16.32342197117513,-0.007208125803029996
hunger,2,0,-16.32342197117513,-0.007208125803029996
hus,2,0,-16.32342197117513,-0.007208125803029996
husbnd,2,0,-16.32342197117513,-0.007208125803029996
hyd,2,0,-16.32342197117513,-0.007208125803029996
hypo,2,0,-16.32342197117513,-0.007208125803029996
igm,2,0,-16.32342197117513,-0.007208125803029996
iit,2,0,-16.32342197117513,-0.007208125803029996
infertility,2,0,-16.32342197117513,-0.007208125803029996
inguinal,2,0,-16.32342197117513,-0.007208125803029996
inrecource,2,0,-16.32342197117513,-0.007208125803029996
insult,2,0,-16.32342197117513,-0.007208125803029996
intimate,2,0,-16.32342197117513,-0.007208125803029996
ipills,2,0,-16.32342197117513,-0.007208125803029996
irritaion,2,0,-16.32342197117513,-0.007208125803029996
isomil,2,0,-16.32342197117513,-0.007208125803029996
iy,2,0,-16.32342197117513,-0.007208125803029996
joining,2,0,-16.32342197117513,-0.007208125803029996
juz,2,0,-16.32342197117513,-0.007208125803029996
kegel,2,0,-16.32342197117513,-0.007208125803029996
keraglo,2,0,-16.32342197117513,-0.007208125803029996
kz,2,0,-16.32342197117513,-0.007208125803029996
laparoscopy,2,0,-16.32342197117513,-0.007208125803029996
leon,2,0,-16.32342197117513,-0.007208125803029996
levolin,2,0,-16.32342197117513,-0.007208125803029996
lh,2,0,-16.32342197117513,-0.007208125803029996
lighting,2,0,-16.32342197117513,-0.007208125803029996
lmp,2,0,-16.32342197117513,-0.007208125803029996
losemotion,2,0,-16.32342197117513,-0.007208125803029996
loud,2,0,-16.32342197117513,-0.007208125803029996
lover,2,0,-16.32342197117513,-0.007208125803029996
lube,2,0,-16.32342197117513,-0.007208125803029996
lukin,2,0,-16.32342197117513,-0.007208125803029996
luks,2,0,-16.32342197117513,-0.007208125803029996
lumbs,2,0,-16.32342197117513,-0.007208125803029996
lumnaskin,2,0,-16.32342197117513,-0.007208125803029996
lyf,2,0,-16.32342197117513,-0.007208125803029996
m2tone,2,0,-16.32342197117513,-0.007208125803029996
mad,2,0,-16.32342197117513,-0.007208125803029996
mama,2,0,-16.32342197117513,-0.007208125803029996
manage,2,0,-16.32342197117513,-0.007208125803029996
marg,2,0,-16.32342197117513,-0.007208125803029996
mastrubate,2,0,-16.32342197117513,-0.007208125803029996
mastrubating,2,0,-16.32342197117513,-0.007208125803029996
masturbate,2,0,-16.32342197117513,-0.007208125803029996
max,2,0,-16.32342197117513,-0.007208125803029996
mayb,2,0,-16.32342197117513,-0.007208125803029996
medcn,2,0,-16.32342197117513,-0.007208125803029996
medenine,2,0,-16.32342197117513,-0.007208125803029996
medicnes,2,0,-16.32342197117513,-0.007208125803029996
melacare,2,0,-16.32342197117513,-0.007208125803029996
men,2,0,-16.32342197117513,-0.007208125803029996
menopur,2,0,-16.32342197117513,-0.007208125803029996
merriage,2,0,-16.32342197117513,-0.007208125803029996
methyl,2,0,-16.32342197117513,-0.007208125803029996
mit,2,0,-16.32342197117513,-0.007208125803029996
mixture,2,0,-16.32342197117513,-0.007208125803029996
mke,2,0,-16.32342197117513,-0.007208125803029996
mohit,2,0,-16.32342197117513,-0.007208125803029996
mox,2,0,-16.32342197117513,-0.007208125803029996
mummy,2,0,-16.32342197117513,-0.007208125803029996
nagpur,2,0,-16.32342197117513,-0.007208125803029996
negatve,2,0,-16.32342197117513,-0.007208125803029996
ngt,2,0,-16.32342197117513,-0.007208125803029996
nh,2,0,-16.32342197117513,-0.007208125803029996
nightfall,2,0,-16.32342197117513,-0.007208125803029996
nissan,2,0,-16.32342197117513,-0.007208125803029996
nithya,2,0,-16.32342197117513,-0.007208125803029996
noe,2,0,-16.32342197117513,-0.007208125803029996
noise,2,0,-16.32342197117513,-0.007208125803029996
noodles,2,0,-16.32342197117513,-0.007208125803029996
note,2,0,-16.32342197117513,-0.007208125803029996
notin,2,0,-16.32342197117513,-0.007208125803029996
nthng,2,0,-16.32342197117513,-0.007208125803029996
nvr,2,0,-16.32342197117513,-0.007208125803029996
ol,2,0,-16.32342197117513,-0.007208125803029996
oly,2,0,-16.32342197117513,-0.007208125803029996
onwards,2,0,-16.32342197117513,-0.007208125803029996
ovacare,2,0,-16.32342197117513,-0.007208125803029996
pant,2,0,-16.32342197117513,-0.007208125803029996
peace,2,0,-16.32342197117513,-0.007208125803029996
peelng,2,0,-16.32342197117513,-0.007208125803029996
pentration,2,0,-16.32342197117513,-0.007208125803029996
pergnancy,2,0,-16.32342197117513,-0.007208125803029996
persists,2,0,-16.32342197117513,-0.007208125803029996
pf,2,0,-16.32342197117513,-0.007208125803029996
pg,2,0,-16.32342197117513,-0.007208125803029996
phase,2,0,-16.32342197117513,-0.007208125803029996
pines,2,0,-16.32342197117513,-0.007208125803029996
planing,2,0,-16.32342197117513,-0.007208125803029996
playin,2,0,-16.32342197117513,-0.007208125803029996
plez,2,0,-16.32342197117513,-0.007208125803029996
popped,2,0,-16.32342197117513,-0.007208125803029996
postinor,2,0,-16.32342197117513,-0.007208125803029996
ppbs,2,0,-16.32342197117513,-0.007208125803029996
pragnent,2,0,-16.32342197117513,-0.007208125803029996
pray,2,0,-16.32342197117513,-0.007208125803029996
prblms,2,0,-16.32342197117513,-0.007208125803029996
precation,2,0,-16.32342197117513,-0.007208125803029996
pregncy,2,0,-16.32342197117513,-0.007208125803029996
premolar,2,0,-16.32342197117513,-0.007208125803029996
preventer,2,0,-16.32342197117513,-0.007208125803029996
problam,2,0,-16.32342197117513,-0.007208125803029996
psychologist,2,0,-16.32342197117513,-0.007208125803029996
psyorisis,2,0,-16.32342197117513,-0.007208125803029996
punjab,2,0,-16.32342197117513,-0.007208125803029996
pylori,2,0,-16.32342197117513,-0.007208125803029996
rajasthn,2,0,-16.32342197117513,-0.007208125803029996
ratio,2,0,-16.32342197117513,-0.007208125803029996
reaches,2,0,-16.32342197117513,-0.007208125803029996
refuses,2,0,-16.32342197117513,-0.007208125803029996
reg,2,0,-16.32342197117513,-0.007208125803029996
rejumet,2,0,-16.32342197117513,-0.007208125803029996
rhinoplasty,2,0,-16.32342197117513,-0.007208125803029996
rohit,2,0,-16.32342197117513,-0.007208125803029996
rolled,2,0,-16.32342197117513,-0.007208125803029996
roseday,2,0,-16.32342197117513,-0.007208125803029996
rubbed,2,0,-16.32342197117513,-0.007208125803029996
runing,2,0,-16.32342197117513,-0.007208125803029996
sania,2,0,-16.32342197117513,-0.007208125803029996
satisfied,2,0,-16.32342197117513,-0.007208125803029996
scanty,2,0,-16.32342197117513,-0.007208125803029996
sebifin,2,0,-16.32342197117513,-0.007208125803029996
severly,2,0,-16.32342197117513,-0.007208125803029996
shez,2,0,-16.32342197117513,-0.007208125803029996
shifted,2,0,-16.32342197117513,-0.007208125803029996
ship,2,0,-16.32342197117513,-0.007208125803029996
shorts,2,0,-16.32342197117513,-0.007208125803029996
shouldn,2,0,-16.32342197117513,-0.007208125803029996
shouted,2,0,-16.32342197117513,-0.007208125803029996
showd,2,0,-16.32342197117513,-0.007208125803029996
siri,2,0,-16.32342197117513,-0.007208125803029996
skinny,2,0,-16.32342197117513,-0.007208125803029996
smething,2,0,-16.32342197117513,-0.007208125803029996
smthng,2,0,-16.32342197117513,-0.007208125803029996
smtime,2,0,-16.32342197117513,-0.007208125803029996
smtimes,2,0,-16.32342197117513,-0.007208125803029996
sometym,2,0,-16.32342197117513,-0.007208125803029996
sp,2,0,-16.32342197117513,-0.007208125803029996
specially,2,0,-16.32342197117513,-0.007208125803029996
speek,2,0,-16.32342197117513,-0.007208125803029996
spoils,2,0,-16.32342197117513,-0.007208125803029996
steam,2,0,-16.32342197117513,-0.007208125803029996
stifness,2,0,-16.32342197117513,-0.007208125803029996
stings,2,0,-16.32342197117513,-0.007208125803029996
stll,2,0,-16.32342197117513,-0.007208125803029996
suferng,2,0,-16.32342197117513,-0.007208125803029996
suffrng,2,0,-16.32342197117513,-0.007208125803029996
sugestion,2,0,-16.32342197117513,-0.007208125803029996
suggesting,2,0,-16.32342197117513,-0.007208125803029996
sumthing,2,0,-16.32342197117513,-0.007208125803029996
surface,2,0,-16.32342197117513,-0.007208125803029996
sweats,2,0,-16.32342197117513,-0.007208125803029996
symtoms,2,0,-16.32342197117513,-0.007208125803029996
talks,2,0,-16.32342197117513,-0.007208125803029996
tap,2,0,-16.32342197117513,-0.007208125803029996
taxim,2,0,-16.32342197117513,-0.007208125803029996
teachers,2,0,-16.32342197117513,-0.007208125803029996
tempons,2,0,-16.32342197117513,-0.007208125803029996
tence,2,0,-16.32342197117513,-0.007208125803029996
tenssed,2,0,-16.32342197117513,-0.007208125803029996
thanku,2,0,-16.32342197117513,-0.007208125803029996
thinkin,2,0,-16.32342197117513,-0.007208125803029996
thiz,2,0,-16.32342197117513,-0.007208125803029996
thm,2,0,-16.32342197117513,-0.007208125803029996
thngs,2,0,-16.32342197117513,-0.007208125803029996
thrown,2,0,-16.32342197117513,-0.007208125803029996
tite,2,0,-16.32342197117513,-0.007208125803029996
tme,2,0,-16.32342197117513,-0.007208125803029996
to0,2,0,-16.32342197117513,-0.007208125803029996
toh,2,0,-16.32342197117513,-0.007208125803029996
tolerate,2,0,-16.32342197117513,-0.007208125803029996
touring,2,0,-16.32342197117513,-0.007208125803029996
tq,2,0,-16.32342197117513,-0.007208125803029996
transferred,2,0,-16.32342197117513,-0.007208125803029996
treatd,2,0,-16.32342197117513,-0.007208125803029996
tri,2,0,-16.32342197117513,-0.007208125803029996
tvs,2,0,-16.32342197117513,-0.007208125803029996
twisted,2,0,-16.32342197117513,-0.007208125803029996
tyroid,2,0,-16.32342197117513,-0.007208125803029996
ugly,2,0,-16.32342197117513,-0.007208125803029996
ulcerative,2,0,-16.32342197117513,-0.007208125803029996
ultranuron,2,0,-16.32342197117513,-0.007208125803029996
undrwent,2,0,-16.32342197117513,-0.007208125803029996
unresponsive,2,0,-16.32342197117513,-0.007208125803029996
upstairs,2,0,-16.32342197117513,-0.007208125803029996
upt,2,0,-16.32342197117513,-0.007208125803029996
utrus,2,0,-16.32342197117513,-0.007208125803029996
vasculitis,2,0,-16.32342197117513,-0.007208125803029996
vat,2,0,-16.32342197117513,-0.007208125803029996
vd,2,0,-16.32342197117513,-0.007208125803029996
vegina,2,0,-16.32342197117513,-0.007208125803029996
ventilators,2,0,-16.32342197117513,-0.007208125803029996
ventolin,2,0,-16.32342197117513,-0.007208125803029996
vil,2,0,-16.32342197117513,-0.007208125803029996
virgin,2,0,-16.32342197117513,-0.007208125803029996
virgina,2,0,-16.32342197117513,-0.007208125803029996
vission,2,0,-16.32342197117513,-0.007208125803029996
vist,2,0,-16.32342197117513,-0.007208125803029996
vitiligo,2,0,-16.32342197117513,-0.007208125803029996
voices,2,0,-16.32342197117513,-0.007208125803029996
vth,2,0,-16.32342197117513,-0.007208125803029996
wch,2,0,-16.32342197117513,-0.007208125803029996
wed,2,0,-16.32342197117513,-0.007208125803029996
wedding,2,0,-16.32342197117513,-0.007208125803029996
wenever,2,0,-16.32342197117513,-0.007208125803029996
wetting,2,0,-16.32342197117513,-0.007208125803029996
whethr,2,0,-16.32342197117513,-0.007208125803029996
whith,2,0,-16.32342197117513,-0.007208125803029996
wn,2,0,-16.32342197117513,-0.007208125803029996
wood,2,0,-16.32342197117513,-0.007208125803029996
wts,2,0,-16.32342197117513,-0.007208125803029996
wus,2,0,-16.32342197117513,-0.007208125803029996
ww,2,0,-16.32342197117513,-0.007208125803029996
www,2,0,-16.32342197117513,-0.007208125803029996
wwww,2,0,-16.32342197117513,-0.007208125803029996
xxxx,2,0,-16.32342197117513,-0.007208125803029996
ya,2,0,-16.32342197117513,-0.007208125803029996
ys,2,0,-16.32342197117513,-0.007208125803029996
yu,2,0,-16.32342197117513,-0.007208125803029996
zeptol,2,0,-16.32342197117513,-0.007208125803029996
zone,2,0,-16.32342197117513,-0.007208125803029996
10days,3,0,-16.323443393851072,-0.008828126695525637
18th,3,0,-16.323443393851072,-0.008828126695525637
18yrs,3,0,-16.323443393851072,-0.008828126695525637
1yr,3,0,-16.323443393851072,-0.008828126695525637
23rd,3,0,-16.323443393851072,-0.008828126695525637
2wrds,3,0,-16.323443393851072,-0.008828126695525637
3weeks,3,0,-16.323443393851072,-0.008828126695525637
4days,3,0,-16.323443393851072,-0.008828126695525637
4r,3,0,-16.323443393851072,-0.008828126695525637
5mnths,3,0,-16.323443393851072,-0.008828126695525637
6yrs,3,0,-16.323443393851072,-0.008828126695525637
7yrs,3,0,-16.323443393851072,-0.008828126695525637
abort,3,0,-16.323443393851072,-0.008828126695525637
ach,3,0,-16.323443393851072,-0.008828126695525637
affect,3,0,-16.323443393851072,-0.008828126695525637
agian,3,0,-16.323443393851072,-0.008828126695525637
ah,3,0,-16.323443393851072,-0.008828126695525637
alopecia,3,0,-16.323443393851072,-0.008828126695525637
ambrodil,3,0,-16.323443393851072,-0.008828126695525637
ant,3,0,-16.323443393851072,-0.008828126695525637
anythin,3,0,-16.323443393851072,-0.008828126695525637
anythn,3,0,-16.323443393851072,-0.008828126695525637
applied,3,0,-16.323443393851072,-0.008828126695525637
ashamed,3,0,-16.323443393851072,-0.008828126695525637
ass,3,0,-16.323443393851072,-0.008828126695525637
behave,3,0,-16.323443393851072,-0.008828126695525637
bettr,3,0,-16.323443393851072,-0.008828126695525637
bottle,3,0,-16.323443393851072,-0.008828126695525637
brought,3,0,-16.323443393851072,-0.008828126695525637
bz,3,0,-16.323443393851072,-0.008828126695525637
cam,3,0,-16.323443393851072,-0.008828126695525637
certainly,3,0,-16.323443393851072,-0.008828126695525637
chek,3,0,-16.323443393851072,-0.008828126695525637
chennai,3,0,-16.323443393851072,-0.008828126695525637
childs,3,0,-16.323443393851072,-0.008828126695525637
chngd,3,0,-16.323443393851072,-0.008828126695525637
closed,3,0,-16.323443393851072,-0.008828126695525637
conceived,3,0,-16.323443393851072,-0.008828126695525637
concive,3,0,-16.323443393851072,-0.008828126695525637
confidence,3,0,-16.323443393851072,-0.008828126695525637
crocin,3,0,-16.323443393851072,-0.008828126695525637
daz,3,0,-16.323443393851072,-0.008828126695525637
delay,3,0,-16.323443393851072,-0.008828126695525637
density,3,0,-16.323443393851072,-0.008828126695525637
dick,3,0,-16.323443393851072,-0.008828126695525637
din,3,0,-16.323443393851072,-0.008828126695525637
donot,3,0,-16.323443393851072,-0.008828126695525637
dress,3,0,-16.323443393851072,-0.008828126695525637
dt,3,0,-16.323443393851072,-0.008828126695525637
dun,3,0,-16.323443393851072,-0.008828126695525637
durin,3,0,-16.323443393851072,-0.008828126695525637
dynaper,3,0,-16.323443393851072,-0.008828126695525637
everythng,3,0,-16.323443393851072,-0.008828126695525637
evry,3,0,-16.323443393851072,-0.008828126695525637
fel,3,0,-16.323443393851072,-0.008828126695525637
fertility,3,0,-16.323443393851072,-0.008828126695525637
feverish,3,0,-16.323443393851072,-0.008828126695525637
fm,3,0,-16.323443393851072,-0.008828126695525637
forever,3,0,-16.323443393851072,-0.008828126695525637
fri,3,0,-16.323443393851072,-0.008828126695525637
frnd,3,0,-16.323443393851072,-0.008828126695525637
frnds,3,0,-16.323443393851072,-0.008828126695525637
gettng,3,0,-16.323443393851072,-0.008828126695525637
glipizide,3,0,-16.323443393851072,-0.008828126695525637
glow,3,0,-16.323443393851072,-0.008828126695525637
granddaughter,3,0,-16.323443393851072,-0.008828126695525637
gyno,3,0,-16.323443393851072,-0.008828126695525637
habbit,3,0,-16.323443393851072,-0.008828126695525637
hairfall,3,0,-16.323443393851072,-0.008828126695525637
handpractice,3,0,-16.323443393851072,-0.008828126695525637
hardness,3,0,-16.323443393851072,-0.008828126695525637
hell,3,0,-16.323443393851072,-0.008828126695525637
hers,3,0,-16.323443393851072,-0.008828126695525637
hiii,3,0,-16.323443393851072,-0.008828126695525637
hlo,3,0,-16.323443393851072,-0.008828126695525637
hsbnd,3,0,-16.323443393851072,-0.008828126695525637
hu,3,0,-16.323443393851072,-0.008828126695525637
hurtin,3,0,-16.323443393851072,-0.008828126695525637
hving,3,0,-16.323443393851072,-0.008828126695525637
immediatly,3,0,-16.323443393851072,-0.008828126695525637
iwas,3,0,-16.323443393851072,-0.008828126695525637
janumet,3,0,-16.323443393851072,-0.008828126695525637
jul,3,0,-16.323443393851072,-0.008828126695525637
jyada,3,0,-16.323443393851072,-0.008828126695525637
karnataka,3,0,-16.323443393851072,-0.008828126695525637
kk,3,0,-16.323443393851072,-0.008828126695525637
kuwait,3,0,-16.323443393851072,-0.008828126695525637
latr,3,0,-16.323443393851072,-0.008828126695525637
lays,3,0,-16.323443393851072,-0.008828126695525637
limp,3,0,-16.323443393851072,-0.008828126695525637
litle,3,0,-16.323443393851072,-0.008828126695525637
lst,3,0,-16.323443393851072,-0.008828126695525637
mastrubation,3,0,-16.323443393851072,-0.008828126695525637
medicns,3,0,-16.323443393851072,-0.008828126695525637
messing,3,0,-16.323443393851072,-0.008828126695525637
mon,3,0,-16.323443393851072,-0.008828126695525637
morn,3,0,-16.323443393851072,-0.008828126695525637
movies,3,0,-16.323443393851072,-0.008828126695525637
mt,3,0,-16.323443393851072,-0.008828126695525637
neighbour,3,0,-16.323443393851072,-0.008828126695525637
neva,3,0,-16.323443393851072,-0.008828126695525637
ob,3,0,-16.323443393851072,-0.008828126695525637
olso,3,0,-16.323443393851072,-0.008828126695525637
om,3,0,-16.323443393851072,-0.008828126695525637
orgasm,3,0,-16.323443393851072,-0.008828126695525637
othr,3,0,-16.323443393851072,-0.008828126695525637
overy,3,0,-16.323443393851072,-0.008828126695525637
pblm,3,0,-16.323443393851072,-0.008828126695525637
pco,3,0,-16.323443393851072,-0.008828126695525637
pd,3,0,-16.323443393851072,-0.008828126695525637
poo,3,0,-16.323443393851072,-0.008828126695525637
pool,3,0,-16.323443393851072,-0.008828126695525637
pregant,3,0,-16.323443393851072,-0.008828126695525637
premature,3,0,-16.323443393851072,-0.008828126695525637
presure,3,0,-16.323443393851072,-0.008828126695525637
pro,3,0,-16.323443393851072,-0.008828126695525637
pyria,3,0,-16.323443393851072,-0.008828126695525637
pz,3,0,-16.323443393851072,-0.008828126695525637
request,3,0,-16.323443393851072,-0.008828126695525637
rezon,3,0,-16.323443393851072,-0.008828126695525637
ryt,3,0,-16.323443393851072,-0.008828126695525637
scold,3,0,-16.323443393851072,-0.008828126695525637
se,3,0,-16.323443393851072,-0.008828126695525637
sed,3,0,-16.323443393851072,-0.008828126695525637
shoul,3,0,-16.323443393851072,-0.008828126695525637
shunt,3,0,-16.323443393851072,-0.008828126695525637
shw,3,0,-16.323443393851072,-0.008828126695525637
silent,3,0,-16.323443393851072,-0.008828126695525637
sis,3,0,-16.323443393851072,-0.008828126695525637
somthing,3,0,-16.323443393851072,-0.008828126695525637
somtimes,3,0,-16.323443393851072,-0.008828126695525637
sope,3,0,-16.323443393851072,-0.008828126695525637
sprained,3,0,-16.323443393851072,-0.008828126695525637
stayd,3,0,-16.323443393851072,-0.008828126695525637
stays,3,0,-16.323443393851072,-0.008828126695525637
suicide,3,0,-16.323443393851072,-0.008828126695525637
tak,3,0,-16.323443393851072,-0.008828126695525637
takng,3,0,-16.323443393851072,-0.008828126695525637
te,3,0,-16.323443393851072,-0.008828126695525637
tells,3,0,-16.323443393851072,-0.008828126695525637
telme,3,0,-16.323443393851072,-0.008828126695525637
thanking,3,0,-16.323443393851072,-0.008828126695525637
thi,3,0,-16.323443393851072,-0.008828126695525637
thot,3,0,-16.323443393851072,-0.008828126695525637
thr,3,0,-16.323443393851072,-0.008828126695525637
throws,3,0,-16.323443393851072,-0.008828126695525637
thy,3,0,-16.323443393851072,-0.008828126695525637
tk,3,0,-16.323443393851072,-0.008828126695525637
tretment,3,0,-16.323443393851072,-0.008828126695525637
tryin,3,0,-16.323443393851072,-0.008828126695525637
ttc,3,0,-16.323443393851072,-0.008828126695525637
twist,3,0,-16.323443393851072,-0.008828126695525637
usd,3,0,-16.323443393851072,-0.008828126695525637
valporate,3,0,-16.323443393851072,-0.008828126695525637
vit,3,0,-16.323443393851072,-0.008828126695525637
wan,3,0,-16.323443393851072,-0.008828126695525637
wana,3,0,-16.323443393851072,-0.008828126695525637
watr,3,0,-16.323443393851072,-0.008828126695525637
wna,3,0,-16.323443393851072,-0.008828126695525637
wr,3,0,-16.323443393851072,-0.008828126695525637
yestrday,3,0,-16.323443393851072,-0.008828126695525637
yrz,3,0,-16.323443393851072,-0.008828126695525637
1month,4,0,-16.32346481698596,-0.010193856026757523
25th,4,0,-16.32346481698596,-0.010193856026757523
28th,4,0,-16.32346481698596,-0.010193856026757523
2weeks,4,0,-16.32346481698596,-0.010193856026757523
2years,4,0,-16.32346481698596,-0.010193856026757523
50mg,4,0,-16.32346481698596,-0.010193856026757523
braces,4,0,-16.32346481698596,-0.010193856026757523
cme,4,0,-16.32346481698596,-0.010193856026757523
conceiving,4,0,-16.32346481698596,-0.010193856026757523
dn,4,0,-16.32346481698596,-0.010193856026757523
drilling,4,0,-16.32346481698596,-0.010193856026757523
em,4,0,-16.32346481698596,-0.010193856026757523
eys,4,0,-16.32346481698596,-0.010193856026757523
femilon,4,0,-16.32346481698596,-0.010193856026757523
fiance,4,0,-16.32346481698596,-0.010193856026757523
folvite,4,0,-16.32346481698596,-0.010193856026757523
gd,4,0,-16.32346481698596,-0.010193856026757523
gve,4,0,-16.32346481698596,-0.010193856026757523
hie,4,0,-16.32346481698596,-0.010193856026757523
hpt,4,0,-16.32346481698596,-0.010193856026757523
husb,4,0,-16.32346481698596,-0.010193856026757523
hvng,4,0,-16.32346481698596,-0.010193856026757523
iz,4,0,-16.32346481698596,-0.010193856026757523
leakage,4,0,-16.32346481698596,-0.010193856026757523
length,4,0,-16.32346481698596,-0.010193856026757523
lite,4,0,-16.32346481698596,-0.010193856026757523
masterbating,4,0,-16.32346481698596,-0.010193856026757523
neem,4,0,-16.32346481698596,-0.010193856026757523
norml,4,0,-16.32346481698596,-0.010193856026757523
nothin,4,0,-16.32346481698596,-0.010193856026757523
oralcon,4,0,-16.32346481698596,-0.010193856026757523
saliva,4,0,-16.32346481698596,-0.010193856026757523
snoring,4,0,-16.32346481698596,-0.010193856026757523
sodium,4,0,-16.32346481698596,-0.010193856026757523
spray,4,0,-16.32346481698596,-0.010193856026757523
stopd,4,0,-16.32346481698596,-0.010193856026757523
sufering,4,0,-16.32346481698596,-0.010193856026757523
sufferng,4,0,-16.32346481698596,-0.010193856026757523
sumtimes,4,0,-16.32346481698596,-0.010193856026757523
thanx,4,0,-16.32346481698596,-0.010193856026757523
thnx,4,0,-16.32346481698596,-0.010193856026757523
thts,4,0,-16.32346481698596,-0.010193856026757523
tuh,4,0,-16.32346481698596,-0.010193856026757523
tyms,4,0,-16.32346481698596,-0.010193856026757523
veezing,4,0,-16.32346481698596,-0.010193856026757523
wasn,4,0,-16.32346481698596,-0.010193856026757523
wd,4,0,-16.32346481698596,-0.010193856026757523
widout,4,0,-16.32346481698596,-0.010193856026757523
wiped,4,0,-16.32346481698596,-0.010193856026757523
yers,4,0,-16.32346481698596,-0.010193856026757523
12th,5,0,-16.32348624057981,-0.011397092472336216
3yrs,5,0,-16.32348624057981,-0.011397092472336216
askd,5,0,-16.32348624057981,-0.011397092472336216
asking,5,0,-16.32348624057981,-0.011397092472336216
culd,5,0,-16.32348624057981,-0.011397092472336216
cz,5,0,-16.32348624057981,-0.011397092472336216
dys,5,0,-16.32348624057981,-0.011397092472336216
feelin,5,0,-16.32348624057981,-0.011397092472336216
fingered,5,0,-16.32348624057981,-0.011397092472336216
hairs,5,0,-16.32348624057981,-0.011397092472336216
havng,5,0,-16.32348624057981,-0.011397092472336216
hb,5,0,-16.32348624057981,-0.011397092472336216
helo,5,0,-16.32348624057981,-0.011397092472336216
hlp,5,0,-16.32348624057981,-0.011397092472336216
incress,5,0,-16.32348624057981,-0.011397092472336216
krti,5,0,-16.32348624057981,-0.011397092472336216
liquid,5,0,-16.32348624057981,-0.011397092472336216
lke,5,0,-16.32348624057981,-0.011397092472336216
mrng,5,0,-16.32348624057981,-0.011397092472336216
nan,5,0,-16.32348624057981,-0.011397092472336216
nxt,5,0,-16.32348624057981,-0.011397092472336216
ov,5,0,-16.32348624057981,-0.011397092472336216
poping,5,0,-16.32348624057981,-0.011397092472336216
shampoo,5,0,-16.32348624057981,-0.011397092472336216
shd,5,0,-16.32348624057981,-0.011397092472336216
shld,5,0,-16.32348624057981,-0.011397092472336216
stamina,5,0,-16.32348624057981,-0.011397092472336216
system,5,0,-16.32348624057981,-0.011397092472336216
teeths,5,0,-16.32348624057981,-0.011397092472336216
thng,5,0,-16.32348624057981,-0.011397092472336216
treatmnt,5,0,-16.32348624057981,-0.011397092472336216
whch,5,0,-16.32348624057981,-0.011397092472336216
wot,5,0,-16.32348624057981,-0.011397092472336216
agen,6,0,-16.32350766463264,-0.012484905660159001
bcz,6,0,-16.32350766463264,-0.012484905660159001
bn,6,0,-16.32350766463264,-0.012484905660159001
darker,6,0,-16.32350766463264,-0.012484905660159001
evrythng,6,0,-16.32350766463264,-0.012484905660159001
gvn,6,0,-16.32350766463264,-0.012484905660159001
hs,6,0,-16.32350766463264,-0.012484905660159001
lv,6,0,-16.32350766463264,-0.012484905660159001
madam,6,0,-16.32350766463264,-0.012484905660159001
met,6,0,-16.32350766463264,-0.012484905660159001
mumbai,6,0,-16.32350766463264,-0.012484905660159001
ppl,6,0,-16.32350766463264,-0.012484905660159001
precum,6,0,-16.32350766463264,-0.012484905660159001
shuld,6,0,-16.32350766463264,-0.012484905660159001
soo,6,0,-16.32350766463264,-0.012484905660159001
takin,6,0,-16.32350766463264,-0.012484905660159001
tis,6,0,-16.32350766463264,-0.012484905660159001
wth,6,0,-16.32350766463264,-0.012484905660159001
6months,7,0,-16.323529089144465,-0.0134852570705632
b4,7,0,-16.323529089144465,-0.0134852570705632
bf,7,0,-16.323529089144465,-0.0134852570705632
coz,7,0,-16.323529089144465,-0.0134852570705632
gyn,7,0,-16.323529089144465,-0.0134852570705632
hubby,7,0,-16.323529089144465,-0.0134852570705632
igg,7,0,-16.323529089144465,-0.0134852570705632
mah,7,0,-16.323529089144465,-0.0134852570705632
man,7,0,-16.323529089144465,-0.0134852570705632
phone,7,0,-16.323529089144465,-0.0134852570705632
rite,7,0,-16.323529089144465,-0.0134852570705632
sufferin,7,0,-16.323529089144465,-0.0134852570705632
thnk,7,0,-16.323529089144465,-0.0134852570705632
wer,7,0,-16.323529089144465,-0.0134852570705632
wud,7,0,-16.323529089144465,-0.0134852570705632
cuz,8,0,-16.323550514115315,-0.014416365130501813
kno,8,0,-16.323550514115315,-0.014416365130501813
parent,8,0,-16.323550514115315,-0.014416365130501813
prblm,8,0,-16.323550514115315,-0.014416365130501813
problm,8,0,-16.323550514115315,-0.014416365130501813
2days,9,0,-16.323571939545204,-0.01529088438573923
acne,9,0,-16.323571939545204,-0.01529088438573923
gv,9,0,-16.323571939545204,-0.01529088438573923
hd,9,0,-16.323571939545204,-0.01529088438573923
lyk,9,0,-16.323571939545204,-0.01529088438573923
ny,9,0,-16.323571939545204,-0.01529088438573923
wnt,9,0,-16.323571939545204,-0.01529088438573923
4m,10,0,-16.32359336543415,-0.016118028521817207
bak,10,0,-16.32359336543415,-0.016118028521817207
bcoz,10,0,-16.32359336543415,-0.016118028521817207
dey,10,0,-16.32359336543415,-0.016118028521817207
nite,10,0,-16.32359336543415,-0.016118028521817207
sm,11,0,-16.323614791782177,-0.016904753117889925
ths,11,0,-16.323614791782177,-0.016904753117889925
waz,11,0,-16.323614791782177,-0.016904753117889925
cnt,12,0,-16.3236362185893,-0.01765646195993935
evn,12,0,-16.3236362185893,-0.01765646195993935
gettin,13,0,-16.32365764585554,-0.018377452389618503
sum,13,0,-16.32365764585554,-0.018377452389618503
preg,14,0,-16.323679073580927,-0.019071208670432816
sme,14,0,-16.323679073580927,-0.019071208670432816
vry,14,0,-16.323679073580927,-0.019071208670432816
der,15,0,-16.32370050176546,-0.019740602331310197
mnth,15,0,-16.32370050176546,-0.019740602331310197
plzz,15,0,-16.32370050176546,-0.019740602331310197
whn,15,0,-16.32370050176546,-0.019740602331310197
hw,16,0,-16.32372193040917,-0.020388033183526125
jst,17,0,-16.323743359512083,-0.021015531166847658
jus,17,0,-16.323743359512083,-0.021015531166847658
pcod,18,0,-16.323764789074207,-0.02162483155550888
havin,20,0,-16.323807649576192,-0.02279463376154883
shud,21,0,-16.323829080516084,-0.02335757965355302
asked,16,19,-0.008089859480973516,-0.023842060774547626
negative,16,19,-0.008089859480973516,-0.023842060774547626
z,22,0,-16.323850511915275,-0.02390727635442467
cn,23,0,-16.323871943773778,-0.02444461770149155
den,24,0,-16.32389337609162,-0.024970401337032096
aftr,25,0,-16.323914808868807,-0.025485342606538175
wit,27,0,-16.32395767580134,-0.026485214496224062
da,30,0,-16.324021979645774,-0.027917977350328357
tht,31,0,-16.324043415179503,-0.02837950005109679
wid,32,0,-16.32406485117273,-0.028833638748506196
dose,11,13,-0.012886286230191502,-0.031455038021508966
given,11,13,-0.012886286230191502,-0.031455038021508966
ma,39,0,-16.32421491599272,-0.031831767913862864
wen,43,0,-16.324300677430294,-0.03342450356027911
fr,47,0,-16.324386446223517,-0.03494475086580806
dis,58,0,-16.324622348342793,-0.03881979988559884
dnt,59,0,-16.32464379674975,-0.03915307460575545
much,48,57,-0.008095388289893535,-0.041323883088696146
pimples,6,7,-0.02578994389709166,-0.04635572835987767
planning,6,7,-0.02578994389709166,-0.04635572835987767
dat,87,0,-16.32524453899464,-0.04754616290623483
nw,93,0,-16.32537331644182,-0.049158740562371905
like,148,176,-0.006686762969481563,-0.05995572489724137
end,7,8,-0.04641275526182298,-0.08967797179845469
growth,7,8,-0.04641275526182298,-0.08967797179845469
paining,7,8,-0.04641275526182298,-0.08967797179845469
28,13,15,-0.03684657985992601,-0.09723788749235932
home,30,35,-0.02580304175718684,-0.10370720248410875
know,80,94,-0.0187009560944702,-0.12294139866605701
suggested,14,16,-0.0464195578675497,-0.1268423922229049
0000,1,1,-0.17994084887148531,-0.1272374068547859
06,1,1,-0.17994084887148531,-0.1272374068547859
10am,1,1,-0.17994084887148531,-0.1272374068547859
10mm,1,1,-0.17994084887148531,-0.1272374068547859
145,1,1,-0.17994084887148531,-0.1272374068547859
146,1,1,-0.17994084887148531,-0.1272374068547859
18years,1,1,-0.17994084887148531,-0.1272374068547859
190,1,1,-0.17994084887148531,-0.1272374068547859
19yrs,1,1,-0.17994084887148531,-0.1272374068547859
1am,1,1,-0.17994084887148531,-0.1272374068547859
1g,1,1,-0.17994084887148531,-0.1272374068547859
1gm,1,1,-0.17994084887148531,-0.1272374068547859
2001,1,1,-0.17994084887148531,-0.1272374068547859
2005,1,1,-0.17994084887148531,-0.1272374068547859
21days,1,1,-0.17994084887148531,-0.1272374068547859
21st,1,1,-0.17994084887148531,-0.1272374068547859
22yrs,1,1,-0.17994084887148531,-0.1272374068547859
2hrs,1,1,-0.17994084887148531,-0.1272374068547859
3hrs,1,1,-0.17994084887148531,-0.1272374068547859
3times,1,1,-0.17994084887148531,-0.1272374068547859
47,1,1,-0.17994084887148531,-0.1272374068547859
4ml,1,1,-0.17994084887148531,-0.1272374068547859
5mm,1,1,-0.17994084887148531,-0.1272374068547859
60kg,1,1,-0.17994084887148531,-0.1272374068547859
6tabs,1,1,-0.17994084887148531,-0.1272374068547859
79,1,1,-0.17994084887148531,-0.1272374068547859
84,1,1,-0.17994084887148531,-0.1272374068547859
98,1,1,-0.17994084887148531,-0.1272374068547859
absolutely,1,1,-0.17994084887148531,-0.1272374068547859
accompanied,1,1,-0.17994084887148531,-0.1272374068547859
addicted,1,1,-0.17994084887148531,-0.1272374068547859
african,1,1,-0.17994084887148531,-0.1272374068547859
allegy,1,1,-0.17994084887148531,-0.1272374068547859
alresdy,1,1,-0.17994084887148531,-0.1272374068547859
anger,1,1,-0.17994084887148531,-0.1272374068547859
antihypertensive,1,1,-0.17994084887148531,-0.1272374068547859
anybody,1,1,-0.17994084887148531,-0.1272374068547859
ap,1,1,-0.17994084887148531,-0.1272374068547859
appendix,1,1,-0.17994084887148531,-0.1272374068547859
apple,1,1,-0.17994084887148531,-0.1272374068547859
arrived,1,1,-0.17994084887148531,-0.1272374068547859
aslo,1,1,-0.17994084887148531,-0.1272374068547859
attempt,1,1,-0.17994084887148531,-0.1272374068547859
augmentin,1,1,-0.17994084887148531,-0.1272374068547859
av,1,1,-0.17994084887148531,-0.1272374068547859
avail,1,1,-0.17994084887148531,-0.1272374068547859
aware,1,1,-0.17994084887148531,-0.1272374068547859
awesome,1,1,-0.17994084887148531,-0.1272374068547859
ayurved,1,1,-0.17994084887148531,-0.1272374068547859
backache,1,1,-0.17994084887148531,-0.1272374068547859
bag,1,1,-0.17994084887148531,-0.1272374068547859
basically,1,1,-0.17994084887148531,-0.1272374068547859
baths,1,1,-0.17994084887148531,-0.1272374068547859
bedside,1,1,-0.17994084887148531,-0.1272374068547859
beside,1,1,-0.17994084887148531,-0.1272374068547859
bid,1,1,-0.17994084887148531,-0.1272374068547859
bill,1,1,-0.17994084887148531,-0.1272374068547859
birthday,1,1,-0.17994084887148531,-0.1272374068547859
blame,1,1,-0.17994084887148531,-0.1272374068547859
blockage,1,1,-0.17994084887148531,-0.1272374068547859
boys,1,1,-0.17994084887148531,-0.1272374068547859
breaking,1,1,-0.17994084887148531,-0.1272374068547859
breaks,1,1,-0.17994084887148531,-0.1272374068547859
bronchial,1,1,-0.17994084887148531,-0.1272374068547859
bubble,1,1,-0.17994084887148531,-0.1272374068547859
bumped,1,1,-0.17994084887148531,-0.1272374068547859
bumping,1,1,-0.17994084887148531,-0.1272374068547859
bus,1,1,-0.17994084887148531,-0.1272374068547859
ca,1,1,-0.17994084887148531,-0.1272374068547859
caps,1,1,-0.17994084887148531,-0.1272374068547859
card,1,1,-0.17994084887148531,-0.1272374068547859
cardiac,1,1,-0.17994084887148531,-0.1272374068547859
carnt,1,1,-0.17994084887148531,-0.1272374068547859
cash,1,1,-0.17994084887148531,-0.1272374068547859
catch,1,1,-0.17994084887148531,-0.1272374068547859
ceserian,1,1,-0.17994084887148531,-0.1272374068547859
chair,1,1,-0.17994084887148531,-0.1272374068547859
changing,1,1,-0.17994084887148531,-0.1272374068547859
chipped,1,1,-0.17994084887148531,-0.1272374068547859
circumcision,1,1,-0.17994084887148531,-0.1272374068547859
claims,1,1,-0.17994084887148531,-0.1272374068547859
clearing,1,1,-0.17994084887148531,-0.1272374068547859
cloth,1,1,-0.17994084887148531,-0.1272374068547859
cmv,1,1,-0.17994084887148531,-0.1272374068547859
comments,1,1,-0.17994084887148531,-0.1272374068547859
complication,1,1,-0.17994084887148531,-0.1272374068547859
confusion,1,1,-0.17994084887148531,-0.1272374068547859
conscious,1,1,-0.17994084887148531,-0.1272374068547859
consistent,1,1,-0.17994084887148531,-0.1272374068547859
consumed,1,1,-0.17994084887148531,-0.1272374068547859
continuous,1,1,-0.17994084887148531,-0.1272374068547859
convulsing,1,1,-0.17994084887148531,-0.1272374068547859
cooked,1,1,-0.17994084887148531,-0.1272374068547859
cortisol,1,1,-0.17994084887148531,-0.1272374068547859
cracked,1,1,-0.17994084887148531,-0.1272374068547859
cracks,1,1,-0.17994084887148531,-0.1272374068547859
cures,1,1,-0.17994084887148531,-0.1272374068547859
daughters,1,1,-0.17994084887148531,-0.1272374068547859
daugther,1,1,-0.17994084887148531,-0.1272374068547859
details,1,1,-0.17994084887148531,-0.1272374068547859
diminished,1,1,-0.17994084887148531,-0.1272374068547859
dirt,1,1,-0.17994084887148531,-0.1272374068547859
disks,1,1,-0.17994084887148531,-0.1272374068547859
doctori,1,1,-0.17994084887148531,-0.1272374068547859
door,1,1,-0.17994084887148531,-0.1272374068547859
dosent,1,1,-0.17994084887148531,-0.1272374068547859
dried,1,1,-0.17994084887148531,-0.1272374068547859
dubai,1,1,-0.17994084887148531,-0.1272374068547859
duty,1,1,-0.17994084887148531,-0.1272374068547859
ed,1,1,-0.17994084887148531,-0.1272374068547859
ejaculating,1,1,-0.17994084887148531,-0.1272374068547859
embarassed,1,1,-0.17994084887148531,-0.1272374068547859
eve,1,1,-0.17994084887148531,-0.1272374068547859
evenings,1,1,-0.17994084887148531,-0.1272374068547859
evion,1,1,-0.17994084887148531,-0.1272374068547859
examination,1,1,-0.17994084887148531,-0.1272374068547859
exert,1,1,-0.17994084887148531,-0.1272374068547859
experincing,1,1,-0.17994084887148531,-0.1272374068547859
expert,1,1,-0.17994084887148531,-0.1272374068547859
facewash,1,1,-0.17994084887148531,-0.1272374068547859
falls,1,1,-0.17994084887148531,-0.1272374068547859
fells,1,1,-0.17994084887148531,-0.1272374068547859
fiancee,1,1,-0.17994084887148531,-0.1272374068547859
fifth,1,1,-0.17994084887148531,-0.1272374068547859
final,1,1,-0.17994084887148531,-0.1272374068547859
fluctuates,1,1,-0.17994084887148531,-0.1272374068547859
follows,1,1,-0.17994084887148531,-0.1272374068547859
foots,1,1,-0.17994084887148531,-0.1272374068547859
foreign,1,1,-0.17994084887148531,-0.1272374068547859
fortnight,1,1,-0.17994084887148531,-0.1272374068547859
forward,1,1,-0.17994084887148531,-0.1272374068547859
foul,1,1,-0.17994084887148531,-0.1272374068547859
fro,1,1,-0.17994084887148531,-0.1272374068547859
frustrating,1,1,-0.17994084887148531,-0.1272374068547859
fullness,1,1,-0.17994084887148531,-0.1272374068547859
fully,1,1,-0.17994084887148531,-0.1272374068547859
fumes,1,1,-0.17994084887148531,-0.1272374068547859
fussy,1,1,-0.17994084887148531,-0.1272374068547859
gain,1,1,-0.17994084887148531,-0.1272374068547859
gaining,1,1,-0.17994084887148531,-0.1272374068547859
genitals,1,1,-0.17994084887148531,-0.1272374068547859
gold,1,1,-0.17994084887148531,-0.1272374068547859
gona,1,1,-0.17994084887148531,-0.1272374068547859
govt,1,1,-0.17994084887148531,-0.1272374068547859
grew,1,1,-0.17994084887148531,-0.1272374068547859
gynic,1,1,-0.17994084887148531,-0.1272374068547859
hadnt,1,1,-0.17994084887148531,-0.1272374068547859
hanging,1,1,-0.17994084887148531,-0.1272374068547859
hayfever,1,1,-0.17994084887148531,-0.1272374068547859
hbp,1,1,-0.17994084887148531,-0.1272374068547859
hbsag,1,1,-0.17994084887148531,-0.1272374068547859
healed,1,1,-0.17994084887148531,-0.1272374068547859
heartbeat,1,1,-0.17994084887148531,-0.1272374068547859
heels,1,1,-0.17994084887148531,-0.1272374068547859
hematology,1,1,-0.17994084887148531,-0.1272374068547859
homeo,1,1,-0.17994084887148531,-0.1272374068547859
honest,1,1,-0.17994084887148531,-0.1272374068547859
hoping,1,1,-0.17994084887148531,-0.1272374068547859
hormones,1,1,-0.17994084887148531,-0.1272374068547859
hospitalised,1,1,-0.17994084887148531,-0.1272374068547859
hospitals,1,1,-0.17994084887148531,-0.1272374068547859
hypothyroid,1,1,-0.17994084887148531,-0.1272374068547859
ibs,1,1,-0.17994084887148531,-0.1272374068547859
idont,1,1,-0.17994084887148531,-0.1272374068547859
ignored,1,1,-0.17994084887148531,-0.1272374068547859
immunity,1,1,-0.17994084887148531,-0.1272374068547859
incase,1,1,-0.17994084887148531,-0.1272374068547859
incident,1,1,-0.17994084887148531,-0.1272374068547859
inflammatory,1,1,-0.17994084887148531,-0.1272374068547859
informed,1,1,-0.17994084887148531,-0.1272374068547859
initially,1,1,-0.17994084887148531,-0.1272374068547859
inr,1,1,-0.17994084887148531,-0.1272374068547859
internet,1,1,-0.17994084887148531,-0.1272374068547859
intestines,1,1,-0.17994084887148531,-0.1272374068547859
intubated,1,1,-0.17994084887148531,-0.1272374068547859
ir,1,1,-0.17994084887148531,-0.1272374068547859
irritating,1,1,-0.17994084887148531,-0.1272374068547859
jewellery,1,1,-0.17994084887148531,-0.1272374068547859
kinds,1,1,-0.17994084887148531,-0.1272374068547859
kinked,1,1,-0.17994084887148531,-0.1272374068547859
kit,1,1,-0.17994084887148531,-0.1272374068547859
knew,1,1,-0.17994084887148531,-0.1272374068547859
laser,1,1,-0.17994084887148531,-0.1272374068547859
lastnight,1,1,-0.17994084887148531,-0.1272374068547859
laughing,1,1,-0.17994084887148531,-0.1272374068547859
leftside,1,1,-0.17994084887148531,-0.1272374068547859
lesser,1,1,-0.17994084887148531,-0.1272374068547859
located,1,1,-0.17994084887148531,-0.1272374068547859
lock,1,1,-0.17994084887148531,-0.1272374068547859
lunch,1,1,-0.17994084887148531,-0.1272374068547859
ly,1,1,-0.17994084887148531,-0.1272374068547859
marble,1,1,-0.17994084887148531,-0.1272374068547859
marred,1,1,-0.17994084887148531,-0.1272374068547859
marry,1,1,-0.17994084887148531,-0.1272374068547859
masterbate,1,1,-0.17994084887148531,-0.1272374068547859
migraines,1,1,-0.17994084887148531,-0.1272374068547859
mmr,1,1,-0.17994084887148531,-0.1272374068547859
mole,1,1,-0.17994084887148531,-0.1272374068547859
moments,1,1,-0.17994084887148531,-0.1272374068547859
moring,1,1,-0.17994084887148531,-0.1272374068547859
mothers,1,1,-0.17994084887148531,-0.1272374068547859
msa,1,1,-0.17994084887148531,-0.1272374068547859
murmur,1,1,-0.17994084887148531,-0.1272374068547859
na,1,1,-0.17994084887148531,-0.1272374068547859
needle,1,1,-0.17994084887148531,-0.1272374068547859
nipple,1,1,-0.17994084887148531,-0.1272374068547859
nonprogressive,1,1,-0.17994084887148531,-0.1272374068547859
nordette,1,1,-0.17994084887148531,-0.1272374068547859
norethisterone,1,1,-0.17994084887148531,-0.1272374068547859
norflox,1,1,-0.17994084887148531,-0.1272374068547859
novelon,1,1,-0.17994084887148531,-0.1272374068547859
nowadays,1,1,-0.17994084887148531,-0.1272374068547859
observed,1,1,-0.17994084887148531,-0.1272374068547859
opposite,1,1,-0.17994084887148531,-0.1272374068547859
organs,1,1,-0.17994084887148531,-0.1272374068547859
original,1,1,-0.17994084887148531,-0.1272374068547859
overall,1,1,-0.17994084887148531,-0.1272374068547859
ovr,1,1,-0.17994084887148531,-0.1272374068547859
pads,1,1,-0.17994084887148531,-0.1272374068547859
palms,1,1,-0.17994084887148531,-0.1272374068547859
palpitation,1,1,-0.17994084887148531,-0.1272374068547859
pantodac,1,1,-0.17994084887148531,-0.1272374068547859
pap,1,1,-0.17994084887148531,-0.1272374068547859
parkinsons,1,1,-0.17994084887148531,-0.1272374068547859
passing,1,1,-0.17994084887148531,-0.1272374068547859
path,1,1,-0.17994084887148531,-0.1272374068547859
peeing,1,1,-0.17994084887148531,-0.1272374068547859
periodically,1,1,-0.17994084887148531,-0.1272374068547859
physican,1,1,-0.17994084887148531,-0.1272374068547859
picking,1,1,-0.17994084887148531,-0.1272374068547859
plate,1,1,-0.17994084887148531,-0.1272374068547859
plays,1,1,-0.17994084887148531,-0.1272374068547859
poking,1,1,-0.17994084887148531,-0.1272374068547859
polycystic,1,1,-0.17994084887148531,-0.1272374068547859
powder,1,1,-0.17994084887148531,-0.1272374068547859
powerful,1,1,-0.17994084887148531,-0.1272374068547859
precaution,1,1,-0.17994084887148531,-0.1272374068547859
prefer,1,1,-0.17994084887148531,-0.1272374068547859
presence,1,1,-0.17994084887148531,-0.1272374068547859
presently,1,1,-0.17994084887148531,-0.1272374068547859
pressed,1,1,-0.17994084887148531,-0.1272374068547859
primolut,1,1,-0.17994084887148531,-0.1272374068547859
priya,1,1,-0.17994084887148531,-0.1272374068547859
product,1,1,-0.17994084887148531,-0.1272374068547859
progesterone,1,1,-0.17994084887148531,-0.1272374068547859
progress,1,1,-0.17994084887148531,-0.1272374068547859
property,1,1,-0.17994084887148531,-0.1272374068547859
purpose,1,1,-0.17994084887148531,-0.1272374068547859
pushing,1,1,-0.17994084887148531,-0.1272374068547859
qualified,1,1,-0.17994084887148531,-0.1272374068547859
ra,1,1,-0.17994084887148531,-0.1272374068547859
raghav,1,1,-0.17994084887148531,-0.1272374068547859
randomly,1,1,-0.17994084887148531,-0.1272374068547859
rbc,1,1,-0.17994084887148531,-0.1272374068547859
reached,1,1,-0.17994084887148531,-0.1272374068547859
realised,1,1,-0.17994084887148531,-0.1272374068547859
realize,1,1,-0.17994084887148531,-0.1272374068547859
recomend,1,1,-0.17994084887148531,-0.1272374068547859
recovery,1,1,-0.17994084887148531,-0.1272374068547859
regularity,1,1,-0.17994084887148531,-0.1272374068547859
regulate,1,1,-0.17994084887148531,-0.1272374068547859
repeating,1,1,-0.17994084887148531,-0.1272374068547859
requires,1,1,-0.17994084887148531,-0.1272374068547859
respected,1,1,-0.17994084887148531,-0.1272374068547859
respond,1,1,-0.17994084887148531,-0.1272374068547859
ride,1,1,-0.17994084887148531,-0.1272374068547859
ringing,1,1,-0.17994084887148531,-0.1272374068547859
riyadh,1,1,-0.17994084887148531,-0.1272374068547859
roots,1,1,-0.17994084887148531,-0.1272374068547859
rough,1,1,-0.17994084887148531,-0.1272374068547859
scapula,1,1,-0.17994084887148531,-0.1272374068547859
scratches,1,1,-0.17994084887148531,-0.1272374068547859
sec,1,1,-0.17994084887148531,-0.1272374068547859
secondly,1,1,-0.17994084887148531,-0.1272374068547859
section,1,1,-0.17994084887148531,-0.1272374068547859
seeking,1,1,-0.17994084887148531,-0.1272374068547859
seriously,1,1,-0.17994084887148531,-0.1272374068547859
shadow,1,1,-0.17994084887148531,-0.1272374068547859
sheets,1,1,-0.17994084887148531,-0.1272374068547859
shirt,1,1,-0.17994084887148531,-0.1272374068547859
shown,1,1,-0.17994084887148531,-0.1272374068547859
sideways,1,1,-0.17994084887148531,-0.1272374068547859
sight,1,1,-0.17994084887148531,-0.1272374068547859
singh,1,1,-0.17994084887148531,-0.1272374068547859
sinusitis,1,1,-0.17994084887148531,-0.1272374068547859
smoker,1,1,-0.17994084887148531,-0.1272374068547859
sneezed,1,1,-0.17994084887148531,-0.1272374068547859
somewhere,1,1,-0.17994084887148531,-0.1272374068547859
speaking,1,1,-0.17994084887148531,-0.1272374068547859
spurt,1,1,-0.17994084887148531,-0.1272374068547859
sputum,1,1,-0.17994084887148531,-0.1272374068547859
squishy,1,1,-0.17994084887148531,-0.1272374068547859
staph,1,1,-0.17994084887148531,-0.1272374068547859
stayed,1,1,-0.17994084887148531,-0.1272374068547859
sticking,1,1,-0.17994084887148531,-0.1272374068547859
sticks,1,1,-0.17994084887148531,-0.1272374068547859
stiil,1,1,-0.17994084887148531,-0.1272374068547859
street,1,1,-0.17994084887148531,-0.1272374068547859
stuffy,1,1,-0.17994084887148531,-0.1272374068547859
subject,1,1,-0.17994084887148531,-0.1272374068547859
sucess,1,1,-0.17994084887148531,-0.1272374068547859
sufferinf,1,1,-0.17994084887148531,-0.1272374068547859
sunscreen,1,1,-0.17994084887148531,-0.1272374068547859
supper,1,1,-0.17994084887148531,-0.1272374068547859
support,1,1,-0.17994084887148531,-0.1272374068547859
survive,1,1,-0.17994084887148531,-0.1272374068547859
suspect,1,1,-0.17994084887148531,-0.1272374068547859
swallowed,1,1,-0.17994084887148531,-0.1272374068547859
sweet,1,1,-0.17994084887148531,-0.1272374068547859
swetha,1,1,-0.17994084887148531,-0.1272374068547859
switched,1,1,-0.17994084887148531,-0.1272374068547859
sys,1,1,-0.17994084887148531,-0.1272374068547859
table,1,1,-0.17994084887148531,-0.1272374068547859
tea,1,1,-0.17994084887148531,-0.1272374068547859
terribly,1,1,-0.17994084887148531,-0.1272374068547859
thankful,1,1,-0.17994084887148531,-0.1272374068547859
thanksgiving,1,1,-0.17994084887148531,-0.1272374068547859
thereafter,1,1,-0.17994084887148531,-0.1272374068547859
threatens,1,1,-0.17994084887148531,-0.1272374068547859
thx,1,1,-0.17994084887148531,-0.1272374068547859
tingle,1,1,-0.17994084887148531,-0.1272374068547859
tissue,1,1,-0.17994084887148531,-0.1272374068547859
tl,1,1,-0.17994084887148531,-0.1272374068547859
touches,1,1,-0.17994084887148531,-0.1272374068547859
tounge,1,1,-0.17994084887148531,-0.1272374068547859
toxo,1,1,-0.17994084887148531,-0.1272374068547859
tract,1,1,-0.17994084887148531,-0.1272374068547859
traetment,1,1,-0.17994084887148531,-0.1272374068547859
tuberculosis,1,1,-0.17994084887148531,-0.1272374068547859
tubes,1,1,-0.17994084887148531,-0.1272374068547859
typing,1,1,-0.17994084887148531,-0.1272374068547859
uae,1,1,-0.17994084887148531,-0.1272374068547859
underwear,1,1,-0.17994084887148531,-0.1272374068547859
units,1,1,-0.17994084887148531,-0.1272374068547859
unless,1,1,-0.17994084887148531,-0.1272374068547859
unmarried,1,1,-0.17994084887148531,-0.1272374068547859
urinating,1,1,-0.17994084887148531,-0.1272374068547859
valves,1,1,-0.17994084887148531,-0.1272374068547859
vaseline,1,1,-0.17994084887148531,-0.1272374068547859
vegetables,1,1,-0.17994084887148531,-0.1272374068547859
vertigo,1,1,-0.17994084887148531,-0.1272374068547859
visa,1,1,-0.17994084887148531,-0.1272374068547859
visited,1,1,-0.17994084887148531,-0.1272374068547859
vomited,1,1,-0.17994084887148531,-0.1272374068547859
waht,1,1,-0.17994084887148531,-0.1272374068547859
watching,1,1,-0.17994084887148531,-0.1272374068547859
wheelchair,1,1,-0.17994084887148531,-0.1272374068547859
whicchatdoctore,1,1,-0.17994084887148531,-0.1272374068547859
winter,1,1,-0.17994084887148531,-0.1272374068547859
wired,1,1,-0.17994084887148531,-0.1272374068547859
wise,1,1,-0.17994084887148531,-0.1272374068547859
wonder,1,1,-0.17994084887148531,-0.1272374068547859
word,1,1,-0.17994084887148531,-0.1272374068547859
world,1,1,-0.17994084887148531,-0.1272374068547859
32,8,9,-0.06216463749792922,-0.12793378108131057
havent,8,9,-0.06216463749792922,-0.12793378108131057
house,8,9,-0.06216463749792922,-0.12793378108131057
real,8,9,-0.06216463749792922,-0.12793378108131057
unable,8,9,-0.06216463749792922,-0.12793378108131057
whole,8,9,-0.06216463749792922,-0.12793378108131057
out,98,115,-0.0200143022147099,-0.14558366639680262
13,9,10,-0.07459068356092047,-0.16234132412451924
saw,9,10,-0.07459068356092047,-0.16234132412451924
10ml,2,2,-0.17994437672252062,-0.1799443942666009
14th,2,2,-0.17994437672252062,-0.1799443942666009
165,2,2,-0.17994437672252062,-0.1799443942666009
26th,2,2,-0.17994437672252062,-0.1799443942666009
57,2,2,-0.17994437672252062,-0.1799443942666009
59,2,2,-0.17994437672252062,-0.1799443942666009
action,2,2,-0.17994437672252062,-0.1799443942666009
appendicitis,2,2,-0.17994437672252062,-0.1799443942666009
average,2,2,-0.17994437672252062,-0.1799443942666009
awake,2,2,-0.17994437672252062,-0.1799443942666009
beating,2,2,-0.17994437672252062,-0.1799443942666009
bigger,2,2,-0.17994437672252062,-0.1799443942666009
bloody,2,2,-0.17994437672252062,-0.1799443942666009
brush,2,2,-0.17994437672252062,-0.1799443942666009
canal,2,2,-0.17994437672252062,-0.1799443942666009
cerelac,2,2,-0.17994437672252062,-0.1799443942666009
continuously,2,2,-0.17994437672252062,-0.1799443942666009
counts,2,2,-0.17994437672252062,-0.1799443942666009
crack,2,2,-0.17994437672252062,-0.1799443942666009
crazy,2,2,-0.17994437672252062,-0.1799443942666009
diagnose,2,2,-0.17994437672252062,-0.1799443942666009
discharged,2,2,-0.17994437672252062,-0.1799443942666009
distance,2,2,-0.17994437672252062,-0.1799443942666009
double,2,2,-0.17994437672252062,-0.1799443942666009
ect,2,2,-0.17994437672252062,-0.1799443942666009
expected,2,2,-0.17994437672252062,-0.1799443942666009
failed,2,2,-0.17994437672252062,-0.1799443942666009
faster,2,2,-0.17994437672252062,-0.1799443942666009
fed,2,2,-0.17994437672252062,-0.1799443942666009
future,2,2,-0.17994437672252062,-0.1799443942666009
gastric,2,2,-0.17994437672252062,-0.1799443942666009
hospitalized,2,2,-0.17994437672252062,-0.1799443942666009
hypothyroidism,2,2,-0.17994437672252062,-0.1799443942666009
ii,2,2,-0.17994437672252062,-0.1799443942666009
kicked,2,2,-0.17994437672252062,-0.1799443942666009
knows,2,2,-0.17994437672252062,-0.1799443942666009
landed,2,2,-0.17994437672252062,-0.1799443942666009
lft,2,2,-0.17994437672252062,-0.1799443942666009
luck,2,2,-0.17994437672252062,-0.1799443942666009
october,2,2,-0.17994437672252062,-0.1799443942666009
oh,2,2,-0.17994437672252062,-0.1799443942666009
overcome,2,2,-0.17994437672252062,-0.1799443942666009
pointed,2,2,-0.17994437672252062,-0.1799443942666009
potty,2,2,-0.17994437672252062,-0.1799443942666009
power,2,2,-0.17994437672252062,-0.1799443942666009
press,2,2,-0.17994437672252062,-0.1799443942666009
prior,2,2,-0.17994437672252062,-0.1799443942666009
pt,2,2,-0.17994437672252062,-0.1799443942666009
quit,2,2,-0.17994437672252062,-0.1799443942666009
reactive,2,2,-0.17994437672252062,-0.1799443942666009
release,2,2,-0.17994437672252062,-0.1799443942666009
salt,2,2,-0.17994437672252062,-0.1799443942666009
scar,2,2,-0.17994437672252062,-0.1799443942666009
scars,2,2,-0.17994437672252062,-0.1799443942666009
series,2,2,-0.17994437672252062,-0.1799443942666009
slim,2,2,-0.17994437672252062,-0.1799443942666009
social,2,2,-0.17994437672252062,-0.1799443942666009
speech,2,2,-0.17994437672252062,-0.1799443942666009
spreading,2,2,-0.17994437672252062,-0.1799443942666009
student,2,2,-0.17994437672252062,-0.1799443942666009
swelled,2,2,-0.17994437672252062,-0.1799443942666009
swim,2,2,-0.17994437672252062,-0.1799443942666009
tail,2,2,-0.17994437672252062,-0.1799443942666009
tension,2,2,-0.17994437672252062,-0.1799443942666009
text,2,2,-0.17994437672252062,-0.1799443942666009
thre,2,2,-0.17994437672252062,-0.1799443942666009
throwing,2,2,-0.17994437672252062,-0.1799443942666009
visible,2,2,-0.17994437672252062,-0.1799443942666009
voice,2,2,-0.17994437672252062,-0.1799443942666009
watch,2,2,-0.17994437672252062,-0.1799443942666009
width,2,2,-0.17994437672252062,-0.1799443942666009
question,16,18,-0.06217496990758953,-0.1809557600230333
diabetic,10,11,-0.0846445460853964,-0.193725021664521
less,10,11,-0.0846445460853964,-0.193725021664521
relief,10,11,-0.0846445460853964,-0.193725021664521
rid,10,11,-0.0846445460853964,-0.193725021664521
us,10,11,-0.0846445460853964,-0.193725021664521
160,3,3,-0.17994790471226274,-0.22039029490144973
46,3,3,-0.17994790471226274,-0.22039029490144973
7th,3,3,-0.17994790471226274,-0.22039029490144973
against,3,3,-0.17994790471226274,-0.22039029490144973
calm,3,3,-0.17994790471226274,-0.22039029490144973
difference,3,3,-0.17994790471226274,-0.22039029490144973
dropped,3,3,-0.17994790471226274,-0.22039029490144973
folic,3,3,-0.17994790471226274,-0.22039029490144973
grandmother,3,3,-0.17994790471226274,-0.22039029490144973
hiv,3,3,-0.17994790471226274,-0.22039029490144973
increasing,3,3,-0.17994790471226274,-0.22039029490144973
jaundice,3,3,-0.17994790471226274,-0.22039029490144973
lips,3,3,-0.17994790471226274,-0.22039029490144973
massage,3,3,-0.17994790471226274,-0.22039029490144973
mins,3,3,-0.17994790471226274,-0.22039029490144973
oxygen,3,3,-0.17994790471226274,-0.22039029490144973
shower,3,3,-0.17994790471226274,-0.22039029490144973
stated,3,3,-0.17994790471226274,-0.22039029490144973
stiffness,3,3,-0.17994790471226274,-0.22039029490144973
taste,3,3,-0.17994790471226274,-0.22039029490144973
worked,3,3,-0.17994790471226274,-0.22039029490144973
gone,24,27,-0.06218530575363346,-0.22166148148582804
24,11,12,-0.09294687605451557,-0.2226680407576677
our,11,12,-0.09294687605451557,-0.2226680407576677
look,12,13,-0.09991907292515734,-0.2495977885808629
seen,12,13,-0.09991907292515734,-0.2495977885808629
will,79,91,-0.0385897583097945,-0.25094692734752244
control,19,21,-0.0798851318267193,-0.252303021162042
found,19,21,-0.0798851318267193,-0.252303021162042
48,4,4,-0.1799514328407188,-0.2544897817038649
beginning,4,4,-0.1799514328407188,-0.2544897817038649
capsules,4,4,-0.1799514328407188,-0.2544897817038649
chatdoctor,4,4,-0.1799514328407188,-0.2544897817038649
color,4,4,-0.1799514328407188,-0.2544897817038649
correct,4,4,-0.1799514328407188,-0.2544897817038649
difficult,4,4,-0.1799514328407188,-0.2544897817038649
dust,4,4,-0.1799514328407188,-0.2544897817038649
guy,4,4,-0.1799514328407188,-0.2544897817038649
memory,4,4,-0.1799514328407188,-0.2544897817038649
miscarriage,4,4,-0.1799514328407188,-0.2544897817038649
od,4,4,-0.1799514328407188,-0.2544897817038649
pneumonia,4,4,-0.1799514328407188,-0.2544897817038649
shaking,4,4,-0.1799514328407188,-0.2544897817038649
waist,4,4,-0.1799514328407188,-0.2544897817038649
reason,20,22,-0.08466193935233424,-0.27402484970375895
already,13,14,-0.10585733634121652,-0.27483675750141884
dizzy,13,14,-0.10585733634121652,-0.27483675750141884
2013,5,5,-0.17995496110789944,-0.28453380441524817
analysis,5,5,-0.17995496110789944,-0.28453380441524817
dinner,5,5,-0.17995496110789944,-0.28453380441524817
email,5,5,-0.17995496110789944,-0.28453380441524817
jan,5,5,-0.17995496110789944,-0.28453380441524817
lately,5,5,-0.17995496110789944,-0.28453380441524817
moment,5,5,-0.17995496110789944,-0.28453380441524817
stairs,5,5,-0.17995496110789944,-0.28453380441524817
takes,5,5,-0.17995496110789944,-0.28453380441524817
totally,5,5,-0.17995496110789944,-0.28453380441524817
always,21,23,-0.08900386994829379,-0.2948873618296261
2011,6,6,-0.17995848951381355,-0.31169727748089765
asleep,6,6,-0.17995848951381355,-0.31169727748089765
gp,6,6,-0.17995848951381355,-0.31169727748089765
living,6,6,-0.17995848951381355,-0.31169727748089765
outside,6,6,-0.17995848951381355,-0.31169727748089765
tongue,6,6,-0.17995848951381355,-0.31169727748089765
turned,6,6,-0.17995848951381355,-0.31169727748089765
trying,29,32,-0.08154591660110988,-0.3180616677606997
18,15,16,-0.11543384401709922,-0.32118701152713025
move,15,16,-0.11543384401709922,-0.32118701152713025
they,132,152,-0.03896682142342467,-0.3275251193447504
31,7,7,-0.17996201805846646,-0.33667813992878975
brown,7,7,-0.17996201805846646,-0.33667813992878975
dec,7,7,-0.17996201805846646,-0.33667813992878975
making,7,7,-0.17996201805846646,-0.33667813992878975
open,7,7,-0.17996201805846646,-0.33667813992878975
query,7,7,-0.17996201805846646,-0.33667813992878975
remember,7,7,-0.17996201805846646,-0.33667813992878975
eyes,16,17,-0.11935127204686058,-0.34265303003631187
make,16,17,-0.11935127204686058,-0.34265303003631187
cold,31,34,-0.08761972978647226,-0.3528300604895521
fear,8,8,-0.17996554674186704,-0.35993112857602266
isn,8,8,-0.17996554674186704,-0.35993112857602266
position,8,8,-0.17996554674186704,-0.35993112857602266
smoking,8,8,-0.17996554674186704,-0.35993112857602266
pills,17,18,-0.12282100895840031,-0.36316115963988355
w,9,9,-0.1799690755640242,-0.38177209842730975
taken,26,28,-0.10588532401846518,-0.38878063264513296
consulted,10,10,-0.179972604524945,-0.40243101704137335
mind,10,10,-0.179972604524945,-0.40243101704137335
2nd,11,11,-0.17997613362464016,-0.4220814879243263
early,11,11,-0.17997613362464016,-0.4220814879243263
having,88,99,-0.062268116437938836,-0.42501465138341166
how,63,70,-0.07467393673983747,-0.42999416707206506
still,101,114,-0.05898334517375492,-0.43164163079789014
breathing,13,13,-0.17998319224038006,-0.45886894941466183
hit,14,14,-0.17998672175644437,-0.4762001514895267
even,40,43,-0.10770416890315726,-0.4902953039254024
effects,15,15,-0.17999025141131142,-0.492923652203698
on,400,463,-0.03396099654583562,-0.4975028371043814
never,35,37,-0.1244552225170743,-0.527815092050916
suffering,43,46,-0.11259414606449969,-0.5308037644843138
come,27,28,-0.14364707832645074,-0.5325696245788958
near,18,18,-0.18000084120883209,-0.5400025762752525
once,18,18,-0.18000084120883209,-0.5400025762752525
eat,28,29,-0.14492693357659636,-0.5470030305785579
but,426,492,-0.03622266932571172,-0.547326535790502
38,6,5,-0.36229790620570057,-0.5983153596767634
cm,6,5,-0.36229790620570057,-0.5983153596767634
delayed,6,5,-0.36229790620570057,-0.5983153596767634
money,6,5,-0.36229790620570057,-0.5983153596767634
place,6,5,-0.36229790620570057,-0.5983153596767634
pull,6,5,-0.36229790620570057,-0.5983153596767634
thick,6,5,-0.36229790620570057,-0.5983153596767634
whats,6,5,-0.36229790620570057,-0.5983153596767634
called,7,6,-0.33413056367518656,-0.6005777177439475
sunday,7,6,-0.33413056367518656,-0.6005777177439475
xray,7,6,-0.33413056367518656,-0.6005777177439475
140,5,4,-0.4031163638750268,-0.6009304550318486
becomes,5,4,-0.4031163638750268,-0.6009304550318486
ecg,5,4,-0.4031163638750268,-0.6009304550318486
fat,5,4,-0.4031163638750268,-0.6009304550318486
flow,5,4,-0.4031163638750268,-0.6009304550318486
happy,5,4,-0.4031163638750268,-0.6009304550318486
kgs,5,4,-0.4031163638750268,-0.6009304550318486
kinda,5,4,-0.4031163638750268,-0.6009304550318486
lady,5,4,-0.4031163638750268,-0.6009304550318486
nasal,5,4,-0.4031163638750268,-0.6009304550318486
needed,5,4,-0.4031163638750268,-0.6009304550318486
nights,5,4,-0.4031163638750268,-0.6009304550318486
others,5,4,-0.4031163638750268,-0.6009304550318486
questions,5,4,-0.4031163638750268,-0.6009304550318486
risk,5,4,-0.4031163638750268,-0.6009304550318486
seemed,5,4,-0.4031163638750268,-0.6009304550318486
sept,5,4,-0.4031163638750268,-0.6009304550318486
stuck,5,4,-0.4031163638750268,-0.6009304550318486
aug,8,7,-0.31351480953850874,-0.6057682223256999
erection,8,7,-0.31351480953850874,-0.6057682223256999
happening,8,7,-0.31351480953850874,-0.6057682223256999
thyroid,8,7,-0.31351480953850874,-0.6057682223256999
pains,23,23,-0.18001849364824452,-0.6104724730131431
10th,4,3,-0.46765134342554937,-0.6122993993549968
58,4,3,-0.46765134342554937,-0.6122993993549968
5mg,4,3,-0.46765134342554937,-0.6122993993549968
answers,4,3,-0.46765134342554937,-0.6122993993549968
caught,4,3,-0.46765134342554937,-0.6122993993549968
clinic,4,3,-0.46765134342554937,-0.6122993993549968
complains,4,3,-0.46765134342554937,-0.6122993993549968
coughs,4,3,-0.46765134342554937,-0.6122993993549968
curable,4,3,-0.46765134342554937,-0.6122993993549968
eczema,4,3,-0.46765134342554937,-0.6122993993549968
gel,4,3,-0.46765134342554937,-0.6122993993549968
hardly,4,3,-0.46765134342554937,-0.6122993993549968
id,4,3,-0.46765134342554937,-0.6122993993549968
nurse,4,3,-0.46765134342554937,-0.6122993993549968
partner,4,3,-0.46765134342554937,-0.6122993993549968
ready,4,3,-0.46765134342554937,-0.6122993993549968
situation,4,3,-0.46765134342554937,-0.6122993993549968
spells,4,3,-0.46765134342554937,-0.6122993993549968
threw,4,3,-0.46765134342554937,-0.6122993993549968
leave,9,8,-0.29776998480796024,-0.6128056332714197
sound,10,9,-0.28535099652804874,-0.6210461736656442
month,66,71,-0.10705574806707752,-0.626110362279843
doctor,154,172,-0.06961734284672794,-0.6275282325820787
50,11,10,-0.27530419206418877,-0.6300856114008972
safe,11,10,-0.27530419206418877,-0.6300856114008972
friend,12,11,-0.2670089204332413,-0.6396595098346116
looks,12,11,-0.2670089204332413,-0.6396595098346116
treatment,35,36,-0.15187209693799808,-0.6397851123939466
101,3,2,-0.5854308262589427,-0.6413074065379913
13th,3,2,-0.5854308262589427,-0.6413074065379913
24th,3,2,-0.5854308262589427,-0.6413074065379913
250,3,2,-0.5854308262589427,-0.6413074065379913
70,3,2,-0.5854308262589427,-0.6413074065379913
9th,3,2,-0.5854308262589427,-0.6413074065379913
anemic,3,2,-0.5854308262589427,-0.6413074065379913
asthmatic,3,2,-0.5854308262589427,-0.6413074065379913
buttock,3,2,-0.5854308262589427,-0.6413074065379913
cell,3,2,-0.5854308262589427,-0.6413074065379913
concentrate,3,2,-0.5854308262589427,-0.6413074065379913
confirm,3,2,-0.5854308262589427,-0.6413074065379913
continous,3,2,-0.5854308262589427,-0.6413074065379913
continously,3,2,-0.5854308262589427,-0.6413074065379913
depo,3,2,-0.5854308262589427,-0.6413074065379913
docs,3,2,-0.5854308262589427,-0.6413074065379913
egg,3,2,-0.5854308262589427,-0.6413074065379913
finally,3,2,-0.5854308262589427,-0.6413074065379913
herpes,3,2,-0.5854308262589427,-0.6413074065379913
homeopathy,3,2,-0.5854308262589427,-0.6413074065379913
ihave,3,2,-0.5854308262589427,-0.6413074065379913
maintain,3,2,-0.5854308262589427,-0.6413074065379913
min,3,2,-0.5854308262589427,-0.6413074065379913
molar,3,2,-0.5854308262589427,-0.6413074065379913
natural,3,2,-0.5854308262589427,-0.6413074065379913
neg,3,2,-0.5854308262589427,-0.6413074065379913
ovarian,3,2,-0.5854308262589427,-0.6413074065379913
pigmentation,3,2,-0.5854308262589427,-0.6413074065379913
random,3,2,-0.5854308262589427,-0.6413074065379913
relation,3,2,-0.5854308262589427,-0.6413074065379913
remain,3,2,-0.5854308262589427,-0.6413074065379913
restless,3,2,-0.5854308262589427,-0.6413074065379913
root,3,2,-0.5854308262589427,-0.6413074065379913
sat,3,2,-0.5854308262589427,-0.6413074065379913
sep,3,2,-0.5854308262589427,-0.6413074065379913
showing,3,2,-0.5854308262589427,-0.6413074065379913
sounds,3,2,-0.5854308262589427,-0.6413074065379913
stools,3,2,-0.5854308262589427,-0.6413074065379913
suggestion,3,2,-0.5854308262589427,-0.6413074065379913
sweat,3,2,-0.5854308262589427,-0.6413074065379913
teething,3,2,-0.5854308262589427,-0.6413074065379913
together,3,2,-0.5854308262589427,-0.6413074065379913
upset,3,2,-0.5854308262589427,-0.6413074065379913
works,3,2,-0.5854308262589427,-0.6413074065379913
yesterday,26,26,-0.18002908677838114,-0.6491041667402685
count,16,15,-0.24455018859920497,-0.6804446729933004
20,29,29,-0.18003968115865643,-0.6855707477194543
felt,29,29,-0.18003968115865643,-0.6855707477194543
using,29,29,-0.18003968115865643,-0.6855707477194543
check,17,16,-0.24063982029563036,-0.6908679074598957
fall,17,16,-0.24063982029563036,-0.6908679074598957
alot,18,17,-0.23717714338792906,-0.7012931025669137
thing,18,17,-0.23717714338792906,-0.7012931025669137
05,2,1,-0.87310930540262,-0.7128908495185213
100mg,2,1,-0.87310930540262,-0.7128908495185213
102,2,1,-0.87310930540262,-0.7128908495185213
109,2,1,-0.87310930540262,-0.7128908495185213
136,2,1,-0.87310930540262,-0.7128908495185213
2003,2,1,-0.87310930540262,-0.7128908495185213
30th,2,1,-0.87310930540262,-0.7128908495185213
400mg,2,1,-0.87310930540262,-0.7128908495185213
5ft,2,1,-0.87310930540262,-0.7128908495185213
67,2,1,-0.87310930540262,-0.7128908495185213
69,2,1,-0.87310930540262,-0.7128908495185213
abd,2,1,-0.87310930540262,-0.7128908495185213
accept,2,1,-0.87310930540262,-0.7128908495185213
adviced,2,1,-0.87310930540262,-0.7128908495185213
akt,2,1,-0.87310930540262,-0.7128908495185213
alergy,2,1,-0.87310930540262,-0.7128908495185213
barely,2,1,-0.87310930540262,-0.7128908495185213
beg,2,1,-0.87310930540262,-0.7128908495185213
behaviour,2,1,-0.87310930540262,-0.7128908495185213
bipolar,2,1,-0.87310930540262,-0.7128908495185213
bled,2,1,-0.87310930540262,-0.7128908495185213
bless,2,1,-0.87310930540262,-0.7128908495185213
blow,2,1,-0.87310930540262,-0.7128908495185213
blurred,2,1,-0.87310930540262,-0.7128908495185213
buy,2,1,-0.87310930540262,-0.7128908495185213
carry,2,1,-0.87310930540262,-0.7128908495185213
complaint,2,1,-0.87310930540262,-0.7128908495185213
conception,2,1,-0.87310930540262,-0.7128908495185213
congested,2,1,-0.87310930540262,-0.7128908495185213
consulting,2,1,-0.87310930540262,-0.7128908495185213
corner,2,1,-0.87310930540262,-0.7128908495185213
creat,2,1,-0.87310930540262,-0.7128908495185213
crp,2,1,-0.87310930540262,-0.7128908495185213
culture,2,1,-0.87310930540262,-0.7128908495185213
cums,2,1,-0.87310930540262,-0.7128908495185213
cycles,2,1,-0.87310930540262,-0.7128908495185213
december,2,1,-0.87310930540262,-0.7128908495185213
decreasing,2,1,-0.87310930540262,-0.7128908495185213
deviry,2,1,-0.87310930540262,-0.7128908495185213
disappear,2,1,-0.87310930540262,-0.7128908495185213
doctr,2,1,-0.87310930540262,-0.7128908495185213
eight,2,1,-0.87310930540262,-0.7128908495185213
empty,2,1,-0.87310930540262,-0.7128908495185213
episode,2,1,-0.87310930540262,-0.7128908495185213
exist,2,1,-0.87310930540262,-0.7128908495185213
faced,2,1,-0.87310930540262,-0.7128908495185213
fairness,2,1,-0.87310930540262,-0.7128908495185213
fight,2,1,-0.87310930540262,-0.7128908495185213
follicles,2,1,-0.87310930540262,-0.7128908495185213
forte,2,1,-0.87310930540262,-0.7128908495185213
frustrated,2,1,-0.87310930540262,-0.7128908495185213
fungal,2,1,-0.87310930540262,-0.7128908495185213
geting,2,1,-0.87310930540262,-0.7128908495185213
glass,2,1,-0.87310930540262,-0.7128908495185213
greenish,2,1,-0.87310930540262,-0.7128908495185213
gym,2,1,-0.87310930540262,-0.7128908495185213
himself,2,1,-0.87310930540262,-0.7128908495185213
horrible,2,1,-0.87310930540262,-0.7128908495185213
horse,2,1,-0.87310930540262,-0.7128908495185213
hypertensive,2,1,-0.87310930540262,-0.7128908495185213
important,2,1,-0.87310930540262,-0.7128908495185213
increases,2,1,-0.87310930540262,-0.7128908495185213
irritated,2,1,-0.87310930540262,-0.7128908495185213
killing,2,1,-0.87310930540262,-0.7128908495185213
laid,2,1,-0.87310930540262,-0.7128908495185213
leak,2,1,-0.87310930540262,-0.7128908495185213
lonely,2,1,-0.87310930540262,-0.7128908495185213
loving,2,1,-0.87310930540262,-0.7128908495185213
mail,2,1,-0.87310930540262,-0.7128908495185213
meftal,2,1,-0.87310930540262,-0.7128908495185213
mentally,2,1,-0.87310930540262,-0.7128908495185213
mentioned,2,1,-0.87310930540262,-0.7128908495185213
mi,2,1,-0.87310930540262,-0.7128908495185213
miss,2,1,-0.87310930540262,-0.7128908495185213
montair,2,1,-0.87310930540262,-0.7128908495185213
morphology,2,1,-0.87310930540262,-0.7128908495185213
motrin,2,1,-0.87310930540262,-0.7128908495185213
mrs,2,1,-0.87310930540262,-0.7128908495185213
mth,2,1,-0.87310930540262,-0.7128908495185213
nut,2,1,-0.87310930540262,-0.7128908495185213
oily,2,1,-0.87310930540262,-0.7128908495185213
older,2,1,-0.87310930540262,-0.7128908495185213
ors,2,1,-0.87310930540262,-0.7128908495185213
osteoarthritis,2,1,-0.87310930540262,-0.7128908495185213
ovaries,2,1,-0.87310930540262,-0.7128908495185213
pakistan,2,1,-0.87310930540262,-0.7128908495185213
parts,2,1,-0.87310930540262,-0.7128908495185213
party,2,1,-0.87310930540262,-0.7128908495185213
passes,2,1,-0.87310930540262,-0.7128908495185213
pelvic,2,1,-0.87310930540262,-0.7128908495185213
penetration,2,1,-0.87310930540262,-0.7128908495185213
private,2,1,-0.87310930540262,-0.7128908495185213
refused,2,1,-0.87310930540262,-0.7128908495185213
relative,2,1,-0.87310930540262,-0.7128908495185213
repeat,2,1,-0.87310930540262,-0.7128908495185213
roll,2,1,-0.87310930540262,-0.7128908495185213
rubella,2,1,-0.87310930540262,-0.7128908495185213
sample,2,1,-0.87310930540262,-0.7128908495185213
shape,2,1,-0.87310930540262,-0.7128908495185213
shop,2,1,-0.87310930540262,-0.7128908495185213
smelly,2,1,-0.87310930540262,-0.7128908495185213
solve,2,1,-0.87310930540262,-0.7128908495185213
som,2,1,-0.87310930540262,-0.7128908495185213
speaks,2,1,-0.87310930540262,-0.7128908495185213
startd,2,1,-0.87310930540262,-0.7128908495185213
state,2,1,-0.87310930540262,-0.7128908495185213
successful,2,1,-0.87310930540262,-0.7128908495185213
surely,2,1,-0.87310930540262,-0.7128908495185213
temporary,2,1,-0.87310930540262,-0.7128908495185213
tlc,2,1,-0.87310930540262,-0.7128908495185213
track,2,1,-0.87310930540262,-0.7128908495185213
travel,2,1,-0.87310930540262,-0.7128908495185213
tv,2,1,-0.87310930540262,-0.7128908495185213
twins,2,1,-0.87310930540262,-0.7128908495185213
un,2,1,-0.87310930540262,-0.7128908495185213
uncomfortable,2,1,-0.87310930540262,-0.7128908495185213
uneasiness,2,1,-0.87310930540262,-0.7128908495185213
urinate,2,1,-0.87310930540262,-0.7128908495185213
vain,2,1,-0.87310930540262,-0.7128908495185213
value,2,1,-0.87310930540262,-0.7128908495185213
view,2,1,-0.87310930540262,-0.7128908495185213
wakes,2,1,-0.87310930540262,-0.7128908495185213
withdrawal,2,1,-0.87310930540262,-0.7128908495185213
worrying,2,1,-0.87310930540262,-0.7128908495185213
wouldnt,2,1,-0.87310930540262,-0.7128908495185213
write,2,1,-0.87310930540262,-0.7128908495185213
wrote,2,1,-0.87310930540262,-0.7128908495185213
zero,2,1,-0.87310930540262,-0.7128908495185213
find,20,19,-0.23131908628087938,-0.7220562064857339
white,23,22,-0.22448814864127176,-0.7527702761683481
wrong,23,22,-0.22448814864127176,-0.7527702761683481
size,25,24,-0.22086544388790674,-0.7728681316134127
stomach,38,38,-0.18007147180252758,-0.7849134247287375
family,13,11,-0.3470730396348305,-0.8471948754619618
fine,33,32,-0.21084336590752972,-0.8498362729417978
cure,10,8,-0.40315190550115787,-0.8499189278834438
patient,10,8,-0.40315190550115787,-0.8499189278834438
plus,10,8,-0.40315190550115787,-0.8499189278834438
talk,10,8,-0.40315190550115787,-0.8499189278834438
40,9,7,-0.43131924721770787,-0.8558726839545032
boyfriend,9,7,-0.43131924721770787,-0.8558726839545032
bumps,9,7,-0.43131924721770787,-0.8558726839545032
earlier,9,7,-0.43131924721770787,-0.8558726839545032
ill,9,7,-0.43131924721770787,-0.8558726839545032
loose,9,7,-0.43131924721770787,-0.8558726839545032
stand,9,7,-0.43131924721770787,-0.8558726839545032
stay,9,7,-0.43131924721770787,-0.8558726839545032
500,8,6,-0.4676833545748895,-0.8659813879377081
hasnt,8,6,-0.4676833545748895,-0.8659813879377081
increase,8,6,-0.4676833545748895,-0.8659813879377081
breast,18,16,-0.2978196525062353,-0.8667825919202096
c,18,16,-0.2978196525062353,-0.8667825919202096
things,18,16,-0.2978196525062353,-0.8667825919202096
bleeding,19,17,-0.29126578409808346,-0.8724479430965091
3rd,7,5,-0.5164699794385292,-0.8820404994777208
colour,7,5,-0.5164699794385292,-0.8820404994777208
iv,7,5,-0.5164699794385292,-0.8820404994777208
marriage,7,5,-0.5164699794385292,-0.8820404994777208
pass,7,5,-0.5164699794385292,-0.8820404994777208
those,7,5,-0.5164699794385292,-0.8820404994777208
weakness,7,5,-0.5164699794385292,-0.8820404994777208
till,21,19,-0.2801306718481831,-0.8847430455614453
bed,23,21,-0.27102605595584883,-0.8979627366129038
penis,23,21,-0.27102605595584883,-0.8979627366129038
follicle,6,4,-0.5854593073478718,-0.9069897546942455
follicular,6,4,-0.5854593073478718,-0.9069897546942455
joint,6,4,-0.5854593073478718,-0.9069897546942455
saying,6,4,-0.5854593073478718,-0.9069897546942455
thrice,6,4,-0.5854593073478718,-0.9069897546942455
neck,41,40,-0.20479258582337323,-0.921496492746084
hard,27,25,-0.25702944864296917,-0.9260472399611667
3months,5,3,-0.6908162712099504,-0.9459392416065561
abortion,5,3,-0.6908162712099504,-0.9459392416065561
acting,5,3,-0.6908162712099504,-0.9459392416065561
filling,5,3,-0.6908162712099504,-0.9459392416065561
habits,5,3,-0.6908162712099504,-0.9459392416065561
hungry,5,3,-0.6908162712099504,-0.9459392416065561
ivf,5,3,-0.6908162712099504,-0.9459392416065561
kept,5,3,-0.6908162712099504,-0.9459392416065561
must,5,3,-0.6908162712099504,-0.9459392416065561
putting,5,3,-0.6908162712099504,-0.9459392416065561
remedies,5,3,-0.6908162712099504,-0.9459392416065561
wants,5,3,-0.6908162712099504,-0.9459392416065561
xrays,5,3,-0.6908162712099504,-0.9459392416065561
15days,4,2,-0.8731342568474645,-1.0082087193310765
ball,4,2,-0.8731342568474645,-1.0082087193310765
bath,4,2,-0.8731342568474645,-1.0082087193310765
betnovate,4,2,-0.8731342568474645,-1.0082087193310765
concieving,4,2,-0.8731342568474645,-1.0082087193310765
cost,4,2,-0.8731342568474645,-1.0082087193310765
esr,4,2,-0.8731342568474645,-1.0082087193310765
herself,4,2,-0.8731342568474645,-1.0082087193310765
kidneys,4,2,-0.8731342568474645,-1.0082087193310765
kill,4,2,-0.8731342568474645,-1.0082087193310765
leaking,4,2,-0.8731342568474645,-1.0082087193310765
lotion,4,2,-0.8731342568474645,-1.0082087193310765
meal,4,2,-0.8731342568474645,-1.0082087193310765
prescribe,4,2,-0.8731342568474645,-1.0082087193310765
realy,4,2,-0.8731342568474645,-1.0082087193310765
redness,4,2,-0.8731342568474645,-1.0082087193310765
single,4,2,-0.8731342568474645,-1.0082087193310765
siphene,4,2,-0.8731342568474645,-1.0082087193310765
smooth,4,2,-0.8731342568474645,-1.0082087193310765
tenderness,4,2,-0.8731342568474645,-1.0082087193310765
100,18,15,-0.36237605976503495,-1.0365361514162852
height,16,13,-0.38768680079216544,-1.0382781796815903
answer,20,17,-0.34258049886940434,-1.0384875082038325
half,21,18,-0.3342157823002534,-1.0404964276923618
effect,14,11,-0.4212024247578583,-1.0453970309306024
his,132,139,-0.1286066193560096,-1.0582129815446184
milk,12,9,-0.46771537018651976,-1.060678868187319
since,99,102,-0.15038050310172135,-1.0658871591863226
afraid,11,8,-0.4984834923756498,-1.0727915918904483
complaining,11,8,-0.4984834923756498,-1.0727915918904483
properly,11,8,-0.4984834923756498,-1.0727915918904483
self,11,8,-0.4984834923756498,-1.0727915918904483
short,11,8,-0.4984834923756498,-1.0727915918904483
went,73,73,-0.18019520917140142,-1.0886536044604793
19,10,7,-0.5367011672531881,-1.0890733835175062
remove,10,7,-0.5367011672531881,-1.0890733835175062
1year,3,1,-1.2785957224399809,-1.107296556733697
2months,3,1,-1.2785957224399809,-1.107296556733697
2yr,3,1,-1.2785957224399809,-1.107296556733697
36,3,1,-1.2785957224399809,-1.107296556733697
4months,3,1,-1.2785957224399809,-1.107296556733697
5yrs,3,1,-1.2785957224399809,-1.107296556733697
89,3,1,-1.2785957224399809,-1.107296556733697
8yrs,3,1,-1.2785957224399809,-1.107296556733697
911,3,1,-1.2785957224399809,-1.107296556733697
anxious,3,1,-1.2785957224399809,-1.107296556733697
atleast,3,1,-1.2785957224399809,-1.107296556733697
bk,3,1,-1.2785957224399809,-1.107296556733697
breakfast,3,1,-1.2785957224399809,-1.107296556733697
breathlessness,3,1,-1.2785957224399809,-1.107296556733697
candy,3,1,-1.2785957224399809,-1.107296556733697
centre,3,1,-1.2785957224399809,-1.107296556733697
clearly,3,1,-1.2785957224399809,-1.107296556733697
drive,3,1,-1.2785957224399809,-1.107296556733697
eats,3,1,-1.2785957224399809,-1.107296556733697
ejaculate,3,1,-1.2785957224399809,-1.107296556733697
fainted,3,1,-1.2785957224399809,-1.107296556733697
feeding,3,1,-1.2785957224399809,-1.107296556733697
fertyl,3,1,-1.2785957224399809,-1.107296556733697
foam,3,1,-1.2785957224399809,-1.107296556733697
forget,3,1,-1.2785957224399809,-1.107296556733697
gamma,3,1,-1.2785957224399809,-1.107296556733697
grown,3,1,-1.2785957224399809,-1.107296556733697
haveing,3,1,-1.2785957224399809,-1.107296556733697
lik,3,1,-1.2785957224399809,-1.107296556733697
losing,3,1,-1.2785957224399809,-1.107296556733697
malaria,3,1,-1.2785957224399809,-1.107296556733697
medicin,3,1,-1.2785957224399809,-1.107296556733697
missing,3,1,-1.2785957224399809,-1.107296556733697
nauseous,3,1,-1.2785957224399809,-1.107296556733697
nice,3,1,-1.2785957224399809,-1.107296556733697
nit,3,1,-1.2785957224399809,-1.107296556733697
normaly,3,1,-1.2785957224399809,-1.107296556733697
ova,3,1,-1.2785957224399809,-1.107296556733697
personality,3,1,-1.2785957224399809,-1.107296556733697
phobia,3,1,-1.2785957224399809,-1.107296556733697
plenty,3,1,-1.2785957224399809,-1.107296556733697
precautions,3,1,-1.2785957224399809,-1.107296556733697
pregnacy,3,1,-1.2785957224399809,-1.107296556733697
prego,3,1,-1.2785957224399809,-1.107296556733697
puss,3,1,-1.2785957224399809,-1.107296556733697
relax,3,1,-1.2785957224399809,-1.107296556733697
safety,3,1,-1.2785957224399809,-1.107296556733697
separate,3,1,-1.2785957224399809,-1.107296556733697
shock,3,1,-1.2785957224399809,-1.107296556733697
sleepy,3,1,-1.2785957224399809,-1.107296556733697
smear,3,1,-1.2785957224399809,-1.107296556733697
sonography,3,1,-1.2785957224399809,-1.107296556733697
stealing,3,1,-1.2785957224399809,-1.107296556733697
steroids,3,1,-1.2785957224399809,-1.107296556733697
stoped,3,1,-1.2785957224399809,-1.107296556733697
success,3,1,-1.2785957224399809,-1.107296556733697
swallow,3,1,-1.2785957224399809,-1.107296556733697
thankyou,3,1,-1.2785957224399809,-1.107296556733697
tighten,3,1,-1.2785957224399809,-1.107296556733697
usual,3,1,-1.2785957224399809,-1.107296556733697
wks,3,1,-1.2785957224399809,-1.107296556733697
wl,3,1,-1.2785957224399809,-1.107296556733697
words,3,1,-1.2785957224399809,-1.107296556733697
29,9,6,-0.5854877912868535,-1.11088509494655
body,38,35,-0.2623632707263823,-1.119869635643351
floor,8,5,-0.6500227688293485,-1.1402154879421122
hear,8,5,-0.6500227688293485,-1.1402154879421122
starts,8,5,-0.6500227688293485,-1.1402154879421122
need,45,42,-0.24914278714036353,-1.1612337156048258
before,60,58,-0.21408660033514781,-1.1626209549656272
39,7,4,-0.7396313780272035,-1.1800435884479452
growing,7,4,-0.7396313780272035,-1.1800435884479452
tb,7,4,-0.7396313780272035,-1.1800435884479452
their,7,4,-0.7396313780272035,-1.1800435884479452
was,385,424,-0.08411276935366985,-1.1948159371276321
low,24,20,-0.362415149328422,-1.1970179606813907
mother,23,19,-0.3711452953781489,-1.197181718172982
can,193,205,-0.12008547672364145,-1.1973043983784055
here,21,17,-0.39139208429728356,-1.1996495379252843
while,27,23,-0.3404468443509092,-1.199803580952347
lost,19,15,-0.41646470028066407,-1.2057609409028822
hurt,34,30,-0.3052920762726652,-1.2187809967504954
sleep,35,31,-0.3014933247849534,-1.2224205581089707
yet,16,12,-0.4677473902613869,-1.2248503083901006
badly,6,3,-0.8731592098079375,-1.234833747112441
bleed,6,3,-0.8731592098079375,-1.234833747112441
cheek,6,3,-0.8731592098079375,-1.234833747112441
iui,6,3,-0.8731592098079375,-1.234833747112441
nov,6,3,-0.8731592098079375,-1.234833747112441
plan,6,3,-0.8731592098079375,-1.234833747112441
protection,6,3,-0.8731592098079375,-1.234833747112441
purple,6,3,-0.8731592098079375,-1.234833747112441
region,6,3,-0.8731592098079375,-1.234833747112441
wanted,13,9,-0.5477794886684322,-1.2632444590652259
27,12,8,-0.5855162780763283,-1.2828020286476045
4,104,104,-0.18030494761037286,-1.300197594423761
3days,5,2,-1.0962991732571918,-1.3103283215090273
bangalore,5,2,-1.0962991732571918,-1.3103283215090273
die,5,2,-1.0962991732571918,-1.3103283215090273
ejaculation,5,2,-1.0962991732571918,-1.3103283215090273
feb,5,2,-1.0962991732571918,-1.3103283215090273
gap,5,2,-1.0962991732571918,-1.3103283215090273
holding,5,2,-1.0962991732571918,-1.3103283215090273
kid,5,2,-1.0962991732571918,-1.3103283215090273
menstrual,5,2,-1.0962991732571918,-1.3103283215090273
mths,5,2,-1.0962991732571918,-1.3103283215090273
necessary,5,2,-1.0962991732571918,-1.3103283215090273
ovary,5,2,-1.0962991732571918,-1.3103283215090273
sometime,5,2,-1.0962991732571918,-1.3103283215090273
studies,5,2,-1.0962991732571918,-1.3103283215090273
talking,5,2,-1.0962991732571918,-1.3103283215090273
th,5,2,-1.0962991732571918,-1.3103283215090273
ther,5,2,-1.0962991732571918,-1.3103283215090273
virus,5,2,-1.0962991732571918,-1.3103283215090273
drugs,10,6,-0.6908697100842751,-1.337863588607496
temp,10,6,-0.6908697100842751,-1.337863588607496
turn,10,6,-0.6908697100842751,-1.337863588607496
ok,29,24,-0.3693711555493717,-1.3385349216488858
don,39,34,-0.317365627368809,-1.3526027402866043
woke,21,16,-0.45203459311403993,-1.3621987962495588
tab,20,15,-0.46777941480044394,-1.3695180341704507
confused,9,5,-0.7678272036455347,-1.3765937193079034
own,9,5,-0.7678272036455347,-1.3765937193079034
try,19,14,-0.48547545634467415,-1.3783235334764485
6th,4,1,-1.5662991124046766,-1.400940805622895
anal,4,1,-1.5662991124046766,-1.400940805622895
azithromycin,4,1,-1.5662991124046766,-1.400940805622895
bacteria,4,1,-1.5662991124046766,-1.400940805622895
completed,4,1,-1.5662991124046766,-1.400940805622895
finish,4,1,-1.5662991124046766,-1.400940805622895
habit,4,1,-1.5662991124046766,-1.400940805622895
hate,4,1,-1.5662991124046766,-1.400940805622895
helping,4,1,-1.5662991124046766,-1.400940805622895
il,4,1,-1.5662991124046766,-1.400940805622895
ll,4,1,-1.5662991124046766,-1.400940805622895
masturbating,4,1,-1.5662991124046766,-1.400940805622895
mental,4,1,-1.5662991124046766,-1.400940805622895
parents,4,1,-1.5662991124046766,-1.400940805622895
ruptured,4,1,-1.5662991124046766,-1.400940805622895
scalp,4,1,-1.5662991124046766,-1.400940805622895
stable,4,1,-1.5662991124046766,-1.400940805622895
stitch,4,1,-1.5662991124046766,-1.400940805622895
thickness,4,1,-1.5662991124046766,-1.400940805622895
fell,17,12,-0.5283934287546161,-1.4014368655947476
might,17,12,-0.5283934287546161,-1.4014368655947476
t,122,122,-0.1803687282284976,-1.4087249385371001
done,57,52,-0.27203571045788966,-1.418573397754876
bump,8,4,-0.8731841642841829,-1.425903943093637
gas,8,4,-0.8731841642841829,-1.425903943093637
study,8,4,-0.8731841642841829,-1.425903943093637
up,126,126,-0.18038290784412236,-1.4317450843578718
old,186,192,-0.14873945088996354,-1.4457306980548512
7,31,25,-0.3952654992539868,-1.4704348585815539
problem,100,97,-0.21080375826651565,-1.479214467302564
bout,7,3,-1.0273312746838652,-1.4887446549018173
f,7,3,-1.0273312746838652,-1.4887446549018173
telling,7,3,-1.0273312746838652,-1.4887446549018173
life,25,19,-0.45456975270607014,-1.493554396853915
tablets,23,17,-0.4824067074272831,-1.5082445510075122
1st,12,7,-0.7190655379712663,-1.511928892661645
condition,12,7,-0.7190655379712663,-1.511928892661645
school,12,7,-0.7190655379712663,-1.511928892661645
thin,12,7,-0.7190655379712663,-1.511928892661645
tooth,21,15,-0.516590999927911,-1.5280969429010252
call,11,6,-0.7862012946690591,-1.549106627938359
june,11,6,-0.7862012946690591,-1.549106627938359
soft,11,6,-0.7862012946690591,-1.549106627938359
5days,6,2,-1.2786420988555562,-1.5660106073881828
ejaculated,6,2,-1.2786420988555562,-1.5660106073881828
exactly,6,2,-1.2786420988555562,-1.5660106073881828
girlfriend,6,2,-1.2786420988555562,-1.5660106073881828
march,6,2,-1.2786420988555562,-1.5660106073881828
ne,6,2,-1.2786420988555562,-1.5660106073881828
ovulation,6,2,-1.2786420988555562,-1.5660106073881828
smell,6,2,-1.2786420988555562,-1.5660106073881828
typhoid,6,2,-1.2786420988555562,-1.5660106073881828
every,37,30,-0.38991376107003184,-1.587057618336084
cheeks,10,5,-0.8732091202763499,-1.5942546362762509
hey,10,5,-0.8732091202763499,-1.5942546362762509
thats,10,5,-0.8732091202763499,-1.5942546362762509
later,29,22,-0.4564183176113783,-1.6143152932480795
17th,5,1,-1.7894639849406815,-1.6335500647515546
cried,5,1,-1.7894639849406815,-1.6335500647515546
cries,5,1,-1.7894639849406815,-1.6335500647515546
delivery,5,1,-1.7894639849406815,-1.6335500647515546
doin,5,1,-1.7894639849406815,-1.6335500647515546
goin,5,1,-1.7894639849406815,-1.6335500647515546
hold,5,1,-1.7894639849406815,-1.6335500647515546
ht,5,1,-1.7894639849406815,-1.6335500647515546
immediately,5,1,-1.7894639849406815,-1.6335500647515546
patches,5,1,-1.7894639849406815,-1.6335500647515546
prob,5,1,-1.7894639849406815,-1.6335500647515546
provide,5,1,-1.7894639849406815,-1.6335500647515546
relationship,5,1,-1.7894639849406815,-1.6335500647515546
respiratory,5,1,-1.7894639849406815,-1.6335500647515546
soap,5,1,-1.7894639849406815,-1.6335500647515546
sugest,5,1,-1.7894639849406815,-1.6335500647515546
wasnt,5,1,-1.7894639849406815,-1.6335500647515546
wich,5,1,-1.7894639849406815,-1.6335500647515546
wish,5,1,-1.7894639849406815,-1.6335500647515546
wk,5,1,-1.7894639849406815,-1.6335500647515546
live,15,9,-0.6909231575532289,-1.638668330585383
72,9,4,-0.9909885955796387,-1.6491049218856046
99,9,4,-0.9909885955796387,-1.6491049218856046
facing,9,4,-0.9909885955796387,-1.6491049218856046
irregular,9,4,-0.9909885955796387,-1.6491049218856046
tube,9,4,-0.9909885955796387,-1.6491049218856046
hurting,14,8,-0.7397097792354508,-1.6690105439777547
loss,13,7,-0.7991296546079951,-1.7046020095136292
broke,8,3,-1.1608840545570978,-1.7147396438112843
law,8,3,-1.1608840545570978,-1.7147396438112843
temperature,8,3,-1.1608840545570978,-1.7147396438112843
vagina,8,3,-1.1608840545570978,-1.7147396438112843
many,35,27,-0.43971524851970933,-1.71668902122919
date,12,6,-0.8732340777845842,-1.7464683684139448
trouble,12,6,-0.8732340777845842,-1.7464683684139448
didn,29,21,-0.5029562245367938,-1.7553101980724002
weak,29,21,-0.5029562245367938,-1.7553101980724002
unprotected,17,10,-0.7107507412710747,-1.7834459353456031
august,7,2,-1.4328141498033151,-1.7870335456225996
ds,7,2,-1.4328141498033151,-1.7870335456225996
motions,7,2,-1.4328141498033151,-1.7870335456225996
i,2209,2516,-0.05221736488706341,-1.7908832076126975
couldnt,11,5,-0.968540702497565,-1.795722755514487
o,11,5,-0.968540702497565,-1.795722755514487
cough,50,41,-0.37872595281230303,-1.7975515108315585
medicine,47,38,-0.3928258414660899,-1.8006585072515011
start,24,16,-0.5856302537479152,-1.8145091674928044
fever,41,32,-0.42807933649035146,-1.814804284621283
alone,6,1,-1.9718068650403726,-1.825538977310748
becoz,6,1,-1.9718068650403726,-1.825538977310748
doubt,6,1,-1.9718068650403726,-1.825538977310748
flat,6,1,-1.9718068650403726,-1.825538977310748
headed,6,1,-1.9718068650403726,-1.825538977310748
protected,6,1,-1.9718068650403726,-1.825538977310748
tim,6,1,-1.9718068650403726,-1.825538977310748
tip,6,1,-1.9718068650403726,-1.825538977310748
tone,6,1,-1.9718068650403726,-1.825538977310748
vomit,6,1,-1.9718068650403726,-1.825538977310748
washed,6,1,-1.9718068650403726,-1.825538977310748
doesnt,15,8,-0.8087240630056058,-1.8472561513328793
mouth,32,23,-0.5104530223455894,-1.8672969449621857
yyyy,20,12,-0.6909766136189583,-1.8923175990333252
son,52,42,-0.3938740941057812,-1.8985404336888696
energy,9,3,-1.2786884790819144,-1.9180330302943462
kids,9,3,-1.2786884790819144,-1.9180330302943462
tensed,9,3,-1.2786884790819144,-1.9180330302943462
throw,9,3,-1.2786884790819144,-1.9180330302943462
result,19,11,-0.726691155347571,-1.91806110595953
oil,13,6,-0.9532981927249313,-1.931520519331583
use,41,31,-0.4598459323747299,-1.932052486214075
let,18,10,-0.767930571737244,-1.9470595937004875
hr,8,2,-1.5663669151680413,-1.981315251877111
mam,8,2,-1.5663669151680413,-1.981315251877111
mark,8,2,-1.5663669151680413,-1.981315251877111
april,12,5,-1.0555734831017993,-1.9830775407246977
became,12,5,-1.0555734831017993,-1.9830775407246977
hrs,12,5,-1.0555734831017993,-1.9830775407246977
2day,7,1,-2.1259788695609227,-1.9886718278184528
angry,7,1,-2.1259788695609227,-1.9886718278184528
love,7,1,-2.1259788695609227,-1.9886718278184528
mch,7,1,-2.1259788695609227,-1.9886718278184528
metformin,7,1,-2.1259788695609227,-1.9886718278184528
tho,7,1,-2.1259788695609227,-1.9886718278184528
unwanted,7,1,-2.1259788695609227,-1.9886718278184528
wats,7,1,-2.1259788695609227,-1.9886718278184528
21,21,12,-0.7397881978178793,-2.0443288057445104
give,41,30,-0.4926536521783307,-2.050525301679441
boy,15,7,-0.9422733193024353,-2.058544494487728
forehead,10,3,-1.3840703848797133,-2.1025542207777725
god,10,3,-1.3840703848797133,-2.1025542207777725
shall,10,3,-1.3840703848797133,-2.1025542207777725
clomid,8,1,-2.259531587918106,-2.130307654606615
cos,8,1,-2.259531587918106,-2.130307654606615
giv,8,1,-2.259531587918106,-2.130307654606615
tel,8,1,-2.259531587918106,-2.130307654606615
touched,8,1,-2.259531587918106,-2.130307654606615
wet,8,1,-2.259531587918106,-2.130307654606615
name,32,21,-0.6014605834042008,-2.141676735591661
pcos,9,2,-1.6841713247974592,-2.1543996934209275
guide,13,5,-1.1356375954172222,-2.1580437775087447
some,123,111,-0.28324158405147415,-2.163531254990732
told,67,54,-0.3961153879985959,-2.1660244435300897
intercourse,17,8,-0.9339300332144598,-2.178280714350661
reply,16,7,-1.0068332523118784,-2.221788432733632
couldn,9,1,-2.3773359501530944,-2.2553399114830577
cry,9,1,-2.3773359501530944,-2.2553399114830577
hii,9,1,-2.3773359501530944,-2.2553399114830577
til,9,1,-2.3773359501530944,-2.2553399114830577
gum,11,3,-1.4794019558739802,-2.2713247014611495
fair,10,2,-1.7895532154290308,-2.310303852481414
lil,10,2,-1.7895532154290308,-2.310303852481414
speak,10,2,-1.7895532154290308,-2.310303852481414
took,76,61,-0.40033399374879597,-2.3288093846682854
al,10,1,-2.48271779311942,-2.367179700899973
creams,10,1,-2.48271779311942,-2.367179700899973
stil,10,1,-2.48271779311942,-2.367179700899973
thn,10,1,-2.48271779311942,-2.367179700899973
concieve,13,4,-1.358798971185129,-2.3764708732660793
pregnancy,34,21,-0.6621280655365078,-2.3856669009830385
then,103,87,-0.34940903176056715,-2.399582068293039
did,80,64,-0.40365015605925336,-2.406904742071582
23,16,6,-1.1610017848709404,-2.4252539908580184
mom,16,6,-1.1610017848709404,-2.4252539908580184
cycle,20,9,-0.9787123090260375,-2.4383293178890226
father,20,9,-0.9787123090260375,-2.4383293178890226
born,11,2,-1.8848847710601095,-2.4520232854686257
feed,11,2,-1.8848847710601095,-2.4520232854686257
ipill,11,2,-1.8848847710601095,-2.4520232854686257
pill,44,29,-0.5972549757905998,-2.4970298256736827
head,65,48,-0.4836576141857414,-2.541418276456834
tat,12,1,-2.665082006449305,-2.5605294768591382
do,243,230,-0.2360143857057233,-2.565517621701536
drops,13,3,-1.6464988255215864,-2.5705960393781444
chances,12,2,-1.971917524631042,-2.5818468678115867
complexion,12,2,-1.971917524631042,-2.5818468678115867
crying,12,2,-1.971917524631042,-2.5818468678115867
wife,31,17,-0.7810711029110147,-2.588065775835374
wash,16,5,-1.3433411792197223,-2.6219339585429964
mnths,13,1,-2.7451460432669847,-2.6452906036419215
too,51,34,-0.5858868659342171,-2.646237941041202
worried,57,39,-0.5599505351119305,-2.694534969845401
rashes,13,2,-2.0519816095722696,-2.7015601998025556
giving,18,6,-1.2788276426309073,-2.7128035350373607
dint,14,1,-2.8192753451132795,-2.7236806134933897
child,26,12,-0.9534694083674093,-2.7320731160790035
soon,26,12,-0.9534694083674093,-2.7320731160790035
my,1225,1318,-0.10948786664111942,-2.7587897612774417
cud,15,1,-2.8882895468233976,-2.796576382492886
pregnent,15,1,-2.8882895468233976,-2.796576382492886
we,143,121,-0.3478918456224811,-2.816456400663478
2yrs,15,3,-1.7896424570741338,-2.829673898148944
y,15,3,-1.7896424570741338,-2.829673898148944
gt,16,1,-2.952849398701354,-2.8646869413267346
wil,16,1,-2.952849398701354,-2.8646869413267346
him,98,75,-0.4481752071918743,-2.9212484150743867
22,17,4,-1.6271485668805248,-2.9280070088619485
girl,25,10,-1.0965845750895937,-2.930745968326936
skin,54,34,-0.6431096045018077,-2.9375146750228884
help,143,119,-0.3645947595901955,-2.9383350725082886
stop,37,19,-0.8468689840362593,-3.0005435087494163
test,78,55,-0.5300005214882475,-3.010087827366629
condom,16,2,-2.2596851098459707,-3.0129146731567897
docter,16,2,-2.2596851098459707,-3.0129146731567897
kindly,27,11,-1.0782604112594862,-3.014464315486151
suggest,56,35,-0.6505146988558419,-3.019009647388733
wanna,19,1,-3.12476365086106,-3.0456456968674313
cream,22,7,-1.325415469734284,-3.054312502762289
cant,51,30,-0.7111215982926868,-3.0906307674087627
26,21,6,-1.4330425605087118,-3.0957263194574964
cum,17,2,-2.320331111299846,-3.1039363263909014
hello,86,61,-0.5241625122615661,-3.131276927105732
gf,21,1,-3.224889775355754,-3.150747699851807
ws,21,1,-3.224889775355754,-3.150747699851807
syrup,19,4,-1.7384170104108492,-3.1600717688601914
india,18,3,-1.9720282004297465,-3.1622811862324993
so,176,148,-0.3543345145829244,-3.1770802666239106
dr,72,47,-0.6071579269861118,-3.2377507468770026
hve,23,1,-3.3159042214214045,-3.2460915388847544
dry,21,5,-1.6153819400588185,-3.2462599417552553
tym,19,3,-2.026116818367087,-3.2612996691521188
ur,19,2,-2.431599507289013,-3.2709537318766477
tell,57,33,-0.7271120161240061,-3.3241033166778005
yr,39,18,-0.953640690115563,-3.346693631015425
2,195,163,-0.36045162549778986,-3.3963827460005214
get,178,146,-0.37931860522785854,-3.397176507057407
gud,21,2,-2.531725728791952,-3.4211932513754393
dark,32,12,-1.1612373250271393,-3.4305229179103485
say,45,22,-0.8961278965259085,-3.4446908127700455
ask,27,8,-1.3967677325873318,-3.469901324983485
s,113,81,-0.5138490301368126,-3.5295265415916397
conceive,24,5,-1.7489775668588532,-3.557754438838617
used,46,21,-0.964666144785296,-3.6629269282599273
abt,35,1,-3.736014113700536,-3.683765884935203
wht,36,1,-3.7642063309243428,-3.712996774009612
daughter,63,33,-0.8273241461608034,-3.8500589516078567
want,90,56,-0.6553224431784299,-3.850294325432483
again,81,48,-0.7040627335175023,-3.8652685999216883
knw,45,1,-3.9875419653916735,-3.9439696193204403
said,105,68,-0.6154241475221731,-3.953671967594577
hi,195,152,-0.4305186805598513,-3.978930986733849
gave,60,29,-0.9077529598447986,-4.01372255079365
hair,38,12,-1.3332161530421063,-4.026225172270273
sperm,40,13,-1.3044917303949823,-4.086063761460632
dont,69,35,-0.8595483182401438,-4.1420205123787515
face,58,26,-0.9830614917525935,-4.16525667287898
wt,38,3,-2.719670631434888,-4.534997778758489
didnt,48,15,-1.343848167499612,-4.543036763787521
he,377,320,-0.3462276838165472,-4.555028604168037
period,90,47,-0.8306876859660317,-4.6158078804269715
hv,89,1,-4.670455456492395,-4.644456156561211
iam,47,13,-1.4659099113342569,-4.677915186732332
yrs,88,43,-0.8971910083528245,-4.82197419767558
v,45,3,-2.8888968169131104,-4.844830805373839
nt,62,2,-3.6152147354988307,-5.032173554624848
its,167,107,-0.6267695378384843,-5.061541131606196
married,51,11,-1.7147634931383626,-5.1581019000967805
pregnant,99,46,-0.9477151358601521,-5.311172221237659
frm,75,2,-3.8058467188245233,-5.31193013607028
pls,67,19,-1.4412868769591212,-5.545177970403295
doc,68,17,-1.5673848002474893,-5.780230736584035
baby,87,31,-1.2131685438772237,-5.799902295394404
got,181,104,-0.7360654746579147,-5.9820497921988105
periods,74,16,-1.7127133699865666,-6.212113570551612
b,71,10,-2.14137455816228,-6.339856920166216
hav,88,4,-3.272792929458772,-6.401716139351653
sir,100,29,-1.4194367624254065,-6.730080700819327
r,86,13,-2.0709459326322515,-6.959406563410223
wat,90,7,-2.735640129882243,-6.971779569592905
nd,150,3,-4.095120173398867,-7.023090282346563
sex,109,30,-1.4718882104772666,-7.139065813677299
d,104,13,-2.2613757717825838,-7.687202503355045
bt,172,4,-3.9447529760775932,-7.799353566262455
u,119,25,-1.7422895151254494,-7.91922472739483
plz,121,23,-1.842416882386293,-8.09959636893812
im,209,75,-1.2079274318316315,-8.97398864051099
me,537,298,-0.7750651981572574,-10.729767803427704
m,332,91,-1.4797201417630177,-12.505447081375829
her,465,155,-1.285782897773199,-13.863222585624568
she,731,287,-1.1255026145899212,-16.15743131070162
n,735,25,-3.5763517751129603,-17.585216963829925
