article_id,frame,lex_L,lex_N,lex_R,lex_diff_lr
qb_000001,crime_and_punishment,25.29034756108475,36.09340805766494,-5.110835616753281,30.401183177838032
qb_000001,health_and_safety,62.1856029088392,39.69524462643753,-22.050999456326064,84.23660236516527
qb_000001,public_sentiment,42.19569052733392,9.907272951511441,3.8153280835909587,38.38036244374297
qb_000001,quality_of_life,28.14700107322942,17.535143993657464,31.979730927267532,-3.8327298540381136
qb_000026,cultural_identity,-8.910378576696553,3.1520472694181803,-8.808306596922389,-0.10207197977416449
qb_000026,legality_constitutionality,-11.172385389076178,-23.693241049436377,-25.166370508894264,13.993985119818086
qb_000026,security_and_defense,-15.264601738522146,-9.609117829656828,-0.46157940568636135,-14.803022332835784
qb_000053,economic,54.144699198302916,21.28689750605866,4.5281167140891645,49.61658248421375
qb_000053,policy_prescription,-1.9358458271073773,-12.105887213411782,4.796715105227604,-6.732560932334982
qb_000072,external_regulation,-4.584269833657822,22.156948573443877,-18.9851480645595,14.400878230901679
qb_000072,political,8.354834174459214,-32.666161478846796,-31.057019802578196,39.41185397703741
qb_000072,public_sentiment,30.194427462661086,-11.845075579296891,-4.70063410166033,34.895061564321416
qb_000088,economic,21.851673401050757,-18.135756505829516,22.616351052612295,-0.7646776515615379
qb_000088,external_regulation,26.34302567430349,17.405107853312924,-17.29613204019139,43.639157714494885
qb_000088,policy_prescription,13.304767898131269,28.525817877969207,1.9827359329168939,11.322031965214375
qb_000088,political,32.35438629829363,20.509190911583712,8.606678407438498,23.747707890855136
qb_000088,public_sentiment,3.0043277205755277,1.5859899756017701,8.17020058234674,-5.165872861771211
qb_000107,capacity_and_resources,13.74124068496405,34.34200471159214,37.323555583077734,-23.582314898113687
qb_000107,economic,36.24750144451317,-15.35909621138941,4.5387093953894,31.70879204912377
qb_000107,fairness_and_equality,6.130726264283073,47.77100531490564,-5.0735898102967045,11.204316074579777
qb_000107,legality_constitutionality,23.732271935153904,-15.979599655919936,-10.15569254833121,33.88796448348511
qb_000107,morality,31.16559776746512,6.412708473607765,-1.5278848606717257,32.69348262813684
qb_000107,policy_prescription,24.59913052880824,-6.154530017877987,-10.768565277793583,35.36769580660182
qb_000121,legality_constitutionality,-1.2671607280961137,-24.120361057720007,1.3314143688776507,-2.5985750969737644
qb_000121,political,17.746801556462277,-7.713302593470776,-1.8203865487529,19.567188105215177
qb_000123,morality,54.438217879271306,-1.1961722755189363,-1.834683280570374,56.27290115984168
qb_000123,political,25.289837227445048,29.725234284335066,-2.5968159328941773,27.886653160339225
qb_000130,legality_constitutionality,-26.59891938250352,-23.425314656213928,-36.59240639353744,9.993487011033917
qb_000130,policy_prescription,-6.400704324774354,-12.606435504886228,-9.681958517498451,3.281254192724097
qb_000130,political,48.835970983213166,39.674555561246244,-7.304082582234381,56.140053565447545
qb_000157,legality_constitutionality,29.454968852129902,-11.107434528116379,-37.08070686849634,66.53567572062624
qb_000157,policy_prescription,27.75920553315414,15.620139349978817,-9.4888609818457,37.24806651499984
qb_000157,political,44.70098729290416,-18.114503524037747,-12.061055778531918,56.762043071436075
qb_000178,economic,61.050656234371985,-22.18014146935882,-23.886879535216185,84.93753576958817
qb_000178,policy_prescription,28.18699909203333,8.478537618384081,-15.24423575357133,43.431234845604656
qb_000178,political,-20.62719148227698,-17.515335055330745,-20.752320083612357,0.1251286013353763
qb_000215,legality_constitutionality,8.569018074408843,-16.443719084749144,-23.99093977458526,32.5599578489941
qb_000215,political,16.411939839519707,14.078938176013656,-20.340082792694325,36.752022632214036
qb_000215,public_sentiment,44.17611662236319,-15.606049113687288,10.521656564222617,33.65446005814057
qb_000218,crime_and_punishment,21.770460183759674,-5.953549505593052,29.230838933849036,-7.460378750089362
qb_000218,cultural_identity,40.30749880557013,30.651688345267907,-6.429687559170018,46.73718636474015
qb_000218,legality_constitutionality,9.608973225283558,-29.86592696907902,-16.71821875637153,26.32719198165509
qb_000218,morality,27.77737946755669,-1.0162124451324543,13.866452853746646,13.910926613810043
qb_000223,health_and_safety,49.528509896341006,66.64889337855624,28.6106674367083,20.917842459632705
qb_000223,policy_prescription,7.862940330863253,44.06578835744215,-2.436022961368881,10.298963292232134
qb_000223,political,50.09136373343457,40.24045718613793,14.110074499115719,35.98128923431885
qb_000233,economic,48.737751321425655,-10.818213521341374,-13.905936125377758,62.64368744680341
qb_000233,legality_constitutionality,11.443112097294168,-0.6432745489940107,-12.91332716808643,24.3564392653806
qb_000233,political,42.8177199118581,33.06939148002741,6.2955525532684735,36.52216735858963
qb_000233,public_sentiment,46.62742093352469,8.975484245531918,1.0603869812571576,45.56703395226753
qb_000241,legality_constitutionality,16.27456966655155,-25.086624226669965,-23.70537891358693,39.97994858013848
qb_000241,political,-21.47194236199895,1.4008257205017447,9.039882198969826,-30.511824560968776
qb_000241,public_sentiment,-6.476196448522664,30.171019499219735,-8.647229081090334,2.1710326325676697
qb_000253,economic,49.487871103804125,6.259820745777347,32.66565181813645,16.82221928566767
qb_000253,political,44.31048583653077,12.306374064787137,14.886922795002198,29.423563041528574
qb_000253,quality_of_life,28.690161815403172,20.8769547285925,-15.165204376228463,43.85536619163163
qb_000266,political,-1.8233980783059498,-33.459491133522405,-14.470860552013946,12.647462473707996
qb_000266,security_and_defense,-1.2475776884502405,-46.05312175190863,-18.921152893854853,17.67357520540461
qb_000273,health_and_safety,81.36172828258401,11.330113376792175,-9.24554481172905,90.60727309431306
qb_000282,economic,55.19570712081437,-11.250630085030835,-21.243457323865353,76.43916444467972
qb_000282,political,34.23597753111467,19.74830321109417,20.292672287971254,13.943305243143417
qb_000282,public_sentiment,47.931755632494834,20.0032452589168,8.433370763440475,39.49838486905436
qb_000304,health_and_safety,27.513117208714448,-4.9802072539648305,-3.3324017648684383,30.845518973582887
qb_000304,legality_constitutionality,-7.299116188080299,-9.903430317443274,-0.8350413768025171,-6.464074811277781
qb_000304,policy_prescription,24.52437568842568,13.371798550329638,5.552463205961557,18.97191248246412
qb_000304,political,13.409536391118511,20.59567898837797,-1.1051359845875948,14.514672375706105
qb_000304,public_sentiment,35.257436290346746,-15.699403580975495,-25.489703683711664,60.74713997405841
qb_000312,economic,45.12467872443434,-31.494337693006678,-21.306003886429426,66.43068261086377
qb_000312,health_and_safety,70.50544566551203,16.191614712525183,-1.4970525657641698,72.00249823127619
qb_000312,policy_prescription,36.97007436360772,19.635094739179603,-3.287013140677382,40.2570875042851
qb_000312,political,32.710932974776185,25.385590091184547,-23.187204331584383,55.89813730636057
qb_000332,health_and_safety,74.85805733210789,33.031944721663194,-6.383155895757339,81.24121322786523
qb_000332,policy_prescription,15.916430589157152,-12.110250898666163,3.4958249830431,12.420605606114052
qb_000332,political,32.64267362086091,35.681991238014916,25.287990601631673,7.354683019229238
qb_000332,public_sentiment,27.115293815836342,-12.629541431870848,-22.63557891554679,49.75087273138313
qb_000343,morality,2.9278814312722705,25.49170470683247,3.6191074757835704,-0.6912260445112999
qb_000343,political,-9.934156880698538,-14.467556725446794,1.0753875403661375,-11.009544421064675
qb_000343,public_sentiment,6.736689765907477,14.223877781524756,13.912988068954249,-7.176298303046772
qb_000405,capacity_and_resources,7.271496166440349,17.987542940169394,-6.125305932355813,13.396802098796162
qb_000405,policy_prescription,3.229877402620831,21.78763560977501,-11.435184703348305,14.665062105969136
qb_000405,political,-10.076023503428408,26.860668740281945,-2.720878607194382,-7.355144896234026
qb_000405,security_and_defense,20.988337734277366,-37.855039007560535,-21.071434482046502,42.059772216323864
qb_000416,capacity_and_resources,19.70277501752328,33.93583740008567,4.160811021678897,15.541963995844384
qb_000416,external_regulation,12.245230243421517,33.01725902700537,0.7839204660816315,11.461309777339885
qb_000416,policy_prescription,1.500813185010801,-20.38369974534061,-5.304115410104804,6.804928595115605
qb_000416,political,11.583308270076095,-18.80967205423413,9.34409364126167,2.239214628814425
qb_000416,public_sentiment,22.25969524306278,5.428684255911017,1.9096001793411033,20.350095063721675
qb_000416,security_and_defense,-1.775163580672138,2.9772613235027805,3.590932012583771,-5.366095593255909
qb_000433,morality,31.041612498321477,-1.2826534561156295,-8.952102090689216,39.99371458901069
qb_000433,political,14.851583387739167,19.89323843336253,0.16259092382972418,14.688992463909443
qb_000433,public_sentiment,40.41048772080367,8.848601453780487,-16.927603349682705,57.33809107048638
qb_000441,capacity_and_resources,15.90628273269491,37.87118557065738,-6.5168796343499125,22.423162367044824
qb_000441,cultural_identity,24.176246456898642,19.709894192706066,5.443247794452861,18.73299866244578
qb_000441,public_sentiment,54.3656402397445,-2.9764248980555674,-12.261872945271035,66.62751318501553
qb_000441,security_and_defense,48.52380970104769,18.496624930174,-1.6190858674729514,50.14289556852064
qb_000457,capacity_and_resources,31.24629764097606,46.553984603645084,18.4756687154515,12.770628925524559
qb_000457,policy_prescription,16.824802076861783,6.28462379812369,9.500341640533701,7.324460436328081
qb_000457,political,61.5302081459759,32.30382397047944,1.320600033686601,60.209608112289295
qb_000481,policy_prescription,23.659740195251235,13.278673379442948,-0.6985519261958573,24.358292121447093
qb_000481,political,15.1295268169474,36.79768331024453,7.333655739423596,7.795871077523804
qb_000503,capacity_and_resources,23.530445080982304,-2.7825786286522542,-16.681122638062522,40.21156771904482
qb_000503,health_and_safety,33.69400788041933,30.12341734852216,30.632252631671,3.0617552487483266
qb_000503,policy_prescription,-2.710085534697763,-0.27040987079774104,29.43067843645715,-32.14076397115491
qb_000503,political,33.85307307232127,14.120581651472962,2.5308731674445086,31.322199904876765
qb_000503,public_sentiment,48.567896470677205,-12.692059770782292,15.015192897517379,33.552703573159825
qb_000503,quality_of_life,53.41605020010454,23.316528216142327,-18.912840205896806,72.32889040600135
qb_000513,morality,23.898986227157632,-16.192418108675003,-25.93583144510827,49.8348176722659
qb_000513,political,11.767162741855671,19.968359765823912,-12.09637726756515,23.863540009420824
qb_000527,cultural_identity,14.941348279394058,15.95719273207834,-4.767029780959266,19.708378060353326
qb_000527,fairness_and_equality,15.641341711220774,19.43431500350344,-15.89344563644096,31.534787347661734
qb_000527,political,41.08983944691482,18.90928105149569,-15.741042623534453,56.83088207044928
qb_000532,capacity_and_resources,37.46386911304553,-15.91515968860893,-22.003895567709087,59.46776468075462
qb_000532,cultural_identity,19.25457420225426,-16.31198972382783,-36.04975393504908,55.304328137303344
qb_000532,public_sentiment,38.61547289384122,0.3354803605170802,-23.640623267018228,62.25609616085945
qb_000532,quality_of_life,37.53760913990901,-7.65993151335844,-22.80366772846916,60.34127686837817
qb_000544,crime_and_punishment,-14.467295458351106,26.093247245660166,-25.04791003568504,10.580614577333932
qb_000544,economic,33.453409073355864,-8.54217049511227,-22.464501070785566,55.91791014414143
qb_000544,external_regulation,21.92464461206145,26.621435719771867,-26.401766835499416,48.326411447560865
qb_000544,legality_constitutionality,7.030499858309241,-10.915396668900833,-0.9536239308817722,7.984123789191013
qb_000544,security_and_defense,36.8820220255479,-40.30683386848764,-13.051260792822845,49.93328281837074
qb_000580,economic,35.15186199879173,34.832907105663516,23.348426929137496,11.803435069654235
qb_000580,quality_of_life,53.49316832317914,31.440035224409453,32.81367482962509,20.679493493554048
qb_000602,economic,-7.298605986658819,-10.938253038778665,10.542569276106978,-17.841175262765795
qb_000602,legality_constitutionality,32.40292357291445,-24.837974097391005,-25.900633868001382,58.30355744091584
qb_000602,policy_prescription,7.623846298162286,13.19703409877685,-8.187484653045406,15.811330951207692
qb_000602,political,11.502986675405719,14.636613805553813,-25.24137962278897,36.74436629819469
qb_000618,capacity_and_resources,34.215083747669134,48.404746208399864,-2.782208056840085,36.99729180450922
qb_000618,health_and_safety,66.5899138062781,19.089421599823435,8.511004377824406,58.0789094284537
qb_000618,policy_prescription,27.461339491306468,11.225365536967221,7.246279864393571,20.215059626912897
qb_000618,quality_of_life,22.06124934536164,15.465855323190528,4.517038260227805,17.54421108513384
qb_000635,cultural_identity,16.83058174942581,22.807264711734113,1.8249311505950039,15.005650598830806
qb_000635,fairness_and_equality,28.969254391922078,7.244383303792798,-34.61826387311862,63.5875182650407
qb_000635,morality,27.474408154899322,0.20707075257257812,-8.638988602900076,36.1133967577994
qb_000635,policy_prescription,-0.45779368079231086,3.6463215653736802,-2.2341298703021284,1.7763361895098175
qb_000635,political,54.652571330024,20.55139638271506,0.4854135402255,54.1671577897985
qb_000635,public_sentiment,37.23290429071571,-9.9432277473031,-19.634385043739705,56.867289334455414
qb_000648,economic,45.88667246161664,-8.015614435282414,-20.939976769030515,66.82664923064715
qb_000648,fairness_and_equality,8.291476735196616,70.76828068102792,9.614248874710816,-1.3227721395141998
qb_000648,health_and_safety,60.945887249777634,54.608688519560296,35.56723379071121,25.378653459066427
qb_000648,policy_prescription,20.03981216593248,25.126562710078215,-8.498231879925353,28.538044045857834
qb_000648,political,57.70112564113474,22.47435304631695,-3.1436855545897098,60.844811195724446
qb_000651,capacity_and_resources,41.25090540084712,39.436130142234994,4.186977029042424,37.06392837180469
qb_000651,crime_and_punishment,61.459856247673514,37.2269192241593,-14.14160377557257,75.60146002324609
qb_000651,economic,44.42118933162043,4.984899120775051,26.61670703274138,17.80448229887905
qb_000651,external_regulation,29.02778279765359,38.3622073843285,-12.95040992354243,41.978192721196024
qb_000651,policy_prescription,50.61397141544276,-1.2588606724770584,-0.15505014793084082,50.769021563373606
qb_000651,political,7.493542588149741,43.84253770536934,54.899393703863346,-47.4058511157136
qb_000651,quality_of_life,30.033942101870885,46.79990430161094,7.939013740236185,22.0949283616347
qb_000712,cultural_identity,13.584047605634805,20.760481202520758,-15.833458551992937,29.41750615762774
qb_000712,fairness_and_equality,55.428215974977924,47.3694095486239,-13.358711863669603,68.78692783864753
qb_000712,legality_constitutionality,36.32924686131759,1.016960247911059,-9.488154195531138,45.81740105684873
qb_000712,policy_prescription,53.79934426888844,3.053219799586636,-10.053698259305865,63.85304252819431
qb_000712,political,6.787347921485391,34.22103858500612,10.966373309228377,-4.179025387742986
qb_000712,public_sentiment,25.981707494871902,-5.763587568356235,-4.742694193724376,30.724401688596277
qb_000725,crime_and_punishment,26.27880087024834,30.042773037041055,27.936753554859454,-1.6579526846111143
qb_000725,cultural_identity,-11.345865497042219,38.90677236487383,-8.220703756656814,-3.125161740385405
qb_000725,legality_constitutionality,9.177071828957406,-3.382823772864153,-14.115928601868049,23.293000430825455
qb_000725,political,21.64667252792337,-25.74247341294914,-5.849619383314186,27.496291911237556
qb_000725,public_sentiment,46.385090562910584,-24.545756653656966,-19.352802493345397,65.73789305625598
qb_000725,security_and_defense,30.216811274543492,17.962398418618587,-12.965612286280967,43.18242356082446
qb_000742,capacity_and_resources,22.495577318241676,-6.42780335615961,-9.953497800248496,32.44907511849017
qb_000742,external_regulation,40.592312429702424,-7.785271868276363,4.220321430007787,36.37199099969464
qb_000742,political,35.2949822779096,25.38680885856395,36.861391198898744,-1.5664089209891472
qb_000742,public_sentiment,63.821613101052506,-10.17124447596447,-6.361141370670551,70.18275447172306
qb_000749,fairness_and_equality,22.79139503500278,12.88733386226186,-9.422966353772628,32.21436138877541
qb_000749,policy_prescription,-6.69215932538104,2.478307418426077,4.299211484768244,-10.991370810149284
qb_000749,political,16.299971892020007,27.2374774427499,-10.356653805688739,26.656625697708748
qb_000749,public_sentiment,21.299225237171477,-17.288072415890344,14.678622450868216,6.620602786303261
qb_000759,crime_and_punishment,26.14063216267063,2.937713296004892,5.805361009032165,20.335271153638466
qb_000759,political,7.642717984125111,9.997813512870927,-6.604415189830421,14.247133173955532
qb_000764,political,23.065786020402662,27.005379892586706,-25.34804279961417,48.41382882001683
qb_000764,public_sentiment,28.45165613707758,-14.4956071898666,20.44239056451629,8.00926557256129
qb_000775,economic,55.66129789928889,-7.84504100963635,-29.39606805091654,85.05736595020542
qb_000775,external_regulation,9.146249230348868,12.770307941044035,8.83973753119486,0.306511699154008
qb_000775,policy_prescription,45.72736705461573,24.95306200922843,-12.049794805783113,57.77716186039885
qb_000775,political,25.091981470407923,-3.712759469662878,-13.496066035558833,38.588047505966756
qb_000780,crime_and_punishment,21.185736120648247,-2.8427962758737397,-14.833720247775192,36.01945636842344
qb_000780,external_regulation,45.83103365346308,-22.10318502138513,-37.82206837745888,83.65310203092196
qb_000780,policy_prescription,34.90630496220575,-11.730401179897543,-40.009434640282336,74.91573960248809
qb_000780,political,58.88044526226813,-18.536641442447685,-0.04246529376949404,58.92291055603763
qb_000799,capacity_and_resources,6.26069044226097,16.733131713167847,7.649075356666539,-1.3883849144055684
qb_000799,crime_and_punishment,32.742088189665886,17.649371502631986,-26.51381293526684,59.25590112493273
qb_000799,external_regulation,15.427845747416537,-3.9671213064684974,-36.275600891937344,51.703446639353885
qb_000799,policy_prescription,6.314431751486977,-8.404008453632699,-24.426822665416577,30.741254416903555
qb_000799,political,7.838544171350129,-36.7417476584918,-11.492249539505906,19.330793710856035
qb_000799,security_and_defense,14.489684368105653,-20.09426605832523,-32.29131571925927,46.78100008736493
qb_000833,capacity_and_resources,19.71986332612174,28.374785934245946,-8.161264770957208,27.88112809707895
qb_000833,health_and_safety,12.469844347078661,46.54837748135565,7.385064331244342,5.084780015834319
qb_000833,political,58.53954553600357,2.815451434584609,-2.3209913811843776,60.86053691718795
qb_000833,security_and_defense,41.52609296816584,12.977060046269296,0.6843831187609176,40.84170984940492
qb_000880,capacity_and_resources,35.81573682538888,37.197362133945575,-11.181411432431291,46.99714825782017
qb_000880,cultural_identity,41.372955073572555,-2.6914419133236733,19.256375108351467,22.11657996522109
qb_000880,economic,56.434620695350205,3.7655620873772686,-23.921633850337436,80.35625454568765
qb_000880,health_and_safety,29.495711568311417,61.437887428665306,50.65007694934145,-21.15436538103003
qb_000880,policy_prescription,46.407980168758776,37.75817245899001,-9.497234924789653,55.90521509354843
qb_000880,political,31.043386883101743,33.02448965841133,14.970983042715858,16.072403840385885
qb_000880,quality_of_life,33.429302408777524,44.032908251709934,33.096362264794735,0.33294014398278904
qb_000880,security_and_defense,37.75081991444992,56.33475293145152,26.787653175986932,10.963166738462988
qb_000902,legality_constitutionality,0.15032353840583257,-7.338016813220465,-17.74420506887626,17.89452860728209
qb_000902,policy_prescription,53.43488005199318,15.427850357700018,-34.678716063883314,88.1135961158765
qb_000902,political,11.980856438779123,32.53186863241359,19.630716358947236,-7.6498599201681134
qb_000909,capacity_and_resources,45.623973804892465,27.98301859611412,-12.1125058525325,57.736479657424965
qb_000909,health_and_safety,56.506421082510606,43.421103453200544,10.858692311269692,45.647728771240914
qb_000909,policy_prescription,16.84077204363571,-0.5497974513812817,13.423599456740034,3.417172586895676
qb_000909,public_sentiment,15.602579123047773,27.872788728452488,35.53900307204975,-19.936423949001977
qb_000946,economic,32.2583448904944,-8.253853552404747,-7.030044188098751,39.28838907859315
qb_000946,policy_prescription,44.119191253743615,0.2711280385949668,15.356120045081726,28.76307120866189
qb_000946,political,68.48896973548672,-2.5013800363073897,-7.333801066620159,75.82277080210687
qb_000946,quality_of_life,60.89509450444847,54.32307407481324,1.4886784070608161,59.406416097387655
qb_000980,legality_constitutionality,21.82937091502786,-15.167026666610877,-19.849448807690955,41.67881972271881
qb_000980,policy_prescription,21.842411445426663,3.759596263295897,-24.66342645623409,46.505837901660755
qb_000980,political,49.32691994222519,30.779272299874208,-3.534461382918713,52.8613813251439
qb_000980,security_and_defense,5.477680852482271,2.6277269414267277,-5.721638790719489,11.199319643201761
qb_001015,capacity_and_resources,9.454467971978021,-19.667662987980577,-17.004976027573903,26.459443999551922
qb_001015,legality_constitutionality,-20.057950291067275,-18.96423181059844,-0.6445057413940615,-19.413444549673212
qb_001015,political,-2.5068711800735524,26.336430843324067,2.4057589206192507,-4.9126301006928035
qb_001031,policy_prescription,57.82636383490969,-0.24386724919253355,-5.141635671260378,62.967999506170074
qb_001031,political,20.1437258763241,36.32355016934602,-2.797049528208191,22.940775404532292
qb_001035,crime_and_punishment,12.990813568305786,28.05259443867009,15.998816944054251,-3.0080033757484657
qb_001035,fairness_and_equality,-3.5714984883537175,29.024963690760924,6.504585971189504,-10.076084459543221
qb_001035,health_and_safety,55.6183870560258,59.75993824796248,26.464148190510215,29.154238865515588
qb_001035,legality_constitutionality,34.72600399144501,-20.84875914667593,-11.124650046747835,45.85065403819284
qb_001035,political,20.41458136107193,21.24017642213881,-1.463440479975704,21.878021841047634
qb_001041,cultural_identity,-0.9201762146536463,23.81396484307746,17.94016115645211,-18.860337371105757
qb_001041,morality,-6.701690865849659,-28.287853145222797,-11.280236689009525,4.578545823159867
qb_001041,political,16.866038430533408,14.502246516032093,10.78345925760174,6.082579172931668
qb_001047,legality_constitutionality,23.883000095076916,-20.170211641003103,-26.66158892412491,50.54458901920182
qb_001047,policy_prescription,16.847393713827795,10.03222921953168,-9.054617422248851,25.902011136076645
qb_001047,political,10.936725283406679,24.61210465972635,-33.03042480885519,43.96715009226187
qb_001047,security_and_defense,40.21280147848748,25.003256820316718,-16.868425515734337,57.081226994221815
qb_001055,cultural_identity,0.9404382141581484,19.066501256465017,-4.4233217737169035,5.363759987875052
qb_001055,fairness_and_equality,-3.4197757125583905,-20.062505924025125,-12.91673478341226,9.496959070853869
qb_001055,morality,32.2650050165478,-14.095015928350811,2.7140934718489556,29.55091154469885
qb_001055,public_sentiment,57.001536194621636,-6.482748008730769,27.362525520510893,29.639010674110743
qb_001080,crime_and_punishment,25.87535811420671,53.38545577113542,-6.064242246972309,31.939600361179018
qb_001080,external_regulation,55.0507183974594,44.39770968155185,11.751679813116999,43.2990385843424
qb_001080,health_and_safety,72.4644090459849,-7.6664976092686254,-15.355652980201013,87.82006202618591
qb_001080,legality_constitutionality,56.47089594609248,13.206227187189402,-4.730932360781132,61.201828306873615
qb_001080,morality,22.569384405939857,1.8069527889007755,-20.750290028472936,43.31967443441279
qb_001080,political,46.4486711328884,28.522983765342243,-25.68254163295219,72.13121276584059
qb_001080,public_sentiment,46.515136733584214,22.724516916609396,-5.7426185585694025,52.25775529215362
qb_001080,security_and_defense,35.18049688691178,-17.77320924723065,-7.6923314718404505,42.87282835875223
qb_001115,morality,29.392952837924316,-7.657793983293536,-25.425552583486596,54.81850542141091
qb_001115,political,34.934749328853606,25.735720142482737,-29.906283746327993,64.8410330751816
qb_001115,public_sentiment,24.052119847677957,-14.093454149133281,-12.928447594785853,36.98056744246381
qb_001143,crime_and_punishment,31.210831509080826,2.4076025499236557,-16.755187359052943,47.96601886813377
qb_001143,political,21.650001352300183,21.719307740405476,-8.032784261853413,29.682785614153595
qb_001143,public_sentiment,39.03811040912893,-15.193168458930053,-22.187122688768447,61.22523309789738
qb_001143,security_and_defense,42.125003881936436,-11.229876306315381,-21.35568172613538,63.480685608071816
qb_001153,crime_and_punishment,-7.986437636976734,42.51671334538964,29.4112405918543,-37.39767822883103
qb_001153,cultural_identity,18.29574249826042,40.59428540299951,12.95900097616926,5.33674152209116
qb_001153,legality_constitutionality,-3.6189689102274976,-24.91181937297605,-11.44715267780988,7.828183767582383
qb_001153,morality,-8.017575910639701,1.3894087657280736,11.280140181628278,-19.29771609226798
qb_001153,political,20.64595051290926,37.609761265528306,-15.247951919658064,35.89390243256732
qb_001153,public_sentiment,15.538715349962333,37.2934588856421,30.418395998227663,-14.87968064826533
qb_001199,crime_and_punishment,10.739043219542415,-9.811628004308636,-24.23069761337052,34.96974083291293
qb_001199,external_regulation,23.5072750966388,23.13834875852774,-21.85443589244619,45.36171098908499
qb_001199,legality_constitutionality,1.607137509004072,-30.64510739813703,-0.8389667470019526,2.4461042560060244
qb_001199,political,-0.418984993660834,-11.603939746204158,-19.99238601588219,19.573401022221354
qb_001205,morality,25.326367517182597,-17.086871073569775,-9.06321171255631,34.38957922973891
qb_001205,political,6.236715280024022,22.968144849419403,-5.220987739967513,11.457703019991534
qb_001205,security_and_defense,-6.321662207525327,-0.6825555822737119,-8.188358073028464,1.8666958655031376
qb_001238,legality_constitutionality,1.714111616473159,22.016365024108957,15.564689560402492,-13.850577943929332
qb_001238,political,-4.445611818366194,7.338840101901481,-7.385454530044236,2.9398427116780423
qb_001238,public_sentiment,-0.03184377564322921,29.223525170156368,-19.418783888137792,19.386940112494564
qb_001305,political,20.112677687339115,27.643626614261063,-0.013829517885543596,20.12650720522466
qb_001323,morality,42.30718428985268,6.210129501502767,-13.61154828688645,55.91873257673913
qb_001323,public_sentiment,34.8328842323341,-5.55873889527988,-25.21841937319077,60.05130360552487
qb_001323,quality_of_life,35.16564959022782,20.282345931541713,1.7266526363244992,33.43899695390332
qb_001358,cultural_identity,22.259517330236285,24.28928831585588,-1.5385019461583243,23.79801927639461
qb_001358,fairness_and_equality,8.623203075496422,57.358781565817964,46.967925624866716,-38.344722549370296
qb_001358,legality_constitutionality,53.84137358428506,-9.22917490770748,-28.87297112136895,82.71434470565401
qb_001358,policy_prescription,31.792942089495327,5.0540181875571015,-11.285200137968129,43.07814222746346
qb_001368,cultural_identity,15.89560667282266,22.84113740772319,-10.744800511807895,26.640407184630554
qb_001368,fairness_and_equality,16.145860335331438,16.597106757849165,5.497451191975902,10.648409143355536
qb_001368,morality,-14.251320227207035,-20.45247491658369,-31.986819615227223,17.735499388020187
qb_001368,political,29.605287307597575,8.028141026000897,-14.93149827941121,44.53678558700879
qb_001368,public_sentiment,34.590610179815506,-12.136898117381085,21.524061094678167,13.06654908513734
qb_001374,crime_and_punishment,15.705805417961107,28.143568083918293,2.8639471542488,12.841858263712307
qb_001374,economic,46.66750055969196,11.405624478304857,-16.747362842755326,63.41486340244728
qb_001374,fairness_and_equality,37.304389268926386,34.84094597194334,17.403218593092735,19.90117067583365
qb_001374,legality_constitutionality,12.774543671439574,-14.011651976132919,-3.7282878473827274,16.5028315188223
qb_001374,morality,36.962858656014824,-8.590297190988862,27.44238816982669,9.520470486188135
qb_001405,external_regulation,15.119079362804644,4.53671421827876,-29.457169794923246,44.57624915772789
qb_001405,morality,40.04631130901368,-4.085689520258658,-12.146215391348399,52.19252670036208
qb_001405,policy_prescription,18.762965758378066,-13.808304942790587,-40.70084714713391,59.46381290551198
qb_001405,political,37.04029318715762,-18.427375628776524,-4.553522469531595,41.593815656689216
qb_001405,security_and_defense,24.231396236078794,9.858856235008838,-26.61249767414259,50.84389391022138
qb_001418,cultural_identity,30.10269805509635,34.274142664898484,-19.789763512995727,49.892461568092074
qb_001418,legality_constitutionality,11.94244555556612,-17.80018943188037,-44.97861562248808,56.9210611780542
qb_001418,political,20.901766095947394,26.000502947313038,-1.8823442855517407,22.784110381499136
qb_001418,public_sentiment,63.234149268316074,36.06454585267612,-16.791801186953,80.02595045526907
qb_001455,cultural_identity,3.9722567694445314,8.98447049235517,11.585307345470884,-7.613050576026353
qb_001455,political,28.75686600591192,-23.98365617246337,3.3540871523034217,25.4027788536085
qb_001455,public_sentiment,3.572066043078519,-10.885043920635171,18.57682072058658,-15.00475467750806
qb_001527,external_regulation,20.819066892874467,1.2690529200095302,-16.953436048629747,37.772502941504214
qb_001527,political,63.823682397626136,8.310047988044806,-13.381270152354224,77.20495254998036
qb_001527,security_and_defense,10.169165540506278,2.6212503419310025,-21.805326299708,31.974491840214277
qb_001555,economic,36.938816842039955,21.40718675086685,-26.609545695800524,63.548362537840475
qb_001555,health_and_safety,36.45352903409982,50.2066788117765,39.04238794426923,-2.5888589101694066
qb_001597,crime_and_punishment,6.398613687788094,-25.86528121581737,5.180262128507731,1.2183515592803635
qb_001597,legality_constitutionality,-21.634496160318925,-18.028299754708076,19.55400521575581,-41.18850137607474
qb_001597,political,-5.307321409391832,15.868300300897907,6.1504227647544605,-11.457744174146292
qb_001597,security_and_defense,9.246198081674784,19.625796914451534,-22.206640376079946,31.45283845775473
qb_001630,economic,48.81350340320349,-25.496564351739234,13.570382876777199,35.243120526426296
qb_001630,fairness_and_equality,28.006252056672995,49.19572593302431,14.276827790741523,13.729424265931472
qb_001630,health_and_safety,54.850267949939074,60.31074834237351,-1.737742132347151,56.588010082286225
qb_001630,policy_prescription,39.65493972233333,3.516233643596125,10.039429935497477,29.615509786835855
qb_001630,political,-6.181162825599243,14.609756377566251,0.738035040507544,-6.919197866106787
qb_001694,legality_constitutionality,-4.288105990361344,-12.909189631461196,-31.28710160321003,26.998995612848685
qb_001694,political,11.50499544928288,20.489797974161295,-18.076211600040352,29.581207049323233
qb_001695,cultural_identity,34.84800466757897,44.85674499526421,-23.66515178820841,58.51315645578738
qb_001695,legality_constitutionality,40.588212717058234,-15.706568519257761,-11.178610150497859,51.766822867556094
qb_001695,policy_prescription,16.775414749652594,19.8526469246092,-14.67406231333477,31.449477062987363
qb_001695,political,8.38739487572585,35.67905597580731,-30.431007956331065,38.81840283205692
qb_001703,legality_constitutionality,14.363554576652632,-20.161031325578914,-20.408755655557712,34.772310232210344
qb_001703,morality,0.5925692621084738,-17.12378376214694,-25.543875021476154,26.136444283584627
qb_001703,political,31.840816272754445,26.81344722622613,8.9099414735945,22.930874799159945
qb_001729,legality_constitutionality,23.480611464479285,-2.870031564587714,6.171953743406422,17.308657721072862
qb_001729,political,20.868916616910894,26.77411262710232,26.417078913078893,-5.548162296167998
qb_001729,public_sentiment,44.67457954499141,17.96502585544104,-17.434700535173114,62.109280080164524
qb_001732,legality_constitutionality,0.10690820114934763,-22.77441557504022,-46.47637864590369,46.58328684705303
qb_001732,political,29.22828625152981,-9.111820540177906,16.95913183925081,12.269154412279
qb_001786,economic,26.56401458748393,-14.039235957020649,-35.45466906968681,62.01868365717074
qb_001786,policy_prescription,31.97291464103851,7.155693566423547,-33.61799928583598,65.59091392687449
qb_001786,political,28.389346963309347,-13.290736051412445,24.658905085813803,3.7304418774955437
qb_001789,political,39.12723158271008,34.28092051582018,9.311277261861354,29.815954320848725
qb_001789,public_sentiment,18.017388453406042,-4.672672789334799,-3.1862600220825508,21.203648475488592
qb_001793,legality_constitutionality,39.9974294614978,-9.360600633645037,-12.171064730644341,52.16849419214214
qb_001793,morality,24.284267329283587,-8.521226263178445,-24.417436090057368,48.70170341934096
qb_001793,policy_prescription,51.51355290273374,-4.983033196853314,9.489723173747755,42.02382972898599
qb_001793,political,2.2791633623579983,5.437328503562018,20.19380285634226,-17.91463949398426
qb_001798,external_regulation,45.0431730048281,-16.13010162831779,-3.6213277086458726,48.66450071347397
qb_001798,political,16.014936784854292,18.28175677176373,-10.569670043964297,26.58460682881859
qb_001798,security_and_defense,20.876994937224463,15.746707227167144,11.431099559352624,9.445895377871839
qb_001810,economic,32.58003267962402,37.526304520457614,16.574430578721525,16.005602100902493
qb_001810,health_and_safety,23.827866538523004,-4.108219274477391,10.877670768940058,12.950195769582946
qb_001810,morality,37.77348682240489,3.939652085969149,-5.8340671648590225,43.60755398726391
qb_001810,political,-9.595304746197233,31.3176903441933,14.741286411869966,-24.3365911580672
qb_001810,public_sentiment,48.005588985450785,10.90583199962684,-21.014553137837513,69.0201421232883
qb_001810,quality_of_life,26.90929435442632,58.148636542860764,24.048971520860956,2.8603228335653625
qb_001810,security_and_defense,-2.2183366821658916,28.192451249597728,19.935988551350317,-22.154325233516207
qb_001815,economic,0.25928508760953584,24.640076436019694,-7.3373520281497715,7.596637115759307
qb_001815,legality_constitutionality,21.778250237908818,-2.674571466844226,-13.515573823374199,35.29382406128302
qb_001815,political,-17.004746366839925,17.871959888943955,23.293972670935446,-40.29871903777537
qb_001848,health_and_safety,16.5153282103804,32.57266792569615,29.20898946824416,-12.69366125786376
qb_001848,legality_constitutionality,28.755860026882814,-4.398780157534635,-38.394438282985156,67.15029830986796
qb_001848,policy_prescription,18.048682416747905,-6.632464445541059,-23.562673195334632,41.611355612082534
qb_001848,political,-1.8039932714995304,7.585007191065392,-13.496585611743335,11.692592340243804
qb_001857,capacity_and_resources,25.542898533239214,31.231954081757156,32.98552944981435,-7.442630916575137
qb_001857,health_and_safety,35.62818212609702,61.0003518118119,36.07826475273843,-0.45008262664140375
qb_001857,security_and_defense,47.52009315818204,17.546643643747327,-13.74770160638294,61.26779476456498
qb_001867,crime_and_punishment,26.715899904925326,56.14978143540493,-8.780664587375828,35.496564492301154
qb_001867,cultural_identity,56.30849499509823,43.378189064025605,31.71545324351128,24.59304175158695
qb_001867,fairness_and_equality,26.930210110848698,37.87429981165891,3.786496879107127,23.14371323174157
qb_001867,political,17.488824248171078,28.084647896807855,-17.400346491895377,34.889170740066454
qb_001867,public_sentiment,21.333126346830774,34.691485703057374,23.703479391854955,-2.3703530450241814
qb_001867,security_and_defense,56.472284098758784,45.71316555466194,-4.484459078317485,60.95674317707627
qb_001879,crime_and_punishment,13.516003731298422,28.229264520029915,-3.267177367811133,16.783181099109555
qb_001879,legality_constitutionality,10.197491918384861,-12.75010267241807,-18.73070640121494,28.9281983195998
qb_001879,policy_prescription,9.174998969835663,22.083998584400305,-12.908997981655826,22.08399695149149
qb_001879,political,10.510295976254783,-11.853267327168432,-16.628768528137513,27.139064504392294
qb_001879,public_sentiment,24.77255342371722,-4.628259425479338,2.8338425435551566,21.938710880162063
qb_001879,security_and_defense,-5.654912660078895,-3.436287553938381,30.97883337176345,-36.63374603184234
qb_001914,crime_and_punishment,12.419732117553874,32.83643582286982,1.0507825780327735,11.3689495395211
qb_001914,fairness_and_equality,16.078238188391257,15.666494874555113,-15.085119145181359,31.163357333572616
qb_001914,policy_prescription,6.7335304679687304,-2.968654941271258,17.204667626579575,-10.471137158610844
qb_001914,political,62.77595924054306,30.136704298163618,-2.4280457539407685,65.20400499448382
qb_001914,public_sentiment,55.09893962866662,-15.578044542334581,-29.19699295987459,84.2959325885412
qb_001918,external_regulation,34.455395121000016,-10.908858047294087,-10.890734969874432,45.346130090874446
qb_001918,policy_prescription,-6.3804755069573105,14.734009467900455,-16.123656642539284,9.743181135581974
qb_001918,political,35.27335406013623,-25.33070786353439,13.976603103530591,21.296750956605635
qb_001918,public_sentiment,21.023770607928522,-6.302554243569971,-11.243198649852056,32.26696925778058
qb_001918,security_and_defense,27.64717749257278,-34.293073238687676,-10.775172711194969,38.42235020376775
qb_001922,cultural_identity,34.779305975322316,12.084620828848344,1.571264637008297,33.20804133831402
qb_001922,fairness_and_equality,24.434923563175705,33.96826085962755,39.96118684707775,-15.526263283902043
qb_001922,morality,-1.199825662641097,-17.89085535808568,18.659048478915565,-19.85887414155666
qb_001922,public_sentiment,36.73292407794311,-23.058594864227075,-14.44341703410728,51.176341112050395
qb_001925,policy_prescription,42.25415277745894,24.447908422678502,23.600601693078154,18.653551084380787
qb_001925,political,22.520682712224904,29.314978007271666,-25.992380108711092,48.513062820936
qb_001944,economic,48.94401501967317,-19.630734095651754,-15.7588205108997,64.70283553057287
qb_001944,policy_prescription,-27.570448177976505,-3.3905403815542727,10.847294416510445,-38.41774259448695
qb_001944,political,-2.214267483428183,20.538273444529796,8.761367613948574,-10.975635097376756
qb_001947,capacity_and_resources,6.46263053897328,19.607030698836233,-18.198955047908594,24.661585586881873
qb_001947,health_and_safety,36.218198778854884,24.265850342614858,24.333763963712823,11.884434815142061
qb_001947,political,-9.253467059675037,32.829784429061796,24.8986405676088,-34.15210762728384
qb_001947,public_sentiment,20.30985963093697,-22.911195352333174,27.18088314045266,-6.871023509515691
qb_001971,political,54.76398996671457,14.339201542025547,-12.096890886501125,66.86088085321569
qb_001971,public_sentiment,54.60766057034315,-23.603796294985514,7.314853912983699,47.29280665735945
qb_001997,economic,27.75322976454558,28.76217899557038,11.148566080860167,16.604663683685413
qb_001997,health_and_safety,29.44727350982234,38.09393579835003,3.169271021397428,26.278002488424914
qb_001997,policy_prescription,6.571037994626565,13.299924895026072,15.686871957276493,-9.115833962649928
qb_001997,political,-8.185035306661373,-28.714240494281054,6.3518088965903035,-14.536844203251675
qb_002008,crime_and_punishment,35.15529910338495,24.8067889678671,-17.63315874202731,52.78845784541225
qb_002008,public_sentiment,46.84062183724712,6.377746646345862,4.332904380813557,42.50771745643356
qb_002008,security_and_defense,65.043185048939,0.5147711322964088,-26.332163516546682,91.37534856548568
qb_002026,political,17.732135143299182,15.838887870983806,0.11230067483762157,17.619834468461562
qb_002026,public_sentiment,35.367588779972216,-9.697132363979883,-2.776712420576954,38.14430120054917
qb_002058,capacity_and_resources,11.30669802959406,33.57060479556664,-7.546176103489019,18.852874133083077
qb_002058,external_regulation,24.29966052991029,-11.451714677287988,-5.392907158126987,29.69256768803728
qb_002058,political,-22.6718501395201,18.104959989370073,-10.253167759976234,-12.418682379543865
qb_002058,security_and_defense,7.784922340547881,17.49358096268907,25.79901223989171,-18.01408989934383
qb_002093,cultural_identity,27.87793684068654,-22.978533599086575,-15.665862890734509,43.543799731421046
qb_002093,public_sentiment,26.29969366023423,-16.84993479667029,33.143620322979245,-6.843926662745016
qb_002097,external_regulation,28.652533966368274,-34.08316246071776,-4.2483105673009804,32.90084453366926
qb_002097,legality_constitutionality,13.263602684222594,-10.0783853593978,-11.775363140976356,25.03896582519895
qb_002097,policy_prescription,18.538888946189466,8.801334046907687,-0.8696543002889235,19.40854324647839
qb_002097,political,24.07446708494789,19.987231224580476,25.333936125874857,-1.259469040926966
qb_002097,security_and_defense,-17.239542346692186,-32.69961133342866,-15.838098588069368,-1.4014437586228183
qb_002112,fairness_and_equality,10.519433269915536,46.0777570311048,5.153041852366426,5.36639141754911
qb_002112,policy_prescription,-7.586535234997675,39.77431383859512,-3.0213129329314974,-4.565222302066178
qb_002112,political,32.21080820588548,9.713392982122386,-14.24837562114241,46.459183827027886
qb_002112,public_sentiment,15.893339248017867,24.754461240537747,6.67860025006885,9.214738997949016
qb_002154,crime_and_punishment,61.516582693704635,-26.233029354682987,-14.821553866272545,76.33813655997719
qb_002154,legality_constitutionality,6.351424295377334,4.314783592211295,-13.856375225367259,20.207799520744594
qb_002154,political,13.48090170162561,18.746137420773863,15.367709035769476,-1.8868073341438656
qb_002200,health_and_safety,41.7785645369889,-12.925395156828925,-29.96327965562892,71.74184419261782
qb_002200,political,25.166886087732248,20.08331024166896,7.534038270990485,17.632847816741762
qb_002200,public_sentiment,4.539671651562746,8.241256786673757,-17.451123059533312,21.990794711096058
qb_002260,crime_and_punishment,15.176521357930184,36.77854417693073,-12.474617556502118,27.651138914432302
qb_002260,external_regulation,-0.8487230183611971,12.388009524036963,-1.8284876298959756,0.9797646115347785
qb_002260,legality_constitutionality,-23.347320067529555,-22.316547499202468,-17.15878858152425,-6.1885314860053064
qb_002260,political,28.582228941430845,14.977460907058234,0.8546076108771001,27.727621330553745
qb_002260,public_sentiment,11.57402238975951,-25.040542198586426,-23.29914563899263,34.87316802875214
qb_002264,capacity_and_resources,12.143500337207222,18.891029649257025,-17.970952023130103,30.114452360337324
qb_002264,legality_constitutionality,9.805141357125386,-23.206106062581902,-3.3009150518238233,13.10605640894921
qb_002264,morality,32.61015756609678,-7.201963243222831,-24.23596025486809,56.84611782096487
qb_002264,policy_prescription,23.939765183262722,-16.311754862607305,-28.384928944093186,52.32469412735591
qb_002264,political,2.902138424322382,20.47578334247593,-4.846308101155149,7.748446525477531
qb_002264,security_and_defense,29.291946397906727,-21.014313974550713,-19.86440755159149,49.15635394949822
qb_002283,political,-22.936530278563303,-30.601657771444504,-24.27505889540882,1.3385286168455153
qb_002285,economic,-5.492407004776454,-19.72841581002438,-2.3456843740189957,-3.1467226307574583
qb_002285,external_regulation,24.483010118738356,23.205603478124544,2.369305613743771,22.113704504994587
qb_002285,policy_prescription,4.6017696104535775,-9.360463303606435,-0.011933720761091619,4.613703331214669
qb_002285,political,7.949624231506533,34.80007680677117,-6.37538145613147,14.325005687638004
qb_002304,cultural_identity,-8.833613932634114,34.189591549331176,-6.136381684154417,-2.697232248479697
qb_002304,policy_prescription,16.384532939512326,11.556537804194363,-24.146532440690645,40.531065380202975
qb_002304,political,51.983359626580224,-2.6907626650661474,-13.51955417787319,65.50291380445341
qb_002304,public_sentiment,65.68457587812829,23.63997282745673,-4.447185437323876,70.13176131545217
qb_002324,legality_constitutionality,18.655354774175464,-10.048639963221762,-2.759856911953763,21.415211686129226
qb_002324,political,-3.3457382844815315,21.421310578713396,-7.696552357081559,4.350814072600027
qb_002324,public_sentiment,17.296423471043788,5.807206082029012,-5.807263025254047,23.103686496297833
qb_002379,crime_and_punishment,24.039120308105858,17.214080415998453,17.313767680205615,6.725352627900243
qb_002379,cultural_identity,25.377495473130683,13.699393948994581,-5.288199126178742,30.665694599309425
qb_002379,political,58.39929444950481,38.564489847221935,11.464575802438208,46.9347186470666
qb_002379,public_sentiment,29.803979709764395,29.639644116297006,-25.896486942866023,55.70046665263042
qb_002415,economic,53.49061254280833,-4.033620848714039,-15.1960973615827,68.68670990439102
qb_002415,external_regulation,27.669021984393275,-17.896214581455432,-16.528496815448765,44.197518799842044
qb_002415,health_and_safety,59.225792633914025,32.69239302476272,5.176271408401517,54.04952122551251
qb_002415,policy_prescription,27.083798243578606,-18.273133144256956,-8.714217228074888,35.79801547165349
qb_002415,security_and_defense,18.82729979507728,-0.8255045383057746,-1.7913340886709233,20.618633883748203
qb_002433,health_and_safety,41.828044381147954,42.79210702698436,-2.473681600114422,44.30172598126238
qb_002433,legality_constitutionality,25.25683175512499,-15.410969727827933,-40.94100717514184,66.19783893026683
qb_002433,policy_prescription,10.765044672274858,24.671908210621126,1.5658827519415475,9.19916192033331
qb_002433,political,51.378717614890995,16.23527432461369,27.043890945161053,24.334826669729942
qb_002440,crime_and_punishment,7.7039534798542455,-16.75305012987386,-47.53248053370954,55.23643401356378
qb_002440,legality_constitutionality,-32.100450572627636,-17.14650867459391,-24.86436120204309,-7.236089370584548
qb_002440,political,50.809487951564954,14.544535464265492,15.491979166714238,35.317508784850716
qb_002440,security_and_defense,-6.281168564583817,-30.636496891978155,-31.327942808673626,25.04677424408981
qb_002477,political,24.670387041194374,-11.040267901133896,-1.580103986477933,26.250491027672307
qb_002565,cultural_identity,31.52486272492423,33.198509043554445,-31.559846103180924,63.08470882810515
qb_002565,economic,29.50503826128483,-25.507836402716947,-28.589958187777817,58.09499644906265
qb_002565,external_regulation,28.925529249182343,13.396669856904191,-42.901817439571104,71.82734668875345
qb_002565,legality_constitutionality,38.37258212730484,-21.512919397112746,-34.76047644862375,73.13305857592859
qb_002565,morality,56.62575976929144,-14.221642546098039,9.335097322826211,47.290662446465234
qb_002565,policy_prescription,33.89656959629802,3.48084452977752,-17.966215678958733,51.862785275256755
qb_002565,political,51.81853569729752,26.542806623305456,20.06899803011705,31.74953766718047
qb_002573,economic,-23.80036984799211,22.422140546663584,18.699625134810933,-42.499994982803045
qb_002573,fairness_and_equality,7.248724023520536,11.787244933353008,-11.054547992983927,18.303272016504465
qb_002573,legality_constitutionality,19.85170317289431,-11.57700616889866,-2.5215277085342738,22.373230881428583
qb_002573,policy_prescription,9.71105576695695,28.0365890147287,3.393899329982675,6.317156436974274
qb_002573,political,23.307258697436705,33.19979661788754,7.767655261087784,15.539603436348921
qb_002638,external_regulation,25.251638372776327,11.86429607106956,-3.00130991546036,28.252948288236688
qb_002638,political,40.055298286503586,24.119123138301916,27.679677011243847,12.37562127525974
qb_002638,security_and_defense,11.647134044276765,-32.47815419180815,-30.11274397742811,41.75987802170488
qb_002742,capacity_and_resources,34.40109332640489,26.42239858334951,15.624885641112737,18.776207685292153
qb_002742,economic,23.375744891753747,14.315410399833295,25.64444272021561,-2.268697828461864
qb_002742,health_and_safety,47.77321052094937,18.38617696778257,12.51709655067768,35.25611397027169
qb_002742,public_sentiment,37.44364754677677,37.534000737632425,-16.028730598496388,53.47237814527316
qb_002748,cultural_identity,36.20137768200642,-0.10021387404605997,-26.90984786984672,63.11122555185314
qb_002748,fairness_and_equality,23.93920232523798,31.20261737408593,-1.511155229704356,25.450357554942336
qb_002748,morality,9.043924952341094,-12.58997178273603,-17.333634053867854,26.377559006208948
qb_002748,public_sentiment,35.402677937001634,-20.64066366213249,8.972057210457113,26.43062072654452
qb_002761,crime_and_punishment,9.019245988523021,31.537104069380486,-22.455078254471033,31.474324242994054
qb_002761,legality_constitutionality,6.5282941293202885,-14.252827714820008,-24.424074494265128,30.952368623585414
qb_002761,political,32.19246281544812,-16.429160686036173,-13.022324995646395,45.21478781109451
qb_002761,public_sentiment,43.18125646368649,-0.6478994767065408,19.33044283463832,23.85081362904817
qb_002761,security_and_defense,-11.754815637432605,31.37216699070513,-5.2120919174545435,-6.542723719978062
qb_002768,political,45.40969695402909,17.6127130706591,-19.31322404664719,64.72292100067628
qb_002787,external_regulation,-8.958733683351497,8.948311184168602,-22.81556599388339,13.856832310531892
qb_002787,policy_prescription,-4.149301873484376,14.285250955548008,-5.300137491321978,1.1508356178376022
qb_002787,political,21.04852024647686,26.40314455622227,-4.974277642126222,26.02279788860308
qb_002787,security_and_defense,17.14732620462613,-39.781863055214835,-19.195487995221345,36.342814199847474
qb_002833,cultural_identity,23.862181861815372,25.901858569796754,15.38669574679208,8.475486115023292
qb_002833,fairness_and_equality,-3.0469692370118078,13.28335288212176,-3.4692193646900735,0.42225012767826575
qb_002833,health_and_safety,53.38816336517926,49.57541438154113,41.85951513268494,11.52864823249432
qb_002833,legality_constitutionality,29.008538973759038,-18.141726212278172,-18.300936313484804,47.30947528724384
qb_002833,morality,20.80494508533735,-12.34179815992665,-32.75395489774115,53.558899983078504
qb_002833,policy_prescription,9.174683522016469,-5.381315923153595,-16.851126704792886,26.025810226809355
qb_002833,political,37.067851119664276,20.7401201379523,5.38065777144658,31.687193348217697
qb_002855,crime_and_punishment,62.11691416859885,-12.423508253908587,-39.861578976680995,101.97849314527986
qb_002855,legality_constitutionality,44.614899536471675,-8.888727702214217,-11.542812520795977,56.15771205726765
qb_002855,political,50.234048933975934,-17.33788190665264,-4.1525578970326835,54.38660683100862
qb_002855,public_sentiment,51.123670978585,-12.611321919795001,15.697232072838677,35.42643890574632
qb_002881,economic,-12.022405092496282,35.63465096354218,-8.651717731187919,-3.370687361308363
qb_002881,public_sentiment,9.087421012096666,15.453765192238397,-22.865278815389328,31.952699827485993
qb_002903,capacity_and_resources,23.20343716743345,12.401797275904956,-21.63638783069083,44.83982499812428
qb_002903,economic,21.745485515592353,-31.99463682405392,-4.092503591307465,25.83798910689982
qb_002903,policy_prescription,13.269054149824882,-4.220487377044147,10.347408716094069,2.921645433730813
qb_002903,quality_of_life,48.00118394993249,23.55267242522803,15.226161510673823,32.77502243925866
qb_002913,fairness_and_equality,-3.9197956188874015,-0.08783332864514426,8.862749517202701,-12.782545136090103
qb_002913,legality_constitutionality,-22.24572418897804,-22.040875212457948,-11.3589778484698,-10.88674634050824
qb_002913,political,33.92344820245009,-21.661164810662388,27.74560447357794,6.177843728872148
qb_002918,external_regulation,30.147974874685794,-27.018464192300602,-28.90366291551704,59.05163779020283
qb_002918,legality_constitutionality,-9.819202460858886,-13.83192424485464,-5.1687677111345,-4.650434749724386
qb_002918,political,-1.0335996266374723,23.88267574948034,-16.385638183838424,15.352038557200952
qb_002918,security_and_defense,8.050997494073576,11.97322409838057,0.021633100627635113,8.02936439344594
qb_002961,capacity_and_resources,-0.7585466847254742,21.85974980951294,-2.0330714553943774,1.2745247706689034
qb_002961,other,-9.180493311856369,-14.906771509375597,-33.96250752637718,24.782014214520814
qb_002998,cultural_identity,31.633631198901607,34.487884882590755,24.24478117025822,7.388850028643386
qb_002998,fairness_and_equality,-8.32341170817924,14.8801558982032,-14.518207039259522,6.194795331080282
qb_002998,morality,-9.46528871809571,-5.774251398941402,-1.0788396000885085,-8.386449118007201
qb_002998,political,50.526196830197975,29.627377736410757,29.73765319004195,20.788543640156025
qb_002998,public_sentiment,40.87758539875326,-9.167252157257243,-14.140899697377579,55.01848509613084
qb_003012,crime_and_punishment,1.5443463734629326,3.461088013938765,-5.796593086022249,7.340939459485182
qb_003012,cultural_identity,21.04215261629273,-9.892206402631654,-27.35543933235014,48.39759194864287
qb_003012,security_and_defense,47.65410646792587,-15.236820130945786,-20.572646816307696,68.22675328423357
qb_003014,capacity_and_resources,11.537138469883503,26.41742976981045,-0.922876086827881,12.460014556711384
qb_003014,health_and_safety,23.487881213793877,9.756770941443536,3.665980347839851,19.821900865954024
qb_003014,policy_prescription,-1.783709262855464,9.460833813762724,-0.15136946351486436,-1.6323397993405997
qb_003014,public_sentiment,31.041313054354227,13.747303821973231,-25.348575899685223,56.38988895403945
qb_003040,capacity_and_resources,24.574168050673222,32.38161330074562,-7.468644484088125,32.042812534761346
qb_003040,political,28.090891969193205,11.093397332240977,38.79003333044042,-10.699141361247218
qb_003040,public_sentiment,45.89539186082071,-22.22088969675345,-40.40365789868103,86.29904975950174
qb_003040,security_and_defense,32.56031554031939,-12.302432675937352,-13.261698947010549,45.82201448732994
qb_003052,political,-1.9802094587677257,23.596114962509013,-23.032703852581548,21.052494393813824
qb_003052,public_sentiment,-7.469905303552758,-13.351882673209706,33.28262264217043,-40.75252794572319
qb_003060,economic,62.06045637790575,-8.724369950728976,34.47147384333078,27.588982534574974
qb_003060,health_and_safety,38.429849553973085,-9.329832144156251,-1.4844936350659914,39.91434318903907
qb_003060,policy_prescription,36.02020586172561,-14.909388786370638,-27.202841575382713,63.22304743710832
qb_003060,political,3.917419996284767,17.293820999477337,-13.890754296970439,17.808174293255206
qb_003064,legality_constitutionality,6.119067884373911,-30.30549981946031,-22.737302295092295,28.856370179466207
qb_003064,political,-17.030523722396847,12.213434452861687,-5.290698634960926,-11.739825087435921
qb_003070,crime_and_punishment,60.56158958402895,-13.229137613298429,15.176290498529653,45.3852990854993
qb_003070,fairness_and_equality,43.86681648725211,62.0655308833912,26.9976170319633,16.869199455288808
qb_003070,health_and_safety,67.73176323696323,67.09120434309881,28.392453817704254,39.33930941925898
qb_003070,legality_constitutionality,12.881559470018145,25.72438593516201,-21.354000664940642,34.23556013495879
qb_003070,policy_prescription,26.85883073976393,50.39664383054655,5.640711706447854,21.21811903331608
qb_003070,political,6.952022080630261,20.718271648068207,-9.776204821491447,16.72822690212171
qb_003084,crime_and_punishment,40.74272074334179,22.99885587543148,-29.938845759456214,70.681566502798
qb_003084,cultural_identity,30.627678757673415,8.60814126627426,20.525642221806095,10.10203653586732
qb_003084,public_sentiment,21.608143852755628,0.5131215636665221,7.112239547159924,14.495904305595705
qb_003103,external_regulation,10.047090754154835,14.694871468276261,-24.24613105613048,34.29322181028532
qb_003103,political,4.132802444814278,-4.080451165603652,2.864424937242587,1.2683775075716905
qb_003103,security_and_defense,20.907403488631523,-19.292970100488283,1.7553577133280085,19.152045775303513
qb_003125,capacity_and_resources,8.62832190036626,-17.90648745341499,-18.613452142483773,27.241774042850032
qb_003125,policy_prescription,33.78630704392606,-4.866979625446369,-16.62893503041875,50.4152420743448
qb_003125,security_and_defense,52.23624173987432,-16.647071275434023,-10.949574684623057,63.18581642449738
qb_003135,cultural_identity,36.445221081527635,36.4953005018812,-4.341678515199524,40.78689959672716
qb_003135,fairness_and_equality,42.30954847711387,4.827934066935616,29.954864389538088,12.354684087575784
qb_003135,legality_constitutionality,39.828703165294954,-1.262351640575556,-0.7305548372036499,40.5592580024986
qb_003150,economic,10.06990959399965,24.51165832129899,14.01389419194491,-3.94398459794526
qb_003150,policy_prescription,12.167627850044362,19.368194200456546,12.09563795920458,0.07198989083978091
qb_003150,political,40.45567121264179,36.750986032205425,-1.6357843910095307,42.09145560365132
qb_003153,capacity_and_resources,-5.850482363647504,-14.130979018506531,-14.15350728362418,8.303024919976675
qb_003153,security_and_defense,-3.724397107816193,9.874774616366714,-23.569463693573223,19.84506658575703
qb_003166,legality_constitutionality,11.289198346121122,-4.04069957091764,3.466519037073896,7.822679309047226
qb_003166,political,-10.619988857382552,-28.128195007190342,33.78152733831534,-44.401516195697894
qb_003166,public_sentiment,51.68354541039415,-13.146541100172225,22.28689406413243,29.396651346261724
qb_003173,health_and_safety,51.57281647377525,0.6243370741770236,35.847221876386925,15.725594597388323
qb_003173,policy_prescription,35.28375374039938,23.40456603975828,-7.426474163303866,42.71022790370325
qb_003178,health_and_safety,17.1976009933159,24.231875478935326,-3.124557828231355,20.322158821547255
qb_003178,legality_constitutionality,9.257583945063224,-18.905138969408636,-11.26137909273962,20.518963037802845
qb_003178,morality,8.828846745057442,-14.64558968770894,-5.153496424343331,13.982343169400773
qb_003178,policy_prescription,3.089635699862618,-17.34275470855984,-1.3634956821741848,4.453131382036803
qb_003178,public_sentiment,30.773696747041242,-14.104243489053761,8.026010043560394,22.74768670348085
qb_003183,economic,47.47423711543345,-27.912560598049993,11.106295501117192,36.367941614316265
qb_003183,legality_constitutionality,-3.5453263004227766,-21.131435327225862,-16.88791649458503,13.342590194162256
qb_003183,policy_prescription,32.67043540241056,-28.14392387439123,20.022193047752207,12.648242354658354
qb_003183,political,-0.31885707328650525,34.5595803881384,-13.103615420531005,12.7847583472445
qb_003191,health_and_safety,65.40058475852628,22.759562813114307,1.7934273423614218,63.60715741616486
qb_003264,fairness_and_equality,27.83230774507043,31.08466795498121,-3.3910913441734065,31.223399089243838
qb_003264,political,47.12175612988684,-3.971716932366972,7.104775277821395,40.016980852065444
qb_003272,crime_and_punishment,12.564617192706743,-42.019379467110284,-44.26363311361154,56.82825030631828
qb_003272,legality_constitutionality,2.89020277686617,-21.18632245807504,-25.800431763753842,28.69063454062001
qb_003272,political,22.624859962017723,15.823706753316724,-4.521155052932435,27.14601501495016
qb_003272,public_sentiment,17.24129357198878,18.348433537836065,11.239630577979215,6.001662994009566
qb_003304,legality_constitutionality,-17.600021885209397,-23.745057556651314,-10.762311407170685,-6.837710478038712
qb_003304,policy_prescription,22.539337549430623,-16.293593141449843,-27.05727169048812,49.59660923991874
qb_003304,political,49.27450972209336,21.20136714715428,5.110563533513295,44.16394618858007
qb_003304,public_sentiment,41.073434499237784,-7.238026314453444,-15.57025767333999,56.64369217257777
qb_003384,policy_prescription,-36.70628814978449,-22.70807075640744,10.541533432565343,-47.247821582349836
qb_003384,political,2.307294489947006,19.766485236735416,54.505619083712304,-52.1983245937653
qb_003384,security_and_defense,-39.79474279543084,33.31071806619436,1.5197353504664028,-41.31447814589725
qb_003439,policy_prescription,25.287034753669612,8.012639446268484,-13.469831517642948,38.75686627131256
qb_003439,political,-6.846506150293488,22.222693820065135,5.901101358343393,-12.74760750863688
qb_003439,public_sentiment,50.563684965550195,6.644217212957648,-14.817664340103022,65.38134930565322
qb_003439,security_and_defense,4.936438346038987,28.59581483248405,-11.450199657076963,16.386638003115948
qb_003494,crime_and_punishment,53.78717312600724,32.41526890613421,3.140726234587657,50.64644689141958
qb_003494,health_and_safety,68.08461419031352,3.2092483668612033,-1.9483519075199038,70.03296609783342
qb_003494,legality_constitutionality,32.019381797500095,-5.347757634843539,-3.280548694008742,35.29993049150884
qb_003494,security_and_defense,36.10862434773253,-16.870546833949618,-6.365694488017614,42.47431883575015
qb_003499,capacity_and_resources,53.17818725392246,19.40159709504732,-16.059800736515843,69.2379879904383
qb_003499,external_regulation,39.53249126797536,-3.425939415720363,-22.153546245643202,61.68603751361856
qb_003499,health_and_safety,33.31282737341684,54.155769941059965,34.23342939765088,-0.9206020242340429
qb_003499,political,58.51982381213865,14.96075538527007,-6.276430935289577,64.79625474742822
qb_003525,economic,37.97219462876442,-9.462159976777388,13.222893669250722,24.749300959513697
qb_003525,external_regulation,31.63809971603941,17.328014547330437,13.915163009837814,17.722936706201594
qb_003525,policy_prescription,7.443499053369261,23.594113033530125,-4.7677235646303355,12.211222617999596
qb_003525,political,48.60212094445126,-8.419166427243873,2.323963865684345,46.27815707876691
qb_003607,legality_constitutionality,17.7457154883409,-17.47881749832859,-11.306225908646107,29.051941396987004
qb_003607,political,0.1994575247886745,43.503685951244165,-11.546103525397898,11.745561050186573
qb_003648,external_regulation,-3.0684961997685045,-15.458202661326506,26.70143310872601,-29.769929308494515
qb_003648,policy_prescription,39.98150052009805,-1.743105034960907,-22.255390284235414,62.23689080433347
qb_003648,political,16.72127201973237,26.923076209162506,-2.616709056813492,19.337981076545862
qb_003648,public_sentiment,53.60299681236766,-6.6012644983793685,-30.648067190066143,84.2510640024338
qb_003648,security_and_defense,34.32240964822206,-17.19895835895047,-34.27780390458087,68.60021355280293
qb_003651,economic,36.4085646160187,-16.268220157858742,8.614233049189133,27.79433156682957
qb_003651,legality_constitutionality,18.79360541877576,-15.065679869229603,-2.4526256374449957,21.246231056220754
qb_003651,political,18.465438531528743,15.584170582376872,-11.020703369315704,29.486141900844448
qb_003665,capacity_and_resources,4.25230936877286,18.636241796087393,-14.58686747770901,18.83917684648187
qb_003665,health_and_safety,45.37902881959674,-0.37049202762146677,15.584338612828478,29.794690206768262
qb_003665,policy_prescription,3.8615460184553045,-35.41610865183391,-15.499315456778286,19.36086147523359
qb_003665,political,-14.315693537741918,-4.4323097585250135,2.1018578281734266,-16.417551365915344
qb_003665,public_sentiment,29.552827822460916,-15.18162861295485,-8.108529124635414,37.66135694709633
qb_003665,security_and_defense,27.284369356369854,21.480829110180842,-5.285669042014385,32.57003839838424
qb_003713,capacity_and_resources,59.063350875315365,17.153982679372834,-24.769316455438123,83.83266733075348
qb_003713,economic,36.93313212418399,41.512266892764984,0.9466849519742715,35.98644717220972
qb_003713,health_and_safety,53.87720871991875,36.50082699975217,0.484779906034442,53.39242881388431
qb_003713,political,17.75761929525576,-5.905590185626581,39.6431782324831,-21.88555893722734
qb_003722,legality_constitutionality,31.744942509263154,-30.09360402513237,-30.950489797068194,62.69543230633135
qb_003722,political,23.527881411524202,32.54944842403272,26.011741799894196,-2.483860388369994
qb_003722,public_sentiment,48.758391415291996,-15.611864746409413,-17.25268569339884,66.01107710869084
qb_003725,crime_and_punishment,51.14744843835109,-16.60574806789009,3.4625717392246416,47.68487669912645
qb_003725,legality_constitutionality,3.422893937831275,-3.63235751231649,-3.4097009677207253,6.832594905552
qb_003725,political,12.375264992595062,20.35996199794379,12.031895234749376,0.3433697578456858
qb_003737,economic,18.57979618535867,-11.845935337977647,-16.226046847730743,34.80584303308942
qb_003737,health_and_safety,44.04355800159931,36.44089277994662,-12.431554661611452,56.47511266321076
qb_003737,legality_constitutionality,30.02345796018301,-26.039766936431803,-15.14613801740125,45.16959597758426
qb_003737,morality,15.29641413719486,-16.217323337831,-21.228460471298146,36.52487460849301
qb_003737,policy_prescription,13.695786164893436,20.58984359802734,-9.716228810802745,23.41201497569618
qb_003747,crime_and_punishment,23.983746123251944,3.8297998761135323,-21.133414041284244,45.11716016453619
qb_003747,economic,21.98912457982785,-14.0013068120406,-20.02683952492234,42.01596410475019
qb_003747,fairness_and_equality,27.037458210736993,3.7899650070667894,-6.060267218068618,33.09772542880561
qb_003747,legality_constitutionality,12.281705885943643,11.664323506496032,-9.479852030886903,21.761557916830547
qb_003747,political,66.44504787002626,-8.936455752697537,-6.229101556160375,72.67414942618663
qb_003791,cultural_identity,21.362374896403704,31.548708574254295,-16.655794216306347,38.018169112710055
qb_003791,policy_prescription,10.970527187309342,-15.073948322527972,-5.756912604862325,16.727439792171666
qb_003791,political,11.52101868875704,24.07415074959351,-23.4976934421281,35.01871213088514
qb_003792,political,18.647151405464026,-17.609954419331736,16.18313450111994,2.464016904344085
qb_003792,public_sentiment,12.900510237171735,-18.670763351821286,1.1357351894673693,11.764775047704365
qb_003795,external_regulation,31.590213926303313,-5.703961583216407,-8.687005400914247,40.27721932721756
qb_003795,political,42.95089189666449,-30.639321490020837,-11.517113050721466,54.46800494738595
qb_003795,security_and_defense,54.50582134446845,-24.846616203576147,-12.980549545338695,67.48637088980715
qb_003828,cultural_identity,-17.367673665278335,16.247870183175493,5.109367715457738,-22.477041380736075
qb_003828,fairness_and_equality,-1.5265637177903644,26.689006683522013,-24.917214956955224,23.39065123916486
qb_003828,legality_constitutionality,-0.26562394450146254,-14.71453432510775,-36.77981508874759,36.514191144246126
qb_003828,policy_prescription,-32.07456563673251,2.699843769526762,-18.971158109315404,-13.103407527417104
qb_003828,political,45.87517300526379,18.01893594300291,-2.137808439426233,48.01298144469002
qb_003839,capacity_and_resources,5.701352738132715,23.769310396492628,20.431062121049877,-14.72970938291716
qb_003839,crime_and_punishment,30.03679265960982,46.10537278112728,-40.52517467497273,70.56196733458255
qb_003839,external_regulation,40.33680558451352,1.6480613054088094,-0.35088170648659434,40.68768729100012
qb_003839,fairness_and_equality,46.530709870615766,39.30733222875721,1.9005449980052722,44.63016487261049
qb_003839,health_and_safety,50.59630879258904,2.4314072016626325,4.041156496028153,46.55515229656089
qb_003839,policy_prescription,57.227498965985546,9.015339119255636,-7.575834586752888,64.80333355273844
qb_003839,political,11.197630515863493,27.759113198295225,-24.380597193720426,35.57822770958392
qb_003839,security_and_defense,42.80882002386242,30.287820454436545,-35.31440985962092,78.12322988348333
qb_003895,economic,41.728505016781014,42.45181982847637,-16.894790325348524,58.62329534212954
qb_003895,health_and_safety,71.13176256611078,64.8973368786315,10.851315098595785,60.280447467514996
qb_003895,legality_constitutionality,8.76723085361634,-15.991739461961188,-24.49136226290266,33.258593116518995
qb_003895,political,7.801929942946572,27.1414020762399,-41.50564804763936,49.30757799058593
qb_003917,policy_prescription,-4.161094888772867,2.2594198887578414,-29.79344359020124,25.63234870142837
qb_003917,political,-5.005461514781837,5.397296165200494,11.997742426386253,-17.00320394116809
qb_003917,security_and_defense,19.90686199554925,-36.31282603668293,-33.97967213739291,53.88653413294216
qb_003949,political,30.07600440535757,-4.7161325509932155,-35.368419734167325,65.4444241395249
qb_003949,public_sentiment,52.89287536703019,-1.8636130454252116,-15.276337118650778,68.16921248568097
qb_003955,capacity_and_resources,63.994821978473176,37.1055929943761,-16.951521895060132,80.94634387353331
qb_003955,economic,56.41390259765392,-4.821652460128471,-16.53487643746293,72.94877903511686
qb_003955,external_regulation,33.83237895492124,25.146944036344657,-6.6507589366063655,40.483137891527605
qb_003955,policy_prescription,61.30093813441919,22.044088074814923,-22.827709602299713,84.1286477367189
qb_003955,political,15.798406983911077,28.84996782209537,29.02602788459587,-13.227620900684792
qb_003955,quality_of_life,30.44484386419296,40.02614056504606,-31.49957884974457,61.94442271393753
qb_003961,cultural_identity,49.839201944756695,35.26372716442311,-0.8516437674709008,50.6908457122276
qb_003961,fairness_and_equality,48.24443279588888,8.93356805756957,-3.032809685167205,51.27724248105609
qb_003961,morality,8.681455821538112,-9.013633679950459,15.503656813645872,-6.82220099210776
qb_003961,political,44.45228734699626,32.623693590115366,28.291612688830078,16.16067465816618
qb_003961,public_sentiment,4.619017909298021,45.890932572186536,42.14252232941176,-37.52350442011374
qb_003967,cultural_identity,10.775761122354535,10.507130738512686,-16.532306869616146,27.30806799197068
qb_003967,economic,13.25081394773551,33.47024728199123,17.659163546504924,-4.408349598769414
qb_003967,legality_constitutionality,6.984361827283222,-21.94349829610535,-28.400567317319247,35.38492914460247
qb_003967,public_sentiment,33.874220638970016,-0.006443552717249834,-10.415674974728283,44.2898956136983
qb_003973,crime_and_punishment,55.80782708825112,-24.636118368630022,-6.840538337441967,62.64836542569309
qb_003973,legality_constitutionality,-6.450685576620578,-23.05169965703627,-14.947337952480646,8.49665237586007
qb_003973,political,54.29489612616379,-17.656464658323962,-0.6117426912971711,54.906638817460966
qb_003973,security_and_defense,19.365186521153813,-34.40601828796464,1.5832351361576613,17.78195138499615
qb_003976,economic,35.62636614798896,34.1000351258104,-23.799166049006317,59.42553219699528
qb_003979,capacity_and_resources,21.979996224553513,31.718289677120683,19.817922143024052,2.162074081529461
qb_003979,economic,58.03998443391769,21.924546465339116,26.52939947582454,31.510584958093148
qb_003979,public_sentiment,34.51679793153684,25.33458554707073,-4.932580073510746,39.44937800504759
qb_003979,quality_of_life,52.693308042734664,32.4913590703292,-1.8437799158156642,54.53708795855033
qb_003988,health_and_safety,83.82562439563546,43.74867953170134,-7.264167604596258,91.08979200023171
qb_003988,public_sentiment,-10.280646125795474,-14.746015125017582,7.379593489472294,-17.66023961526777
qb_003988,security_and_defense,6.2298379328058,20.226244496986233,15.027871051216618,-8.798033118410817
qb_003991,capacity_and_resources,8.331487182291884,10.242022300080855,-1.0418536842936892,9.373340866585574
qb_003991,political,4.4650159333464625,36.85906768354918,-28.76695806606452,33.23197399941098
qb_004090,capacity_and_resources,7.4214453606371755,27.40420888549764,-13.53659920946166,20.958044570098835
qb_004090,political,9.589955325541935,28.894513599962288,-4.5602686708099345,14.150223996351869
qb_004097,capacity_and_resources,36.671110269452235,29.91898580298579,4.975249391058272,31.695860878393965
qb_004097,economic,45.15556057354562,4.826787756960429,-4.515677735081147,49.67123830862677
qb_004097,quality_of_life,52.82576129449686,56.53414795414042,7.67624021576591,45.14952107873095
qb_004099,economic,28.74479807047618,-13.082699607918833,-32.20617717447256,60.95097524494874
qb_004099,legality_constitutionality,15.78832926356123,-17.524186514459835,-25.951883957032095,41.740213220593326
qb_004099,policy_prescription,35.115155300416816,20.951174153239666,-11.050209824173969,46.165365124590785
qb_004099,political,33.484158898845386,31.82256159232128,-13.63535087309897,47.11950977194436
qb_004139,crime_and_punishment,33.73646807915515,-23.506816400318456,-2.1302936675787936,35.86676174673394
qb_004139,legality_constitutionality,3.335632349198578,-13.838839327849517,-32.02066822738886,35.35630057658744
qb_004139,political,3.0682704261435902,27.33244915490603,-14.751349024839364,17.819619450982955
qb_004144,legality_constitutionality,49.079856878437305,-21.024236132315025,-21.99613934385814,71.07599622229544
qb_004144,morality,9.744735918178954,-20.5280135765881,-21.913586731962397,31.65832265014135
qb_004144,political,18.969750506281112,-29.446070179843876,-23.34511760006306,42.31486810634417
qb_004157,capacity_and_resources,-3.0496636614164543,23.51157932908575,-1.5594972213374914,-1.490166440078963
qb_004157,economic,49.04481652027065,13.42786629644826,0.7031764710888176,48.341640049181834
qb_004157,political,5.540467929450617,36.82895579244642,-3.5574588247210372,9.097926754171654
qb_004157,public_sentiment,27.955060454788526,9.800462664803966,21.872746181320007,6.082314273468519
qb_004157,quality_of_life,50.274276267142056,35.96768882960107,-5.068415914576052,55.34269218171811
qb_004157,security_and_defense,31.715853433808576,3.8515890287282044,-29.184566570380586,60.90042000418916
qb_004167,political,-0.02731561768712347,27.910021056210304,-18.68487747143292,18.657561853745797
qb_004167,public_sentiment,39.25076925953931,-3.6929786641187867,-10.710216714501861,49.96098597404117
qb_004170,capacity_and_resources,57.43881936800364,-9.534156357531938,-16.87420297264944,74.31302234065308
qb_004170,health_and_safety,51.200003225866524,-4.6367254828493,-10.560084689218762,61.760087915085286
qb_004170,policy_prescription,22.892080377622953,-0.15942683054187778,21.204557062402394,1.6875233152205595
qb_004170,political,39.030538101727245,11.106528061352545,14.545494893279677,24.485043208447568
qb_004230,capacity_and_resources,34.433185118057715,-19.556198231168985,-1.1472381773417197,35.580423295399434
qb_004230,external_regulation,-0.8571933375514886,27.495484543391107,-3.7263378311695607,2.869144493618072
qb_004230,policy_prescription,19.513160453573676,-6.798617764444472,-4.1168034128318896,23.629963866405564
qb_004230,security_and_defense,17.17801147960707,-26.751399843567643,-20.731366218153788,37.90937769776086
qb_004238,economic,-4.732101129807954,-21.325125654858326,15.979948776279482,-20.712049906087437
qb_004238,external_regulation,6.192213962381743,-10.576330128753186,-16.51483985478762,22.707053817169363
qb_004238,policy_prescription,18.99447881158311,4.543083921966545,-13.675488653513685,32.669967465096796
qb_004238,political,21.358214358783588,27.59571778511952,-9.28065353271714,30.63886789150073
qb_004298,capacity_and_resources,-16.124357526975388,-15.86577886357347,20.605102263944882,-36.729459790920274
qb_004298,cultural_identity,17.910860924099072,20.572760320009603,-9.889955103125857,27.80081602722493
qb_004298,economic,19.125313851980312,-24.6757178063867,23.531845049163337,-4.406531197183025
qb_004298,fairness_and_equality,28.94629524721706,-1.7392573624439995,1.2014297290693228,27.744865518147737
qb_004298,health_and_safety,58.572713970010476,30.893620302356233,-10.491397168343203,69.06411113835368
qb_004298,policy_prescription,-18.896102691231533,-29.259917065009592,-10.289342424037136,-8.606760267194398
qb_004298,political,41.76317791370542,28.274228553008363,-27.896761518314314,69.65993943201974
qb_004298,security_and_defense,13.894630007834072,-36.12219742501625,29.382621479979004,-15.487991472144932
qb_004319,external_regulation,4.259720014385656,22.771307662052134,0.06125975744439971,4.198460256941257
qb_004319,security_and_defense,2.88440002785913,-21.520784502355678,-17.506718773821493,20.391118801680623
qb_004334,capacity_and_resources,23.556833129840264,27.417405781747952,-3.148328451868111,26.705161581708374
qb_004334,health_and_safety,74.87605796084686,-6.4169594620301105,6.073809862201128,68.80224809864573
qb_004334,legality_constitutionality,69.08946630895153,-11.384353920616475,-16.216521148452934,85.30598745740446
qb_004334,political,-20.798547286456973,15.88466868651714,-11.189194615821783,-9.60935267063519
qb_004336,economic,37.892415343669896,33.26735586740069,-18.077292527190355,55.96970787086025
qb_004336,policy_prescription,33.4953529292348,31.440578723101382,8.690830815749122,24.804522113485675
qb_004336,political,23.04174568137764,39.34977819918728,13.918997607315651,9.12274807406199
qb_004336,public_sentiment,44.255868327103165,13.457480469633762,-6.049901377069676,50.30576970417284
qb_004336,quality_of_life,53.71383436807027,28.924079743604555,-18.88859927723448,72.60243364530476
qb_004358,crime_and_punishment,32.105709394412294,42.996910612345815,4.662776568953186,27.44293282545911
qb_004358,fairness_and_equality,15.967737683932244,30.967488788443255,-11.087958050660117,27.055695734592362
qb_004358,legality_constitutionality,17.940326275826028,-27.829187620879875,-32.78400727978814,50.724333555614166
qb_004358,policy_prescription,8.89101621691639,-3.1216323003208717,-1.5913254836400352,10.482341700556425
qb_004358,political,49.86222211497801,7.421793591182618,16.072987693457904,33.789234421520106
qb_004358,public_sentiment,22.399866408501836,7.86410348887279,-27.06201031529811,49.461876723799946
qb_004362,capacity_and_resources,6.811687413782746,33.00418500576292,14.427702614094901,-7.616015200312155
qb_004362,economic,35.462181336514455,-13.355055497157297,-21.23810195453642,56.70028329105087
qb_004362,health_and_safety,74.10402072575062,41.098380628544554,40.76760416599254,33.33641655975808
qb_004366,legality_constitutionality,-1.6127571721040697,37.50572502326096,12.887625427686245,-14.500382599790315
qb_004366,political,-27.22288215354102,13.615121154171764,-16.119161319597445,-11.103720833943573
qb_004366,public_sentiment,24.265339346905694,-2.880639358997725,-15.309038419624972,39.57437776653067
qb_004372,economic,-15.59172870425725,31.317228810948404,4.609864355566835,-20.201593059824084
qb_004372,legality_constitutionality,-13.021855867276695,-15.649207218596977,-21.30104248597654,8.279186618699846
qb_004372,policy_prescription,25.546444964360212,20.189701834602023,-6.1154848303705664,31.661929794730778
qb_004411,legality_constitutionality,24.541393234881916,-26.01606880941253,-24.203391309876455,48.744784544758375
qb_004411,political,-20.365384604467813,24.687147183292748,11.500021989754469,-31.865406594222282
qb_004454,legality_constitutionality,18.440383378169155,-23.317404396627374,-49.46126293928487,67.90164631745402
qb_004454,security_and_defense,49.80847658258643,-0.8412714751908839,-16.66955306423312,66.47802964681955
qb_004476,capacity_and_resources,19.284978125184974,4.049664484673469,23.91353771341215,-4.628559588227176
qb_004476,legality_constitutionality,-4.191672968241911,-30.002991184813176,-13.092682898389004,8.901009930147094
qb_004476,political,-11.79017582607559,17.709084287070503,0.5189336373246656,-12.309109463400254
qb_004476,security_and_defense,-14.720959018493344,13.246399771315522,-34.166135773083965,19.44517675459062
qb_004485,political,1.4030533575413169,36.46909455860072,-16.725927154018063,18.12898051155938
qb_004485,public_sentiment,25.86850205187701,-25.954485264548573,-11.551037843401385,37.41953989527839
qb_004491,external_regulation,43.81237837012223,-22.215961050028973,-20.26676978013612,64.07914815025835
qb_004491,legality_constitutionality,7.859173737751583,-20.889367888056317,-41.75258833300316,49.61176207075474
qb_004491,policy_prescription,19.308579394314677,-11.341231102494518,17.361738545678353,1.9468408486363238
qb_004491,political,0.4366877120132022,-24.410190952341495,-16.030838284525707,16.46752599653891
qb_004491,security_and_defense,10.552775243773413,2.8472628493510204,-6.858476827876871,17.41125207165028
qb_004498,health_and_safety,20.807115569918412,-16.23862266037791,7.684403206830127,13.122712363088286
qb_004498,policy_prescription,43.51666164536856,-19.140065244089957,12.405285418733943,31.111376226634615
qb_004499,political,8.288041709163855,26.810895584751318,-15.82522990988846,24.113271619052313
qb_004499,public_sentiment,13.41539389592983,27.422429640038168,-8.037160788770693,21.452554684700523
qb_004504,crime_and_punishment,11.660931027487722,38.83357414875482,-19.041729514836398,30.702660542324118
qb_004504,economic,28.539740536241514,-11.73580246436115,-13.260894159026162,41.800634695267675
qb_004504,health_and_safety,24.39602583410292,39.40439693412379,-7.643930177581951,32.03995601168487
qb_004504,legality_constitutionality,14.053328490274755,-8.322446815204014,-24.555210101998533,38.60853859227329
qb_004504,public_sentiment,0.8484172336057862,15.09063848811691,-33.839596522437255,34.68801375604304
qb_004512,external_regulation,-15.8760678146561,5.391660468660662,13.412100854076854,-29.288168668732954
qb_004512,security_and_defense,-6.390296729989384,-26.64109523321848,-5.978156093038319,-0.4121406369510652
qb_004525,legality_constitutionality,10.600271421816329,-13.355286775604558,-22.682369404512887,33.282640826329214
qb_004525,political,27.012013036608828,23.541178968210843,-6.800490694193739,33.81250373080257
qb_004528,legality_constitutionality,33.63424541745984,-0.08217146614286672,-21.107101644307395,54.74134706176723
qb_004528,morality,25.856149396382747,6.155569379273561,32.13847625259453,-6.282326856211782
qb_004528,policy_prescription,28.233359161565744,18.797592369416435,-4.447252184000906,32.680611345566646
qb_004528,political,59.16502969340784,32.36399907986882,22.896439904391777,36.26858978901606
qb_004528,public_sentiment,14.548702337868587,-4.7511286791490015,20.861896232925655,-6.3131938950570685
qb_004548,economic,-15.159368985133696,20.033131805482796,10.754415696793203,-25.9137846819269
qb_004548,external_regulation,46.52541353486586,-34.94272103410472,-34.6156518758208,81.14106541068666
qb_004548,legality_constitutionality,-13.801844428871409,-28.662412727715306,-25.673827105473013,11.871982676601604
qb_004548,policy_prescription,7.299289990794201,-0.9468580402771419,-7.606988346573002,14.906278337367203
qb_004548,political,3.7064671149949566,15.767070381004036,-15.45832848858599,19.164795603580945
qb_004548,security_and_defense,13.674547230944324,0.9436724822351633,-31.867840800121826,45.54238803106615
qb_004566,health_and_safety,59.8191557698711,19.032521153068203,-2.535438281628009,62.35459405149911
qb_004566,policy_prescription,50.71084995447529,-15.886239637559392,-5.9685655657737735,56.679415520249066
qb_004566,political,57.19365033749367,6.193183583807267,-16.738194411666008,73.93184474915968
qb_004566,security_and_defense,49.29959486109638,4.559881139047019,-10.108181904594238,59.40777676569062
qb_004568,cultural_identity,17.79855671007586,16.11721670030577,-4.242728905788088,22.04128561586395
qb_004568,public_sentiment,33.89248082141201,-20.286075698350412,-7.358832802657791,41.2513136240698
qb_004568,quality_of_life,56.711530812602646,36.850616773535954,30.3461035207305,26.365427291872145
qb_004578,economic,37.042509136794706,12.610609370921381,8.130225657870092,28.912283478924614
qb_004578,fairness_and_equality,24.655314553196906,44.589525590358434,15.375382919200291,9.279931633996615
qb_004578,morality,22.355004213950338,-8.415474817593484,9.282420856205201,13.072583357745136
qb_004578,policy_prescription,10.286746522287679,37.37862171890623,-9.786961976964918,20.073708499252596
qb_004578,political,45.17245058419266,45.57498604249931,3.5443985674668204,41.62805201672584
qb_004578,public_sentiment,72.10851022445183,-5.4090296906661175,0.5493746132654,71.55913561118643
qb_004623,economic,39.33780355735497,23.300463339188035,-24.012254671026195,63.35005822838116
qb_004623,fairness_and_equality,19.030841035908338,18.30248097022037,-14.441452152761428,33.47229318866977
qb_004623,morality,20.10914956527261,-3.001231263888669,-17.137501738733558,37.246651304006164
qb_004623,policy_prescription,24.13816796032207,14.979463380923827,2.482743449283922,21.655424511038145
qb_004623,political,22.535878243867728,12.217156539778067,-11.532389853864387,34.068268097732116
qb_004623,public_sentiment,27.482049657014187,-4.4726146704429945,-14.011914381965813,41.493964038979996
qb_004668,crime_and_punishment,-1.5882129211068294,11.97393354678057,-37.29561576086214,35.70740283975531
qb_004668,legality_constitutionality,-3.326765397067794,-35.88950643801394,-20.93908038295498,17.612314985887185
qb_004668,political,36.883148378624874,17.205205852248877,-9.01563885545838,45.89878723408326
qb_004676,capacity_and_resources,-0.5733087304362783,27.261517487182395,1.4134908084147384,-1.9867995388510167
qb_004676,cultural_identity,29.394262484574742,29.804836914931826,12.61646545578031,16.77779702879443
qb_004676,morality,3.404991141099626,-18.933811447234437,1.0802400003003028,2.3247511407993233
qb_004676,policy_prescription,-12.374180561356923,-32.93352677228175,-35.608854705336505,23.234674143979582
qb_004676,political,8.129429031196832,14.300163419326571,8.00849281384543,0.12093621735140125
qb_004676,public_sentiment,-1.883883530826184,-15.266251596465203,-32.44254506753523,30.558661536709042
qb_004739,external_regulation,9.891034481557716,32.37193627526577,-15.704616106474285,25.595650588032
qb_004739,political,3.3672892338904625,30.144741983204593,-31.800148171624773,35.16743740551524
qb_004739,security_and_defense,1.9701730009756682,6.682650179324501,-3.658069054978299,5.628242055953967
qb_004765,external_regulation,7.097879815046343,18.074361955007383,-20.371935210270166,27.46981502531651
qb_004765,political,40.94166425206757,16.2436016452482,-7.338683880937367,48.280348133004935
qb_004765,public_sentiment,56.7996317644296,-9.759342787788205,28.404393645924568,28.39523811850503
qb_004775,economic,25.256442560474273,-9.585926238396073,-47.69936706204553,72.95580962251981
qb_004775,policy_prescription,25.79369356637216,-1.0001861047516694,-36.28622374680474,62.07991731317689
qb_004775,political,14.885210690310753,17.474113575314703,4.187739715262548,10.697470975048205
qb_004790,capacity_and_resources,32.022088699317194,11.396712176507203,9.44365053956519,22.578438159752004
qb_004790,economic,62.2097352061553,28.412233996675884,-33.38167556936528,95.59141077552059
qb_004790,fairness_and_equality,76.57472889767686,45.04602328459578,-35.4763305489482,112.05105944662506
qb_004790,health_and_safety,35.24192054539412,36.07606024917179,34.67723733426022,0.5646832111339037
qb_004790,policy_prescription,19.800459257735017,0.25126572429596594,14.237057643239167,5.5634016144958505
qb_004790,public_sentiment,43.79721157428825,1.883223927771765,1.3177983539023477,42.4794132203859
qb_004790,quality_of_life,35.4628693006888,19.48615960142196,4.057262411713732,31.40560688897507
qb_004792,cultural_identity,43.78500420788449,21.37702411708338,43.23650207286654,0.548502135017948
qb_004792,health_and_safety,30.91319675350144,20.769178028106747,60.73360362206926,-29.820406868567822
qb_004792,policy_prescription,-7.154952326560834,-22.32920322031458,22.75159517345314,-29.906547500013975
qb_004792,political,9.16325523249527,24.42224795035433,6.224836219722803,2.938419012772467
qb_004792,public_sentiment,70.09028369195137,-5.182264778765444,2.9640555966861584,67.12622809526522
qb_004792,security_and_defense,10.001459252021816,-4.538254005000662,22.016605738785408,-12.015146486763593
qb_004831,crime_and_punishment,25.19520393869599,-10.578430122031536,15.755382447579239,9.439821491116751
qb_004831,economic,22.245751415053537,-19.415985162027415,-13.171003542261147,35.41675495731468
qb_004831,legality_constitutionality,15.717821938228242,-14.689840718997203,-33.944853451775,49.662675390003244
qb_004831,policy_prescription,25.327228436132465,27.490702515352314,-2.672815914969728,28.000044351102193
qb_004881,cultural_identity,35.678094473980615,-10.251440833968196,-26.286658300743238,61.96475277472385
qb_004881,fairness_and_equality,38.100779084617585,34.686830729786955,-3.5832197656467915,41.68399885026437
qb_004881,legality_constitutionality,67.88649039987239,-13.166788756752963,-3.247258833425171,71.13374923329755
qb_004881,political,20.733861498321474,30.217098446493655,11.460044213832708,9.273817284488766
qb_004926,crime_and_punishment,22.75174729760632,-31.22016041768287,-42.75695979513139,65.50870709273771
qb_004926,legality_constitutionality,-5.804144051526,-13.318816552814535,-30.91209486231764,25.107950810791642
qb_004926,political,50.38913691123556,25.267330339523788,-7.302689639293833,57.69182655052939
qb_004926,public_sentiment,-2.937814269275884,33.861410687385,24.28890123424819,-27.226715503524073
qb_004939,cultural_identity,42.99985789969452,18.89597478778841,-26.063924771866812,69.06378267156133
qb_004939,political,37.85302280683704,21.817911000394393,-11.237024064018044,49.09004687085508
qb_004939,public_sentiment,17.591230797969388,-22.389125917623815,21.66661003387432,-4.075379235904933
qb_004962,legality_constitutionality,10.317084854016974,10.467009970250105,-15.306631079214208,25.623715933231182
qb_004962,political,3.145645250658538,16.593391759381092,-13.904411338323378,17.050056588981917
qb_004969,capacity_and_resources,12.631699162340569,-3.4790014083558543,-18.273384767227956,30.905083929568526
qb_004969,external_regulation,57.8669750207156,-20.670971924359982,3.1148050464771018,54.7521699742385
qb_004969,morality,30.53020056109764,-21.725778890855445,-10.002031230650177,40.53223179174782
qb_004969,policy_prescription,17.75359488838185,-23.58735479255784,2.43772013075104,15.315874757630812
qb_004969,political,27.576258298024783,40.883523656456596,-26.170895089494078,53.747153387518864
qb_004969,security_and_defense,57.76663118278289,-14.70138145811702,-10.659559658593045,68.42619084137593
qb_004974,public_sentiment,43.90421529004057,-6.8673288848680745,27.675425541006415,16.228789749034153
qb_004974,quality_of_life,17.84030615562305,24.43547339298342,-21.299317510816987,39.13962366644004
qb_004974,security_and_defense,42.378114447279366,18.91887130148199,-23.356873590635892,65.73498803791526
qb_005042,cultural_identity,16.189132004865947,22.014586485806067,-16.095632556123938,32.284764560989885
qb_005042,economic,31.926880230499105,-27.995704415387756,15.140986049552195,16.78589418094691
qb_005042,external_regulation,43.18642339022476,-14.251658030769685,-31.04314906984257,74.22957246006733
qb_005042,legality_constitutionality,5.290548121587278,-20.193345024286526,-22.03966336898914,27.330211490576417
qb_005042,morality,68.15837268286332,-16.933624129639686,-11.00740310713225,79.16577578999556
qb_005042,policy_prescription,-11.180444826615886,11.762732725687865,-4.166735542262828,-7.013709284353059
qb_005068,capacity_and_resources,24.190154731870777,22.52691783834225,-13.786431974032931,37.976586705903706
qb_005068,political,-8.398213065583366,19.412269463316473,33.07291733941254,-41.471130404995904
qb_005068,public_sentiment,24.174271748563502,5.233007162389945,0.47892059283657207,23.69535115572693
qb_005102,capacity_and_resources,28.970871943488184,20.946256379150196,-8.850306501364052,37.82117844485224
qb_005102,health_and_safety,58.35342951708181,-3.6855300480982716,14.954517199712445,43.398912317369366
qb_005102,policy_prescription,23.15507427370082,25.3129693433778,23.587214112496824,-0.4321398387960045
qb_005102,public_sentiment,38.13812894578768,-11.41160241330924,-16.593740457027902,54.731869402815576
qb_005102,quality_of_life,48.06756929467171,33.806908437078356,-4.80812521949684,52.87569451416855
qb_005116,cultural_identity,25.80584781261929,10.439712119847076,11.30093859845443,14.504909214164861
qb_005116,political,35.73066309468381,20.821594961691996,-12.007900441591937,47.73856353627575
qb_005116,public_sentiment,45.15617464275722,-14.148154690816064,-7.150746311189261,52.30692095394648
qb_005134,capacity_and_resources,55.479145193790174,-1.820888864552245,-14.781214332394367,70.26035952618454
qb_005134,economic,10.762281630067402,1.5123101640328578,-4.510365334639055,15.272646964706457
qb_005134,health_and_safety,71.95847507760686,8.015464984977744,5.63900085026995,66.31947422733691
qb_005134,political,41.928612885648576,-23.567129719237993,17.69519256055298,24.233420325095597
qb_005148,economic,-7.525531300066161,19.54002186793506,23.517866817978145,-31.04339811804431
qb_005148,policy_prescription,14.568313833288332,19.159944623275475,-5.4241616622498645,19.992475495538198
qb_005148,quality_of_life,36.947432504927995,35.367342415555946,-0.3682958273317758,37.31572833225977
qb_005233,capacity_and_resources,17.93611847205463,34.819463569584194,-11.4317478688362,29.36786634089083
qb_005233,health_and_safety,49.16055015043963,28.483591406074403,-35.13007188428195,84.2906220347216
qb_005233,legality_constitutionality,27.924716954812798,-18.496179376282598,-20.07020402162117,47.99492097643397
qb_005233,political,-0.11540541077044891,27.477819028279654,8.473495803816906,-8.588901214587356
qb_005307,crime_and_punishment,29.71241678966119,-30.28055271844763,-40.521900381199835,70.23431717086103
qb_005307,legality_constitutionality,-9.909736863056855,-16.048335511593883,-11.104591909280067,1.1948550462232124
qb_005307,political,29.7935813080938,18.699858037311085,-11.052347008716332,40.84592831681013
qb_005307,security_and_defense,37.79438423849412,-28.55397769459902,-63.05629662048001,100.85068085897413
qb_005316,health_and_safety,51.41621064727927,-1.2962558482463864,-2.155060465878947,53.57127111315822
qb_005316,political,36.28491496150935,30.551881849346355,19.90392634750035,16.380988614009002
qb_005316,quality_of_life,2.848976758414066,45.70289540005002,-6.6505464507251855,9.499523209139252
qb_005333,capacity_and_resources,39.18434813430112,-4.446583411046349,12.68673657870564,26.497611555595476
qb_005333,morality,17.22615266318859,-15.574157314216418,27.165694534545185,-9.939541871356596
qb_005333,security_and_defense,50.033968774247285,6.837381583300417,-29.320700764808887,79.35466953905618
qb_005381,external_regulation,51.53285101175901,-17.935851886734298,-13.421383471999636,64.95423448375864
qb_005381,health_and_safety,65.40907976144638,-9.937560899525925,30.44075971518619,34.96832004626019
qb_005381,legality_constitutionality,-10.173930244830329,-31.690792852443217,-41.64929101959567,31.475360774765342
qb_005381,policy_prescription,35.77253072981105,11.099687177290392,-2.8830885684133496,38.6556192982244
qb_005381,political,35.742150915924846,27.26659119168276,-24.697888400850335,60.440039316775184
qb_005381,security_and_defense,14.630851478125045,-35.03849437273934,18.883570853691637,-4.252719375566592
qb_005386,external_regulation,-2.6512497122262593,32.3281207814333,-10.972696070104332,8.321446357878074
qb_005386,legality_constitutionality,10.221215048424822,12.924770477671172,-22.93834384003954,33.15955888846436
qb_005386,political,20.55650253749131,26.150805094370398,-11.70007342967415,32.25657596716546
qb_005403,economic,47.74354960195432,-14.641779153358707,-18.14196136550475,65.88551096745907
qb_005403,policy_prescription,39.592371043724846,-15.345628889806502,-26.91834780622976,66.5107188499546
qb_005403,political,-1.5836180003394769,18.613265241342862,-20.324578302031558,18.74096030169208
qb_005409,health_and_safety,66.07085383433466,-1.7447606166852845,4.200790808244517,61.870063026090136
qb_005409,policy_prescription,48.65857115900221,-13.031430326213275,-10.364149059969103,59.02272021897131
qb_005415,economic,19.818426916136676,-24.090295396334913,25.66346198644961,-5.845035070312935
qb_005415,policy_prescription,37.00922091073056,-14.124879605386868,16.375143868141155,20.634077042589407
qb_005415,political,-12.167523818838447,24.64432648693024,5.148126805171385,-17.315650624009834
qb_005475,economic,57.99124450849399,3.195353437799918,-18.26500289423519,76.25624740272919
qb_005475,fairness_and_equality,13.587987807931874,30.18878470963885,2.0761185388546695,11.511869269077206
qb_005475,health_and_safety,38.18093073283929,64.34500117364935,31.533018334637347,6.647912398201946
qb_005475,morality,22.569437117200085,-19.63115551397202,13.809978797765607,8.759458319434478
qb_005475,political,4.263225598849057,-12.085158806245829,-25.873809943316502,30.13703554216556
qb_005475,public_sentiment,41.690884529609534,5.8398708373760035,-4.569126209627324,46.26001073923686
qb_005484,economic,18.171991909522006,24.397067888323832,-32.48495042896516,50.65694233848717
qb_005484,health_and_safety,55.036186923925335,53.302041592781926,25.53639363370762,29.499793290217717
qb_005484,policy_prescription,27.978646987485703,-18.471223063753765,8.055911468122588,19.922735519363115
qb_005484,political,29.023556172138473,-13.078625283461639,38.04528729249749,-9.021731120359018
qb_005484,quality_of_life,38.32475793673792,-12.414622031468493,-15.707896755412552,54.03265469215047
qb_005491,capacity_and_resources,37.4493441533261,10.497408164913532,-10.653216434485092,48.1025605878112
qb_005491,health_and_safety,49.39637559479898,33.67206329502449,33.853454345831786,15.542921248967197
qb_005491,political,21.96850826083097,22.14655177384896,19.695442844355437,2.273065416475532
qb_005506,cultural_identity,42.44194490829605,24.872248979707575,-11.885715020510018,54.32765992880607
qb_005506,fairness_and_equality,20.723485901542766,22.861855350407552,4.879143544820533,15.844342356722233
qb_005506,political,13.216313420157078,37.390899559833294,4.787948537717989,8.428364882439089
qb_005533,cultural_identity,28.339996237162776,26.356623904751462,-5.636138903810256,33.97613514097303
qb_005533,fairness_and_equality,4.411128035114684,32.361055849937145,-0.6584679030235691,5.069595938138253
qb_005533,morality,2.1308437250552767,1.7607482207638372,-7.95931896297819,10.090162688033466
qb_005623,legality_constitutionality,2.4826681646584863,-32.547763865432266,-27.106782602929307,29.589450767587792
qb_005623,political,10.826786943410589,-34.240411261194986,-13.01985376354336,23.84664070695395
qb_005652,crime_and_punishment,19.393821060387797,14.699711284012007,-19.00680357332493,38.400624633712724
qb_005652,health_and_safety,60.603036963150515,3.7010370643380766,2.6227792734011666,57.98025768974935
qb_005652,public_sentiment,15.071821668926333,11.2659963751367,17.703972798035014,-2.6321511291086814
qb_005652,security_and_defense,19.91928311152735,-3.68338282428975,5.4908122237454675,14.42847088778188
qb_005655,capacity_and_resources,22.73401776403823,27.7029575491779,-22.39897823729868,45.13299600133691
qb_005655,health_and_safety,51.13303636129888,47.63011197412241,16.938615257588438,34.19442110371044
qb_005655,policy_prescription,29.59374072433681,43.58491563813052,-29.7190119640521,59.31275268838891
qb_005719,political,0.32596765905361164,26.774921651344673,-13.48420293814793,13.810170597201543
qb_005749,legality_constitutionality,19.165905042020015,-9.850098898036967,-5.131852256346145,24.297757298366157
qb_005749,morality,19.39857331924239,-1.7689300570702216,-7.663285134013058,27.06185845325545
qb_005749,political,29.444742498431413,16.71507358001577,-20.20990181562077,49.654644314052184
qb_005749,public_sentiment,40.12224455408688,-17.85690258987485,-20.271876753877745,60.394121307964625
qb_005777,capacity_and_resources,35.319410335801486,-12.866354481826388,-9.423358496329355,44.74276883213084
qb_005777,crime_and_punishment,60.92513535822164,-4.837701630413923,12.00964201708404,48.9154933411376
qb_005777,legality_constitutionality,26.84407257116573,2.4368984020540836,10.837034128752748,16.00703844241298
qb_005777,morality,23.08916409468794,0.6431195804226634,4.006573134357129,19.082590960330812
qb_005777,public_sentiment,29.8132563904441,7.995026270335046,20.547138520979814,9.266117869464285
qb_005814,economic,37.029686502694,19.312079326263135,-7.065458263186847,44.095144765880846
qb_005814,external_regulation,43.31460728098601,23.903906748399084,7.4791904780732175,35.83541680291279
qb_005814,health_and_safety,61.96873520510792,53.16778785886106,5.387927155239447,56.58080804986847
qb_005833,economic,36.1265314569335,25.06017764424935,-24.174122571702693,60.30065402863619
qb_005833,external_regulation,2.5733202699066298,-12.564981339582477,-6.07252512307787,8.6458453929845
qb_005833,political,38.30516259713492,-18.831233278685843,-20.510254574473116,58.81541717160803
qb_005833,security_and_defense,24.3417932428864,-14.068200637033499,-15.629918499709198,39.9717117425956
qb_005867,economic,41.53567534704838,-13.981583334704682,-17.351087009902656,58.88676235695104
qb_005867,external_regulation,30.469698827990968,-10.966731057998121,-9.941175611227212,40.410874439218176
qb_005867,political,50.20809119456051,-14.937462551264746,15.385954950575266,34.82213624398524
qb_005901,external_regulation,25.793193609040326,-18.174305184604783,-12.550435749573818,38.343629358614145
qb_005901,policy_prescription,13.063538038986323,-16.981485026170645,-8.275544379781614,21.339082418767937
qb_005901,political,14.681026256699287,30.838742800953106,-13.669297951083442,28.350324207782727
qb_005901,security_and_defense,24.509220380312044,-2.034689663176566,18.66408832827386,5.845132052038185
qb_005930,health_and_safety,28.849750161397957,59.7008749563846,33.19257622280727,-4.342826061409312
qb_005930,legality_constitutionality,31.03346230481162,-6.844710148636001,-18.201738931135182,49.2352012359468
qb_005930,morality,27.947593443274396,-9.130071475247334,-3.1495623764800875,31.097155819754484
qb_005930,policy_prescription,24.87314442950838,-16.044429928639257,7.830274945941458,17.04286948356692
qb_005930,political,40.60487732385947,36.716265275960744,-24.21968851194573,64.8245658358052
qb_005948,capacity_and_resources,36.97176224911314,5.663841836661339,2.7703683856714774,34.201393863441666
qb_005948,crime_and_punishment,23.899458624524698,14.760005703515697,-15.024780466730101,38.9242390912548
qb_005948,legality_constitutionality,-1.9857309764876536,-14.813995229698303,-25.346288167987602,23.36055719149995
qb_005948,policy_prescription,53.22521288345274,-4.747589683799696,-18.13859945138861,71.36381233484136
qb_005948,political,38.921040991914055,35.63291874296174,16.432417068344552,22.488623923569502
qb_006049,external_regulation,47.83973054182795,-21.702918323937247,-3.741095187663324,51.58082572949127
qb_006049,political,52.23503244540251,11.503376157988878,21.109394932912668,31.125637512489842
qb_006049,security_and_defense,38.674857922271435,-28.442031092207053,-15.321857419404964,53.9967153416764
qb_006068,external_regulation,58.997213509168674,-2.322145258361129,1.7739276735158342,57.22328583565284
qb_006068,health_and_safety,59.597482950592266,18.08037944061891,-4.5528526442378,64.15033559483007
qb_006068,morality,8.094230311563587,-7.940787694031876,-1.5654305970605975,9.659660908624184
qb_006068,political,30.232023992787987,21.91082088227725,-12.638432631779542,42.87045662456753
qb_006068,security_and_defense,53.091680973825596,-1.2560091478574558,-2.3795889876680643,55.47126996149366
qb_006084,public_sentiment,9.540781168132618,-1.479970498609826,-21.643136333814006,31.183917501946624
qb_006084,quality_of_life,60.853114545029555,34.2506372753467,4.502790492608361,56.35032405242119
qb_006108,cultural_identity,-4.935945504266119,12.568885709673895,-7.84334057297048,2.9073950687043615
qb_006108,economic,26.106083627670436,-26.343154277950603,-30.51103756351224,56.617121191182676
qb_006108,morality,12.591056815427002,-10.024101201837814,-11.016511958456269,23.607568773883273
qb_006108,political,37.41338642125636,21.496011766369982,-6.528675082897019,43.94206150415338
qb_006108,public_sentiment,-3.2722764353389726,19.35689138381316,10.792951135501184,-14.065227570840158
qb_006115,external_regulation,26.290383117209757,5.800828112544412,-16.573234730893102,42.86361784810286
qb_006115,political,34.79468387583708,-16.877957642776146,-22.90718151853984,57.701865394376924
qb_006115,security_and_defense,-3.6292043208205844,18.8586598354627,-18.790700559252432,15.161496238431848
qb_006160,political,31.426064760818676,27.975591240834596,4.384895660251666,27.04116910056701
qb_006160,public_sentiment,51.819902426141965,0.5337381961903969,8.243049694120764,43.5768527320212
qb_006170,capacity_and_resources,9.851346172012269,28.82022909288912,44.18541059938559,-34.33406442737332
qb_006170,crime_and_punishment,52.54552226288828,45.39455038341802,27.462000716676123,25.083521546212154
qb_006170,legality_constitutionality,11.774552726181108,-5.668482290681867,12.551857872511725,-0.7773051463306171
qb_006170,morality,11.428683280787473,20.526198432487508,32.509659123066186,-21.08097584227871
qb_006170,political,12.245222314661277,4.625206435245541,23.61383355148002,-11.368611236818744
qb_006252,health_and_safety,2.9571696975295563,-7.53047031798799,8.039674377293862,-5.082504679764305
qb_006263,crime_and_punishment,5.22017659551798,14.55549250095644,-18.195758902848237,23.415935498366217
qb_006263,legality_constitutionality,11.425783613865338,-19.160499816485036,-4.722933917918881,16.148717531784218
qb_006263,security_and_defense,-0.019473658077774465,8.398286989415729,-0.4594345812550016,0.4399609231772271
qb_006305,cultural_identity,34.51716354696939,27.477336497721485,25.103125584326342,9.41403796264305
qb_006315,capacity_and_resources,39.9959318186624,17.657304645300503,16.46390061491685,23.53203120374555
qb_006315,crime_and_punishment,60.70268145790464,31.827994117969702,22.813087662778564,37.889593795126075
qb_006315,cultural_identity,34.85405460183432,26.258915583765596,-15.653514368436792,50.50756897027111
qb_006315,health_and_safety,69.11092667149121,33.42296301592802,7.6194446551576664,61.49148201633355
qb_006315,morality,18.42818630999622,6.124429413441828,36.83473190727208,-18.40654559727586
qb_006315,policy_prescription,52.182702016631325,0.8477361714323788,12.122934399724473,40.05976761690685
qb_006315,political,33.80419907615673,5.251087180609765,9.466467617012013,24.337731459144713
qb_006315,public_sentiment,39.528488504419094,14.924900449594748,16.943357599209076,22.58513090521002
qb_006333,capacity_and_resources,32.83819699229626,28.603063290159056,18.204698568918964,14.633498423377297
qb_006333,economic,18.283530332127835,-26.307581090069608,15.77221797992908,2.5113123521987557
qb_006333,health_and_safety,26.07308012598446,33.70074418123259,-15.782946016924605,41.856026142909066
qb_006333,policy_prescription,10.216014567130813,34.121451707042475,15.939656404504984,-5.723641837374171
qb_006333,political,32.912127231616985,33.17553973346641,-7.341045082149836,40.25317231376682
qb_006350,economic,64.76418193732727,22.403746932984735,-17.729633223381818,82.49381516070909
qb_006350,quality_of_life,10.889972443912782,21.75010059709381,17.61741276862528,-6.7274403247124965
qb_006396,legality_constitutionality,-0.4955538532978367,-19.738264515286144,-9.339310707552716,8.84375685425488
qb_006396,political,25.62367008450638,-26.724149542025454,-27.48406513311863,53.107735217625006
qb_006396,public_sentiment,8.403017270710105,-15.110997584811441,-3.888468401098561,12.291485671808665
qb_006398,crime_and_punishment,30.542236808781936,30.87036049616862,7.765271612389161,22.776965196392776
qb_006398,economic,38.37376870060464,17.944565860671904,-20.541773075322062,58.915541775926705
qb_006398,external_regulation,32.73814649483191,14.37913129137617,-13.71097909167735,46.44912558650926
qb_006398,legality_constitutionality,-21.85294869555907,-12.429079105962144,-10.66829657061971,-11.184652124939362
qb_006398,political,36.72997690965979,21.101078439333385,-7.574924822830754,44.30490173249054
qb_006398,security_and_defense,41.14885347540126,-43.754201169865134,-24.34666186905196,65.49551534445322
qb_006422,cultural_identity,28.129748766543212,-22.04531594688406,0.9564218037830019,27.17332696276021
qb_006422,fairness_and_equality,23.733139731251914,33.95067817421284,-1.1983698261757552,24.93150955742767
qb_006422,morality,4.514000550058878,-4.18372554382918,4.091008273430726,0.4229922766281522
qb_006422,policy_prescription,19.657948649968738,8.641241582768199,19.040251775320478,0.6176968746482601
qb_006422,political,43.357404000864776,6.001548866450349,2.0111114731119724,41.3462925277528
qb_006450,economic,57.32230042477619,23.594062936129742,-21.632701419045013,78.95500184382121
qb_006450,public_sentiment,72.59852780587401,-20.805907779619666,18.313447700283128,54.285080105590886
qb_006450,quality_of_life,39.14581710812882,24.11500135251804,29.699462694313514,9.446354413815303
qb_006507,economic,65.7985199858179,-27.67895832524486,-15.249617284013135,81.04813726983105
qb_006507,fairness_and_equality,51.65427155130667,10.694051755959306,2.4682776207918473,49.185993930514826
qb_006507,policy_prescription,18.026124048078046,-9.619064803092517,-3.359791997862173,21.38591604594022
qb_006507,political,28.485668608733896,16.125574812075037,-6.665097888675781,35.15076649740968
qb_006507,public_sentiment,28.077411114953556,30.642197071153458,29.18567388613157,-1.1082627711780155
qb_006513,crime_and_punishment,4.347648166392617,7.8422092718254355,17.491675191842866,-13.14402702545025
qb_006513,policy_prescription,12.208343867323341,-1.7603413995414465,20.22268719091285,-8.01434332358951
qb_006513,political,6.3862368741632505,32.5048227085965,29.149617102959652,-22.7633802287964
qb_006513,public_sentiment,25.89905230229407,-8.691823483952282,22.610500959689922,3.2885513426041477
qb_006529,crime_and_punishment,-14.483591566188112,10.722797240083436,19.09530254846298,-33.57889411465109
qb_006529,economic,26.660143245950838,-13.298645383662304,-9.661315010216951,36.32145825616779
qb_006529,legality_constitutionality,-10.673381046491595,-3.4871978992618513,-3.7073568638764383,-6.966024182615158
qb_006529,political,-8.966136231338874,28.13856199477173,5.798381700119109,-14.764517931457984
qb_006562,crime_and_punishment,37.63790651618193,19.487443250691648,-7.7817963592632395,45.41970287544517
qb_006562,morality,36.40784448844467,7.880691911440435,7.840832507839215,28.56701198060545
qb_006562,political,1.068571852499939,9.552201053177518,5.392017945934986,-4.323446093435047
qb_006562,public_sentiment,-13.160682799568125,21.751242993158655,14.593350986746312,-27.754033786314437
qb_006562,security_and_defense,17.572010212687115,38.146933517526726,11.65928820013378,5.912722012553335
qb_006574,crime_and_punishment,16.72558531429144,-11.837557296750449,-49.08991492373157,65.815500238023
qb_006574,legality_constitutionality,24.637090334549708,-15.749942089467512,-33.7886330050584,58.42572333960811
qb_006574,political,37.142830997853,20.27455945257034,-21.998946438842143,59.141777436695136
qb_006574,public_sentiment,10.243277271638508,25.100140008183264,-1.4909933581910635,11.734270629829572
qb_006574,security_and_defense,31.55500949563767,0.5622429680349864,-41.055386111124314,72.61039560676198
qb_006578,fairness_and_equality,-5.037562025143122,17.051966669162475,-21.956158655025792,16.91859662988267
qb_006578,political,-8.61289966760771,-29.93027797616777,-23.467215629787795,14.854315962180085
qb_006606,capacity_and_resources,30.73158186275649,22.436382706561027,0.4489881153467733,30.282593747409717
qb_006606,political,2.644962692130181,21.533920953039992,-1.0910350624958867,3.7359977546260676
qb_006606,public_sentiment,23.159560462497105,-14.519735394184053,-26.68659941938443,49.84615988188153
qb_006617,capacity_and_resources,20.431674949574518,0.2745987830548493,-5.46478766885322,25.896462618427737
qb_006617,economic,19.720633493098084,-11.457860372846891,9.290222892353574,10.43041060074451
qb_006617,fairness_and_equality,28.438253890883374,44.73154970478116,19.426314346074122,9.011939544809252
qb_006617,political,35.33331670618055,-22.23157424493875,-2.7276945244651642,38.06101123064571
qb_006617,public_sentiment,29.84141707907154,3.4561783473988603,-11.509751588584637,41.351168667656175
qb_006617,security_and_defense,-0.12206104293547493,48.182454783146525,6.047955412458828,-6.170016455394303
qb_006644,capacity_and_resources,30.186588984413998,37.7564988372151,5.094611576493843,25.091977407920155
qb_006644,cultural_identity,39.07635859754554,18.849782751116326,25.015156284196962,14.06120231334858
qb_006644,external_regulation,11.225514215636917,30.415005370313963,-9.086928595455905,20.312442811092822
qb_006644,political,28.961147609049576,28.743976648293135,-10.53480998022693,39.49595758927651
qb_006644,security_and_defense,23.773061761991208,11.009369331488063,-8.480591009498418,32.25365277148963
qb_006661,health_and_safety,57.058923393710224,6.887918182426084,-16.098490614503742,73.15741400821396
qb_006661,legality_constitutionality,39.966835049430884,-9.844109968510493,3.5970259216604807,36.3698091277704
qb_006661,public_sentiment,24.012460962324063,-5.939057077348714,-1.775820620602863,25.788281582926928
qb_006677,crime_and_punishment,40.1904703799802,22.736998481004015,-9.268627679071379,49.45909805905158
qb_006677,economic,23.913027608206946,20.16309876595169,-3.1927156895754365,27.105743297782382
qb_006677,legality_constitutionality,37.92988541814775,-0.3092521501918577,-8.690426342829637,46.62031176097739
qb_006677,public_sentiment,45.916146006236374,37.20972471074235,13.432641254844908,32.483504751391465
qb_006708,legality_constitutionality,13.916970182862789,-7.455302614881035,-38.1941355200897,52.11110570295249
qb_006708,policy_prescription,19.224104469556153,15.470513209014891,-21.568748779152273,40.792853248708425
qb_006708,political,50.86472965793234,-16.790325760171207,-13.30110548714329,64.16583514507563
qb_006746,fairness_and_equality,28.313134905003828,-4.78175375002112,-17.271746899738556,45.58488180474238
qb_006746,legality_constitutionality,-12.647128053540943,-19.025805097790048,-11.666314665308475,-0.9808133882324679
qb_006746,political,26.246574210259237,-10.172442188204794,-30.47628471463014,56.72285892488938
qb_006746,public_sentiment,11.896219191192284,-4.989582426420915,16.210043342842045,-4.3138241516497615
qb_006752,crime_and_punishment,7.530980152081024,20.087586875404057,-27.771716161191133,35.30269631327216
qb_006752,legality_constitutionality,-4.313390102721906,-12.744250327248388,-20.27301170674074,15.959621604018833
qb_006752,policy_prescription,28.891120889688178,-20.33079459352311,-31.193644967509243,60.084765857197425
qb_006752,political,29.84021304493102,38.31145191039214,32.71587016825696,-2.8756571233259436
qb_006752,public_sentiment,33.512796500296716,2.91942125333708,15.454235085882813,18.0585614144139
qb_006752,security_and_defense,24.705874350543592,44.076813751381444,-1.4573549196393794,26.16322927018297
qb_006760,legality_constitutionality,0.16726974868910927,-22.771937678714387,-9.101704626692534,9.268974375381644
qb_006760,policy_prescription,53.574411026233896,18.79713265458037,-8.475899559684102,62.050310585918
qb_006760,political,56.11490924064096,30.35319308530171,21.638311482051677,34.476597758589286
qb_006760,public_sentiment,14.52604315698154,55.91098170039804,22.600293995364538,-8.074250838382998
qb_006784,crime_and_punishment,33.06381741034915,-35.82145040791484,-14.793966485832811,47.857783896181964
qb_006784,external_regulation,19.72556619896457,17.83515494657853,-22.912020938137168,42.63758713710174
qb_006784,legality_constitutionality,-0.5480606997080111,19.367058431337973,-18.659548352923807,18.111487653215796
qb_006784,morality,23.721464899206225,-12.592627120530267,-3.431023358975693,27.15248825818192
qb_006784,political,-20.196131706556997,-24.081166056405024,-2.3970662561310214,-17.799065450425974
qb_006816,morality,4.464936591276608,-22.84197871634015,-33.55353102914511,38.01846762042172
qb_006816,policy_prescription,-0.8412084075136975,-18.51162277051026,-22.554205485266245,21.712997077752547
qb_006816,political,23.2356544916142,-16.80826945794943,3.0090939249843105,20.22656056662989
qb_006904,crime_and_punishment,26.92134370975434,-7.371602681234471,-25.922555500593756,52.8438992103481
qb_006904,legality_constitutionality,37.96921176513388,-17.95364133627287,-22.278804206154334,60.24801597128821
qb_006904,political,-4.450058158812585,20.844427341036386,-21.6687051641972,17.218647005384614
qb_006907,capacity_and_resources,19.334713130476302,27.02945922363493,-7.399518173716096,26.7342313041924
qb_006907,economic,52.994049216690705,-26.145804652120038,-20.401122887246864,73.39517210393757
qb_006907,policy_prescription,27.858774497741994,-26.951155870396143,-13.72054751536424,41.579322013106236
qb_006907,political,23.678705468685713,24.70997227400719,-11.487435556476251,35.16614102516196
qb_006907,security_and_defense,30.906658726014097,-23.065159312034524,-3.989819042225549,34.89647776823965
qb_006925,crime_and_punishment,17.744674274508704,24.696531944145583,0.3793010288710747,17.365373245637628
qb_006925,external_regulation,-1.9802328409730652,-6.916411186046868,-0.7637324104923727,-1.2165004304806923
qb_006925,legality_constitutionality,29.559036589897143,-25.60837749964562,-1.0054493086335243,30.564485898530666
qb_006925,policy_prescription,-17.068508365673996,-11.6386677850367,1.2115823178882097,-18.280090683562204
qb_006925,political,17.282399555003042,3.3707446535314656,-3.6511652572436435,20.933564812246686
qb_006935,political,23.725019781719457,31.56000869107467,-9.417404801004839,33.142424582724296
qb_006969,economic,20.41814518590207,-20.412508571385946,16.418477060482605,3.999668125419465
qb_006969,health_and_safety,2.4363909183769143,13.47110641060553,36.803088657724224,-34.36669773934731
qb_006969,policy_prescription,6.633360042252085,-10.994045794207889,-27.97453511582423,34.60789515807632
qb_006969,political,17.19098875048297,16.998660142067106,-0.03270581136303563,17.223694561846006
qb_006969,public_sentiment,63.53676590052612,-16.702914667715206,-21.801795418867297,85.33856131939342
qb_007003,health_and_safety,83.93978603873191,31.34656424651983,4.5130666896015414,79.42671934913037
qb_007003,policy_prescription,43.1716114216633,3.0755143392644144,-6.551892691076958,49.72350411274026
qb_007003,political,9.565248006223769,33.42045957765861,12.27122122900322,-2.705973222779452
qb_007007,crime_and_punishment,45.7283671912981,-7.255409714467168,-7.39719909634705,53.12556628764515
qb_007007,legality_constitutionality,17.06611736138252,14.98770332063686,-8.625118847764758,25.691236209147277
qb_007007,political,56.75667212145011,-12.994341988408088,7.534614524142464,49.222057597307646
qb_007040,crime_and_punishment,-10.602376502437814,17.069198419185586,-2.6644872493453913,-7.937889253092422
qb_007040,economic,0.2760362157790439,24.546963064480995,-9.90527282432358,10.181309040102624
qb_007040,legality_constitutionality,4.993300563802685,-22.78440528121694,-11.020642645595927,16.01394320939861
qb_007040,political,-8.599797031157781,14.244239245050274,11.910946954766253,-20.510743985924034
qb_007053,crime_and_punishment,32.03701303069529,-27.50460841484234,-18.553502428573882,50.59051545926917
qb_007053,cultural_identity,7.286660915391523,19.617505048306914,24.624309014852244,-17.337648099460722
qb_007053,legality_constitutionality,-3.7609970659644874,-23.362836291714803,-14.237106047441905,10.476108981477418
qb_007053,morality,27.418981491398117,-0.19665535685802393,10.741983375754955,16.676998115643162
qb_007063,crime_and_punishment,53.183986954452955,45.655023553096264,-12.222948149192815,65.40693510364576
qb_007063,legality_constitutionality,0.4099550194611221,-14.619220266071864,-4.071523243501969,4.4814782629630905
qb_007063,political,1.5871037825005272,31.388808704576835,-6.823234732290489,8.410338514791016
qb_007106,policy_prescription,5.535979620864627,-5.423215377551905,-12.036746082591858,17.572725703456484
qb_007106,political,21.17704242367026,33.02905677971253,-18.17559749066526,39.352639914335526
qb_007106,public_sentiment,10.31496621799317,41.940361852505504,-17.85165865113123,28.1666248691244
qb_007106,security_and_defense,31.700755678079027,28.370184961382776,-30.6721449421681,62.37290062024712
qb_007115,capacity_and_resources,42.97076519488706,14.77904409830073,10.61932292577779,32.35144226910927
qb_007115,economic,59.67683922963554,19.108986827733023,23.988351587424635,35.6884876422109
qb_007115,public_sentiment,34.016455539314045,19.94614058310265,16.1100309147988,17.906424624515246
qb_007152,legality_constitutionality,-2.704687749659632,-19.2468698158901,-9.227269269614476,6.522581519954844
qb_007161,external_regulation,24.09351321109238,-26.511495982626712,3.290641956956487,20.80287125413589
qb_007161,legality_constitutionality,18.609213852573173,-0.4217841385291855,-22.46586411472862,41.075077967301795
qb_007161,policy_prescription,23.39021662143555,7.183327812790596,-2.5632501308059146,25.953466752241464
qb_007161,political,26.293611508870725,26.133649081584007,-13.75974804312665,40.053359551997374
qb_007161,public_sentiment,32.70582324909829,29.80841641254831,5.325101999792571,27.380721249305715
qb_007177,legality_constitutionality,29.52471476099597,-8.494097211516081,-22.591773996545854,52.11648875754182
qb_007177,policy_prescription,19.13211421447971,19.872270718572384,-21.8862670953623,41.01838130984201
qb_007177,security_and_defense,41.451269398795546,-22.21597739252303,-13.242612646936816,54.693882045732366
qb_007231,legality_constitutionality,26.72431411195946,-7.994421898292332,-20.474534901460917,47.19884901342037
qb_007231,policy_prescription,-4.475315446450335,-33.90652659388514,-21.962141754879006,17.48682630842867
qb_007231,political,38.181671727920026,19.87229640859463,-12.688355231202435,50.87002695912246
qb_007239,health_and_safety,53.235567839764336,1.6066154658460223,4.521362858570533,48.7142049811938
qb_007239,legality_constitutionality,31.723933560765495,-0.20339740007139634,24.21804244080567,7.5058911199598235
qb_007239,policy_prescription,62.99343993380636,10.392419355231006,2.9519795665943125,60.041460367212046
qb_007296,morality,54.453224040440276,12.936273535840236,-10.320958960752705,64.77418300119298
qb_007296,political,9.238547820495027,13.758825781041203,22.290313439728752,-13.051765619233725
qb_007296,public_sentiment,36.87828868629011,24.51966110841645,0.22315691030666457,36.65513177598345
qb_007312,morality,56.179217038218184,-5.880162894880166,-6.200392224371581,62.37960926258977
qb_007312,political,30.257342221627265,32.184125193591676,-2.864123431884869,33.12146565351213
qb_007312,public_sentiment,35.00340210933541,0.9533046531854134,3.9017912306230724,31.10161087871234
qb_007314,policy_prescription,18.30516492426036,17.510096732356285,40.14383481314921,-21.83866988888885
qb_007314,political,-4.838937420391442,18.97776427524827,-1.0982287237065946,-3.7407086966848473
qb_007314,public_sentiment,35.124131267371354,-7.433163714801944,-6.182333369756558,41.30646463712791
qb_007314,security_and_defense,47.46096282818317,25.088617272457853,11.4741965448932,35.98676628328997
qb_007325,capacity_and_resources,48.56425843229999,29.304541069842802,-10.782952721203218,59.3472111535032
qb_007325,economic,12.442946964962813,30.858174505340784,4.550964248470005,7.891982716492808
qb_007350,external_regulation,29.368470471156105,25.900679945212204,8.219750859463312,21.14871961169279
qb_007350,political,15.412320804094668,-5.459488273189796,-12.383807788609616,27.796128592704285
qb_007371,health_and_safety,38.02071437095614,51.47042840580263,11.634557325793377,26.386157045162765
qb_007371,legality_constitutionality,-3.031228932000026,-14.794360841979797,-22.289605833777557,19.25837690177753
qb_007371,policy_prescription,21.370647436194616,-18.631460809662876,24.560566501045102,-3.1899190648504856
qb_007371,political,8.639445170466095,28.0590202066115,-22.583200987371715,31.222646157837808
qb_007371,security_and_defense,27.221613663837832,6.965927671818694,-29.86046329178586,57.08207695562369
qb_007375,capacity_and_resources,40.636212184509915,36.51443215788445,-11.997620736490896,52.63383292100081
qb_007375,economic,21.332870992352746,21.542493315971296,-26.669733651527014,48.002604643879764
qb_007375,health_and_safety,67.21370386215158,37.786463594728836,9.836612663320304,57.37709119883127
qb_007375,policy_prescription,38.88946069958046,-20.009189365133572,-30.71300486571079,69.60246556529125
qb_007375,political,50.51715235773477,26.014623122278355,8.267642829118191,42.249509528616585
qb_007375,public_sentiment,29.656707746563416,20.06593542272979,0.7414790525335857,28.91522869402983
qb_007387,capacity_and_resources,11.108348274154139,16.996835569088848,-3.6549521974983827,14.76330047165252
qb_007387,morality,1.7342037357320703,-17.92703407283688,-15.720386256241486,17.454589991973556
qb_007387,policy_prescription,5.680557624440483,-14.39317839142158,2.498932233244206,3.1816253911962766
qb_007387,political,38.99745334627202,-24.70766764394359,-24.439512550707928,63.43696589697994
qb_007387,security_and_defense,23.59433535464099,-22.107517389611136,-12.129604019212788,35.72393937385378
qb_007404,capacity_and_resources,12.118700617885729,14.484523634854115,-18.998510166323733,31.117210784209462
qb_007404,economic,28.259419629336353,24.941836714135373,-8.102519871894643,36.36193950123099
qb_007404,morality,24.504972324473208,-3.7766604521809226,-0.6407735336962416,25.145745858169448
qb_007404,policy_prescription,22.75578413801146,16.12206827323403,-14.29750742353513,37.05329156154659
qb_007404,political,12.496128745269425,21.728618569250074,-19.337807091085605,31.83393583635503
qb_007404,public_sentiment,47.70328040992857,-19.63328109366344,14.467784549503465,33.235495860425104
qb_007428,external_regulation,16.690135103038696,31.46522223109531,-5.890720057656177,22.580855160694874
qb_007428,political,18.70095116889583,24.422286217450367,25.43153746891137,-6.730586300015538
qb_007428,public_sentiment,31.753393950663536,-6.57568548633405,-1.7711999725209062,33.52459392318444
qb_007428,quality_of_life,10.622622848513831,30.651125269449054,-5.185509673916239,15.808132522430071
qb_007433,cultural_identity,-5.999229392763876,24.330820113258177,-4.318085175631174,-1.6811442171327018
qb_007433,economic,32.70514455346873,28.689144455947922,-24.973705189738318,57.678849743207046
qb_007433,legality_constitutionality,-12.91450627761023,-19.6047284844711,-23.297909151103052,10.383402873492823
qb_007433,political,6.987391216060659,25.58445338041779,-7.336510702503773,14.323901918564431
qb_007449,fairness_and_equality,24.179788784514905,19.389249024025553,7.630193336883811,16.549595447631095
qb_007449,legality_constitutionality,14.962224173666884,-17.954005898285917,-8.443201690731469,23.405425864398353
qb_007449,political,28.986193398730627,28.991191740184057,-24.591642037892868,53.577835436623495
qb_007480,cultural_identity,12.360240403910524,33.369695594327894,2.016281781306457,10.343958622604067
qb_007480,political,-1.7653989576015612,28.891928729011756,8.387376855904122,-10.152775813505684
qb_007480,public_sentiment,43.06697023463416,-8.86026035098242,12.167400791485184,30.899569443148977
qb_007488,health_and_safety,22.771831315346255,-6.632161518702184,13.154444752142293,9.617386563203961
qb_007488,policy_prescription,6.501446321381279,18.457652229583857,-8.455944964136735,14.957391285518014
qb_007488,public_sentiment,40.88020447630048,-17.47089634393235,11.365278841943587,29.514925634356892
qb_007498,economic,43.31019290961998,-45.829686512475945,14.760896144122814,28.549296765497164
qb_007498,health_and_safety,57.46255541420305,13.982355392771472,20.586252581912273,36.876302832290776
qb_007498,policy_prescription,22.90254257594373,13.617888499500896,-4.395987137506681,27.29852971345041
qb_007498,quality_of_life,31.8706262686321,43.75766083048619,16.29361523999422,15.57701102863788
qb_007533,health_and_safety,65.14151913459239,56.84402207223908,6.046885216485765,59.094633918106624
qb_007533,policy_prescription,25.944668852944815,30.331310245857136,-19.174106120649775,45.11877497359459
qb_007533,political,30.999730346506873,36.32620430000921,-4.758981731691256,35.75871207819813
qb_007533,public_sentiment,47.490902535459675,34.23239357135279,4.305397304690971,43.185505230768705
qb_007533,quality_of_life,29.53220953191253,30.090827799208327,-9.561084240692585,39.093293772605115
qb_007535,external_regulation,16.41328995478084,-29.964237990424923,9.101054100750652,7.312235854030188
qb_007535,legality_constitutionality,-9.247446205282438,-21.278094594687577,-3.6672488825235563,-5.580197322758882
qb_007535,political,44.22076309409888,-30.838325326525744,3.2243597938175377,40.996403300281344
qb_007535,public_sentiment,44.958005251768355,-3.794794459573986,-2.0547223774981225,47.01272762926648
qb_007546,crime_and_punishment,39.93452124232732,40.34369586291285,24.02754169109351,15.90697955123381
qb_007546,legality_constitutionality,40.7337096194297,22.177058704565543,5.518924741713343,35.21478487771636
qb_007546,security_and_defense,30.984750208504238,27.48221550412645,-30.128562033069848,61.113312241574086
qb_007610,cultural_identity,51.17082730296024,-5.644749320769845,-9.649016058662248,60.81984336162249
qb_007610,political,35.632048611039366,47.89459222362146,-0.9249849371386283,36.557033548178
qb_007610,public_sentiment,35.541815711388416,-10.822039905981711,36.255315341094146,-0.7134996297057299
qb_007635,policy_prescription,-11.869546453805714,18.429766361131048,-4.6395840553768295,-7.229962398428885
qb_007635,political,5.742028774919028,4.344133812418767,-2.7327748033923225,8.47480357831135
qb_007635,security_and_defense,21.775403323843598,-39.24912817262998,-4.486287434475538,26.261690758319137
qb_007663,cultural_identity,40.1309297507018,-2.2603671914792356,-15.120115976376617,55.25104572707842
qb_007663,policy_prescription,7.439822599698366,22.62258998148092,18.179189536033526,-10.73936693633516
qb_007703,capacity_and_resources,18.135113463306308,16.942489811918858,-14.408481583988799,32.543595047295106
qb_007703,economic,13.51159728802162,21.388040188305308,3.11171779069245,10.39987949732917
qb_007703,quality_of_life,16.585948491761567,19.832419347013197,22.259208812855917,-5.67326032109435
qb_007716,external_regulation,56.75216013977394,14.389847595336416,-8.17455113598917,64.92671127576311
qb_007716,security_and_defense,23.020132026087015,20.246957214904107,-1.220184234768348,24.240316260855362
qb_007731,economic,39.70306093619972,3.9555476894177923,-35.861563158858516,75.56462409505824
qb_007731,external_regulation,39.36602195093297,13.779584145610576,-27.21466419451996,66.58068614545293
qb_007731,policy_prescription,17.970475437271045,-8.41427806591015,-11.452332067399187,29.42280750467023
qb_007731,political,-0.4239959821852306,23.260024454543625,15.417508671814655,-15.841504653999886
qb_007750,capacity_and_resources,44.35585661605974,2.9570954516092214,-6.5252090951406005,50.88106571120034
qb_007750,economic,34.00193720120818,-13.181402571049212,35.63256066782865,-1.6306234666204702
qb_007750,health_and_safety,63.64646232069132,53.1624675414583,32.118358487232015,31.528103833459305
qb_007750,policy_prescription,-3.040344732215984,-34.91574381460014,4.348967288793133,-7.389312021009117
qb_007750,quality_of_life,46.83002871851137,28.200175011989007,27.817931084118257,19.012097634393115
qb_007758,cultural_identity,24.858061063992373,25.52138864606393,-4.6719650670818575,29.53002613107423
qb_007758,fairness_and_equality,12.227235148560531,44.00717819103089,3.4141683019753852,8.813066846585146
qb_007758,legality_constitutionality,57.22924899319516,-7.917408578630417,-13.626698631509308,70.85594762470447
qb_007758,morality,40.078592477689824,-3.060790480166563,-1.4515574420943418,41.530149919784165
qb_007758,policy_prescription,30.726402612489835,-1.9685109047258986,-17.460407797571772,48.18681041006161
qb_007769,capacity_and_resources,22.548625871135837,5.712961112384206,-13.034388177855561,35.5830140489914
qb_007769,economic,30.03129845277762,-26.97683621965574,-24.518792379416833,54.550090832194456
qb_007769,external_regulation,1.2348955655351008,25.566773644059957,20.881930692109123,-19.64703512657402
qb_007769,political,-2.3712828187130603,18.55342621722514,-7.322226308962051,4.95094349024899
qb_007772,health_and_safety,13.336563143643854,16.40156033423602,-7.690157488798457,21.026720632442313
qb_007772,political,10.786762789158127,30.859834214837644,14.42685408419913,-3.640091295041003
qb_007772,public_sentiment,28.44080829641696,-7.290977780004555,19.998591236070574,8.442217060346387
qb_007775,economic,29.614571164670057,-14.16786144476386,-12.666699261047812,42.28127042571787
qb_007775,legality_constitutionality,27.18335837624759,-15.058897936847982,-29.368025232000633,56.55138360824822
qb_007775,political,27.563586934682906,33.44608977006261,10.784678998504525,16.77890793617838
qb_007775,security_and_defense,13.91956170237983,-25.02976841095148,-18.22246000865309,32.142021711032925
qb_007782,external_regulation,20.17133911879066,-7.6103346755238395,-28.27041581232928,48.44175493111994
qb_007782,policy_prescription,5.421324097051621,0.7491745182214257,-13.794278524220738,19.21560262127236
qb_007782,political,14.89958174794028,5.781875103308355,8.755390348081146,6.1441913998591335
qb_007782,security_and_defense,11.60618827306476,-3.9997069039419593,-17.596215180035053,29.202403453099812
qb_007797,political,17.20021858377699,-13.271377279950983,-7.669069125623315,24.869287709400304
qb_007797,public_sentiment,25.349141932689577,-17.64002271676082,-19.146318633938275,44.495460566627855
qb_007850,external_regulation,39.23787656230029,-8.903142553992701,10.010662894169648,29.227213668130645
qb_007850,legality_constitutionality,16.162934095617697,-3.406411273306263,-8.466214416552292,24.62914851216999
qb_007850,policy_prescription,12.022426605784108,-19.128723963946666,-26.58917681572891,38.61160342151302
qb_007850,political,15.051648466449349,9.724474630979913,24.036527392033367,-8.984878925584018
qb_007857,crime_and_punishment,38.060839047929385,-25.708247219942944,-21.29647181311884,59.35731086104822
qb_007857,economic,0.49816992529698334,-22.637914388242162,-31.912579760047997,32.41074968534498
qb_007857,policy_prescription,10.935699184104692,-4.258359605711636,12.584731095420551,-1.6490319113158591
qb_007857,security_and_defense,1.2609857019585888,7.225120433166933,-14.005241316619667,15.266227018578256
qb_007860,crime_and_punishment,9.224787943553974,20.969979503840378,-10.593483961831828,19.8182719053858
qb_007860,legality_constitutionality,12.256798040323606,-21.004718498697702,-42.68352090890018,54.94031894922378
qb_007860,morality,15.149817676539653,-24.324310504661874,-4.077323423683798,19.227141100223452
qb_007860,political,3.0377740519974408,-3.0785163679471648,-1.0767113686361633,4.114485420633605
qb_007860,security_and_defense,-24.697960950711582,14.56495613462007,-9.152797368209788,-15.545163582501795
qb_007868,economic,14.061837656097012,-9.429262997713984,-17.457305062094843,31.519142718191855
qb_007868,health_and_safety,57.013591800941846,1.1825908862067211,0.435481425439594,56.57811037550225
qb_007868,policy_prescription,41.23948507196092,-7.732147823547884,-13.605412575219118,54.84489764718004
qb_007868,political,9.350959928555108,18.760661179073253,-6.949484214274872,16.30044414282998
qb_007868,public_sentiment,57.278435491077246,25.97516073995801,9.259035059960127,48.01940043111712
qb_007868,quality_of_life,29.794365974293743,44.784080745955286,16.554050727038284,13.24031524725546
qb_007892,legality_constitutionality,-23.71168987297002,-22.90647386885712,-21.44777058832163,-2.263919284648388
qb_007892,political,34.898114172811034,-41.1678078328346,-45.454148867617064,80.3522630404281
qb_007903,legality_constitutionality,50.92691208398605,19.45406825038072,14.73461406786292,36.19229801612313
qb_007903,political,0.003136655638836472,14.978181693601547,6.413808194830136,-6.4106715391913
qb_007912,cultural_identity,46.17876367512334,27.575355718571927,6.912245480632771,39.26651819449057
qb_007912,fairness_and_equality,17.594919283529148,40.36009471782256,1.843372936913869,15.751546346615278
qb_007912,policy_prescription,14.647997184517477,-8.942543874979076,32.79566088806037,-18.14766370354289
qb_007912,public_sentiment,47.87578249187019,-8.752414185243227,-0.16095985098753018,48.03674234285772
qb_008006,economic,48.371142563401,15.249017921313955,-20.28977298471039,68.66091554811139
qb_008006,health_and_safety,61.07535942296611,11.65295147429165,-8.14944273391628,69.22480215688239
qb_008006,legality_constitutionality,48.33718683121116,-2.132152827156455,7.672547753332787,40.66463907787838
qb_008006,morality,35.26749523322622,-7.234784809493515,-5.213261665595651,40.48075689882187
qb_008018,economic,58.47557940434759,-24.4119508783041,-30.615393780392484,89.09097318474008
qb_008018,fairness_and_equality,4.801092920161384,38.607156628603384,-10.567754216960742,15.368847137122126
qb_008018,policy_prescription,45.778302298173436,-30.000400869423643,-6.626129048081387,52.404431346254825
qb_008018,political,21.389302463976144,18.805074774488848,4.434420210230433,16.95488225374571
qb_008041,political,11.139123794478698,28.159278299875524,-3.387364988763534,14.526488783242232
qb_008050,economic,12.00545591644606,10.896877674874165,-10.240269040255729,22.24572495670179
qb_008050,political,11.005226172701516,3.794937220834837,18.600438921022228,-7.595212748320712
qb_008055,economic,39.68680087482092,32.44892148658058,-22.430354717080892,62.117155591901806
qb_008055,health_and_safety,64.38591519958993,43.020540098718826,-21.731284918529376,86.11720011811931
qb_008108,cultural_identity,28.065408340585208,6.5055771324922915,-19.55551786664401,47.62092620722922
qb_008108,health_and_safety,56.97012633262204,30.82738851701965,8.047756016025478,48.922370316596556
qb_008108,political,-11.961235858297554,-6.765005080557599,8.120476701812045,-20.0817125601096
qb_008108,public_sentiment,58.248897680952524,14.022101929907693,-11.027674663510894,69.27657234446342
qb_008148,capacity_and_resources,28.18403876429543,-5.909253791275741,12.246795484379776,15.937243279915654
qb_008148,economic,46.00582345782709,-24.33452485820209,-24.17828360780656,70.18410706563365
qb_008148,policy_prescription,-12.19781397614142,13.608707422461539,-24.509747602902348,12.311933626760927
qb_008148,political,3.5426595640763274,26.26183929836529,-3.7510853166024436,7.293744880678771
qb_008159,capacity_and_resources,36.46242020887453,25.201230472126742,-3.532896151347679,39.99531636022221
qb_008159,economic,32.374686313763185,18.723820297717246,-14.179004900776784,46.55369121453997
qb_008159,external_regulation,46.31446834490429,17.215331511216377,14.83307862395614,31.48138972094815
qb_008159,political,50.09901938937213,20.26164461648797,5.173606364993917,44.925413024378216
qb_008173,crime_and_punishment,27.115590869051964,-13.347246093049492,3.557645850098052,23.557945018953912
qb_008173,health_and_safety,22.163366156722358,23.6184318080169,26.080390947076108,-3.91702479035375
qb_008173,security_and_defense,24.521446057018025,13.146107580577269,-23.614002060851153,48.135448117869174
qb_008186,crime_and_punishment,11.998810741094148,-0.14361346033334865,-24.839518651249584,36.83832939234373
qb_008186,health_and_safety,26.88450675940552,51.05452906497307,19.543972767561467,7.340533991844055
qb_008186,legality_constitutionality,-8.316647503305777,-11.96825079728408,-36.570695631933845,28.254048128628067
qb_008186,policy_prescription,34.78728649201823,25.23307201044212,-9.343250997771264,44.130537489789496
qb_008186,public_sentiment,37.53419090990304,9.341340015639297,-17.684682136968387,55.21887304687142
qb_008186,security_and_defense,45.302029256441415,0.5200554052325527,-7.576975841025406,52.87900509746682
qb_008292,capacity_and_resources,-4.200183069451765,8.306047263112387,-24.841741524694626,20.641558455242862
qb_008292,economic,27.367144950824706,-3.0505130122987385,-7.05965321594681,34.42679816677152
qb_008292,legality_constitutionality,-2.42042928396513,-23.195962209366783,-27.219225969041275,24.798796685076145
qb_008297,capacity_and_resources,-6.201918980134231,19.65558448059965,1.0471715725195467,-7.249090552653778
qb_008297,public_sentiment,-24.945004114971457,28.410122366746617,37.46268851872604,-62.40769263369749
qb_008297,security_and_defense,-12.698736720139111,17.948865062907185,-12.810000894664059,0.11126417452494763
qb_008301,cultural_identity,49.31978516984043,-0.12938024840539297,-6.893681204472453,56.21346637431288
qb_008301,fairness_and_equality,10.37656445620893,41.55901457549505,-1.4381543820565876,11.814718838265518
qb_008301,policy_prescription,46.61359636042745,-12.109208083370058,-21.22587334571471,67.83946970614215
qb_008301,political,-1.1208190716249473,23.769990452766013,-9.428346428706307,8.30752735708136
qb_008313,policy_prescription,46.9869086287884,1.4912778729457028,-30.84768677124547,77.83459540003386
qb_008313,political,1.6311524561648572,13.18863686565707,-25.56967357503362,27.200826031198474
qb_008313,public_sentiment,21.742568829393438,-18.55643329279879,-17.183622689763833,38.92619151915727
qb_008348,economic,49.32230535953565,-8.0350122351696,-17.308285306949053,66.6305906664847
qb_008348,political,42.886436166426364,-18.560606596275797,32.422706311809925,10.463729854616439
qb_008362,cultural_identity,43.87171046371616,32.15628698930615,-3.863624830327376,47.73533529404354
qb_008362,fairness_and_equality,55.875884691972146,52.73005407393514,-3.648237841371051,59.524122533343196
qb_008362,legality_constitutionality,4.3598203005499245,-21.442698803916826,-13.24431368150326,17.604133982053185
qb_008362,policy_prescription,39.95119656378755,-18.95902377367775,4.168006023827846,35.783190539959705
qb_008362,political,9.062417851286954,28.77871671839556,11.307826493749442,-2.245408642462488
qb_008371,fairness_and_equality,7.638454495014928,14.425524226157078,-19.894943174303833,27.53339766931876
qb_008371,legality_constitutionality,-16.385238822655342,-24.855334214187394,-31.95800143802189,15.572762615366546
qb_008371,political,42.281847516407105,34.69985958685298,5.490674810849048,36.791172705558054
qb_008394,health_and_safety,38.474288558961774,-10.124747812222429,-17.5188637572442,55.99315231620598
qb_008394,public_sentiment,28.35313939868826,16.275477155899605,12.441786577458336,15.911352821229924
qb_008399,capacity_and_resources,24.970167211801247,5.615852528860705,16.19825409337957,8.771913118421676
qb_008399,external_regulation,59.60883289216538,13.78775100705873,5.560907510152124,54.047925382013254
qb_008399,health_and_safety,29.40444724773357,50.44932749652996,14.095706685040394,15.308740562693178
qb_008399,policy_prescription,18.69834786710171,-16.07409439854814,-6.039795091465244,24.738142958566954
qb_008399,political,45.00330007130671,7.563123589622677,-4.912536576063981,49.91583664737069
qb_008399,security_and_defense,61.048487297907116,-12.483804455417202,-4.872433420925175,65.92092071883229
qb_008435,morality,9.50753625038269,-13.163290900295905,0.5844913914513485,8.923044858931341
qb_008444,capacity_and_resources,-10.84385010241344,41.06249789453989,-5.398430753504312,-5.445419348909128
qb_008444,political,-8.923491010310538,26.61582928167896,0.35785110626887073,-9.28134211657941
qb_008444,public_sentiment,18.896681183696096,40.28817647932396,9.364369812495742,9.532311371200354
qb_008486,health_and_safety,51.85938824532289,9.59855212009368,-17.06550226431996,68.92489050964285
qb_008498,economic,34.09112214486151,23.532611944125783,-3.0435985871665627,37.13472073202807
qb_008498,legality_constitutionality,12.408438424455376,-18.26789875103473,-18.13563445407756,30.544072878532937
qb_008540,legality_constitutionality,19.93216128821161,-15.824607890074638,-15.935546965863285,35.8677082540749
qb_008540,political,12.155164502756776,20.01733987802488,-18.39627834828543,30.551442851042207
qb_008563,crime_and_punishment,40.806244087321765,28.469468459791916,-5.709418262909411,46.515662350231175
qb_008563,legality_constitutionality,25.92657948034872,28.672251629135648,0.8566710371048474,25.069908443243875
qb_008588,cultural_identity,38.53062030798384,7.369584077777343,29.48409321388737,9.046527094096469
qb_008588,fairness_and_equality,27.090301996465964,34.25748875299754,-6.13822846580691,33.22853046227287
qb_008588,morality,20.338297988653363,-1.6367667528329854,-14.044416252276333,34.382714240929694
qb_008588,policy_prescription,32.342683491127865,13.222156588812155,-15.123212204020442,47.465895695148305
qb_008588,political,1.5058168037432325,18.781616340222257,16.315209751728602,-14.80939294798537
qb_008606,capacity_and_resources,22.57485934170197,14.099807994120255,8.625047616090743,13.949811725611227
qb_008606,health_and_safety,45.03289824488147,62.43457377324861,-12.90937793326008,57.942276178141555
qb_008606,legality_constitutionality,-7.438817072870039,-21.374140685138475,-27.509677359164016,20.07086028629398
qb_008606,policy_prescription,41.17419226134699,-11.199668677362666,23.448148557303057,17.72604370404393
qb_008606,political,13.593951868575395,36.24914463025383,2.599830545104197,10.994121323471198
qb_008645,capacity_and_resources,45.42406129485875,13.616058394391851,-16.722628921169974,62.14669021602873
qb_008645,economic,46.73200341298454,46.907653662151084,-7.8889557814413855,54.62095919442592
qb_008645,health_and_safety,62.527508045742316,45.27746816655474,-5.667880313969437,68.19538835971176
qb_008645,policy_prescription,9.272328361773944,32.373624001009716,-5.203374676472028,14.475703038245971
qb_008645,political,6.512669318848161,17.72632688192783,1.8820590236199226,4.630610295228238
qb_008645,quality_of_life,41.37249967239048,35.28611676359868,-10.493643904200344,51.86614357659083
qb_008663,capacity_and_resources,11.637563178718157,-3.3345309698888896,-12.57930337229286,24.216866551011016
qb_008663,legality_constitutionality,13.224421424809341,-32.81055110458132,-11.59872010081058,24.82314152561992
qb_008663,morality,4.763551619097284,9.356640270513507,-0.0028407820486657798,4.76639240114595
qb_008663,political,-8.517532144496199,21.29627793144779,-5.588774776114954,-2.9287573683812447
qb_008663,security_and_defense,-9.799812151993573,19.634279640780672,-15.167484975149382,5.367672823155809
qb_008741,capacity_and_resources,25.8569389630383,5.938532978393801,16.389695822475147,9.467243140563152
qb_008741,crime_and_punishment,28.191897580509305,18.95342916315303,3.587344244613522,24.604553335895783
qb_008741,legality_constitutionality,-10.281897309217918,-15.409791847356217,-27.94828623923192,17.666388930014
qb_008741,policy_prescription,36.44192097526035,21.84534426807769,-10.595568520968442,47.037489496228794
qb_008741,political,19.52570330631289,6.013448811308196,-8.224762308199894,27.750465614512784
qb_008770,morality,15.511260036902947,-2.835325701716922,-28.14498936263701,43.65624939953996
qb_008770,political,1.1340231591568766,16.420139035194644,2.8237420487873655,-1.6897188896304889
qb_008770,public_sentiment,12.893093726284723,33.672674883609254,-10.694898686342189,23.58799241262691
qb_008782,economic,24.659751017602233,38.77011360793632,-13.908480434743556,38.568231452345785
qb_008782,political,-2.8571670696082028,27.847945689037765,21.75967411395401,-24.61684118356221
qb_008788,capacity_and_resources,33.523258263236556,-4.174649675480044,2.5288841277552594,30.994374135481298
qb_008788,political,-2.3838119085854244,13.861725125073319,-10.651436495743718,8.267624587158295
qb_008804,capacity_and_resources,48.24343239862586,-12.382976806177862,7.643248075693776,40.60018432293209
qb_008804,external_regulation,54.88601750717093,7.401387054520953,7.551352245286542,47.33466526188439
qb_008804,political,4.164253425838997,20.369840731522125,-11.124860638808308,15.289114064647304
qb_008804,security_and_defense,60.80831822969589,-2.640849092343449,-5.6294965010864395,66.43781473078234
qb_008808,capacity_and_resources,48.46590155319162,-5.578260522839798,-11.66760415431999,60.13350570751161
qb_008808,economic,2.024615613866605,-17.274530426079174,-20.455107474957686,22.47972308882429
qb_008808,political,16.930093671576625,27.25245978682693,-18.014191646948788,34.94428531852542
qb_008808,public_sentiment,8.659113328681366,-13.738018023350737,-43.38990360498133,52.04901693366269
qb_008808,quality_of_life,46.934949775035925,27.900026922250078,9.03435081222728,37.900598962808644
qb_008808,security_and_defense,22.8300747440691,-10.08616770423105,-2.6879350779737448,25.518009822042846
qb_008817,capacity_and_resources,16.311784133493305,34.034603548092804,-14.05468677130017,30.366470904793474
qb_008817,crime_and_punishment,7.473048874852393,2.978464231861583,-21.461851573498514,28.934900448350906
qb_008817,legality_constitutionality,33.365945623976,9.999351379852083,-17.925486016338162,51.291431640314165
qb_008817,morality,36.07473288912852,-17.689226486811844,10.713584848153358,25.36114804097516
qb_008817,public_sentiment,29.35135621585975,25.82191249474195,-1.9194557369591487,31.270811952818896
qb_008819,political,31.42230277014316,12.843008654359162,-8.040218620081625,39.46252139022478
qb_008832,legality_constitutionality,6.881400092204724,-26.21941822531251,-17.795316154385034,24.67671624658976
qb_008832,political,-4.912651665076238,-7.788658021269187,-2.731411538590605,-2.181240126485633
qb_008843,legality_constitutionality,-18.475706875427296,-26.288772728146345,-52.1405640114369,33.6648571360096
qb_008843,morality,-7.484545824500033,-15.872777992881568,-8.67831395208424,1.1937681275842067
qb_008843,political,10.140502994398151,22.377935899445603,-25.724447637900504,35.86495063229866
qb_008855,crime_and_punishment,21.732814462215057,17.06584875615026,-12.759320605436251,34.492135067651304
qb_008855,legality_constitutionality,-12.988484766714931,-18.86896889681514,-14.948591255489218,1.9601064887742865
qb_008855,morality,1.9462111304879484,-19.93863523109092,-15.005667982035249,16.951879112523198
qb_008855,political,24.261214393015276,8.649612041712178,-23.420296871402172,47.68151126441745
qb_008875,political,25.65498311363174,13.240485007722846,-17.349954595596817,43.00493770922856
qb_008875,public_sentiment,20.346482921492978,30.670638978779436,-5.555985428734707,25.902468350227686
qb_008919,legality_constitutionality,-16.131870919234817,-25.119980168118836,-28.7055289285259,12.573658009291083
qb_008919,political,6.571149382989527,21.285726066852632,-11.506690769166246,18.077840152155773
qb_008960,economic,-13.57349646092708,29.224120089826236,-20.206703558745403,6.633207097818323
qb_008960,public_sentiment,47.22921839339044,-18.648854736141047,23.10703895320986,24.12217944018058
qb_008965,capacity_and_resources,26.47841279696143,-13.028053406179055,-3.146070537818998,29.62448333478043
qb_008965,external_regulation,-1.740839059437361,-24.02339412305133,-10.103092376242586,8.362253316805225
qb_008965,political,-3.482417685586788,26.172706364410093,-21.37152012729174,17.88910244170495
qb_008965,security_and_defense,-11.939633904309364,-32.26086744342138,7.176613188628225,-19.116247092937588
qb_009002,capacity_and_resources,1.778615616728354,10.710254309132148,-7.598828694500509,9.377444311228864
qb_009002,health_and_safety,36.020457358783595,7.857464541102445,36.882287734600204,-0.8618303758166093
qb_009002,political,19.097453913967456,31.970896070814778,-24.10003148541681,43.19748539938426
qb_009002,security_and_defense,7.972202670079787,15.901473841319609,10.937820712283848,-2.9656180422040617
qb_009010,legality_constitutionality,-6.386974580372424,-20.285641364428027,-7.136022823378758,0.7490482430063334
qb_009010,policy_prescription,5.604737685900407,23.459217979399963,10.977743090179453,-5.373005404279047
qb_009010,political,21.82351063909595,17.799523930093155,19.369560932700846,2.453949706395104
qb_009010,public_sentiment,18.263717758171218,-17.188219986719893,5.699330935392424,12.564386822778793
qb_009019,fairness_and_equality,-8.058557474525502,29.43448773060326,-15.703987721331131,7.645430246805629
qb_009019,legality_constitutionality,1.4001883970497673,-21.265509681460244,-16.764186962623757,18.164375359673524
qb_009019,morality,35.64318390350682,5.601306267788091,0.8751419120989432,34.76804199140787
qb_009019,policy_prescription,-7.0971459014422145,-13.930101632916193,-26.932530270780376,19.83538436933816
qb_009019,political,29.182832555889,36.05509084224112,20.807764067782124,8.375068488106876
qb_009019,public_sentiment,44.13729911709578,-29.884414773452765,-24.361205942344313,68.49850505944009
qb_009026,external_regulation,10.603567231695244,-3.5551639267252386,-35.3510982680858,45.95466549978104
qb_009026,legality_constitutionality,-33.71490772294745,-46.69181455664802,-13.76129816080926,-19.95360956213819
qb_009026,political,14.552276165935242,-16.162802117637252,-18.364193786015942,32.916469951951186
qb_009026,security_and_defense,-38.005425727026974,13.28744712165327,-18.2090508278627,-19.796374899164274
qb_009045,capacity_and_resources,37.17301286130436,-1.633371169310368,-12.995875838622093,50.16888869992645
qb_009045,political,42.857220562666875,-10.876292331697577,3.328284366095574,39.5289361965713
qb_009045,security_and_defense,51.751565908143206,-25.541952138452455,-17.32836407456254,69.07992998270575
qb_009059,legality_constitutionality,14.21242721444683,2.4639759985559744,-6.618522798188835,20.830950012635665
qb_009059,political,29.642695646820187,-10.457378250046364,-3.3942396655258915,33.03693531234608
qb_009059,public_sentiment,26.89248742051453,23.745988878781738,18.01753318463233,8.8749542358822
qb_009065,economic,42.356973837255545,-17.16838016600888,-38.96856544644974,81.32553928370528
qb_009065,policy_prescription,-8.63944690746663,-12.446787680812664,-25.358412566302647,16.71896565883602
qb_009065,political,2.9475840434586296,15.303890739681352,34.566895285049874,-31.619311241591245
qb_009065,security_and_defense,-18.537465169197645,-4.261408422432944,1.465866042086816,-20.00333121128446
qb_009072,capacity_and_resources,15.001213626584166,17.02097357132927,-13.615360559739601,28.616574186323767
qb_009072,economic,27.702416307713175,-19.215839182135305,-36.989173100776725,64.6915894084899
qb_009072,external_regulation,39.39961493383157,12.917440980923818,-15.531616835278903,54.931231769110475
qb_009072,health_and_safety,37.40789480698122,26.753058094522313,14.499974219896304,22.907920587084917
qb_009072,morality,11.698861797303522,2.5132911979785857,1.1043749724452319,10.59448682485829
qb_009072,policy_prescription,0.6321685952277327,7.669011396891346,-30.514996682776466,31.1471652780042
qb_009072,political,56.864434788290914,-2.774462274242559,16.288735538714473,40.575699249576445
qb_009072,security_and_defense,5.07983867374085,13.533142317850618,-33.12038038692797,38.20021906066882
qb_009115,capacity_and_resources,33.971905746556814,28.92161229306401,18.4747890806178,15.497116665939014
qb_009115,health_and_safety,70.40312675321444,14.70335222386304,22.367716664983533,48.035410088230904
qb_009115,public_sentiment,42.62643243591149,-13.98022633495846,-21.050733413236692,63.67716584914818
qb_009145,cultural_identity,-19.575156617371896,21.252132815282888,8.46614791586721,-28.041304533239106
qb_009145,economic,60.639832010220175,-17.874780384128844,-24.711689812478554,85.35152182269873
qb_009145,external_regulation,20.213939583711024,-17.9387152015007,-7.442667036751102,27.656606620462128
qb_009145,legality_constitutionality,8.151352360667016,-17.27252307738677,-16.191357245297727,24.342709605964743
qb_009145,political,7.558683213448189,-8.691981411486447,-13.941359607578722,21.50004282102691
qb_009145,public_sentiment,38.53279822663406,-10.45982075906863,-21.09368793972632,59.62648616636038
qb_009145,security_and_defense,26.121313252206065,-27.174588125152958,-27.959292531763143,54.080605783969204
qb_009151,capacity_and_resources,11.027332461732094,32.79282590974812,-13.169131547703824,24.196464009435918
qb_009151,economic,55.97525874955791,-7.638658758121094,19.388167265492854,36.587091484065056
qb_009151,health_and_safety,48.639394589144395,56.12896427741971,11.55331437566636,37.086080213478034
qb_009151,policy_prescription,5.584478443707562,12.633899565714442,-2.8611167065667518,8.445595150274315
qb_009155,crime_and_punishment,45.9985886554349,-24.20223118092231,-8.417612860739622,54.416201516174524
qb_009155,legality_constitutionality,45.22151975940714,15.18302855000311,-33.21523722791022,78.43675698731735
qb_009156,external_regulation,26.03390087455693,22.818978060921026,1.9806650961556225,24.05323577840131
qb_009156,health_and_safety,66.99212158334305,42.44769883806097,16.38095509631635,50.6111664870267
qb_009156,security_and_defense,8.563776232608834,15.084837826816022,-9.843294197881091,18.407070430489924
qb_009185,crime_and_punishment,42.821504443541755,-20.784979112750662,3.0126257204851963,39.80887872305656
qb_009185,legality_constitutionality,6.9491710194898095,-5.837208199126939,-15.92274020359243,22.87191122308224
qb_009185,political,18.91611301486569,38.495662325714434,9.822335777132965,9.093777237732725
qb_009229,external_regulation,11.671111689761947,25.10405823483306,-1.673248234387788,13.344359924149735
qb_009229,legality_constitutionality,37.77436197116127,-6.587386629154043,-9.919285774489312,47.69364774565058
qb_009229,policy_prescription,23.10043503963313,-21.144593408194535,-2.738262808093271,25.8386978477264
qb_009229,political,12.251796386820955,-14.355934007893524,9.17071243332376,3.0810839534971937
qb_009238,crime_and_punishment,43.68546959749394,28.706009187648007,-6.951204517603436,50.63667411509738
qb_009238,cultural_identity,48.590275270007076,25.687663491332096,8.757267446754984,39.83300782325209
qb_009238,legality_constitutionality,28.190370396185365,-15.59765559591073,-15.219722274147069,43.41009267033243
qb_009238,policy_prescription,14.034462559634603,21.58228464939697,-38.88746133707899,52.921923896713594
qb_009238,political,38.170445944213746,15.61171556832418,8.25849060384813,29.911955340365616
qb_009238,public_sentiment,54.46433744287643,2.0450284220681816,-18.3097639444962,72.77410138737262
qb_009297,external_regulation,41.840093779455465,-10.302890939726936,-24.66457237872917,66.50466615818463
qb_009297,health_and_safety,15.716701739337179,28.31506268907077,1.1026909333702601,14.614010805966918
qb_009297,security_and_defense,42.537126953379676,-4.748497596276267,-5.922003372017958,48.45913032539764
qb_009307,fairness_and_equality,19.091576013965234,33.86912823240949,-5.973168509335035,25.06474452330027
qb_009307,health_and_safety,62.004938252255386,11.150013620490167,24.467106727607916,37.53783152464747
qb_009307,policy_prescription,6.742995956880303,-0.43448749216027327,-10.256767991364972,16.999763948245274
qb_009307,political,37.285308066029856,3.839352063404087,-3.429670912307677,40.714978978337534
qb_009307,public_sentiment,29.124998511281753,-7.680335140380627,28.937513447480644,0.18748506380110896
qb_009321,capacity_and_resources,18.624601589339587,25.236135679944073,14.420422124943638,4.204179464395949
qb_009321,economic,40.38446931253868,-8.53404167143828,13.965680894291554,26.418788418247125
qb_009321,external_regulation,-16.61402080627704,30.038914934486257,-1.7493979938092432,-14.864622812467797
qb_009321,public_sentiment,14.223882471727768,12.434317362246292,25.246048170907272,-11.022165699179505
qb_009321,security_and_defense,-1.3738989763629659,18.173797263494194,-12.05471241284001,10.680813436477044
qb_009324,capacity_and_resources,4.05351268848815,22.200527593782024,-10.230391808272019,14.283904496760169
qb_009324,legality_constitutionality,35.866357654582536,-8.22885283253867,-1.914639938838461,37.780997593421
qb_009324,public_sentiment,-4.530904878176206,28.955054781659257,59.922353674670845,-64.45325855284705
qb_009324,security_and_defense,32.52020663942543,-18.836253109227844,2.7860863019776114,29.73412033744782
qb_009379,capacity_and_resources,18.332633427703005,22.938619219286476,-3.909395577307686,22.242029005010693
qb_009379,economic,3.3015242273673513,-26.222540414193325,6.712665345194754,-3.4111411178274027
qb_009379,political,-3.1470608461759975,1.4470528531737301,20.22075847674675,-23.367819322922745
qb_009402,external_regulation,25.680078920200337,-7.330156054012976,-0.20772513944721105,25.88780405964755
qb_009402,political,-8.967694138462642,12.89073809428189,-9.479521703632248,0.5118275651696056
qb_009471,capacity_and_resources,20.327837990435647,40.517133534277654,18.781902718940245,1.5459352714954022
qb_009471,health_and_safety,100.52340277499549,17.4944053696666,13.308926628173534,87.21447614682195
qb_009513,capacity_and_resources,-4.451798849321246,-17.19775659277617,3.2135042850933058,-7.665303134414552
qb_009513,economic,6.248452959175107,-12.38687897866832,-9.629171053319311,15.877624012494419
qb_009513,external_regulation,24.694317064120725,39.20774084851134,0.9962147487493037,23.698102315371422
qb_009513,political,12.17884887793206,25.872399245899768,2.2567398704860446,9.922109007446014
qb_009513,security_and_defense,12.888964920699554,-13.809868251980566,-15.062032163685448,27.950997084385
qb_009516,economic,17.529167532111163,23.987494511208396,18.871813181530708,-1.342645649419545
qb_009516,policy_prescription,42.97239789674795,-11.25970029385475,2.0420062929434,40.93039160380455
qb_009545,legality_constitutionality,33.012578496716564,-23.694443302069548,-15.858142042247666,48.87072053896423
qb_009545,policy_prescription,6.787247112772444,-15.686754947971773,1.2354429743266089,5.551804138445835
qb_009545,political,-2.708279433503157,-25.219782949189078,-11.249329270724855,8.5410498372217
qb_009552,economic,24.82734780027871,21.413376699074984,-12.210517673770553,37.03786547404926
qb_009552,legality_constitutionality,45.04058332226027,-20.417361941508318,-12.798691938994272,57.83927526125454
qb_009552,morality,3.9757677504250193,-8.612538992234505,-13.438659407279086,17.414427157704104
qb_009552,public_sentiment,47.33637682766403,33.40501710465286,18.744140043498675,28.592236784165358
qb_009552,quality_of_life,76.72433107419889,38.478976221486754,-7.007381273489438,83.73171234768833
qb_009601,political,23.72838140306853,29.36141685826625,3.0806400108385716,20.647741392229957
qb_009601,public_sentiment,41.076739747132194,6.228488835335514,5.213908863668761,35.86283088346343
qb_009654,capacity_and_resources,38.63652269342653,31.239963162845942,16.327212796231695,22.309309897194833
qb_009654,economic,19.83525231347247,-22.498825444638857,-1.181744851405341,21.01699716487781
qb_009654,morality,41.441848624551795,-17.001634573206392,-6.324284703033276,47.766133327585074
qb_009654,policy_prescription,32.09040998886946,5.707935571559472,-40.13937246199711,72.22978245086657
qb_009654,political,29.27811953043683,33.80479060386658,-7.32253267942801,36.60065220986484
qb_009654,public_sentiment,41.00354813795007,14.795665692629724,-15.250347207577715,56.25389534552778
qb_009654,security_and_defense,21.568702169702878,17.71000270984101,17.27557954009977,4.293122629603108
qb_009657,cultural_identity,53.96530407541964,18.996689921733825,-34.813427229984114,88.77873130540375
qb_009657,health_and_safety,61.43904754619707,39.475806783401445,8.754659233441767,52.6843883127553
qb_009667,crime_and_punishment,19.046746209824928,34.601641725976236,-19.49222648117768,38.53897269100261
qb_009667,legality_constitutionality,45.65481806446375,-13.210234471176697,-5.91683588467261,51.571653949136355
qb_009667,political,25.520859526675043,14.996936369309552,-28.603285714399995,54.12414524107504
qb_009672,capacity_and_resources,-7.581562426482212,-1.5468024364552204,-27.897803950085578,20.316241523603367
qb_009672,political,-20.03094029125065,6.623607086580355,-7.684262197071708,-12.346678094178944
qb_009672,security_and_defense,23.079793093541532,-31.255493449442106,-41.77118736868383,64.85098046222537
qb_009703,cultural_identity,22.11775323025229,7.351868551625566,6.701044131751203,15.416709098501087
qb_009703,legality_constitutionality,-15.754734972118536,-20.347117853480672,1.2635432501149273,-17.018278222233462
qb_009703,political,39.84659987065243,20.71778284748896,22.090577720074936,17.756022150577497
qb_009703,public_sentiment,26.036928914153044,-11.94942799598809,33.07364827417254,-7.036719360019497
qb_009740,crime_and_punishment,20.0180152406311,48.46282913489814,8.229169000431867,11.788846240199234
qb_009740,legality_constitutionality,0.9943334840811486,-18.088056454608996,-18.234060138268127,19.228393622349277
qb_009740,political,35.377216139789766,-11.28862576828388,3.501642787408377,31.875573352381387
qb_009740,security_and_defense,0.040581627142063426,40.6305941177824,2.6179163529727023,-2.5773347258306387
qb_009742,cultural_identity,21.038213739134132,37.23075301593114,20.9927918250245,0.0454219141096317
qb_009742,fairness_and_equality,54.26177317989731,0.6467731371389764,8.731983518619225,45.52978966127809
qb_009742,legality_constitutionality,31.293694654110553,-17.0598385730872,-2.3088754049436453,33.6025700590542
qb_009742,morality,41.36666361051214,16.300628520199393,2.6849955833038885,38.681668027208254
qb_009742,policy_prescription,1.9820400972887051,26.318003632004828,10.8082392266194,-8.826199129330695
qb_009742,political,59.935620984383796,-4.896060704465056,-32.37253959104323,92.30816057542702
qb_009742,public_sentiment,-8.072081717716832,33.96036437727845,28.140203482303914,-36.212285200020744
qb_009775,capacity_and_resources,27.037200769661816,24.96873135320549,-3.737268830387804,30.77446960004962
qb_009775,economic,37.78902674993747,15.769145201661608,-24.14273201325934,61.93175876319681
qb_009778,cultural_identity,23.64248290246798,4.55129431955576,4.672393790162671,18.97008911230531
qb_009778,political,20.888206788791127,18.714993775812452,-9.66177044195235,30.549977230743476
qb_009778,public_sentiment,-15.662282494285117,-1.9642378327298196,11.785910525308475,-27.448193019593592
qb_009829,capacity_and_resources,25.1879644970976,32.02197222141038,-10.562174607618662,35.75013910471626
qb_009829,policy_prescription,3.590342345927487,-6.468551203485163,-26.242550898812013,29.8328932447395
qb_009829,political,25.021339963569414,24.985807354932437,-0.35274453212063206,25.374084495690045
qb_009829,public_sentiment,67.23160550941688,-4.359213456350977,20.61406946694344,46.61753604247344
qb_009829,security_and_defense,35.25092636841961,-19.373988480990587,-12.841399718253612,48.092326086673225
qb_009831,economic,23.10221219965838,-8.669269906878766,-9.744318481310518,32.8465306809689
qb_009831,health_and_safety,56.26216716536053,58.63205423346931,15.150240192891204,41.11192697246933
qb_009874,legality_constitutionality,0.49993519557884386,-20.630903711934682,-23.24603851193207,23.745973707510913
qb_009874,political,11.71793726689367,-30.713526671015533,-38.76864209901474,50.48657936590841
qb_009891,political,39.19025914787129,-21.0187141537436,-0.27008730464355946,39.46034645251485
qb_009891,security_and_defense,18.771292977240215,8.627506943553813,-28.54785665706386,47.319149634304075
qb_009900,legality_constitutionality,-11.03715737930969,-12.542719374877759,-6.118609324690115,-4.918548054619575
qb_009900,policy_prescription,-2.2283967898828108,-30.219447520204326,-36.26720106796982,34.038804278087014
qb_009900,political,5.7122107049688635,18.040528211338444,-18.385070418605046,24.09728112357391
qb_009905,morality,54.662496548427654,-5.738428492230097,-12.27407625120464,66.9365727996323
qb_009905,public_sentiment,43.82475445389331,-4.1758072859537485,1.188566588198361,42.63618786569495
qb_009911,crime_and_punishment,9.296829255588586,27.37768804441693,3.9027391464852963,5.394090109103289
qb_009911,economic,18.86004676969543,29.980471656029458,-11.3958811947509,30.25592796444633
qb_009911,legality_constitutionality,47.65793701606587,-19.030178202807672,1.2778766244283446,46.38006039163753
qb_009918,crime_and_punishment,39.475410020695605,14.729066254232972,13.605004430210345,25.870405590485262
qb_009918,legality_constitutionality,31.24879739126997,-2.1185924766192814,-22.12434321241367,53.37314060368364
qb_009918,morality,43.30935341681864,-6.577952643898046,-3.3089534870599193,46.618306903878555
qb_009918,political,48.49621912958996,27.89425252525124,-3.888730013324039,52.384949142913996
qb_009920,crime_and_punishment,37.98183939460787,34.21526353347102,9.46466704042199,28.517172354185877
qb_009920,external_regulation,15.38839752313594,29.73629763507352,-39.40395706606655,54.79235458920249
qb_009920,legality_constitutionality,22.93995635073159,-10.086223650176724,-16.072258189545774,39.01221454027736
qb_009920,political,7.49827265038763,-8.214606820586688,23.99906667130401,-16.50079402091638
qb_009926,crime_and_punishment,24.444752047236534,53.9274535397154,-7.364735949633102,31.809487996869635
qb_009926,morality,38.216618569898024,4.036066510639106,-3.5611124572944024,41.777731027192424
qb_009926,policy_prescription,27.92695895118513,19.037862113645097,12.456231820807567,15.470727130377565
qb_009926,political,45.127471615608144,31.5014118396192,6.088459817481844,39.039011798126296
qb_009954,political,33.32089307641455,36.00606976415542,-17.06561914632832,50.386512222742866
qb_009954,public_sentiment,38.55227246688895,-11.312368588941105,-7.449820301685393,46.00209276857434
qb_010073,capacity_and_resources,25.550172971505905,17.606125111769376,-4.50437182292414,30.054544794430043
qb_010073,health_and_safety,44.35779009268845,2.519972074632825,-5.131225563002536,49.489015655690984
qb_010073,policy_prescription,-0.705575136847324,-4.660191614074932,1.8834721645555377,-2.5890473014028617
qb_010073,political,30.09222930019454,17.739497015430366,18.621429114130382,11.470800186064157
qb_010112,external_regulation,41.86594214830002,27.04899858989074,-2.8770224637871507,44.74296461208717
qb_010112,health_and_safety,49.31036832984177,7.420350239815108,19.911290062750176,29.399078267091596
qb_010112,policy_prescription,28.73077814287098,-4.531593468675415,-13.033299268284395,41.76407741115538
qb_010112,political,29.857970210528393,23.675163044062582,25.350505940550065,4.507464269978328
qb_010112,security_and_defense,29.299986523513894,-12.035980060166919,-31.451215151759136,60.75120167527303
qb_010133,health_and_safety,52.61551887526222,40.41922686620876,-4.504087638853863,57.11960651411608
qb_010133,policy_prescription,37.13627150435479,32.289134257087255,-0.38825370786547353,37.52452521222026
qb_010133,political,16.715071316262044,30.094162287030898,-7.150539626038121,23.865610942300165
qb_010133,public_sentiment,34.272809527482515,-11.500715331826298,-8.61966866805695,42.89247819553947
qb_010138,economic,34.07010353599652,-16.267866141845946,-22.021301905945624,56.09140544194214
qb_010138,legality_constitutionality,12.34235288986518,9.136099843984905,-20.524733529540352,32.86708641940553
qb_010138,morality,63.27046424742035,-5.7401240786860095,-9.35312871442768,72.62359296184803
qb_010138,public_sentiment,42.25388807340338,40.15395774479469,26.654463211305867,15.599424862097514
qb_010138,quality_of_life,46.14219142198016,31.388513698208552,33.142622718343574,12.999568703636584
qb_010162,political,52.934014920965865,3.9658634196257676,24.929114641417794,28.00490027954807
qb_010162,public_sentiment,18.068712466294723,24.484781030120207,24.431239407397637,-6.362526941102914
qb_010172,external_regulation,45.225848203776756,7.390386927637916,-7.7963615865747995,53.02220979035155
qb_010172,fairness_and_equality,19.785010477970697,31.389521867289794,-30.48343689322882,50.268447371199514
qb_010172,policy_prescription,25.183179329034708,25.153282749585017,-49.937231248234816,75.12041057726952
qb_010172,political,63.93528894081599,29.207815330199182,11.579282246155875,52.35600669466011
qb_010172,public_sentiment,60.15203169319389,0.8523423305118347,-10.991359330648809,71.1433910238427
qb_010172,security_and_defense,43.227333191023185,-10.360943310224366,14.076258440123198,29.151074750899987
qb_010212,economic,58.410087022694434,-8.888793426350789,-20.800108946531697,79.21019596922613
qb_010212,health_and_safety,102.9046390318654,29.360916093937682,-1.7054645533349495,104.61010358520035
qb_010212,policy_prescription,20.49151841481564,27.0702636222197,-34.64143989258149,55.13295830739713
qb_010212,political,51.156147396485295,25.15456920089735,16.10958310736704,35.04656428911825
qb_010213,health_and_safety,7.016359962039188,24.204693814996165,-5.18111231106982,12.197472273109009
qb_010213,legality_constitutionality,-3.512908727143313,-19.44053408205474,-12.722845035285195,9.20993630814188
qb_010213,policy_prescription,7.6063717831061295,5.304917791904322,-13.47708393775367,21.0834557208598
qb_010213,political,34.60238349619884,13.676306732705822,-7.768463896170676,42.37084739236951
qb_010232,morality,6.3309030367961645,-31.137054440715318,1.8644605600743926,4.466442476721772
qb_010232,political,36.08740444880898,29.363018558724058,1.3956947479006137,34.69170970090837
qb_010274,legality_constitutionality,-3.646105672943473,-10.753297923463943,-10.764055686342004,7.117950013398532
qb_010274,political,31.43185229627355,18.08574970596955,19.58722286784665,11.844629428426902
qb_010274,security_and_defense,-29.339998355685328,-36.21499167637263,19.192561108257014,-48.53255946394234
qb_010281,economic,37.18427667004223,-23.860800022073803,-29.164906360404043,66.34918303044627
qb_010281,external_regulation,10.70871310934045,23.035526862664554,-11.785894635369981,22.494607744710432
qb_010281,policy_prescription,29.048691321325492,5.554048853999367,-24.487575793245668,53.53626711457116
qb_010281,political,49.117126780472745,32.755543000199694,-11.243922835681301,60.36104961615405
qb_010281,public_sentiment,4.423852318364295,31.81655526604167,4.346365009741587,0.07748730862270836
qb_010329,capacity_and_resources,25.49303381024605,19.818653729148664,-5.846530302360252,31.339564112606304
qb_010329,health_and_safety,77.36799898031082,18.361398424657335,24.458615847171224,52.90938313313959
qb_010329,policy_prescription,47.658966994244956,-6.301498439736991,-27.007432301886794,74.66639929613174
qb_010329,quality_of_life,34.580179859280044,37.04156262637966,38.13520177234662,-3.5550219130665752
qb_010337,crime_and_punishment,22.436848672697657,-5.018890978832198,-15.246277936111511,37.68312660880917
qb_010337,external_regulation,78.08490251632105,-9.468794915981698,-14.080360498512585,92.16526301483364
qb_010337,policy_prescription,35.81455827950587,-27.499116550822695,-10.533498013314059,46.348056292819926
qb_010337,security_and_defense,38.149870756598716,-16.22449783710438,-10.95355307123377,49.103423827832486
qb_010416,crime_and_punishment,11.277704977073654,46.49799664992575,-10.969949399434528,22.24765437650818
qb_010416,legality_constitutionality,13.545507783230853,-8.017262853540316,-28.611934711832482,42.157442495063336
qb_010416,public_sentiment,17.19111191663795,37.143459276159696,13.378783394504318,3.812328522133633
qb_010425,economic,49.379679339070854,-25.210437789340407,-36.53501525840112,85.91469459747196
qb_010439,economic,0.05942368077657878,-16.69111897894988,19.74895484572227,-19.68953116494569
qb_010439,legality_constitutionality,-0.6215003645078028,-25.75617519518169,-27.425350074623683,26.80384971011588
qb_010439,political,0.8452543891649746,-6.521638903612688,-16.194602213656935,17.03985660282191
qb_010522,capacity_and_resources,16.926293662312847,21.484225273667395,2.0062173806476515,14.920076281665196
qb_010522,economic,21.895209486370874,32.59487673057652,-6.66772356999825,28.562933056369125
qb_010522,health_and_safety,54.67259889248973,19.754674350855776,26.290701790931053,28.38189710155868
qb_010524,crime_and_punishment,39.83589264058633,32.15456216650469,9.736403811159901,30.099488829426427
qb_010524,health_and_safety,85.09139578553557,50.659747854400685,13.896718440489524,71.19467734504605
qb_010524,policy_prescription,19.535415263157944,10.610241772290022,11.73558570800792,7.7998295551500245
qb_010524,political,45.54816751256436,26.689863257840184,27.740232632451207,17.807934880113155
qb_010527,capacity_and_resources,17.9867593326079,-4.159425409904064,-18.451649689898872,36.438409022506775
qb_010527,economic,27.66911887227494,-17.707891860248697,11.269324165646239,16.3997947066287
qb_010527,health_and_safety,41.71012642216862,43.0930403545925,-7.037518530060804,48.74764495222942
qb_010527,morality,45.31325934757262,-8.581421221403371,-14.164329889004627,59.477589236577245
qb_010527,quality_of_life,22.34031307475928,28.858980283095494,10.65746890118728,11.682844173572
qb_010542,external_regulation,2.9314864515640924,24.165378511496105,-5.587270893878219,8.51875734544231
qb_010542,political,3.5793124206044995,33.08816744637864,-6.081134287101091,9.66044670770559
qb_010547,political,47.63137895855521,33.20049489068283,39.90987991904037,7.721499039514839
qb_010547,public_sentiment,51.181037428853436,16.07180582136394,-5.537320815116686,56.71835824397012
qb_010566,legality_constitutionality,-22.605716434627897,-31.473031725101844,-37.79284946777127,15.187133033143372
qb_010566,policy_prescription,7.547634118728317,-30.546496016649964,14.17826567254067,-6.630631553812353
qb_010566,political,16.415986319714843,12.626334151967896,-23.435707508916753,39.851693828631596
qb_010586,crime_and_punishment,18.692463632635846,-23.232007141923297,16.45322057861479,2.239243054021056
qb_010586,morality,54.56124091712571,-1.566893916829728,-23.198481340457704,77.7597222575834
qb_010586,political,39.73656985123637,20.989641254141674,8.570026346197103,31.166543505039265
qb_010586,public_sentiment,22.05405890983485,26.619250644543715,8.110918319830768,13.943140590004083
qb_010589,cultural_identity,26.38696327779738,-10.007623087524358,24.085702424738926,2.301260853058455
qb_010589,fairness_and_equality,31.588776143632632,-7.206584942926389,-27.08566743123931,58.674443574871944
qb_010589,legality_constitutionality,10.922434117439952,0.06200200844326569,-6.0528446457416525,16.975278763181606
qb_010589,policy_prescription,25.715963661996845,-24.97699809952775,-22.074947205676494,47.79091086767334
qb_010600,crime_and_punishment,30.049906050594927,-13.528267590504546,-21.916036973828053,51.965943024422984
qb_010600,cultural_identity,11.54107434783715,4.549795558586215,-7.3392699883191606,18.88034433615631
qb_010600,fairness_and_equality,15.65139875865068,23.70542549299243,-6.630281363777361,22.281680122428043
qb_010600,policy_prescription,-4.106246428795675,-9.477070357026838,-48.48375349924779,44.37750707045211
qb_010600,public_sentiment,25.80101216155892,-19.252511089432417,-42.927689294089745,68.72870145564866
qb_010619,legality_constitutionality,45.06606111527992,-19.862642398050536,-17.02430249325552,62.09036360853544
qb_010619,policy_prescription,31.778214190050008,23.01185987509957,15.116050901598685,16.662163288451325
qb_010619,political,16.186349791231784,27.295349485208522,0.7238367148689611,15.462513076362823
qb_010649,capacity_and_resources,57.4474399521334,29.76342805932903,11.85895173847409,45.58848821365931
qb_010649,cultural_identity,41.1545018565218,11.221824459960768,-16.066522871198462,57.22102472772026
qb_010649,external_regulation,47.28914733096411,35.31990122154043,7.08908520082288,40.200062130141234
qb_010649,morality,27.9810753134301,20.68288183391687,22.544755526176495,5.4363197872536055
qb_010649,political,7.165674853779979,23.093923608739352,-3.0270532673975827,10.192728121177563
qb_010649,public_sentiment,18.608927153363858,28.206932009847215,-11.972736077341345,30.581663230705203
qb_010649,security_and_defense,53.13917307272099,11.969533492635279,-10.546953294720172,63.68612636744116
qb_010667,crime_and_punishment,29.990697901738617,34.692636879254394,11.256209995089357,18.73448790664926
qb_010667,cultural_identity,-1.1259922687874317,31.96916698805947,15.981368578391882,-17.107360847179315
qb_010667,fairness_and_equality,61.41194246858479,18.172178141150383,-30.184135820430633,91.59607828901542
qb_010667,health_and_safety,35.638442136903834,13.39624094711423,7.470311829832335,28.1681303070715
qb_010667,legality_constitutionality,16.236351787837,-7.474447553826787,-10.590468630414744,26.826820418251742
qb_010667,morality,18.490008325356623,6.416879821391929,-10.19570060939698,28.685708934753603
qb_010667,public_sentiment,48.12063423879512,23.625859598167477,34.2940992621802,13.826534976614923
qb_010718,capacity_and_resources,49.97276576182654,16.422054146872956,23.126049257723057,26.84671650410348
qb_010718,health_and_safety,49.70072902610447,47.8122004926825,30.417910951496452,19.282818074608016
qb_010718,public_sentiment,27.69216180885169,-4.257250785090985,25.67036866522774,2.021793143623949
qb_010718,quality_of_life,27.083502585021527,44.06702088602057,10.36011462679112,16.723387958230408
qb_010726,capacity_and_resources,16.695721635126905,22.02630526370023,0.915561435496007,15.780160199630897
qb_010726,health_and_safety,28.26594813949314,25.897147952297853,3.8335857811965557,24.432362358296587
qb_010726,quality_of_life,-9.817571721872973,12.266379096240684,-19.304957494476042,9.48738577260307
qb_010739,crime_and_punishment,15.003604161900983,27.858750365135986,-22.81820813100273,37.821812292903715
qb_010739,legality_constitutionality,61.45724037758127,1.0435927560992369,-7.85388852618922,69.3111289037705
qb_010739,policy_prescription,4.945745637965137,-15.175125141916464,-5.543133312679843,10.488878950644981
qb_010739,political,44.37492806480356,19.782002735931165,-8.357949299602517,52.73287736440608
qb_010747,political,6.9288948268296195,8.46085608948749,5.870139548796782,1.0587552780328373
qb_010747,public_sentiment,39.18721961488725,-6.926710184328334,30.371362197188517,8.81585741769873
qb_010750,capacity_and_resources,22.73618531971174,23.931961043341754,-5.850683266674657,28.586868586386398
qb_010750,economic,2.271845746782822,22.207175638438,20.28674103237517,-18.014895285592345
qb_010750,policy_prescription,35.01502408053936,7.45217077451391,-16.68209490784026,51.69711898837962
qb_010754,crime_and_punishment,54.28747000000365,-18.236907429443374,13.904693964791223,40.38277603521243
qb_010754,external_regulation,34.57435283433942,-11.418247666934146,8.362617965464649,26.21173486887477
qb_010754,legality_constitutionality,9.61323202086412,-13.28915458712529,-22.476602653951606,32.08983467481573
qb_010754,political,22.49885154290834,-21.230384233676354,-13.635687425010289,36.13453896791863
qb_010754,security_and_defense,9.040107345987817,6.84472356423126,-18.901715144945506,27.941822490933323
qb_010762,fairness_and_equality,10.545849051905439,32.89196432224886,-15.161706911043797,25.707555962949236
qb_010762,legality_constitutionality,41.69013621460385,-15.270261901305023,-2.6409825598488816,44.331118774452726
qb_010762,policy_prescription,29.660876888503648,38.80544350192401,-19.849324817248792,49.510201705752436
qb_010762,political,-5.441760952038253,26.525189055349603,-21.277711100420586,15.835950148382333
qb_010779,health_and_safety,62.19891106234005,5.4344770048503,18.303659618297957,43.895251444042096
qb_010779,morality,33.28415866134728,9.692502866501913,-0.6039655841545917,33.88812424550187
qb_010779,policy_prescription,19.299106208388732,1.5049882391035085,12.422235265334383,6.8768709430543495
qb_010779,political,38.546253322396765,-17.692123380366002,-11.610500898112564,50.15675422050933
qb_010779,public_sentiment,3.029729388885462,28.712763260473473,10.733499062787022,-7.70376967390156
qb_010793,political,21.528912820033092,25.02307144488228,-16.19278050856061,37.7216933285937
qb_010793,public_sentiment,27.17359350139825,-34.56884466047901,-27.453315137004992,54.62690863840324
qb_010824,capacity_and_resources,53.3442126231023,29.803989766073986,-30.20577190521074,83.54998452831305
qb_010824,external_regulation,8.95012716872687,36.358757423716916,-20.724738468735886,29.67486563746276
qb_010824,morality,45.58326633320229,-13.178538050561876,-21.494443751476048,67.07771008467833
qb_010824,political,37.24781373164436,24.873636870406877,6.717523963777579,30.530289767866776
qb_010824,security_and_defense,10.323608460737008,-36.77259907070052,22.2750873858586,-11.951478925121593
qb_010846,crime_and_punishment,24.61402234167113,15.106529030343891,-28.142063762516425,52.75608610418756
qb_010846,economic,4.750355145048546,29.935918882219326,-4.818710568198449,9.569065713246996
qb_010846,legality_constitutionality,-2.9207581712758564,-11.030249582853477,-36.940172148350065,34.01941397707421
qb_010853,crime_and_punishment,31.046531459940287,-14.649811291792442,-11.352739909708738,42.39927136964903
qb_010853,cultural_identity,2.164613657823313,34.49400085929187,17.55800573562791,-15.393392077804595
qb_010853,fairness_and_equality,59.82434020153976,7.441049952121654,27.95537890833227,31.86896129320749
qb_010853,legality_constitutionality,32.186741575069306,34.532930653619,-0.5347853146831163,32.721526889752425
qb_010853,policy_prescription,19.70489795900218,-0.514454401071742,-19.57108854337061,39.27598650237279
qb_010853,political,31.949913523177276,28.003236582667085,-18.692090164472006,50.64200368764928
qb_010853,public_sentiment,48.405850129357546,10.68309317545054,-14.870209330370372,63.27605945972792
qb_010853,security_and_defense,21.694068799074884,-21.40004077095616,3.098434024801122,18.595634774273762
qb_010898,legality_constitutionality,1.2135149893526018,-13.740316838420817,-11.54927587821295,12.76279086756555
qb_010898,morality,31.39270790784136,4.5889523930139715,-0.7640436891266994,32.15675159696806
qb_010898,policy_prescription,26.75990328403894,-34.924523791462875,-0.028528512242591675,26.788431796281532
qb_010898,political,21.052858041306227,14.532749545717797,-14.503829901242593,35.55668794254882
qb_010898,public_sentiment,40.12304036573468,-13.466406410519664,-13.371495782933419,53.494536148668104
qb_010901,capacity_and_resources,-16.038280995150775,13.510526093213846,-8.960512458470546,-7.077768536680228
qb_010901,crime_and_punishment,10.704783108990458,-8.558165719452948,14.150979972621966,-3.446196863631508
qb_010901,public_sentiment,33.89457712991617,9.673420361815218,-2.7968533380096225,36.6914304679258
qb_010901,security_and_defense,18.29905952111902,20.36212709632436,-12.225214233445307,30.524273754564327
qb_010927,health_and_safety,48.14388433776435,62.848401823522956,23.945998915156597,24.19788542260775
qb_010927,legality_constitutionality,9.821435869412827,-4.8182603537218345,-21.277435846995978,31.098871716408805
qb_010927,morality,22.705468132879716,-8.262992458589402,15.050442415850378,7.655025717029337
qb_010927,policy_prescription,37.96302757675794,-19.847081558457056,-17.408711909921166,55.371739486679104
qb_010980,political,-17.486312831867863,-29.83454840945394,-11.484619746277968,-6.001693085589896
qb_010980,security_and_defense,-13.64312347416873,-30.391604118046498,4.500597275984614,-18.143720750153342
qb_010992,economic,23.089829885951247,-18.05370322008276,-28.10575972005144,51.195589606002684
qb_010992,fairness_and_equality,9.11797374713747,28.499763144667558,-5.805811961432859,14.923785708570328
qb_010992,morality,39.082427110831304,-17.86132587957025,0.9688594823530625,38.11356762847824
qb_010992,political,-0.5825036065773915,25.633975975855186,-32.82729779687114,32.24479419029375
qb_011004,economic,28.292852090878398,-10.899974848816466,-8.781817829716655,37.074669920595056
qb_011004,policy_prescription,20.539233108548487,-14.011283821011867,-11.41319931224053,31.952432420789016
qb_011004,public_sentiment,25.987063179928207,-3.4020611578201954,-4.420691632503779,30.407754812431985
qb_011008,crime_and_punishment,37.65757142158667,26.4921142297326,-8.734550293730301,46.39212171531697
qb_011008,external_regulation,-4.277262409812503,-5.863209071061292,27.66591949450328,-31.943181904315786
qb_011008,political,43.98897481344375,-14.234613512359967,5.467426700856656,38.52154811258709
qb_011008,public_sentiment,58.71599017801928,33.20441535519345,-10.55531672867623,69.27130690669551
qb_011032,external_regulation,14.430881280204963,9.13804023869248,26.59448730031515,-12.163606020110189
qb_011032,policy_prescription,18.934006851787657,-8.885427954271188,-28.850231481594896,47.784238333382554
qb_011032,security_and_defense,38.957438182781715,-9.36220550502668,15.55520162181088,23.402236560970834
qb_011049,capacity_and_resources,13.410762735651709,-5.816849560521584,-1.017197729388652,14.42796046504036
qb_011049,economic,-3.6677331435225318,28.1249526155381,22.12253601579062,-25.79026915931315
qb_011049,legality_constitutionality,-5.943041225237732,-7.48895074058719,-5.3538939973109505,-0.5891472279267811
qb_011049,policy_prescription,41.06266632644218,11.39196738782081,-12.167678313769482,53.230344640211655
qb_011049,political,46.56608076848327,-9.02598755924795,-6.491143770988717,53.05722453947199
qb_011054,capacity_and_resources,4.190184103360286,-6.761840711940576,-21.064079271912615,25.2542633752729
qb_011054,external_regulation,33.55793585406638,-33.160882233007285,-8.2473040425915,41.80523989665788
qb_011054,policy_prescription,-11.855286852614405,-9.843352793043222,-7.189029184146166,-4.666257668468239
qb_011054,political,-6.7369483739187785,23.97861577215095,3.3238010236236404,-10.06074939754242
qb_011054,security_and_defense,-8.197398362431457,-15.602545160866972,-1.8852753318471251,-6.312123030584332
qb_011083,cultural_identity,3.569677326184313,24.474974811409048,-10.784792543194827,14.354469869379141
qb_011083,political,6.485607967579332,14.284966728752545,-9.55267205435655,16.038280021935883
qb_011099,health_and_safety,69.36620847243667,-12.140355365174967,23.170956667059198,46.19525180537747
qb_011099,morality,8.6642582816947,-4.10283962245151,-13.308670109163339,21.972928390858037
qb_011099,policy_prescription,16.22785797610675,15.44238201273801,-21.486344140302265,37.71420211640901
qb_011099,public_sentiment,27.689260847319503,-12.937740951954012,16.533661463615946,11.155599383703557
qb_011105,economic,-17.748219046748243,-15.858984958808822,-8.976416784479506,-8.771802262268737
qb_011105,legality_constitutionality,-10.53209736765103,-24.110701126399462,-6.7099415631377735,-3.8221558045132564
qb_011105,political,-0.2394001943190375,28.41306613261513,16.407607396194432,-16.64700759051347
qb_011112,legality_constitutionality,43.11050120734834,-25.804259406319513,-24.60373327343285,67.71423448078119
qb_011112,political,-1.8377775589439942,20.174000977163004,-32.72017641770191,30.882398858757913
qb_011112,public_sentiment,47.51075918091338,-16.382310802205023,-8.671202432468576,56.18196161338196
qb_011139,legality_constitutionality,-4.333089101999554,-24.20072207953837,-40.111799730741694,35.77871062874214
qb_011139,political,16.60373752131847,20.551128635209196,-4.929726059805415,21.533463581123886
qb_011139,public_sentiment,38.8695280284023,-19.61108458987215,-13.21711427539201,52.08664230379431
qb_011164,economic,35.309035129525974,18.01582576073863,-30.675806459412804,65.98484158893878
qb_011164,morality,57.055223089411825,-2.102632782669569,-11.930833540983533,68.98605663039535
qb_011164,political,14.608324564370701,26.775985006373865,19.736170980467517,-5.127846416096816
qb_011164,public_sentiment,59.89853487403762,-16.19124537086021,-16.566631554707904,76.46516642874553
qb_011176,legality_constitutionality,15.088322393240723,-27.759107786468974,-52.63260263640518,67.72092502964591
qb_011176,policy_prescription,23.510553658004557,15.793169116354484,-4.646250955688547,28.156804613693104
qb_011176,public_sentiment,22.772138765089593,-15.521804068290741,-20.72546100400857,43.49759976909816
qb_011176,security_and_defense,18.55099559091794,-31.945894307633786,-24.1288447755717,42.67984036648964
qb_011204,external_regulation,-14.458395283915383,33.89280577387427,-0.9287219333713284,-13.529673350544055
qb_011204,legality_constitutionality,19.910567010955816,-16.69968632124665,5.96837572921519,13.942191281740627
qb_011204,political,9.84600008789741,14.652978169375565,-21.83356043753066,31.679560525428073
qb_011204,public_sentiment,31.208983005854126,-1.2754310435394909,9.643408270525937,21.56557473532819
qb_011204,security_and_defense,31.97621458483909,10.545585699528424,-15.827164665567405,47.80337925040649
qb_011216,capacity_and_resources,26.317981601595886,29.817355767152232,1.7383030395870753,24.57967856200881
qb_011216,external_regulation,21.315968026145867,12.505290383250532,2.0208744077892806,19.29509361835659
qb_011216,legality_constitutionality,-5.407961063356055,-40.304732411605755,0.3146899960618088,-5.7226510594178635
qb_011216,political,27.890209004911462,12.971833579158465,1.8492122654505685,26.040996739460894
qb_011216,public_sentiment,37.19824686665114,-2.0714699479206136,-10.578332091893175,47.77657895854431
qb_011243,capacity_and_resources,34.59145785239331,23.466312773508974,-10.373076741532977,44.96453459392629
qb_011243,economic,49.91248418524078,29.606181458537222,21.483459235929416,28.429024949311362
qb_011243,quality_of_life,52.62215701770898,27.301609669281078,46.362968900064274,6.259188117644705
qb_011243,security_and_defense,12.62418941506573,3.9838477334875577,-14.393702583953003,27.017891999018733
qb_011246,economic,72.67740678840961,42.15935664652715,-12.657123813501821,85.33453060191144
qb_011246,morality,-1.6123196086199565,-14.910854778539566,-29.731665526350696,28.11934591773074
qb_011246,political,37.56192136381062,30.459083986516177,2.40385843651083,35.15806292729979
qb_011261,capacity_and_resources,37.0173073330082,38.197981381819325,11.834198490629163,25.183108842379035
qb_011261,health_and_safety,69.77724753301676,36.63571171753119,12.539257013469465,57.237990519547296
qb_011261,policy_prescription,41.81362941132598,44.85780676637303,32.77517067256558,9.038458738760397
qb_011261,public_sentiment,19.15657152933628,-13.143145266877154,-3.330547875107765,22.487119404444044
qb_011266,health_and_safety,57.28442197922405,34.59502880678042,-21.928129964006224,79.21255194323027
qb_011266,policy_prescription,36.69421262639161,-25.472657829205854,-32.3842546340943,69.07846726048591
qb_011266,political,25.34867245946915,1.422414817017935,-1.4481889753222088,26.79686143479136
qb_011345,crime_and_punishment,44.72338514524078,19.149286694931355,24.58227529724273,20.141109847998052
qb_011345,cultural_identity,37.618733848000296,38.33998366823322,11.137008718249376,26.48172512975092
qb_011345,economic,-3.6456467301421025,-1.8194444744787432,-11.17822525269248,7.532578522550377
qb_011345,fairness_and_equality,24.464815656931343,46.683981513047726,2.456198490761298,22.008617166170044
qb_011345,morality,23.629294291773885,-2.528200134590285,4.972339557050592,18.656954734723293
qb_011345,policy_prescription,38.36557058253928,25.886208407057662,-6.489274635039229,44.85484521757851
qb_011345,political,55.19140203593194,21.984180510430576,19.403967873591114,35.78743416234082
qb_011345,public_sentiment,47.21942654658304,-11.8210022038768,-6.615501586784534,53.83492813336757
qb_011356,economic,50.775266567739,-20.899781854106344,-19.654453205155146,70.42971977289415
qb_011356,policy_prescription,39.147855250111654,-17.814126862592012,-36.294561675278224,75.44241692538988
qb_011356,political,29.423104704053685,10.260508273897456,2.348991134804771,27.074113569248915
qb_011392,crime_and_punishment,57.50892595427021,1.9332854300565765,-9.362897784126005,66.87182373839622
qb_011392,legality_constitutionality,-7.161599710666801,-14.212140747306412,-6.993586619329822,-0.16801309133697906
qb_011392,morality,43.48957498383645,-14.393135156466558,-19.62612910591534,63.11570408975179
qb_011392,political,12.769086361748505,8.882460285453234,-0.06650783122354298,12.835594192972048
qb_011436,capacity_and_resources,45.38921958532224,13.990485618656926,4.719312929880233,40.669906655442006
qb_011436,economic,43.60334996153753,-2.9815760218367853,14.771547620892267,28.831802340645265
qb_011436,fairness_and_equality,40.24377407372193,62.80514119604656,-2.8644024238874763,43.108176497609406
qb_011436,policy_prescription,28.009613428457946,23.694199705241132,-3.22895574281236,31.238569171270306
qb_011457,economic,2.88540543894295,-5.351342691297776,18.91197412569082,-16.02656868674787
qb_011457,political,41.426017371858386,26.610055757249896,11.07771481030218,30.348302561556206
qb_011481,political,43.206016386551774,9.265853619335932,-17.918487267597826,61.1245036541496
qb_011481,public_sentiment,37.59489336791259,-20.69886706297278,-21.01229149046538,58.60718485837797
qb_011489,capacity_and_resources,-19.86184294711486,22.685493037641777,33.295408877217476,-53.157251824332334
qb_011489,economic,18.93341220356364,25.636204892078077,-22.246676180368286,41.18008838393193
qb_011489,political,38.6674620192304,-0.31668829110916025,24.681023132599847,13.986438886630552
qb_011507,legality_constitutionality,-25.694554762156734,-26.915158088062043,-21.540414214596808,-4.154140547559926
qb_011507,morality,8.422826270232484,0.9580250446241857,-1.5791044360269895,10.001930706259474
qb_011507,policy_prescription,30.53516824279528,-2.8276709685697905,-14.956156136096892,45.49132437889217
qb_011507,political,13.526611147268245,-8.434877751951067,10.07479391879474,3.451817228473505
qb_011507,public_sentiment,42.13890443595036,-1.763679908645713,1.3673825878844452,40.771521848065916
qb_011512,cultural_identity,-3.686678574033756,16.6802319063373,14.404700518144274,-18.09137909217803
qb_011512,economic,27.30755664238745,21.69089202966895,24.21775023359598,3.089806408791471
qb_011512,public_sentiment,-12.540813710686377,-11.753217511585465,-2.9780128483896644,-9.562800862296713
qb_011512,quality_of_life,41.00679187573085,24.850863337086533,16.860152388066123,24.146639487664725
qb_011515,capacity_and_resources,33.98386591663881,-27.1841933327314,-15.424387870253977,49.408253786892786
qb_011515,external_regulation,23.521417237405,16.29256599933134,3.5081074188598285,20.01330981854517
qb_011515,morality,-1.7236113215219928,-18.762422397800112,18.264263577459477,-19.98787489898147
qb_011515,policy_prescription,24.8997876405428,-9.751228835300054,11.816897561718518,13.082890078824283
qb_011515,political,-25.273414100994184,-20.94245835728781,22.700086359112706,-47.97350046010689
qb_011515,public_sentiment,71.11650143285075,-20.65527964982178,-15.78043743412982,86.89693886698058
qb_011515,security_and_defense,35.481125805870825,-28.97095906362496,-19.185641309864593,54.66676711573542
qb_011549,economic,31.463606484252402,-16.821876520136474,-31.830266473434996,63.2938729576874
qb_011549,external_regulation,62.81286658874051,30.393902926994564,7.269373627378634,55.54349296136188
qb_011549,health_and_safety,65.27840599021086,-5.864025886658645,-5.154321858279213,70.43272784849007
qb_011549,policy_prescription,19.363070960410283,25.517666315848313,-1.9560698370005152,21.3191407974108
qb_011549,political,3.6767295748441486,17.446811714015414,-3.721945201842936,7.398674776687084
qb_011551,capacity_and_resources,34.877517450626456,45.73875198863868,-20.232422692878846,55.1099401435053
qb_011551,health_and_safety,50.97115962182558,25.903855667630417,-18.43270125030977,69.40386087213534
qb_011551,policy_prescription,25.71615736520476,-16.343051084688003,-3.9903559225864518,29.706513287791214
qb_011551,quality_of_life,39.44350098091859,45.48683920922534,-9.297062177274755,48.740563158193346
qb_011604,economic,39.01624063658031,-10.800696238527827,-8.01140931637705,47.027649952957354
qb_011604,external_regulation,-0.2682798002210365,-18.446652706049083,-27.746691905552648,27.47841210533161
qb_011604,legality_constitutionality,-26.12625674008369,-30.311635922329927,-57.46120614399614,31.334949403912447
qb_011604,policy_prescription,-17.771216756313176,-27.558793991025183,2.0193754427607353,-19.790592199073913
qb_011629,crime_and_punishment,7.102245447563968,-5.087471359562606,8.847898832737531,-1.7456533851735632
qb_011629,health_and_safety,25.466561708613554,-12.023853003014173,32.557917019098575,-7.091355310485021
qb_011629,legality_constitutionality,7.73916242842967,-17.976012991194725,-18.006998413970344,25.746160842400013
qb_011647,capacity_and_resources,45.55835694949837,19.53226556188257,15.71919733531118,29.83915961418719
qb_011647,economic,4.064365641222218,12.9118363037554,-10.283730174052714,14.348095815274931
qb_011647,health_and_safety,63.8651611153205,-4.789608247994039,28.148713781921852,35.71644733339865
qb_011647,political,0.8516171201738709,21.679593546409965,1.9842689979977277,-1.1326518778238568
qb_011654,capacity_and_resources,43.8879011438022,20.844293951898248,-11.97134757159626,55.859248715398465
qb_011654,health_and_safety,36.428533805538414,48.107290107808666,-7.950321502483802,44.37885530802222
qb_011654,policy_prescription,71.23774210435445,-4.298195904962183,-4.308983867254513,75.54672597160896
qb_011680,cultural_identity,3.8284244338952043,24.48942514996852,1.5486428950567672,2.279781538838437
qb_011680,external_regulation,29.21201762288056,21.334968774970598,-13.292462114694732,42.504479737575295
qb_011680,political,42.934285746992856,-16.23794554332214,27.61832980716736,15.315955939825496
qb_011680,security_and_defense,24.435006677505203,14.591350272615434,-1.8863630103685947,26.321369687873798
qb_011687,legality_constitutionality,26.322035863526814,-30.41008178552847,-30.269435616567737,56.591471480094555
qb_011687,political,35.40883696816982,-15.212403968011394,-21.327407839216825,56.73624480738665
qb_011687,public_sentiment,-19.13689159653702,23.531887920203925,-24.483714341471064,5.346822744934045
qb_011691,cultural_identity,31.92924231774049,20.95961103640932,13.913016703306464,18.016225614434024
qb_011691,fairness_and_equality,0.6721815994797636,29.89377497513071,-13.762723235090164,14.434904834569927
qb_011691,legality_constitutionality,5.802271367956211,-9.577625153352141,-14.70629698172434,20.50856834968055
qb_011691,policy_prescription,5.427027454963429,21.360957581570275,2.5184096105778035,2.908617844385626
qb_011691,political,21.64537316668084,-4.978811732129738,15.701981665852374,5.943391500828467
qb_011691,public_sentiment,29.30832082052612,-18.332660895893422,-22.904033645841103,52.21235446636722
qb_011695,economic,44.07505267029777,-15.982752164435356,-34.96916438659652,79.0442170568943
qb_011695,health_and_safety,65.50107468956642,21.182878501844307,41.93526476299739,23.56580992656903
qb_011695,policy_prescription,20.657472905183553,27.948460855064294,3.8509498212799147,16.806523083903638
qb_011695,political,15.729637563370613,4.205750924023677,-5.393449545870222,21.123087109240835
qb_011717,capacity_and_resources,25.983022184223792,20.554337969155654,24.862030033850935,1.1209921503728566
qb_011717,legality_constitutionality,-4.536487308761014,-27.37363723193954,-53.22521672540902,48.688729416648
qb_011717,security_and_defense,24.093661769635343,-6.875827959066353,-5.579574988302063,29.673236757937406
qb_011720,capacity_and_resources,13.71628665999336,16.599893378526676,-7.8959478232941605,21.61223448328752
qb_011720,economic,-6.8294489348075595,47.24531472446076,-16.329497379345142,9.500048444537583
qb_011720,external_regulation,18.667689003812363,41.78578857407955,23.048678370794594,-4.380989366982231
qb_011720,policy_prescription,25.651353164568427,-1.4475221758752261,-16.524458967752924,42.175812132321354
qb_011720,political,44.29703640822489,29.376246861946182,-7.859726309263486,52.15676271748838
qb_011720,quality_of_life,18.88530800235373,29.059611299055785,19.123554487719968,-0.23824648536623627
qb_011739,capacity_and_resources,43.39540016994535,26.735151504733967,-11.526014810226085,54.921414980171434
qb_011739,economic,36.19424998773228,19.45748690840722,-17.63347186604668,53.827721853778954
qb_011739,policy_prescription,41.006598122891106,14.333712744728661,-14.635776182657468,55.64237430554857
qb_011739,political,-7.041626426918116,17.83400770402477,-5.060427850840138,-1.9811985760779782
qb_011739,quality_of_life,38.591908787205355,26.895886862619683,-2.1512346695113713,40.74314345671672
qb_011762,crime_and_punishment,15.89506519659114,-24.40487703372292,-16.821709916050864,32.716775112642004
qb_011762,legality_constitutionality,5.508174157741513,-9.925332289376538,-2.1656464134749775,7.67382057121649
qb_011762,security_and_defense,47.13537896518427,-27.82478455883045,-29.557607314934124,76.69298628011839
qb_011794,cultural_identity,30.094620090161772,31.274672336738227,-3.8768474646439737,33.97146755480575
qb_011794,morality,37.77513379292481,-3.420006152156028,-11.590943216794953,49.36607700971977
qb_011794,political,-5.761457652531418,26.097567159950334,-17.018006373256824,11.256548720725405
qb_011794,public_sentiment,25.617973007304702,32.7288616571134,17.193462026390346,8.424510980914356
qb_011799,crime_and_punishment,64.28340023400364,16.735694178374928,-33.57126503918645,97.85466527319008
qb_011799,legality_constitutionality,36.87346190861446,-18.94010941397049,-39.342905229536356,76.21636713815082
qb_011799,policy_prescription,36.29804463362754,20.957172086563187,-19.101838904688513,55.399883538316054
qb_011799,political,17.221545240690688,21.242885946805725,-8.021802291182137,25.243347531872825
qb_011799,public_sentiment,54.010055992279526,-20.162591405749023,-24.35466585125075,78.36472184353028
qb_011799,security_and_defense,31.505548159482405,15.700536887520501,-31.928940245653546,63.43448840513595
qb_011836,capacity_and_resources,32.97446536996652,14.522304661441813,0.31253178868504067,32.661933581281474
qb_011836,political,-7.365603637597529,-15.139126079805463,-7.207497486627107,-0.15810615097042202
qb_011848,cultural_identity,35.293936528375994,19.74012839268941,-9.900897451210728,45.19483397958672
qb_011848,policy_prescription,27.592430695196136,-11.291263884022527,-15.831956564954478,43.42438726015061
qb_011848,political,39.684864405243836,16.516733780404863,8.432371328807355,31.25249307643648
qb_011848,public_sentiment,49.075379753147395,-5.927219551982231,-5.385991074988585,54.46137082813598
qb_011848,security_and_defense,18.608946159141613,25.742132565856927,-1.4349980163457734,20.043944175487386
qb_011875,morality,36.73967314127631,13.145766504290021,-9.768586708299008,46.508259849575325
qb_011875,political,18.04005206042449,20.523674188023247,18.28159434193205,-0.2415422815075594
qb_011875,public_sentiment,16.46822129102019,-10.915257826123968,8.599439222495414,7.868782068524775
qb_011923,capacity_and_resources,38.64535247743564,0.7256608012728446,-19.07231853779456,57.717671015230195
qb_011923,economic,38.04796295621382,-26.670366769522,-41.809759342686085,79.85772229889992
qb_011923,external_regulation,51.9806392958576,-9.623837794068546,-26.46676950250454,78.44740879836215
qb_011923,security_and_defense,2.382510796107062,13.094809555660825,1.6269980696756208,0.7555127264314412
qb_011928,cultural_identity,-0.18545341213262034,21.044071758277166,-13.13782786694518,12.95237445481256
qb_011928,morality,40.87633525323902,-5.065258947630782,2.6954149461862946,38.18092030705272
qb_011928,policy_prescription,2.7737814790297515,39.91439385617724,16.08056100277392,-13.306779523744169
qb_011928,public_sentiment,-16.055015565200236,-0.1735331008218095,35.384048478638185,-51.43906404383842
qb_011931,capacity_and_resources,37.04881936617219,24.570369606945892,36.427929232281905,0.6208901338902848
qb_011931,health_and_safety,38.684342806774644,10.040724257359873,12.448726693662532,26.235616113112112
qb_011931,political,37.73290268095504,19.427262824553615,-27.10715052588902,64.84005320684406
qb_011948,crime_and_punishment,37.41324051330046,-25.91630174648148,14.03941802393124,23.373822489369218
qb_011948,external_regulation,40.27792293809264,-8.255027307975292,-17.61947213695758,57.89739507505021
qb_011948,legality_constitutionality,29.906782724062797,2.634957567078741,-18.044736903738727,47.951519627801524
qb_011948,political,5.502147247709679,18.584226329943355,2.9434285963434768,2.5587186513662026
qb_011948,security_and_defense,13.446666116974969,-27.278599093196245,-20.07258612440977,33.51925224138474
qb_011959,crime_and_punishment,36.25899784618598,-17.04563699791963,-16.463638888595867,52.722636734781844
qb_011959,health_and_safety,54.59971695103495,13.849002886387485,-1.5031879048933305,56.10290485592828
qb_011959,policy_prescription,-1.7710169164264224,-27.743368048504244,-33.17555902070148,31.404542104275055
qb_011959,political,30.81211740560246,28.995843414613674,-4.024427663151449,34.83654506875391
qb_011959,public_sentiment,47.22001851950501,22.80249005260324,4.120905008426819,43.099113511078194
qb_011969,capacity_and_resources,30.50698963806958,11.8277740231597,0.972677166894687,29.534312471174893
qb_011969,external_regulation,21.737650424311692,-0.5342185953592109,25.807267782493764,-4.069617358182072
qb_011969,health_and_safety,18.19084781934108,14.384876785388752,-0.9477869240370286,19.13863474337811
qb_011969,legality_constitutionality,-18.07658345517071,0.9947018214739014,-14.638969815908487,-3.4376136392622225
qb_011969,political,13.291757529318522,-21.865260360614474,0.1377451233580409,13.154012405960481
qb_011969,public_sentiment,32.72950639093729,-19.185054433141318,4.463453901691942,28.266052489245347
qb_011969,security_and_defense,-20.04943614848704,-17.189757482908032,-29.21412406573449,9.164687917247452
qb_012001,legality_constitutionality,21.556118140457794,-6.861837031050252,-17.372343168768573,38.928461309226364
qb_012001,policy_prescription,23.110427625087897,6.810283107333956,1.3942638678404982,21.7161637572474
qb_012001,political,36.501961170721245,-14.595935307034553,20.823008979211867,15.678952191509378
qb_012001,security_and_defense,21.113755746201715,25.90105794360556,-27.32738885944999,48.4411446056517
qb_012020,political,7.321282589402145,33.95480016422,-8.563307876522531,15.884590465924676
qb_012020,public_sentiment,49.58302669106641,-2.8707759708781944,-24.956367181603348,74.53939387266976
qb_012021,capacity_and_resources,10.91925586412026,29.25563382762547,15.085441084560044,-4.166185220439784
qb_012021,external_regulation,45.64536132309346,11.157743435843827,-24.624939173463865,70.27030049655733
qb_012021,fairness_and_equality,12.314540413603012,28.93084012449441,-7.902834518780285,20.217374932383297
qb_012021,health_and_safety,40.925583779583434,42.36798386984386,7.807824182406456,33.11775959717698
qb_012021,public_sentiment,8.895008655011331,-3.5674913144980596,-6.6479664458764125,15.542975100887745
qb_012025,cultural_identity,33.58119431645393,2.2406469402778875,19.98541109564497,13.595783220808961
qb_012025,fairness_and_equality,17.30559042046578,4.9591079635506805,-22.129845214116877,39.43543563458266
qb_012025,legality_constitutionality,-8.410986352986844,-5.901091666185799,-23.729351228887367,15.318364875900523
qb_012025,morality,18.61353067553143,2.1884319414250393,-0.05975623647834799,18.673286912009775
qb_012025,policy_prescription,14.735421881411808,-15.208640635408914,-5.733132085965113,20.46855396737692
qb_012025,public_sentiment,41.370727635420714,-6.219955698968096,28.247673777109625,13.123053858311089
qb_012039,morality,6.454781326169103,-11.675666891224928,-5.777365377930303,12.232146704099407
qb_012039,political,15.01288814654412,25.92529753315856,-6.385811362058557,21.398699508602675
qb_012083,capacity_and_resources,53.212810319566316,32.265634920450644,-9.762028720860815,62.97483904042713
qb_012083,economic,23.921350000203297,-5.02686656998824,-15.149595582374154,39.07094558257745
qb_012083,policy_prescription,34.24785776496364,3.4421875396907717,-2.9477193920228797,37.19557715698652
qb_012083,political,3.9331467967445075,12.562991039998279,25.454336066299064,-21.521189269554554
qb_012125,cultural_identity,10.255821579950403,29.203710607624153,31.766316567343885,-21.510494987393482
qb_012125,political,-1.9148358834744574,15.622450717801414,23.724068243336323,-25.63890412681078
qb_012125,public_sentiment,-6.414360613556292,35.60972386711929,16.060312199167445,-22.47467281272374
qb_012147,capacity_and_resources,-0.8224349050768875,16.133768521313222,1.8773534809377284,-2.6997883860146157
qb_012147,external_regulation,41.24790139322888,23.90450043191786,-4.39273942245358,45.64064081568246
qb_012147,policy_prescription,-6.454254378419767,-17.86068190751507,-15.090777812762532,8.636523434342765
qb_012147,political,16.720737038457365,16.13793651753784,8.415780812441295,8.30495622601607
qb_012147,security_and_defense,35.236285879827335,11.371930752753322,-9.274459520382187,44.51074540020952
qb_012157,capacity_and_resources,20.324858422938085,-4.057151863999359,1.8383612747050955,18.48649714823299
qb_012157,political,37.23888208146142,-17.461245053690174,-7.087736239062615,44.326618320524034
qb_012164,crime_and_punishment,47.83646366182891,-22.049213143352265,-17.6031689984904,65.4396326603193
qb_012164,cultural_identity,18.942867852916585,28.505390351551966,-10.53443028533986,29.477298138256444
qb_012164,legality_constitutionality,-7.9653570200969614,-9.827016739571185,-40.83231309488857,32.86695607479161
qb_012164,political,7.8901298024484205,30.998003120649745,-32.07328061750747,39.96341041995589
qb_012168,health_and_safety,57.807320634198994,7.710303467936127,15.820015232526194,41.9873054016728
qb_012168,policy_prescription,14.912138689368671,19.174538301123015,31.736428359082378,-16.824289669713707
qb_012168,political,12.674573851708637,16.437537745708656,-3.7670637173030856,16.44163756901172
qb_012168,public_sentiment,23.41918545278418,2.725266859112181,2.177546567954566,21.241638884829616
qb_012168,security_and_defense,33.82562770132152,-29.34390103193052,-38.78010869385406,72.60573639517558
qb_012191,cultural_identity,56.468139388773885,35.9546588231838,-26.49552226083334,82.96366164960722
qb_012191,legality_constitutionality,13.67663946152381,-19.806090164387744,-20.058889032745792,33.7355284942696
qb_012191,political,34.80244027238568,19.86750226547234,-20.860353142518676,55.66279341490436
qb_012198,economic,50.34867439916644,-15.123678740980761,-33.99192075909476,84.34059515826121
qb_012198,external_regulation,40.67977355853272,-8.631232097594253,-25.582253802747644,66.26202736128036
qb_012198,policy_prescription,0.565107398555165,-14.940871651827338,-2.9190286828702887,3.484136081425454
qb_012238,crime_and_punishment,-1.2374777785979862,-6.558798269360284,-18.52391579017127,17.28643801157328
qb_012238,legality_constitutionality,44.066533770792375,-27.4754089425378,-22.261929209358588,66.32846298015096
qb_012238,political,32.660975907991656,20.68523819930149,-11.906953920045769,44.56792982803742
qb_012275,political,16.48954594608231,16.35719208677095,-12.275721067189064,28.765267013271373
qb_012309,health_and_safety,28.67561883634898,-14.511597131128914,-11.069792600159424,39.745411436508405
qb_012309,political,47.55253883717623,37.64475042589974,7.289871521805425,40.262667315370805
qb_012309,public_sentiment,34.92771058464162,-13.592673594266168,-17.32229981339705,52.25001039803867
qb_012352,crime_and_punishment,-10.57459572168667,-26.953465024955786,-33.823167149578346,23.248571427891676
qb_012352,external_regulation,16.671376340492667,16.240011362945424,-18.633424911810295,35.304801252302966
qb_012352,legality_constitutionality,31.283632465083997,-20.588452479604815,-21.910392723193375,53.19402518827737
qb_012352,political,33.62270529023219,-14.7883029719179,-12.36022213532266,45.98292742555485
qb_012431,fairness_and_equality,20.838864894314902,-0.6792028532257366,-30.210838717843984,51.049703612158886
qb_012431,health_and_safety,22.70664660428106,14.902262933545323,-20.975224523103506,43.68187112738457
qb_012431,morality,8.972130373175979,1.1638482152309477,-21.728343218910616,30.700473592086595
qb_012431,political,-11.392660745426065,29.147620958306316,-22.208903722377443,10.816242976951377
qb_012440,health_and_safety,60.092840615899846,25.053516614457422,-17.060896809901998,77.15373742580184
qb_012440,legality_constitutionality,40.31885464534789,2.2341109598021505,-38.992913813566574,79.31176845891446
qb_012440,policy_prescription,29.96670109538827,-9.263707425156749,-31.660914753595986,61.627615848984256
qb_012440,political,-9.256390430382542,18.686730618022516,-16.284796910627637,7.028406480245096
qb_012468,economic,46.98562910825397,-1.354501145115023,-31.692730032877048,78.67835914113101
qb_012468,health_and_safety,66.918144790709,14.492926033497456,-2.0306224544465987,68.9487672451556
qb_012468,policy_prescription,21.8533875008823,-6.8413000308193554,-8.900301199563453,30.75368870044575
qb_012468,political,50.553708533068274,3.3735306059857164,7.607229939565233,42.946478593503045
qb_012468,public_sentiment,33.09935238751292,6.311224079538882,1.3736936798162336,31.725658707696688
qb_012486,capacity_and_resources,26.11661675772648,-2.9717961714151278,-19.23167860758422,45.348295365310705
qb_012486,crime_and_punishment,13.674180902209603,-10.101632905484328,-6.359089327895277,20.03327023010488
qb_012486,cultural_identity,42.49222584542666,7.721724740051904,1.1658202573603236,41.326405588066336
qb_012486,health_and_safety,70.330628595594,20.347077333962815,8.402774469054187,61.92785412653982
qb_012486,security_and_defense,-22.72479992884284,-11.09483403748815,15.748071112131985,-38.47287104097482
qb_012507,economic,49.60199544692789,36.72187604497562,-19.298002215467545,68.89999766239544
qb_012507,fairness_and_equality,25.08764602487644,38.700848622896565,7.816013262200738,17.271632762675704
qb_012507,policy_prescription,35.45731315625919,-13.040353096214876,-12.7422759573473,48.19958911360649
qb_012507,political,39.259983884190056,30.009167547913982,-26.44757414448299,65.70755802867305
qb_012507,quality_of_life,23.374309503049275,37.85317439531117,-11.225061123060938,34.599370626110215
qb_012518,capacity_and_resources,-12.033749991573705,16.73178375322353,-3.0582928609779176,-8.975457130595787
qb_012518,crime_and_punishment,-13.088004484069378,-2.958918931874516,4.2918879880578436,-17.37989247212722
qb_012518,security_and_defense,41.02424687643193,-4.64624274572538,3.3100138482369688,37.71423302819496
qb_012526,political,13.798271442840514,10.691012112719584,13.9540869894966,-0.1558155466560862
qb_012526,security_and_defense,2.682652247484881,-16.67940384588119,-5.518445679706553,8.201097927191434
qb_012530,legality_constitutionality,-2.8343693893471062,-22.234122137593953,-17.556663602534186,14.72229421318708
qb_012530,morality,9.093064507081953,-13.46123316765955,6.620870575864558,2.4721939312173955
qb_012530,policy_prescription,10.486754429694047,-4.305991570471253,-29.285974517075154,39.7727289467692
qb_012530,political,2.9068950029008596,14.541958647368688,-14.616312183448814,17.523207186349673
qb_012530,public_sentiment,6.33184023310291,-34.26589020815927,-41.58264847451054,47.91448870761345
qb_012540,external_regulation,45.147963099884066,18.201402495943903,-20.742063025702056,65.89002612558612
qb_012540,legality_constitutionality,-19.531258992228835,-15.832660847724316,6.023597989700639,-25.554856981929476
qb_012540,political,4.399343145939757,16.581129546208434,-2.7804668073348178,7.1798099532745745
qb_012540,security_and_defense,13.913588959907948,-25.970732958249812,-20.66212729870139,34.57571625860933
qb_012582,health_and_safety,44.75985809467136,-0.5029278624077118,19.33035036017402,25.42950773449734
qb_012582,policy_prescription,23.246873184019183,-12.836406340106972,14.337891242615898,8.908981941403285
qb_012582,political,3.2467961835276693,-15.14233031821204,-30.303680671851055,33.550476855378726
qb_012587,fairness_and_equality,18.89955499374566,38.97021513105739,-15.19223710015462,34.09179209390028
qb_012587,legality_constitutionality,27.274645040798475,-1.669691323875412,-26.271846957653334,53.54649199845181
qb_012587,policy_prescription,40.319911626474216,7.380151265973666,13.168998785848249,27.150912840625967
qb_012587,political,26.54674759914855,27.79480976880067,7.696258446964617,18.850489152183933
qb_012587,public_sentiment,34.57559765862793,-22.250781366270637,4.465931266936212,30.109666391691714
qb_012623,health_and_safety,79.09657550965166,46.60760198340222,41.16006675450885,37.93650875514281
qb_012623,policy_prescription,23.643311158516497,-20.777033950633967,-30.363029799796646,54.006340958313146
qb_012623,political,-4.0521401324565165,-21.793725616914983,-37.164174280922346,33.11203414846583
qb_012645,economic,-2.818414355363732,24.86916124529898,10.531767386986845,-13.350181742350577
qb_012645,political,2.7129012091367137,15.979846947691598,-12.265714093382266,14.97861530251898
qb_012645,public_sentiment,-9.226113133627967,27.41359784361511,10.503047840943074,-19.72916097457104
qb_012656,legality_constitutionality,-10.436010450537504,-40.31946864006748,-28.267076306199858,17.831065855662352
qb_012656,policy_prescription,9.829692651665148,-11.274708155576674,-30.34780695359431,40.177499605259456
qb_012660,capacity_and_resources,18.29435715479217,-6.612441908285432,-1.5643687349800515,19.85872588977222
qb_012660,health_and_safety,43.495763147387144,-6.929365153130863,11.007178786279297,32.48858436110785
qb_012660,political,1.8065185388958303,28.029519696548803,4.013163163911141,-2.206644625015311
qb_012660,public_sentiment,35.907452398168815,17.333571169420395,-1.827131957552052,37.73458435572087
qb_012697,crime_and_punishment,-4.075029756689075,29.189493889594566,22.110728798967433,-26.185758555656506
qb_012697,health_and_safety,70.98891316254394,67.17332588400956,25.05875762012156,45.930155542422376
qb_012697,policy_prescription,57.58665753288413,3.4819903976092155,5.839107190199865,51.747550342684264
qb_012697,public_sentiment,6.932285144408871,-17.4197633594406,27.747063175381633,-20.81477803097276
qb_012715,economic,34.261944259891926,35.38647276589313,-17.688153026397718,51.95009728628965
qb_012715,external_regulation,22.461644582362325,-4.672514322787239,-11.576130606757529,34.037775189119856
qb_012715,policy_prescription,5.988048969113391,18.516120184371484,-2.0536842305527534,8.041733199666144
qb_012715,security_and_defense,15.58450796267012,29.498623407583256,-13.14207131379089,28.72657927646101
qb_012737,cultural_identity,19.902961689904348,8.28167271446597,-14.14413993508509,34.04710162498944
qb_012737,fairness_and_equality,24.45072521886482,38.09732843911713,-7.5448038035819875,31.99552902244681
qb_012737,political,7.196496635317214,30.232267489388114,11.210251615476702,-4.013754980159488
qb_012737,public_sentiment,35.57710090874656,-10.574954606054815,26.07021082271421,9.50689008603235
qb_012764,capacity_and_resources,49.28789862945604,49.62095759505932,8.364975917483665,40.922922711972376
qb_012764,health_and_safety,73.28491783464565,24.952760718712355,13.897901315391355,59.3870165192543
qb_012764,morality,15.655695717716007,15.87972173370213,-11.028160417845752,26.68385613556176
qb_012764,policy_prescription,58.071041341719955,16.500931754279303,22.183359307024247,35.88768203469571
qb_012764,public_sentiment,39.78984079885931,11.529496328187825,-1.9094465521425539,41.699287351001864
qb_012764,quality_of_life,60.740475915799905,46.850605645468235,49.44961297358755,11.290862942212357
qb_012793,cultural_identity,18.483909344848154,35.25518697778645,-22.031462716320938,40.51537206116909
qb_012793,economic,29.20663762874843,-18.79682096632029,-15.314897588506602,44.521535217255035
qb_012793,policy_prescription,9.387243371933133,-22.012164572238625,-20.487731315134376,29.874974687067507
qb_012793,political,-7.889069291074666,-11.330436828651898,-25.309211068396504,17.420141777321838
qb_012793,security_and_defense,-9.51029661856658,9.47325775326327,-29.80362267973664,20.293326061170063
qb_012819,capacity_and_resources,46.67448749042028,-8.031054568901801,-10.379836128078265,57.05432361849855
qb_012819,economic,24.92772706383943,-14.780391215630068,-25.865818701920265,50.793545765759696
qb_012819,external_regulation,48.762679579396845,-5.93304787939969,-2.810353217853168,51.573032797250015
qb_012819,policy_prescription,10.07972726777744,-19.002325721389962,-32.29947355743931,42.379200825216756
qb_012819,political,15.404179970519117,35.960496958382116,-5.337589010939249,20.741768981458364
qb_012819,security_and_defense,26.292525613263386,-27.515539825645778,-30.888925979122124,57.181451592385514
qb_012838,crime_and_punishment,30.020415191103314,24.013230108785976,-10.620016619311283,40.6404318104146
qb_012838,cultural_identity,18.271640607744157,46.19214790938172,-13.934618899510697,32.206259507254856
qb_012838,health_and_safety,36.704755990358336,28.606516383228257,15.35303752802421,21.351718462334127
qb_012838,quality_of_life,73.45235383054789,44.60089311791,-22.089670927312092,95.54202475785999
qb_012838,security_and_defense,28.44017791672846,-11.78808657737805,-13.875039762853978,42.31521767958244
qb_012854,crime_and_punishment,1.4562408085836671,-30.704448317984482,-11.060926545037503,12.51716735362117
qb_012854,legality_constitutionality,-20.001322902440887,-32.68995648175977,-27.648323731039635,7.647000828598749
qb_012854,political,-20.143895648212943,9.246106957703974,6.903097934491266,-27.04699358270421
qb_012860,economic,41.07276860814422,33.47679034009561,23.26120157205805,17.811567036086174
qb_012860,policy_prescription,-9.689047152757206,9.508426337546775,12.905698019223353,-22.59474517198056
qb_012910,crime_and_punishment,27.86122574862455,15.64603895136056,-8.747899125570571,36.60912487419512
qb_012910,external_regulation,22.363264569544985,26.488327275051315,12.02620698947712,10.337057580067864
qb_012910,fairness_and_equality,4.526666245548377,-12.495447352206764,-19.532280460589764,24.05894670613814
qb_012910,legality_constitutionality,-9.013628294681268,-19.842150923364645,-27.51674571198085,18.50311741729958
qb_012930,economic,-22.694904752695148,41.058841572970984,6.747367420396578,-29.442272173091727
qb_012930,legality_constitutionality,-4.422632778490696,-5.3585726498700925,8.571105993430923,-12.993738771921619
qb_012930,public_sentiment,6.370025512093952,-13.495814068271631,-0.2314961714475796,6.601521683541532
qb_012930,quality_of_life,40.78524696622301,38.17727155595658,12.802076747795464,27.98317021842755
qb_012945,economic,25.344481883288353,-12.417738874093418,-18.138966397780663,43.483448281069016
qb_012945,legality_constitutionality,-28.000609814502123,-27.07769376137912,-0.496584652698415,-27.504025161803707
qb_012945,political,-25.06063931082228,19.95777800773555,-28.26504629434346,3.2044069835211815
qb_012945,public_sentiment,22.97893129801261,0.16308762795756404,-4.452883974057048,27.43181527206966
qb_012949,economic,-15.988423785842794,16.085607934426122,-13.318683509146227,-2.669740276696567
qb_012949,legality_constitutionality,38.0895609621545,-21.046107878061964,-18.96157711184355,57.05113807399805
qb_012974,economic,50.355027448971455,22.50012561038818,-24.168773653474126,74.52380110244559
qb_012974,quality_of_life,52.46570296097899,35.67616361591898,1.0553867828333519,51.410316178145635
qb_012994,capacity_and_resources,31.806819849709317,21.172153484990222,-29.221074455697906,61.02789430540722
qb_012994,economic,54.540128410516616,-8.81704197414217,-12.151728132948088,66.69185654346471
qb_012994,external_regulation,49.30906735489343,4.476841311669189,-6.261113659830509,55.570181014723936
qb_012994,health_and_safety,44.78293980873614,31.592729896720353,-23.753340590317997,68.53628039905414
qb_012994,policy_prescription,50.57064113643993,9.86372588157557,5.550629870864916,45.020011265575015
qb_012994,quality_of_life,64.52311015545422,24.66897697823809,-4.31467605480999,68.83778621026421
qb_013010,capacity_and_resources,11.993502033691152,30.870593151716502,-37.7181676584685,49.71166969215965
qb_013010,economic,44.74332294315922,34.938715867707785,-32.71034123197071,77.45366417512993
qb_013010,health_and_safety,90.4533497281301,43.55584402427436,1.2085447505559899,89.24480497757412
qb_013010,policy_prescription,35.83245528570226,35.122831665227864,-17.70882886347329,53.54128414917555
qb_013010,political,40.075800597027985,34.570106306675505,9.90879489574889,30.167005701279095
qb_013010,quality_of_life,64.38355211624938,38.760476425827996,-22.22580218446322,86.6093543007126
qb_013017,capacity_and_resources,22.678311579578395,15.264888681893002,16.062502478134114,6.615809101444281
qb_013017,crime_and_punishment,10.319518199729865,-16.317136788634805,-31.13032963227523,41.4498478320051
qb_013017,legality_constitutionality,-2.2030720991698494,-5.981477071659382,-19.358424466829327,17.15535236765948
qb_013017,political,39.630560581526474,21.849775531364703,23.437491873231693,16.19306870829478
qb_013017,security_and_defense,16.352934488796212,-36.27477097179816,-27.348057635307757,43.70099212410397
qb_013071,external_regulation,31.936857969123494,-34.385983126700275,-19.27995433308688,51.21681230221037
qb_013071,legality_constitutionality,-39.905193778427794,-38.14789073605159,-42.25915349552621,2.3539597170984194
qb_013071,policy_prescription,12.352261687395975,-9.464533953316964,-38.622425558429626,50.9746872458256
qb_013071,political,-16.034284815104048,27.90843228290443,-20.41655274048511,4.382267925381061
qb_013071,security_and_defense,28.428886692032663,-49.53591407996446,17.637140380054653,10.79174631197801
qb_013083,economic,1.8909941713963838,25.534048292848965,-11.110460580034072,13.001454751430456
qb_013083,policy_prescription,-15.649063024335172,14.419804508113291,-13.285647617701999,-2.363415406633173
qb_013083,political,-14.259941391219082,16.82006462500334,-17.894474982489996,3.6345335912709142
qb_013083,public_sentiment,-11.275515624195895,6.9836194825169695,9.033509047781543,-20.30902467197744
qb_013083,security_and_defense,-34.30330247552107,-19.755575195397306,-20.934732228481383,-13.368570247039688
qb_013094,capacity_and_resources,28.029121120141504,3.70282938127943,4.858585500942927,23.170535619198578
qb_013094,crime_and_punishment,31.501710665269695,-26.192173428790962,14.059268336711279,17.442442328558414
qb_013094,legality_constitutionality,74.64517036062301,-15.94384563001797,-39.51176266156726,114.15693302219027
qb_013094,public_sentiment,54.56519891798861,1.7769006906419749,36.58315757897489,17.98204133901372
qb_013109,legality_constitutionality,-5.657521874017129,-22.50053903405957,-33.45749571882889,27.79997384481176
qb_013109,political,28.458345594867,17.809223041742875,1.072726482860208,27.385619112006793
qb_013109,public_sentiment,6.68735835966087,-33.39801327261108,0.4081530110558116,6.279205348605058
qb_013115,crime_and_punishment,19.901519837256735,25.290538216028835,-12.776167842589661,32.6776876798464
qb_013115,economic,49.39187446457886,-1.7037372470868837,-36.53244798972988,85.92432245430874
qb_013115,external_regulation,51.69023645622013,-15.17561906976566,-27.981142164772162,79.67137862099229
qb_013115,policy_prescription,36.420705660548094,2.2325765359911234,-28.267668044069715,64.68837370461782
qb_013115,political,51.42206399776868,20.3762775783742,1.9840471604672079,49.438016837301475
qb_013115,quality_of_life,46.95206490283216,41.304310511673684,-2.311958184098102,49.264023086930266
qb_013155,crime_and_punishment,42.84934065169149,33.68772247103705,-20.762325870965263,63.611666522656755
qb_013155,policy_prescription,3.668266642070087,19.33165087398263,-5.553802874728748,9.222069516798836
qb_013155,political,8.38213382865357,25.105534687076904,-0.9227324698990234,9.304866298552593
qb_013155,public_sentiment,39.7508719594474,-6.683923596585172,-38.180196996128004,77.9310689555754
qb_013155,security_and_defense,30.27636246004681,4.103316815466754,-4.437299588166699,34.71366204821351
qb_013212,capacity_and_resources,35.189387107291914,-8.551645003171673,-6.381613792846778,41.57100090013869
qb_013212,cultural_identity,38.20446923292757,44.68659812606551,-0.6203106406878129,38.824779873615384
qb_013212,fairness_and_equality,71.71985374701805,46.22040200320278,6.368082004856982,65.35177174216106
qb_013212,legality_constitutionality,37.84778555910288,-0.838545667913215,-23.509454818535684,61.35724037763856
qb_013212,policy_prescription,46.71968371552009,9.943441931871178,-14.829250774400036,61.54893448992013
qb_013212,political,14.853961965804423,32.309206946699476,17.11505953504929,-2.2610975692448676
qb_013216,cultural_identity,22.704719418695838,24.052078335403834,4.693537419860516,18.011181998835323
qb_013216,economic,6.664027198185724,23.234992344831987,-29.940777933934747,36.60480513212047
qb_013216,fairness_and_equality,21.860724642264024,26.623759105205508,-14.383016300341925,36.24374094260595
qb_013216,legality_constitutionality,35.91842992883779,-9.619507075811427,-23.372524865350414,59.2909547941882
qb_013216,morality,17.663837011898188,-22.566261380522622,-2.0003401378737578,19.664177149771945
qb_013216,political,-1.8924292687571493,-10.582206637191424,7.233759393131962,-9.126188661889111
qb_013216,public_sentiment,27.5206188826105,-11.095452032805376,-25.178827429767672,52.69944631237817
qb_013219,crime_and_punishment,-6.185646873790706,19.61287247150632,-25.296972540286944,19.11132566649624
qb_013219,political,-9.22002941705864,11.358495291192147,-6.120824312308477,-3.0992051047501636
qb_013242,capacity_and_resources,39.167514846274834,32.99709785792245,-7.809410786998808,46.976925633273645
qb_013242,fairness_and_equality,-11.609034735518236,-6.017718434116945,-6.14290231074921,-5.466132424769026
qb_013242,political,50.53007580781411,28.16115789477671,9.94053977560147,40.589536032212635
qb_013242,public_sentiment,34.217698952299315,-8.555354241944446,-40.70627174204558,74.92397069434489
qb_013248,external_regulation,32.791056935448196,21.74505865943023,-1.4115429085994529,34.20259984404765
qb_013248,health_and_safety,53.66719566031281,14.065030627386456,-6.717711604159563,60.38490726447237
qb_013248,political,67.60553430950031,45.256026992018086,16.84157369039115,50.76396061910916
qb_013248,public_sentiment,39.67994611586435,11.584517558596232,18.38660204521534,21.293344070649006
qb_013248,security_and_defense,37.228150711455605,-14.386228295929536,-8.792805844159986,46.02095655561559
qb_013280,cultural_identity,27.161134953679717,-0.5652711023153936,21.54504071005687,5.616094243622847
qb_013280,morality,35.48751634660291,-6.021507486168296,-35.62154330660647,71.10905965320939
qb_013280,public_sentiment,20.17852901899023,-9.109350638725118,-10.373365990588967,30.551895009579198
qb_013280,security_and_defense,12.61431021814997,12.221146942101605,26.63943403627167,-14.025123818121699
qb_013294,legality_constitutionality,13.647864717677137,-18.789438559054418,-21.44381532191058,35.091680039587715
qb_013294,policy_prescription,-1.9487253515136036,34.435567057739114,-16.255253358635,14.306528007121395
qb_013294,political,31.281247808905977,-18.128810387212976,15.619604290718126,15.661643518187851
qb_013333,legality_constitutionality,-5.022055539749763,-30.907570338750308,-28.12235856892894,23.10030302917918
qb_013333,political,8.738967497344989,16.644026921499467,-10.865692639480937,19.604660136825927
qb_013337,cultural_identity,48.943973209974295,16.786295280811252,-13.526389584990834,62.470362794965126
qb_013337,fairness_and_equality,8.346686545458706,23.72897519968943,28.501170227301213,-20.154483681842507
qb_013337,health_and_safety,77.5574303822556,23.917921810243687,4.232191219472401,73.3252391627832
qb_013337,morality,16.714336620827268,-4.772919299345264,17.030418445701937,-0.3160818248746686
qb_013337,political,23.313808615619507,20.009334288810173,20.913596690943475,2.4002119246760323
qb_013337,public_sentiment,19.17723177656723,9.168701030800577,-8.748412903827635,27.925644680394864
qb_013355,capacity_and_resources,29.57499414613914,23.65073529791341,16.384916113518408,13.190078032620733
qb_013355,health_and_safety,26.087712320351184,17.0114409795461,12.409256788266536,13.678455532084648
qb_013355,legality_constitutionality,15.705884582463272,-8.363465968281433,-16.74473984770477,32.45062443016804
qb_013355,political,13.59333736109869,32.146488795484494,3.0394735963823374,10.553863764716354
qb_013362,economic,29.276791632988864,-22.78374107550981,-5.945228942479251,35.222020575468115
qb_013362,policy_prescription,27.176405444829324,11.533749014492567,25.680223038364957,1.4961824064643672
qb_013362,political,36.11617066173519,29.628993079241596,5.929624483266119,30.186546178469072
qb_013376,political,10.267127405399416,-2.9290318777835136,15.358742026591175,-5.091614621191759
qb_013387,political,9.29429389824597,24.78816036822577,-3.0134454407530953,12.307739338999065
qb_013387,public_sentiment,3.1008608379338147,-16.222832489507866,14.473313662140708,-11.372452824206892
qb_013405,capacity_and_resources,29.564013538467556,-3.1651661557894504,-6.912171897018997,36.476185435486556
qb_013405,legality_constitutionality,21.26373190631191,-13.32954838139689,-9.068704295703629,30.33243620201554
qb_013405,political,9.264521113898613,26.09232819244942,-4.897681275442377,14.16220238934099
qb_013405,public_sentiment,46.961534427143285,29.726242499096298,19.306104824496547,27.655429602646738
qb_013405,security_and_defense,29.873038071415248,-18.17780239832409,-9.22414038378137,39.09717845519662
qb_013423,economic,51.9434285153367,-13.051627759787971,-33.550110563191666,85.49353907852836
qb_013423,policy_prescription,0.34538767759087197,-15.898008101952994,16.960926899262255,-16.615539221671384
qb_013423,political,22.30614388472408,12.437266948628336,-22.361954436268004,44.66809832099209
qb_013462,fairness_and_equality,9.27329358237397,28.268508200677005,-6.109193419539454,15.382487001913425
qb_013462,legality_constitutionality,35.65718842400442,-15.16587101300146,-30.121058903983094,65.77824732798751
qb_013462,policy_prescription,30.921979315677632,-3.440609632193044,9.009825756055191,21.91215355962244
qb_013462,political,4.096043218285373,23.64925180402951,-20.24638733811692,24.342430556402295
qb_013463,capacity_and_resources,15.173572475602269,-2.6224766686786647,31.18276657248034,-16.00919409687807
qb_013463,morality,7.724221654983326,21.286242057381518,9.122724034877344,-1.3985023798940173
qb_013463,security_and_defense,33.12710998848542,27.039960295944375,18.050324190247945,15.076785798237477
qb_013479,crime_and_punishment,6.534699601746399,34.72437803481617,17.00487505300724,-10.47017545126084
qb_013479,cultural_identity,55.46104148839259,34.231635098709695,19.07439569628241,36.38664579211018
qb_013479,fairness_and_equality,46.00193877988432,18.985743949311278,19.422017889998408,26.579920889885912
qb_013479,public_sentiment,55.90256134059325,5.725682603186614,29.194050794084692,26.70851054650856
qb_013479,security_and_defense,6.995296794123015,27.30557996627718,-12.479450664440586,19.474747458563602
qb_013494,crime_and_punishment,29.964774788835722,0.6919287611038725,1.9343491219576414,28.03042566687808
qb_013494,policy_prescription,3.4452593558856197,-20.127149156578152,-23.05885696003201,26.504116315917628
qb_013494,political,-17.661985320750688,25.336045360204565,-7.858928211211305,-9.803057109539383
qb_013504,external_regulation,14.755551839989966,18.022920092802806,-1.383555464824692,16.139107304814658
qb_013504,legality_constitutionality,-25.781858504227934,-15.782911649973958,-7.815478531801444,-17.966379972426488
qb_013504,political,22.564431403729284,-21.249278120310475,-10.304835801820612,32.869267205549896
qb_013504,security_and_defense,10.950508816576416,-39.47731601638589,-10.85402487698961,21.80453369356603
qb_013526,legality_constitutionality,13.632888822480249,-11.590293733194834,-13.43211377919213,27.06500260167238
qb_013526,policy_prescription,12.839924668785468,9.718334027244927,-14.501655595116512,27.34158026390198
qb_013526,political,53.439880846766165,27.455115981121835,3.599374658679406,49.840506188086756
qb_013526,public_sentiment,29.056122891054653,-27.700090233286843,-21.863761955444186,50.91988484649884
qb_013581,legality_constitutionality,15.507767968698555,-10.331716785645902,-11.131481458544835,26.639249427243392
qb_013581,policy_prescription,37.055321533021214,6.324490746285554,-2.9883987612607203,40.04372029428193
qb_013581,political,38.68063802355147,30.72783021524777,21.149801160921385,17.530836862630082
qb_013628,legality_constitutionality,-2.903761788432946,-4.0542634409524885,0.11394184604550012,-3.017703634478446
qb_013628,political,31.14459605406252,20.427557113192133,5.240059395494115,25.904536658568407
qb_013628,public_sentiment,42.988725354349135,28.352964705563405,-15.201064456948073,58.18978981129721
qb_013643,external_regulation,25.326816464734623,-12.198992189507388,8.37594753175775,16.950868932976874
qb_013643,legality_constitutionality,-6.328462192010884,-15.551774053020345,-5.135103851082281,-1.1933583409286026
qb_013643,policy_prescription,29.7074179605611,-11.593760960525717,2.2697045679584926,27.437713392602607
qb_013643,political,7.321880959582524,13.585717012417504,-12.433989315681213,19.75587027526374
qb_013643,security_and_defense,6.589521794914992,-44.9607411424951,-20.111371058940335,26.70089285385533
qb_013655,crime_and_punishment,56.107977150243485,15.515468702497564,-12.951786734699699,69.05976388494318
qb_013655,legality_constitutionality,29.586693358774415,-6.120202308797219,-15.922014344839347,45.508707703613766
qb_013655,political,-2.4881621899618045,32.68347287107635,6.436879703731096,-8.9250418936929
qb_013668,economic,51.02507271719497,-27.162617539388975,-12.236437752315611,63.26151046951058
qb_013668,political,-4.3159782083507094,-0.3508225634451587,-21.551935527604797,17.235957319254087
qb_013668,public_sentiment,-5.64422750322352,-38.107603755227665,7.137070976656346,-12.781298479879865
qb_013671,capacity_and_resources,12.076011971001058,18.525686645027537,-3.7640490443312715,15.84006101533233
qb_013671,economic,-8.316064405610707,18.569611295797138,-19.90054087572871,11.584476470118002
qb_013671,political,-12.14220509993448,17.043603262246023,-13.643605345198244,1.5014002452637634
qb_013673,cultural_identity,31.47370164226722,-17.26320886870192,14.678967755750671,16.794733886516546
qb_013673,legality_constitutionality,57.9101497319429,42.392901947283725,21.132304884424368,36.77784484751854
qb_013673,political,-6.659817692254481,19.81167096074623,-1.7002898614254014,-4.95952783082908
qb_013745,crime_and_punishment,5.971585981768544,-8.367556499092451,18.066460009575337,-12.094874027806792
qb_013745,cultural_identity,60.37461936871255,29.12388875270782,35.572546890335005,24.802072478377546
qb_013745,fairness_and_equality,58.34464639662338,52.510379750094835,2.9540647341256605,55.39058166249772
qb_013745,health_and_safety,68.9236934327866,33.13028675077286,29.866136504757268,39.05755692802934
qb_013745,morality,20.72742704274537,1.3927092810141912,6.285450162529094,14.441976880216274
qb_013745,policy_prescription,15.02187477503912,-1.3073024948814727,11.242662869003903,3.7792119060352167
qb_013745,political,49.310105753132056,-3.370190499704373,28.23347626241568,21.076629490716375
qb_013745,public_sentiment,33.57446299855508,18.67616425756202,-3.083166056257962,36.65762905481304
qb_013758,crime_and_punishment,19.89379814006438,28.078057126305872,-12.946219199981869,32.840017340046245
qb_013758,legality_constitutionality,-15.7175942574132,-18.09227161530464,-45.45917702173778,29.74158276432458
qb_013758,political,25.40466951272171,25.800380054700163,-3.900125612292542,29.30479512501425
qb_013788,capacity_and_resources,8.776167185110443,9.86992088063787,-17.449147156116148,26.225314341226593
qb_013788,security_and_defense,31.996436559041253,20.19290255597904,-26.044899687314256,58.04133624635551
qb_013811,capacity_and_resources,3.5984020437185316,30.360921410791075,-18.220986327215115,21.81938837093365
qb_013811,economic,-0.7335308248161123,16.92560642879301,-23.69528182479869,22.961750999982577
qb_013811,policy_prescription,21.619068608874198,-26.154739853982413,-36.79297921533942,58.412047824213616
qb_013811,political,3.4374491170699004,24.75693402145217,-13.536199390524454,16.973648507594355
qb_013811,public_sentiment,6.703636422141467,-16.321920289424064,-11.083075404090986,17.78671182623245
qb_013895,economic,37.06464680531912,37.0987270496672,26.51129671547426,10.553350089844862
qb_013895,fairness_and_equality,32.19573004005646,42.777202665952785,-3.524959118151446,35.720689158207904
qb_013895,policy_prescription,54.85660167944011,-9.668624986617049,-2.9933602552428473,57.84996193468296
qb_013895,political,23.057622051788755,17.457112351335603,37.45299139795594,-14.395369346167186
qb_013927,external_regulation,50.16327578116555,1.2866668547251323,-15.34570129355774,65.50897707472329
qb_013927,political,61.338117180654486,36.749538022030684,13.391247942993504,47.946869237660984
qb_013927,security_and_defense,53.125701769011386,-24.531544454130316,-14.605823282495903,67.73152505150729
qb_013964,crime_and_punishment,30.504470284242604,13.586916570182998,-24.29746466156297,54.80193494580557
qb_013964,external_regulation,7.480698020495754,16.15910152899969,-13.238905573845548,20.7196035943413
qb_013964,legality_constitutionality,-9.113504675037927,-13.355973828480197,-11.237431975720792,2.1239273006828654
qb_013964,policy_prescription,5.74523472261758,-9.697360529721948,-10.37001238499715,16.115247107614728
qb_013964,security_and_defense,41.07448961911535,27.17984702916419,-11.77940804424364,52.853897663358985
qb_013992,cultural_identity,30.4821003777049,30.339707125377448,9.185656884711051,21.29644349299385
qb_013992,fairness_and_equality,40.30321804051985,42.19488905208266,-17.051045428356765,57.35426346887662
qb_013992,political,43.18810516838032,7.2747042114713025,2.3118022316936577,40.87630293668666
qb_013992,public_sentiment,27.346867518578886,14.424833194704359,-14.984856643666863,42.33172416224575
qb_013997,health_and_safety,48.797157971481745,30.705179141584598,24.868372758863647,23.9287852126181
qb_013997,policy_prescription,11.122279875097764,-1.556829508442465,-11.221412701031658,22.34369257612942
qb_013997,political,37.472934615205325,-7.087079200887107,-4.810184500671596,42.28311911587692
qb_013997,public_sentiment,38.403167083738275,-1.1382018819412583,17.110528049620715,21.29263903411756
qb_014029,legality_constitutionality,0.927966564797994,1.1299614223518855,-33.449253571002714,34.377220135800705
qb_014029,political,-16.6104636476519,8.795839782894747,-8.661064762853698,-7.949398884798203
qb_014032,external_regulation,9.86977873328548,21.68779979600517,-16.453349963995485,26.323128697280964
qb_014032,political,8.341719534664069,22.221138374536,-1.7515934966691922,10.093313031333262
qb_014032,public_sentiment,30.481317688124346,-9.05483046582359,-7.59460648889195,38.0759241770163
qb_014032,security_and_defense,7.763441878882013,-40.11556100333756,1.0017245484606674,6.761717330421345
qb_014049,legality_constitutionality,-25.17598464621452,-18.70855831851109,-26.87734233895343,1.7013576927389096
qb_014049,political,57.55902709484246,-12.282783130091815,5.727052021513958,51.83197507332851
qb_014049,public_sentiment,23.04210457389861,30.101413419219643,20.412853178875825,2.6292513950227843
qb_014053,capacity_and_resources,23.064975334863373,32.186820950276854,-7.9594561027994235,31.0244314376628
qb_014053,economic,14.251704351192625,29.644315141332424,4.439241772898555,9.81246257829407
qb_014053,morality,51.17713859668485,-6.190198122946966,-3.5480142519267277,54.72515284861158
qb_014053,policy_prescription,15.345633442355346,22.001053686147593,3.8440973667388514,11.501536075616496
qb_014053,political,3.601829919187704,28.35081067929857,-12.524482299859613,16.126312219047318
qb_014053,public_sentiment,30.09896472812226,0.5951525802772457,-23.429395730824286,53.52836045894655
qb_014080,cultural_identity,18.035076160713412,34.62475544149787,-1.2125479779867159,19.24762413870013
qb_014080,fairness_and_equality,16.315545332611723,1.5047582089479405,0.5127539168773498,15.802791415734374
qb_014080,legality_constitutionality,31.175255607435737,-7.735375821294842,-9.548332979351835,40.72358858678757
qb_014080,morality,9.296925365516142,-18.00791022931314,-3.0862274482883016,12.383152813804443
qb_014080,political,21.111944912548516,-13.116138878884271,-6.13072079254626,27.242665705094776
qb_014098,fairness_and_equality,-19.652858780343657,-4.577337431525682,5.054947151101194,-24.707805931444852
qb_014098,legality_constitutionality,8.155236006852842,-10.847405363004686,29.353886060759127,-21.198650053906285
qb_014098,political,23.002283896886524,34.02291296036042,24.9667092153283,-1.9644253184417764
qb_014101,health_and_safety,51.89885933213375,57.02327400572255,4.971330398125096,46.927528934008656
qb_014101,policy_prescription,41.30144690670639,27.345503415735042,5.840380339072553,35.461066567633836
qb_014101,political,19.4715907981705,24.004176152978282,0.5997551272159742,18.871835670954525
qb_014101,security_and_defense,-10.630942411597841,20.737120879217706,-7.700221679155002,-2.930720732442839
qb_014103,fairness_and_equality,11.343699758403782,23.750588703035397,-3.4538933825284657,14.797593140932246
qb_014103,legality_constitutionality,9.440800641683667,-4.983962128979816,-15.953184848638951,25.39398549032262
qb_014103,political,5.391236928701609,22.157244115318374,-21.541310439683716,26.932547368385325
qb_014103,public_sentiment,53.899461578430355,-16.62505882827328,0.0092921846579244,53.89016939377243
qb_014103,security_and_defense,6.422157013319595,20.13718891750429,-24.04577667432313,30.467933687642724
qb_014116,external_regulation,7.222974855706383,13.215199293094875,-34.57919714094565,41.802171996652035
qb_014116,political,11.004399863097742,-36.30927752554936,-8.707900375268517,19.71230023836626
qb_014116,security_and_defense,10.722073301787285,1.1855381403143808,-32.1893770590089,42.91145036079618
qb_014146,economic,25.75547030288935,-19.64478292309328,7.743161991312437,18.012308311576913
qb_014146,external_regulation,-8.970675380537697,-34.24981738409431,9.197322313517626,-18.167997694055323
qb_014146,policy_prescription,3.538090185543236,19.01367838415059,-18.340922617273677,21.879012802816913
qb_014146,political,-10.173594277622161,18.98096117703674,0.5210148494839448,-10.694609127106107
qb_014206,crime_and_punishment,45.04488055322636,-24.57564154836994,-19.79294478078333,64.8378253340097
qb_014206,cultural_identity,45.18398233898114,47.28257062255443,11.066513783463611,34.117468555517526
qb_014206,fairness_and_equality,28.22209955618738,-7.881369773502975,-4.147908819461445,32.37000837564882
qb_014206,legality_constitutionality,12.730680951367862,-14.009622275335172,-33.30891110828005,46.039592059647916
qb_014206,morality,39.09376718424849,-7.2589643111626785,-22.509932805992666,61.603699990241154
qb_014206,public_sentiment,63.06465748553567,6.04376812607526,37.53953626776011,25.525121217775556
qb_014211,health_and_safety,54.52351121769117,-1.3503477884467916,-12.712271406783664,67.23578262447484
qb_014211,other,14.696875728515703,-24.43152559229198,-6.838328666026971,21.535204394542674
qb_014243,economic,65.97241679741825,-3.6715542709777917,-18.423319287288226,84.39573608470647
qb_014243,health_and_safety,26.757592888903574,50.438199307646954,19.315882429261226,7.441710459642348
qb_014243,legality_constitutionality,10.692469474220394,-9.301137995492267,-26.29711334725831,36.989582821478706
qb_014243,policy_prescription,55.16444807158763,8.717008008578354,-26.704884319609103,81.86933239119674
qb_014243,political,25.10729472226507,14.448489485869663,12.608638175469068,12.498656546796003
qb_014278,crime_and_punishment,46.13479605934457,-0.6142761303759183,-14.569806324475023,60.7046023838196
qb_014278,legality_constitutionality,19.638143935809573,-14.682815549634007,-31.504256497962796,51.142400433772366
qb_014278,morality,70.79514203385784,-9.03507713602777,-3.7028249476358432,74.49796698149369
qb_014278,political,40.27569069890761,-5.992197665531465,10.959069330716204,29.316621368191406
qb_014278,public_sentiment,37.94406410882634,-13.621355298873205,-20.509776913564057,58.45384102239039
qb_014278,security_and_defense,36.47269665910036,-11.923008434935253,-9.529780744369742,46.002477403470095
qb_014283,crime_and_punishment,3.687886277432966,30.164895710175184,12.782913648938846,-9.09502737150588
qb_014283,legality_constitutionality,19.743189306209906,0.7368218208430029,-1.479667592828673,21.22285689903858
qb_014283,morality,37.70519019488978,-23.55985355360666,-14.683286600510527,52.38847679540031
qb_014283,public_sentiment,30.162273201986253,-0.3770944408590855,-11.885792980767654,42.04806618275391
qb_014289,economic,12.08155608770492,23.997620909823972,-22.177185858706203,34.25874194641112
qb_014289,fairness_and_equality,14.937112284212697,3.026572147046589,1.0300564565195056,13.907055827693192
qb_014289,health_and_safety,31.41470094659785,38.29146301128672,2.6331632870486166,28.781537659549233
qb_014289,policy_prescription,21.396270823704167,15.352482660653067,-1.1595319461009708,22.555802769805137
qb_014289,political,-0.5011009880562198,23.653082170429965,-7.562262003635258,7.061161015579038
qb_014337,political,16.072806247406803,-9.07341713419767,-9.865975010205492,25.938781257612295
qb_014337,security_and_defense,8.748411926386394,-16.962433915873106,-18.58297358782838,27.331385514214773
qb_014345,economic,8.872323387820385,15.359330627139567,20.569514819736355,-11.69719143191597
qb_014345,morality,31.393535663800066,3.5491231238275,7.321555024282732,24.071980639517335
qb_014345,political,26.597676719625106,16.462033680545353,19.11009410802304,7.487582611602065
qb_014345,public_sentiment,37.08345035296566,8.184080718870481,-1.5218920104910119,38.60534236345667
qb_014356,legality_constitutionality,-5.106024262435201,-16.143091419144405,-17.14033115017807,12.034306887742868
qb_014356,morality,19.518685709454576,13.405964668961676,-16.16841634813533,35.68710205758991
qb_014356,policy_prescription,6.048821435591096,27.423519201458383,-17.523972690249725,23.572794125840822
qb_014356,political,52.453069198867695,9.793704907201473,-2.8561014602301977,55.309170659097894
qb_014370,legality_constitutionality,23.801320284154205,8.00800605617603,-2.2963907081573804,26.097710992311583
qb_014370,political,23.136441498935252,-18.779873703103213,-4.480768823105379,27.61721032204063
qb_014378,capacity_and_resources,42.31407623529155,-9.489031271975454,21.376386888953924,20.937689346337628
qb_014378,policy_prescription,29.669424656694616,13.11802404085004,3.1853844802198417,26.484040176474775
qb_014378,political,-14.154103136077932,15.95484436615581,0.39927248431600054,-14.553375620393933
qb_014378,public_sentiment,63.634356820047195,10.576225085932567,-32.694245947522376,96.32860276756958
qb_014378,security_and_defense,3.593881234976976,9.1944939158523,-14.539322851277651,18.13320408625463
qb_014415,economic,-20.560289449626687,18.974920242903966,31.008855747288486,-51.56914519691517
qb_014415,policy_prescription,18.265242918257286,10.926297818369678,-7.4258140044163445,25.69105692267363
qb_014415,political,27.19929226286604,13.341967542066268,-8.06711606920476,35.2664083320708
qb_014415,public_sentiment,11.006407614618489,7.1425584626780525,23.272547455924222,-12.266139841305733
qb_014415,quality_of_life,14.354178008340627,32.13370476262778,4.420967874267402,9.933210134073224
qb_014434,economic,6.309240734897853,9.065646281314882,43.982124606377226,-37.67288387147937
qb_014434,health_and_safety,16.80353929238342,25.328757207144232,30.93795092609156,-14.13441163370814
qb_014434,policy_prescription,23.83230105808805,-19.86567112694264,-0.3096278103742427,24.14192886846229
qb_014434,quality_of_life,26.772537567854627,25.62752271397808,8.084195657379992,18.688341910474634
qb_014439,political,-1.2399182754909028,31.115324880402365,2.8009698236073426,-4.040888099098245
qb_014439,public_sentiment,34.19236339404903,-12.53249596928339,0.38755549653671384,33.80480789751232
qb_014455,legality_constitutionality,23.56823395413485,-12.268434534417928,-12.439690549369356,36.007924503504206
qb_014455,policy_prescription,12.100382671632556,16.9035654653885,-14.649693873432653,26.75007654506521
qb_014455,political,34.10147398842058,28.248308040804872,21.706104204258065,12.395369784162515
qb_014455,security_and_defense,25.193610879600573,21.075035361389105,2.33007230114215,22.863538578458424
qb_014505,cultural_identity,56.87822556391668,53.9015807889749,8.222200045462053,48.656025518454626
qb_014505,economic,53.73974216189369,15.396724864189094,8.864735020523176,44.87500714137051
qb_014505,fairness_and_equality,43.043109022119786,42.00518155878874,3.7331555258522604,39.309953496267525
qb_014505,legality_constitutionality,1.3192149676592835,-22.41905462125701,-19.14352977091903,20.462744738578316
qb_014505,political,5.520236605379567,18.76714025770802,0.12502816567322853,5.395208439706338
qb_014507,legality_constitutionality,-12.604965669389268,-8.622730368346359,15.360610870348035,-27.965576539737302
qb_014507,political,51.92442984229115,-22.828373696624904,-26.647131241799062,78.5715610840902
qb_014507,public_sentiment,17.3271247768907,0.4465615326648127,26.09693504856144,-8.769810271670742
qb_014507,security_and_defense,5.89874935833889,3.9952189238851195,-24.616270394944657,30.515019753283546
qb_014515,legality_constitutionality,-19.930237574716116,-21.630737940687695,-14.339869301015757,-5.59036827370036
qb_014515,political,2.99538348749839,10.91348581512344,-8.4437411590627,11.43912464656109
qb_014555,legality_constitutionality,42.30232329628653,-26.985347035022492,-9.843703264007141,52.14602656029367
qb_014555,policy_prescription,51.76431387848312,-11.094878046549603,-3.3621017472983796,55.126415625781505
qb_014555,political,13.639567431274587,23.862837481041222,0.27314555490652004,13.366421876368067
qb_014555,public_sentiment,30.30739938018782,-14.374208829448852,-3.707463433645197,34.01486281383302
qb_014572,capacity_and_resources,-8.553267732313504,21.973511309914667,-5.829428759265098,-2.723838973048406
qb_014572,external_regulation,43.56754613094956,17.441479424529316,6.665252926868013,36.902293204081545
qb_014572,policy_prescription,16.466640759376254,19.296777393477075,1.4484029078146423,15.018237851561612
qb_014572,political,-4.888648879304428,-27.260223539889726,-9.800252123105976,4.911603243801547
qb_014572,security_and_defense,36.6295421939645,-0.4957814602720694,-2.296510932980781,38.92605312694528
qb_014586,policy_prescription,8.19822192649101,-17.78883237248683,-25.337869758797613,33.536091685288625
qb_014586,political,35.69305989642715,11.302677360525214,14.54349089566957,21.14956900075758
qb_014586,security_and_defense,9.515389308104382,-18.152240743678913,-10.75954134473651,20.274930652840894
qb_014607,economic,30.633939113378297,2.6588636468772404,-19.228945151422806,49.8628842648011
qb_014607,public_sentiment,33.975997860403666,29.855701574338745,-1.3715673672278361,35.3475652276315
qb_014657,political,23.466742746010446,15.363150409635836,-10.161400584355452,33.6281433303659
qb_014657,public_sentiment,26.326351326789812,-14.289931658922665,4.050333762225775,22.276017564564036
qb_014662,health_and_safety,62.74760336486058,1.9746667044656714,1.7724489435493245,60.97515442131126
qb_014662,public_sentiment,38.6998670040892,-5.6085308723404435,-6.951098577155282,45.65096558124448
qb_014665,health_and_safety,14.34724461482442,62.21384908583437,26.904120615232085,-12.556876000407664
qb_014665,legality_constitutionality,36.961543944606625,-33.26371554463529,-16.399872259749845,53.36141620435647
qb_014680,economic,20.917224015106413,23.476839522613798,27.518355110136543,-6.60113109503013
qb_014680,health_and_safety,32.494910075336804,43.51473861925396,19.47845106909035,13.016459006246453
qb_014680,public_sentiment,34.304376249829744,43.86158598724862,11.648259211237798,22.656117038591944
qb_014689,economic,72.16374341589717,-22.38156036138179,-24.21384375014491,96.37758716604208
qb_014689,legality_constitutionality,-36.839710090662265,-26.865743195859267,-13.538851379562589,-23.30085871109968
qb_014689,policy_prescription,3.240314628553746,-20.400422352951757,-34.28027379030863,37.520588418862374
qb_014689,political,2.4007546877225208,-11.23343858358583,-21.026937916209008,23.42769260393153
qb_014698,capacity_and_resources,-7.22350700026884,24.130840875556025,21.41443468320541,-28.63794168347425
qb_014698,economic,21.36063994648432,-34.91185616268489,-45.18705170257388,66.54769164905821
qb_014698,external_regulation,22.862501740688337,-5.868446287398381,-20.813306122780993,43.67580786346933
qb_014698,legality_constitutionality,-2.2563239127777437,-22.51995324219678,-10.314043375946643,8.0577194631689
qb_014698,policy_prescription,-1.4698983574628794,0.4658935127203563,-11.80888637166223,10.33898801419935
qb_014698,political,4.616066921056554,26.073993942665112,4.098367236290535,0.5176996847660185
qb_014698,public_sentiment,-5.840511533096221,26.699783141977026,8.618473488438402,-14.458985021534623
qb_014698,security_and_defense,50.13732780808459,-4.241941995153097,2.1309432771209735,48.006384530963615
qb_014732,external_regulation,-3.778241853038126,-13.147360161827008,2.560922569745624,-6.33916442278375
qb_014732,health_and_safety,25.207001549125952,49.62444809491329,-0.17282373741229584,25.37982528653825
qb_014732,policy_prescription,30.05314955718977,4.143401930732442,-1.5614970126480316,31.614646569837802
qb_014732,political,58.18403437369831,27.958727025395792,4.948195480676549,53.235838893021764
qb_014732,public_sentiment,53.07519299030278,-21.169082674201388,19.83918412259192,33.236008867710865
qb_014732,security_and_defense,17.757477741581653,-17.89216133263795,-8.015049839099495,25.77252758068115
qb_014753,legality_constitutionality,-2.084740241226298,-11.187318236067247,-29.560808191665764,27.476067950439464
qb_014753,political,14.685444969079299,-1.1305980250888334,5.353991978142849,9.33145299093645
qb_014773,capacity_and_resources,1.7278573403054194,12.782191009936248,-11.516049768863684,13.243907109169104
qb_014773,policy_prescription,60.027025355418,-17.666619637435776,-20.913863952811806,80.9408893082298
qb_014773,political,-5.962187873684826,18.287803297152198,-2.8583007860307217,-3.1038870876541043
qb_014815,capacity_and_resources,27.053274829785135,41.45647641798877,12.74943233382067,14.303842495964465
qb_014815,health_and_safety,63.187840973072724,4.145060137196628,11.446066334782218,51.74177463829051
qb_014815,policy_prescription,40.41139894266806,-6.9310543502277175,-3.7075485902214997,44.11894753288956
qb_014815,public_sentiment,18.613455116224344,26.909493091828317,15.173482180042338,3.4399729361820057
qb_014822,external_regulation,51.298003086705336,-2.9311299696462947,-20.641494498897444,71.93949758560278
qb_014822,political,30.08350871791594,-18.732360065753195,-16.59836970568616,46.6818784236021
qb_014822,public_sentiment,24.969339606034435,8.339501428444638,-1.6788818158672356,26.64822142190167
qb_014822,security_and_defense,23.65763589972207,-23.47339041024661,-2.824328406269686,26.481964305991756
qb_014829,economic,32.51963787169943,36.0996773293206,38.30629647345766,-5.786658601758226
qb_014829,political,3.239794635180621,35.57417762136597,-10.295453089411055,13.535247724591676
qb_014836,legality_constitutionality,3.0008242373370146,0.6782744437135355,-3.304242124065793,6.305066361402808
qb_014836,morality,-24.13169472899929,-8.75124628901112,-34.53800167246315,10.406306943463864
qb_014836,political,-21.929205181958753,16.454561531246753,-24.734513112344974,2.8053079303862205
qb_014848,policy_prescription,26.157201007286744,3.6242309018095322,-32.54334705250005,58.7005480597868
qb_014848,political,49.17450770056796,22.813211710510572,15.529296588668068,33.64521111189989
qb_014860,external_regulation,22.29036806305319,32.412962797519924,1.6653619182984651,20.625006144754725
qb_014860,policy_prescription,-10.453463848518822,11.432613417225957,-21.28691309869806,10.833449250179239
qb_014860,political,50.892198426316035,-9.984339381807946,-12.644348767001292,63.536547193317325
qb_014860,security_and_defense,32.62260930831629,-21.579537828007048,12.520779908307421,20.10182940000887
qb_014962,legality_constitutionality,-5.891381623688207,-6.53379829183799,-26.71964413172458,20.82826250803637
qb_014962,political,-28.628722903254754,16.497975817849163,-7.450468398655503,-21.178254504599252
qb_014962,public_sentiment,-1.0189261510101688,32.79728210225975,25.851374100545616,-26.870300251555786
qb_014962,security_and_defense,27.030473433606506,21.297018420554082,0.06663615107825605,26.96383728252825
qb_014970,economic,25.475600398592878,-25.388117981874558,-23.16143914931496,48.63703954790783
qb_014970,policy_prescription,9.94038895036722,22.167802296483366,4.469586823545204,5.470802126822016
qb_014970,political,17.29817343723821,21.41439876675466,-10.166962337511102,27.46513577474931
qb_014970,public_sentiment,45.066598546393315,27.58758460870438,-17.52167125283087,62.588269799224186
qb_014970,security_and_defense,28.652888986589126,9.955376765812899,-43.783184871302836,72.43607385789196
qb_015003,capacity_and_resources,16.533944713869495,29.517506343339395,-14.283153761557546,30.81709847542704
qb_015003,economic,-1.1736001723005125,12.420925278376888,5.2023235377921235,-6.375923710092636
qb_015003,policy_prescription,2.6823899059084395,0.6669510779926591,-13.370973510661644,16.053363416570082
qb_015003,political,35.83335007632649,27.837024407464018,-7.714459016197563,43.547809092524055
qb_015003,public_sentiment,27.761008312494056,4.133581635896774,-23.659529969085035,51.42053828157909
qb_015022,capacity_and_resources,-2.2053896020515755,25.741345046200518,-12.727358141413816,10.521968539362241
qb_015022,economic,8.548889665426872,30.256523483492394,-0.7733661385964745,9.322255804023346
qb_015022,fairness_and_equality,1.080295457284885,25.98216591279928,-16.364752303414818,17.4450477606997
qb_015022,political,55.77290883490525,-10.938860757843042,20.16467007718992,35.60823875771533
qb_015022,security_and_defense,8.911239221191966,12.862985582435346,7.469393278520714,1.441845942671252
qb_015046,health_and_safety,61.37396609566831,47.63880965211672,17.91116642094028,43.46279967472803
qb_015046,policy_prescription,42.61334454907742,4.712152114687427,-11.096056988244364,53.70940153732178
qb_015046,political,-2.3321737341425015,31.630714816613413,-16.48378712589086,14.15161339174836
qb_015056,crime_and_punishment,29.581228153765238,-0.5819813873233242,-17.12498492209666,46.706213075861896
qb_015056,legality_constitutionality,47.42596483077564,-12.220098791312646,-27.345567684580793,74.77153251535643
qb_015056,political,15.177908161811654,-15.325965030415796,1.0606763768683243,14.11723178494333
qb_015095,health_and_safety,42.56324712046748,48.915588776005194,4.9471444672192195,37.61610265324826
qb_015095,legality_constitutionality,18.48868919674396,-19.839137324826652,-23.726354415603122,42.21504361234708
qb_015095,policy_prescription,9.890183134772819,-19.888096525648265,-26.46363187092689,36.35381500569971
qb_015095,political,10.701001603576856,15.03400285493746,-9.405836209601906,20.106837813178764
qb_015095,public_sentiment,30.00206964609422,-29.06925671234559,6.340547371374829,23.661522274719392
qb_015106,capacity_and_resources,19.31876637150346,25.01852268499917,-27.47894924528128,46.79771561678474
qb_015106,economic,24.312083916309447,-11.165701764968118,-7.504601389876534,31.81668530618598
qb_015106,health_and_safety,10.174132825916796,46.26916975772783,21.011946987275778,-10.837814161358981
qb_015106,political,-2.618117797266075,27.634674079970367,-1.4711147383129772,-1.147003058953098
qb_015123,economic,72.41171642399954,-28.886331986821038,-44.38066380271395,116.79238022671348
qb_015123,policy_prescription,3.9478934019849103,15.704981916569803,0.5678180417142691,3.3800753602706415
qb_015123,political,1.8179982074259944,32.835599149336986,-29.026101255040796,30.84409946246679
qb_015123,security_and_defense,23.93198505328423,18.4290348441666,-21.098433882185564,45.0304189354698
qb_015156,health_and_safety,34.32073371787491,52.21860042152195,-10.710509542959093,45.031243260834
qb_015156,legality_constitutionality,26.98348206677964,-16.035867534455736,-10.328032959396467,37.31151502617611
qb_015156,political,1.6897028123596636,-13.300742388893193,31.023197509432837,-29.333494697073174
qb_015158,economic,35.81780556432703,-26.25379007735209,-15.662936924078865,51.480742488405895
qb_015158,external_regulation,33.85276895946016,-34.78828919212906,-32.55912875013789,66.41189770959804
qb_015158,legality_constitutionality,12.158709099047641,-23.999569285973326,-25.181058778815643,37.33976787786328
qb_015158,policy_prescription,10.829651093705404,-16.49345206646353,-34.266786182607724,45.096437276313125
qb_015158,political,17.060491108138216,23.35009624858199,-10.7801906880079,27.840681796146114
qb_015175,capacity_and_resources,18.202971169066593,3.9852454217205713,1.021375757883155,17.181595411183437
qb_015175,health_and_safety,57.039593400959696,10.871299794388609,25.131000976750833,31.908592424208862
qb_015175,policy_prescription,13.638029387530361,-15.470747413536701,-17.637553180406837,31.2755825679372
qb_015175,security_and_defense,15.508061316724834,21.015417541366396,25.652226773798184,-10.144165457073349
qb_015200,political,7.558723628381145,16.502587279971518,-29.566292647883078,37.12501627626422
qb_015200,public_sentiment,9.784605155343383,-8.483905237030902,11.693946797854037,-1.909341642510654
qb_015200,security_and_defense,38.62760395027347,-30.527406385163328,-20.262319473705965,58.88992342397943
qb_015220,capacity_and_resources,31.92016195695184,18.941473407322263,10.066863405882438,21.8532985510694
qb_015220,economic,3.2625242075919454,-14.82317813166848,-0.2649499597922226,3.527474167384168
qb_015220,political,18.129100321216292,32.94883245575646,12.325093513551092,5.8040068076652
qb_015223,legality_constitutionality,-0.4009873513166966,-10.362827251514348,-1.3852289228280297,0.9842415715113331
qb_015223,political,-7.017340340655824,23.99242483487445,1.2740625224154205,-8.291402863071244
qb_015271,cultural_identity,19.782714306843644,34.77521812855712,12.946566019403928,6.836148287439716
qb_015271,economic,49.43016896194193,29.848656749639474,-7.897971884979311,57.328140846921244
qb_015271,political,34.781114109595556,22.569616675782264,3.842002513172921,30.939111596422634
qb_015271,public_sentiment,44.03600387067504,-19.396857509892637,-17.493388208195096,61.52939207887013
qb_015303,economic,27.3552576641482,-30.095243123980968,-26.043809393677716,53.39906705782592
qb_015303,health_and_safety,78.62876874488148,50.501296711757185,-20.74752843175021,99.3762971766317
qb_015303,legality_constitutionality,9.719887695032103,-22.04121009008058,-36.01738977098589,45.737277466018
qb_015303,policy_prescription,36.7926019856031,12.919081679937001,-15.460586055412774,52.253188041015875
qb_015303,political,33.69484042128643,-23.900416640967265,13.837521942407541,19.857318478878888
qb_015310,external_regulation,60.34588528027357,29.387181184415844,19.446470107121012,40.89941517315256
qb_015310,morality,40.16025925006179,-0.18614971624181242,-34.13286575188734,74.29312500194914
qb_015310,political,18.005873590735096,11.05466564795427,31.348558767519364,-13.342685176784268
qb_015310,public_sentiment,-2.817361026476171,15.032298358186072,-16.770970607998173,13.953609581522002
qb_015329,crime_and_punishment,28.22006314562423,-23.254411423629602,17.115452718940688,11.104610426683543
qb_015329,legality_constitutionality,-0.4514026555202393,-18.059153521812906,-12.724766430323639,12.2733637748034
qb_015329,political,28.758935611629965,-18.70919172062182,20.734181186009415,8.02475442562055
qb_015372,economic,32.33017890967179,-23.898082706932986,-17.72377995103185,50.05395886070364
qb_015372,health_and_safety,36.051673121115314,16.150294010890356,29.3518324834994,6.699840637615914
qb_015372,policy_prescription,60.80258208426095,12.853409617531588,-20.15937225792141,80.96195434218237
qb_015372,political,1.0832796602983674,22.041278199714792,6.227244676565197,-5.14396501626683
qb_015409,capacity_and_resources,28.59182663865326,-5.97435403320439,3.887696261636955,24.704130377016305
qb_015409,political,6.672370458193591,-3.82454603922644,-8.77369914997313,15.44606960816672
qb_015409,public_sentiment,18.469512725229098,6.2323018303072395,14.396236161032803,4.073276564196295
qb_015423,capacity_and_resources,37.319692242014696,-17.354674928410805,-14.070460077946823,51.390152319961516
qb_015423,legality_constitutionality,24.432822613180306,-24.408442249021057,-9.0841324747678,33.516955087948105
qb_015430,morality,7.421153167069454,-15.048358196586202,-9.702565096915784,17.12371826398524
qb_015430,political,-14.603431069965506,17.53980518043843,14.120911012947081,-28.724342082912585
qb_015430,public_sentiment,43.62730822644949,5.113367099711125,-21.291117447808887,64.91842567425837
qb_015462,health_and_safety,38.43055114157878,-0.8932115709678401,-1.5265977096988022,39.95714885127759
qb_015462,policy_prescription,7.5729969828520005,21.612190447237182,-29.339028697474642,36.91202568032664
qb_015462,quality_of_life,58.05873276575187,46.38905322266284,-6.573217034994252,64.63194980074613
qb_015469,health_and_safety,74.42196061986373,52.015413868635946,17.399167215997732,57.02279340386599
qb_015469,policy_prescription,54.45193531642648,13.570616339758086,17.49958413673083,36.95235117969565
qb_015469,political,-19.849528982482482,5.520913721645286,-13.865262134231527,-5.984266848250956
qb_015474,external_regulation,24.43921522361183,45.73001761663386,3.0184579327087104,21.42075729090312
qb_015474,public_sentiment,55.258617377480164,-4.313179133666372,17.543488209421305,37.71512916805886
qb_015474,security_and_defense,7.9291167207732025,39.53050937183193,-1.5702290012027116,9.499345721975914
qb_015486,economic,27.181716816156342,9.286767013317286,-6.620648818605936,33.80236563476228
qb_015486,legality_constitutionality,-11.041154456669645,-8.054041815515715,0.2014603412326057,-11.24261479790225
qb_015486,morality,1.3679658229344795,10.823775798857312,-14.18580172305409,15.553767545988569
qb_015486,political,44.69174691803002,-17.50373991299425,4.9435612411998235,39.7481856768302
qb_015491,capacity_and_resources,1.7328154635059412,34.83040701971597,1.826168759842727,-0.0933532963367858
qb_015491,health_and_safety,61.832893198688325,24.554780835720113,22.188594751087503,39.64429844760082
qb_015491,policy_prescription,18.76160242613933,1.1049054544506527,-15.30537022270886,34.06697264884819
qb_015491,quality_of_life,64.70508217017002,17.766781793556994,14.500751772155803,50.204330398014214
qb_015502,crime_and_punishment,46.458153668796925,-19.626327326056852,-21.579034890493467,68.0371885592904
qb_015502,legality_constitutionality,38.21688842677157,-25.820897298273135,-18.48827335347378,56.70516178024535
qb_015502,political,8.322679983095247,12.527355630639605,-31.167096902207742,39.48977688530299
qb_015502,security_and_defense,-7.783201553238544,-44.736953899566984,-19.201879972851906,11.41867841961336
qb_015506,economic,37.17724973811141,24.3114293276275,21.403196682918438,15.774053055192976
qb_015506,political,-0.07292905275764072,28.218968453530273,-5.608127670364175,5.535198617606534
qb_015506,public_sentiment,0.4626474897708776,3.6886825597450024,-11.036647641362395,11.499295131133271
qb_015526,economic,1.4831603319789748,-36.95247948042259,-23.883406676720824,25.3665670086998
qb_015526,policy_prescription,14.741977237046527,-18.808222211211085,-0.6567181600971024,15.39869539714363
qb_015526,political,24.508422688592148,4.813854194384798,3.3094854788671175,21.19893720972503
qb_015560,legality_constitutionality,20.963243659751292,-1.4974989405669032,13.319056431669901,7.644187228081391
qb_015560,political,-7.024898643434918,12.172718909440364,-13.723318799457637,6.698420156022719
qb_015567,capacity_and_resources,77.85155123916411,39.957627950865735,-6.530915886650783,84.3824671258149
qb_015567,economic,51.43860594677826,3.0893989281464243,-1.3764960831506807,52.815102029928944
qb_015567,health_and_safety,54.8786633755586,28.224374752531922,33.348083016423175,21.530580359135428
qb_015567,policy_prescription,43.06365023006325,1.7359833086017624,-13.659296949863837,56.72294717992709
qb_015567,political,63.23148259232161,27.381852806481177,-15.033036242825727,78.26451883514734
qb_015567,public_sentiment,35.05118575357833,37.36369503834672,10.978233705550728,24.072952048027602
qb_015588,political,20.149585834104123,18.12920049132021,-4.9813538242298385,25.13093965833396
qb_015602,cultural_identity,36.94051162730069,56.89583340472216,-10.478299800748944,47.41881142804963
qb_015602,economic,-1.0511348374135583,-14.686389032233341,-8.775223534586349,7.724088697172791
qb_015602,morality,20.480229205887092,5.839612676489662,2.4975070351113744,17.982722170775716
qb_015602,public_sentiment,37.86387113490254,4.004980615034124,1.755377402064449,36.10849373283809
qb_015658,economic,-2.7343127165157766,-16.95316034968967,-0.2296192471038847,-2.504693469411892
qb_015658,health_and_safety,61.45103853815146,44.61200734507917,19.790480715958797,41.66055782219266
qb_015658,policy_prescription,37.77288790604609,21.68082541988325,-18.424759546941957,56.19764745298804
qb_015658,political,-0.42500630021729435,29.72495476180838,-0.17611157720043463,-0.24889472301685972
qb_015693,crime_and_punishment,-1.1526957255569639,0.8334659981819266,-10.216200701688232,9.063504976131268
qb_015693,economic,9.685449833882958,-28.928180061241658,-13.762515309268187,23.447965143151144
qb_015693,legality_constitutionality,-15.731196047438354,-26.70694591385746,-11.811422204984499,-3.9197738424538553
qb_015693,political,-20.742467628373635,3.7886323132037636,17.662405968404524,-38.40487359677816
qb_015695,economic,11.68398883630252,17.350747426838453,-8.240522960764263,19.924511797066785
qb_015695,external_regulation,2.7865625224949757,-21.00242197183139,2.8711162312564467,-0.08455370876147095
qb_015695,morality,-1.4160423541704725,-28.93805537534469,-3.2022665722169235,1.786224218046451
qb_015695,political,66.5884288003033,10.837916168594079,-30.189271784392055,96.77770058469537
qb_015695,public_sentiment,48.66706031754646,1.1025634960563027,6.823375697100141,41.84368462044632
qb_015699,capacity_and_resources,0.8794267669018495,16.53948264864633,26.3078514025207,-25.42842463561885
qb_015699,external_regulation,0.12173314311114503,34.06065441543408,0.038464062956249115,0.08326908015489591
qb_015699,legality_constitutionality,46.81285869026374,-20.81216933732761,-36.9827524257345,83.79561111599824
qb_015699,security_and_defense,46.27225641274707,-26.147087439563947,-11.000289647040905,57.27254605978797
qb_015716,economic,40.945271072528975,-29.535371702234244,-46.748706036852184,87.69397710938117
qb_015716,external_regulation,29.229922408409177,-23.721824655535208,-16.705097744373536,45.93502015278271
qb_015716,policy_prescription,22.47545863496569,4.785896703269411,-36.96519444066987,59.44065307563556
qb_015716,political,20.877112942802924,17.84051915453712,6.2647334438240145,14.61237949897891
qb_015742,crime_and_punishment,5.693089586879705,4.4738125413274465,-43.14945676456265,48.84254635144236
qb_015742,legality_constitutionality,1.5552050401937296,-8.323526671910015,3.1558520029466903,-1.6006469627529607
qb_015742,morality,32.19241062614867,-21.454145995482758,-20.616309695403732,52.8087203215524
qb_015782,external_regulation,1.0366544695344262,26.3678908921681,-31.051181787528655,32.08783625706308
qb_015782,legality_constitutionality,-4.53387591280754,-29.16274061594291,-25.92757833880306,21.39370242599552
qb_015782,political,9.90297180996959,35.399633263140814,-0.8392507792182645,10.742222589187854
qb_015782,public_sentiment,55.269924111929456,6.623282383151493,-8.87501067059459,64.14493478252405
qb_015786,economic,20.79282571678471,14.007301019323348,17.855434158955248,2.9373915578294607
qb_015786,morality,-19.2659993603794,-5.662601079626734,12.96190722077126,-32.22790658115066
qb_015786,political,-2.3428002015733216,14.441714103787938,-12.461706733796547,10.118906532223225
qb_015786,public_sentiment,32.46008728835652,29.06387150074172,-25.268357350814725,57.728444639171244
qb_015793,cultural_identity,60.97963986566393,41.376594126704084,55.434608602171345,5.545031263492582
qb_015793,fairness_and_equality,41.184953454698494,-6.703567425900822,-4.993484865292833,46.17843831999133
qb_015793,morality,83.90865695157842,2.291634151144663,-15.035744302064053,98.94440125364247
qb_015793,political,63.99318138688108,27.071534843384523,-3.3642883789795825,67.35746976586067
qb_015793,public_sentiment,83.65732977001488,48.397597440430225,32.16681112365677,51.49051864635811
qb_015825,crime_and_punishment,58.6025635455876,-6.216021624219642,-1.4472722737745864,60.04983581936219
qb_015825,cultural_identity,41.88286942639951,-1.3491160627554974,-11.26511843692912,53.14798786332863
qb_015825,morality,8.741614834371083,-17.51256420740331,-9.186437859695907,17.92805269406699
qb_015825,political,6.628088989686653,27.351058688465557,-2.3734336189408176,9.00152260862747
qb_015831,health_and_safety,48.51320114424178,33.14719739610111,-10.863381900569308,59.37658304481109
qb_015831,political,22.797062128651707,20.75711260819704,-3.84006694774146,26.637129076393165
qb_015831,public_sentiment,51.23598544851152,-4.4285457257678,-24.54051586449283,75.77650131300435
qb_015837,economic,20.38536481836296,29.745910374773377,-1.5387646566869715,21.92412947504993
qb_015837,external_regulation,45.03854918004982,28.188977059394496,-6.534049760129817,51.57259894017964
qb_015837,health_and_safety,48.042138516303154,-1.3591296287044896,10.133518974643644,37.90861954165951
qb_015837,policy_prescription,49.445798962930894,-11.237229317169117,-13.34949336818811,62.795292331119
qb_015839,health_and_safety,36.90697774240951,18.22335538890603,0.7265869876241632,36.18039075478534
qb_015839,policy_prescription,24.316231056935944,10.2768105646018,-2.9275390641150603,27.243770121051003
qb_015874,fairness_and_equality,7.225644646141534,-9.077955086871698,-21.547242921237956,28.77288756737949
qb_015874,legality_constitutionality,31.613339730928406,-2.9333008695250715,10.940459632030699,20.672880098897707
qb_015874,policy_prescription,33.8661290680509,-5.538271438390694,16.485370269137885,17.380758798913018
qb_015874,political,21.302082521180115,28.400720411599654,15.312147878104518,5.989934643075596
qb_015874,public_sentiment,-0.11564874699240946,12.745780463490874,-27.856377444207162,27.740728697214752
qb_015881,crime_and_punishment,27.28362312901234,25.291671914069813,12.96909422111983,14.31452890789251
qb_015881,legality_constitutionality,7.591593049564952,-30.363223229098224,-4.332816636346011,11.924409685910963
qb_015881,political,18.770514201856304,35.741859594840335,0.30855470193956197,18.46195949991674
qb_015881,public_sentiment,42.50777353818893,-12.177008317692884,-26.024511813070024,68.53228535125895
qb_015881,security_and_defense,23.336168192205655,26.427394123749057,3.891496777562611,19.444671414643043
qb_015888,capacity_and_resources,72.06995150410798,28.55351372514619,-14.032916310507582,86.10286781461556
qb_015888,economic,41.22196203480994,41.60925793929257,-5.665163707681362,46.88712574249131
qb_015897,crime_and_punishment,61.25661148993535,43.036365924771594,-21.103168653257658,82.359780143193
qb_015897,legality_constitutionality,32.519228508218504,-3.1258508180172813,-8.035630042443213,40.55485855066172
qb_015897,political,52.21840509822758,27.158743794101117,15.009492509096832,37.20891258913075
qb_015897,public_sentiment,50.5036536712759,6.665251114908617,8.116715320561742,42.38693835071416
qb_015897,security_and_defense,36.21638601119846,26.498005377779293,3.8980323662527763,32.31835364494568
qb_015900,capacity_and_resources,12.744280296923073,32.265618838235,-21.2677213168665,34.01200161378957
qb_015900,economic,28.53709711027499,-18.021098349149987,-22.87057651738618,51.40767362766117
qb_015900,external_regulation,30.654543368596812,-6.315908567732116,0.9614256389996789,29.693117729597134
qb_015900,policy_prescription,39.54489663284705,-12.507789066737198,-2.8448559674888356,42.38975260033588
qb_015900,political,39.19249606125354,-12.44408763090001,23.30004960246353,15.892446458790012
qb_015900,security_and_defense,6.086376858201419,-4.195758818021188,-0.67907528282969,6.765452141031108
qb_015972,legality_constitutionality,16.085385976332166,-7.525540323946615,3.941981152875936,12.14340482345623
qb_015972,policy_prescription,26.73969434560724,-18.292190832595402,-38.44484005527127,65.1845344008785
qb_015972,political,36.89926424277766,28.136126169008087,13.133952421260235,23.76531182151743
qb_015972,security_and_defense,17.423435369149587,41.6086696928392,27.348678223970346,-9.925242854820759
qb_015984,health_and_safety,32.74253427289003,8.711492805576482,35.1234709090882,-2.3809366361981645
qb_015984,political,14.968131169831258,16.789917441843453,-22.65014402139468,37.61827519122594
qb_016117,cultural_identity,43.63769999750595,42.215903308114754,20.599300208349284,23.038399789156664
qb_016117,external_regulation,1.6709818859057397,17.94565527334288,4.034257122348631,-2.3632752364428913
qb_016117,policy_prescription,45.04785266176103,22.941731771582052,-12.417957429599262,57.46581009136029
qb_016117,political,26.04414113876749,25.820026020762914,20.48440812201995,5.55973301674754
qb_016117,public_sentiment,4.552058157134798,33.24190552337684,26.860264583226968,-22.30820642609217
qb_016127,health_and_safety,63.441284759232055,42.665047026222695,28.534892391271203,34.90639236796085
qb_016127,policy_prescription,1.9511923151643478,28.5784078482492,3.4870049934822482,-1.5358126783179005
qb_016127,political,36.997171042348036,26.326653843214583,20.8849822880102,16.112188754337836
qb_016132,capacity_and_resources,55.46971692982908,37.893229511452205,-11.296488621334168,66.76620555116325
qb_016132,health_and_safety,60.87247743908789,48.92010635660882,-1.2971035766290042,62.16958101571689
qb_016132,legality_constitutionality,27.198075298056143,-23.174318152155866,-18.83487764315865,46.03295294121479
qb_016132,policy_prescription,41.7323305183634,-5.5489430227648535,-32.174430147320486,73.90676066568389
qb_016132,political,29.051018711545016,24.400348658939485,-1.1082779465751287,30.159296658120144
qb_016132,public_sentiment,59.68883617721365,28.40884046598161,-0.5074365795058842,60.19627275671954
qb_016140,cultural_identity,1.2595735634217038,37.13798050505636,2.9837878901882107,-1.7242143267665069
qb_016140,fairness_and_equality,31.34742396723445,51.30480939307637,11.801488556274123,19.54593541096033
qb_016140,health_and_safety,59.12821289663811,23.212855493583017,4.481766452133678,54.646446444504434
qb_016140,policy_prescription,47.215959470966304,-18.044425705910957,0.3852233525932951,46.83073611837301
qb_016140,political,45.22508914807687,33.66226512903157,-29.004005724365626,74.22909487244249
qb_016146,health_and_safety,16.773474749179208,-15.472290500555719,-14.808415515605931,31.581890264785137
qb_016146,policy_prescription,5.7313067841508945,-18.75819924155206,-13.571148318783562,19.302455102934456
qb_016146,political,14.386102705928304,19.105706055376935,-13.364400236173843,27.750502942102145
qb_016184,economic,40.1539037791433,-4.473793700785186,-16.693526146235172,56.84742992537847
qb_016184,health_and_safety,43.975226723190154,12.063865121457674,11.338157163439499,32.63706955975066
qb_016184,morality,26.64027915813557,-34.57015042722883,1.4178580706908637,25.222421087444708
qb_016184,policy_prescription,46.13072339076166,23.03951946607621,0.8321823661170829,45.29854102464458
qb_016184,political,-1.2261285916194664,-14.81755222857409,17.57073793112133,-18.796866522740796
qb_016204,health_and_safety,56.94626676162059,52.49223142260121,-4.895583652270582,61.84185041389117
qb_016204,legality_constitutionality,42.783686556567496,-27.89141636982504,-31.354509871825492,74.13819642839299
qb_016204,political,27.043197112685956,2.613402319715506,24.312266948893058,2.730930163792898
qb_016231,morality,-9.206483561907383,-20.01808189928167,-27.712952640258077,18.506469078350694
qb_016231,policy_prescription,-4.95266291034357,14.650141407030178,-10.684944144072473,5.732281233728902
qb_016231,political,9.515098867483623,21.058759072246154,-8.869892675574995,18.384991543058618
qb_016231,public_sentiment,9.452095884970126,33.63487930391246,17.325547412196503,-7.873451527226377
qb_016253,capacity_and_resources,41.53005530536512,27.191959974640536,-5.190429463152437,46.72048476851755
qb_016253,political,27.678511566689664,-12.311376176569397,2.896612708531979,24.781898858157685
qb_016305,capacity_and_resources,-14.315106287002148,-20.04322083503685,13.703781225620284,-28.018887512622435
qb_016305,economic,25.99307690094119,11.699437634312318,-35.67470657391417,61.66778347485536
qb_016305,external_regulation,34.55842744052858,-15.263180937760865,2.9690235496380444,31.589403890890537
qb_016305,policy_prescription,13.815917320570508,-30.25980461740531,-17.241595573443643,31.057512894014152
qb_016305,political,25.532518362739875,9.290068919442108,-5.990448697349992,31.52296706008987
qb_016305,security_and_defense,34.60110214657541,-19.82227569360007,-19.10908871279641,53.71019085937182
qb_016319,capacity_and_resources,39.272397137049516,18.797887356879897,-3.5737466544594927,42.84614379150901
qb_016319,economic,-5.140036050027972,30.694322725475395,6.919446752712474,-12.059482802740447
qb_016319,political,45.92192370861187,40.791221083431466,-0.9788934906135407,46.900817199225415
qb_016319,public_sentiment,50.52129772437168,-6.826882036298818,14.546101560101718,35.97519616426996
qb_016339,capacity_and_resources,16.810770780207243,-7.936493259760991,11.240433318531775,5.570337461675468
qb_016339,health_and_safety,39.52673291977785,55.56193723371088,33.523236551685166,6.003496368092684
qb_016342,legality_constitutionality,36.558098736281465,-10.705008703217267,-8.217928967112083,44.77602770339355
qb_016342,political,12.544734089538986,28.825545111627594,-0.6226543031983159,13.167388392737301
qb_016363,economic,47.366308703501595,21.096056876956226,18.058680637933445,29.30762806556815
qb_016363,fairness_and_equality,20.82944757678472,42.33073262950831,-4.475405937450365,25.304853514235084
qb_016363,policy_prescription,40.62861040451846,-28.732153978753107,17.016903339122074,23.611707065396388
qb_016363,political,50.602192591866256,8.883384333752241,-14.811173671187396,65.41336626305365
qb_016391,crime_and_punishment,-23.610283365289746,18.656945728816805,-25.445602497204455,1.8353191319147086
qb_016391,legality_constitutionality,-10.180842733921155,-7.6055369119104705,-0.3720280380477963,-9.808814695873359
qb_016391,morality,11.751091441820959,-23.689612470457302,-0.43082287945161796,12.181914321272577
qb_016391,policy_prescription,-16.2770813328427,8.235411324895349,3.9679306234775304,-20.245011956320234
qb_016391,political,0.10372004296693627,19.68979304751884,4.853624809795532,-4.749904766828596
qb_016397,political,-18.65020753870307,-20.527462212614555,-23.329807038862114,4.679599500159043
qb_016397,public_sentiment,2.561582484422098,-7.524079457365059,-25.43853377630943,28.000116260731527
qb_016434,capacity_and_resources,62.50847284747497,43.917093736690134,16.857438680769487,45.651034166705486
qb_016434,health_and_safety,10.05083582212292,50.76601131861563,-2.3922578742523055,12.443093696375225
qb_016434,legality_constitutionality,17.574092697023854,-30.48561157135456,-19.238791403338197,36.812884100362055
qb_016434,policy_prescription,4.66578941918606,-3.3500315334780195,-4.915777209963663,9.581566629149723
qb_016434,political,-3.5703672464678746,19.60858512035715,13.264116444442665,-16.834483690910538
qb_016434,public_sentiment,22.110748484442386,-6.757399893148552,-10.363524583362741,32.47427306780513
qb_016473,crime_and_punishment,43.026555012331954,-1.1809611287537436,-16.941049676545155,59.96760468887711
qb_016473,legality_constitutionality,32.04570693008016,-18.801715588500855,-18.66945756938722,50.71516449946738
qb_016473,political,-13.799964370907047,30.46308628966616,-16.961448355132728,3.161483984225681
qb_016481,economic,35.2743809810175,-26.264335299051773,-21.696927330986966,56.97130831200447
qb_016481,policy_prescription,-4.593536664337321,-23.13076108628207,-23.071500693216088,18.477964028878766
qb_016481,political,-6.015907732276566,26.991065387384072,13.478228757494179,-19.494136489770746
qb_016483,capacity_and_resources,56.54772282048732,-3.940932452148866,0.42201230970186693,56.12571051078545
qb_016483,health_and_safety,80.31902324004342,2.4749064597095014,33.2365979174206,47.08242532262282
qb_016483,public_sentiment,33.19783019791849,-23.60068235549483,-33.28941929420687,66.48724949212536
qb_016547,external_regulation,25.5219580305348,10.951932880097583,-12.995325917772405,38.51728394830721
qb_016547,health_and_safety,15.607567026722608,52.007750902396225,43.99899958184738,-28.391432555124773
qb_016547,political,19.925579077251225,50.46911163576189,-12.875412646500141,32.800991723751366
qb_016547,security_and_defense,5.188427401832181,-2.816692405637577,-0.7523364059784958,5.940763807810677
qb_016572,morality,19.223999840434637,0.7249246015481082,-26.303955923293287,45.527955763727924
qb_016572,policy_prescription,8.218695546995232,-6.202787321518074,-9.851240234376302,18.069935781371534
qb_016572,political,53.66166724341302,40.80145360929051,-3.886605565750193,57.548272809163215
qb_016574,cultural_identity,28.132486648892325,6.101191493295432,-31.83146566968785,59.963952318580176
qb_016574,external_regulation,1.417876816042786,21.584315230112555,-14.454446860418342,15.872323676461129
qb_016574,fairness_and_equality,-12.298144189323043,20.051417875002723,-10.354786459490214,-1.9433577298328295
qb_016574,health_and_safety,26.095246120494906,36.32043294613959,-1.0286145286259263,27.123860649120832
qb_016574,political,1.0100904173980172,1.3583278086257553,5.04581302412528,-4.035722606727263
qb_016574,public_sentiment,-3.860970512528292,-10.068495083666702,-17.933650544617926,14.072680032089634
qb_016583,health_and_safety,36.1753269987874,47.78180915102355,0.48306307621829214,35.692263922569104
qb_016583,legality_constitutionality,-0.7224537458687375,5.672002916038107,-15.927168493427542,15.204714747558805
qb_016583,political,26.635718428112245,-19.06172139540268,9.480267181861304,17.15545124625094
qb_016595,economic,34.891283077835524,-13.651418717897952,-11.933807514521973,46.8250905923575
qb_016595,policy_prescription,14.062013056346837,-6.85374240398756,31.815505918707174,-17.75349286236034
qb_016595,political,25.65466600344209,30.90902580327262,14.780928911565574,10.873737091876517
qb_016597,capacity_and_resources,23.708917001744847,7.558875114031781,-9.236416971209946,32.94533397295479
qb_016597,crime_and_punishment,41.32905414944329,14.44009942071549,-15.967627727297634,57.29668187674092
qb_016597,cultural_identity,7.621395314933958,5.31981181071297,0.11571135811741073,7.505683956816547
qb_016597,security_and_defense,39.69264849573843,-30.01298574443507,-23.600526563190044,63.293175058928476
qb_016603,cultural_identity,36.54254308166954,9.868526147764106,-17.65699400932738,54.19953709099693
qb_016603,legality_constitutionality,4.77843428873499,-35.329544321286704,-23.025391358117265,27.803825646852253
qb_016603,morality,-6.843695054141852,-20.41323562271701,-12.944400852137523,6.100705797995671
qb_016603,policy_prescription,38.39711156321644,-24.267640618380657,-4.123447778717783,42.520559341934224
qb_016603,political,-4.958377438958572,30.301184214693095,2.55562592060173,-7.514003359560302
qb_016603,public_sentiment,16.137678378574964,-25.323172333607875,5.018716381751116,11.118961996823849
qb_016615,economic,56.04453951551386,-19.733244417122233,-13.646589639967088,69.69112915548095
qb_016615,legality_constitutionality,37.022190566015276,-39.153109310124414,-46.86521053412622,83.88740110014149
qb_016615,policy_prescription,1.2194409707297031,-16.74572167080764,33.19005155410769,-31.970610583377987
qb_016615,political,11.473699059190878,38.8324482788582,30.133672135041547,-18.65997307585067
qb_016615,public_sentiment,45.88588743532228,0.4058819042033091,19.720284988285044,26.165602447037237
qb_016620,cultural_identity,-11.864341243277282,29.907408916034363,-13.645040153477728,1.7806989102004458
qb_016620,morality,25.820172624882062,-35.059697817985914,-18.141458609319002,43.961631234201064
qb_016620,political,35.62515660412159,25.381140892934887,-29.08126792853139,64.70642453265299
qb_016620,public_sentiment,45.55954251260472,20.91812713093345,-34.78354538035261,80.34308789295733
qb_016625,cultural_identity,1.39703012615974,11.220495293420916,-8.253768804378097,9.650798930537837
qb_016625,fairness_and_equality,17.821414964497578,27.78032170053128,-12.050364633045124,29.8717795975427
qb_016625,political,23.185530163055667,23.63925088733815,-4.285290719149195,27.470820882204862
qb_016646,health_and_safety,53.09402167320055,52.09500320292996,4.822750961362059,48.27127071183849
qb_016646,policy_prescription,23.780963415549827,-18.62475633556584,-6.497985325549338,30.278948741099164
qb_016646,political,41.575519656747026,25.86563900446141,-14.587701351688937,56.16322100843596
qb_016664,crime_and_punishment,27.677830895095486,22.663789847746358,-8.701206163886326,36.37903705898181
qb_016664,fairness_and_equality,18.690451453938376,21.787619252872496,-20.17110638802657,38.861557841964945
qb_016664,political,23.609554217071498,12.656776811291685,0.8187430794761785,22.79081113759532
qb_016683,economic,39.59695703378055,-14.540550820881212,-26.321673471711183,65.91863050549173
qb_016683,external_regulation,59.61741992811441,9.13874856946382,-46.45905170038335,106.07647162849776
qb_016683,policy_prescription,20.575100522144517,-20.080044071316152,-13.25508117450786,33.830181696652375
qb_016683,political,25.931779539270877,-20.792061677942197,7.530881911567934,18.400897627702943
qb_016725,legality_constitutionality,-10.181475066174244,-24.917914632214977,-23.963282327771317,13.781807261597073
qb_016725,policy_prescription,2.660843258767776,19.702316566743534,-8.224605325920667,10.885448584688444
qb_016725,political,8.604120554412393,-4.442883029320066,-8.574977132706902,17.179097687119295
qb_016733,economic,26.25130530861958,-29.551815624033416,-24.410663726533897,50.661969035153476
qb_016733,external_regulation,38.85450386372291,-14.320516698724013,-18.74793810416389,57.602441967886804
qb_016733,policy_prescription,-4.985474184639435,15.37980735141482,-43.95027482924922,38.96480064460978
qb_016733,political,5.6012684348136474,27.94227776783428,13.477221254806851,-7.875952819993204
qb_016733,security_and_defense,20.597598404079253,-21.168798330971647,-25.12293844529715,45.7205368493764
qb_016782,crime_and_punishment,20.716693420746587,7.174774573746133,-11.353733484084431,32.07042690483102
qb_016782,legality_constitutionality,51.219732636470845,-23.07076721126223,-8.26310906792815,59.48284170439899
qb_016782,political,8.73756185774236,-24.60343962224454,-14.974323947077245,23.711885804819605
qb_016798,economic,6.056867039809154,16.369508319624252,-6.706628154904152,12.763495194713306
qb_016798,public_sentiment,23.106247342661018,-10.513718442782213,12.699674464116661,10.406572878544356
qb_016811,legality_constitutionality,-2.1851959978303586,32.64819306336077,3.8023054503011213,-5.98750144813148
qb_016811,political,29.186439895128714,23.296696241751235,-9.71454610677833,38.90098600190704
qb_016811,public_sentiment,43.95621071672347,33.1030487144432,-25.038651729274605,68.99486244599808
qb_016839,crime_and_punishment,37.87363190847763,-8.294539764684172,-22.517313108441705,60.39094501691933
qb_016839,legality_constitutionality,9.333916806497545,-13.643518867364179,-27.090147471205192,36.42406427770274
qb_016839,political,6.419003749964354,27.566349674396005,-25.13419126661165,31.553195016576005
qb_016839,public_sentiment,47.871646833200074,-29.744922656121656,20.50076628938367,27.370880543816405
qb_016839,security_and_defense,25.306179914399262,3.206791231727357,-24.755969364683317,50.062149279082576
qb_016851,legality_constitutionality,2.863571732179614,10.155717284263172,-10.944915329706525,13.80848706188614
qb_016851,political,31.49327049733298,21.98414331459765,8.153473115933716,23.339797381399265
qb_016851,security_and_defense,-14.594606959429045,21.32257446584731,-26.561793505869588,11.967186546440542
qb_016898,economic,41.25023912635166,19.018191209220454,16.80916327920688,24.441075847144777
qb_016898,policy_prescription,9.040233939576668,8.386844002381212,-5.564449993976582,14.60468393355325
qb_016898,public_sentiment,-12.205893301239616,21.64007718820082,-16.581113417527177,4.3752201162875615
qb_016898,quality_of_life,6.65884981727475,19.61198818102615,14.777242842644462,-8.118393025369713
qb_016904,capacity_and_resources,33.06232410748636,25.639764731411127,5.1978436807177575,27.864480426768605
qb_016904,policy_prescription,10.385361510890482,0.6501215095962862,-28.821760343470757,39.20712185436124
qb_016904,political,15.412363505842261,36.573548719578454,-23.733821408942042,39.1461849147843
qb_016904,public_sentiment,26.528711364626012,-11.320264997745424,9.68126253685867,16.847448827767344
qb_016913,health_and_safety,39.7885649802774,15.124894681826365,-1.477462134980419,41.26602711525782
qb_016913,legality_constitutionality,36.2292557881492,-11.762965198164686,-23.269190734870257,59.49844652301946
qb_016913,policy_prescription,48.961449819293286,0.78254631360203,-4.45802679294732,53.41947661224061
qb_016913,political,13.980931093935153,32.58916043890767,10.205063478676063,3.7758676152590898
qb_016933,political,36.64945925694975,9.508369579928653,21.63122394575941,15.018235311190338
qb_016933,public_sentiment,32.366642567779614,-17.98127111093465,-16.808538378755962,49.175180946535576
qb_016948,economic,4.33402587204644,25.968100348844153,9.148509806079785,-4.814483934033345
qb_016948,quality_of_life,39.59550814417529,41.66494020955718,24.944415610500673,14.651092533674618
qb_016953,health_and_safety,34.83778468147722,19.199674150622727,0.9799076068020427,33.85787707467517
qb_016953,legality_constitutionality,40.709736190709286,-16.386856595740486,-19.101866260534674,59.81160245124396
qb_016953,policy_prescription,2.0304815130266456,-8.074168364714346,-42.99427769638957,45.02475920941621
qb_016953,political,-8.171382842329805,15.157756247613156,-37.48585114586089,29.314468303531086
qb_016989,economic,22.779177213745747,27.14164818703229,24.69224534059757,-1.9130681268518224
qb_016989,policy_prescription,16.493416636515075,11.07849294931947,-23.10169019555746,39.59510683207253
qb_016989,political,0.5828754633942821,27.957314304611636,-20.889445000994122,21.472320464388403
qb_016992,economic,38.28336654137067,-25.461429198762165,9.4736526356659,28.80971390570477
qb_016992,fairness_and_equality,16.165173596185944,29.67069117381534,-12.484082099980178,28.649255696166122
qb_016992,policy_prescription,33.645411817072905,14.316626330972625,-15.215143135886693,48.860554952959596
qb_016992,political,28.998968417544276,24.618509043819042,16.991304405882545,12.007664011661731
qb_017046,external_regulation,37.913327657214936,-23.834562931219082,-25.07069746594814,62.98402512316308
qb_017046,legality_constitutionality,-12.560849815958985,-22.92440537881798,-16.165475485693044,3.604625669734059
qb_017046,policy_prescription,9.4683146952257,-43.75744601591884,-23.083366782735784,32.55168147796148
qb_017046,political,-1.4605939652821778,21.70309227413051,20.322221191069247,-21.782815156351425
qb_017046,security_and_defense,40.38018984014111,-20.542450501884574,-18.73176207044827,59.111951910589376
qb_017055,capacity_and_resources,-17.82834246764715,10.17016749254684,24.580600756228197,-42.40894322387535
qb_017055,fairness_and_equality,24.25018309640714,4.205406172263868,7.453795136157788,16.796387960249355
qb_017055,legality_constitutionality,3.6954433086546703,-20.648455758885902,-26.545352545677225,30.240795854331896
qb_017119,legality_constitutionality,-6.546618919896368,-33.538188875590414,-18.03264313681799,11.48602421692162
qb_017119,security_and_defense,-6.019855154441091,-32.51982016295956,-20.40932196542125,14.389466810980158
qb_017128,fairness_and_equality,9.56464182968984,22.440180919495656,-24.78416539541825,34.34880722510809
qb_017128,legality_constitutionality,12.694721867514225,-25.479378014268637,-17.507231714562195,30.20195358207642
qb_017128,political,39.94779067076064,24.83421008642342,-5.566364016450718,45.51415468721136
qb_017167,health_and_safety,11.536452346211165,39.477076230538295,38.4281437609475,-26.891691414736336
qb_017167,political,6.656601331421972,12.221623670064814,2.6005855994300426,4.056015731991929
qb_017167,public_sentiment,32.22276177423999,-1.8988679558246355,-3.1627594228132,35.385521197053194
qb_017250,crime_and_punishment,37.052100614607255,9.391664128774483,-5.273805175784331,42.32590579039159
qb_017250,external_regulation,-3.776662994551234,24.88164689743706,-29.73688750029361,25.960224505742374
qb_017250,legality_constitutionality,60.70920871557937,5.424716002720255,-4.3774231829629775,65.08663189854235
qb_017250,policy_prescription,15.075885555453404,-18.436780827566192,-13.979174622937503,29.055060178390907
qb_017250,political,74.49440279427844,0.38001465302771015,-23.425871658635508,97.92027445291396
qb_017303,political,39.82089284990879,23.73399727723537,16.28959332311478,23.531299526794008
qb_017303,public_sentiment,36.87466135816809,-22.698038850775255,-7.4973199233791155,44.37198128154721
qb_017334,legality_constitutionality,37.29189445471243,-42.10264233429208,2.3780717883838296,34.9138226663286
qb_017334,political,-6.944307350452529,19.53869957123554,-19.501138792300477,12.556831441847947
qb_017378,economic,60.63096159434215,-12.960025223807456,-23.046675487221187,83.67763708156335
qb_017378,policy_prescription,52.29281478537959,27.905556661458867,-4.996677871154846,57.289492656534435
qb_017378,political,26.68665598772767,-5.963125629278474,7.59462733024118,19.092028657486487
qb_017394,crime_and_punishment,32.4142371784125,-30.98427939948557,-21.587485081970954,54.00172226038345
qb_017394,political,24.5410331129901,32.20635947208192,-5.208893591734471,29.749926704724572
qb_017394,security_and_defense,4.1566863156547775,10.433912752601445,21.337337726307457,-17.18065141065268
qb_017395,capacity_and_resources,48.381274458646544,20.62425059746526,-24.817415818687444,73.19869027733398
qb_017395,economic,37.07077621684388,-19.497644271890223,-26.635302365643586,63.706078582487464
qb_017395,policy_prescription,3.444290929042787,15.351771400295723,-2.9711364544566776,6.415427383499464
qb_017430,health_and_safety,27.079827853990857,-23.796025844043847,19.080753585807358,7.999074268183499
qb_017430,political,50.89707582791436,28.903295047028276,8.222674810204524,42.67440101770983
qb_017430,public_sentiment,38.93901492161834,29.127289196326675,5.336889406288469,33.60212551532987
qb_017459,capacity_and_resources,14.708748437045102,-5.869091969708639,-32.53249339389858,47.24124183094368
qb_017459,economic,32.87249576920907,-30.968327527998266,-22.14342986961085,55.015925638819915
qb_017459,external_regulation,37.54759658708056,-11.380494904548648,-33.636868525848755,71.18446511292932
qb_017459,morality,11.46116733281141,-12.520046716684536,-3.7022946560127434,15.163461988824153
qb_017459,policy_prescription,3.9297100991455856,5.140145634321082,-9.519171747504684,13.44888184665027
qb_017459,political,19.65187942843144,36.837750717106225,6.646282517763302,13.005596910668137
qb_017459,public_sentiment,-20.14911450735189,-23.855372366709446,-34.504936889998376,14.355822382646487
qb_017459,security_and_defense,24.46859142238673,-22.765413604975866,-13.51137630740975,37.97996772979648
qb_017477,capacity_and_resources,32.050516881265125,22.715786236936943,-0.31169574652820553,32.36221262779333
qb_017477,health_and_safety,55.835206168913885,43.40352158572091,14.965131978031131,40.870074190882754
qb_017477,policy_prescription,8.019644739250253,-8.978930678343136,-18.050131993150536,26.06977673240079
qb_017477,political,27.121218530160213,23.773459239784984,28.102824259571108,-0.9816057294108944
qb_017477,public_sentiment,34.415271845098474,19.55978567007555,-25.944334626892523,60.359606471991
qb_017540,economic,51.42839847209809,11.477808315908826,-23.003640900536055,74.43203937263414
qb_017576,capacity_and_resources,7.462139999465003,-35.56253760630068,-16.63777753406954,24.09991753353454
qb_017576,economic,-19.4879180932132,5.453654065213652,-3.378286947521276,-16.109631145691925
qb_017576,political,21.10985110827226,-30.531287568802192,-18.35413064880555,39.46398175707781
qb_017579,capacity_and_resources,30.30931525646682,20.05578700960039,-12.43239494595391,42.741710202420734
qb_017579,economic,55.94570650989564,13.268270378958762,-11.045364899360274,66.99107140925592
qb_017579,fairness_and_equality,41.39875097106078,39.876009033121186,-23.94259785902845,65.34134883008923
qb_017579,health_and_safety,82.62569177180755,59.068631917668995,9.9997471948157,72.62594457699186
qb_017579,policy_prescription,-0.5189651343675441,14.076578867700867,-30.63251480491623,30.113549670548686
qb_017579,political,54.943735014752455,45.49253077816382,16.973046070310822,37.97068894444163
qb_017579,quality_of_life,58.26683002960151,27.499772311990846,-40.92309547994391,99.18992550954542
qb_017585,external_regulation,8.157562216581962,35.18756859922539,7.303520920135726,0.854041296446236
qb_017585,policy_prescription,29.891337758864946,-6.998648425847078,0.5998925598330507,29.291445199031894
qb_017585,political,11.807066680334003,37.64873045853215,-14.57152224236004,26.378588922694043
qb_017585,security_and_defense,22.18579151811768,15.778793435255398,-11.233506885623743,33.41929840374142
qb_017595,cultural_identity,47.913814914794514,26.985879738355273,-7.207350830321422,55.12116574511594
qb_017595,fairness_and_equality,30.963693749747783,32.226443421202426,2.584715314724881,28.3789784350229
qb_017595,legality_constitutionality,-16.8876631751643,-3.8479188432425944,4.620473181331201,-21.5081363564955
qb_017595,morality,44.222236396714074,-1.886325061022041,7.387080662356434,36.83515573435764
qb_017595,political,6.56046029668668,24.87801320532536,-16.294659879167796,22.855120175854474
qb_017595,public_sentiment,7.358784575672001,41.89329609690472,25.193008475058274,-17.834223899386274
qb_017615,economic,31.011711936497687,-16.060877707118493,21.528959155915167,9.48275278058252
qb_017615,public_sentiment,47.76832136042904,5.7552466258159924,-7.2854071843499,55.05372854477894
qb_017622,political,2.7773120881357225,15.120705532682216,-5.676378608457149,8.453690696592872
qb_017622,public_sentiment,31.980035991573885,-23.57592842138793,13.993340970456408,17.986695021117477
qb_017682,capacity_and_resources,15.402613585167295,0.5316405038049669,-9.68636222918708,25.088975814354377
qb_017682,external_regulation,48.71730044719928,-21.86743238509025,-9.683734317974718,58.401034765173996
qb_017682,health_and_safety,47.96340986022841,-11.831078848487358,-10.293718263882331,58.25712812411074
qb_017682,political,12.517302127063248,11.456778434260467,-34.6954732728704,47.21277539993365
qb_017682,security_and_defense,26.518137628470797,-26.96792867770718,-15.295451593855764,41.81358922232656
qb_017702,political,-11.650871876736394,-0.6334267964682561,-17.92026617646341,6.269394299727017
qb_017702,public_sentiment,-4.421311936690048,30.595533416988058,-23.578377181623505,19.157065244933456
qb_017708,capacity_and_resources,0.06646739202409901,25.097451957821384,-2.5379693392335074,2.604436731257606
qb_017708,economic,70.45177174837386,-24.073576978526678,-22.42177876423912,92.87355051261298
qb_017708,policy_prescription,-15.35138995702468,-26.77174645194066,-29.161713458749198,13.810323501724518
qb_017708,political,17.189285130766056,21.123971428880992,5.4166915028614016,11.772593627904655
qb_017711,policy_prescription,14.180480510971295,-15.499798980360456,1.7029821536343352,12.477498357336959
qb_017711,political,-20.285171436418466,26.473003378556943,29.48296504951966,-49.76813648593813
qb_017763,morality,53.72863881102455,-12.982430966580585,-11.311734620130458,65.04037343115502
qb_017763,political,-17.3433705654377,12.4171447911314,-22.32599181139153,4.98262124595383
qb_017763,public_sentiment,11.970401769162129,26.95901817984005,30.871677140981497,-18.901275371819366
qb_017798,crime_and_punishment,-2.224887561215077,24.052300099700712,-20.298417280863543,18.073529719648466
qb_017798,legality_constitutionality,26.763462639630006,-9.189870675334102,-18.18764565642025,44.95110829605026
qb_017798,political,27.508834370136174,-7.674094702789323,-20.95588207672559,48.464716446861765
qb_017798,public_sentiment,53.15790054601049,10.367789698442515,8.569502601402393,44.5883979446081
qb_017798,security_and_defense,-3.3231012919294853,1.7978055476211858,-18.129313148244837,14.80621185631535
qb_017800,crime_and_punishment,30.477675685241707,-6.58652051865313,-8.73605207137236,39.21372775661406
qb_017800,economic,23.148099590438623,-23.552138145604747,13.647872346026945,9.500227244411677
qb_017800,external_regulation,11.646767074390258,32.905148364137446,13.170878769129915,-1.5241116947396574
qb_017800,security_and_defense,24.50595462858005,-7.846628273382746,-23.944771391420392,48.450726020000445
qb_017820,capacity_and_resources,23.0846527976796,12.850886303188439,-4.606427993599375,27.691080791278974
qb_017820,economic,53.85024211901082,-33.324890161869774,-26.95745437614161,80.80769649515243
qb_017820,health_and_safety,26.398469812030488,0.18009737379363555,-1.2838836829305136,27.682353494961003
qb_017878,political,-14.295832422436261,8.17293174374908,17.312807047090217,-31.60863946952648
qb_017878,public_sentiment,9.371169063049132,19.042214279429682,20.43953208009744,-11.068363017048307
qb_017925,economic,43.2496784596079,-20.994111539075313,-25.003355277757677,68.25303373736557
qb_017936,morality,-18.898058481870773,-25.90901934528932,-22.839409062250983,3.9413505803802096
qb_017936,political,20.06799949805172,21.388781285389527,-14.480071422469711,34.54807092052143
qb_017936,public_sentiment,9.567087527242906,-30.373619963464645,-17.062740965472557,26.62982849271546
qb_017953,capacity_and_resources,36.58929623509098,15.460433019764357,-17.860462851858674,54.449759086949655
qb_017953,economic,17.25837928454831,-37.979131326121404,-21.580412050302815,38.83879133485112
qb_017953,legality_constitutionality,18.939530478484844,-24.431585353033682,-26.761442964081912,45.700973442566756
qb_017953,policy_prescription,12.06655427872281,3.031718044633613,-21.96686545830715,34.03341973702996
qb_017953,political,13.206343699735848,11.329157533948845,-23.018718194733896,36.22506189446975
qb_017974,capacity_and_resources,17.500447835738534,23.0647336156478,-2.857705357651146,20.35815319338968
qb_017974,economic,48.12647089249504,-34.26982440804744,1.8753439694809242,46.25112692301412
qb_017974,political,39.281180808439,11.683128453077414,-13.238729820603053,52.51991062904205
qb_017974,quality_of_life,61.45957305312988,36.799945874841384,5.2433348636319295,56.21623818949795
qb_018027,capacity_and_resources,20.968420319131663,18.827406562919098,-8.412533819677137,29.3809541388088
qb_018027,external_regulation,50.625689439012454,4.988555977186273,-0.7866229442254122,51.41231238323787
qb_018027,policy_prescription,18.699429741674074,36.56766006731723,-6.09649987519074,24.795929616864814
qb_018027,political,30.875822009192017,17.42042970985108,7.0975171504054515,23.778304858786566
qb_018027,security_and_defense,31.873010936165088,-5.399040033748137,-21.34445640817249,53.21746734433758
qb_018041,capacity_and_resources,11.310313308977673,35.39834237351488,3.511757403260761,7.798555905716912
qb_018041,quality_of_life,48.727129222830904,-1.9570750315403673,-18.426886710879483,67.15401593371038
qb_018042,capacity_and_resources,71.7077224238962,45.33608119663908,32.099898851294874,39.607823572601326
qb_018042,health_and_safety,79.40608649541508,18.8466246803213,18.35539824072776,61.05068825468732
qb_018042,policy_prescription,49.962999702555365,4.1227316760391854,25.09415108526831,24.868848617287053
qb_018042,public_sentiment,53.45535180812501,-8.267824955991069,-18.379311878647368,71.83466368677237
qb_018042,quality_of_life,37.71853686401477,18.327828943591946,-0.06639796373195717,37.78493482774673
qb_018079,cultural_identity,8.021163463564374,20.822391087154568,-17.385366968784044,25.40653043234842
qb_018079,political,33.34784961041313,35.976877018230745,-1.9882532871909024,35.33610289760403
qb_018079,public_sentiment,52.99718931694062,4.942523103652105,12.430605769985176,40.56658354695544
qb_018122,political,-0.9177609393625962,26.970187943401555,-5.9171056328332705,4.9993446934706744
qb_018122,public_sentiment,33.95091002996581,-5.324950322466838,2.2251121721982052,31.725797857767606
qb_018122,security_and_defense,26.054621935942272,-27.968545400713808,-18.19102512308118,44.245647059023455
qb_018162,capacity_and_resources,-11.70048585751472,20.472178262445375,5.561823696509025,-17.262309554023744
qb_018162,cultural_identity,-13.849628553130378,15.240011776357528,-19.8572875742519,6.007659021121521
qb_018162,policy_prescription,31.47359217806993,-31.764868338921165,-31.22509761720562,62.69868979527555
qb_018162,political,-0.3748052686077582,26.68222532507085,-8.22771552570103,7.852910257093271
qb_018162,security_and_defense,36.38953951211415,-22.502473743496395,-19.16237049549594,55.55191000761009
qb_018184,fairness_and_equality,18.104322377422893,39.56140950187457,-10.856957736716781,28.961280114139676
qb_018184,morality,52.63423663421048,0.6548035669860555,8.247491337698593,44.38674529651189
qb_018184,political,16.210938325841795,23.026984489818002,4.439596469036825,11.77134185680497
qb_018198,legality_constitutionality,17.00212619244532,-14.075915772537156,-16.48158448103952,33.483710673484836
qb_018198,political,22.51676577841803,33.82831717038234,17.1871732481575,5.3295925302605305
qb_018217,cultural_identity,37.324754190568946,39.897050065403974,-22.986698293321126,60.31145248389007
qb_018217,political,22.67755139756215,35.878857330939816,-3.415033712037734,26.092585109599884
qb_018217,public_sentiment,57.18971555699383,-17.313363418157106,-14.924797833106934,72.11451339010077
qb_018220,morality,26.524185701405255,-8.518030849049607,-1.2566286467601229,27.78081434816538
qb_018220,policy_prescription,24.289146367746856,1.675392895189522,-2.3593175424745385,26.648463910221395
qb_018220,political,-11.489538151216284,9.346365871706338,-4.954694743945664,-6.534843407270619
qb_018222,health_and_safety,69.71335832773208,-0.0020929311172822596,-13.814765268131383,83.52812359586346
qb_018222,policy_prescription,22.406352308350176,13.104116830963656,11.811567368386857,10.594784939963318
qb_018239,crime_and_punishment,27.04181643171482,36.42607952865961,27.474661544637158,-0.43284511292233674
qb_018239,cultural_identity,43.888768169121605,39.773652381090564,-13.716258802423393,57.605026971545
qb_018239,morality,60.1015751533818,-5.922735097975806,-20.741357685090424,80.84293283847222
qb_018239,political,31.577416288133758,24.227795747012003,3.5762012387950817,28.001215049338676
qb_018239,security_and_defense,46.7464407575575,37.925967251160586,-26.418059012139114,73.16449976969662
qb_018254,cultural_identity,6.105815161391305,-5.520837152103455,6.377530578645815,-0.27171541725450954
qb_018254,policy_prescription,13.286301490257964,12.075979792510534,-35.20271446017153,48.48901595042949
qb_018254,political,-9.685715420874617,10.53906374689451,6.48663388532846,-16.172349306203078
qb_018254,public_sentiment,-23.327044011199792,-15.423131464867721,3.4954400416889975,-26.82248405288879
qb_018312,capacity_and_resources,50.40691860833083,22.049474728290825,44.47826995603001,5.928648652300815
qb_018312,health_and_safety,68.06628966561483,40.679120976830234,25.387679562722678,42.67861010289215
qb_018312,policy_prescription,33.69013760956276,25.18460893653151,46.839679476504436,-13.149541866941675
qb_018312,public_sentiment,52.84694748274648,0.7431171401293024,-11.67305024464463,64.51999772739111
qb_018321,crime_and_punishment,30.29737870130865,24.58951451488942,-6.3988280754698,36.696206776778446
qb_018321,legality_constitutionality,-1.6465187757897344,-22.524591980984223,-42.425153060584876,40.77863428479514
qb_018321,political,-13.08839987650932,17.100496957551627,31.916892418590436,-45.00529229509976
qb_018321,public_sentiment,61.98334302113966,-25.342768045849247,-35.92461845798771,97.90796147912738
qb_018321,security_and_defense,-5.305673258840997,-22.888809933576553,1.2339487323742508,-6.539621991215248
qb_018354,capacity_and_resources,47.06927275054847,-5.38108653686593,-7.921920716427592,54.991193466976064
qb_018354,health_and_safety,51.35190363097139,65.41965155755055,23.856205729563982,27.49569790140741
qb_018354,policy_prescription,48.52951891662808,2.161140901949918,-12.950837156852476,61.48035607348055
qb_018354,quality_of_life,57.22169843152833,36.29675733351516,10.99933704626469,46.22236138526364
qb_018386,crime_and_punishment,1.4649148878947784,16.031021556767165,10.431697568337377,-8.966782680442599
qb_018386,legality_constitutionality,14.091743109976951,0.3141861030233355,-15.50793372059303,29.599676830569983
qb_018386,political,30.18937298122624,25.21767188686138,-2.8447532077058857,33.03412618893213
qb_018386,public_sentiment,-10.991178177847802,-21.74277243948367,29.601937196879422,-40.593115374727226
qb_018422,external_regulation,9.722861724751391,-4.678017990245749,11.98543660842311,-2.262574883671718
qb_018422,political,34.932164822384465,21.85363593621647,-13.94227406174043,48.8744388841249
qb_018422,security_and_defense,59.50271236807983,-12.46800647887486,-15.4606407148902,74.96335308297003
qb_018463,legality_constitutionality,20.06477663633337,-12.012355579980511,-29.892086352210693,49.95686298854406
qb_018463,morality,-2.7253480863653143,-31.418136349422678,-25.628387155661635,22.90303906929632
qb_018463,political,-0.035704299355932334,-4.149746546316969,-10.169963976196383,10.13425967684045
qb_018463,public_sentiment,6.911468639430162,9.400903637700983,14.293811429292486,-7.3823427898623235
qb_018483,capacity_and_resources,56.66995187370773,35.51383573546806,5.117995130691711,51.55195674301602
qb_018483,health_and_safety,71.14789649958253,49.76042143211206,10.669500011273367,60.47839648830916
qb_018483,policy_prescription,52.67628967535193,8.040239015604268,11.456135757094444,41.22015391825749
qb_018497,capacity_and_resources,44.97955860534907,24.794168161730894,24.796228468911238,20.18333013643783
qb_018497,health_and_safety,43.16896074296797,50.730724747632706,44.478036051078476,-1.3090753081105078
qb_018497,morality,-24.19734049280939,-27.442388414258314,11.037896068551747,-35.235236561361134
qb_018497,policy_prescription,26.254627996616712,-12.863185919294411,6.0150357993398185,20.23959219727689
qb_018497,political,-9.680761565820529,17.99914508772681,-16.207983423487942,6.5272218576674135
qb_018504,crime_and_punishment,26.168418316553556,22.94031477480385,-16.99068884446868,43.159107161022234
qb_018504,policy_prescription,26.79311245562186,12.118580285447944,15.15053619374192,11.64257626187994
qb_018504,political,-7.93838338028075,32.65141775126557,-11.456344149002778,3.517960768722028
qb_018504,security_and_defense,31.58502842813528,13.584243551450447,5.574782282806071,26.010246145329212
qb_018511,capacity_and_resources,7.244645627699109,8.821785456190788,-5.425161468441798,12.669807096140907
qb_018511,economic,35.54670602675028,-32.563299437617296,-42.37393537094941,77.92064139769968
qb_018511,policy_prescription,-23.411090990376046,-17.759388329134975,-16.31336632293147,-7.097724667444577
qb_018514,cultural_identity,18.871206162066176,18.869708314949516,-29.486682379653594,48.357888541719774
qb_018514,legality_constitutionality,12.908195113125009,28.678561004599068,-5.74979198644006,18.65798709956507
qb_018514,political,62.5539870298866,-14.593444482713492,24.919607587021034,37.634379442865566
qb_018528,capacity_and_resources,74.89788732272532,29.012907673625566,-8.867013420000335,83.76490074272566
qb_018528,economic,52.39713617419275,30.227133618461227,-13.264045346454157,65.6611815206469
qb_018528,external_regulation,23.5156851366713,37.38809987986979,23.800256591167223,-0.28457145449592147
qb_018528,quality_of_life,57.857152027199966,25.76257246304568,15.503570493305123,42.35358153389484
qb_018528,security_and_defense,31.743881516312957,-3.8023425695535007,-18.321565845443534,50.06544736175649
qb_018537,fairness_and_equality,23.657516943909574,16.54699485403251,-9.12569177038775,32.783208714297324
qb_018537,morality,22.484623101491852,-22.43252397256838,-24.385758917610737,46.87038201910259
qb_018537,policy_prescription,23.29124514444928,2.2343786652574504,-30.102930742924123,53.39417588737341
qb_018537,political,-8.03729861653739,18.01283139072852,-2.159558647360409,-5.8777399691769805
qb_018537,public_sentiment,32.91465048224123,-20.138185738136244,18.552881859435445,14.361768622805783
qb_018539,external_regulation,19.778977076863857,22.24270306931495,-39.356010233809386,59.13498731067324
qb_018539,political,36.71064101861156,-11.06969640893464,17.49967558470579,19.21096543390577
qb_018539,security_and_defense,7.303930319148234,-30.1034562720127,-10.223982401539592,17.527912720687826
qb_018687,economic,20.078715520573308,-10.547858449324545,-13.428227339279513,33.50694285985282
qb_018687,fairness_and_equality,10.523837813628232,-20.533340569072365,-8.510379690444942,19.034217504073176
qb_018687,legality_constitutionality,-5.451167570579411,-9.769763914265642,-1.7204930540029242,-3.730674516576487
qb_018687,political,-4.236535649084803,19.14314862097969,-17.82083572066319,13.584300071578387
qb_018729,economic,14.326767114834748,34.478248101293026,-43.706254787262466,58.03302190209722
qb_018729,quality_of_life,19.185882158542572,24.09214627728775,25.94308338106947,-6.7572012225268985
qb_018775,economic,5.89793434004095,25.170644494710835,-24.66238781582336,30.560322155864313
qb_018775,fairness_and_equality,44.038252192054394,-2.405201120105832,-18.057584744990628,62.09583693704502
qb_018775,health_and_safety,76.23661812147455,91.4420297074782,50.187962745825956,26.048655375648593
qb_018775,policy_prescription,43.697522262902034,-16.78597102979132,-28.386556029006012,72.08407829190804
qb_018775,political,3.132644193443401,1.6386583337114615,7.7554826791922205,-4.62283848574882
qb_018800,crime_and_punishment,11.740416349968884,-25.0172004338428,15.376382657626602,-3.6359663076577178
qb_018800,cultural_identity,26.222025891699186,31.76479304375724,0.29559772626973313,25.926428165429453
qb_018800,external_regulation,-2.5992594433046525,22.45908667720989,17.919621653340617,-20.51888109664527
qb_018800,morality,28.40592546986642,-25.436937867045245,20.31603390606542,8.089891563801
qb_018800,policy_prescription,-11.731408119162051,9.005561685432852,14.704384583474033,-26.435792702636085
qb_018800,political,22.93305697747921,13.695772025830479,-12.192531465879721,35.125588443358936
qb_018800,public_sentiment,50.505194187267215,-10.495580570026908,19.13158646961614,31.373607717651076
qb_018803,health_and_safety,35.99617274687323,21.46549135613134,-12.636185316168193,48.63235806304142
qb_018803,legality_constitutionality,21.308174012735687,-26.513325106894236,-3.504153427288153,24.81232744002384
qb_018803,political,3.0913491100342654,25.66508870156427,-6.571334277462208,9.662683387496473
qb_018838,crime_and_punishment,32.83967972285892,40.3559871153231,-18.529439879729168,51.369119602588086
qb_018838,legality_constitutionality,2.9584240169401923,-11.840257704638518,-7.013230735946067,9.97165475288626
qb_018838,policy_prescription,25.637787978989667,37.887837915262836,-25.998136997725567,51.63592497671523
qb_018838,political,5.730608986000076,14.905377287467843,-6.317831338577856,12.048440324577932
qb_018838,security_and_defense,5.829342501065554,-21.143450754559325,-12.244675950363638,18.07401845142919
qb_018853,political,10.27046079118178,34.977442923838154,-23.333055490870517,33.6035162820523
qb_018853,public_sentiment,24.424893853782095,34.6391668077034,23.230727165985048,1.194166687797047
qb_018916,legality_constitutionality,15.315736165071351,-22.956948706806354,-42.73369454422937,58.04943070930072
qb_018916,policy_prescription,6.6515798039955225,-10.438503234548556,-29.594224672768075,36.245804476763595
qb_018916,political,-16.875903530591444,-4.116904660291355,19.674426220536457,-36.550329751127904
qb_018950,health_and_safety,50.4969789264838,28.775112987493415,11.518338781281795,38.97864014520201
qb_018950,policy_prescription,41.929380047091676,-10.739884731051719,-19.402989110737543,61.33236915782922
qb_018950,political,2.9688965678851345,30.71967383224409,-19.374620597872628,22.343517165757763
qb_018972,cultural_identity,34.657588049447924,34.62236386388305,-14.850570178206674,49.5081582276546
qb_018972,fairness_and_equality,3.2621713517198896,24.39189670006543,-12.916506465277454,16.178677816997343
qb_018972,legality_constitutionality,27.947216203442537,-13.644946660257109,-27.57445618745356,55.5216723908961
qb_018996,economic,36.69563112349919,-7.709443389007813,-10.049893420383427,46.74552454388262
qb_018996,external_regulation,44.24241798637715,-16.607518958273204,16.574550948882933,27.667867037494215
qb_018996,political,24.21337080353967,28.304432133965097,28.988342276788433,-4.774971473248762
qb_019017,legality_constitutionality,0.8765026926062496,-10.548998493847197,-9.30851301883587,10.18501571144212
qb_019017,political,20.594142994429554,12.798426900259047,14.604729393997452,5.989413600432101
qb_019049,legality_constitutionality,3.4849362794101686,-31.269024809121795,-8.422004257430375,11.906940536840544
qb_019098,capacity_and_resources,33.19680594940808,14.54359658257844,-13.029219715455495,46.22602566486358
qb_019098,cultural_identity,16.427696802395687,-3.848088868065623,-14.34616614808148,30.773862950477167
qb_019098,economic,15.47838872344903,-6.118513763637278,-33.50799962354033,48.98638834698936
qb_019098,political,12.859855291253886,23.964480419616116,7.812508423369288,5.047346867884598
qb_019098,public_sentiment,-28.202205919727934,1.9790838442096619,-38.356886263417366,10.154680343689432
qb_019129,capacity_and_resources,16.127695156843547,7.798753240845234,-13.598499223807515,29.726194380651062
qb_019129,economic,43.757199533199945,11.144033237081594,-27.6064297487467,71.36362928194664
qb_019129,policy_prescription,8.908621564043615,7.576968310543527,-3.9181138602616667,12.826735424305282
qb_019129,quality_of_life,17.24376346485602,9.962822071856131,17.11852587912556,0.12523758573045995
qb_019135,capacity_and_resources,2.8135102187196406,-6.8824091193993615,2.7801833205870166,0.03332689813262402
qb_019135,crime_and_punishment,52.87447254741996,-1.192415892867671,-27.4097066603206,80.28417920774056
qb_019135,legality_constitutionality,24.237528882541845,-23.96260127376805,-21.873864348711127,46.111393231252976
qb_019135,political,40.62617800026633,11.54453519978243,10.910894377557902,29.715283622708426
qb_019135,public_sentiment,49.92673690152147,-33.53069074614637,-44.682413551271914,94.60915045279339
qb_019149,crime_and_punishment,36.63524951266969,-3.53669473075281,-12.93982991925709,49.57507943192678
qb_019149,security_and_defense,35.3785007984113,20.190128777772284,-18.4495354512945,53.828036249705804
qb_019157,economic,17.738953438101404,41.96677637330279,3.8202727895409545,13.91868064856045
qb_019157,fairness_and_equality,49.93584000101605,34.99097103877152,-10.739202992637265,60.675042993653314
qb_019157,political,41.00895029463713,20.986645584720062,-0.3759539952811431,41.384904289918275
qb_019205,cultural_identity,19.6010077741387,13.50861916541514,-2.763049479192857,22.36405725333156
qb_019205,morality,26.75048746018185,-12.19468566317393,-5.994541050909769,32.74502851109162
qb_019205,political,24.972441445169377,21.880441018751018,-3.5137794975434886,28.486220942712865
qb_019236,political,23.753894087225554,40.040881885839596,-8.426544348419483,32.18043843564504
qb_019236,public_sentiment,33.802142750329956,33.122955094390136,-16.685840404248545,50.4879831545785
qb_019240,health_and_safety,69.58358111581536,16.293674863183476,-11.090372770484802,80.67395388630017
qb_019240,legality_constitutionality,-10.474718975310633,0.029942803405314355,-15.322965019483107,4.848246044172473
qb_019240,policy_prescription,21.566413264703026,23.505720095792732,-28.375660121312368,49.942073386015394
qb_019240,political,30.878814646541457,17.50374522687204,31.55615719998832,-0.6773425534468629
qb_019278,fairness_and_equality,26.18684973105734,40.93564070404276,-18.77770828458064,44.96455801563798
qb_019278,legality_constitutionality,51.1151520630285,-3.3919899332781966,-18.912025957559585,70.02717802058808
qb_019278,policy_prescription,20.847006007077784,36.35494663700468,1.2004448833207788,19.646561123757007
qb_019278,political,32.31711062544313,39.88578266791359,-5.872845228672901,38.18995585411603
qb_019278,public_sentiment,32.914821576386565,6.631313987700648,-6.485542934071007,39.40036451045757
qb_019323,legality_constitutionality,5.029058494421541,-12.83771907486612,-7.819826637214055,12.848885131635596
qb_019323,political,32.3153338115299,-22.5814715978145,2.2877338739013457,30.02759993762855
qb_019355,political,1.8360835771744632,23.71646865772118,4.10145866898497,-2.2653750918105064
qb_019355,public_sentiment,32.799193127372625,5.766655344983685,-19.98642999166167,52.7856231190343
qb_019419,capacity_and_resources,20.3232889117908,-1.9963299234254364,-17.800052990583655,38.123341902374456
qb_019419,cultural_identity,-3.3942634921158863,18.08271398448128,-4.977780456011548,1.5835169638956614
qb_019419,legality_constitutionality,-21.470793300747797,-21.528793992207703,-12.802315763533489,-8.668477537214308
qb_019419,policy_prescription,45.59187881075507,17.925885484458327,-4.67389468795709,50.26577349871216
qb_019419,political,26.101879833012944,21.42618574013393,-11.167256704882831,37.269136537895776
qb_019419,security_and_defense,44.16277524912975,-27.82219380629135,1.1151950287592989,43.04758022037045
qb_019440,capacity_and_resources,39.50696832194599,18.163864563410215,-16.208925816330677,55.71589413827667
qb_019440,economic,16.852615172388028,15.069667981266994,-1.4622668227614146,18.31488199514944
qb_019440,public_sentiment,14.497330038203081,24.64347660029774,13.171819245806516,1.3255107923965657
qb_019446,health_and_safety,53.21337644665825,6.126897149131686,-15.338621649837242,68.5519980964955
qb_019446,legality_constitutionality,23.14629010924614,-5.647665603968016,-6.198050867745118,29.34434097699126
qb_019446,political,19.505766687285597,-8.21190632772549,-15.928606648516475,35.43437333580207
qb_019446,public_sentiment,31.662766724084964,12.360912716628583,0.4048023841832302,31.257964339901733
qb_019453,legality_constitutionality,12.944549156019962,-17.553953069793646,-17.998101443870233,30.942650599890193
qb_019453,political,13.917396489580065,28.68594346720658,-20.967885543750796,34.88528203333086
qb_019458,capacity_and_resources,67.51869083094208,-8.04264541481795,4.3915084616899165,63.12718236925216
qb_019458,economic,61.55204110823786,9.031406386367006,-14.549522213380556,76.10156332161841
qb_019458,health_and_safety,55.253560508451834,7.872284879128313,43.07302767518399,12.180532833267847
qb_019458,political,11.596169105273285,-5.511431646487002,0.26540213672370233,11.330766968549582
qb_019458,quality_of_life,17.584528865859596,29.127512143152526,32.18223624601233,-14.597707380152734
qb_019458,security_and_defense,18.448736782051697,24.678373881473718,-8.158187255941252,26.606924037992947
qb_019496,economic,4.793329312194516,19.08911712257999,-3.8687420712810976,8.662071383475613
qb_019496,external_regulation,51.831624925483474,-17.793181232266498,1.7541651802718317,50.07745974521164
qb_019496,legality_constitutionality,37.971024462424545,-19.506262233885852,-10.317705800265548,48.288730262690095
qb_019496,political,12.343368176603326,31.467300832811592,-13.153690368853242,25.497058545456568
qb_019496,security_and_defense,37.13132276111563,-35.28306627581791,-18.044670371275274,55.1759931323909
qb_019519,economic,56.467208082155615,-16.759913380687518,-33.724671552682324,90.19187963483793
qb_019519,policy_prescription,9.72348239926336,5.94795918350999,-13.896273112304378,23.61975551156774
qb_019519,political,19.27113351246252,21.64434100589134,11.430689161125965,7.840444351336554
qb_019524,economic,20.692259728986897,-4.029842339540167,20.952812857820884,-0.26055312883398685
qb_019524,fairness_and_equality,2.9516296734331147,-0.3904999632178612,0.14004247748257947,2.811587195950535
qb_019524,policy_prescription,14.699663298222568,-2.430611651764825,-16.917167812763225,31.616831110985792
qb_019524,political,30.610219784984928,36.792958126163505,-18.250065331663592,48.86028511664852
qb_019531,health_and_safety,32.58810087515338,26.542215770315398,14.555163047803092,18.03293782735029
qb_019531,political,27.847717730498434,24.49735712508694,-20.64871777060879,48.49643550110723
qb_019531,public_sentiment,17.684428745716026,9.636866108179332,17.965672739195313,-0.2812439934792863
qb_019540,crime_and_punishment,37.7752102382687,12.804168676078934,-14.747774357355215,52.52298459562391
qb_019540,legality_constitutionality,37.18894732852613,-16.528688207704995,-21.570709604387574,58.75965693291371
qb_019540,political,-3.871047520665279,15.686244335245025,-19.53812253951352,15.66707501884824
qb_019547,morality,0.08580889343573123,-15.55029249395909,-2.254282089690602,2.3400909831263332
qb_019547,public_sentiment,32.88166112011138,-9.593145233232763,-21.02266964692014,53.904330767031524
qb_019554,crime_and_punishment,29.437353056110798,2.854012519974623,-2.172472238773401,31.6098252948842
qb_019554,security_and_defense,36.67659387137787,-33.250146163440306,-22.16363721059256,58.84023108197043
qb_019567,political,30.358291017617677,-23.400554902916554,-33.108662713772944,63.46695373139062
qb_019592,legality_constitutionality,10.987420452662443,-23.683247990797057,-31.837232598729784,42.824653051392225
qb_019592,policy_prescription,19.234764004075373,-16.534676977000615,-20.303733585918074,39.53849758999345
qb_019592,political,26.69559676556989,-22.043396440097734,-17.912444322958258,44.60804108852815
qb_019622,economic,12.317067272413539,29.18759425445051,5.185440975230147,7.1316262971833915
qb_019622,public_sentiment,11.869033548602829,39.28430957180111,21.30607020632166,-9.437036657718831
qb_019630,capacity_and_resources,24.751363094584672,36.70912440869713,30.997801716315518,-6.246438621730846
qb_019630,health_and_safety,60.50981542425379,41.86322370855051,15.505348198888367,45.00446722536542
qb_019630,policy_prescription,7.271267521358412,-11.663770372119078,0.3952762990601947,6.875991222298218
qb_019630,political,-4.244905168228261,-13.571550753671225,-17.32428525879968,13.07938009057142
qb_019636,economic,39.82351449984005,16.636966554844033,-22.22813221102358,62.051646710863636
qb_019636,external_regulation,26.31413089766929,35.19281326766013,-23.5030101442761,49.81714104194539
qb_019636,political,3.6134453589786695,8.905182425669844,14.991103793303338,-11.377658434324669
qb_019636,security_and_defense,21.14234840127793,-18.0364023768298,-27.27619762722547,48.4185460285034
qb_019653,capacity_and_resources,22.415946464373402,15.816059722220622,-16.105521989091653,38.521468453465054
qb_019653,policy_prescription,6.497152328319947,-9.714170485575572,-1.3247757627792283,7.821928091099175
qb_019653,quality_of_life,17.464616226400032,24.787234549382617,4.470597406951351,12.99401881944868
qb_019673,health_and_safety,44.51414805596898,9.952640356605626,34.96913300663349,9.54501504933549
qb_019673,legality_constitutionality,25.334335573963937,-23.352694553469377,-17.45751769092757,42.79185326489151
qb_019673,morality,27.645519154161512,-11.044437607454332,-25.673566325614892,53.319085479776405
qb_019673,policy_prescription,9.786483613681185,12.531581429766149,-6.822471526872992,16.608955140554176
qb_019673,public_sentiment,-16.807270579204836,18.18162937278419,33.10107062787742,-49.90834120708226
qb_019697,capacity_and_resources,39.13730618908877,-6.95141622577864,-14.173403484438607,53.31070967352738
qb_019697,other,-11.320954299834934,-22.308219371422805,-9.938955488849881,-1.3819988109850527
qb_019709,morality,20.796384904888164,-19.752172313873523,-9.31668241133481,30.113067316222974
qb_019709,political,6.165418384803534,17.07260630435032,-0.8536942433778367,7.019112628181371
qb_019709,security_and_defense,27.76043085407251,23.66007382747247,-18.346815400780557,46.10724625485307
qb_019712,economic,39.14902724737449,29.648695963854042,35.14767322957518,4.001354017799308
qb_019712,quality_of_life,52.977431379517,25.051069116287156,20.146216933315465,32.831214446201535
qb_019767,capacity_and_resources,24.717300839164697,16.674890841891987,-3.2693092663959904,27.986610105560686
qb_019767,economic,43.57566465301902,-13.127030076987221,-17.217408740243222,60.79307339326224
qb_019767,fairness_and_equality,65.43539864942049,51.38342470332202,12.61803286609596,52.81736578332453
qb_019767,health_and_safety,52.93204860851602,0.9040269565388466,34.55469022421528,18.37735838430074
qb_019767,legality_constitutionality,16.1663639477206,13.529220649184253,7.132770116962972,9.03359383075763
qb_019767,policy_prescription,20.032450202163485,3.9710843176334856,-10.646415262068002,30.678865464231485
qb_019767,political,52.19669054855936,46.40621240748352,47.91803366950941,4.278656879049947
qb_019767,public_sentiment,78.77074748781166,0.9881420175407603,26.735880574449983,52.03486691336168
qb_019776,crime_and_punishment,59.59686574139975,32.817346483519906,-25.239059671902645,84.83592541330239
qb_019776,cultural_identity,36.628051152265115,36.988693087882034,10.412397961847848,26.215653190417267
qb_019776,policy_prescription,13.71383533877475,8.795663133480938,9.799369792453177,3.9144655463215727
qb_019776,political,7.087022834863284,7.01849787255773,21.015406388086333,-13.92838355322305
qb_019776,public_sentiment,48.464136981078795,-11.031156477519106,-3.8534499948307963,52.31758697590959
qb_019809,economic,53.357499697434086,-19.013623255137578,-14.191341852849957,67.54884155028404
qb_019809,political,42.67552963663551,12.250996907806835,23.814632274446886,18.860897362188624
qb_019809,public_sentiment,3.9392750351568235,34.508588962602325,-15.964307031008838,19.90358206616566
qb_019823,legality_constitutionality,19.476287999046676,6.741055024618028,-2.9232267553949614,22.399514754441636
qb_019823,political,37.20904292970658,39.263091425322244,5.4678994210558445,31.741143508650733
qb_019834,crime_and_punishment,44.27706819868758,-15.35390167359593,-45.84076234836082,90.1178305470484
qb_019834,fairness_and_equality,-9.873109454424513,15.648006132354817,-10.615068914842302,0.7419594604177888
qb_019834,legality_constitutionality,-3.844318074832604,-1.5793767304523512,-7.213985335204396,3.369667260371792
qb_019834,morality,40.50912590375818,-17.27971484333523,-11.674808295090534,52.18393419884872
qb_019834,political,24.267521405364874,-11.77284606182152,-6.078869106076396,30.34639051144127
qb_019834,security_and_defense,42.810926702730455,6.495264171435132,-15.079724440457117,57.89065114318757
qb_019868,capacity_and_resources,22.44148326719132,5.906922783371433,10.70308507499856,11.73839819219276
qb_019868,policy_prescription,39.06538504024212,12.554874475725764,-10.051417908044195,49.11680294828631
qb_019868,political,50.53917083313391,30.856948437130086,22.799425530645742,27.739745302488167
qb_019895,economic,45.909460928841995,-27.695575504043887,-30.97710090031616,76.88656182915815
qb_019895,external_regulation,2.481117186447229,-29.37434972132839,-31.461807770275353,33.942924956722585
qb_019895,legality_constitutionality,-9.950781904254697,-16.97763576019161,-25.864317507418342,15.913535603163645
qb_019895,policy_prescription,12.359256407131513,2.960879533453312,-15.843983161598869,28.203239568730382
qb_019895,political,25.94234343170219,-8.383307749150868,11.53040024371556,14.411943187986632
qb_019895,security_and_defense,-5.746501005537917,-27.507445779609736,-8.604900369305385,2.858399363767468
qb_019901,capacity_and_resources,18.5922336853294,26.919888068996766,-17.60934573700367,36.20157942233307
qb_019901,political,38.07770730081102,20.885745527636878,-23.91075409784128,61.988461398652305
qb_019916,capacity_and_resources,43.58991528978511,-10.687254747218272,-12.838029359231118,56.427944649016226
qb_019916,cultural_identity,7.1085367341107,14.819357843321878,-26.145929040899755,33.25446577501046
qb_019916,external_regulation,15.32371441688998,13.950110867223394,-24.7501357103365,40.07385012722648
qb_019916,security_and_defense,54.13650590700077,-1.7071239169951062,-16.27230445308662,70.40881036008739
qb_019939,morality,32.44343290884757,-4.550426156229799,-0.628214826346936,33.0716477351945
qb_019939,policy_prescription,-1.0861821771536306,-10.600669390881798,-10.825244121476853,9.739061944323222
qb_019939,political,39.96566465316332,-9.627340446178868,-12.439991146590565,52.40565579975389
qb_019939,public_sentiment,28.21941590457844,-0.47039642891423383,24.079233025421626,4.140182879156814
qb_019963,legality_constitutionality,17.335445625402713,-11.995975652812078,-1.828088635607719,19.163534261010433
qb_020013,political,5.27394175751813,-1.742802417054563,-19.64446487073052,24.91840662824865
qb_020013,public_sentiment,35.45188459699219,30.002098669030936,-6.164157087957144,41.61604168494933
qb_020024,external_regulation,27.70405189528877,28.16482093641544,3.9363146770748076,23.767737218213963
qb_020024,policy_prescription,21.218075058129536,-12.403413014084538,-14.97444930178434,36.192524359913875
qb_020024,security_and_defense,45.00395310554132,-15.739340385532314,1.9262102152682155,43.07774289027311
qb_020047,capacity_and_resources,47.28409016236973,40.734746527000375,-17.7440152231903,65.02810538556002
qb_020047,economic,61.874213042502284,8.066569962355398,-11.792904403038023,73.6671174455403
qb_020047,health_and_safety,22.96423398051202,30.967105967890763,-26.230856059484488,49.19509003999651
qb_020047,policy_prescription,26.87303584895564,-13.937605463660324,-2.4804627905077963,29.35349863946344
qb_020047,political,24.23705470142944,23.123241326974433,20.322862355853598,3.9141923455758416
qb_020056,legality_constitutionality,13.82771935513686,-15.700642443994889,-34.809167927016006,48.63688728215287
qb_020056,political,28.252383742497113,17.93525163878851,2.8162865723749837,25.436097170122128
qb_020056,public_sentiment,15.992175933992545,37.67149467887877,61.06291033362802,-45.07073439963547
qb_020092,external_regulation,53.55769322015018,0.25389215716552443,5.342736873698495,48.214956346451686
qb_020092,policy_prescription,42.690250302832396,15.263745240943463,12.138953477086286,30.55129682574611
qb_020092,political,37.63004750599374,18.31453884830355,6.973653883454155,30.656393622539582
qb_020092,security_and_defense,33.09993264981297,-5.311296713508244,-7.218506941550527,40.3184395913635
qb_020108,crime_and_punishment,50.60412966575943,-6.334362869282201,-15.96395616559201,66.56808583135144
qb_020108,morality,10.728584762324,-14.97783460672217,-13.506465133523806,24.235049895847805
qb_020112,health_and_safety,84.10058396145811,56.78716368256136,43.15947011644175,40.94111384501636
qb_020112,policy_prescription,28.571608417032987,-5.161999251166588,-15.93285803594686,44.50446645297985
qb_020112,political,40.405957841538424,26.35484769774316,-23.947864739118874,64.3538225806573
qb_020112,public_sentiment,39.67395963926632,-12.585504950144884,-8.692298780115244,48.366258419381566
qb_020128,crime_and_punishment,1.6788912780091945,24.783558343533294,-27.807144371645272,29.486035649654468
qb_020128,legality_constitutionality,41.92888004130944,-10.27049726513499,-23.921386286418965,65.8502663277284
qb_020128,policy_prescription,38.32299070189956,20.570081600059005,-36.43419541063143,74.757186112531
qb_020128,political,39.73442791644086,36.660420470820775,29.014096056276514,10.720331860164343
qb_020128,security_and_defense,23.18813993596364,39.380194475229096,-6.6560955928596055,29.844235528823248
qb_020157,capacity_and_resources,31.112897886168145,23.1568518184837,-18.35569650272784,49.46859438889599
qb_020157,economic,51.55657909735354,-12.127115484511632,-30.08132121615243,81.63790031350597
qb_020157,health_and_safety,58.92342920629006,-0.05357780104605103,23.105128695937246,35.81830051035281
qb_020157,policy_prescription,-4.313896443866059,27.490830849598016,-11.513666283489489,7.199769839623429
qb_020157,political,27.802876184307575,-2.0035150258953327,4.121548152653561,23.681328031654015
qb_020157,security_and_defense,73.87096485488135,11.548207958114276,-0.2793492312468533,74.1503140861282
qb_020170,capacity_and_resources,13.3498572899896,33.86107886162068,4.255512856281154,9.094344433708446
qb_020170,crime_and_punishment,46.34089247442093,29.75715655183874,-10.374996076128925,56.715888550549856
qb_020170,economic,48.25390753501272,3.297088753598603,-2.0917646616359193,50.34567219664864
qb_020170,health_and_safety,51.034214238830614,69.60362495408694,31.147033660099314,19.8871805787313
qb_020170,legality_constitutionality,0.88193893989685,-4.733890215882326,-33.5802312386345,34.462170178531345
qb_020170,policy_prescription,60.83585741259484,13.285026646094991,-12.373481974945596,73.20933938754044
qb_020170,political,-5.433054165153011,-10.512541838829552,10.470969160942715,-15.904023326095725
qb_020170,security_and_defense,38.27530902002932,48.102864615279714,70.5373245515845,-32.262015531555186
qb_020181,crime_and_punishment,-0.0813333781514014,33.162662312557536,-9.676437449007356,9.595104070855955
qb_020181,legality_constitutionality,-13.336521059148557,-3.375077690427983,-33.79898613551422,20.46246507636566
qb_020181,political,3.4495760408790033,27.385314590330612,-15.302671828359912,18.752247869238914
qb_020192,cultural_identity,26.661115655056165,12.518869638343576,-15.566033132904675,42.22714878796084
qb_020192,fairness_and_equality,30.139964181931063,16.545134148825188,-4.294504070614431,34.43446825254549
qb_020192,legality_constitutionality,47.25920698433018,36.4437521509551,4.247545192869361,43.01166179146082
qb_020192,political,6.4638577216503705,10.447614405593537,1.9798826004006778,4.483975121249693
qb_020238,capacity_and_resources,22.988242411798346,22.589138973611455,17.582793772085203,5.405448639713143
qb_020238,health_and_safety,91.44912364400884,3.021872175551611,-2.275478546440643,93.72460219044947
qb_020238,public_sentiment,70.41749604837322,-18.83593211035036,19.01340757560309,51.404088472770134
qb_020254,cultural_identity,56.117663484849515,26.91464835535434,-1.2963007512502973,57.413964236099815
qb_020254,health_and_safety,65.18188539882519,58.12733984414316,9.46761507623759,55.714270322587595
qb_020254,morality,42.36549401103911,13.357517252335885,5.797543243048849,36.56795076799026
qb_020254,public_sentiment,7.510952657811181,36.99535939076126,25.96292599967919,-18.45197334186801
qb_020254,quality_of_life,65.1182429231407,40.42751558205271,43.00390323058665,22.114339692554047
qb_020259,crime_and_punishment,49.92974374965657,19.030867048090382,20.124043522689902,29.80570022696667
qb_020259,health_and_safety,9.295172836370392,3.887021977250593,27.71488931164256,-18.419716475272168
qb_020259,security_and_defense,-9.785100854571924,12.853980933550513,-5.384396503080648,-4.400704351491276
qb_020271,capacity_and_resources,43.101834034947245,28.831015400385056,16.55260769510373,26.549226339843514
qb_020271,crime_and_punishment,2.161577043086186,22.381294234605573,1.3334724518046326,0.8281045912815534
qb_020271,policy_prescription,19.460070598456657,-17.108540970414982,-2.54421092949656,22.004281527953218
qb_020271,political,27.937042928710415,-33.217748722124,17.177029981057654,10.760012947652761
qb_020271,security_and_defense,11.45739854588171,19.522850907711977,21.169286917210584,-9.711888371328875
qb_020278,external_regulation,8.819136776999164,2.912163254196738,9.296334274821195,-0.477197497822031
qb_020278,political,3.346814508946231,16.65569031894102,-1.601527296152969,4.9483418050992
qb_020278,security_and_defense,19.36823459550514,-19.072740736982254,-15.229231887887504,34.597466483392644
qb_020286,fairness_and_equality,34.85172633979721,38.593655232267395,-14.996709517173809,49.84843585697102
qb_020286,political,27.06259031285468,33.483072467402025,29.07123471274091,-2.0086443998862293
qb_020286,public_sentiment,4.1608637002962165,-24.864332894854563,-28.002136801385994,32.16300050168221
qb_020330,cultural_identity,46.90258916974265,24.035419224272445,20.694481012418894,26.208108157323753
qb_020330,legality_constitutionality,3.318750679475613,19.777590382548077,-1.0548839139994732,4.373634593475087
qb_020330,morality,60.380320974492,19.852869396321367,17.503961487504988,42.87635948698701
qb_020330,political,40.15413726129427,22.06018991360538,-5.9795057179012945,46.133642979195564
qb_020330,security_and_defense,29.719955916676255,-1.1257382072404665,16.54604341040715,13.173912506269104
qb_020352,economic,-5.957662810982631,3.125155288300893,4.151362678171417,-10.109025489154048
qb_020352,health_and_safety,54.435072996475164,38.985298363614355,33.35551842813263,21.07955456834253
qb_020352,policy_prescription,3.517195000133382,-10.063151652181283,-12.26722236681756,15.784417366950942
qb_020352,public_sentiment,43.18358229947363,-9.311486769747773,-0.7389190616803814,43.92250136115401
qb_020352,quality_of_life,47.26541121929454,38.34863016074602,23.44955424684085,23.81585697245369
qb_020359,external_regulation,35.50286628319837,-19.09574116634445,5.651460150764141,29.85140613243423
qb_020359,morality,0.6560647961321227,-10.0352000397981,-28.04816640375206,28.704231199884184
qb_020359,political,3.669894247875107,20.079606165646624,9.280870031585714,-5.610975783710607
qb_020359,public_sentiment,48.893020889743184,-8.678596277897675,-7.808194242458161,56.70121513220135
qb_020364,capacity_and_resources,14.501414075995005,5.800782167220718,-24.802990058120702,39.30440413411571
qb_020364,economic,32.4382979952824,-32.596765442687065,-6.906834098467574,39.34513209374997
qb_020364,policy_prescription,-3.373844851840458,1.2400161895995905,-37.990926440225685,34.617081588385226
qb_020364,political,13.851915817888838,11.613024052234618,7.984438115763373,5.8674777021254645
qb_020378,capacity_and_resources,17.70475187758721,-9.155573535236503,-7.535027529349125,25.239779406936336
qb_020378,policy_prescription,-2.9718058573230053,5.571360287200813,-12.285204102609182,9.313398245286177
qb_020378,political,17.32861459486606,-0.16032462836215444,-14.096373084508071,31.424987679374134
qb_020403,cultural_identity,-41.40753126280818,3.1702927271235604,-21.915204094471203,-19.492327168336974
qb_020403,fairness_and_equality,-20.219952329409626,-20.943614387016382,-18.37670849407114,-1.8432438353384875
qb_020403,political,-28.170629241607692,-25.23616879788234,-7.351994473186013,-20.818634768421678
qb_020403,public_sentiment,32.67114208107215,25.833257538293243,-19.477431086401364,52.148573167473515
qb_020486,external_regulation,43.51321808265563,24.82467437799999,6.56807319500112,36.94514488765451
qb_020486,morality,-0.2677630589431219,-16.432320264450304,-11.551141655332106,11.283378596388985
qb_020486,policy_prescription,2.634157450036812,23.966463716366214,8.33743814889196,-5.703280698855149
qb_020486,political,35.782296230167,32.43201384173572,-14.081801726891172,49.86409795705817
qb_020486,public_sentiment,46.760796695352916,-11.955603789249915,-2.995398654186926,49.756195349539844
qb_020486,security_and_defense,13.063198403775612,-30.222176853623996,2.2395013860025164,10.823697017773096
qb_020488,health_and_safety,46.91773008687511,65.16956613812542,18.527476254520796,28.390253832354315
qb_020488,legality_constitutionality,13.566321071876628,-9.547694167829647,-7.780483559605405,21.346804631482033
qb_020488,morality,42.80374980527544,1.217585937531863,14.105802802755187,28.69794700252025
qb_020488,policy_prescription,26.495418487676076,10.997332128650982,-4.630002253828559,31.125420741504634
qb_020488,political,9.07961078129948,39.26758093529011,21.322725885641656,-12.243115104342175
qb_020488,public_sentiment,49.258123899585044,14.262975863149721,-3.895607041897094,53.15373094148214
qb_020499,capacity_and_resources,45.87326618134359,-3.693206760005289,-12.851627685592819,58.724893866936405
qb_020499,health_and_safety,25.8855698313267,36.8669353772228,-31.475840389065386,57.36141022039209
qb_020499,legality_constitutionality,0.6849107898954809,-23.263690404317487,-0.4134941951835831,1.098404985079064
qb_020499,public_sentiment,25.410260229010447,24.49335656948874,-38.71947181711356,64.129732046124
qb_020523,fairness_and_equality,-11.864476175244224,-13.292269789588385,-13.247770768333009,1.3832945930887846
qb_020523,morality,-5.528863547946613,-29.560949718890008,-7.496055731243856,1.967192183297243
qb_020523,public_sentiment,-0.056064149486523385,-9.951915422226513,-30.025645045786767,29.969580896300243
qb_020540,capacity_and_resources,34.70146045935229,20.409376636998523,-10.13830413172928,44.83976459108157
qb_020540,crime_and_punishment,14.772901280144175,43.58441383944689,-6.004474628603379,20.777375908747555
qb_020540,economic,36.43533350591759,39.08246366092725,-17.69847993161442,54.13381343753201
qb_020540,legality_constitutionality,-2.6969695135771743,-5.349882399931669,-24.671161931320377,21.974192417743204
qb_020540,policy_prescription,-9.267185504281052,19.745956381825916,36.01978247237461,-45.28696797665566
qb_020540,political,13.277926867679945,25.38052872760581,-22.55396635147789,35.831893219157834
qb_020540,public_sentiment,-8.371178598366384,-19.9898623848882,-0.7959502208788052,-7.575228377487579
qb_020553,legality_constitutionality,-3.6395524140820443,-15.928277020520003,-30.958385707657378,27.318833293575334
qb_020553,policy_prescription,9.041126761520976,-1.8068373300441722,27.64605085361486,-18.60492409209388
qb_020553,political,39.473626660959354,28.38884358179664,-4.100271741358885,43.573898402318235
qb_020553,public_sentiment,22.212897701065174,30.53694101891617,-0.08439813894523224,22.297295840010406
qb_020553,security_and_defense,11.568851991154718,16.480453476460156,-9.206765983206544,20.77561797436126
qb_020582,crime_and_punishment,2.937167418300404,28.9362753683639,15.481362336653818,-12.544194918353414
qb_020582,fairness_and_equality,8.696465505975555,5.997159521019997,-9.897136622888093,18.593602128863647
qb_020582,legality_constitutionality,34.695016974954044,-12.10517875482694,-26.912063700515283,61.60708067546933
qb_020582,political,42.91966084535919,20.00909960720695,-16.64310652852326,59.56276737388245
qb_020582,public_sentiment,49.91786755524152,33.70451105269406,-22.988369963718068,72.90623751895959
qb_020582,security_and_defense,49.33906883319396,2.77064721766052,-1.912420560029561,51.25148939322352
qb_020612,political,-10.546243376631374,2.915496864385048,-0.28850984331157314,-10.2577335333198
qb_020612,public_sentiment,40.38037099525705,-10.40336407881354,15.985043714247707,24.395327281009344
qb_020630,capacity_and_resources,40.480193628541656,21.11985084503952,-24.62701812522588,65.10721175376753
qb_020630,economic,46.30528941508511,-25.385807757607342,-22.00592028089194,68.31120969597706
qb_020630,fairness_and_equality,39.837870401211276,43.68879529348493,-6.689787699218277,46.527658100429555
qb_020630,policy_prescription,44.5435938606805,-18.01343931250335,-13.773977155496564,58.31757101617707
qb_020630,political,39.38982979421437,-20.200606475069335,-1.1299361371020036,40.51976593131638
qb_020630,public_sentiment,35.03068576122115,-5.424739562456362,0.3560977061414301,34.67458805507972
qb_020645,policy_prescription,24.741844307991514,12.138730575522906,-4.467335863858769,29.20918017185028
qb_020645,political,-6.92174883691279,-14.252465982658048,-29.98281132875693,23.06106249184414
qb_020645,security_and_defense,6.366100973471428,16.321911419189348,-5.881507282862529,12.247608256333958
qb_020651,crime_and_punishment,41.88440631481328,-19.067047692567552,-29.198691257356707,71.08309757216999
qb_020651,legality_constitutionality,1.1385332526540437,-20.840357023482905,-23.249198054458056,24.387731307112098
qb_020651,morality,-3.942459141654253,-7.487097013240087,-47.2500666559514,43.307607514297146
qb_020651,policy_prescription,8.714211007945915,-11.773061324472316,-0.5255787491861104,9.239789757132025
qb_020651,political,41.541223472494366,-8.794117037205153,-15.845271781614146,57.38649525410851
qb_020651,security_and_defense,14.547703465472775,-14.550441506716757,-34.98751904292535,49.53522250839812
qb_020680,economic,57.95536108144563,32.42567949010736,-19.47062051293967,77.4259815943853
qb_020680,health_and_safety,48.74500051197816,50.11084021584944,-21.272594690081764,70.01759520205992
qb_020680,policy_prescription,54.4747207591251,-1.0228889258118126,-17.67433360732941,72.14905436645451
qb_020695,economic,-0.8387056674604785,43.39249285707334,10.280099860641206,-11.118805528101685
qb_020695,health_and_safety,26.291636173903264,9.033058824124346,-19.09624666588749,45.387882839790755
qb_020695,legality_constitutionality,14.05798787353936,19.60989591586621,-27.58472392717796,41.64271180071732
qb_020695,policy_prescription,-0.2217512941453975,12.013711832920603,-37.02231532634212,36.80056403219672
qb_020695,political,-23.79613745796334,4.300745602487636,-20.82166736951975,-2.9744700884435886
qb_020709,capacity_and_resources,52.53041465889296,1.2366696404386168,4.839134502095485,47.691280156797475
qb_020709,economic,60.51779456715524,-20.432938402653296,-22.606192806770398,83.12398737392564
qb_020709,policy_prescription,25.624871054218662,-7.30729440934571,16.65329553392276,8.971575520295904
qb_020709,public_sentiment,15.317920261300637,14.476786535315515,6.177539893829313,9.140380367471323
qb_020717,political,6.682276366550764,3.850754013766957,4.956516195762007,1.7257601707887567
qb_020717,public_sentiment,27.126741473520973,-30.890608750475106,-7.555084094434869,34.68182556795584
qb_020761,cultural_identity,43.89780695387481,29.611353704567875,37.76905513415382,6.128751819720996
qb_020761,legality_constitutionality,17.3248477104987,-24.08429208107225,-24.022675476483762,41.347523186982464
qb_020761,morality,15.094136651491963,22.48641597629624,3.6834736547605713,11.410662996731393
qb_020761,political,40.527336157395936,31.458550659588877,15.0946149439906,25.432721213405337
qb_020761,public_sentiment,20.42655671760247,-15.476850112476319,-17.063231353242436,37.48978807084491
qb_020811,external_regulation,11.483681216357418,-1.284254055888324,-25.843122851475584,37.326804067833
qb_020811,policy_prescription,7.514096000686253,7.012570910859566,-13.03637136402141,20.550467364707664
qb_020811,political,-14.25966156573366,-25.283431662515625,-4.485294085948168,-9.774367479785493
qb_020811,security_and_defense,-4.04440258792581,-24.742571692803985,-27.972505994113124,23.928103406187315
qb_020841,policy_prescription,29.18826725143849,26.55666194310314,26.85258831202825,2.33567893941024
qb_020841,political,17.305995833416993,40.125393975108885,-6.520760610778845,23.826756444195837
qb_020841,security_and_defense,44.57006777666522,11.482870102845645,-7.822702558267499,52.39277033493272
qb_020866,capacity_and_resources,-3.96558957250868,15.512992920420027,0.09326340064058924,-4.0588529731492695
qb_020866,economic,28.57752153359461,-19.17656564949984,-23.591746559518246,52.169268093112855
qb_020866,external_regulation,12.831030615278797,3.8867417800562016,-23.215149108150726,36.046179723429525
qb_020866,policy_prescription,0.9813559351917107,-3.4982471495244947,-11.559720515277352,12.541076450469063
qb_020866,security_and_defense,12.744576458202868,17.135063359474678,-24.574808028411475,37.31938448661434
qb_020879,cultural_identity,-5.0856952832979685,19.32745396534567,23.914890062775253,-29.000585346073223
qb_020879,public_sentiment,17.907127149879294,13.305477858661511,14.577016609238516,3.330110540640778
qb_020879,quality_of_life,19.589639601029468,10.082173255273252,6.741852051811182,12.847787549218285
qb_020879,security_and_defense,8.920136203925752,3.983814461524085,-12.489797999251286,21.409934203177038
qb_020897,crime_and_punishment,14.10890596759614,18.6873185191961,3.054494992041626,11.054410975554514
qb_020897,legality_constitutionality,-17.2860141978,-10.924851560779798,-2.973658213705892,-14.312355984094108
qb_020897,political,8.89880686936634,22.567266678877047,-22.824314314747177,31.723121184113516
qb_020897,public_sentiment,7.764669079709904,-20.667206091042736,21.556330908114727,-13.791661828404823
qb_020906,crime_and_punishment,-1.511322919104764,36.3900938493624,-15.064914508187146,13.553591589082382
qb_020906,political,14.432769990347357,-26.88309251745279,-9.818714001030688,24.251483991378045
qb_020906,security_and_defense,40.11343412307424,-6.535499894051148,-26.053258333850195,66.16669245692444
qb_020925,economic,51.58256843104685,-12.534061111194527,-25.549875726026507,77.13244415707337
qb_020925,policy_prescription,-28.817567708033035,17.4230804479105,-4.688783382654031,-24.128784325379005
qb_020925,political,12.004988630332505,15.5797726910188,-23.01660921298179,35.0215978433143
qb_020925,security_and_defense,30.739055637058755,-19.412578783156203,-1.5131045937556493,32.252160230814404
qb_020943,crime_and_punishment,16.65654854736821,10.613756946509882,15.747175909538853,0.9093726378293567
qb_020943,economic,46.22558707092864,17.216781051082833,-21.641862136786532,67.86744920771517
qb_020943,morality,37.51059179550065,-4.511205449793083,7.648161157315995,29.862430638184655
qb_020943,public_sentiment,44.44060637955318,-12.220185580696008,15.082805884878166,29.357800494675015
qb_020943,quality_of_life,43.43682402876697,24.458262431028203,29.31145900034782,14.12536502841915
qb_020948,capacity_and_resources,58.0267170221755,41.81600822937643,17.53471151217805,40.49200550999745
qb_020948,economic,44.068122767594154,17.694127443832922,-23.715844121496694,67.78396688909085
qb_020948,fairness_and_equality,75.57070877941429,55.848098670513735,13.407817457293287,62.162891322121
qb_020948,health_and_safety,65.16995098734533,-8.138383554900692,31.282414308012903,33.88753667933243
qb_020948,policy_prescription,44.87313055875944,32.9442132203314,-9.878074716904392,54.751205275663835
qb_020948,political,26.99487367900089,32.237984526360265,22.053624534319436,4.9412491446814535
qb_020948,public_sentiment,10.81832382278979,-20.229350717483353,14.270916356665463,-3.4525925338756736
qb_020958,cultural_identity,-8.97979689082433,4.378524269456048,-21.669831717264866,12.690034826440536
qb_020958,political,-12.44126017459948,17.8223980839607,10.935715384302242,-23.37697555890172
qb_020958,public_sentiment,32.09220737799726,-17.539585470125036,-16.50714698723291,48.59935436523017
qb_020958,security_and_defense,-15.048040148596495,3.4914491994086023,-17.609830966132158,2.5617908175356625
qb_020966,legality_constitutionality,33.32810465743569,-6.066474690257882,-19.55002189846754,52.87812655590323
qb_020966,policy_prescription,-5.131808934543058,31.67202151215491,-3.9261649862562322,-1.2056439482868262
qb_020966,public_sentiment,41.213464327241056,-10.74772589479242,45.3565536618378,-4.143089334596745
qb_020966,security_and_defense,30.764254477285412,-4.550722851178119,2.888609075135732,27.87564540214968
qb_020995,capacity_and_resources,62.27039520055603,24.320360483232626,3.9639062166869063,58.30648898386912
qb_020995,economic,49.20122422629365,30.65860764579093,7.298694870099068,41.90252935619458
qb_020995,health_and_safety,74.68659772331492,23.877788984503855,2.6164580399149204,72.0701396834
qb_020995,policy_prescription,27.094732566825186,19.72343972939956,14.749296625061183,12.345435941764004
qb_020995,political,60.1307856463535,26.936626004894872,13.254321936551616,46.87646370980188
qb_021006,crime_and_punishment,22.053431314817953,19.36860892208685,14.678644363996058,7.374786950821894
qb_021006,legality_constitutionality,59.077669684228084,-11.950505804944045,-9.082989280023138,68.16065896425123
qb_021006,security_and_defense,8.821060322989652,16.426698981123014,17.42557122051976,-8.604510897530108
qb_021011,political,19.572326670021585,24.76775622475022,1.03155897306582,18.540767696955765
qb_021011,public_sentiment,5.008530046572484,-21.934980830586415,3.3955461169255496,1.6129839296469344
qb_021019,economic,17.189747105229547,36.73267566833372,-0.7151509593216838,17.90489806455123
qb_021024,external_regulation,-15.686495344080845,11.353528455909052,-15.53383530851575,-0.1526600355650949
qb_021024,political,11.472260690788337,36.05782868297726,11.153615451437608,0.3186452393507295
qb_021027,capacity_and_resources,31.323183021032623,23.559949255938143,3.1478206569289227,28.1753623641037
qb_021027,health_and_safety,77.89689166171063,6.488389038716827,-6.492210785399988,84.38910244711062
qb_021027,policy_prescription,59.847427448712814,20.71531059550667,3.2125929281949337,56.63483452051788
qb_021027,political,70.67864441808254,43.44559055084806,1.6301370682487426,69.0485073498338
qb_021027,public_sentiment,37.52196408643282,-1.2616931446952586,31.180043918610572,6.341920167822245
qb_021049,capacity_and_resources,27.051854745924413,-18.229998698040617,-26.283639854666415,53.33549460059083
qb_021049,health_and_safety,-2.659823387511579,43.66325496675177,9.837048581039019,-12.496871968550598
qb_021049,policy_prescription,38.75626984486757,-16.51144230660888,17.11131052850615,21.64495931636142
qb_021049,political,15.0647091091311,39.46983029730171,37.29164073666876,-22.22693162753766
qb_021049,public_sentiment,-0.5506654155990529,46.555515587025624,-4.0479509459232395,3.4972855303241865
qb_021052,economic,6.237424837013133,-17.34959379632325,-20.44065380642923,26.678078643442362
qb_021052,fairness_and_equality,45.90239332019463,14.971346577803347,-0.03783963964078296,45.94023295983541
qb_021052,legality_constitutionality,33.61799951820883,-17.27338944584733,-22.240071536483338,55.858071054692175
qb_021052,morality,-0.06434294499587913,-8.697832135800173,0.6150863337832098,-0.6794292787790889
qb_021052,policy_prescription,-0.9095167704132694,2.9000695551862643,-24.669238810342357,23.759722039929088
qb_021052,political,41.22345779716826,21.67646983390131,-12.09200603796607,53.31546383513433
qb_021068,economic,53.74473676607311,-28.475148253699263,-29.42810843491601,83.17284520098912
qb_021068,legality_constitutionality,27.38604802324675,-15.517788416026704,-23.462587136820122,50.84863516006688
qb_021068,political,45.40972421026754,-24.08074471639666,-33.73761898997283,79.14734320024037
qb_021078,fairness_and_equality,9.912064211831563,-8.337179168070751,-9.811243487859947,19.72330769969151
qb_021078,political,-13.607776371355719,-21.060373855419133,-21.680238398026994,8.072462026671275
qb_021078,public_sentiment,-4.933676055664328,21.825725045015844,4.309632106566905,-9.243308162231234
qb_021083,morality,32.870730057926835,-3.5790644628101265,11.025736470411816,21.84499358751502
qb_021083,political,25.493532547746167,40.554825231305436,1.7237237350720782,23.76980881267409
qb_021083,public_sentiment,4.511584626315067,-7.484723152198254,13.037717534216931,-8.526132907901864
qb_021114,health_and_safety,35.642901462977214,39.69117056289386,27.03565964542408,8.607241817553135
qb_021114,legality_constitutionality,34.21969171584502,-15.135260597560793,-17.03677301537331,51.25646473121833
qb_021114,political,25.19773915042918,12.462562519818512,21.139545304526024,4.058193845903155
qb_021126,legality_constitutionality,9.675920176785551,-28.66859145336209,-31.23429321076566,40.91021338755121
qb_021126,political,4.969071632632533,-10.7876202628359,11.95513310995794,-6.986061477325407
qb_021132,cultural_identity,30.094673799497947,25.47539387900516,6.874049946812635,23.220623852685314
qb_021132,legality_constitutionality,4.834101731018611,-13.526229287026164,-25.24454085054991,30.078642581568523
qb_021132,political,29.777964175059456,25.19494287926292,-13.459045215319652,43.23700939037911
qb_021132,public_sentiment,24.091694026809186,7.179987079816509,-7.373599481617835,31.46529350842702
qb_021135,capacity_and_resources,39.42257005484078,2.1416362990624886,7.343698451380904,32.07887160345988
qb_021135,political,19.36459817124795,28.69704060750614,-2.908922928879649,22.273521100127596
qb_021135,public_sentiment,-3.7345765668663256,-16.901381011602375,3.3168744243940895,-7.051450991260415
qb_021141,health_and_safety,75.22400294664462,-0.7614008352731421,8.697181571263647,66.52682137538098
qb_021141,policy_prescription,32.76101609317467,-13.924631350277132,-2.2900427303964737,35.05105882357114
qb_021163,health_and_safety,23.979601635566663,39.478777673357236,44.44218507832961,-20.462583442762945
qb_021163,morality,20.440690161530128,-9.07641584088692,-17.003556841382448,37.444247002912576
qb_021163,quality_of_life,65.40818543798878,2.0819680701859244,2.9945926371776554,62.413592800811124
qb_021185,external_regulation,31.78466994183574,-23.784859279951398,-3.5056235806153437,35.29029352245109
qb_021185,political,-0.44846713473759575,19.74383446078118,-14.263880215301956,13.81541308056436
qb_021216,policy_prescription,58.24362863177746,15.589295073108634,-13.204241456061242,71.44787008783871
qb_021216,political,-3.8169838010571464,46.55082044501644,2.701200105887012,-6.5181839069441585
qb_021216,public_sentiment,6.677983744354829,-24.53365770911849,0.44746632114871865,6.23051742320611
qb_021246,cultural_identity,28.83244234334697,19.223438988167903,-1.1830967220627289,30.015539065409698
qb_021246,economic,43.473329538147915,-10.31523230454936,-2.0437533228610434,45.51708286100896
qb_021246,fairness_and_equality,27.618607296045802,45.112270580002814,-2.1192237271426118,29.737831023188413
qb_021246,health_and_safety,81.64163030919116,33.666251155036264,13.179754616673621,68.46187569251754
qb_021246,morality,50.61132376013324,-11.95182381648699,-10.653834936630881,61.26515869676412
qb_021246,political,47.877626644096644,25.201117227739633,40.325899427639165,7.551727216457479
qb_021246,public_sentiment,37.879723601190335,0.7942613181311566,-8.164794763082366,46.044518364272705
qb_021246,quality_of_life,22.76609691419844,11.169439851655614,5.56507079274592,17.201026121452518
qb_021261,capacity_and_resources,21.70278918025112,14.092905552359076,-10.104615349205353,31.807404529456473
qb_021261,external_regulation,23.330151287154496,36.720556784783675,-11.80259012346231,35.1327414106168
qb_021261,health_and_safety,55.63302509680686,13.927530862337003,3.6683462515780203,51.96467884522884
qb_021261,political,18.354361789019958,21.77301756547837,8.266812311426529,10.087549477593429
qb_021261,security_and_defense,44.74659945229445,-0.5569271914713259,0.612845849601524,44.13375360269292
qb_021268,capacity_and_resources,11.888146125613876,20.794154265602273,-12.558697238276679,24.446843363890554
qb_021268,policy_prescription,24.19207177206698,6.058317148438286,-32.27848133545534,56.47055310752232
qb_021268,political,29.593645245562588,-23.662690734245768,15.066152008358676,14.527493237203911
qb_021300,capacity_and_resources,11.55575810846734,16.996813054466664,37.01777963134066,-25.462021522873318
qb_021300,health_and_safety,53.39060688707351,-10.583569673294626,1.4285283232360602,51.96207856383745
qb_021300,policy_prescription,15.635984611566482,-22.948571105422918,-17.09729608141117,32.73328069297765
qb_021300,political,10.369628235108676,-0.6304941389629461,-17.052147028841237,27.42177526394991
qb_021323,capacity_and_resources,19.278632805724378,23.431337264427057,0.9664511888468066,18.31218161687757
qb_021323,health_and_safety,12.310204948118502,28.18289972712501,22.35993639951542,-10.049731451396918
qb_021366,health_and_safety,38.82229709493142,41.90099640546025,27.15824655809508,11.664050536836342
qb_021366,policy_prescription,35.86423173363576,7.9218847864237745,1.7723688293927364,34.09186290424302
qb_021366,political,24.034405939405122,13.409147117491948,9.090621247783696,14.943784691621426
qb_021366,public_sentiment,28.171051281522494,4.839901204500347,-26.396871583291222,54.56792286481372
qb_021411,crime_and_punishment,22.276209645404435,17.942129963248863,0.5243851804706721,21.75182446493376
qb_021411,morality,70.23427739708815,2.798041567844365,-20.310146968113642,90.54442436520179
qb_021411,public_sentiment,37.67177420414527,-6.0656030319839225,27.934078265627218,9.737695938518055
qb_021411,security_and_defense,17.261862155037484,26.662693568698113,-31.889850996435044,49.15171315147253
qb_021425,crime_and_punishment,12.599112771355102,20.916951161473445,-23.99291228014092,36.59202505149602
qb_021425,legality_constitutionality,12.260166157917512,-5.5076282977405,-8.088457055255715,20.348623213173227
qb_021425,political,39.44018069079375,-19.112414532599374,-10.727135195485841,50.167315886279596
qb_021438,crime_and_punishment,27.684370697444002,12.914552916076776,11.491091042136835,16.193279655307165
qb_021438,public_sentiment,36.65089956797611,-6.255655924648538,-23.69525821355622,60.34615778153233
qb_021438,security_and_defense,31.667376276108577,30.619294515002913,-9.29348733184189,40.960863607950465
qb_021441,cultural_identity,8.39734566576972,33.60304156075844,11.965550427881674,-3.5682047621119537
qb_021441,external_regulation,36.21605499393828,-18.79010501582108,-34.15844368947952,70.3744986834178
qb_021441,policy_prescription,10.140723488676548,5.648952323018112,-9.704957237158359,19.845680725834907
qb_021441,security_and_defense,35.976972109392,17.736852202113283,-15.327904812277946,51.304876921669944
qb_021479,public_sentiment,34.68500818420404,-15.999010778725072,14.132775819362834,20.552232364841203
qb_021479,security_and_defense,18.299534686293597,-24.507056480679264,-25.372997355920347,43.672532042213945
qb_021482,cultural_identity,32.412697720032035,-4.085249898221538,-1.8272556885862081,34.23995340861824
qb_021482,fairness_and_equality,45.108348748104795,18.892757428880106,8.534575466923881,36.57377328118091
qb_021482,morality,34.8058969521342,-0.7763295410862581,-15.785922415686796,50.591819367820996
qb_021482,political,21.046819250262555,30.729883068912212,-5.553339240401472,26.60015849066403
qb_021482,security_and_defense,16.537059875362175,-8.595478397449662,-10.685484470859189,27.222544346221362
qb_021510,external_regulation,18.006953738389537,-19.081413082324787,-25.828686840392255,43.83564057878179
qb_021510,political,13.719868273258081,24.087048469585728,22.007803053527482,-8.287934780269401
qb_021510,public_sentiment,19.139160160950606,36.060292992571185,14.231474093989668,4.907686066960938
qb_021566,health_and_safety,28.218842610322852,50.02141630494936,19.907109521879743,8.311733088443109
qb_021566,policy_prescription,52.70967489188529,17.623229578505672,-14.889234033874182,67.59890892575947
qb_021566,public_sentiment,46.60981955306304,-20.283871373376314,-16.225653028594756,62.8354725816578
qb_021599,economic,41.798381307048196,-3.9990759526219684,19.967618319363016,21.83076298768518
qb_021599,policy_prescription,38.03872634785087,28.861192768614785,3.496447251446824,34.542279096404044
qb_021599,political,10.366756799620793,32.55554645502895,9.545402092080558,0.8213547075402357
qb_021599,public_sentiment,22.281991316358592,-11.838939795029347,15.82186082912693,6.4601304872316625
qb_021610,capacity_and_resources,32.80348651031985,16.674488556716508,-6.075734340025903,38.87922085034575
qb_021610,economic,55.77184018984763,11.616576073246557,5.3503616693107965,50.42147852053684
qb_021610,public_sentiment,29.413705198671707,30.51170333970284,15.855480714532527,13.55822448413918
qb_021668,political,-15.680398908789238,30.524684363052273,-8.166298743183606,-7.514100165605631
qb_021668,public_sentiment,4.96188823576513,32.597828922978884,-0.16751397950273614,5.129402215267866
qb_021674,crime_and_punishment,4.418003470766319,23.458163776736313,-14.407133437668271,18.82513690843459
qb_021674,legality_constitutionality,-5.628642787510627,-14.737698999596727,-46.59512392720589,40.96648113969526
qb_021674,political,-16.63956011082929,26.043606046757464,-10.555864109116216,-6.083696001713074
qb_021702,legality_constitutionality,-17.684926648205717,-29.659231482804508,-33.40946920043129,15.724542552225572
qb_021702,political,-13.806602945366189,20.733778089522712,-32.778638134527505,18.972035189161318
qb_021738,external_regulation,6.537582266829013,-11.125716882219553,4.627005329792013,1.9105769370369998
qb_021738,political,69.3349378713189,-10.6739922989792,-13.21878239277917,82.55372026409808
qb_021738,security_and_defense,47.51742639108864,-15.137336724845872,-5.940590636408542,53.458017027497185
