token,count_L,count_R,log_odds,zeta
how,1823,794,0.8504279361774518,20.000427669279613
accountability,318,57,1.7276125795454016,12.01107270503715
progressive,290,15,2.9706270936387913,11.218715376657325
communities,219,37,1.7856937119996514,10.046389114336478
access,223,70,1.165827221645526,8.509457709131832
workers,155,30,1.6489955692365914,8.267233029851207
income,123,14,2.1796767710611062,7.727669078013133
low,121,18,1.9118878926554936,7.56805119086254
accountable,131,29,1.514358187001518,7.379098958064527
health,383,210,0.60836315421981,7.085077828885411
ensure,228,98,0.8512201074489498,7.047150972127498
vulnerable,93,7,2.5929272311627614,6.615779444524605
hold,96,21,1.5259167124459827,6.33407545554946
democrats,235,120,0.678734628214527,6.049373794548561
expand,78,13,1.7977145218847221,6.0009374247614256
democratic,270,147,0.6147410485249605,5.997424235633923
international,132,49,0.9971832047440818,5.961021911313864
can,454,293,0.4452056528563322,5.941035367809577
rights,226,117,0.6649204045358026,5.838076569121322
public,631,447,0.3523566669849991,5.699563348088891
diplomatic,100,32,1.1454316181584456,5.639716081809749
and,4235,3792,0.12216245763070299,5.464142675048803
funding,164,78,0.7494022424775331,5.448495146871022
equitable,96,2,3.877544269709623,5.4274401542913004
civil,74,18,1.4195272941795078,5.4013461437314625
civilians,57,7,2.102892868871245,5.250657980627249
should,401,268,0.4098729282149147,5.194883236708881
protect,407,276,0.39528440065704995,5.06933627482845
racial,55,10,1.7104327051421597,4.975431387391111
needed,73,22,1.2051837504040117,4.955235372046343
working,51,4,2.551241947842164,4.913439054874841
services,77,25,1.1307101241165842,4.91209334979345
for,1066,859,0.22386684366594167,4.88258287297365
justice,70,21,1.2097124625604376,4.862058491027762
families,104,44,0.8660914722138964,4.815883288390675
immigrant,48,6,2.085085149544204,4.815299206567175
affect,195,111,0.5696897376162156,4.791334725525175
oversight,86,33,0.9636344364553677,4.70592574489248
escalation,46,4,2.447990252969956,4.69606136133754
humanitarian,58,2,3.373126841597715,4.690147126433943
community,99,42,0.8632997260594015,4.688072614488956
why,54,13,1.429665586200679,4.627705168973672
inequality,46,3,2.735685497970601,4.591006382469211
mobilize,48,10,1.5742060151809545,4.528644843070604
human,43,3,2.668203760976472,4.468226108463666
relief,83,35,0.8692198453739142,4.3128240318117514
diplomacy,38,3,2.5445223817682106,4.24294066985024
advocates,36,4,2.202732891826133,4.17939309096854
pressure,117,61,0.6571375780747157,4.161061988964832
activists,36,5,1.979576031289465,4.147788643830073
advance,41,10,1.4164825648919397,4.016225942338241
protesters,41,10,1.4164825648919397,4.016225942338241
civilian,50,16,1.1449709153796066,3.986277524031833
stronger,118,64,0.6176122479823887,3.9784255151189316
obstruction,31,5,1.8299768364674174,3.797172126592699
worker,36,9,1.391735858382078,3.7344197175689993
multilateral,43,1,3.766840980115843,3.7237953483177453
anti,46,16,1.061535290814417,3.6574428308173026
patients,28,4,1.9513105550276189,3.650568653857204
after,470,368,0.25113634873920265,3.607949373167559
protections,156,99,0.4605902156477235,3.584466670640238
reforms,74,36,0.7261384142083838,3.57347063195899
mental,99,55,0.5934614825223168,3.528833382816557
liberties,29,6,1.5809235571988722,3.524938518940888
corporate,59,26,0.8249648391357809,3.5046019270656275
worsen,26,4,1.877175607773946,3.495111555053889
students,53,22,0.884746065256639,3.4884887332187366
aid,67,32,0.7445081344821052,3.4646891657831054
misinformation,25,2,2.5311150257878543,3.444412732831274
democracy,31,8,1.3599330723437548,3.4293446410666553
protection,37,12,1.1314260332283332,3.4058040858562975
benefit,32,9,1.2738988306386494,3.3762866424647844
systemic,30,1,3.406663537721281,3.3512703310525582
transparency,41,15,1.010950388377867,3.350220819283822
economically,27,6,1.5094376068226971,3.344381191804509
financially,24,4,1.797105925853268,3.3275942659394215
coordinated,22,3,1.9977629535622938,3.245981407851441
outrage,27,1,3.301262709219605,3.241778576416338
equity,26,1,3.2635089439997005,3.202506204787937
women,27,7,1.3552735401276719,3.195350205751694
death,33,11,1.1039864739590461,3.170960086117194
minority,33,11,1.1039864739590461,3.170960086117194
undermine,95,56,0.5341325161300388,3.1704170363729736
social,70,37,0.6431021128037555,3.1640108562989253
reproductive,25,1,3.224274793799413,3.161664221020584
grassroots,28,8,1.2581098895198846,3.1382778409451273
would,283,215,0.28082118476599227,3.104042607613452
efforts,54,26,0.7363439068183766,3.084745186549975
held,24,6,1.391614093265547,3.0488741571018387
norms,24,6,1.391614093265547,3.0488741571018387
wealthy,24,6,1.391614093265547,3.0488741571018387
adequately,36,14,0.9498360439077338,3.0156362506841496
address,68,37,0.6140875557843506,3.006014010044557
push,46,21,0.7895344546908314,2.9979355189709187
prioritize,73,41,0.5823989521465842,2.9841562013674863
expressing,23,6,1.3490409866863153,2.9428338898173076
staffing,41,18,0.828588563837438,2.9304961131277274
gun,96,60,0.47557070288121217,2.889775252287236
black,69,39,0.5760292634252702,2.875342292343845
racism,19,1,2.949757329874247,2.875069650165624
de,17,2,2.1453447875601697,2.869854530966176
equality,27,9,1.103932308715141,2.8681005920553853
victims,30,11,1.0086357980432838,2.8615376518675006
groups,67,38,0.572577279115146,2.8194778990216536
programs,48,24,0.6985494024441232,2.794197844935543
contribute,20,5,1.391573510368552,2.7831474189264425
escalate,16,2,2.0847066970655295,2.7796096896972315
historic,17,3,1.7398664422526888,2.77834445143358
demand,45,22,0.7210086008030316,2.771536984612788
demands,32,13,0.9061203987648287,2.755030161580442
environmental,18,4,1.509342936187533,2.730504542777147
testing,50,26,0.6593288413823144,2.7268860454219612
disinformation,21,6,1.2580422249158811,2.717682162122629
responding,43,21,0.7220526618252778,2.7122067880898606
consumers,27,10,0.9985583825644007,2.6974569774349177
calls,40,19,0.7498018019904391,2.691084332998583
policymakers,19,5,1.3402667269483004,2.6665361592276797
lgbtq,22,7,1.1504116580604293,2.651030267358456
equitably,15,1,2.7133148103526636,2.627157100879204
class,20,6,1.2092385693630767,2.5978614950993224
ethical,20,6,1.2092385693630767,2.5978614950993224
interference,29,12,0.8876959547097139,2.586199216316711
disparities,14,2,1.9511483678437358,2.581127296800686
courts,51,28,0.6050101416744562,2.572250423771806
mass,51,28,0.6050101416744562,2.572250423771806
labor,36,17,0.7556397628265303,2.5677492862604336
poverty,14,1,2.6443085040415664,2.5546459278144393
worsening,14,1,2.6443085040415664,2.5546459278144393
affordable,30,13,0.8415548788460274,2.5344315012071137
curb,21,7,1.1038781493150633,2.5293028724427384
mechanisms,21,7,1.1038781493150633,2.5293028724427384
care,92,61,0.4164142849302461,2.5219633264099754
engagement,13,1,2.5701870972953405,2.476695348720791
diversity,13,2,1.8770269278035805,2.471221335261406
climate,51,29,0.5699053907977438,2.450427696635151
reduce,129,93,0.3327824831872377,2.4463597974624838
global,32,15,0.7629927134355654,2.4383279574412082
tactic,14,3,1.5456699897210449,2.4295007123711727
misconduct,17,5,1.2290141146323492,2.4157670146535772
households,26,11,0.8654809629464735,2.406244282269539
voting,53,31,0.5416804463735287,2.395644275127211
to,2166,2026,0.07398265298448381,2.393691842943261
peaceful,12,1,2.490130955273271,2.3924414087830432
powerful,12,1,2.490130955273271,2.3924414087830432
need,30,14,0.7674334861278371,2.3710411446548263
lobbying,12,2,1.7969707525492318,2.352787487047158
survivors,12,2,1.7969707525492318,2.352787487047158
violence,34,17,0.6984543463556392,2.3513479046353125
pursue,55,33,0.5162015098478809,2.3443167049976528
overturn,18,6,1.1038510718061403,2.34162199764296
highlight,21,8,0.9703333523205675,2.335482648709148
reform,47,27,0.5596591633492674,2.317600649616938
additional,28,13,0.772535009567914,2.301849746215984
meaningfully,11,1,2.4031061441958883,2.300799824302868
transparent,11,1,2.4031061441958883,2.300799824302868
trauma,11,1,2.4031061441958883,2.300799824302868
mobilization,13,3,1.471548538829527,2.297454772877732
urgent,13,3,1.471548538829527,2.297454772877732
harm,58,36,0.4823001806151348,2.2731012330523748
charges,40,22,0.6031580466663211,2.2723574684443912
harmed,11,2,1.7099459083180335,2.2244472920052414
investments,20,8,0.9215296942830467,2.2028775249731973
prosecutors,43,25,0.5476455605158046,2.1774559643206657
young,12,3,1.3914923527854715,2.15569099190339
diverse,15,5,1.1038239957577893,2.1375462162175416
policies,170,134,0.24353130282605484,2.108117872832155
increased,46,28,0.5017583781092414,2.0933253724966487
greater,9,1,2.2024085814451766,2.0893888775481058
willingness,9,1,2.2024085814451766,2.0893888775481058
younger,9,1,2.2024085814451766,2.0893888775481058
shield,10,2,1.6146222616584698,2.084468741497371
timely,10,2,1.6146222616584698,2.084468741497371
wing,10,2,1.6146222616584698,2.084468741497371
ban,107,79,0.3088413452801477,2.082017753762492
trump's,308,260,0.1751629787796647,2.0798413874803034
reject,13,4,1.1838531123930007,2.070499278041081
training,13,4,1.1838531123930007,2.070499278041081
pay,19,8,0.8702229063447451,2.0647642094043275
wages,19,8,0.8702229063447451,2.0647642094043275
cooperation,26,13,0.698400040673171,2.0560342224550645
affected,23,11,0.7428381500439087,2.026352699908427
crisis,23,11,0.7428381500439087,2.026352699908427
turnout,23,11,0.7428381500439087,2.026352699908427
corporations,11,3,1.3044674978430386,2.0027478416347395
priorities,40,24,0.5161198120014605,1.9989235890569441
sanctions,116,88,0.2817144063812824,1.9928028422804567
medicaid,14,5,1.0348176368669328,1.9862599586525478
unconstitutional,14,5,1.0348176368669328,1.9862599586525478
expanded,32,18,0.5806308835479141,1.9707267238502815
independent,32,18,0.5806308835479141,1.9707267238502815
asylum,28,15,0.6294073220776246,1.9670809993128435
shift,28,15,0.6294073220776246,1.9670809993128435
collective,8,1,2.0846121126729855,1.9653916855918738
cybersecurity,8,1,2.0846121126729855,1.9653916855918738
imperative,8,1,2.0846121126729855,1.9653916855918738
ukrainian,42,26,0.48486741587888105,1.9430317404272812
people,33,19,0.5573353955389848,1.935302054844645
color,9,2,1.5092482795997277,1.9306371931251782
confront,9,2,1.5092482795997277,1.9306371931251782
kurdish,9,2,1.5092482795997277,1.9306371931251782
youth,9,2,1.5092482795997277,1.9306371931251782
food,18,8,0.8161421918635483,1.9207040029162976
ethics,12,4,1.1037969211698826,1.9118325632368438
middle,12,4,1.1037969211698826,1.9118325632368438
coordination,15,6,0.9214890446531445,1.9076637453155763
representation,15,6,0.9214890446531445,1.9076637453155763
seekers,15,6,0.9214890446531445,1.9076637453155763
adequate,22,11,0.6983728911262315,1.8912028885852523
women's,30,17,0.573237201076747,1.8882981166859745
trump,350,304,0.14662657443579263,1.8702284440286383
her,19,9,0.7524264589945613,1.859444140992812
content,10,3,1.2091438405742458,1.8368215763900848
halt,10,3,1.2091438405742458,1.8368215763900848
jeopardize,10,3,1.2091438405742458,1.8368215763900848
especially,16,7,0.8318769729269189,1.8357106856952892
counseling,7,1,1.95106728738212,1.8250567708281988
couples,7,1,1.95106728738212,1.8250567708281988
demanded,7,1,1.95106728738212,1.8250567708281988
demonstrations,7,1,1.95106728738212,1.8250567708281988
loopholes,7,1,1.95106728738212,1.8250567708281988
organizers,7,1,1.95106728738212,1.8250567708281988
struggling,7,1,1.95106728738212,1.8250567708281988
provide,47,31,0.42145509890273924,1.8215194744769088
transgender,49,33,0.40060758403682684,1.7789645020014642
morally,55,38,0.3750557430823802,1.7779826556141833
during,125,99,0.23862868738234333,1.773663696805674
demanding,17,8,0.7589702851802969,1.770207843677922
universal,17,8,0.7589702851802969,1.770207843677922
endanger,8,2,1.391451778098764,1.760063001048336
enforced,8,2,1.391451778098764,1.760063001048336
maneuver,8,2,1.391451778098764,1.760063001048336
protects,8,2,1.391451778098764,1.760063001048336
receive,8,2,1.391451778098764,1.760063001048336
rising,25,14,0.5850444354482116,1.752631471544441
declining,14,6,0.8524826838386357,1.7470697804619657
down,14,6,0.8524826838386357,1.7470697804619657
assistance,11,4,1.0167720611268614,1.7414233298194892
harassment,11,4,1.0167720611268614,1.7414233298194892
retaliation,11,4,1.0167720611268614,1.7414233298194892
immigrants,18,9,0.6983457437751195,1.7105908802563807
obligations,18,9,0.6983457437751195,1.7105908802563807
russia's,18,9,0.6983457437751195,1.7105908802563807
journalists,22,12,0.6113480948724703,1.7035351649732142
officials,60,43,0.33845352701896125,1.6939099370272164
action,32,20,0.47524351426870837,1.6672646661338881
attackers,6,1,1.7969031754715612,1.6636094225521225
attempts,6,1,1.7969031754715612,1.6636094225521225
conspiracy,6,1,1.7969031754715612,1.6636094225521225
continue,6,1,1.7969031754715612,1.6636094225521225
deniers,6,1,1.7969031754715612,1.6636094225521225
fee,6,1,1.7969031754715612,1.6636094225521225
helped,6,1,1.7969031754715612,1.6636094225521225
highlighted,6,1,1.7969031754715612,1.6636094225521225
inadequate,6,1,1.7969031754715612,1.6636094225521225
maneuvers,6,1,1.7969031754715612,1.6636094225521225
masking,6,1,1.7969031754715612,1.6636094225521225
negligence,6,1,1.7969031754715612,1.6636094225521225
organizing,6,1,1.7969031754715612,1.6636094225521225
palestinian,6,1,1.7969031754715612,1.6636094225521225
refugees,6,1,1.7969031754715612,1.6636094225521225
supportive,6,1,1.7969031754715612,1.6636094225521225
abuse,19,10,0.6470525279090751,1.6562175231003893
harsh,9,3,1.103769848042294,1.655654957849486
mobilizing,9,3,1.103769848042294,1.655654957849486
coordinating,12,5,0.8806399835803234,1.6544346051299765
platforms,12,5,0.8806399835803234,1.6544346051299765
afghan,28,17,0.5042173300026436,1.639891144918149
widespread,33,21,0.4572250820396535,1.6379468915657551
administration's,39,26,0.4107189330566001,1.6222099243422878
build,16,8,0.6983321709229156,1.612729203191404
parties,16,8,0.6983321709229156,1.612729203191404
alleged,60,44,0.3154505727285253,1.5893393814286834
governments,35,23,0.4250939497768327,1.5836853493875687
stricter,35,23,0.4250939497768327,1.5836853493875687
him,25,15,0.5160381405823973,1.5800377858664192
ordinary,13,6,0.7783612228356187,1.5770727619418208
partners,13,6,0.7783612228356187,1.5770727619418208
profits,13,6,0.7783612228356187,1.5770727619418208
clinic,7,2,1.2579069203462936,1.5688857734044173
enabling,7,2,1.2579069203462936,1.5688857734044173
harms,7,2,1.2579069203462936,1.5688857734044173
khashoggi's,7,2,1.2579069203462936,1.5688857734044173
mcconnell's,7,2,1.2579069203462936,1.5688857734044173
suppress,7,2,1.2579069203462936,1.5688857734044173
supremacy,7,2,1.2579069203462936,1.5688857734044173
withstand,7,2,1.2579069203462936,1.5688857734044173
deaths,21,12,0.5648145828481539,1.5608071128908536
protest,21,12,0.5648145828481539,1.5608071128908536
evaluate,10,4,0.921448398859491,1.557532221672355
exploit,10,4,0.921448398859491,1.557532221672355
forced,10,4,0.921448398859491,1.557532221672355
gaps,10,4,0.921448398859491,1.557532221672355
implemented,10,4,0.921448398859491,1.557532221672355
now,10,4,0.921448398859491,1.557532221672355
platform,10,4,0.921448398859491,1.557532221672355
possible,10,4,0.921448398859491,1.557532221672355
repeated,10,4,0.921448398859491,1.557532221672355
barr's,17,9,0.6411738363767885,1.5553741223776363
establishment,17,9,0.6411738363767885,1.5553741223776363
reacting,26,16,0.49072040664986893,1.5443871214018807
unequal,22,13,0.5312919660279825,1.5187359613979021
press,32,21,0.4264399221628823,1.5184643110282336
outcomes,27,17,0.4678361864631695,1.5110326472888271
deny,14,7,0.6983185986195632,1.5085407144680891
left,14,7,0.6983185986195632,1.5085407144680891
pressuring,14,7,0.6983185986195632,1.5085407144680891
safe,14,7,0.6983185986195632,1.5085407144680891
gains,18,10,0.5929718121384138,1.5034580691086028
hate,18,10,0.5929718121384138,1.5034580691086028
strong,39,27,0.37296517428730347,1.4897401768011984
appropriations,5,1,1.614568187417806,1.4738926194732194
contributed,5,1,1.614568187417806,1.4738926194732194
exempting,5,1,1.614568187417806,1.4738926194732194
exposed,5,1,1.614568187417806,1.4738926194732194
gatherings,5,1,1.614568187417806,1.4738926194732194
implementation,5,1,1.614568187417806,1.4738926194732194
isolation,5,1,1.614568187417806,1.4738926194732194
kremlin,5,1,1.614568187417806,1.4738926194732194
lives,5,1,1.614568187417806,1.4738926194732194
mobilized,5,1,1.614568187417806,1.4738926194732194
perpetrators,5,1,1.614568187417806,1.4738926194732194
pompeo,5,1,1.614568187417806,1.4738926194732194
positions,5,1,1.614568187417806,1.4738926194732194
ppe,5,1,1.614568187417806,1.4738926194732194
significantly,5,1,1.614568187417806,1.4738926194732194
steer,5,1,1.614568187417806,1.4738926194732194
tie,5,1,1.614568187417806,1.4738926194732194
shooting,40,28,0.36191541028551555,1.4687966109268407
accept,8,3,0.9859733362551424,1.456379285431209
condition,8,3,0.9859733362551424,1.456379285431209
experts,8,3,0.9859733362551424,1.456379285431209
historical,8,3,0.9859733362551424,1.456379285431209
strongly,8,3,0.9859733362551424,1.456379285431209
block,29,19,0.4280696616544395,1.4503394562473615
anger,15,8,0.6337801577907527,1.4476560128411091
calling,15,8,0.6337801577907527,1.4476560128411091
sufficient,49,36,0.31355590640730124,1.428416453681321
adopt,30,20,0.4106779917064287,1.4226303981362534
favor,12,6,0.6983050268650288,1.3966101712684493
living,12,6,0.6983050268650288,1.3966101712684493
reflecting,12,6,0.6983050268650288,1.3966101712684493
seeking,12,6,0.6983050268650288,1.3966101712684493
asian,9,4,0.8160744014649755,1.3580300150618563
assault,9,4,0.8160744014649755,1.3580300150618563
campus,9,4,0.8160744014649755,1.3580300150618563
exit,9,4,0.8160744014649755,1.3580300150618563
findings,9,4,0.8160744014649755,1.3580300150618563
nearly,9,4,0.8160744014649755,1.3580300150618563
peace,9,4,0.8160744014649755,1.3580300150618563
prevention,9,4,0.8160744014649755,1.3580300150618563
regulators,9,4,0.8160744014649755,1.3580300150618563
trudeau,9,4,0.8160744014649755,1.3580300150618563
activism,6,2,1.103742776374892,1.3518034563906125
bannon's,6,2,1.103742776374892,1.3518034563906125
ceasefire,6,2,1.103742776374892,1.3518034563906125
ethically,6,2,1.103742776374892,1.3518034563906125
failed,6,2,1.103742776374892,1.3518034563906125
fallout,6,2,1.103742776374892,1.3518034563906125
harmful,6,2,1.103742776374892,1.3518034563906125
jamal,6,2,1.103742776374892,1.3518034563906125
lost,6,2,1.103742776374892,1.3518034563906125
off,6,2,1.103742776374892,1.3518034563906125
promotion,6,2,1.103742776374892,1.3518034563906125
rape,6,2,1.103742776374892,1.3518034563906125
reductions,6,2,1.103742776374892,1.3518034563906125
rehabilitation,6,2,1.103742776374892,1.3518034563906125
standoff,6,2,1.103742776374892,1.3518034563906125
strengthened,6,2,1.103742776374892,1.3518034563906125
stunt,6,2,1.103742776374892,1.3518034563906125
suppression,6,2,1.103742776374892,1.3518034563906125
teaching,6,2,1.103742776374892,1.3518034563906125
urged,6,2,1.103742776374892,1.3518034563906125
benefits,63,49,0.25658341476043134,1.34706302106628
killed,13,7,0.6241971363834367,1.3314581037338218
leave,13,7,0.6241971363834367,1.3314581037338218
nationwide,13,7,0.6241971363834367,1.3314581037338218
rejecting,13,7,0.6241971363834367,1.3314581037338218
total,13,7,0.6241971363834367,1.3314581037338218
users,13,7,0.6241971363834367,1.3314581037338218
vaccine,98,81,0.19583014429825862,1.304093125357016
arms,23,15,0.4326295357236578,1.3035687678839545
attitudes,18,11,0.4976482137264693,1.3003374741767606
investigate,18,11,0.4976482137264693,1.3003374741767606
rhetoric,18,11,0.4976482137264693,1.3003374741767606
five,10,5,0.6982914556592821,1.2749000472209864
independence,10,5,0.6982914556592821,1.2749000472209864
iran's,10,5,0.6982914556592821,1.2749000472209864
outreach,10,5,0.6982914556592821,1.2749000472209864
remedies,10,5,0.6982914556592821,1.2749000472209864
seniors,10,5,0.6982914556592821,1.2749000472209864
propose,14,8,0.5647737948121367,1.2743016409348409
tactics,14,8,0.5647737948121367,1.2743016409348409
corruption,24,16,0.4106507020708001,1.2723547569864828
distribution,24,16,0.4106507020708001,1.2723547569864828
policing,30,21,0.3618743994202598,1.2718710381771718
weaken,37,27,0.32029443479203934,1.2654418134391465
senators,19,12,0.4647041326116117,1.2602686807740078
advocate,4,1,1.3914112061482005,1.2445161946958558
analysis,4,1,1.3914112061482005,1.2445161946958558
bold,4,1,1.3914112061482005,1.2445161946958558
canada,4,1,1.3914112061482005,1.2445161946958558
challengers,4,1,1.3914112061482005,1.2445161946958558
chants,4,1,1.3914112061482005,1.2445161946958558
diagnosis,4,1,1.3914112061482005,1.2445161946958558
doping,4,1,1.3914112061482005,1.2445161946958558
experienced,4,1,1.3914112061482005,1.2445161946958558
fbi's,4,1,1.3914112061482005,1.2445161946958558
guantanamo,4,1,1.3914112061482005,1.2445161946958558
himself,4,1,1.3914112061482005,1.2445161946958558
incest,4,1,1.3914112061482005,1.2445161946958558
kelly's,4,1,1.3914112061482005,1.2445161946958558
labeled,4,1,1.3914112061482005,1.2445161946958558
months,4,1,1.3914112061482005,1.2445161946958558
onto,4,1,1.3914112061482005,1.2445161946958558
outbreaks,4,1,1.3914112061482005,1.2445161946958558
progress,4,1,1.3914112061482005,1.2445161946958558
psychological,4,1,1.3914112061482005,1.2445161946958558
reflected,4,1,1.3914112061482005,1.2445161946958558
science,4,1,1.3914112061482005,1.2445161946958558
soldiers,4,1,1.3914112061482005,1.2445161946958558
telling,4,1,1.3914112061482005,1.2445161946958558
these,4,1,1.3914112061482005,1.2445161946958558
vietnam,4,1,1.3914112061482005,1.2445161946958558
violation,4,1,1.3914112061482005,1.2445161946958558
legally,46,35,0.2785207990707548,1.2417326237953044
cover,7,3,0.8524284684836552,1.235286323449999
criminally,7,3,0.8524284684836552,1.235286323449999
defensible,7,3,0.8524284684836552,1.235286323449999
inquiry,7,3,0.8524284684836552,1.235286323449999
killings,7,3,0.8524284684836552,1.235286323449999
month,7,3,0.8524284684836552,1.235286323449999
serve,7,3,0.8524284684836552,1.235286323449999
respond,47,36,0.27185619868629995,1.227440371272988
threaten,32,23,0.33544128620464875,1.2270834760246199
pledge,15,9,0.5159837076450859,1.2237629071517377
ukraine's,15,9,0.5159837076450859,1.2237629071517377
attempt,11,6,0.6112801622314752,1.2044474147798665
enforceable,11,6,0.6112801622314752,1.2044474147798665
latino,11,6,0.6112801622314752,1.2044474147798665
needs,11,6,0.6112801622314752,1.2044474147798665
stock,11,6,0.6112801622314752,1.2044474147798665
them,11,6,0.6112801622314752,1.2044474147798665
eu,27,19,0.3565836981584667,1.1908067357415815
schools,27,19,0.3565836981584667,1.1908067357415815
proposed,70,57,0.21070002243834907,1.1809981004497376
backed,16,10,0.4751617887664974,1.178731415421294
increase,95,80,0.17713497347387097,1.167325890781336
showing,28,20,0.34165811992509987,1.1669847276145535
union,22,15,0.38816427570602663,1.159235580151684
war,22,15,0.38816427570602663,1.159235580151684
influence,85,71,0.1852419383174979,1.152167669305549
challenge,44,34,0.2630429971561279,1.1519808773567235
overcome,12,7,0.544140939241391,1.1441271146525327
ammunition,8,4,0.6982778850022822,1.1402831072495794
favoring,8,4,0.6982778850022822,1.1402831072495794
goals,8,4,0.6982778850022822,1.1402831072495794
graham,8,4,0.6982778850022822,1.1402831072495794
grant,8,4,0.6982778850022822,1.1402831072495794
migration,8,4,0.6982778850022822,1.1402831072495794
moderates,8,4,0.6982778850022822,1.1402831072495794
promises,8,4,0.6982778850022822,1.1402831072495794
transmission,8,4,0.6982778850022822,1.1402831072495794
congress,64,52,0.21288154694453798,1.1402516556412088
firing,17,11,0.44047630540802984,1.138320012089164
racist,17,11,0.44047630540802984,1.138320012089164
prevent,136,119,0.13884594341394596,1.1061297418708034
safeguards,39,30,0.2675643636907239,1.1017845699925273
accusation,5,2,0.9214077569015053,1.101293019425405
alignment,5,2,0.9214077569015053,1.101293019425405
allocated,5,2,0.9214077569015053,1.101293019425405
any,5,2,0.9214077569015053,1.101293019425405
apparent,5,2,0.9214077569015053,1.101293019425405
attorneys,5,2,0.9214077569015053,1.101293019425405
becoming,5,2,0.9214077569015053,1.101293019425405
bid,5,2,0.9214077569015053,1.101293019425405
binding,5,2,0.9214077569015053,1.101293019425405
contempt,5,2,0.9214077569015053,1.101293019425405
d,5,2,0.9214077569015053,1.101293019425405
deflect,5,2,0.9214077569015053,1.101293019425405
departure,5,2,0.9214077569015053,1.101293019425405
divert,5,2,0.9214077569015053,1.101293019425405
evangelicals,5,2,0.9214077569015053,1.101293019425405
expel,5,2,0.9214077569015053,1.101293019425405
export,5,2,0.9214077569015053,1.101293019425405
fossil,5,2,0.9214077569015053,1.101293019425405
goods,5,2,0.9214077569015053,1.101293019425405
increasingly,5,2,0.9214077569015053,1.101293019425405
negotiate,5,2,0.9214077569015053,1.101293019425405
ordering,5,2,0.9214077569015053,1.101293019425405
payment,5,2,0.9214077569015053,1.101293019425405
reacted,5,2,0.9214077569015053,1.101293019425405
releasing,5,2,0.9214077569015053,1.101293019425405
retailers,5,2,0.9214077569015053,1.101293019425405
rittenhouse's,5,2,0.9214077569015053,1.101293019425405
running,5,2,0.9214077569015053,1.101293019425405
sensitive,5,2,0.9214077569015053,1.101293019425405
supremacist,5,2,0.9214077569015053,1.101293019425405
weeks,5,2,0.9214077569015053,1.101293019425405
daily,13,8,0.4906523317436591,1.0918951127829921
delay,13,8,0.4906523317436591,1.0918951127829921
rescue,13,8,0.4906523317436591,1.0918951127829921
wall,41,32,0.2530364052631313,1.072725308163158
holding,19,13,0.3846480029555739,1.0686537173801163
surge,19,13,0.3846480029555739,1.0686537173801163
close,9,5,0.5929174556464645,1.063007943237177
denuclearization,9,5,0.5929174556464645,1.063007943237177
pence's,9,5,0.5929174556464645,1.063007943237177
shootings,42,33,0.2463623691614778,1.0590717541685264
better,26,19,0.3188298708807844,1.0563704680630022
emergency,63,52,0.19711968072753105,1.0520903646175686
enthusiasm,14,9,0.44697734405196954,1.0461811659157345
regulations,14,9,0.44697734405196954,1.0461811659157345
which,90,77,0.16126172058775978,1.0388185605027855
precedents,20,14,0.36183339794950875,1.0383606912947303
coverage,44,35,0.2340420266048282,1.0333339418329086
2020,45,36,0.2283440763431388,1.0211858243983893
bans,28,21,0.2928545274786263,1.0144779127876393
obama,68,57,0.1816854647077628,1.0117124430947664
privacy,21,15,0.34163076299677364,1.0105574970516078
resources,128,113,0.12992952035571292,1.0065689976086427
fundraising,15,10,0.4106097745122046,1.0057845043145415
athletes,10,6,0.5159564955775977,0.9991455336094485
dreamers,10,6,0.5159564955775977,0.9991455336094485
enact,10,6,0.5159564955775977,0.9991455336094485
gaza,10,6,0.5159564955775977,0.9991455336094485
reconciliation,10,6,0.5159564955775977,0.9991455336094485
rollout,10,6,0.5159564955775977,0.9991455336094485
same,10,6,0.5159564955775977,0.9991455336094485
covid,171,154,0.1100280190201195,0.990421497639933
agreements,6,3,0.6982643148939971,0.9874949473515966
building,6,3,0.6982643148939971,0.9874949473515966
chaotic,6,3,0.6982643148939971,0.9874949473515966
claiming,6,3,0.6982643148939971,0.9874949473515966
crackdown,6,3,0.6982643148939971,0.9874949473515966
deliberate,6,3,0.6982643148939971,0.9874949473515966
deportations,6,3,0.6982643148939971,0.9874949473515966
disaster,6,3,0.6982643148939971,0.9874949473515966
dropping,6,3,0.6982643148939971,0.9874949473515966
fight,6,3,0.6982643148939971,0.9874949473515966
insider,6,3,0.6982643148939971,0.9874949473515966
interventions,6,3,0.6982643148939971,0.9874949473515966
motives,6,3,0.6982643148939971,0.9874949473515966
muslim,6,3,0.6982643148939971,0.9874949473515966
path,6,3,0.6982643148939971,0.9874949473515966
recommendations,6,3,0.6982643148939971,0.9874949473515966
recommended,6,3,0.6982643148939971,0.9874949473515966
refiners,6,3,0.6982643148939971,0.9874949473515966
refugee,6,3,0.6982643148939971,0.9874949473515966
reporting,6,3,0.6982643148939971,0.9874949473515966
revelations,6,3,0.6982643148939971,0.9874949473515966
shelling,6,3,0.6982643148939971,0.9874949473515966
shortfalls,6,3,0.6982643148939971,0.9874949473515966
suspension,6,3,0.6982643148939971,0.9874949473515966
verifiable,6,3,0.6982643148939971,0.9874949473515966
violated,6,3,0.6982643148939971,0.9874949473515966
shape,22,16,0.32361232953285857,0.9849283174064848
trust,30,23,0.2708757631849785,0.9773650138453204
raise,49,40,0.20814165209092472,0.9767694312774572
abortion,73,62,0.16855443764585853,0.9759568377354115
base,16,11,0.3798381895979652,0.9697797480162752
driven,16,11,0.3798381895979652,0.9697797480162752
reduced,16,11,0.3798381895979652,0.9697797480162752
un,16,11,0.3798381895979652,0.9697797480162752
leaders,90,78,0.14834487204211655,0.9589290667973442
advice,3,1,1.1037157061675522,0.955845947355343
ain,3,1,1.1037157061675522,0.955845947355343
airline,3,1,1.1037157061675522,0.955845947355343
arrives,3,1,1.1037157061675522,0.955845947355343
attendance,3,1,1.1037157061675522,0.955845947355343
bidens,3,1,1.1037157061675522,0.955845947355343
bone,3,1,1.1037157061675522,0.955845947355343
californians,3,1,1.1037157061675522,0.955845947355343
cancellation,3,1,1.1037157061675522,0.955845947355343
childcare,3,1,1.1037157061675522,0.955845947355343
chill,3,1,1.1037157061675522,0.955845947355343
city's,3,1,1.1037157061675522,0.955845947355343
client,3,1,1.1037157061675522,0.955845947355343
compensate,3,1,1.1037157061675522,0.955845947355343
concession,3,1,1.1037157061675522,0.955845947355343
condemned,3,1,1.1037157061675522,0.955845947355343
congress's,3,1,1.1037157061675522,0.955845947355343
debunked,3,1,1.1037157061675522,0.955845947355343
discriminate,3,1,1.1037157061675522,0.955845947355343
disproportionate,3,1,1.1037157061675522,0.955845947355343
dissent,3,1,1.1037157061675522,0.955845947355343
doing,3,1,1.1037157061675522,0.955845947355343
encouraging,3,1,1.1037157061675522,0.955845947355343
enemy,3,1,1.1037157061675522,0.955845947355343
energizing,3,1,1.1037157061675522,0.955845947355343
erosion,3,1,1.1037157061675522,0.955845947355343
estonia,3,1,1.1037157061675522,0.955845947355343
execution,3,1,1.1037157061675522,0.955845947355343
expansions,3,1,1.1037157061675522,0.955845947355343
express,3,1,1.1037157061675522,0.955845947355343
extreme,3,1,1.1037157061675522,0.955845947355343
extremism,3,1,1.1037157061675522,0.955845947355343
falls,3,1,1.1037157061675522,0.955845947355343
family's,3,1,1.1037157061675522,0.955845947355343
fear,3,1,1.1037157061675522,0.955845947355343
firearm,3,1,1.1037157061675522,0.955845947355343
fired,3,1,1.1037157061675522,0.955845947355343
fuels,3,1,1.1037157061675522,0.955845947355343
greenlandic,3,1,1.1037157061675522,0.955845947355343
gymnasts,3,1,1.1037157061675522,0.955845947355343
head,3,1,1.1037157061675522,0.955845947355343
highlighting,3,1,1.1037157061675522,0.955845947355343
hostility,3,1,1.1037157061675522,0.955845947355343
identities,3,1,1.1037157061675522,0.955845947355343
inaction,3,1,1.1037157061675522,0.955845947355343
insecurity,3,1,1.1037157061675522,0.955845947355343
interpret,3,1,1.1037157061675522,0.955845947355343
journalist,3,1,1.1037157061675522,0.955845947355343
kaepernick,3,1,1.1037157061675522,0.955845947355343
language,3,1,1.1037157061675522,0.955845947355343
lawmaker's,3,1,1.1037157061675522,0.955845947355343
lie,3,1,1.1037157061675522,0.955845947355343
loosening,3,1,1.1037157061675522,0.955845947355343
may's,3,1,1.1037157061675522,0.955845947355343
meadows,3,1,1.1037157061675522,0.955845947355343
mitch,3,1,1.1037157061675522,0.955845947355343
mitigate,3,1,1.1037157061675522,0.955845947355343
mnuchin,3,1,1.1037157061675522,0.955845947355343
native,3,1,1.1037157061675522,0.955845947355343
nra,3,1,1.1037157061675522,0.955845947355343
obstructionism,3,1,1.1037157061675522,0.955845947355343
option,3,1,1.1037157061675522,0.955845947355343
orlando,3,1,1.1037157061675522,0.955845947355343
outcompete,3,1,1.1037157061675522,0.955845947355343
politico,3,1,1.1037157061675522,0.955845947355343
praise,3,1,1.1037157061675522,0.955845947355343
prioritization,3,1,1.1037157061675522,0.955845947355343
ras,3,1,1.1037157061675522,0.955845947355343
reallocating,3,1,1.1037157061675522,0.955845947355343
reconstruction,3,1,1.1037157061675522,0.955845947355343
repair,3,1,1.1037157061675522,0.955845947355343
revenues,3,1,1.1037157061675522,0.955845947355343
rnc,3,1,1.1037157061675522,0.955845947355343
rush,3,1,1.1037157061675522,0.955845947355343
salary,3,1,1.1037157061675522,0.955845947355343
scandals,3,1,1.1037157061675522,0.955845947355343
sellers,3,1,1.1037157061675522,0.955845947355343
sentence,3,1,1.1037157061675522,0.955845947355343
separations,3,1,1.1037157061675522,0.955845947355343
sexism,3,1,1.1037157061675522,0.955845947355343
shot,3,1,1.1037157061675522,0.955845947355343
similar,3,1,1.1037157061675522,0.955845947355343
slurs,3,1,1.1037157061675522,0.955845947355343
spurs,3,1,1.1037157061675522,0.955845947355343
storage,3,1,1.1037157061675522,0.955845947355343
stranded,3,1,1.1037157061675522,0.955845947355343
strip,3,1,1.1037157061675522,0.955845947355343
teachers,3,1,1.1037157061675522,0.955845947355343
thirds,3,1,1.1037157061675522,0.955845947355343
undermined,3,1,1.1037157061675522,0.955845947355343
venues,3,1,1.1037157061675522,0.955845947355343
vulnerabilities,3,1,1.1037157061675522,0.955845947355343
warrantless,3,1,1.1037157061675522,0.955845947355343
weiner,3,1,1.1037157061675522,0.955845947355343
whitehouse's,3,1,1.1037157061675522,0.955845947355343
records,11,7,0.45711607351485384,0.9454436187108101
at,132,118,0.11739120751999188,0.9266027062291398
check,18,13,0.3305672862217879,0.9082114755795015
era,18,13,0.3305672862217879,0.9082114755795015
legislation,18,13,0.3305672862217879,0.9082114755795015
used,45,37,0.20093166786697658,0.9054169316757302
constitutionality,7,4,0.5647330128224297,0.9010022660302998
delta,7,4,0.5647330128224297,0.9010022660302998
dynamics,7,4,0.5647330128224297,0.9010022660302998
flood,7,4,0.5647330128224297,0.9010022660302998
fly,7,4,0.5647330128224297,0.9010022660302998
georgia's,7,4,0.5647330128224297,0.9010022660302998
impartial,7,4,0.5647330128224297,0.9010022660302998
labs,7,4,0.5647330128224297,0.9010022660302998
pursued,7,4,0.5647330128224297,0.9010022660302998
recommend,7,4,0.5647330128224297,0.9010022660302998
secret,7,4,0.5647330128224297,0.9010022660302998
counter,35,28,0.22831650308107854,0.9004924941612136
facing,12,8,0.4105961338309214,0.8995711237077642
negotiations,12,8,0.4105961338309214,0.8995711237077642
paid,12,8,0.4105961338309214,0.8995711237077642
be,168,153,0.09881599130290031,0.884250066600765
3,19,14,0.31052660746743044,0.881622565528002
rates,19,14,0.31052660746743044,0.881622565528002
through,19,14,0.31052660746743044,0.881622565528002
visit,19,14,0.31052660746743044,0.881622565528002
jan,49,41,0.18343560410504,0.8666672342444702
constitutionally,13,9,0.3728558804183191,0.8598498474844519
employer,13,9,0.3728558804183191,0.8598498474844519
act,51,43,0.1758130305631429,0.8491931432292832
reveal,30,24,0.22830271895790322,0.8336437182839714
blocked,8,5,0.47512093675248757,0.8334173178636626
clean,8,5,0.47512093675248757,0.8334173178636626
colin,8,5,0.47512093675248757,0.8334173178636626
confirm,8,5,0.47512093675248757,0.8334173178636626
constitute,8,5,0.47512093675248757,0.8334173178636626
live,8,5,0.47512093675248757,0.8334173178636626
offer,8,5,0.47512093675248757,0.8334173178636626
schiff,8,5,0.47512093675248757,0.8334173178636626
shifts,8,5,0.47512093675248757,0.8334173178636626
trans,8,5,0.47512093675248757,0.8334173178636626
wellbeing,8,5,0.47512093675248757,0.8334173178636626
clinton's,14,10,0.3416034104916097,0.8250506785926026
request,14,10,0.3416034104916097,0.8250506785926026
shortages,14,10,0.3416034104916097,0.8250506785926026
since,14,10,0.3416034104916097,0.8250506785926026
members,31,25,0.22027061786631652,0.8194329771877417
linked,22,17,0.26297428177425886,0.8143606971003474
medicare,22,17,0.26297428177425886,0.8143606971003474
prosecution,22,17,0.26297428177425886,0.8143606971003474
wage,22,17,0.26297428177425886,0.8143606971003474
accompany,4,2,0.6982507453343949,0.8062705794168865
acos,4,2,0.6982507453343949,0.8062705794168865
admitted,4,2,0.6982507453343949,0.8062705794168865
battleground,4,2,0.6982507453343949,0.8062705794168865
blake,4,2,0.6982507453343949,0.8062705794168865
calculations,4,2,0.6982507453343949,0.8062705794168865
camera,4,2,0.6982507453343949,0.8062705794168865
centrist,4,2,0.6982507453343949,0.8062705794168865
certified,4,2,0.6982507453343949,0.8062705794168865
classifying,4,2,0.6982507453343949,0.8062705794168865
clause,4,2,0.6982507453343949,0.8062705794168865
conditional,4,2,0.6982507453343949,0.8062705794168865
confirmations,4,2,0.6982507453343949,0.8062705794168865
cooperate,4,2,0.6982507453343949,0.8062705794168865
culture,4,2,0.6982507453343949,0.8062705794168865
deepen,4,2,0.6982507453343949,0.8062705794168865
desantis's,4,2,0.6982507453343949,0.8062705794168865
direction,4,2,0.6982507453343949,0.8062705794168865
electors,4,2,0.6982507453343949,0.8062705794168865
elites,4,2,0.6982507453343949,0.8062705794168865
elizabeth,4,2,0.6982507453343949,0.8062705794168865
emissions,4,2,0.6982507453343949,0.8062705794168865
emphasizing,4,2,0.6982507453343949,0.8062705794168865
environment,4,2,0.6982507453343949,0.8062705794168865
erode,4,2,0.6982507453343949,0.8062705794168865
established,4,2,0.6982507453343949,0.8062705794168865
geneva,4,2,0.6982507453343949,0.8062705794168865
good,4,2,0.6982507453343949,0.8062705794168865
hackers,4,2,0.6982507453343949,0.8062705794168865
hook,4,2,0.6982507453343949,0.8062705794168865
jacob,4,2,0.6982507453343949,0.8062705794168865
jersey,4,2,0.6982507453343949,0.8062705794168865
jim,4,2,0.6982507453343949,0.8062705794168865
launch,4,2,0.6982507453343949,0.8062705794168865
layoffs,4,2,0.6982507453343949,0.8062705794168865
lies,4,2,0.6982507453343949,0.8062705794168865
lobbyists,4,2,0.6982507453343949,0.8062705794168865
merkel,4,2,0.6982507453343949,0.8062705794168865
michelle,4,2,0.6982507453343949,0.8062705794168865
mishandling,4,2,0.6982507453343949,0.8062705794168865
outcome,4,2,0.6982507453343949,0.8062705794168865
park,4,2,0.6982507453343949,0.8062705794168865
passed,4,2,0.6982507453343949,0.8062705794168865
project,4,2,0.6982507453343949,0.8062705794168865
prude's,4,2,0.6982507453343949,0.8062705794168865
publics,4,2,0.6982507453343949,0.8062705794168865
receiving,4,2,0.6982507453343949,0.8062705794168865
rollbacks,4,2,0.6982507453343949,0.8062705794168865
roughly,4,2,0.6982507453343949,0.8062705794168865
sanction,4,2,0.6982507453343949,0.8062705794168865
sandy,4,2,0.6982507453343949,0.8062705794168865
siege,4,2,0.6982507453343949,0.8062705794168865
sponsor,4,2,0.6982507453343949,0.8062705794168865
sponsored,4,2,0.6982507453343949,0.8062705794168865
transfer,4,2,0.6982507453343949,0.8062705794168865
treason,4,2,0.6982507453343949,0.8062705794168865
universities,4,2,0.6982507453343949,0.8062705794168865
videos,4,2,0.6982507453343949,0.8062705794168865
websites,4,2,0.6982507453343949,0.8062705794168865
wins,4,2,0.6982507453343949,0.8062705794168865
witness,4,2,0.6982507453343949,0.8062705794168865
failures,32,26,0.21279867355622795,0.8059657985790002
require,32,26,0.21279867355622795,0.8059657985790002
will,580,556,0.047701125461316884,0.8036942886203366
green,15,11,0.3152861750121332,0.794255546966529
criminal,46,39,0.1702534767643904,0.7821639142972737
allegedly,9,6,0.4105824940686045,0.7790255660105512
avenues,9,6,0.4105824940686045,0.7790255660105512
improving,9,6,0.4105824940686045,0.7790255660105512
invasion,9,6,0.4105824940686045,0.7790255660105512
overturned,9,6,0.4105824940686045,0.7790255660105512
publicly,9,6,0.4105824940686045,0.7790255660105512
unions,9,6,0.4105824940686045,0.7790255660105512
venezuelan,9,6,0.4105824940686045,0.7790255660105512
harris,16,12,0.29281339143148344,0.7667654999079649
refusal,16,12,0.29281339143148344,0.7667654999079649
tensions,16,12,0.29281339143148344,0.7667654999079649
education,25,20,0.22828893650622017,0.7609631742022411
mail,25,20,0.22828893650622017,0.7609631742022411
brown,17,13,0.27339537740175324,0.7420389581384436
credibility,17,13,0.27339537740175324,0.7420389581384436
end,17,13,0.27339537740175324,0.7420389581384436
strain,17,13,0.27339537740175324,0.7420389581384436
subpoena,17,13,0.27339537740175324,0.7420389581384436
testimony,17,13,0.27339537740175324,0.7420389581384436
administration,86,77,0.11574528914330884,0.7377413729192219
100,10,7,0.3617924058700037,0.7341487050547361
ads,10,7,0.3617924058700037,0.7341487050547361
aides,10,7,0.3617924058700037,0.7341487050547361
momentum,10,7,0.3617924058700037,0.7341487050547361
package,10,7,0.3617924058700037,0.7341487050547361
pre,10,7,0.3617924058700037,0.7341487050547361
reversal,10,7,0.3617924058700037,0.7341487050547361
taxes,10,7,0.3617924058700037,0.7341487050547361
veterans,27,22,0.20993993898384922,0.7309543903799415
campaign,161,149,0.08270712044289041,0.7275588958405744
fuel,18,14,0.25644589056057576,0.7196495455334567
gender,18,14,0.25644589056057576,0.7196495455334567
17,5,3,0.5159292864435692,0.7064653245634555
abandoning,5,3,0.5159292864435692,0.7064653245634555
addiction,5,3,0.5159292864435692,0.7064653245634555
advocacy,5,3,0.5159292864435692,0.7064653245634555
affordability,5,3,0.5159292864435692,0.7064653245634555
african,5,3,0.5159292864435692,0.7064653245634555
aide,5,3,0.5159292864435692,0.7064653245634555
airstrikes,5,3,0.5159292864435692,0.7064653245634555
announced,5,3,0.5159292864435692,0.7064653245634555
arab,5,3,0.5159292864435692,0.7064653245634555
bathrooms,5,3,0.5159292864435692,0.7064653245634555
bombing,5,3,0.5159292864435692,0.7064653245634555
census,5,3,0.5159292864435692,0.7064653245634555
coercion,5,3,0.5159292864435692,0.7064653245634555
denial,5,3,0.5159292864435692,0.7064653245634555
directed,5,3,0.5159292864435692,0.7064653245634555
disney's,5,3,0.5159292864435692,0.7064653245634555
distrust,5,3,0.5159292864435692,0.7064653245634555
drinking,5,3,0.5159292864435692,0.7064653245634555
elite,5,3,0.5159292864435692,0.7064653245634555
enabled,5,3,0.5159292864435692,0.7064653245634555
endorsed,5,3,0.5159292864435692,0.7064653245634555
excluding,5,3,0.5159292864435692,0.7064653245634555
finances,5,3,0.5159292864435692,0.7064653245634555
fix,5,3,0.5159292864435692,0.7064653245634555
gabbard's,5,3,0.5159292864435692,0.7064653245634555
incitement,5,3,0.5159292864435692,0.7064653245634555
ineffective,5,3,0.5159292864435692,0.7064653245634555
judiciary,5,3,0.5159292864435692,0.7064653245634555
macron,5,3,0.5159292864435692,0.7064653245634555
messages,5,3,0.5159292864435692,0.7064653245634555
nerve,5,3,0.5159292864435692,0.7064653245634555
offensive,5,3,0.5159292864435692,0.7064653245634555
persistent,5,3,0.5159292864435692,0.7064653245634555
populations,5,3,0.5159292864435692,0.7064653245634555
purchases,5,3,0.5159292864435692,0.7064653245634555
resign,5,3,0.5159292864435692,0.7064653245634555
resolve,5,3,0.5159292864435692,0.7064653245634555
rosenstein,5,3,0.5159292864435692,0.7064653245634555
ruled,5,3,0.5159292864435692,0.7064653245634555
russians,5,3,0.5159292864435692,0.7064653245634555
searches,5,3,0.5159292864435692,0.7064653245634555
senate's,5,3,0.5159292864435692,0.7064653245634555
shaping,5,3,0.5159292864435692,0.7064653245634555
spencer,5,3,0.5159292864435692,0.7064653245634555
surges,5,3,0.5159292864435692,0.7064653245634555
swimming,5,3,0.5159292864435692,0.7064653245634555
technical,5,3,0.5159292864435692,0.7064653245634555
tentative,5,3,0.5159292864435692,0.7064653245634555
theft,5,3,0.5159292864435692,0.7064653245634555
victories,5,3,0.5159292864435692,0.7064653245634555
walmart's,5,3,0.5159292864435692,0.7064653245634555
weekend,5,3,0.5159292864435692,0.7064653245634555
in,753,730,0.03646125057423166,0.7019722306897247
delaying,11,8,0.32357126741215936,0.6963611219996848
operation,11,8,0.32357126741215936,0.6963611219996848
riot,11,8,0.32357126741215936,0.6963611219996848
sales,11,8,0.32357126741215936,0.6963611219996848
transition,11,8,0.32357126741215936,0.6963611219996848
virus,11,8,0.32357126741215936,0.6963611219996848
employees,20,16,0.2282751557257292,0.6805850680039737
no,20,16,0.2282751557257292,0.6805850680039737
bill's,12,9,0.29279968200206063,0.6640073115999896
contraceptive,12,9,0.29279968200206063,0.6640073115999896
excessive,12,9,0.29279968200206063,0.6640073115999896
kamala,12,9,0.29279968200206063,0.6640073115999896
mean,12,9,0.29279968200206063,0.6640073115999896
plea,12,9,0.29279968200206063,0.6640073115999896
research,12,9,0.29279968200206063,0.6640073115999896
resolution,12,9,0.29279968200206063,0.6640073115999896
sexual,12,9,0.29279968200206063,0.6640073115999896
support,287,273,0.055295387614693325,0.6540594042139184
advanced,6,4,0.4105688552251632,0.6360505818959565
ahmaud,6,4,0.4105688552251632,0.6360505818959565
amount,6,4,0.4105688552251632,0.6360505818959565
authorize,6,4,0.4105688552251632,0.6360505818959565
bombs,6,4,0.4105688552251632,0.6360505818959565
boosters,6,4,0.4105688552251632,0.6360505818959565
breaking,6,4,0.4105688552251632,0.6360505818959565
buy,6,4,0.4105688552251632,0.6360505818959565
cohen,6,4,0.4105688552251632,0.6360505818959565
easing,6,4,0.4105688552251632,0.6360505818959565
evacuations,6,4,0.4105688552251632,0.6360505818959565
exchange,6,4,0.4105688552251632,0.6360505818959565
fueling,6,4,0.4105688552251632,0.6360505818959565
george,6,4,0.4105688552251632,0.6360505818959565
hosts,6,4,0.4105688552251632,0.6360505818959565
initiative,6,4,0.4105688552251632,0.6360505818959565
internal,6,4,0.4105688552251632,0.6360505818959565
investigating,6,4,0.4105688552251632,0.6360505818959565
iraq,6,4,0.4105688552251632,0.6360505818959565
jurisprudence,6,4,0.4105688552251632,0.6360505818959565
kellyanne,6,4,0.4105688552251632,0.6360505818959565
least,6,4,0.4105688552251632,0.6360505818959565
mueller's,6,4,0.4105688552251632,0.6360505818959565
permanently,6,4,0.4105688552251632,0.6360505818959565
physical,6,4,0.4105688552251632,0.6360505818959565
preexisting,6,4,0.4105688552251632,0.6360505818959565
restaurants,6,4,0.4105688552251632,0.6360505818959565
texans,6,4,0.4105688552251632,0.6360505818959565
200,13,10,0.26748194647980483,0.6359196769019496
claim,23,19,0.19618705294891647,0.6328291072037358
according,36,31,0.15467789174260815,0.6312813651387837
6,72,65,0.10745439709306215,0.6280393625339739
coronavirus,37,32,0.15032823753693592,0.6227186907415192
led,24,20,0.18745344330069358,0.6191383885466883
failure,14,11,0.2462798107000772,0.6112504576335897
online,14,11,0.2462798107000772,0.6112504576335897
alternatives,25,21,0.17948534386738313,0.6063589007577194
response,57,51,0.11638669514755673,0.6038290513871578
school,59,53,0.11240673002916779,0.5939464252826848
enable,15,12,0.22826137661612478,0.58936838081733
pass,15,12,0.22826137661612478,0.58936838081733
did,220,209,0.05653307242371941,0.5852729541146336
advancing,7,5,0.3415760624085262,0.5833522239085844
california's,7,5,0.3415760624085262,0.5833522239085844
condemn,7,5,0.3415760624085262,0.5833522239085844
go,7,5,0.3415760624085262,0.5833522239085844
guarantee,7,5,0.3415760624085262,0.5833522239085844
indict,7,5,0.3415760624085262,0.5833522239085844
issues,7,5,0.3415760624085262,0.5833522239085844
lift,7,5,0.3415760624085262,0.5833522239085844
moore,7,5,0.3415760624085262,0.5833522239085844
passage,7,5,0.3415760624085262,0.5833522239085844
primarily,7,5,0.3415760624085262,0.5833522239085844
purchase,7,5,0.3415760624085262,0.5833522239085844
replacement,7,5,0.3415760624085262,0.5833522239085844
resilience,7,5,0.3415760624085262,0.5833522239085844
score,7,5,0.3415760624085262,0.5833522239085844
super,7,5,0.3415760624085262,0.5833522239085844
title,7,5,0.3415760624085262,0.5833522239085844
trading,7,5,0.3415760624085262,0.5833522239085844
this,27,23,0.16547474696808528,0.5831664801625839
instead,28,24,0.15928284669566128,0.5726008693824094
157,2,1,0.6982371763234383,0.5701083151249022
2006,2,1,0.6982371763234383,0.5701083151249022
49,2,1,0.6982371763234383,0.5701083151249022
51,2,1,0.6982371763234383,0.5701083151249022
560,2,1,0.6982371763234383,0.5701083151249022
5th,2,1,0.6982371763234383,0.5701083151249022
80,2,1,0.6982371763234383,0.5701083151249022
acceptable,2,1,0.6982371763234383,0.5701083151249022
aclu,2,1,0.6982371763234383,0.5701083151249022
acosta's,2,1,0.6982371763234383,0.5701083151249022
affluent,2,1,0.6982371763234383,0.5701083151249022
afford,2,1,0.6982371763234383,0.5701083151249022
airstrike,2,1,0.6982371763234383,0.5701083151249022
alienates,2,1,0.6982371763234383,0.5701083151249022
antibodies,2,1,0.6982371763234383,0.5701083151249022
appear,2,1,0.6982371763234383,0.5701083151249022
approvals,2,1,0.6982371763234383,0.5701083151249022
artemis,2,1,0.6982371763234383,0.5701083151249022
artillery,2,1,0.6982371763234383,0.5701083151249022
assumed,2,1,0.6982371763234383,0.5701083151249022
audiences,2,1,0.6982371763234383,0.5701083151249022
barbecues,2,1,0.6982371763234383,0.5701083151249022
began,2,1,0.6982371763234383,0.5701083151249022
blowing,2,1,0.6982371763234383,0.5701083151249022
blue,2,1,0.6982371763234383,0.5701083151249022
bonuses,2,1,0.6982371763234383,0.5701083151249022
boulder,2,1,0.6982371763234383,0.5701083151249022
breakthrough,2,1,0.6982371763234383,0.5701083151249022
brutal,2,1,0.6982371763234383,0.5701083151249022
buttigieg's,2,1,0.6982371763234383,0.5701083151249022
buyers,2,1,0.6982371763234383,0.5701083151249022
canadian,2,1,0.6982371763234383,0.5701083151249022
career,2,1,0.6982371763234383,0.5701083151249022
cartoon,2,1,0.6982371763234383,0.5701083151249022
castro,2,1,0.6982371763234383,0.5701083151249022
celebrities,2,1,0.6982371763234383,0.5701083151249022
charlottesville,2,1,0.6982371763234383,0.5701083151249022
christian,2,1,0.6982371763234383,0.5701083151249022
cleared,2,1,0.6982371763234383,0.5701083151249022
clients,2,1,0.6982371763234383,0.5701083151249022
commentary,2,1,0.6982371763234383,0.5701083151249022
complaint,2,1,0.6982371763234383,0.5701083151249022
complications,2,1,0.6982371763234383,0.5701083151249022
consideration,2,1,0.6982371763234383,0.5701083151249022
continues,2,1,0.6982371763234383,0.5701083151249022
conversations,2,1,0.6982371763234383,0.5701083151249022
converting,2,1,0.6982371763234383,0.5701083151249022
correct,2,1,0.6982371763234383,0.5701083151249022
creationist,2,1,0.6982371763234383,0.5701083151249022
criminalize,2,1,0.6982371763234383,0.5701083151249022
crist,2,1,0.6982371763234383,0.5701083151249022
cuccinelli,2,1,0.6982371763234383,0.5701083151249022
culturally,2,1,0.6982371763234383,0.5701083151249022
declines,2,1,0.6982371763234383,0.5701083151249022
defenders,2,1,0.6982371763234383,0.5701083151249022
definitions,2,1,0.6982371763234383,0.5701083151249022
demonstrators,2,1,0.6982371763234383,0.5701083151249022
designer,2,1,0.6982371763234383,0.5701083151249022
developing,2,1,0.6982371763234383,0.5701083151249022
dignity,2,1,0.6982371763234383,0.5701083151249022
diplomatically,2,1,0.6982371763234383,0.5701083151249022
directing,2,1,0.6982371763234383,0.5701083151249022
dismantle,2,1,0.6982371763234383,0.5701083151249022
displacement,2,1,0.6982371763234383,0.5701083151249022
divides,2,1,0.6982371763234383,0.5701083151249022
downloaded,2,1,0.6982371763234383,0.5701083151249022
drink,2,1,0.6982371763234383,0.5701083151249022
editing,2,1,0.6982371763234383,0.5701083151249022
educational,2,1,0.6982371763234383,0.5701083151249022
effect,2,1,0.6982371763234383,0.5701083151249022
eisen's,2,1,0.6982371763234383,0.5701083151249022
enrich,2,1,0.6982371763234383,0.5701083151249022
evacuees,2,1,0.6982371763234383,0.5701083151249022
expert,2,1,0.6982371763234383,0.5701083151249022
expired,2,1,0.6982371763234383,0.5701083151249022
explosion,2,1,0.6982371763234383,0.5701083151249022
expulsion,2,1,0.6982371763234383,0.5701083151249022
extremists,2,1,0.6982371763234383,0.5701083151249022
feel,2,1,0.6982371763234383,0.5701083151249022
forgiving,2,1,0.6982371763234383,0.5701083151249022
fried,2,1,0.6982371763234383,0.5701083151249022
friends,2,1,0.6982371763234383,0.5701083151249022
froze,2,1,0.6982371763234383,0.5701083151249022
ftc's,2,1,0.6982371763234383,0.5701083151249022
fueled,2,1,0.6982371763234383,0.5701083151249022
gary,2,1,0.6982371763234383,0.5701083151249022
gillibrand's,2,1,0.6982371763234383,0.5701083151249022
greenlanders,2,1,0.6982371763234383,0.5701083151249022
grid,2,1,0.6982371763234383,0.5701083151249022
group,2,1,0.6982371763234383,0.5701083151249022
hand,2,1,0.6982371763234383,0.5701083151249022
handbag,2,1,0.6982371763234383,0.5701083151249022
hardline,2,1,0.6982371763234383,0.5701083151249022
hawkish,2,1,0.6982371763234383,0.5701083151249022
hesitant,2,1,0.6982371763234383,0.5701083151249022
huckabee's,2,1,0.6982371763234383,0.5701083151249022
idaho's,2,1,0.6982371763234383,0.5701083151249022
identification,2,1,0.6982371763234383,0.5701083151249022
impasse,2,1,0.6982371763234383,0.5701083151249022
ingraham's,2,1,0.6982371763234383,0.5701083151249022
insist,2,1,0.6982371763234383,0.5701083151249022
insults,2,1,0.6982371763234383,0.5701083151249022
interpreters,2,1,0.6982371763234383,0.5701083151249022
interruptions,2,1,0.6982371763234383,0.5701083151249022
invite,2,1,0.6982371763234383,0.5701083151249022
istanbul,2,1,0.6982371763234383,0.5701083151249022
ix,2,1,0.6982371763234383,0.5701083151249022
james,2,1,0.6982371763234383,0.5701083151249022
jeffrey,2,1,0.6982371763234383,0.5701083151249022
jets,2,1,0.6982371763234383,0.5701083151249022
kasich,2,1,0.6982371763234383,0.5701083151249022
la,2,1,0.6982371763234383,0.5701083151249022
lanka's,2,1,0.6982371763234383,0.5701083151249022
lawyer,2,1,0.6982371763234383,0.5701083151249022
leadership's,2,1,0.6982371763234383,0.5701083151249022
legality,2,1,0.6982371763234383,0.5701083151249022
links,2,1,0.6982371763234383,0.5701083151249022
locker,2,1,0.6982371763234383,0.5701083151249022
mailboxes,2,1,0.6982371763234383,0.5701083151249022
mandated,2,1,0.6982371763234383,0.5701083151249022
meddled,2,1,0.6982371763234383,0.5701083151249022
mediate,2,1,0.6982371763234383,0.5701083151249022
militias,2,1,0.6982371763234383,0.5701083151249022
ministers,2,1,0.6982371763234383,0.5701083151249022
mistake,2,1,0.6982371763234383,0.5701083151249022
mocked,2,1,0.6982371763234383,0.5701083151249022
moderating,2,1,0.6982371763234383,0.5701083151249022
mortality,2,1,0.6982371763234383,0.5701083151249022
mute,2,1,0.6982371763234383,0.5701083151249022
nationalist,2,1,0.6982371763234383,0.5701083151249022
nato's,2,1,0.6982371763234383,0.5701083151249022
needing,2,1,0.6982371763234383,0.5701083151249022
newsom,2,1,0.6982371763234383,0.5701083151249022
night,2,1,0.6982371763234383,0.5701083151249022
nixon's,2,1,0.6982371763234383,0.5701083151249022
nyc,2,1,0.6982371763234383,0.5701083151249022
o'rourke,2,1,0.6982371763234383,0.5701083151249022
obamacare's,2,1,0.6982371763234383,0.5701083151249022
obtaining,2,1,0.6982371763234383,0.5701083151249022
occurred,2,1,0.6982371763234383,0.5701083151249022
olympics,2,1,0.6982371763234383,0.5701083151249022
parenthood,2,1,0.6982371763234383,0.5701083151249022
pensions,2,1,0.6982371763234383,0.5701083151249022
percentage,2,1,0.6982371763234383,0.5701083151249022
pharmacy,2,1,0.6982371763234383,0.5701083151249022
pick,2,1,0.6982371763234383,0.5701083151249022
pits,2,1,0.6982371763234383,0.5701083151249022
ploy,2,1,0.6982371763234383,0.5701083151249022
polarizing,2,1,0.6982371763234383,0.5701083151249022
portrayal,2,1,0.6982371763234383,0.5701083151249022
premature,2,1,0.6982371763234383,0.5701083151249022
preservation,2,1,0.6982371763234383,0.5701083151249022
pressing,2,1,0.6982371763234383,0.5701083151249022
pricing,2,1,0.6982371763234383,0.5701083151249022
promoted,2,1,0.6982371763234383,0.5701083151249022
publishers,2,1,0.6982371763234383,0.5701083151249022
pulled,2,1,0.6982371763234383,0.5701083151249022
purge,2,1,0.6982371763234383,0.5701083151249022
reaches,2,1,0.6982371763234383,0.5701083151249022
rebates,2,1,0.6982371763234383,0.5701083151249022
recognized,2,1,0.6982371763234383,0.5701083151249022
redirected,2,1,0.6982371763234383,0.5701083151249022
referring,2,1,0.6982371763234383,0.5701083151249022
reinstate,2,1,0.6982371763234383,0.5701083151249022
rejoining,2,1,0.6982371763234383,0.5701083151249022
relocation,2,1,0.6982371763234383,0.5701083151249022
reportedly,2,1,0.6982371763234383,0.5701083151249022
resigned,2,1,0.6982371763234383,0.5701083151249022
restrained,2,1,0.6982371763234383,0.5701083151249022
reversing,2,1,0.6982371763234383,0.5701083151249022
rigorous,2,1,0.6982371763234383,0.5701083151249022
rises,2,1,0.6982371763234383,0.5701083151249022
rochester,2,1,0.6982371763234383,0.5701083151249022
rooms,2,1,0.6982371763234383,0.5701083151249022
rushing,2,1,0.6982371763234383,0.5701083151249022
safer,2,1,0.6982371763234383,0.5701083151249022
scrapping,2,1,0.6982371763234383,0.5701083151249022
screenings,2,1,0.6982371763234383,0.5701083151249022
sealing,2,1,0.6982371763234383,0.5701083151249022
season,2,1,0.6982371763234383,0.5701083151249022
secured,2,1,0.6982371763234383,0.5701083151249022
selloff,2,1,0.6982371763234383,0.5701083151249022
sense,2,1,0.6982371763234383,0.5701083151249022
separatists,2,1,0.6982371763234383,0.5701083151249022
session,2,1,0.6982371763234383,0.5701083151249022
sexually,2,1,0.6982371763234383,0.5701083151249022
shared,2,1,0.6982371763234383,0.5701083151249022
shelter,2,1,0.6982371763234383,0.5701083151249022
shore,2,1,0.6982371763234383,0.5701083151249022
shortcomings,2,1,0.6982371763234383,0.5701083151249022
shut,2,1,0.6982371763234383,0.5701083151249022
sight,2,1,0.6982371763234383,0.5701083151249022
smith,2,1,0.6982371763234383,0.5701083151249022
son,2,1,0.6982371763234383,0.5701083151249022
span's,2,1,0.6982371763234383,0.5701083151249022
spiking,2,1,0.6982371763234383,0.5701083151249022
step,2,1,0.6982371763234383,0.5701083151249022
stone,2,1,0.6982371763234383,0.5701083151249022
stores,2,1,0.6982371763234383,0.5701083151249022
struck,2,1,0.6982371763234383,0.5701083151249022
subversion,2,1,0.6982371763234383,0.5701083151249022
subvert,2,1,0.6982371763234383,0.5701083151249022
surging,2,1,0.6982371763234383,0.5701083151249022
suspended,2,1,0.6982371763234383,0.5701083151249022
swearing,2,1,0.6982371763234383,0.5701083151249022
tackle,2,1,0.6982371763234383,0.5701083151249022
taliban's,2,1,0.6982371763234383,0.5701083151249022
teen,2,1,0.6982371763234383,0.5701083151249022
temperature,2,1,0.6982371763234383,0.5701083151249022
theocratic,2,1,0.6982371763234383,0.5701083151249022
ticketed,2,1,0.6982371763234383,0.5701083151249022
tighten,2,1,0.6982371763234383,0.5701083151249022
trending,2,1,0.6982371763234383,0.5701083151249022
tribe's,2,1,0.6982371763234383,0.5701083151249022
trying,2,1,0.6982371763234383,0.5701083151249022
tsipras,2,1,0.6982371763234383,0.5701083151249022
university's,2,1,0.6982371763234383,0.5701083151249022
uyghur,2,1,0.6982371763234383,0.5701083151249022
va,2,1,0.6982371763234383,0.5701083151249022
violates,2,1,0.6982371763234383,0.5701083151249022
vow,2,1,0.6982371763234383,0.5701083151249022
warns,2,1,0.6982371763234383,0.5701083151249022
weakened,2,1,0.6982371763234383,0.5701083151249022
welfare,2,1,0.6982371763234383,0.5701083151249022
whelan,2,1,0.6982371763234383,0.5701083151249022
withheld,2,1,0.6982371763234383,0.5701083151249022
woodward's,2,1,0.6982371763234383,0.5701083151249022
move,16,13,0.21275726114510007,0.5697929734924209
prioritizing,16,13,0.21275726114510007,0.5697929734924209
rally,16,13,0.21275726114510007,0.5697929734924209
compared,30,26,0.14823315028182638,0.553220998024018
early,17,14,0.1992739815906326,0.5521515042955853
near,17,14,0.1992739815906326,0.5521515042955853
biden,167,158,0.060607889493613065,0.5461026562887175
upcoming,31,27,0.14328271493215716,0.5443053006986387
equal,49,44,0.11277772907228201,0.543008063333067
adults,8,6,0.29278597386547744,0.5421343170938643
conviction,8,6,0.29278597386547744,0.5421343170938643
handgun,8,6,0.29278597386547744,0.5421343170938643
harvard,8,6,0.29278597386547744,0.5421343170938643
hotel,8,6,0.29278597386547744,0.5421343170938643
leaked,8,6,0.29278597386547744,0.5421343170938643
michigan,8,6,0.29278597386547744,0.5421343170938643
omicron,8,6,0.29278597386547744,0.5421343170938643
pac,8,6,0.29278597386547744,0.5421343170938643
passing,8,6,0.29278597386547744,0.5421343170938643
people's,8,6,0.29278597386547744,0.5421343170938643
reduction,8,6,0.29278597386547744,0.5421343170938643
required,8,6,0.29278597386547744,0.5421343170938643
sustained,8,6,0.29278597386547744,0.5421343170938643
west,8,6,0.29278597386547744,0.5421343170938643
workforce,8,6,0.29278597386547744,0.5421343170938643
affecting,18,15,0.18743959449782288,0.5361499599905518
booster,18,15,0.18743959449782288,0.5361499599905518
california,18,15,0.18743959449782288,0.5361499599905518
expose,18,15,0.18743959449782288,0.5361499599905518
deal,33,29,0.13434424742528694,0.5278119618494116
documents,33,29,0.13434424742528694,0.5278119618494116
classified,19,16,0.17696836499686697,0.5215529879317616
within,19,16,0.17696836499686697,0.5215529879317616
year,19,16,0.17696836499686697,0.5215529879317616
19,81,75,0.08212377549216754,0.5124833713845703
reflect,81,75,0.08212377549216754,0.5124833713845703
evacuation,9,7,0.25641840350605527,0.5088145307878343
figures,9,7,0.25641840350605527,0.5088145307878343
former,9,7,0.25641840350605527,0.5088145307878343
midterms,9,7,0.25641840350605527,0.5088145307878343
netanyahu's,9,7,0.25641840350605527,0.5088145307878343
profit,9,7,0.25641840350605527,0.5088145307878343
renewed,9,7,0.25641840350605527,0.5088145307878343
reparations,9,7,0.25641840350605527,0.5088145307878343
rise,9,7,0.25641840350605527,0.5088145307878343
saying,9,7,0.25641840350605527,0.5088145307878343
violating,9,7,0.25641840350605527,0.5088145307878343
warrant,9,7,0.25641840350605527,0.5088145307878343
sanders,20,17,0.16763710777811092,0.5081697224209896
taliban,20,17,0.16763710777811092,0.5081697224209896
tweets,20,17,0.16763710777811092,0.5081697224209896
capitol,36,32,0.12291576058562992,0.505917131070462
4,21,18,0.1592689281864459,0.4958435673524012
biden's,128,121,0.06141918183065087,0.4843976779423816
confirming,10,8,0.22824759917709692,0.4811882224504874
congresswomen,10,8,0.22824759917709692,0.4811882224504874
donations,10,8,0.22824759917709692,0.4811882224504874
failing,10,8,0.22824759917709692,0.4811882224504874
finance,10,8,0.22824759917709692,0.4811882224504874
hospitalizations,10,8,0.22824759917709692,0.4811882224504874
meetings,10,8,0.22824759917709692,0.4811882224504874
migrant,10,8,0.22824759917709692,0.4811882224504874
pennsylvania,10,8,0.22824759917709692,0.4811882224504874
reelection,10,8,0.22824759917709692,0.4811882224504874
regulation,10,8,0.22824759917709692,0.4811882224504874
sentences,10,8,0.22824759917709692,0.4811882224504874
trillion,40,36,0.11049351887404235,0.4809625749672624
checks,23,20,0.14488033057414107,0.47386446887411154
lead,23,20,0.14488033057414107,0.47386446887411154
well,23,20,0.14488033057414107,0.47386446887411154
pandemic,44,40,0.10044346101428658,0.4597676275965519
ceiling,11,9,0.20577481515825014,0.45782009330443724
deportation,11,9,0.20577481515825014,0.45782009330443724
drone,11,9,0.20577481515825014,0.45782009330443724
false,11,9,0.20577481515825014,0.45782009330443724
flights,11,9,0.20577481515825014,0.45782009330443724
woman,11,9,0.20577481515825014,0.45782009330443724
rule,25,22,0.13295189921824768,0.4548068434518083
aimed,3,2,0.4105552173004998,0.4497407400372393
allegation,3,2,0.4105552173004998,0.4497407400372393
attribution,3,2,0.4105552173004998,0.4497407400372393
avenue,3,2,0.4105552173004998,0.4497407400372393
barring,3,2,0.4105552173004998,0.4497407400372393
benefiting,3,2,0.4105552173004998,0.4497407400372393
betting,3,2,0.4105552173004998,0.4497407400372393
blunt,3,2,0.4105552173004998,0.4497407400372393
body,3,2,0.4105552173004998,0.4497407400372393
caribbean,3,2,0.4105552173004998,0.4497407400372393
catholics,3,2,0.4105552173004998,0.4497407400372393
cellphones,3,2,0.4105552173004998,0.4497407400372393
certification,3,2,0.4105552173004998,0.4497407400372393
chip,3,2,0.4105552173004998,0.4497407400372393
clash,3,2,0.4105552173004998,0.4497407400372393
closed,3,2,0.4105552173004998,0.4497407400372393
confidantes,3,2,0.4105552173004998,0.4497407400372393
confrontation,3,2,0.4105552173004998,0.4497407400372393
consent,3,2,0.4105552173004998,0.4497407400372393
cortez,3,2,0.4105552173004998,0.4497407400372393
crash,3,2,0.4105552173004998,0.4497407400372393
crowd,3,2,0.4105552173004998,0.4497407400372393
crown,3,2,0.4105552173004998,0.4497407400372393
cybercrime,3,2,0.4105552173004998,0.4497407400372393
days,3,2,0.4105552173004998,0.4497407400372393
declined,3,2,0.4105552173004998,0.4497407400372393
demilitarisation,3,2,0.4105552173004998,0.4497407400372393
detention,3,2,0.4105552173004998,0.4497407400372393
directive,3,2,0.4105552173004998,0.4497407400372393
dna,3,2,0.4105552173004998,0.4497407400372393
donated,3,2,0.4105552173004998,0.4497407400372393
dose,3,2,0.4105552173004998,0.4497407400372393
earlier,3,2,0.4105552173004998,0.4497407400372393
endorsing,3,2,0.4105552173004998,0.4497407400372393
evaluating,3,2,0.4105552173004998,0.4497407400372393
evasion,3,2,0.4105552173004998,0.4497407400372393
expectations,3,2,0.4105552173004998,0.4497407400372393
extremist,3,2,0.4105552173004998,0.4497407400372393
falsehoods,3,2,0.4105552173004998,0.4497407400372393
february,3,2,0.4105552173004998,0.4497407400372393
files,3,2,0.4105552173004998,0.4497407400372393
filibuster,3,2,0.4105552173004998,0.4497407400372393
footage,3,2,0.4105552173004998,0.4497407400372393
gaetz,3,2,0.4105552173004998,0.4497407400372393
gay,3,2,0.4105552173004998,0.4497407400372393
germanwings,3,2,0.4105552173004998,0.4497407400372393
gomez's,3,2,0.4105552173004998,0.4497407400372393
grain,3,2,0.4105552173004998,0.4497407400372393
greene,3,2,0.4105552173004998,0.4497407400372393
griner,3,2,0.4105552173004998,0.4497407400372393
harry,3,2,0.4105552173004998,0.4497407400372393
hazardous,3,2,0.4105552173004998,0.4497407400372393
highest,3,2,0.4105552173004998,0.4497407400372393
homicide,3,2,0.4105552173004998,0.4497407400372393
hostages,3,2,0.4105552173004998,0.4497407400372393
hydroxychloroquine,3,2,0.4105552173004998,0.4497407400372393
ida,3,2,0.4105552173004998,0.4497407400372393
impeaching,3,2,0.4105552173004998,0.4497407400372393
improvement,3,2,0.4105552173004998,0.4497407400372393
inauguration,3,2,0.4105552173004998,0.4497407400372393
infants,3,2,0.4105552173004998,0.4497407400372393
infighting,3,2,0.4105552173004998,0.4497407400372393
investigators,3,2,0.4105552173004998,0.4497407400372393
iranians,3,2,0.4105552173004998,0.4497407400372393
jerusalem,3,2,0.4105552173004998,0.4497407400372393
labels,3,2,0.4105552173004998,0.4497407400372393
larger,3,2,0.4105552173004998,0.4497407400372393
leveraged,3,2,0.4105552173004998,0.4497407400372393
liberation,3,2,0.4105552173004998,0.4497407400372393
loophole,3,2,0.4105552173004998,0.4497407400372393
man,3,2,0.4105552173004998,0.4497407400372393
map,3,2,0.4105552173004998,0.4497407400372393
member,3,2,0.4105552173004998,0.4497407400372393
memoir,3,2,0.4105552173004998,0.4497407400372393
mine,3,2,0.4105552173004998,0.4497407400372393
minute,3,2,0.4105552173004998,0.4497407400372393
nashville,3,2,0.4105552173004998,0.4497407400372393
offenses,3,2,0.4105552173004998,0.4497407400372393
our,3,2,0.4105552173004998,0.4497407400372393
paul,3,2,0.4105552173004998,0.4497407400372393
permitting,3,2,0.4105552173004998,0.4497407400372393
perspectives,3,2,0.4105552173004998,0.4497407400372393
pla,3,2,0.4105552173004998,0.4497407400372393
positive,3,2,0.4105552173004998,0.4497407400372393
proceedings,3,2,0.4105552173004998,0.4497407400372393
promptly,3,2,0.4105552173004998,0.4497407400372393
protective,3,2,0.4105552173004998,0.4497407400372393
punishing,3,2,0.4105552173004998,0.4497407400372393
rayshard,3,2,0.4105552173004998,0.4497407400372393
reasonable,3,2,0.4105552173004998,0.4497407400372393
received,3,2,0.4105552173004998,0.4497407400372393
reference,3,2,0.4105552173004998,0.4497407400372393
refusals,3,2,0.4105552173004998,0.4497407400372393
regain,3,2,0.4105552173004998,0.4497407400372393
rescind,3,2,0.4105552173004998,0.4497407400372393
resignations,3,2,0.4105552173004998,0.4497407400372393
restaurant,3,2,0.4105552173004998,0.4497407400372393
reviews,3,2,0.4105552173004998,0.4497407400372393
revocation,3,2,0.4105552173004998,0.4497407400372393
scott,3,2,0.4105552173004998,0.4497407400372393
sessions,3,2,0.4105552173004998,0.4497407400372393
shadow,3,2,0.4105552173004998,0.4497407400372393
shapiro,3,2,0.4105552173004998,0.4497407400372393
side,3,2,0.4105552173004998,0.4497407400372393
singapore,3,2,0.4105552173004998,0.4497407400372393
slow,3,2,0.4105552173004998,0.4497407400372393
soleimani's,3,2,0.4105552173004998,0.4497407400372393
spent,3,2,0.4105552173004998,0.4497407400372393
spike,3,2,0.4105552173004998,0.4497407400372393
strauss,3,2,0.4105552173004998,0.4497407400372393
street,3,2,0.4105552173004998,0.4497407400372393
suggestion,3,2,0.4105552173004998,0.4497407400372393
tear,3,2,0.4105552173004998,0.4497407400372393
terror,3,2,0.4105552173004998,0.4497407400372393
three,3,2,0.4105552173004998,0.4497407400372393
tool,3,2,0.4105552173004998,0.4497407400372393
transportation,3,2,0.4105552173004998,0.4497407400372393
treasury's,3,2,0.4105552173004998,0.4497407400372393
trials,3,2,0.4105552173004998,0.4497407400372393
tweet,3,2,0.4105552173004998,0.4497407400372393
unvaccinated,3,2,0.4105552173004998,0.4497407400372393
visa,3,2,0.4105552173004998,0.4497407400372393
way,3,2,0.4105552173004998,0.4497407400372393
2016,26,23,0.1277209194577642,0.4461846423228148
police,77,72,0.07228831578181971,0.4409472234650718
thomas,12,10,0.18742574774704934,0.43773227015203725
gas,28,25,0.11844742182975398,0.4304638907919815
power,28,25,0.11844742182975398,0.4304638907919815
bank,13,11,0.17215834644613537,0.42023334502969706
killing,13,11,0.17215834644613537,0.42023334502969706
price,13,11,0.17215834644613537,0.42023334502969706
investigation,31,28,0.1069016392601716,0.4100324715593221
germany,14,12,0.15925501211461857,0.40481920337860294
include,14,12,0.15925501211461857,0.40481920337860294
judge's,14,12,0.15925501211461857,0.40481920337860294
ketanji,14,12,0.15925501211461857,0.40481920337860294
election,144,138,0.047726741480910384,0.4006434513961809
student,34,31,0.09749247323470556,0.39258594234767263
deliver,15,13,0.14820524617868536,0.39111268045092595
john,15,13,0.14820524617868536,0.39111268045092595
missile,15,13,0.14820524617868536,0.39111268045092595
report,35,32,0.09473138113059143,0.3873160628110879
use,106,101,0.053469606268921055,0.3845346344935987
2019,4,3,0.2927722670215491,0.3833289054583678
22,4,3,0.2927722670215491,0.3833289054583678
26,4,3,0.2927722670215491,0.3833289054583678
42,4,3,0.2927722670215491,0.3833289054583678
ab,4,3,0.2927722670215491,0.3833289054583678
adopting,4,3,0.2927722670215491,0.3833289054583678
amy,4,3,0.2927722670215491,0.3833289054583678
annexation,4,3,0.2927722670215491,0.3833289054583678
announcement,4,3,0.2927722670215491,0.3833289054583678
apartment,4,3,0.2927722670215491,0.3833289054583678
articles,4,3,0.2927722670215491,0.3833289054583678
attacking,4,3,0.2927722670215491,0.3833289054583678
autonomy,4,3,0.2927722670215491,0.3833289054583678
baby,4,3,0.2927722670215491,0.3833289054583678
bail,4,3,0.2927722670215491,0.3833289054583678
bessemer,4,3,0.2927722670215491,0.3833289054583678
buildup,4,3,0.2927722670215491,0.3833289054583678
ceo,4,3,0.2927722670215491,0.3833289054583678
charger,4,3,0.2927722670215491,0.3833289054583678
christmas,4,3,0.2927722670215491,0.3833289054583678
clarence,4,3,0.2927722670215491,0.3833289054583678
compensation,4,3,0.2927722670215491,0.3833289054583678
compete,4,3,0.2927722670215491,0.3833289054583678
coney,4,3,0.2927722670215491,0.3833289054583678
davidson,4,3,0.2927722670215491,0.3833289054583678
deficits,4,3,0.2927722670215491,0.3833289054583678
devin,4,3,0.2927722670215491,0.3833289054583678
disease,4,3,0.2927722670215491,0.3833289054583678
diverting,4,3,0.2927722670215491,0.3833289054583678
donor,4,3,0.2927722670215491,0.3833289054583678
elected,4,3,0.2927722670215491,0.3833289054583678
emoluments,4,3,0.2927722670215491,0.3833289054583678
endangering,4,3,0.2927722670215491,0.3833289054583678
eric,4,3,0.2927722670215491,0.3833289054583678
evacuate,4,3,0.2927722670215491,0.3833289054583678
gallup,4,3,0.2927722670215491,0.3833289054583678
garner,4,3,0.2927722670215491,0.3833289054583678
giving,4,3,0.2927722670215491,0.3833289054583678
holmes,4,3,0.2927722670215491,0.3833289054583678
humanity's,4,3,0.2927722670215491,0.3833289054583678
injunction,4,3,0.2927722670215491,0.3833289054583678
insufficient,4,3,0.2927722670215491,0.3833289054583678
jail,4,3,0.2927722670215491,0.3833289054583678
jeff,4,3,0.2927722670215491,0.3833289054583678
levi,4,3,0.2927722670215491,0.3833289054583678
manafort,4,3,0.2927722670215491,0.3833289054583678
melania,4,3,0.2927722670215491,0.3833289054583678
negotiators,4,3,0.2927722670215491,0.3833289054583678
nonviolent,4,3,0.2927722670215491,0.3833289054583678
offenders,4,3,0.2927722670215491,0.3833289054583678
osha,4,3,0.2927722670215491,0.3833289054583678
panel,4,3,0.2927722670215491,0.3833289054583678
passports,4,3,0.2927722670215491,0.3833289054583678
pregnancy,4,3,0.2927722670215491,0.3833289054583678
problems,4,3,0.2927722670215491,0.3833289054583678
propaganda,4,3,0.2927722670215491,0.3833289054583678
provisions,4,3,0.2927722670215491,0.3833289054583678
remaining,4,3,0.2927722670215491,0.3833289054583678
revoke,4,3,0.2927722670215491,0.3833289054583678
rossell,4,3,0.2927722670215491,0.3833289054583678
scrutiny,4,3,0.2927722670215491,0.3833289054583678
shrinking,4,3,0.2927722670215491,0.3833289054583678
sievierodonetsk,4,3,0.2927722670215491,0.3833289054583678
silence,4,3,0.2927722670215491,0.3833289054583678
some,4,3,0.2927722670215491,0.3833289054583678
space,4,3,0.2927722670215491,0.3833289054583678
steve,4,3,0.2927722670215491,0.3833289054583678
stopgap,4,3,0.2927722670215491,0.3833289054583678
stress,4,3,0.2927722670215491,0.3833289054583678
survivor,4,3,0.2927722670215491,0.3833289054583678
threshold,4,3,0.2927722670215491,0.3833289054583678
walkout,4,3,0.2927722670215491,0.3833289054583678
wire,4,3,0.2927722670215491,0.3833289054583678
citizenship,16,14,0.138635865211576,0.3788253284583388
ensuring,16,14,0.138635865211576,0.3788253284583388
millions,16,14,0.138635865211576,0.3788253284583388
water,16,14,0.138635865211576,0.3788253284583388
crimes,17,15,0.13026768542729705,0.36773234165797114
record,17,15,0.13026768542729705,0.36773234165797114
fund,18,16,0.12288764788260309,0.3576556141088192
four,19,17,0.11633031697889784,0.3484519920572231
attack,46,43,0.07256126495634341,0.34207632258132226
affirming,5,4,0.2282338234083472,0.3402309194168455
army,5,4,0.2282338234083472,0.3402309194168455
battle,5,4,0.2282338234083472,0.3402309194168455
central,5,4,0.2282338234083472,0.3402309194168455
chair,5,4,0.2282338234083472,0.3402309194168455
chappelle,5,4,0.2282338234083472,0.3402309194168455
chokehold,5,4,0.2282338234083472,0.3402309194168455
chris,5,4,0.2282338234083472,0.3402309194168455
clearing,5,4,0.2282338234083472,0.3402309194168455
conway,5,4,0.2282338234083472,0.3402309194168455
crypto,5,4,0.2282338234083472,0.3402309194168455
depot,5,4,0.2282338234083472,0.3402309194168455
donors,5,4,0.2282338234083472,0.3402309194168455
el,5,4,0.2282338234083472,0.3402309194168455
epstein's,5,4,0.2282338234083472,0.3402309194168455
fact,5,4,0.2282338234083472,0.3402309194168455
firearms,5,4,0.2282338234083472,0.3402309194168455
haitian,5,4,0.2282338234083472,0.3402309194168455
hit,5,4,0.2282338234083472,0.3402309194168455
hood,5,4,0.2282338234083472,0.3402309194168455
indigenous,5,4,0.2282338234083472,0.3402309194168455
internet,5,4,0.2282338234083472,0.3402309194168455
jussie,5,4,0.2282338234083472,0.3402309194168455
kavanaugh's,5,4,0.2282338234083472,0.3402309194168455
lia,5,4,0.2282338234083472,0.3402309194168455
male,5,4,0.2282338234083472,0.3402309194168455
methane,5,4,0.2282338234083472,0.3402309194168455
name,5,4,0.2282338234083472,0.3402309194168455
papers,5,4,0.2282338234083472,0.3402309194168455
peoples,5,4,0.2282338234083472,0.3402309194168455
phone,5,4,0.2282338234083472,0.3402309194168455
pirro,5,4,0.2282338234083472,0.3402309194168455
prince,5,4,0.2282338234083472,0.3402309194168455
rail,5,4,0.2282338234083472,0.3402309194168455
reach,5,4,0.2282338234083472,0.3402309194168455
recruitment,5,4,0.2282338234083472,0.3402309194168455
says,5,4,0.2282338234083472,0.3402309194168455
six,5,4,0.2282338234083472,0.3402309194168455
statues,5,4,0.2282338234083472,0.3402309194168455
third,5,4,0.2282338234083472,0.3402309194168455
treaties,5,4,0.2282338234083472,0.3402309194168455
uap,5,4,0.2282338234083472,0.3402309194168455
undermines,5,4,0.2282338234083472,0.3402309194168455
warned,5,4,0.2282338234083472,0.3402309194168455
wisconsin,5,4,0.2282338234083472,0.3402309194168455
withholding,5,4,0.2282338234083472,0.3402309194168455
zelensky's,5,4,0.2282338234083472,0.3402309194168455
white,90,86,0.05059884544705184,0.33554809923111495
desantis,21,19,0.10518827944729026,0.332218515308535
nomination,21,19,0.10518827944729026,0.332218515308535
shutdown,21,19,0.10518827944729026,0.332218515308535
congressional,50,47,0.06699566458578055,0.329757584270988
staff,22,20,0.10041507009967532,0.3250129145237389
supporters,24,22,0.09211640593110992,0.31208655534277874
99,6,5,0.18741190304791466,0.3095005927989927
answers,6,5,0.18741190304791466,0.3095005927989927
arrest,6,5,0.18741190304791466,0.3095005927989927
biological,6,5,0.18741190304791466,0.3095005927989927
breonna,6,5,0.18741190304791466,0.3095005927989927
c,6,5,0.18741190304791466,0.3095005927989927
cash,6,5,0.18741190304791466,0.3095005927989927
christie,6,5,0.18741190304791466,0.3095005927989927
coalition,6,5,0.18741190304791466,0.3095005927989927
commission's,6,5,0.18741190304791466,0.3095005927989927
communication,6,5,0.18741190304791466,0.3095005927989927
condemnation,6,5,0.18741190304791466,0.3095005927989927
danchenko,6,5,0.18741190304791466,0.3095005927989927
defence,6,5,0.18741190304791466,0.3095005927989927
drive,6,5,0.18741190304791466,0.3095005927989927
eight,6,5,0.18741190304791466,0.3095005927989927
everglades,6,5,0.18741190304791466,0.3095005927989927
foster,6,5,0.18741190304791466,0.3095005927989927
gang,6,5,0.18741190304791466,0.3095005927989927
homes,6,5,0.18741190304791466,0.3095005927989927
incomes,6,5,0.18741190304791466,0.3095005927989927
jackson,6,5,0.18741190304791466,0.3095005927989927
meddling,6,5,0.18741190304791466,0.3095005927989927
membership,6,5,0.18741190304791466,0.3095005927989927
murder,6,5,0.18741190304791466,0.3095005927989927
netflix,6,5,0.18741190304791466,0.3095005927989927
nunes,6,5,0.18741190304791466,0.3095005927989927
part,6,5,0.18741190304791466,0.3095005927989927
recognition,6,5,0.18741190304791466,0.3095005927989927
reverse,6,5,0.18741190304791466,0.3095005927989927
rolling,6,5,0.18741190304791466,0.3095005927989927
smollett,6,5,0.18741190304791466,0.3095005927989927
surprise,6,5,0.18741190304791466,0.3095005927989927
trip,6,5,0.18741190304791466,0.3095005927989927
vineyard,6,5,0.18741190304791466,0.3095005927989927
undermining,26,24,0.08514787508807764,0.30080228873881587
signal,27,25,0.08206627773539665,0.2956752546932076
like,65,62,0.05237418278956962,0.2950312039069005
companies,28,26,0.07921327790860566,0.2908484972116092
service,28,26,0.07921327790860566,0.2908484972116092
elections,68,65,0.05024194057704445,0.2896354717602366
uphold,29,27,0.0765643388668682,0.2862947826100024
2018,7,6,0.15924109847953893,0.28622539502013294
amazon,7,6,0.15924109847953893,0.28622539502013294
antitrust,7,6,0.15924109847953893,0.28622539502013294
authorizing,7,6,0.15924109847953893,0.28622539502013294
caused,7,6,0.15924109847953893,0.28622539502013294
charged,7,6,0.15924109847953893,0.28622539502013294
comey,7,6,0.15924109847953893,0.28622539502013294
falling,7,6,0.15924109847953893,0.28622539502013294
musk,7,6,0.15924109847953893,0.28622539502013294
overturning,7,6,0.15924109847953893,0.28622539502013294
panic,7,6,0.15924109847953893,0.28622539502013294
paris,7,6,0.15924109847953893,0.28622539502013294
promoting,7,6,0.15924109847953893,0.28622539502013294
ratings,7,6,0.15924109847953893,0.28622539502013294
robert,7,6,0.15924109847953893,0.28622539502013294
transit,7,6,0.15924109847953893,0.28622539502013294
tulsi,7,6,0.15924109847953893,0.28622539502013294
verdict,7,6,0.15924109847953893,0.28622539502013294
viral,7,6,0.15924109847953893,0.28622539502013294
years,7,6,0.15924109847953893,0.28622539502013294
up,31,29,0.07179688757685021,0.27791364340650854
aggressive,8,7,0.1386218826349932,0.2678429417315915
america,8,7,0.1386218826349932,0.2678429417315915
best,8,7,0.1386218826349932,0.2678429417315915
bridge,8,7,0.1386218826349932,0.2678429417315915
fast,8,7,0.1386218826349932,0.2678429417315915
frame,8,7,0.1386218826349932,0.2678429417315915
framework,8,7,0.1386218826349932,0.2678429417315915
indictment,8,7,0.1386218826349932,0.2678429417315915
korea's,8,7,0.1386218826349932,0.2678429417315915
kyle,8,7,0.1386218826349932,0.2678429417315915
memos,8,7,0.1386218826349932,0.2678429417315915
prompt,8,7,0.1386218826349932,0.2678429417315915
providing,8,7,0.1386218826349932,0.2678429417315915
sue,8,7,0.1386218826349932,0.2678429417315915
transfers,8,7,0.1386218826349932,0.2678429417315915
uvalde,8,7,0.1386218826349932,0.2678429417315915
1,85,82,0.041054689474521844,0.26522896731328416
adam,9,8,0.12287359635895534,0.25287179226672835
admissions,9,8,0.12287359635895534,0.25287179226672835
arrests,9,8,0.12287359635895534,0.25287179226672835
ballot,9,8,0.12287359635895534,0.25287179226672835
bernie,9,8,0.12287359635895534,0.25287179226672835
explain,9,8,0.12287359635895534,0.25287179226672835
formula,9,8,0.12287359635895534,0.25287179226672835
indoor,9,8,0.12287359635895534,0.25287179226672835
iranian,9,8,0.12287359635895534,0.25287179226672835
israeli,9,8,0.12287359635895534,0.25287179226672835
kentucky,9,8,0.12287359635895534,0.25287179226672835
organization,9,8,0.12287359635895534,0.25287179226672835
pacific,9,8,0.12287359635895534,0.25287179226672835
pentagon,9,8,0.12287359635895534,0.25287179226672835
test,9,8,0.12287359635895534,0.25287179226672835
12,10,9,0.1104511466001501,0.24038906724227177
emails,10,9,0.1104511466001501,0.24038906724227177
payroll,10,9,0.1104511466001501,0.24038906724227177
pushing,10,9,0.1104511466001501,0.24038906724227177
rep,10,9,0.1104511466001501,0.24038906724227177
7,11,10,0.10040088066521058,0.22978636063467914
away,11,10,0.10040088066521058,0.22978636063467914
comments,11,10,0.10040088066521058,0.22978636063467914
fox,11,10,0.10040088066521058,0.22978636063467914
large,11,10,0.10040088066521058,0.22978636063467914
minimum,11,10,0.10040088066521058,0.22978636063467914
sustain,11,10,0.10040088066521058,0.22978636063467914
treaty,11,10,0.10040088066521058,0.22978636063467914
quality,51,49,0.04511222719767183,0.22551603444469073
delays,12,11,0.0921021475328967,0.22064436149130012
ending,12,11,0.0921021475328967,0.22064436149130012
housing,12,11,0.0921021475328967,0.22064436149130012
jackson's,12,11,0.0921021475328967,0.22064436149130012
revenue,12,11,0.0921021475328967,0.22064436149130012
robust,12,11,0.0921021475328967,0.22064436149130012
10,13,12,0.08513354772054704,0.21266354840861282
bolster,13,12,0.08513354772054704,0.21266354840861282
china's,13,12,0.08513354772054704,0.21266354840861282
conditions,13,12,0.08513354772054704,0.21266354840861282
draft,13,12,0.08513354772054704,0.21266354840861282
grants,13,12,0.08513354772054704,0.21266354840861282
pelosi,13,12,0.08513354772054704,0.21266354840861282
urging,13,12,0.08513354772054704,0.21266354840861282
alabama's,14,13,0.07919888156619947,0.2056235675412839
donald,14,13,0.07919888156619947,0.2056235675412839
violations,14,13,0.07919888156619947,0.2056235675412839
daniel,15,14,0.0740838501557608,0.1993582544487317
fourth,15,14,0.0740838501557608,0.1993582544487317
college,16,15,0.06962956897515937,0.1937396496440245
michael,16,15,0.06962956897515937,0.1937396496440245
review,16,15,0.06962956897515937,0.1937396496440245
15,17,16,0.06571573875156922,0.1886674179296914
moderation,17,16,0.06571573875156922,0.1886674179296914
two,17,16,0.06571573875156922,0.1886674179296914
big,18,17,0.062249599813968715,0.18406163867350286
concern,18,17,0.062249599813968715,0.18406163867350286
red,18,17,0.062249599813968715,0.18406163867350286
vaccination,18,17,0.062249599813968715,0.18406163867350286
related,19,18,0.059158476234365764,0.17985776794629216
department,20,19,0.05638461830070973,0.1760030398659863
prospects,20,19,0.05638461830070973,0.1760030398659863
payments,21,20,0.053881556996946856,0.17245384549331236
surveillance,21,20,0.053881556996946856,0.17245384549331236
ad,22,21,0.05161147734716387,0.16917379039273717
facebook,22,21,0.05161147734716387,0.16917379039273717
withdrawal,23,22,0.049543293142463085,0.16613223263944352
domestic,25,24,0.04591366274777897,0.16066436218946786
weapons,25,24,0.04591366274777897,0.16066436218946786
enforce,27,26,0.042832133799724836,0.15588357635556332
strike,29,28,0.04018326316654974,0.1516651565354367
given,31,30,0.03788190367721267,0.14791369338737187
nuclear,32,31,0.036840847906267626,0.14618917246768418
ahead,33,32,0.03586387698911597,0.14455480969265533
unemployment,36,35,0.03326330144765244,0.14012688862567743
threats,44,43,0.028082492306874762,0.13095938217769873
infrastructure,46,45,0.027072018181382163,0.129117509003663
doj,47,46,0.026599385372167994,0.12825018532480648
protests,54,53,0.02378579396866165,0.12301571858238003
force,57,56,0.022793444114316053,0.12114408145483986
life,57,56,0.022793444114316053,0.12114408145483986
party,59,58,0.02218843774811763,0.11999794986901739
amid,60,59,0.021901191392871056,0.11945268609248028
million,67,66,0.02013243127395281,0.11608598829823923
ukraine,75,74,0.018518123821111843,0.11301871633296345
risks,56,56,0.005080359264226786,0.026882736177970313
progressives,36,0,16.519254932481516,0.025718106277294997
marginalized,34,0,16.519227920059436,0.024993465885315706
impeachment,48,48,0.005079811628639241,0.024885894634758078
who,44,44,0.005079537855118055,0.023825146012360545
might,41,41,0.005079332544341675,0.0229976577652268
florida,39,39,0.005079195679710935,0.02242912232835014
inclusion,26,0,16.519119877667233,0.02185600893932421
cuts,35,35,0.005078921972576644,0.021246656392193412
primary,34,34,0.0050788535504020516,0.020940651055239293
treatment,34,34,0.0050788535504020516,0.020940651055239293
reopening,33,33,0.005078785130070429,0.020630124111774367
inclusive,23,0,16.519079364779454,0.020556398990376038
lago,31,31,0.005078648294938759,0.019994659678039053
mar,31,31,0.005078648294938759,0.019994659678039053
underserved,21,0,16.519052357099405,0.019642287248401533
investment,29,29,0.005078511467179858,0.019338396826796993
discrimination,19,0,16.51902535014875,0.018683511382514662
challenges,27,27,0.005078374646793726,0.01865914116727635
9,26,26,0.00507830623936556,0.018310094771319976
5,24,24,0.005078169430037249,0.01759129610891881
fda,24,24,0.005078169430037249,0.01759129610891881
increases,24,24,0.005078169430037249,0.01759129610891881
summit,23,23,0.0050781010281379935,0.017220679589670582
cdc,22,22,0.00507803262808082,0.01684193003445685
blocking,21,21,0.005077964229865728,0.01645448583261972
cases,21,21,0.005077964229865728,0.01645448583261972
supporting,21,21,0.005077964229865728,0.01645448583261972
background,20,20,0.005077895833492718,0.016057717636047224
doses,19,19,0.005077827438963567,0.01565091633844562
comprehensive,13,0,16.51894433367276,0.015454367899747055
disproportionately,13,0,16.51894433367276,0.015454367899747055
hardship,13,0,16.51894433367276,0.015454367899747055
full,18,18,0.005077759046276498,0.015233278164452888
islamic,18,18,0.005077759046276498,0.015233278164452888
likely,18,18,0.005077759046276498,0.015233278164452888
recovery,18,18,0.005077759046276498,0.015233278164452888
taiwan,18,18,0.005077759046276498,0.015233278164452888
tariffs,18,18,0.005077759046276498,0.015233278164452888
humane,12,0,16.518930831564873,0.014848064263677878
meaningful,12,0,16.518930831564873,0.014848064263677878
consumer,17,17,0.0050776906554315104,0.014803885971076678
migrants,17,17,0.0050776906554315104,0.014803885971076678
program,17,17,0.0050776906554315104,0.014803885971076678
syria,17,17,0.0050776906554315104,0.014803885971076678
v,17,17,0.0050776906554315104,0.014803885971076678
hong,16,16,0.005077622266428605,0.014361685514522857
kong,16,16,0.005077622266428605,0.014361685514522857
memorial,16,16,0.005077622266428605,0.014361685514522857
news,16,16,0.005077622266428605,0.014361685514522857
temporary,16,16,0.005077622266428605,0.014361685514522857
wade,16,16,0.005077622266428605,0.014361685514522857
rebuild,11,0,16.518917329639294,0.014215927604202707
tech,15,15,0.0050775538792695585,0.013905454919342954
500,14,14,0.005077485493949041,0.013433764806993202
energize,14,14,0.005077485493949041,0.013433764806993202
pelosi's,14,14,0.005077485493949041,0.013433764806993202
abuses,9,0,16.51889032633502,0.012858769318957587
compare,9,0,16.51889032633502,0.012858769318957587
informed,9,0,16.51889032633502,0.012858769318957587
solidarity,9,0,16.51889032633502,0.012858769318957587
cut,12,12,0.005077348728839581,0.01243691446917609
elon,12,12,0.005077348728839581,0.01243691446917609
fauci,12,12,0.005077348728839581,0.01243691446917609
funded,12,12,0.005077348728839581,0.01243691446917609
holiday,12,12,0.005077348728839581,0.01243691446917609
ross,12,12,0.005077348728839581,0.01243691446917609
11,11,11,0.005077280349047086,0.011907278684797233
admission,11,11,0.005077280349047086,0.011907278684797233
between,11,11,0.005077280349047086,0.011907278684797233
bump,11,11,0.005077280349047086,0.011907278684797233
compel,11,11,0.005077280349047086,0.011907278684797233
declaration,11,11,0.005077280349047086,0.011907278684797233
expansion,11,11,0.005077280349047086,0.011907278684797233
guilty,11,11,0.005077280349047086,0.011907278684797233
johnson,11,11,0.005077280349047086,0.011907278684797233
reports,11,11,0.005077280349047086,0.011907278684797233
2022,10,10,0.005077211971094897,0.01135299186791607
affidavit,10,10,0.005077211971094897,0.01135299186791607
criticizing,10,10,0.005077211971094897,0.01135299186791607
cutting,10,10,0.005077211971094897,0.01135299186791607
effort,10,10,0.005077211971094897,0.01135299186791607
endorsement,10,10,0.005077211971094897,0.01135299186791607
florida's,10,10,0.005077211971094897,0.01135299186791607
many,10,10,0.005077211971094897,0.01135299186791607
open,10,10,0.005077211971094897,0.01135299186791607
warning,10,10,0.005077211971094897,0.01135299186791607
appointed,7,0,16.51886332375991,0.011340350057256083
immediately,7,0,16.51886332375991,0.011340350057256083
minorities,7,0,16.51886332375991,0.011340350057256083
multicultural,7,0,16.51886332375991,0.011340350057256083
urgently,7,0,16.51886332375991,0.011340350057256083
beyond,9,9,0.005077143594986566,0.010770248720355898
court's,9,9,0.005077143594986566,0.010770248720355898
donbas,9,9,0.005077143594986566,0.010770248720355898
h,9,9,0.005077143594986566,0.010770248720355898
half,9,9,0.005077143594986566,0.010770248720355898
legislative,9,9,0.005077143594986566,0.010770248720355898
pope,9,9,0.005077143594986566,0.010770248720355898
reshape,9,9,0.005077143594986566,0.010770248720355898
travelers,9,9,0.005077143594986566,0.010770248720355898
zaporizhzhia,9,9,0.005077143594986566,0.010770248720355898
bargaining,6,0,16.518849822745775,0.010499115440436904
criminalization,6,0,16.518849822745775,0.010499115440436904
spreading,6,0,16.518849822745775,0.010499115440436904
wars,6,0,16.518849822745775,0.010499115440436904
benghazi,8,8,0.005077075220718541,0.010154151125093932
borrowers,8,8,0.005077075220718541,0.010154151125093932
cards,8,8,0.005077075220718541,0.010154151125093932
credible,8,8,0.005077075220718541,0.010154151125093932
imports,8,8,0.005077075220718541,0.010154151125093932
major,8,8,0.005077075220718541,0.010154151125093932
mike,8,8,0.005077075220718541,0.010154151125093932
refuse,8,8,0.005077075220718541,0.010154151125093932
requirement,8,8,0.005077075220718541,0.010154151125093932
scandal,8,8,0.005077075220718541,0.010154151125093932
vaccines,8,8,0.005077075220718541,0.010154151125093932
align,5,0,16.518836321913916,0.009584329434365267
baseless,5,0,16.518836321913916,0.009584329434365267
contact,5,0,16.518836321913916,0.009584329434365267
culpable,5,0,16.518836321913916,0.009584329434365267
distance,5,0,16.518836321913916,0.009584329434365267
impunity,5,0,16.518836321913916,0.009584329434365267
inappropriate,5,0,16.518836321913916,0.009584329434365267
incarceration,5,0,16.518836321913916,0.009584329434365267
inclusivity,5,0,16.518836321913916,0.009584329434365267
lethal,5,0,16.518836321913916,0.009584329434365267
pocket,5,0,16.518836321913916,0.009584329434365267
protesting,5,0,16.518836321913916,0.009584329434365267
remedy,5,0,16.518836321913916,0.009584329434365267
rollback,5,0,16.518836321913916,0.009584329434365267
society,5,0,16.518836321913916,0.009584329434365267
tracing,5,0,16.518836321913916,0.009584329434365267
30,7,7,0.005077006848292598,0.009498210727801758
alzheimer's,7,7,0.005077006848292598,0.009498210727801758
center,7,7,0.005077006848292598,0.009498210727801758
columbus,7,7,0.005077006848292598,0.009498210727801758
communications,7,7,0.005077006848292598,0.009498210727801758
cruz,7,7,0.005077006848292598,0.009498210727801758
delayed,7,7,0.005077006848292598,0.009498210727801758
dr,7,7,0.005077006848292598,0.009498210727801758
escalating,7,7,0.005077006848292598,0.009498210727801758
exploiting,7,7,0.005077006848292598,0.009498210727801758
greenland,7,7,0.005077006848292598,0.009498210727801758
hack,7,7,0.005077006848292598,0.009498210727801758
handling,7,7,0.005077006848292598,0.009498210727801758
key,7,7,0.005077006848292598,0.009498210727801758
lack,7,7,0.005077006848292598,0.009498210727801758
loan,7,7,0.005077006848292598,0.009498210727801758
mexico,7,7,0.005077006848292598,0.009498210727801758
outlets,7,7,0.005077006848292598,0.009498210727801758
practices,7,7,0.005077006848292598,0.009498210727801758
processing,7,7,0.005077006848292598,0.009498210727801758
question,7,7,0.005077006848292598,0.009498210727801758
senator,7,7,0.005077006848292598,0.009498210727801758
settlement,7,7,0.005077006848292598,0.009498210727801758
summer,7,7,0.005077006848292598,0.009498210727801758
synagogue,7,7,0.005077006848292598,0.009498210727801758
taylor,7,7,0.005077006848292598,0.009498210727801758
xi,7,7,0.005077006848292598,0.009498210727801758
2014,6,6,0.005076938477708737,0.008793515982341179
28,6,6,0.005076938477708737,0.008793515982341179
300,6,6,0.005076938477708737,0.008793515982341179
400,6,6,0.005076938477708737,0.008793515982341179
800,6,6,0.005076938477708737,0.008793515982341179
90,6,6,0.005076938477708737,0.008793515982341179
aiding,6,6,0.005076938477708737,0.008793515982341179
betsy,6,6,0.005076938477708737,0.008793515982341179
breach,6,6,0.005076938477708737,0.008793515982341179
changing,6,6,0.005076938477708737,0.008793515982341179
cnn,6,6,0.005076938477708737,0.008793515982341179
cop26,6,6,0.005076938477708737,0.008793515982341179
corinthian,6,6,0.005076938477708737,0.008793515982341179
dakota,6,6,0.005076938477708737,0.008793515982341179
daniels,6,6,0.005076938477708737,0.008793515982341179
denying,6,6,0.005076938477708737,0.008793515982341179
economies,6,6,0.005076938477708737,0.008793515982341179
exceptions,6,6,0.005076938477708737,0.008793515982341179
firms,6,6,0.005076938477708737,0.008793515982341179
french,6,6,0.005076938477708737,0.008793515982341179
hannity,6,6,0.005076938477708737,0.008793515982341179
institutional,6,6,0.005076938477708737,0.008793515982341179
island,6,6,0.005076938477708737,0.008793515982341179
june,6,6,0.005076938477708737,0.008793515982341179
kenosha,6,6,0.005076938477708737,0.008793515982341179
lee,6,6,0.005076938477708737,0.008793515982341179
legitimacy,6,6,0.005076938477708737,0.008793515982341179
minimizing,6,6,0.005076938477708737,0.008793515982341179
overdose,6,6,0.005076938477708737,0.008793515982341179
override,6,6,0.005076938477708737,0.008793515982341179
perot's,6,6,0.005076938477708737,0.008793515982341179
plant,6,6,0.005076938477708737,0.008793515982341179
roy,6,6,0.005076938477708737,0.008793515982341179
run,6,6,0.005076938477708737,0.008793515982341179
sea,6,6,0.005076938477708737,0.008793515982341179
sen,6,6,0.005076938477708737,0.008793515982341179
stay,6,6,0.005076938477708737,0.008793515982341179
stormy,6,6,0.005076938477708737,0.008793515982341179
uranium,6,6,0.005076938477708737,0.008793515982341179
visits,6,6,0.005076938477708737,0.008793515982341179
zte,6,6,0.005076938477708737,0.008793515982341179
accessible,4,0,16.51882282126433,0.00857247784740664
admitting,4,0,16.51882282126433,0.00857247784740664
austerity,4,0,16.51882282126433,0.00857247784740664
connections,4,0,16.51882282126433,0.00857247784740664
distract,4,0,16.51882282126433,0.00857247784740664
evade,4,0,16.51882282126433,0.00857247784740664
evolving,4,0,16.51882282126433,0.00857247784740664
g7's,4,0,16.51882282126433,0.00857247784740664
hardliners,4,0,16.51882282126433,0.00857247784740664
inhumane,4,0,16.51882282126433,0.00857247784740664
lgbt,4,0,16.51882282126433,0.00857247784740664
malaria,4,0,16.51882282126433,0.00857247784740664
manchin,4,0,16.51882282126433,0.00857247784740664
masks,4,0,16.51882282126433,0.00857247784740664
maximize,4,0,16.51882282126433,0.00857247784740664
militarization,4,0,16.51882282126433,0.00857247784740664
militarized,4,0,16.51882282126433,0.00857247784740664
presidency,4,0,16.51882282126433,0.00857247784740664
renters,4,0,16.51882282126433,0.00857247784740664
reopenings,4,0,16.51882282126433,0.00857247784740664
speaking,4,0,16.51882282126433,0.00857247784740664
understaffing,4,0,16.51882282126433,0.00857247784740664
wife's,4,0,16.51882282126433,0.00857247784740664
050,5,5,0.005076870108965181,0.008027237005034962
16,5,5,0.005076870108965181,0.008027237005034962
1776,5,5,0.005076870108965181,0.008027237005034962
2013,5,5,0.005076870108965181,0.008027237005034962
25bn,5,5,0.005076870108965181,0.008027237005034962
25th,5,5,0.005076870108965181,0.008027237005034962
600,5,5,0.005076870108965181,0.008027237005034962
970,5,5,0.005076870108965181,0.008027237005034962
agent,5,5,0.005076870108965181,0.008027237005034962
allowed,5,5,0.005076870108965181,0.008027237005034962
arbery,5,5,0.005076870108965181,0.008027237005034962
arpa,5,5,0.005076870108965181,0.008027237005034962
assassination,5,5,0.005076870108965181,0.008027237005034962
barrett,5,5,0.005076870108965181,0.008027237005034962
belgorod,5,5,0.005076870108965181,0.008027237005034962
bomber,5,5,0.005076870108965181,0.008027237005034962
book,5,5,0.005076870108965181,0.008027237005034962
bounties,5,5,0.005076870108965181,0.008027237005034962
burn,5,5,0.005076870108965181,0.008027237005034962
cancel,5,5,0.005076870108965181,0.008027237005034962
cancellations,5,5,0.005076870108965181,0.008027237005034962
carter,5,5,0.005076870108965181,0.008027237005034962
charlotte,5,5,0.005076870108965181,0.008027237005034962
colleyville,5,5,0.005076870108965181,0.008027237005034962
collusion,5,5,0.005076870108965181,0.008027237005034962
country,5,5,0.005076870108965181,0.008027237005034962
crude,5,5,0.005076870108965181,0.008027237005034962
dec,5,5,0.005076870108965181,0.008027237005034962
delivery,5,5,0.005076870108965181,0.008027237005034962
deregulation,5,5,0.005076870108965181,0.008027237005034962
direct,5,5,0.005076870108965181,0.008027237005034962
dobbs,5,5,0.005076870108965181,0.008027237005034962
essential,5,5,0.005076870108965181,0.008027237005034962
favoritism,5,5,0.005076870108965181,0.008027237005034962
friday,5,5,0.005076870108965181,0.008027237005034962
gap,5,5,0.005076870108965181,0.008027237005034962
hostage,5,5,0.005076870108965181,0.008027237005034962
irs,5,5,0.005076870108965181,0.008027237005034962
levels,5,5,0.005076870108965181,0.008027237005034962
mark,5,5,0.005076870108965181,0.008027237005034962
martha's,5,5,0.005076870108965181,0.008027237005034962
minister,5,5,0.005076870108965181,0.008027237005034962
misleading,5,5,0.005076870108965181,0.008027237005034962
monkeypox,5,5,0.005076870108965181,0.008027237005034962
nike,5,5,0.005076870108965181,0.008027237005034962
nominees,5,5,0.005076870108965181,0.008027237005034962
overtime,5,5,0.005076870108965181,0.008027237005034962
participation,5,5,0.005076870108965181,0.008027237005034962
pose,5,5,0.005076870108965181,0.008027237005034962
powell's,5,5,0.005076870108965181,0.008027237005034962
ppp,5,5,0.005076870108965181,0.008027237005034962
primaries,5,5,0.005076870108965181,0.008027237005034962
prime,5,5,0.005076870108965181,0.008027237005034962
representus,5,5,0.005076870108965181,0.008027237005034962
rural,5,5,0.005076870108965181,0.008027237005034962
sackler,5,5,0.005076870108965181,0.008027237005034962
soleimani,5,5,0.005076870108965181,0.008027237005034962
sri,5,5,0.005076870108965181,0.008027237005034962
suit,5,5,0.005076870108965181,0.008027237005034962
ted,5,5,0.005076870108965181,0.008027237005034962
theresa,5,5,0.005076870108965181,0.008027237005034962
tiktok,5,5,0.005076870108965181,0.008027237005034962
tuition,5,5,0.005076870108965181,0.008027237005034962
uae,5,5,0.005076870108965181,0.008027237005034962
usmca,5,5,0.005076870108965181,0.008027237005034962
video,5,5,0.005076870108965181,0.008027237005034962
washington,5,5,0.005076870108965181,0.008027237005034962
witnesses,5,5,0.005076870108965181,0.008027237005034962
ambitious,3,0,16.518809320797004,0.007423977521776447
backers,3,0,16.518809320797004,0.007423977521776447
cannon's,3,0,16.518809320797004,0.007423977521776447
chemicals,3,0,16.518809320797004,0.007423977521776447
circuit's,3,0,16.518809320797004,0.007423977521776447
complicity,3,0,16.518809320797004,0.007423977521776447
contamination,3,0,16.518809320797004,0.007423977521776447
convert,3,0,16.518809320797004,0.007423977521776447
criminalizing,3,0,16.518809320797004,0.007423977521776447
curbs,3,0,16.518809320797004,0.007423977521776447
deep,3,0,16.518809320797004,0.007423977521776447
deport,3,0,16.518809320797004,0.007423977521776447
disadvantaged,3,0,16.518809320797004,0.007423977521776447
disappearance,3,0,16.518809320797004,0.007423977521776447
discriminatory,3,0,16.518809320797004,0.007423977521776447
diversion,3,0,16.518809320797004,0.007423977521776447
dodge,3,0,16.518809320797004,0.007423977521776447
dominance,3,0,16.518809320797004,0.007423977521776447
establish,3,0,16.518809320797004,0.007423977521776447
evolve,3,0,16.518809320797004,0.007423977521776447
exacerbate,3,0,16.518809320797004,0.007423977521776447
exposing,3,0,16.518809320797004,0.007423977521776447
factions,3,0,16.518809320797004,0.007423977521776447
fit,3,0,16.518809320797004,0.007423977521776447
flows,3,0,16.518809320797004,0.007423977521776447
forever,3,0,16.518809320797004,0.007423977521776447
implicate,3,0,16.518809320797004,0.007423977521776447
included,3,0,16.518809320797004,0.007423977521776447
inequalities,3,0,16.518809320797004,0.007423977521776447
injustice,3,0,16.518809320797004,0.007423977521776447
inspectors,3,0,16.518809320797004,0.007423977521776447
intensified,3,0,16.518809320797004,0.007423977521776447
intimidate,3,0,16.518809320797004,0.007423977521776447
journalism,3,0,16.518809320797004,0.007423977521776447
knowledge,3,0,16.518809320797004,0.007423977521776447
laid,3,0,16.518809320797004,0.007423977521776447
lynch's,3,0,16.518809320797004,0.007423977521776447
movements,3,0,16.518809320797004,0.007423977521776447
notify,3,0,16.518809320797004,0.007423977521776447
party's,3,0,16.518809320797004,0.007423977521776447
pension,3,0,16.518809320797004,0.007423977521776447
populist,3,0,16.518809320797004,0.007423977521776447
pressured,3,0,16.518809320797004,0.007423977521776447
profiling,3,0,16.518809320797004,0.007423977521776447
promotions,3,0,16.518809320797004,0.007423977521776447
put,3,0,16.518809320797004,0.007423977521776447
questioning,3,0,16.518809320797004,0.007423977521776447
racially,3,0,16.518809320797004,0.007423977521776447
radicalization,3,0,16.518809320797004,0.007423977521776447
ramming,3,0,16.518809320797004,0.007423977521776447
rankings,3,0,16.518809320797004,0.007423977521776447
reallocate,3,0,16.518809320797004,0.007423977521776447
reforming,3,0,16.518809320797004,0.007423977521776447
repression,3,0,16.518809320797004,0.007423977521776447
resettle,3,0,16.518809320797004,0.007423977521776447
resilient,3,0,16.518809320797004,0.007423977521776447
restitution,3,0,16.518809320797004,0.007423977521776447
revealed,3,0,16.518809320797004,0.007423977521776447
risky,3,0,16.518809320797004,0.007423977521776447
roll,3,0,16.518809320797004,0.007423977521776447
soaring,3,0,16.518809320797004,0.007423977521776447
sought,3,0,16.518809320797004,0.007423977521776447
sound,3,0,16.518809320797004,0.007423977521776447
sources,3,0,16.518809320797004,0.007423977521776447
strained,3,0,16.518809320797004,0.007423977521776447
thorough,3,0,16.518809320797004,0.007423977521776447
today,3,0,16.518809320797004,0.007423977521776447
trigger,3,0,16.518809320797004,0.007423977521776447
undisclosed,3,0,16.518809320797004,0.007423977521776447
want,3,0,16.518809320797004,0.007423977521776447
wealth,3,0,16.518809320797004,0.007423977521776447
windfall,3,0,16.518809320797004,0.007423977521776447
window,3,0,16.518809320797004,0.007423977521776447
workplaces,3,0,16.518809320797004,0.007423977521776447
zone,3,0,16.518809320797004,0.007423977521776447
21,4,4,0.005076801742065484,0.007179682360500718
230,4,4,0.005076801742065484,0.007179682360500718
38,4,4,0.005076801742065484,0.007179682360500718
3d,4,4,0.005076801742065484,0.007179682360500718
55,4,4,0.005076801742065484,0.007179682360500718
700,4,4,0.005076801742065484,0.007179682360500718
908,4,4,0.005076801742065484,0.007179682360500718
acquittal,4,4,0.005076801742065484,0.007179682360500718
acting,4,4,0.005076801742065484,0.007179682360500718
adding,4,4,0.005076801742065484,0.007179682360500718
airborne,4,4,0.005076801742065484,0.007179682360500718
airlines,4,4,0.005076801742065484,0.007179682360500718
al,4,4,0.005076801742065484,0.007179682360500718
alexandria,4,4,0.005076801742065484,0.007179682360500718
ambulatory,4,4,0.005076801742065484,0.007179682360500718
anthem,4,4,0.005076801742065484,0.007179682360500718
bailey's,4,4,0.005076801742065484,0.007179682360500718
beach,4,4,0.005076801742065484,0.007179682360500718
beirut,4,4,0.005076801742065484,0.007179682360500718
bezos,4,4,0.005076801742065484,0.007179682360500718
blueprints,4,4,0.005076801742065484,0.007179682360500718
booker,4,4,0.005076801742065484,0.007179682360500718
burisma,4,4,0.005076801742065484,0.007179682360500718
chicago,4,4,0.005076801742065484,0.007179682360500718
closing,4,4,0.005076801742065484,0.007179682360500718
comey's,4,4,0.005076801742065484,0.007179682360500718
coordinate,4,4,0.005076801742065484,0.007179682360500718
council,4,4,0.005076801742065484,0.007179682360500718
cpi,4,4,0.005076801742065484,0.007179682360500718
detained,4,4,0.005076801742065484,0.007179682360500718
ed,4,4,0.005076801742065484,0.007179682360500718
enrichment,4,4,0.005076801742065484,0.007179682360500718
ethanol,4,4,0.005076801742065484,0.007179682360500718
europe,4,4,0.005076801742065484,0.007179682360500718
ev,4,4,0.005076801742065484,0.007179682360500718
evolution,4,4,0.005076801742065484,0.007179682360500718
fallen,4,4,0.005076801742065484,0.007179682360500718
flooding,4,4,0.005076801742065484,0.007179682360500718
found,4,4,0.005076801742065484,0.007179682360500718
g20,4,4,0.005076801742065484,0.007179682360500718
genitalia,4,4,0.005076801742065484,0.007179682360500718
guy,4,4,0.005076801742065484,0.007179682360500718
halting,4,4,0.005076801742065484,0.007179682360500718
hard,4,4,0.005076801742065484,0.007179682360500718
harley,4,4,0.005076801742065484,0.007179682360500718
headquarters,4,4,0.005076801742065484,0.007179682360500718
huawei,4,4,0.005076801742065484,0.007179682360500718
ice,4,4,0.005076801742065484,0.007179682360500718
instagram,4,4,0.005076801742065484,0.007179682360500718
iowa,4,4,0.005076801742065484,0.007179682360500718
joshua,4,4,0.005076801742065484,0.007179682360500718
juneteenth,4,4,0.005076801742065484,0.007179682360500718
kobane,4,4,0.005076801742065484,0.007179682360500718
laura,4,4,0.005076801742065484,0.007179682360500718
letters,4,4,0.005076801742065484,0.007179682360500718
leveraging,4,4,0.005076801742065484,0.007179682360500718
lewis,4,4,0.005076801742065484,0.007179682360500718
marijuana,4,4,0.005076801742065484,0.007179682360500718
mayor,4,4,0.005076801742065484,0.007179682360500718
miles,4,4,0.005076801742065484,0.007179682360500718
minneapolis,4,4,0.005076801742065484,0.007179682360500718
minnesota,4,4,0.005076801742065484,0.007179682360500718
moderna,4,4,0.005076801742065484,0.007179682360500718
monkey,4,4,0.005076801742065484,0.007179682360500718
monoclonal,4,4,0.005076801742065484,0.007179682360500718
moving,4,4,0.005076801742065484,0.007179682360500718
n,4,4,0.005076801742065484,0.007179682360500718
navy,4,4,0.005076801742065484,0.007179682360500718
neo,4,4,0.005076801742065484,0.007179682360500718
nevada,4,4,0.005076801742065484,0.007179682360500718
nonprofits,4,4,0.005076801742065484,0.007179682360500718
ocasio,4,4,0.005076801742065484,0.007179682360500718
opec,4,4,0.005076801742065484,0.007179682360500718
overhaul,4,4,0.005076801742065484,0.007179682360500718
pact,4,4,0.005076801742065484,0.007179682360500718
page,4,4,0.005076801742065484,0.007179682360500718
pardons,4,4,0.005076801742065484,0.007179682360500718
parliament,4,4,0.005076801742065484,0.007179682360500718
paso,4,4,0.005076801742065484,0.007179682360500718
poland,4,4,0.005076801742065484,0.007179682360500718
pravda,4,4,0.005076801742065484,0.007179682360500718
presence,4,4,0.005076801742065484,0.007179682360500718
printed,4,4,0.005076801742065484,0.007179682360500718
provided,4,4,0.005076801742065484,0.007179682360500718
puberty,4,4,0.005076801742065484,0.007179682360500718
putin's,4,4,0.005076801742065484,0.007179682360500718
qanon,4,4,0.005076801742065484,0.007179682360500718
ransom,4,4,0.005076801742065484,0.007179682360500718
refuge,4,4,0.005076801742065484,0.007179682360500718
reinstating,4,4,0.005076801742065484,0.007179682360500718
revil,4,4,0.005076801742065484,0.007179682360500718
royal,4,4,0.005076801742065484,0.007179682360500718
scranton,4,4,0.005076801742065484,0.007179682360500718
solarwinds,4,4,0.005076801742065484,0.007179682360500718
sony,4,4,0.005076801742065484,0.007179682360500718
stalled,4,4,0.005076801742065484,0.007179682360500718
supported,4,4,0.005076801742065484,0.007179682360500718
surgical,4,4,0.005076801742065484,0.007179682360500718
suspending,4,4,0.005076801742065484,0.007179682360500718
thousands,4,4,0.005076801742065484,0.007179682360500718
tom,4,4,0.005076801742065484,0.007179682360500718
tomato,4,4,0.005076801742065484,0.007179682360500718
treating,4,4,0.005076801742065484,0.007179682360500718
tree,4,4,0.005076801742065484,0.007179682360500718
tunisia's,4,4,0.005076801742065484,0.007179682360500718
virginia,4,4,0.005076801742065484,0.007179682360500718
vouchers,4,4,0.005076801742065484,0.007179682360500718
vta,4,4,0.005076801742065484,0.007179682360500718
woke,4,4,0.005076801742065484,0.007179682360500718
2017,3,3,0.005076733377006093,0.006217703585535137
29,3,3,0.005076733377006093,0.006217703585535137
40,3,3,0.005076733377006093,0.006217703585535137
4th,3,3,0.005076733377006093,0.006217703585535137
7th,3,3,0.005076733377006093,0.006217703585535137
accusing,3,3,0.005076733377006093,0.006217703585535137
admired,3,3,0.005076733377006093,0.006217703585535137
aint,3,3,0.005076733377006093,0.006217703585535137
airspace,3,3,0.005076733377006093,0.006217703585535137
airtime,3,3,0.005076733377006093,0.006217703585535137
anthony,3,3,0.005076733377006093,0.006217703585535137
approach,3,3,0.005076733377006093,0.006217703585535137
archbishop,3,3,0.005076733377006093,0.006217703585535137
ashli,3,3,0.005076733377006093,0.006217703585535137
astrazeneca,3,3,0.005076733377006093,0.006217703585535137
aug,3,3,0.005076733377006093,0.006217703585535137
austin,3,3,0.005076733377006093,0.006217703585535137
babbitt,3,3,0.005076733377006093,0.006217703585535137
bali,3,3,0.005076733377006093,0.006217703585535137
barrett's,3,3,0.005076733377006093,0.006217703585535137
been,3,3,0.005076733377006093,0.006217703585535137
behavior,3,3,0.005076733377006093,0.006217703585535137
ben,3,3,0.005076733377006093,0.006217703585535137
bolsonaro's,3,3,0.005076733377006093,0.006217703585535137
boris,3,3,0.005076733377006093,0.006217703585535137
bowles,3,3,0.005076733377006093,0.006217703585535137
brooks,3,3,0.005076733377006093,0.006217703585535137
bulgaria,3,3,0.005076733377006093,0.006217703585535137
candidate's,3,3,0.005076733377006093,0.006217703585535137
cap,3,3,0.005076733377006093,0.006217703585535137
cares,3,3,0.005076733377006093,0.006217703585535137
carson,3,3,0.005076733377006093,0.006217703585535137
caucuses,3,3,0.005076733377006093,0.006217703585535137
causes,3,3,0.005076733377006093,0.006217703585535137
challenging,3,3,0.005076733377006093,0.006217703585535137
chloroquine,3,3,0.005076733377006093,0.006217703585535137
chuhuiv,3,3,0.005076733377006093,0.006217703585535137
collins,3,3,0.005076733377006093,0.006217703585535137
construction,3,3,0.005076733377006093,0.006217703585535137
dave,3,3,0.005076733377006093,0.006217703585535137
declarations,3,3,0.005076733377006093,0.006217703585535137
deeper,3,3,0.005076733377006093,0.006217703585535137
deforestation,3,3,0.005076733377006093,0.006217703585535137
detainees,3,3,0.005076733377006093,0.006217703585535137
dinner,3,3,0.005076733377006093,0.006217703585535137
divorce,3,3,0.005076733377006093,0.006217703585535137
dnc,3,3,0.005076733377006093,0.006217703585535137
donation,3,3,0.005076733377006093,0.006217703585535137
dozen,3,3,0.005076733377006093,0.006217703585535137
eastman,3,3,0.005076733377006093,0.006217703585535137
enriching,3,3,0.005076733377006093,0.006217703585535137
entities,3,3,0.005076733377006093,0.006217703585535137
epa,3,3,0.005076733377006093,0.006217703585535137
escapes,3,3,0.005076733377006093,0.006217703585535137
extension,3,3,0.005076733377006093,0.006217703585535137
fake,3,3,0.005076733377006093,0.006217703585535137
fema,3,3,0.005076733377006093,0.006217703585535137
fina's,3,3,0.005076733377006093,0.006217703585535137
fining,3,3,0.005076733377006093,0.006217703585535137
foote's,3,3,0.005076733377006093,0.006217703585535137
forgiven,3,3,0.005076733377006093,0.006217703585535137
funeral,3,3,0.005076733377006093,0.006217703585535137
gates,3,3,0.005076733377006093,0.006217703585535137
giuliani,3,3,0.005076733377006093,0.006217703585535137
gm,3,3,0.005076733377006093,0.006217703585535137
governor's,3,3,0.005076733377006093,0.006217703585535137
granbury,3,3,0.005076733377006093,0.006217703585535137
greek,3,3,0.005076733377006093,0.006217703585535137
hall,3,3,0.005076733377006093,0.006217703585535137
heavy,3,3,0.005076733377006093,0.006217703585535137
hhs,3,3,0.005076733377006093,0.006217703585535137
hungary,3,3,0.005076733377006093,0.006217703585535137
ian,3,3,0.005076733377006093,0.006217703585535137
id,3,3,0.005076733377006093,0.006217703585535137
illinois,3,3,0.005076733377006093,0.006217703585535137
inaugural,3,3,0.005076733377006093,0.006217703585535137
infections,3,3,0.005076733377006093,0.006217703585535137
injured,3,3,0.005076733377006093,0.006217703585535137
intelligent,3,3,0.005076733377006093,0.006217703585535137
invoking,3,3,0.005076733377006093,0.006217703585535137
iowa's,3,3,0.005076733377006093,0.006217703585535137
johnson's,3,3,0.005076733377006093,0.006217703585535137
julian,3,3,0.005076733377006093,0.006217703585535137
kharkiv,3,3,0.005076733377006093,0.006217703585535137
kherson,3,3,0.005076733377006093,0.006217703585535137
kkk,3,3,0.005076733377006093,0.006217703585535137
laptops,3,3,0.005076733377006093,0.006217703585535137
learning,3,3,0.005076733377006093,0.006217703585535137
legacy,3,3,0.005076733377006093,0.006217703585535137
lines,3,3,0.005076733377006093,0.006217703585535137
loss,3,3,0.005076733377006093,0.006217703585535137
manhattan,3,3,0.005076733377006093,0.006217703585535137
manipulation,3,3,0.005076733377006093,0.006217703585535137
maria,3,3,0.005076733377006093,0.006217703585535137
marines,3,3,0.005076733377006093,0.006217703585535137
mattis,3,3,0.005076733377006093,0.006217703585535137
mayoral,3,3,0.005076733377006093,0.006217703585535137
microsoft,3,3,0.005076733377006093,0.006217703585535137
mississippi,3,3,0.005076733377006093,0.006217703585535137
molnupiravir,3,3,0.005076733377006093,0.006217703585535137
murray's,3,3,0.005076733377006093,0.006217703585535137
nafta,3,3,0.005076733377006093,0.006217703585535137
nazis,3,3,0.005076733377006093,0.006217703585535137
negotiation,3,3,0.005076733377006093,0.006217703585535137
networks,3,3,0.005076733377006093,0.006217703585535137
noem's,3,3,0.005076733377006093,0.006217703585535137
nov,3,3,0.005076733377006093,0.006217703585535137
offering,3,3,0.005076733377006093,0.006217703585535137
olds,3,3,0.005076733377006093,0.006217703585535137
op,3,3,0.005076733377006093,0.006217703585535137
opposing,3,3,0.005076733377006093,0.006217703585535137
pages,3,3,0.005076733377006093,0.006217703585535137
parade,3,3,0.005076733377006093,0.006217703585535137
parkland,3,3,0.005076733377006093,0.006217703585535137
passport,3,3,0.005076733377006093,0.006217703585535137
pilot,3,3,0.005076733377006093,0.006217703585535137
pittsburgh,3,3,0.005076733377006093,0.006217703585535137
plane,3,3,0.005076733377006093,0.006217703585535137
postal,3,3,0.005076733377006093,0.006217703585535137
prosecuted,3,3,0.005076733377006093,0.006217703585535137
quotes,3,3,0.005076733377006093,0.006217703585535137
real,3,3,0.005076733377006093,0.006217703585535137
refining,3,3,0.005076733377006093,0.006217703585535137
released,3,3,0.005076733377006093,0.006217703585535137
repealing,3,3,0.005076733377006093,0.006217703585535137
resulting,3,3,0.005076733377006093,0.006217703585535137
retaining,3,3,0.005076733377006093,0.006217703585535137
rewrite,3,3,0.005076733377006093,0.006217703585535137
rhode,3,3,0.005076733377006093,0.006217703585535137
richard,3,3,0.005076733377006093,0.006217703585535137
rico's,3,3,0.005076733377006093,0.006217703585535137
romania,3,3,0.005076733377006093,0.006217703585535137
romney's,3,3,0.005076733377006093,0.006217703585535137
rubio,3,3,0.005076733377006093,0.006217703585535137
rudy,3,3,0.005076733377006093,0.006217703585535137
sadness,3,3,0.005076733377006093,0.006217703585535137
sarah,3,3,0.005076733377006093,0.006217703585535137
sec,3,3,0.005076733377006093,0.006217703585535137
semiconductor,3,3,0.005076733377006093,0.006217703585535137
serena,3,3,0.005076733377006093,0.006217703585535137
shells,3,3,0.005076733377006093,0.006217703585535137
siding,3,3,0.005076733377006093,0.006217703585535137
simpson,3,3,0.005076733377006093,0.006217703585535137
sit,3,3,0.005076733377006093,0.006217703585535137
slovakia,3,3,0.005076733377006093,0.006217703585535137
smartmatic's,3,3,0.005076733377006093,0.006217703585535137
spit,3,3,0.005076733377006093,0.006217703585535137
stumble,3,3,0.005076733377006093,0.006217703585535137
survival,3,3,0.005076733377006093,0.006217703585535137
suspected,3,3,0.005076733377006093,0.006217703585535137
swift,3,3,0.005076733377006093,0.006217703585535137
teens,3,3,0.005076733377006093,0.006217703585535137
tighter,3,3,0.005076733377006093,0.006217703585535137
top,3,3,0.005076733377006093,0.006217703585535137
town,3,3,0.005076733377006093,0.006217703585535137
tpp,3,3,0.005076733377006093,0.006217703585535137
truss's,3,3,0.005076733377006093,0.006217703585535137
try,3,3,0.005076733377006093,0.006217703585535137
ventilation,3,3,0.005076733377006093,0.006217703585535137
vp,3,3,0.005076733377006093,0.006217703585535137
w,3,3,0.005076733377006093,0.006217703585535137
wannacry,3,3,0.005076733377006093,0.006217703585535137
williams,3,3,0.005076733377006093,0.006217703585535137
written,3,3,0.005076733377006093,0.006217703585535137
you,3,3,0.005076733377006093,0.006217703585535137
zero,3,3,0.005076733377006093,0.006217703585535137
14th,2,0,16.51879582051194,0.006061647309423714
1594,2,0,16.51879582051194,0.006061647309423714
1982,2,0,16.51879582051194,0.006061647309423714
abrupt,2,0,16.51879582051194,0.006061647309423714
accepted,2,0,16.51879582051194,0.006061647309423714
activities,2,0,16.51879582051194,0.006061647309423714
adequacy,2,0,16.51879582051194,0.006061647309423714
admiration,2,0,16.51879582051194,0.006061647309423714
aided,2,0,16.51879582051194,0.006061647309423714
amplify,2,0,16.51879582051194,0.006061647309423714
appease,2,0,16.51879582051194,0.006061647309423714
asked,2,0,16.51879582051194,0.006061647309423714
assumptions,2,0,16.51879582051194,0.006061647309423714
attempting,2,0,16.51879582051194,0.006061647309423714
bad,2,0,16.51879582051194,0.006061647309423714
basic,2,0,16.51879582051194,0.006061647309423714
benjamin,2,0,16.51879582051194,0.006061647309423714
billionaire,2,0,16.51879582051194,0.006061647309423714
billions,2,0,16.51879582051194,0.006061647309423714
blumenthal,2,0,16.51879582051194,0.006061647309423714
boycotts,2,0,16.51879582051194,0.006061647309423714
brake,2,0,16.51879582051194,0.006061647309423714
briefings,2,0,16.51879582051194,0.006061647309423714
broke,2,0,16.51879582051194,0.006061647309423714
broken,2,0,16.51879582051194,0.006061647309423714
cabinet,2,0,16.51879582051194,0.006061647309423714
catastrophe,2,0,16.51879582051194,0.006061647309423714
cautious,2,0,16.51879582051194,0.006061647309423714
celebrating,2,0,16.51879582051194,0.006061647309423714
cheney's,2,0,16.51879582051194,0.006061647309423714
chilling,2,0,16.51879582051194,0.006061647309423714
cleanup,2,0,16.51879582051194,0.006061647309423714
clock,2,0,16.51879582051194,0.006061647309423714
compassionate,2,0,16.51879582051194,0.006061647309423714
concentrate,2,0,16.51879582051194,0.006061647309423714
consolidation,2,0,16.51879582051194,0.006061647309423714
constituents,2,0,16.51879582051194,0.006061647309423714
construct,2,0,16.51879582051194,0.006061647309423714
cooperative,2,0,16.51879582051194,0.006061647309423714
corps,2,0,16.51879582051194,0.006061647309423714
counterproductive,2,0,16.51879582051194,0.006061647309423714
coup,2,0,16.51879582051194,0.006061647309423714
created,2,0,16.51879582051194,0.006061647309423714
cryptocurrency,2,0,16.51879582051194,0.006061647309423714
cynical,2,0,16.51879582051194,0.006061647309423714
dangers,2,0,16.51879582051194,0.006061647309423714
declared,2,0,16.51879582051194,0.006061647309423714
defunding,2,0,16.51879582051194,0.006061647309423714
demilitarization,2,0,16.51879582051194,0.006061647309423714
departures,2,0,16.51879582051194,0.006061647309423714
destabilizing,2,0,16.51879582051194,0.006061647309423714
determination,2,0,16.51879582051194,0.006061647309423714
digital,2,0,16.51879582051194,0.006061647309423714
directly,2,0,16.51879582051194,0.006061647309423714
disagreements,2,0,16.51879582051194,0.006061647309423714
discredit,2,0,16.51879582051194,0.006061647309423714
discussions,2,0,16.51879582051194,0.006061647309423714
diseases,2,0,16.51879582051194,0.006061647309423714
disenfranchisement,2,0,16.51879582051194,0.006061647309423714
displaced,2,0,16.51879582051194,0.006061647309423714
divide,2,0,16.51879582051194,0.006061647309423714
downplaying,2,0,16.51879582051194,0.006061647309423714
electioneering,2,0,16.51879582051194,0.006061647309423714
embargo,2,0,16.51879582051194,0.006061647309423714
empathy,2,0,16.51879582051194,0.006061647309423714
encirclement,2,0,16.51879582051194,0.006061647309423714
essentials,2,0,16.51879582051194,0.006061647309423714
experiences,2,0,16.51879582051194,0.006061647309423714
faces,2,0,16.51879582051194,0.006061647309423714
factory,2,0,16.51879582051194,0.006061647309423714
farm,2,0,16.51879582051194,0.006061647309423714
fatally,2,0,16.51879582051194,0.006061647309423714
fell,2,0,16.51879582051194,0.006061647309423714
finally,2,0,16.51879582051194,0.006061647309423714
force's,2,0,16.51879582051194,0.006061647309423714
form,2,0,16.51879582051194,0.006061647309423714
forming,2,0,16.51879582051194,0.006061647309423714
frerichs,2,0,16.51879582051194,0.006061647309423714
futures,2,0,16.51879582051194,0.006061647309423714
gavin,2,0,16.51879582051194,0.006061647309423714
general's,2,0,16.51879582051194,0.006061647309423714
genuinely,2,0,16.51879582051194,0.006061647309423714
ground,2,0,16.51879582051194,0.006061647309423714
gubernatorial,2,0,16.51879582051194,0.006061647309423714
halts,2,0,16.51879582051194,0.006061647309423714
hamper,2,0,16.51879582051194,0.006061647309423714
heated,2,0,16.51879582051194,0.006061647309423714
hypocritical,2,0,16.51879582051194,0.006061647309423714
immoral,2,0,16.51879582051194,0.006061647309423714
impacted,2,0,16.51879582051194,0.006061647309423714
impeachable,2,0,16.51879582051194,0.006061647309423714
implicated,2,0,16.51879582051194,0.006061647309423714
inaccurately,2,0,16.51879582051194,0.006061647309423714
incited,2,0,16.51879582051194,0.006061647309423714
incumbents,2,0,16.51879582051194,0.006061647309423714
inequities,2,0,16.51879582051194,0.006061647309423714
inflammatory,2,0,16.51879582051194,0.006061647309423714
injustices,2,0,16.51879582051194,0.006061647309423714
inspire,2,0,16.51879582051194,0.006061647309423714
institute,2,0,16.51879582051194,0.006061647309423714
insurrection,2,0,16.51879582051194,0.006061647309423714
inuit,2,0,16.51879582051194,0.006061647309423714
it's,2,0,16.51879582051194,0.006061647309423714
joined,2,0,16.51879582051194,0.006061647309423714
judgment,2,0,16.51879582051194,0.006061647309423714
just,2,0,16.51879582051194,0.006061647309423714
kashuv,2,0,16.51879582051194,0.006061647309423714
kenya,2,0,16.51879582051194,0.006061647309423714
late,2,0,16.51879582051194,0.006061647309423714
lax,2,0,16.51879582051194,0.006061647309423714
legalization,2,0,16.51879582051194,0.006061647309423714
let,2,0,16.51879582051194,0.006061647309423714
manhunt,2,0,16.51879582051194,0.006061647309423714
marine,2,0,16.51879582051194,0.006061647309423714
militarizing,2,0,16.51879582051194,0.006061647309423714
mobility,2,0,16.51879582051194,0.006061647309423714
modern,2,0,16.51879582051194,0.006061647309423714
moskva's,2,0,16.51879582051194,0.006061647309423714
narrower,2,0,16.51879582051194,0.006061647309423714
nhs,2,0,16.51879582051194,0.006061647309423714
nonlethal,2,0,16.51879582051194,0.006061647309423714
nonmilitary,2,0,16.51879582051194,0.006061647309423714
obstruct,2,0,16.51879582051194,0.006061647309423714
organize,2,0,16.51879582051194,0.006061647309423714
ousting,2,0,16.51879582051194,0.006061647309423714
outraged,2,0,16.51879582051194,0.006061647309423714
outspoken,2,0,16.51879582051194,0.006061647309423714
overseen,2,0,16.51879582051194,0.006061647309423714
pandemics,2,0,16.51879582051194,0.006061647309423714
passengers,2,0,16.51879582051194,0.006061647309423714
phase,2,0,16.51879582051194,0.006061647309423714
physicians,2,0,16.51879582051194,0.006061647309423714
pool,2,0,16.51879582051194,0.006061647309423714
ports,2,0,16.51879582051194,0.006061647309423714
positioning,2,0,16.51879582051194,0.006061647309423714
predatory,2,0,16.51879582051194,0.006061647309423714
preserves,2,0,16.51879582051194,0.006061647309423714
preventive,2,0,16.51879582051194,0.006061647309423714
profitable,2,0,16.51879582051194,0.006061647309423714
promising,2,0,16.51879582051194,0.006061647309423714
promotes,2,0,16.51879582051194,0.006061647309423714
proportional,2,0,16.51879582051194,0.006061647309423714
prosecutor,2,0,16.51879582051194,0.006061647309423714
provocative,2,0,16.51879582051194,0.006061647309423714
ramos,2,0,16.51879582051194,0.006061647309423714
rebellion,2,0,16.51879582051194,0.006061647309423714
recoup,2,0,16.51879582051194,0.006061647309423714
rein,2,0,16.51879582051194,0.006061647309423714
relatives,2,0,16.51879582051194,0.006061647309423714
reliably,2,0,16.51879582051194,0.006061647309423714
reluctant,2,0,16.51879582051194,0.006061647309423714
renewable,2,0,16.51879582051194,0.006061647309423714
rescission,2,0,16.51879582051194,0.006061647309423714
responsiveness,2,0,16.51879582051194,0.006061647309423714
resurgence,2,0,16.51879582051194,0.006061647309423714
retained,2,0,16.51879582051194,0.006061647309423714
retention,2,0,16.51879582051194,0.006061647309423714
revived,2,0,16.51879582051194,0.006061647309423714
romney,2,0,16.51879582051194,0.006061647309423714
roof's,2,0,16.51879582051194,0.006061647309423714
root,2,0,16.51879582051194,0.006061647309423714
schemes,2,0,16.51879582051194,0.006061647309423714
scientists,2,0,16.51879582051194,0.006061647309423714
sided,2,0,16.51879582051194,0.006061647309423714
siphon,2,0,16.51879582051194,0.006061647309423714
snowden,2,0,16.51879582051194,0.006061647309423714
spaces,2,0,16.51879582051194,0.006061647309423714
speaker,2,0,16.51879582051194,0.006061647309423714
staging,2,0,16.51879582051194,0.006061647309423714
stagnant,2,0,16.51879582051194,0.006061647309423714
stances,2,0,16.51879582051194,0.006061647309423714
stating,2,0,16.51879582051194,0.006061647309423714
stepping,2,0,16.51879582051194,0.006061647309423714
stoke,2,0,16.51879582051194,0.006061647309423714
stunts,2,0,16.51879582051194,0.006061647309423714
substantially,2,0,16.51879582051194,0.006061647309423714
substantive,2,0,16.51879582051194,0.006061647309423714
suffering,2,0,16.51879582051194,0.006061647309423714
survey,2,0,16.51879582051194,0.006061647309423714
sustainable,2,0,16.51879582051194,0.006061647309423714
symbolism,2,0,16.51879582051194,0.006061647309423714
taunts,2,0,16.51879582051194,0.006061647309423714
therapy,2,0,16.51879582051194,0.006061647309423714
torture,2,0,16.51879582051194,0.006061647309423714
tory,2,0,16.51879582051194,0.006061647309423714
toxic,2,0,16.51879582051194,0.006061647309423714
tracking,2,0,16.51879582051194,0.006061647309423714
trained,2,0,16.51879582051194,0.006061647309423714
umpire's,2,0,16.51879582051194,0.006061647309423714
unanimously,2,0,16.51879582051194,0.006061647309423714
underfunded,2,0,16.51879582051194,0.006061647309423714
underfunding,2,0,16.51879582051194,0.006061647309423714
unemployed,2,0,16.51879582051194,0.006061647309423714
unmet,2,0,16.51879582051194,0.006061647309423714
unsupported,2,0,16.51879582051194,0.006061647309423714
urgency,2,0,16.51879582051194,0.006061647309423714
warren,2,0,16.51879582051194,0.006061647309423714
whistleblower,2,0,16.51879582051194,0.006061647309423714
widen,2,0,16.51879582051194,0.006061647309423714
wildlife,2,0,16.51879582051194,0.006061647309423714
workweeks,2,0,16.51879582051194,0.006061647309423714
xenophobia,2,0,16.51879582051194,0.006061647309423714
14,2,2,0.005076665013787007,0.005076665355587814
150,2,2,0.005076665013787007,0.005076665355587814
160,2,2,0.005076665013787007,0.005076665355587814
180,2,2,0.005076665013787007,0.005076665355587814
1925,2,2,0.005076665013787007,0.005076665355587814
1990s,2,2,0.005076665013787007,0.005076665355587814
1b,2,2,0.005076665013787007,0.005076665355587814
2015,2,2,0.005076665013787007,0.005076665355587814
373,2,2,0.005076665013787007,0.005076665355587814
44,2,2,0.005076665013787007,0.005076665355587814
853,2,2,0.005076665013787007,0.005076665355587814
abaaoud,2,2,0.005076665013787007,0.005076665355587814
abdelhamid,2,2,0.005076665013787007,0.005076665355587814
accelerating,2,2,0.005076665013787007,0.005076665355587814
accountant's,2,2,0.005076665013787007,0.005076665355587814
acosta,2,2,0.005076665013787007,0.005076665355587814
action's,2,2,0.005076665013787007,0.005076665355587814
advances,2,2,0.005076665013787007,0.005076665355587814
ahmed,2,2,0.005076665013787007,0.005076665355587814
amend,2,2,0.005076665013787007,0.005076665355587814
angeles,2,2,0.005076665013787007,0.005076665355587814
archives,2,2,0.005076665013787007,0.005076665355587814
arkansas's,2,2,0.005076665013787007,0.005076665355587814
arrested,2,2,0.005076665013787007,0.005076665355587814
arriving,2,2,0.005076665013787007,0.005076665355587814
asc,2,2,0.005076665013787007,0.005076665355587814
ashton,2,2,0.005076665013787007,0.005076665355587814
asset,2,2,0.005076665013787007,0.005076665355587814
astroworld,2,2,0.005076665013787007,0.005076665355587814
august,2,2,0.005076665013787007,0.005076665355587814
availability,2,2,0.005076665013787007,0.005076665355587814
avenatti's,2,2,0.005076665013787007,0.005076665355587814
avoidance,2,2,0.005076665013787007,0.005076665355587814
bang,2,2,0.005076665013787007,0.005076665355587814
beijing's,2,2,0.005076665013787007,0.005076665355587814
bigoted,2,2,0.005076665013787007,0.005076665355587814
bishops,2,2,0.005076665013787007,0.005076665355587814
blasey,2,2,0.005076665013787007,0.005076665355587814
bloomberg's,2,2,0.005076665013787007,0.005076665355587814
bolsonaro,2,2,0.005076665013787007,0.005076665355587814
bombings,2,2,0.005076665013787007,0.005076665355587814
booker's,2,2,0.005076665013787007,0.005076665355587814
booking,2,2,0.005076665013787007,0.005076665355587814
borders,2,2,0.005076665013787007,0.005076665355587814
bowl,2,2,0.005076665013787007,0.005076665355587814
bq1,2,2,0.005076665013787007,0.005076665355587814
bryant,2,2,0.005076665013787007,0.005076665355587814
candidacy,2,2,0.005076665013787007,0.005076665355587814
cannons,2,2,0.005076665013787007,0.005076665355587814
car,2,2,0.005076665013787007,0.005076665355587814
carbon,2,2,0.005076665013787007,0.005076665355587814
carlson,2,2,0.005076665013787007,0.005076665355587814
catastrophic,2,2,0.005076665013787007,0.005076665355587814
causing,2,2,0.005076665013787007,0.005076665355587814
cbo's,2,2,0.005076665013787007,0.005076665355587814
charleston,2,2,0.005076665013787007,0.005076665355587814
chauvin,2,2,0.005076665013787007,0.005076665355587814
christine,2,2,0.005076665013787007,0.005076665355587814
church,2,2,0.005076665013787007,0.005076665355587814
cia,2,2,0.005076665013787007,0.005076665355587814
complete,2,2,0.005076665013787007,0.005076665355587814
concert,2,2,0.005076665013787007,0.005076665355587814
confidential,2,2,0.005076665013787007,0.005076665355587814
confirmed,2,2,0.005076665013787007,0.005076665355587814
contacts,2,2,0.005076665013787007,0.005076665355587814
contrast,2,2,0.005076665013787007,0.005076665355587814
cooperating,2,2,0.005076665013787007,0.005076665355587814
correspondents,2,2,0.005076665013787007,0.005076665355587814
countersuit,2,2,0.005076665013787007,0.005076665355587814
covering,2,2,0.005076665013787007,0.005076665355587814
critique,2,2,0.005076665013787007,0.005076665355587814
crowds,2,2,0.005076665013787007,0.005076665355587814
cuba,2,2,0.005076665013787007,0.005076665355587814
cunningham's,2,2,0.005076665013787007,0.005076665355587814
dan,2,2,0.005076665013787007,0.005076665355587814
davis,2,2,0.005076665013787007,0.005076665355587814
decide,2,2,0.005076665013787007,0.005076665355587814
defying,2,2,0.005076665013787007,0.005076665355587814
dejoy's,2,2,0.005076665013787007,0.005076665355587814
delegation,2,2,0.005076665013787007,0.005076665355587814
deployed,2,2,0.005076665013787007,0.005076665355587814
determine,2,2,0.005076665013787007,0.005076665355587814
devaluation,2,2,0.005076665013787007,0.005076665355587814
devices,2,2,0.005076665013787007,0.005076665355587814
diagnostic,2,2,0.005076665013787007,0.005076665355587814
diane,2,2,0.005076665013787007,0.005076665355587814
died,2,2,0.005076665013787007,0.005076665355587814
disapproval,2,2,0.005076665013787007,0.005076665355587814
dismissing,2,2,0.005076665013787007,0.005076665355587814
distributing,2,2,0.005076665013787007,0.005076665355587814
dmz,2,2,0.005076665013787007,0.005076665355587814
dylann,2,2,0.005076665013787007,0.005076665355587814
eds,2,2,0.005076665013787007,0.005076665355587814
ellison,2,2,0.005076665013787007,0.005076665355587814
emerged,2,2,0.005076665013787007,0.005076665355587814
endorse,2,2,0.005076665013787007,0.005076665355587814
enlistment,2,2,0.005076665013787007,0.005076665355587814
eugene,2,2,0.005076665013787007,0.005076665355587814
expedited,2,2,0.005076665013787007,0.005076665355587814
expense,2,2,0.005076665013787007,0.005076665355587814
extortion,2,2,0.005076665013787007,0.005076665355587814
felony,2,2,0.005076665013787007,0.005076665355587814
flank,2,2,0.005076665013787007,0.005076665355587814
fled,2,2,0.005076665013787007,0.005076665355587814
focusing,2,2,0.005076665013787007,0.005076665355587814
forensic,2,2,0.005076665013787007,0.005076665355587814
fort,2,2,0.005076665013787007,0.005076665355587814
founders,2,2,0.005076665013787007,0.005076665355587814
francisco's,2,2,0.005076665013787007,0.005076665355587814
g,2,2,0.005076665013787007,0.005076665355587814
gatekeeper,2,2,0.005076665013787007,0.005076665355587814
gen,2,2,0.005076665013787007,0.005076665355587814
gillette,2,2,0.005076665013787007,0.005076665355587814
gillette's,2,2,0.005076665013787007,0.005076665355587814
godane,2,2,0.005076665013787007,0.005076665355587814
grab,2,2,0.005076665013787007,0.005076665355587814
hampshire,2,2,0.005076665013787007,0.005076665355587814
hannity's,2,2,0.005076665013787007,0.005076665355587814
hesitancy,2,2,0.005076665013787007,0.005076665355587814
hollywood,2,2,0.005076665013787007,0.005076665355587814
hopefuls,2,2,0.005076665013787007,0.005076665355587814
hopelessness,2,2,0.005076665013787007,0.005076665355587814
hopkins,2,2,0.005076665013787007,0.005076665355587814
horizons,2,2,0.005076665013787007,0.005076665355587814
hospitalization,2,2,0.005076665013787007,0.005076665355587814
i,2,2,0.005076665013787007,0.005076665355587814
identified,2,2,0.005076665013787007,0.005076665355587814
ignore,2,2,0.005076665013787007,0.005076665355587814
images,2,2,0.005076665013787007,0.005076665355587814
impartiality,2,2,0.005076665013787007,0.005076665355587814
incursion,2,2,0.005076665013787007,0.005076665355587814
indiana,2,2,0.005076665013787007,0.005076665355587814
indicting,2,2,0.005076665013787007,0.005076665355587814
infant,2,2,0.005076665013787007,0.005076665355587814
injuries,2,2,0.005076665013787007,0.005076665355587814
ins,2,2,0.005076665013787007,0.005076665355587814
insistence,2,2,0.005076665013787007,0.005076665355587814
inspection,2,2,0.005076665013787007,0.005076665355587814
intended,2,2,0.005076665013787007,0.005076665355587814
investing,2,2,0.005076665013787007,0.005076665355587814
irrigation,2,2,0.005076665013787007,0.005076665355587814
islands,2,2,0.005076665013787007,0.005076665355587814
j,2,2,0.005076665013787007,0.005076665355587814
jamie,2,2,0.005076665013787007,0.005076665355587814
jay,2,2,0.005076665013787007,0.005076665355587814
jewish,2,2,0.005076665013787007,0.005076665355587814
jfk,2,2,0.005076665013787007,0.005076665355587814
johns,2,2,0.005076665013787007,0.005076665355587814
jong,2,2,0.005076665013787007,0.005076665355587814
jorge,2,2,0.005076665013787007,0.005076665355587814
jos,2,2,0.005076665013787007,0.005076665355587814
kardashian's,2,2,0.005076665013787007,0.005076665355587814
karrin,2,2,0.005076665013787007,0.005076665355587814
keith,2,2,0.005076665013787007,0.005076665355587814
kenya's,2,2,0.005076665013787007,0.005076665355587814
keystone,2,2,0.005076665013787007,0.005076665355587814
konnech,2,2,0.005076665013787007,0.005076665355587814
lacks,2,2,0.005076665013787007,0.005076665355587814
lahore,2,2,0.005076665013787007,0.005076665355587814
lanka,2,2,0.005076665013787007,0.005076665355587814
leslie,2,2,0.005076665013787007,0.005076665355587814
likud,2,2,0.005076665013787007,0.005076665355587814
longstanding,2,2,0.005076665013787007,0.005076665355587814
los,2,2,0.005076665013787007,0.005076665355587814
ma'khia,2,2,0.005076665013787007,0.005076665355587814
madeleine,2,2,0.005076665013787007,0.005076665355587814
maga,2,2,0.005076665013787007,0.005076665355587814
marco,2,2,0.005076665013787007,0.005076665355587814
matthew,2,2,0.005076665013787007,0.005076665355587814
mccarthy,2,2,0.005076665013787007,0.005076665355587814
mccormick,2,2,0.005076665013787007,0.005076665355587814
mcdonough,2,2,0.005076665013787007,0.005076665355587814
megyn,2,2,0.005076665013787007,0.005076665355587814
men,2,2,0.005076665013787007,0.005076665355587814
mercenaries,2,2,0.005076665013787007,0.005076665355587814
mick,2,2,0.005076665013787007,0.005076665355587814
milley's,2,2,0.005076665013787007,0.005076665355587814
mistakes,2,2,0.005076665013787007,0.005076665355587814
moonves,2,2,0.005076665013787007,0.005076665355587814
morale,2,2,0.005076665013787007,0.005076665355587814
moscow's,2,2,0.005076665013787007,0.005076665355587814
mss,2,2,0.005076665013787007,0.005076665355587814
mulvaney,2,2,0.005076665013787007,0.005076665355587814
nara,2,2,0.005076665013787007,0.005076665355587814
naturalization,2,2,0.005076665013787007,0.005076665355587814
naturalized,2,2,0.005076665013787007,0.005076665355587814
net,2,2,0.005076665013787007,0.005076665355587814
noem,2,2,0.005076665013787007,0.005076665355587814
norm,2,2,0.005076665013787007,0.005076665355587814
nursing,2,2,0.005076665013787007,0.005076665355587814
o'brien,2,2,0.005076665013787007,0.005076665355587814
obligated,2,2,0.005076665013787007,0.005076665355587814
offset,2,2,0.005076665013787007,0.005076665355587814
output,2,2,0.005076665013787007,0.005076665355587814
oz,2,2,0.005076665013787007,0.005076665355587814
partially,2,2,0.005076665013787007,0.005076665355587814
pce,2,2,0.005076665013787007,0.005076665355587814
pending,2,2,0.005076665013787007,0.005076665355587814
petrol,2,2,0.005076665013787007,0.005076665355587814
pilgrims,2,2,0.005076665013787007,0.005076665355587814
plan's,2,2,0.005076665013787007,0.005076665355587814
pluto,2,2,0.005076665013787007,0.005076665355587814
portraying,2,2,0.005076665013787007,0.005076665355587814
predominantly,2,2,0.005076665013787007,0.005076665355587814
prevented,2,2,0.005076665013787007,0.005076665355587814
prioritizes,2,2,0.005076665013787007,0.005076665355587814
problem,2,2,0.005076665013787007,0.005076665355587814
products,2,2,0.005076665013787007,0.005076665355587814
prompting,2,2,0.005076665013787007,0.005076665355587814
quiet,2,2,0.005076665013787007,0.005076665355587814
quits,2,2,0.005076665013787007,0.005076665355587814
quitting,2,2,0.005076665013787007,0.005076665355587814
rahami,2,2,0.005076665013787007,0.005076665355587814
raid,2,2,0.005076665013787007,0.005076665355587814
raises,2,2,0.005076665013787007,0.005076665355587814
ransomware,2,2,0.005076665013787007,0.005076665355587814
react,2,2,0.005076665013787007,0.005076665355587814
rebate,2,2,0.005076665013787007,0.005076665355587814
recall,2,2,0.005076665013787007,0.005076665355587814
refused,2,2,0.005076665013787007,0.005076665355587814
reimbursing,2,2,0.005076665013787007,0.005076665355587814
reinstated,2,2,0.005076665013787007,0.005076665355587814
reinstatement,2,2,0.005076665013787007,0.005076665355587814
remobilize,2,2,0.005076665013787007,0.005076665355587814
renaming,2,2,0.005076665013787007,0.005076665355587814
rents,2,2,0.005076665013787007,0.005076665355587814
responders,2,2,0.005076665013787007,0.005076665355587814
restoration,2,2,0.005076665013787007,0.005076665355587814
retweet,2,2,0.005076665013787007,0.005076665355587814
revive,2,2,0.005076665013787007,0.005076665355587814
robson,2,2,0.005076665013787007,0.005076665355587814
rogers,2,2,0.005076665013787007,0.005076665355587814
ryan's,2,2,0.005076665013787007,0.005076665355587814
sawyer's,2,2,0.005076665013787007,0.005076665355587814
scientific,2,2,0.005076665013787007,0.005076665355587814
sean,2,2,0.005076665013787007,0.005076665355587814
sectors,2,2,0.005076665013787007,0.005076665355587814
server,2,2,0.005076665013787007,0.005076665355587814
shortage,2,2,0.005076665013787007,0.005076665355587814
sls,2,2,0.005076665013787007,0.005076665355587814
solvers,2,2,0.005076665013787007,0.005076665355587814
splits,2,2,0.005076665013787007,0.005076665355587814
steyer's,2,2,0.005076665013787007,0.005076665355587814
stream,2,2,0.005076665013787007,0.005076665355587814
successor,2,2,0.005076665013787007,0.005076665355587814
sudden,2,2,0.005076665013787007,0.005076665355587814
suggested,2,2,0.005076665013787007,0.005076665355587814
suing,2,2,0.005076665013787007,0.005076665355587814
supervised,2,2,0.005076665013787007,0.005076665355587814
telles,2,2,0.005076665013787007,0.005076665355587814
tent,2,2,0.005076665013787007,0.005076665355587814
tested,2,2,0.005076665013787007,0.005076665355587814
texas's,2,2,0.005076665013787007,0.005076665355587814
texts,2,2,0.005076665013787007,0.005076665355587814
thomas's,2,2,0.005076665013787007,0.005076665355587814
traffic,2,2,0.005076665013787007,0.005076665355587814
translate,2,2,0.005076665013787007,0.005076665355587814
transport,2,2,0.005076665013787007,0.005076665355587814
travis,2,2,0.005076665013787007,0.005076665355587814
turkey's,2,2,0.005076665013787007,0.005076665355587814
turkish,2,2,0.005076665013787007,0.005076665355587814
uaw,2,2,0.005076665013787007,0.005076665355587814
undue,2,2,0.005076665013787007,0.005076665355587814
upheaval,2,2,0.005076665013787007,0.005076665355587814
value,2,2,0.005076665013787007,0.005076665355587814
venezuelans,2,2,0.005076665013787007,0.005076665355587814
victim,2,2,0.005076665013787007,0.005076665355587814
virgin,2,2,0.005076665013787007,0.005076665355587814
wartime,2,2,0.005076665013787007,0.005076665355587814
weaknesses,2,2,0.005076665013787007,0.005076665355587814
weapon,2,2,0.005076665013787007,0.005076665355587814
wehrum,2,2,0.005076665013787007,0.005076665355587814
wetland,2,2,0.005076665013787007,0.005076665355587814
where,2,2,0.005076665013787007,0.005076665355587814
winning,2,2,0.005076665013787007,0.005076665355587814
withdraw,2,2,0.005076665013787007,0.005076665355587814
won,2,2,0.005076665013787007,0.005076665355587814
wright's,2,2,0.005076665013787007,0.005076665355587814
xl,2,2,0.005076665013787007,0.005076665355587814
yuan,2,2,0.005076665013787007,0.005076665355587814
2004,1,0,16.51878232040913,0.004286228414701324
2t,1,0,16.51878232040913,0.004286228414701324
414,1,0,16.51878232040913,0.004286228414701324
5t,1,0,16.51878232040913,0.004286228414701324
62,1,0,16.51878232040913,0.004286228414701324
6th,1,0,16.51878232040913,0.004286228414701324
81,1,0,16.51878232040913,0.004286228414701324
aapi,1,0,16.51878232040913,0.004286228414701324
abandonment,1,0,16.51878232040913,0.004286228414701324
abused,1,0,16.51878232040913,0.004286228414701324
abusive,1,0,16.51878232040913,0.004286228414701324
aca's,1,0,16.51878232040913,0.004286228414701324
accepts,1,0,16.51878232040913,0.004286228414701324
accessing,1,0,16.51878232040913,0.004286228414701324
accumulating,1,0,16.51878232040913,0.004286228414701324
achieves,1,0,16.51878232040913,0.004286228414701324
acknowledges,1,0,16.51878232040913,0.004286228414701324
acquiesce,1,0,16.51878232040913,0.004286228414701324
acre,1,0,16.51878232040913,0.004286228414701324
adapt,1,0,16.51878232040913,0.004286228414701324
adapted,1,0,16.51878232040913,0.004286228414701324
addiction's,1,0,16.51878232040913,0.004286228414701324
adjustment,1,0,16.51878232040913,0.004286228414701324
advising,1,0,16.51878232040913,0.004286228414701324
advocated,1,0,16.51878232040913,0.004286228414701324
affirmed,1,0,16.51878232040913,0.004286228414701324
agency's,1,0,16.51878232040913,0.004286228414701324
ages,1,0,16.51878232040913,0.004286228414701324
agrees,1,0,16.51878232040913,0.004286228414701324
agribusiness,1,0,16.51878232040913,0.004286228414701324
agriculture,1,0,16.51878232040913,0.004286228414701324
aims,1,0,16.51878232040913,0.004286228414701324
alarming,1,0,16.51878232040913,0.004286228414701324
alignments,1,0,16.51878232040913,0.004286228414701324
alive,1,0,16.51878232040913,0.004286228414701324
alleviate,1,0,16.51878232040913,0.004286228414701324
always,1,0,16.51878232040913,0.004286228414701324
amended,1,0,16.51878232040913,0.004286228414701324
americas,1,0,16.51878232040913,0.004286228414701324
ample,1,0,16.51878232040913,0.004286228414701324
amplified,1,0,16.51878232040913,0.004286228414701324
amplifying,1,0,16.51878232040913,0.004286228414701324
angry,1,0,16.51878232040913,0.004286228414701324
animal,1,0,16.51878232040913,0.004286228414701324
announcing,1,0,16.51878232040913,0.004286228414701324
annual,1,0,16.51878232040913,0.004286228414701324
antiabortion,1,0,16.51878232040913,0.004286228414701324
antiwar,1,0,16.51878232040913,0.004286228414701324
apparel,1,0,16.51878232040913,0.004286228414701324
apparently,1,0,16.51878232040913,0.004286228414701324
appearance,1,0,16.51878232040913,0.004286228414701324
applications,1,0,16.51878232040913,0.004286228414701324
appropriated,1,0,16.51878232040913,0.004286228414701324
approximately,1,0,16.51878232040913,0.004286228414701324
april,1,0,16.51878232040913,0.004286228414701324
arbitrary,1,0,16.51878232040913,0.004286228414701324
aren't,1,0,16.51878232040913,0.004286228414701324
arises,1,0,16.51878232040913,0.004286228414701324
arrangement,1,0,16.51878232040913,0.004286228414701324
assad's,1,0,16.51878232040913,0.004286228414701324
assassinate,1,0,16.51878232040913,0.004286228414701324
assembly,1,0,16.51878232040913,0.004286228414701324
assertions,1,0,16.51878232040913,0.004286228414701324
assessment,1,0,16.51878232040913,0.004286228414701324
assignment,1,0,16.51878232040913,0.004286228414701324
assist,1,0,16.51878232040913,0.004286228414701324
assumption,1,0,16.51878232040913,0.004286228414701324
astroworld's,1,0,16.51878232040913,0.004286228414701324
athletics,1,0,16.51878232040913,0.004286228414701324
atms,1,0,16.51878232040913,0.004286228414701324
attacked,1,0,16.51878232040913,0.004286228414701324
attributed,1,0,16.51878232040913,0.004286228414701324
audio,1,0,16.51878232040913,0.004286228414701324
australia,1,0,16.51878232040913,0.004286228414701324
autoimmune,1,0,16.51878232040913,0.004286228414701324
average,1,0,16.51878232040913,0.004286228414701324
aviation,1,0,16.51878232040913,0.004286228414701324
award,1,0,16.51878232040913,0.004286228414701324
awareness,1,0,16.51878232040913,0.004286228414701324
backsliding,1,0,16.51878232040913,0.004286228414701324
baffling,1,0,16.51878232040913,0.004286228414701324
ban's,1,0,16.51878232040913,0.004286228414701324
banking,1,0,16.51878232040913,0.004286228414701324
barrels,1,0,16.51878232040913,0.004286228414701324
beating,1,0,16.51878232040913,0.004286228414701324
beebe's,1,0,16.51878232040913,0.004286228414701324
behavioral,1,0,16.51878232040913,0.004286228414701324
beijing,1,0,16.51878232040913,0.004286228414701324
beirut's,1,0,16.51878232040913,0.004286228414701324
bergdahl's,1,0,16.51878232040913,0.004286228414701324
betraying,1,0,16.51878232040913,0.004286228414701324
biles,1,0,16.51878232040913,0.004286228414701324
billing,1,0,16.51878232040913,0.004286228414701324
billionaire's,1,0,16.51878232040913,0.004286228414701324
billionaires,1,0,16.51878232040913,0.004286228414701324
biosecurity,1,0,16.51878232040913,0.004286228414701324
blacklisted,1,0,16.51878232040913,0.004286228414701324
blank,1,0,16.51878232040913,0.004286228414701324
blew,1,0,16.51878232040913,0.004286228414701324
bloc's,1,0,16.51878232040913,0.004286228414701324
blumenthal's,1,0,16.51878232040913,0.004286228414701324
blur,1,0,16.51878232040913,0.004286228414701324
bodily,1,0,16.51878232040913,0.004286228414701324
bok,1,0,16.51878232040913,0.004286228414701324
bolstered,1,0,16.51878232040913,0.004286228414701324
boosted,1,0,16.51878232040913,0.004286228414701324
borne,1,0,16.51878232040913,0.004286228414701324
boundary,1,0,16.51878232040913,0.004286228414701324
boycotting,1,0,16.51878232040913,0.004286228414701324
brakes,1,0,16.51878232040913,0.004286228414701324
branches,1,0,16.51878232040913,0.004286228414701324
breached,1,0,16.51878232040913,0.004286228414701324
breaches,1,0,16.51878232040913,0.004286228414701324
bribing,1,0,16.51878232040913,0.004286228414701324
britain's,1,0,16.51878232040913,0.004286228414701324
britons,1,0,16.51878232040913,0.004286228414701324
broaden,1,0,16.51878232040913,0.004286228414701324
brokering,1,0,16.51878232040913,0.004286228414701324
brought,1,0,16.51878232040913,0.004286228414701324
brutality,1,0,16.51878232040913,0.004286228414701324
burger,1,0,16.51878232040913,0.004286228414701324
bushs,1,0,16.51878232040913,0.004286228414701324
busy,1,0,16.51878232040913,0.004286228414701324
bypasses,1,0,16.51878232040913,0.004286228414701324
calendar,1,0,16.51878232040913,0.004286228414701324
canadians,1,0,16.51878232040913,0.004286228414701324
captivity,1,0,16.51878232040913,0.004286228414701324
carried,1,0,16.51878232040913,0.004286228414701324
cartel,1,0,16.51878232040913,0.004286228414701324
cas,1,0,16.51878232040913,0.004286228414701324
catering,1,0,16.51878232040913,0.004286228414701324
caucus's,1,0,16.51878232040913,0.004286228414701324
censored,1,0,16.51878232040913,0.004286228414701324
centcom's,1,0,16.51878232040913,0.004286228414701324
centralized,1,0,16.51878232040913,0.004286228414701324
ceremony,1,0,16.51878232040913,0.004286228414701324
cfpb's,1,0,16.51878232040913,0.004286228414701324
chairs,1,0,16.51878232040913,0.004286228414701324
challengeable,1,0,16.51878232040913,0.004286228414701324
champion,1,0,16.51878232040913,0.004286228414701324
channel,1,0,16.51878232040913,0.004286228414701324
character,1,0,16.51878232040913,0.004286228414701324
charities,1,0,16.51878232040913,0.004286228414701324
charity,1,0,16.51878232040913,0.004286228414701324
chat,1,0,16.51878232040913,0.004286228414701324
checking,1,0,16.51878232040913,0.004286228414701324
checkpoint,1,0,16.51878232040913,0.004286228414701324
citations,1,0,16.51878232040913,0.004286228414701324
citizen's,1,0,16.51878232040913,0.004286228414701324
claimants,1,0,16.51878232040913,0.004286228414701324
classifications,1,0,16.51878232040913,0.004286228414701324
classify,1,0,16.51878232040913,0.004286228414701324
clauses,1,0,16.51878232040913,0.004286228414701324
cleaner,1,0,16.51878232040913,0.004286228414701324
click,1,0,16.51878232040913,0.004286228414701324
clip,1,0,16.51878232040913,0.004286228414701324
coaches,1,0,16.51878232040913,0.004286228414701324
codify,1,0,16.51878232040913,0.004286228414701324
cola's,1,0,16.51878232040913,0.004286228414701324
collaboration,1,0,16.51878232040913,0.004286228414701324
collapses,1,0,16.51878232040913,0.004286228414701324
collecting,1,0,16.51878232040913,0.004286228414701324
common,1,0,16.51878232040913,0.004286228414701324
communal,1,0,16.51878232040913,0.004286228414701324
commute,1,0,16.51878232040913,0.004286228414701324
compatible,1,0,16.51878232040913,0.004286228414701324
competent,1,0,16.51878232040913,0.004286228414701324
complacency,1,0,16.51878232040913,0.004286228414701324
complacent,1,0,16.51878232040913,0.004286228414701324
completion,1,0,16.51878232040913,0.004286228414701324
components,1,0,16.51878232040913,0.004286228414701324
concertgoer,1,0,16.51878232040913,0.004286228414701324
concussion,1,0,16.51878232040913,0.004286228414701324
condoning,1,0,16.51878232040913,0.004286228414701324
confident,1,0,16.51878232040913,0.004286228414701324
conform,1,0,16.51878232040913,0.004286228414701324
confrontational,1,0,16.51878232040913,0.004286228414701324
congratulation,1,0,16.51878232040913,0.004286228414701324
connected,1,0,16.51878232040913,0.004286228414701324
conscious,1,0,16.51878232040913,0.004286228414701324
consolidating,1,0,16.51878232040913,0.004286228414701324
conspired,1,0,16.51878232040913,0.004286228414701324
conspiring,1,0,16.51878232040913,0.004286228414701324
constrained,1,0,16.51878232040913,0.004286228414701324
constructive,1,0,16.51878232040913,0.004286228414701324
consular,1,0,16.51878232040913,0.004286228414701324
consultation,1,0,16.51878232040913,0.004286228414701324
consumerism,1,0,16.51878232040913,0.004286228414701324
contracts,1,0,16.51878232040913,0.004286228414701324
contradicting,1,0,16.51878232040913,0.004286228414701324
contrary,1,0,16.51878232040913,0.004286228414701324
conventions,1,0,16.51878232040913,0.004286228414701324
conversion,1,0,16.51878232040913,0.004286228414701324
convoy's,1,0,16.51878232040913,0.004286228414701324
cookouts,1,0,16.51878232040913,0.004286228414701324
cooling,1,0,16.51878232040913,0.004286228414701324
coping,1,0,16.51878232040913,0.004286228414701324
copyright,1,0,16.51878232040913,0.004286228414701324
corpse,1,0,16.51878232040913,0.004286228414701324
corridors,1,0,16.51878232040913,0.004286228414701324
county's,1,0,16.51878232040913,0.004286228414701324
couple,1,0,16.51878232040913,0.004286228414701324
courage,1,0,16.51878232040913,0.004286228414701324
cox's,1,0,16.51878232040913,0.004286228414701324
crackdowns,1,0,16.51878232040913,0.004286228414701324
creationism,1,0,16.51878232040913,0.004286228414701324
crises,1,0,16.51878232040913,0.004286228414701324
cronyism,1,0,16.51878232040913,0.004286228414701324
cruelty,1,0,16.51878232040913,0.004286228414701324
cruises,1,0,16.51878232040913,0.004286228414701324
curtail,1,0,16.51878232040913,0.004286228414701324
curtailing,1,0,16.51878232040913,0.004286228414701324
cutoff,1,0,16.51878232040913,0.004286228414701324
cyberdefense,1,0,16.51878232040913,0.004286228414701324
cycle,1,0,16.51878232040913,0.004286228414701324
cynically,1,0,16.51878232040913,0.004286228414701324
danish,1,0,16.51878232040913,0.004286228414701324
deadlocked,1,0,16.51878232040913,0.004286228414701324
dean's,1,0,16.51878232040913,0.004286228414701324
deceptive,1,0,16.51878232040913,0.004286228414701324
declare,1,0,16.51878232040913,0.004286228414701324
declassifying,1,0,16.51878232040913,0.004286228414701324
decreased,1,0,16.51878232040913,0.004286228414701324
decrees,1,0,16.51878232040913,0.004286228414701324
deerfield,1,0,16.51878232040913,0.004286228414701324
deescalate,1,0,16.51878232040913,0.004286228414701324
deescalation,1,0,16.51878232040913,0.004286228414701324
defamed,1,0,16.51878232040913,0.004286228414701324
defeated,1,0,16.51878232040913,0.004286228414701324
defeating,1,0,16.51878232040913,0.004286228414701324
deferments,1,0,16.51878232040913,0.004286228414701324
defiance,1,0,16.51878232040913,0.004286228414701324
defrauded,1,0,16.51878232040913,0.004286228414701324
defrauding,1,0,16.51878232040913,0.004286228414701324
degrade,1,0,16.51878232040913,0.004286228414701324
dehumanizing,1,0,16.51878232040913,0.004286228414701324
deliberation,1,0,16.51878232040913,0.004286228414701324
denaturalize,1,0,16.51878232040913,0.004286228414701324
depleted,1,0,16.51878232040913,0.004286228414701324
depositor,1,0,16.51878232040913,0.004286228414701324
depositors,1,0,16.51878232040913,0.004286228414701324
depression,1,0,16.51878232040913,0.004286228414701324
depriving,1,0,16.51878232040913,0.004286228414701324
deserve,1,0,16.51878232040913,0.004286228414701324
designs,1,0,16.51878232040913,0.004286228414701324
destigmatize,1,0,16.51878232040913,0.004286228414701324
destroyed,1,0,16.51878232040913,0.004286228414701324
destroying,1,0,16.51878232040913,0.004286228414701324
detract,1,0,16.51878232040913,0.004286228414701324
devastated,1,0,16.51878232040913,0.004286228414701324
developer,1,0,16.51878232040913,0.004286228414701324
device,1,0,16.51878232040913,0.004286228414701324
differs,1,0,16.51878232040913,0.004286228414701324
dingell,1,0,16.51878232040913,0.004286228414701324
diocese's,1,0,16.51878232040913,0.004286228414701324
directives,1,0,16.51878232040913,0.004286228414701324
disappointing,1,0,16.51878232040913,0.004286228414701324
dish,1,0,16.51878232040913,0.004286228414701324
dishonor,1,0,16.51878232040913,0.004286228414701324
disorders,1,0,16.51878232040913,0.004286228414701324
disposable,1,0,16.51878232040913,0.004286228414701324
disqualification,1,0,16.51878232040913,0.004286228414701324
disrespect,1,0,16.51878232040913,0.004286228414701324
disseminated,1,0,16.51878232040913,0.004286228414701324
distances,1,0,16.51878232040913,0.004286228414701324
distress,1,0,16.51878232040913,0.004286228414701324
documentation,1,0,16.51878232040913,0.004286228414701324
documented,1,0,16.51878232040913,0.004286228414701324
doesn't,1,0,16.51878232040913,0.004286228414701324
donate,1,0,16.51878232040913,0.004286228414701324
downloads,1,0,16.51878232040913,0.004286228414701324
downturn,1,0,16.51878232040913,0.004286228414701324
draftees,1,0,16.51878232040913,0.004286228414701324
drawdowns,1,0,16.51878232040913,0.004286228414701324
drawing,1,0,16.51878232040913,0.004286228414701324
drills,1,0,16.51878232040913,0.004286228414701324
dropped,1,0,16.51878232040913,0.004286228414701324
duration,1,0,16.51878232040913,0.004286228414701324
durham's,1,0,16.51878232040913,0.004286228414701324
dwindling,1,0,16.51878232040913,0.004286228414701324
earnings,1,0,16.51878232040913,0.004286228414701324
economists,1,0,16.51878232040913,0.004286228414701324
educators,1,0,16.51878232040913,0.004286228414701324
eighth,1,0,16.51878232040913,0.004286228414701324
ejecting,1,0,16.51878232040913,0.004286228414701324
elaborate,1,0,16.51878232040913,0.004286228414701324
electing,1,0,16.51878232040913,0.004286228414701324
electorally,1,0,16.51878232040913,0.004286228414701324
elementary,1,0,16.51878232040913,0.004286228414701324
elevate,1,0,16.51878232040913,0.004286228414701324
elevated,1,0,16.51878232040913,0.004286228414701324
eleven,1,0,16.51878232040913,0.004286228414701324
eli,1,0,16.51878232040913,0.004286228414701324
eliminates,1,0,16.51878232040913,0.004286228414701324
embassy,1,0,16.51878232040913,0.004286228414701324
emerging,1,0,16.51878232040913,0.004286228414701324
ended,1,0,16.51878232040913,0.004286228414701324
enfranchisement,1,0,16.51878232040913,0.004286228414701324
enhancing,1,0,16.51878232040913,0.004286228414701324
enrollees,1,0,16.51878232040913,0.004286228414701324
enrollment,1,0,16.51878232040913,0.004286228414701324
ensuing,1,0,16.51878232040913,0.004286228414701324
entertainment,1,0,16.51878232040913,0.004286228414701324
entire,1,0,16.51878232040913,0.004286228414701324
entrepreneurship,1,0,16.51878232040913,0.004286228414701324
equivalent,1,0,16.51878232040913,0.004286228414701324
escalated,1,0,16.51878232040913,0.004286228414701324
escape,1,0,16.51878232040913,0.004286228414701324
evident,1,0,16.51878232040913,0.004286228414701324
exaggerating,1,0,16.51878232040913,0.004286228414701324
examination,1,0,16.51878232040913,0.004286228414701324
exception,1,0,16.51878232040913,0.004286228414701324
exclusionary,1,0,16.51878232040913,0.004286228414701324
exclusions,1,0,16.51878232040913,0.004286228414701324
exemption,1,0,16.51878232040913,0.004286228414701324
expectation,1,0,16.51878232040913,0.004286228414701324
experiencing,1,0,16.51878232040913,0.004286228414701324
experiment,1,0,16.51878232040913,0.004286228414701324
explanations,1,0,16.51878232040913,0.004286228414701324
exploded,1,0,16.51878232040913,0.004286228414701324
exploits,1,0,16.51878232040913,0.004286228414701324
explore,1,0,16.51878232040913,0.004286228414701324
expressed,1,0,16.51878232040913,0.004286228414701324
expressions,1,0,16.51878232040913,0.004286228414701324
extend,1,0,16.51878232040913,0.004286228414701324
fabricated,1,0,16.51878232040913,0.004286228414701324
faced,1,0,16.51878232040913,0.004286228414701324
faking,1,0,16.51878232040913,0.004286228414701324
farmworkers,1,0,16.51878232040913,0.004286228414701324
fat,1,0,16.51878232040913,0.004286228414701324
father's,1,0,16.51878232040913,0.004286228414701324
fatigue,1,0,16.51878232040913,0.004286228414701324
feared,1,0,16.51878232040913,0.004286228414701324
federally,1,0,16.51878232040913,0.004286228414701324
fertility,1,0,16.51878232040913,0.004286228414701324
fetterman,1,0,16.51878232040913,0.004286228414701324
fiction,1,0,16.51878232040913,0.004286228414701324
fictional,1,0,16.51878232040913,0.004286228414701324
fighters,1,0,16.51878232040913,0.004286228414701324
find,1,0,16.51878232040913,0.004286228414701324
firefighters,1,0,16.51878232040913,0.004286228414701324
fisa,1,0,16.51878232040913,0.004286228414701324
fitch's,1,0,16.51878232040913,0.004286228414701324
flyby,1,0,16.51878232040913,0.004286228414701324
followed,1,0,16.51878232040913,0.004286228414701324
foote,1,0,16.51878232040913,0.004286228414701324
ford,1,0,16.51878232040913,0.004286228414701324
forecasted,1,0,16.51878232040913,0.004286228414701324
forego,1,0,16.51878232040913,0.004286228414701324
foreigners,1,0,16.51878232040913,0.004286228414701324
forest,1,0,16.51878232040913,0.004286228414701324
fortunes,1,0,16.51878232040913,0.004286228414701324
fracturing,1,0,16.51878232040913,0.004286228414701324
frail,1,0,16.51878232040913,0.004286228414701324
francis's,1,0,16.51878232040913,0.004286228414701324
freeing,1,0,16.51878232040913,0.004286228414701324
freezes,1,0,16.51878232040913,0.004286228414701324
frozen,1,0,16.51878232040913,0.004286228414701324
fuller,1,0,16.51878232040913,0.004286228414701324
function,1,0,16.51878232040913,0.004286228414701324
fundraiser,1,0,16.51878232040913,0.004286228414701324
fundraisers,1,0,16.51878232040913,0.004286228414701324
furloughed,1,0,16.51878232040913,0.004286228414701324
gallagher's,1,0,16.51878232040913,0.004286228414701324
galvanize,1,0,16.51878232040913,0.004286228414701324
gang's,1,0,16.51878232040913,0.004286228414701324
gerrymanders,1,0,16.51878232040913,0.004286228414701324
gets,1,0,16.51878232040913,0.004286228414701324
gisd's,1,0,16.51878232040913,0.004286228414701324
glitches,1,0,16.51878232040913,0.004286228414701324
gove's,1,0,16.51878232040913,0.004286228414701324
grace,1,0,16.51878232040913,0.004286228414701324
gratitude,1,0,16.51878232040913,0.004286228414701324
greed,1,0,16.51878232040913,0.004286228414701324
greedy,1,0,16.51878232040913,0.004286228414701324
greeks,1,0,16.51878232040913,0.004286228414701324
grief,1,0,16.51878232040913,0.004286228414701324
grip,1,0,16.51878232040913,0.004286228414701324
group's,1,0,16.51878232040913,0.004286228414701324
guaranteeing,1,0,16.51878232040913,0.004286228414701324
gunmakers,1,0,16.51878232040913,0.004286228414701324
hampered,1,0,16.51878232040913,0.004286228414701324
hands,1,0,16.51878232040913,0.004286228414701324
hardware,1,0,16.51878232040913,0.004286228414701324
hbcu,1,0,16.51878232040913,0.004286228414701324
healing,1,0,16.51878232040913,0.004286228414701324
heard,1,0,16.51878232040913,0.004286228414701324
heighten,1,0,16.51878232040913,0.004286228414701324
heir,1,0,16.51878232040913,0.004286228414701324
helmand,1,0,16.51878232040913,0.004286228414701324
hereditary,1,0,16.51878232040913,0.004286228414701324
hiding,1,0,16.51878232040913,0.004286228414701324
hoaxes,1,0,16.51878232040913,0.004286228414701324
holds,1,0,16.51878232040913,0.004286228414701324
homicides,1,0,16.51878232040913,0.004286228414701324
hormone,1,0,16.51878232040913,0.004286228414701324
hospitality,1,0,16.51878232040913,0.004286228414701324
hosting,1,0,16.51878232040913,0.004286228414701324
hotspot,1,0,16.51878232040913,0.004286228414701324
howitzer,1,0,16.51878232040913,0.004286228414701324
hunt,1,0,16.51878232040913,0.004286228414701324
hybrid,1,0,16.51878232040913,0.004286228414701324
iaea,1,0,16.51878232040913,0.004286228414701324
icc,1,0,16.51878232040913,0.004286228414701324
idea,1,0,16.51878232040913,0.004286228414701324
ig,1,0,16.51878232040913,0.004286228414701324
illegally,1,0,16.51878232040913,0.004286228414701324
illegitimate,1,0,16.51878232040913,0.004286228414701324
illuminate,1,0,16.51878232040913,0.004286228414701324
imagery,1,0,16.51878232040913,0.004286228414701324
immunosuppressed,1,0,16.51878232040913,0.004286228414701324
impeachments,1,0,16.51878232040913,0.004286228414701324
imperial,1,0,16.51878232040913,0.004286228414701324
imperialism,1,0,16.51878232040913,0.004286228414701324
imperialist,1,0,16.51878232040913,0.004286228414701324
importance,1,0,16.51878232040913,0.004286228414701324
improvised,1,0,16.51878232040913,0.004286228414701324
inadvertent,1,0,16.51878232040913,0.004286228414701324
incapacitated,1,0,16.51878232040913,0.004286228414701324
incentive,1,0,16.51878232040913,0.004286228414701324
inciting,1,0,16.51878232040913,0.004286228414701324
inclusively,1,0,16.51878232040913,0.004286228414701324
incompatible,1,0,16.51878232040913,0.004286228414701324
incumbency,1,0,16.51878232040913,0.004286228414701324
indicates,1,0,16.51878232040913,0.004286228414701324
induced,1,0,16.51878232040913,0.004286228414701324
inequitable,1,0,16.51878232040913,0.004286228414701324
inequity,1,0,16.51878232040913,0.004286228414701324
inexperienced,1,0,16.51878232040913,0.004286228414701324
inflate,1,0,16.51878232040913,0.004286228414701324
influences,1,0,16.51878232040913,0.004286228414701324
infusion,1,0,16.51878232040913,0.004286228414701324
initially,1,0,16.51878232040913,0.004286228414701324
insiders,1,0,16.51878232040913,0.004286228414701324
insights,1,0,16.51878232040913,0.004286228414701324
instincts,1,0,16.51878232040913,0.004286228414701324
insured,1,0,16.51878232040913,0.004286228414701324
insurgent,1,0,16.51878232040913,0.004286228414701324
intensity,1,0,16.51878232040913,0.004286228414701324
intensive,1,0,16.51878232040913,0.004286228414701324
intercept,1,0,16.51878232040913,0.004286228414701324
intergenerational,1,0,16.51878232040913,0.004286228414701324
intermediaries,1,0,16.51878232040913,0.004286228414701324
internalize,1,0,16.51878232040913,0.004286228414701324
interpretations,1,0,16.51878232040913,0.004286228414701324
interval,1,0,16.51878232040913,0.004286228414701324
interventionist,1,0,16.51878232040913,0.004286228414701324
intimidation,1,0,16.51878232040913,0.004286228414701324
introduce,1,0,16.51878232040913,0.004286228414701324
introducing,1,0,16.51878232040913,0.004286228414701324
invalidation,1,0,16.51878232040913,0.004286228414701324
inventories,1,0,16.51878232040913,0.004286228414701324
invested,1,0,16.51878232040913,0.004286228414701324
involved,1,0,16.51878232040913,0.004286228414701324
irregular,1,0,16.51878232040913,0.004286228414701324
irresponsible,1,0,16.51878232040913,0.004286228414701324
islamist,1,0,16.51878232040913,0.004286228414701324
item,1,0,16.51878232040913,0.004286228414701324
ivey's,1,0,16.51878232040913,0.004286228414701324
jacobsen,1,0,16.51878232040913,0.004286228414701324
jails,1,0,16.51878232040913,0.004286228414701324
jankowicz's,1,0,16.51878232040913,0.004286228414701324
join,1,0,16.51878232040913,0.004286228414701324
jointly,1,0,16.51878232040913,0.004286228414701324
jokes,1,0,16.51878232040913,0.004286228414701324
juries,1,0,16.51878232040913,0.004286228414701324
juvenile,1,0,16.51878232040913,0.004286228414701324
kansans,1,0,16.51878232040913,0.004286228414701324
keenan's,1,0,16.51878232040913,0.004286228414701324
ken,1,0,16.51878232040913,0.004286228414701324
kickbacks,1,0,16.51878232040913,0.004286228414701324
knowing,1,0,16.51878232040913,0.004286228414701324
kyiv's,1,0,16.51878232040913,0.004286228414701324
labour's,1,0,16.51878232040913,0.004286228414701324
land,1,0,16.51878232040913,0.004286228414701324
landrieu,1,0,16.51878232040913,0.004286228414701324
lands,1,0,16.51878232040913,0.004286228414701324
lapid,1,0,16.51878232040913,0.004286228414701324
lasting,1,0,16.51878232040913,0.004286228414701324
latest,1,0,16.51878232040913,0.004286228414701324
lawfulness,1,0,16.51878232040913,0.004286228414701324
lawyers,1,0,16.51878232040913,0.004286228414701324
leftward,1,0,16.51878232040913,0.004286228414701324
leisure,1,0,16.51878232040913,0.004286228414701324
lenient,1,0,16.51878232040913,0.004286228414701324
leniently,1,0,16.51878232040913,0.004286228414701324
lerner's,1,0,16.51878232040913,0.004286228414701324
licht,1,0,16.51878232040913,0.004286228414701324
lilly,1,0,16.51878232040913,0.004286228414701324
liquidity,1,0,16.51878232040913,0.004286228414701324
loads,1,0,16.51878232040913,0.004286228414701324
lobbies,1,0,16.51878232040913,0.004286228414701324
lobby,1,0,16.51878232040913,0.004286228414701324
located,1,0,16.51878232040913,0.004286228414701324
locating,1,0,16.51878232040913,0.004286228414701324
looming,1,0,16.51878232040913,0.004286228414701324
loosened,1,0,16.51878232040913,0.004286228414701324
lowered,1,0,16.51878232040913,0.004286228414701324
loyalties,1,0,16.51878232040913,0.004286228414701324
lynn,1,0,16.51878232040913,0.004286228414701324
makes,1,0,16.51878232040913,0.004286228414701324
malaysian,1,0,16.51878232040913,0.004286228414701324
mandating,1,0,16.51878232040913,0.004286228414701324
manipulate,1,0,16.51878232040913,0.004286228414701324
manslaughter,1,0,16.51878232040913,0.004286228414701324
maps,1,0,16.51878232040913,0.004286228414701324
marketplace,1,0,16.51878232040913,0.004286228414701324
martha,1,0,16.51878232040913,0.004286228414701324
martial,1,0,16.51878232040913,0.004286228414701324
maryland's,1,0,16.51878232040913,0.004286228414701324
masculine,1,0,16.51878232040913,0.004286228414701324
massacres,1,0,16.51878232040913,0.004286228414701324
massed,1,0,16.51878232040913,0.004286228414701324
massive,1,0,16.51878232040913,0.004286228414701324
mate,1,0,16.51878232040913,0.004286228414701324
material,1,0,16.51878232040913,0.004286228414701324
materially,1,0,16.51878232040913,0.004286228414701324
mathematics,1,0,16.51878232040913,0.004286228414701324
mathematization,1,0,16.51878232040913,0.004286228414701324
medication,1,0,16.51878232040913,0.004286228414701324
medicines,1,0,16.51878232040913,0.004286228414701324
memory,1,0,16.51878232040913,0.004286228414701324
men's,1,0,16.51878232040913,0.004286228414701324
microtargeting,1,0,16.51878232040913,0.004286228414701324
migration's,1,0,16.51878232040913,0.004286228414701324
militarize,1,0,16.51878232040913,0.004286228414701324
misclassified,1,0,16.51878232040913,0.004286228414701324
misinterpret,1,0,16.51878232040913,0.004286228414701324
misuses,1,0,16.51878232040913,0.004286228414701324
mixing,1,0,16.51878232040913,0.004286228414701324
modernization,1,0,16.51878232040913,0.004286228414701324
monetization,1,0,16.51878232040913,0.004286228414701324
month's,1,0,16.51878232040913,0.004286228414701324
monthly,1,0,16.51878232040913,0.004286228414701324
monument,1,0,16.51878232040913,0.004286228414701324
mortgage,1,0,16.51878232040913,0.004286228414701324
mostly,1,0,16.51878232040913,0.004286228414701324
mothers,1,0,16.51878232040913,0.004286228414701324
motivate,1,0,16.51878232040913,0.004286228414701324
mourning,1,0,16.51878232040913,0.004286228414701324
multiculturalism,1,0,16.51878232040913,0.004286228414701324
multiple,1,0,16.51878232040913,0.004286228414701324
multiracial,1,0,16.51878232040913,0.004286228414701324
murdering,1,0,16.51878232040913,0.004286228414701324
nasa's,1,0,16.51878232040913,0.004286228414701324
nationally,1,0,16.51878232040913,0.004286228414701324
naturalizations,1,0,16.51878232040913,0.004286228414701324
ndp,1,0,16.51878232040913,0.004286228414701324
nearing,1,0,16.51878232040913,0.004286228414701324
needlessly,1,0,16.51878232040913,0.004286228414701324
negate,1,0,16.51878232040913,0.004286228414701324
neglect,1,0,16.51878232040913,0.004286228414701324
neglected,1,0,16.51878232040913,0.004286228414701324
newly,1,0,16.51878232040913,0.004286228414701324
newsroom,1,0,16.51878232040913,0.004286228414701324
newsrooms,1,0,16.51878232040913,0.004286228414701324
nicaragua,1,0,16.51878232040913,0.004286228414701324
nike's,1,0,16.51878232040913,0.004286228414701324
nina,1,0,16.51878232040913,0.004286228414701324
nominee's,1,0,16.51878232040913,0.004286228414701324
nonbinary,1,0,16.51878232040913,0.004286228414701324
nondiscrimination,1,0,16.51878232040913,0.004286228414701324
noorzai's,1,0,16.51878232040913,0.004286228414701324
nooyi,1,0,16.51878232040913,0.004286228414701324
normalize,1,0,16.51878232040913,0.004286228414701324
northeastern,1,0,16.51878232040913,0.004286228414701324
noted,1,0,16.51878232040913,0.004286228414701324
noting,1,0,16.51878232040913,0.004286228414701324
november's,1,0,16.51878232040913,0.004286228414701324
numerous,1,0,16.51878232040913,0.004286228414701324
nyt,1,0,16.51878232040913,0.004286228414701324
obstructed,1,0,16.51878232040913,0.004286228414701324
obstructing,1,0,16.51878232040913,0.004286228414701324
odesa,1,0,16.51878232040913,0.004286228414701324
offsets,1,0,16.51878232040913,0.004286228414701324
offshore,1,0,16.51878232040913,0.004286228414701324
openings,1,0,16.51878232040913,0.004286228414701324
opportunistic,1,0,16.51878232040913,0.004286228414701324
oppressive,1,0,16.51878232040913,0.004286228414701324
optimistic,1,0,16.51878232040913,0.004286228414701324
original,1,0,16.51878232040913,0.004286228414701324
osu's,1,0,16.51878232040913,0.004286228414701324
ought,1,0,16.51878232040913,0.004286228414701324
outlawing,1,0,16.51878232040913,0.004286228414701324
overconsumption,1,0,16.51878232040913,0.004286228414701324
overcrowding,1,0,16.51878232040913,0.004286228414701324
overpowering,1,0,16.51878232040913,0.004286228414701324
overreliance,1,0,16.51878232040913,0.004286228414701324
owed,1,0,16.51878232040913,0.004286228414701324
pad,1,0,16.51878232040913,0.004286228414701324
padding,1,0,16.51878232040913,0.004286228414701324
pageantry,1,0,16.51878232040913,0.004286228414701324
pair,1,0,16.51878232040913,0.004286228414701324
palestinians,1,0,16.51878232040913,0.004286228414701324
panels,1,0,16.51878232040913,0.004286228414701324
pardoning,1,0,16.51878232040913,0.004286228414701324
parenting,1,0,16.51878232040913,0.004286228414701324
parody,1,0,16.51878232040913,0.004286228414701324
participants,1,0,16.51878232040913,0.004286228414701324
pathway,1,0,16.51878232040913,0.004286228414701324
pathways,1,0,16.51878232040913,0.004286228414701324
patronage,1,0,16.51878232040913,0.004286228414701324
pattern,1,0,16.51878232040913,0.004286228414701324
paxton's,1,0,16.51878232040913,0.004286228414701324
payouts,1,0,16.51878232040913,0.004286228414701324
pays,1,0,16.51878232040913,0.004286228414701324
pediatric,1,0,16.51878232040913,0.004286228414701324
pennsylvania's,1,0,16.51878232040913,0.004286228414701324
pensioners,1,0,16.51878232040913,0.004286228414701324
pepsico's,1,0,16.51878232040913,0.004286228414701324
period,1,0,16.51878232040913,0.004286228414701324
perjury,1,0,16.51878232040913,0.004286228414701324
perpetuate,1,0,16.51878232040913,0.004286228414701324
perry,1,0,16.51878232040913,0.004286228414701324
petroleum,1,0,16.51878232040913,0.004286228414701324
philanthropic,1,0,16.51878232040913,0.004286228414701324
pierce,1,0,16.51878232040913,0.004286228414701324
placate,1,0,16.51878232040913,0.004286228414701324
placement,1,0,16.51878232040913,0.004286228414701324
placing,1,0,16.51878232040913,0.004286228414701324
planetary,1,0,16.51878232040913,0.004286228414701324
plays,1,0,16.51878232040913,0.004286228414701324
pledging,1,0,16.51878232040913,0.004286228414701324
plunge,1,0,16.51878232040913,0.004286228414701324
pluralism,1,0,16.51878232040913,0.004286228414701324
pluralistic,1,0,16.51878232040913,0.004286228414701324
pocketed,1,0,16.51878232040913,0.004286228414701324
poised,1,0,16.51878232040913,0.004286228414701324
police's,1,0,16.51878232040913,0.004286228414701324
pollsters,1,0,16.51878232040913,0.004286228414701324
pooled,1,0,16.51878232040913,0.004286228414701324
poor,1,0,16.51878232040913,0.004286228414701324
porn,1,0,16.51878232040913,0.004286228414701324
positively,1,0,16.51878232040913,0.004286228414701324
possibly,1,0,16.51878232040913,0.004286228414701324
precipitate,1,0,16.51878232040913,0.004286228414701324
predicted,1,0,16.51878232040913,0.004286228414701324
predicts,1,0,16.51878232040913,0.004286228414701324
preemption,1,0,16.51878232040913,0.004286228414701324
preemptive,1,0,16.51878232040913,0.004286228414701324
preference,1,0,16.51878232040913,0.004286228414701324
premium,1,0,16.51878232040913,0.004286228414701324
principled,1,0,16.51878232040913,0.004286228414701324
privileged,1,0,16.51878232040913,0.004286228414701324
proactive,1,0,16.51878232040913,0.004286228414701324
problematic,1,0,16.51878232040913,0.004286228414701324
proceed,1,0,16.51878232040913,0.004286228414701324
prochoice,1,0,16.51878232040913,0.004286228414701324
produces,1,0,16.51878232040913,0.004286228414701324
profiles,1,0,16.51878232040913,0.004286228414701324
profiteering,1,0,16.51878232040913,0.004286228414701324
profiting,1,0,16.51878232040913,0.004286228414701324
programme,1,0,16.51878232040913,0.004286228414701324
projecting,1,0,16.51878232040913,0.004286228414701324
prospective,1,0,16.51878232040913,0.004286228414701324
protested,1,0,16.51878232040913,0.004286228414701324
protocol,1,0,16.51878232040913,0.004286228414701324
proves,1,0,16.51878232040913,0.004286228414701324
provides,1,0,16.51878232040913,0.004286228414701324
proving,1,0,16.51878232040913,0.004286228414701324
proximity,1,0,16.51878232040913,0.004286228414701324
public's,1,0,16.51878232040913,0.004286228414701324
publicized,1,0,16.51878232040913,0.004286228414701324
publishing,1,0,16.51878232040913,0.004286228414701324
publix's,1,0,16.51878232040913,0.004286228414701324
purely,1,0,16.51878232040913,0.004286228414701324
purging,1,0,16.51878232040913,0.004286228414701324
pursues,1,0,16.51878232040913,0.004286228414701324
questioned,1,0,16.51878232040913,0.004286228414701324
quick,1,0,16.51878232040913,0.004286228414701324
quit,1,0,16.51878232040913,0.004286228414701324
r,1,0,16.51878232040913,0.004286228414701324
radioactive,1,0,16.51878232040913,0.004286228414701324
ranch,1,0,16.51878232040913,0.004286228414701324
ranchers,1,0,16.51878232040913,0.004286228414701324
ranks,1,0,16.51878232040913,0.004286228414701324
ratifying,1,0,16.51878232040913,0.004286228414701324
rating,1,0,16.51878232040913,0.004286228414701324
rauner's,1,0,16.51878232040913,0.004286228414701324
realignment,1,0,16.51878232040913,0.004286228414701324
reallocated,1,0,16.51878232040913,0.004286228414701324
rebuffing,1,0,16.51878232040913,0.004286228414701324
rebut,1,0,16.51878232040913,0.004286228414701324
rebuttal,1,0,16.51878232040913,0.004286228414701324
recipients,1,0,16.51878232040913,0.004286228414701324
recklessness,1,0,16.51878232040913,0.004286228414701324
reconciling,1,0,16.51878232040913,0.004286228414701324
recording,1,0,16.51878232040913,0.004286228414701324
recounts,1,0,16.51878232040913,0.004286228414701324
recourse,1,0,16.51878232040913,0.004286228414701324
recoverable,1,0,16.51878232040913,0.004286228414701324
recruit,1,0,16.51878232040913,0.004286228414701324
rectify,1,0,16.51878232040913,0.004286228414701324
recurring,1,0,16.51878232040913,0.004286228414701324
recuse,1,0,16.51878232040913,0.004286228414701324
redactions,1,0,16.51878232040913,0.004286228414701324
redefining,1,0,16.51878232040913,0.004286228414701324
redlining,1,0,16.51878232040913,0.004286228414701324
referral,1,0,16.51878232040913,0.004286228414701324
reformed,1,0,16.51878232040913,0.004286228414701324
reframed,1,0,16.51878232040913,0.004286228414701324
refunds,1,0,16.51878232040913,0.004286228414701324
regained,1,0,16.51878232040913,0.004286228414701324
regeneron,1,0,16.51878232040913,0.004286228414701324
regulating,1,0,16.51878232040913,0.004286228414701324
reimposing,1,0,16.51878232040913,0.004286228414701324
reintegration,1,0,16.51878232040913,0.004286228414701324
reintroducing,1,0,16.51878232040913,0.004286228414701324
reinvest,1,0,16.51878232040913,0.004286228414701324
reinvested,1,0,16.51878232040913,0.004286228414701324
relate,1,0,16.51878232040913,0.004286228414701324
relocating,1,0,16.51878232040913,0.004286228414701324
relocations,1,0,16.51878232040913,0.004286228414701324
remobilization,1,0,16.51878232040913,0.004286228414701324
renee,1,0,16.51878232040913,0.004286228414701324
repay,1,0,16.51878232040913,0.004286228414701324
repeat,1,0,16.51878232040913,0.004286228414701324
repeatedly,1,0,16.51878232040913,0.004286228414701324
repeating,1,0,16.51878232040913,0.004286228414701324
report's,1,0,16.51878232040913,0.004286228414701324
reprehensible,1,0,16.51878232040913,0.004286228414701324
representatives,1,0,16.51878232040913,0.004286228414701324
reputational,1,0,16.51878232040913,0.004286228414701324
rescissions,1,0,16.51878232040913,0.004286228414701324
resettlement,1,0,16.51878232040913,0.004286228414701324
reshaped,1,0,16.51878232040913,0.004286228414701324
resort,1,0,16.51878232040913,0.004286228414701324
resorting,1,0,16.51878232040913,0.004286228414701324
respiratory,1,0,16.51878232040913,0.004286228414701324
restful,1,0,16.51878232040913,0.004286228414701324
restorative,1,0,16.51878232040913,0.004286228414701324
restroom,1,0,16.51878232040913,0.004286228414701324
retail,1,0,16.51878232040913,0.004286228414701324
rethink,1,0,16.51878232040913,0.004286228414701324
retract,1,0,16.51878232040913,0.004286228414701324
retreated,1,0,16.51878232040913,0.004286228414701324
retroactive,1,0,16.51878232040913,0.004286228414701324
returnees,1,0,16.51878232040913,0.004286228414701324
reunification,1,0,16.51878232040913,0.004286228414701324
revelation,1,0,16.51878232040913,0.004286228414701324
revocations,1,0,16.51878232040913,0.004286228414701324
rewarding,1,0,16.51878232040913,0.004286228414701324
ricans,1,0,16.51878232040913,0.004286228414701324
rick,1,0,16.51878232040913,0.004286228414701324
rightward,1,0,16.51878232040913,0.004286228414701324
rightwing,1,0,16.51878232040913,0.004286228414701324
roasting,1,0,16.51878232040913,0.004286228414701324
rockets,1,0,16.51878232040913,0.004286228414701324
rollouts,1,0,16.51878232040913,0.004286228414701324
rooted,1,0,16.51878232040913,0.004286228414701324
routes,1,0,16.51878232040913,0.004286228414701324
rwdsu,1,0,16.51878232040913,0.004286228414701324
salvador,1,0,16.51878232040913,0.004286228414701324
sanitation,1,0,16.51878232040913,0.004286228414701324
scapegoating,1,0,16.51878232040913,0.004286228414701324
scheduled,1,0,16.51878232040913,0.004286228414701324
scholars,1,0,16.51878232040913,0.004286228414701324
scores,1,0,16.51878232040913,0.004286228414701324
scotland,1,0,16.51878232040913,0.004286228414701324
scrambling,1,0,16.51878232040913,0.004286228414701324
searching,1,0,16.51878232040913,0.004286228414701324
seattle's,1,0,16.51878232040913,0.004286228414701324
secretive,1,0,16.51878232040913,0.004286228414701324
segment,1,0,16.51878232040913,0.004286228414701324
segments,1,0,16.51878232040913,0.004286228414701324
sell,1,0,16.51878232040913,0.004286228414701324
semiconductors,1,0,16.51878232040913,0.004286228414701324
semitism,1,0,16.51878232040913,0.004286228414701324
sends,1,0,16.51878232040913,0.004286228414701324
separated,1,0,16.51878232040913,0.004286228414701324
separatist,1,0,16.51878232040913,0.004286228414701324
seriousness,1,0,16.51878232040913,0.004286228414701324
servicemember,1,0,16.51878232040913,0.004286228414701324
setting,1,0,16.51878232040913,0.004286228414701324
severance,1,0,16.51878232040913,0.004286228414701324
severely,1,0,16.51878232040913,0.004286228414701324
severity,1,0,16.51878232040913,0.004286228414701324
sexist,1,0,16.51878232040913,0.004286228414701324
sfcjl,1,0,16.51878232040913,0.004286228414701324
sheltering,1,0,16.51878232040913,0.004286228414701324
shoe,1,0,16.51878232040913,0.004286228414701324
shoring,1,0,16.51878232040913,0.004286228414701324
shortchanging,1,0,16.51878232040913,0.004286228414701324
shortlisted,1,0,16.51878232040913,0.004286228414701324
shouting,1,0,16.51878232040913,0.004286228414701324
shutting,1,0,16.51878232040913,0.004286228414701324
sick,1,0,16.51878232040913,0.004286228414701324
sidelining,1,0,16.51878232040913,0.004286228414701324
sift,1,0,16.51878232040913,0.004286228414701324
significance,1,0,16.51878232040913,0.004286228414701324
signify,1,0,16.51878232040913,0.004286228414701324
simone,1,0,16.51878232040913,0.004286228414701324
simultaneous,1,0,16.51878232040913,0.004286228414701324
sinema's,1,0,16.51878232040913,0.004286228414701324
slapp,1,0,16.51878232040913,0.004286228414701324
slavery,1,0,16.51878232040913,0.004286228414701324
slowing,1,0,16.51878232040913,0.004286228414701324
slows,1,0,16.51878232040913,0.004286228414701324
smoke,1,0,16.51878232040913,0.004286228414701324
socially,1,0,16.51878232040913,0.004286228414701324
socioeconomic,1,0,16.51878232040913,0.004286228414701324
soda,1,0,16.51878232040913,0.004286228414701324
softens,1,0,16.51878232040913,0.004286228414701324
solar,1,0,16.51878232040913,0.004286228414701324
sourcing,1,0,16.51878232040913,0.004286228414701324
southwestern,1,0,16.51878232040913,0.004286228414701324
spanberger,1,0,16.51878232040913,0.004286228414701324
specialized,1,0,16.51878232040913,0.004286228414701324
spectacle,1,0,16.51878232040913,0.004286228414701324
speculators,1,0,16.51878232040913,0.004286228414701324
spender,1,0,16.51878232040913,0.004286228414701324
spillover,1,0,16.51878232040913,0.004286228414701324
spoiler,1,0,16.51878232040913,0.004286228414701324
sporting,1,0,16.51878232040913,0.004286228414701324
spreaders,1,0,16.51878232040913,0.004286228414701324
squeeze,1,0,16.51878232040913,0.004286228414701324
stage,1,0,16.51878232040913,0.004286228414701324
stakes,1,0,16.51878232040913,0.004286228414701324
started,1,0,16.51878232040913,0.004286228414701324
startups,1,0,16.51878232040913,0.004286228414701324
stated,1,0,16.51878232040913,0.004286228414701324
statehood,1,0,16.51878232040913,0.004286228414701324
staying,1,0,16.51878232040913,0.004286228414701324
stifle,1,0,16.51878232040913,0.004286228414701324
stigma,1,0,16.51878232040913,0.004286228414701324
stigmatization,1,0,16.51878232040913,0.004286228414701324
stoking,1,0,16.51878232040913,0.004286228414701324
stored,1,0,16.51878232040913,0.004286228414701324
streams,1,0,16.51878232040913,0.004286228414701324
stripes,1,0,16.51878232040913,0.004286228414701324
strongarm,1,0,16.51878232040913,0.004286228414701324
studies,1,0,16.51878232040913,0.004286228414701324
studying,1,0,16.51878232040913,0.004286228414701324
subpoenaed,1,0,16.51878232040913,0.004286228414701324
supplement,1,0,16.51878232040913,0.004286228414701324
supplier,1,0,16.51878232040913,0.004286228414701324
supposed,1,0,16.51878232040913,0.004286228414701324
supposedly,1,0,16.51878232040913,0.004286228414701324
surrounded,1,0,16.51878232040913,0.004286228414701324
suspicious,1,0,16.51878232040913,0.004286228414701324
swiss,1,0,16.51878232040913,0.004286228414701324
symbol,1,0,16.51878232040913,0.004286228414701324
symbols,1,0,16.51878232040913,0.004286228414701324
sympathetic,1,0,16.51878232040913,0.004286228414701324
takedown,1,0,16.51878232040913,0.004286228414701324
talk,1,0,16.51878232040913,0.004286228414701324
tapping,1,0,16.51878232040913,0.004286228414701324
taylor's,1,0,16.51878232040913,0.004286228414701324
teach,1,0,16.51878232040913,0.004286228414701324
teenagers,1,0,16.51878232040913,0.004286228414701324
tehran,1,0,16.51878232040913,0.004286228414701324
telecom,1,0,16.51878232040913,0.004286228414701324
tell,1,0,16.51878232040913,0.004286228414701324
tempered,1,0,16.51878232040913,0.004286228414701324
tennis,1,0,16.51878232040913,0.004286228414701324
then,1,0,16.51878232040913,0.004286228414701324
thoroughly,1,0,16.51878232040913,0.004286228414701324
tier,1,0,16.51878232040913,0.004286228414701324
timelines,1,0,16.51878232040913,0.004286228414701324
tired,1,0,16.51878232040913,0.004286228414701324
together,1,0,16.51878232040913,0.004286228414701324
tolerate,1,0,16.51878232040913,0.004286228414701324
tolerating,1,0,16.51878232040913,0.004286228414701324
tone,1,0,16.51878232040913,0.004286228414701324
topple,1,0,16.51878232040913,0.004286228414701324
toss,1,0,16.51878232040913,0.004286228414701324
tracey,1,0,16.51878232040913,0.004286228414701324
tradition,1,0,16.51878232040913,0.004286228414701324
tragedies,1,0,16.51878232040913,0.004286228414701324
tragedy,1,0,16.51878232040913,0.004286228414701324
trailblazing,1,0,16.51878232040913,0.004286228414701324
trajectory,1,0,16.51878232040913,0.004286228414701324
transparently,1,0,16.51878232040913,0.004286228414701324
transphobia,1,0,16.51878232040913,0.004286228414701324
transphobic,1,0,16.51878232040913,0.004286228414701324
transporting,1,0,16.51878232040913,0.004286228414701324
tribal,1,0,16.51878232040913,0.004286228414701324
tried,1,0,16.51878232040913,0.004286228414701324
triggering,1,0,16.51878232040913,0.004286228414701324
ty,1,0,16.51878232040913,0.004286228414701324
typical,1,0,16.51878232040913,0.004286228414701324
ukrainians,1,0,16.51878232040913,0.004286228414701324
ultimately,1,0,16.51878232040913,0.004286228414701324
unarmed,1,0,16.51878232040913,0.004286228414701324
unclear,1,0,16.51878232040913,0.004286228414701324
undercount,1,0,16.51878232040913,0.004286228414701324
undercounting,1,0,16.51878232040913,0.004286228414701324
undercounts,1,0,16.51878232040913,0.004286228414701324
understanding,1,0,16.51878232040913,0.004286228414701324
underwent,1,0,16.51878232040913,0.004286228414701324
unfinished,1,0,16.51878232040913,0.004286228414701324
unfitness,1,0,16.51878232040913,0.004286228414701324
unfounded,1,0,16.51878232040913,0.004286228414701324
uninsured,1,0,16.51878232040913,0.004286228414701324
uniting,1,0,16.51878232040913,0.004286228414701324
units,1,0,16.51878232040913,0.004286228414701324
unjustly,1,0,16.51878232040913,0.004286228414701324
unmoderated,1,0,16.51878232040913,0.004286228414701324
unpaid,1,0,16.51878232040913,0.004286228414701324
unrealistic,1,0,16.51878232040913,0.004286228414701324
unsafe,1,0,16.51878232040913,0.004286228414701324
unsubstantiated,1,0,16.51878232040913,0.004286228414701324
unsuccessful,1,0,16.51878232040913,0.004286228414701324
unwillingness,1,0,16.51878232040913,0.004286228414701324
upbringing,1,0,16.51878232040913,0.004286228414701324
updates,1,0,16.51878232040913,0.004286228414701324
upgrade,1,0,16.51878232040913,0.004286228414701324
user,1,0,16.51878232040913,0.004286228414701324
vaccinate,1,0,16.51878232040913,0.004286228414701324
vague,1,0,16.51878232040913,0.004286228414701324
variants,1,0,16.51878232040913,0.004286228414701324
venezuela's,1,0,16.51878232040913,0.004286228414701324
vetoed,1,0,16.51878232040913,0.004286228414701324
vigilante,1,0,16.51878232040913,0.004286228414701324
vigorous,1,0,16.51878232040913,0.004286228414701324
vii,1,0,16.51878232040913,0.004286228414701324
vilsack's,1,0,16.51878232040913,0.004286228414701324
vital,1,0,16.51878232040913,0.004286228414701324
volatility,1,0,16.51878232040913,0.004286228414701324
volunteer,1,0,16.51878232040913,0.004286228414701324
waive,1,0,16.51878232040913,0.004286228414701324
waiver,1,0,16.51878232040913,0.004286228414701324
waivers,1,0,16.51878232040913,0.004286228414701324
walker,1,0,16.51878232040913,0.004286228414701324
walking,1,0,16.51878232040913,0.004286228414701324
warranted,1,0,16.51878232040913,0.004286228414701324
wave,1,0,16.51878232040913,0.004286228414701324
weaponry,1,0,16.51878232040913,0.004286228414701324
wearing,1,0,16.51878232040913,0.004286228414701324
wednesday's,1,0,16.51878232040913,0.004286228414701324
wegrzyn,1,0,16.51878232040913,0.004286228414701324
weighing,1,0,16.51878232040913,0.004286228414701324
westerhout's,1,0,16.51878232040913,0.004286228414701324
wetlands,1,0,16.51878232040913,0.004286228414701324
widened,1,0,16.51878232040913,0.004286228414701324
wildfire,1,0,16.51878232040913,0.004286228414701324
wind,1,0,16.51878232040913,0.004286228414701324
wise,1,0,16.51878232040913,0.004286228414701324
witch,1,0,16.51878232040913,0.004286228414701324
woo,1,0,16.51878232040913,0.004286228414701324
word,1,0,16.51878232040913,0.004286228414701324
words,1,0,16.51878232040913,0.004286228414701324
worry,1,0,16.51878232040913,0.004286228414701324
wounded,1,0,16.51878232040913,0.004286228414701324
wrongful,1,0,16.51878232040913,0.004286228414701324
wto,1,0,16.51878232040913,0.004286228414701324
wyoming,1,0,16.51878232040913,0.004286228414701324
yard,1,0,16.51878232040913,0.004286228414701324
yellen's,1,0,16.51878232040913,0.004286228414701324
yorkers,1,0,16.51878232040913,0.004286228414701324
zelenskiy's,1,0,16.51878232040913,0.004286228414701324
zones,1,0,16.51878232040913,0.004286228414701324
zoonotic,1,0,16.51878232040913,0.004286228414701324
13,1,1,0.005076596652408227,0.0035896961599531977
1980s,1,1,0.005076596652408227,0.0035896961599531977
1992,1,1,0.005076596652408227,0.0035896961599531977
1994,1,1,0.005076596652408227,0.0035896961599531977
2012,1,1,0.005076596652408227,0.0035896961599531977
24,1,1,0.005076596652408227,0.0035896961599531977
250,1,1,0.005076596652408227,0.0035896961599531977
270,1,1,0.005076596652408227,0.0035896961599531977
28m,1,1,0.005076596652408227,0.0035896961599531977
36,1,1,0.005076596652408227,0.0035896961599531977
39,1,1,0.005076596652408227,0.0035896961599531977
41,1,1,0.005076596652408227,0.0035896961599531977
434,1,1,0.005076596652408227,0.0035896961599531977
45,1,1,0.005076596652408227,0.0035896961599531977
53,1,1,0.005076596652408227,0.0035896961599531977
56,1,1,0.005076596652408227,0.0035896961599531977
59,1,1,0.005076596652408227,0.0035896961599531977
61,1,1,0.005076596652408227,0.0035896961599531977
719,1,1,0.005076596652408227,0.0035896961599531977
77,1,1,0.005076596652408227,0.0035896961599531977
800m,1,1,0.005076596652408227,0.0035896961599531977
885,1,1,0.005076596652408227,0.0035896961599531977
a320,1,1,0.005076596652408227,0.0035896961599531977
abbott's,1,1,0.005076596652408227,0.0035896961599531977
abc,1,1,0.005076596652408227,0.0035896961599531977
abolishing,1,1,0.005076596652408227,0.0035896961599531977
absolute,1,1,0.005076596652408227,0.0035896961599531977
absolutism,1,1,0.005076596652408227,0.0035896961599531977
absorb,1,1,0.005076596652408227,0.0035896961599531977
accelerate,1,1,0.005076596652408227,0.0035896961599531977
accelerated,1,1,0.005076596652408227,0.0035896961599531977
accepting,1,1,0.005076596652408227,0.0035896961599531977
accommodation,1,1,0.005076596652408227,0.0035896961599531977
account,1,1,0.005076596652408227,0.0035896961599531977
acknowledging,1,1,0.005076596652408227,0.0035896961599531977
acquisitions,1,1,0.005076596652408227,0.0035896961599531977
administrations,1,1,0.005076596652408227,0.0035896961599531977
administrators,1,1,0.005076596652408227,0.0035896961599531977
advocating,1,1,0.005076596652408227,0.0035896961599531977
affects,1,1,0.005076596652408227,0.0035896961599531977
afghans,1,1,0.005076596652408227,0.0035896961599531977
africa,1,1,0.005076596652408227,0.0035896961599531977
agitation,1,1,0.005076596652408227,0.0035896961599531977
agreeing,1,1,0.005076596652408227,0.0035896961599531977
aircraft,1,1,0.005076596652408227,0.0035896961599531977
airports,1,1,0.005076596652408227,0.0035896961599531977
alongside,1,1,0.005076596652408227,0.0035896961599531977
amazon's,1,1,0.005076596652408227,0.0035896961599531977
analytica,1,1,0.005076596652408227,0.0035896961599531977
andreas,1,1,0.005076596652408227,0.0035896961599531977
anomaly,1,1,0.005076596652408227,0.0035896961599531977
antimalarial,1,1,0.005076596652408227,0.0035896961599531977
aoc,1,1,0.005076596652408227,0.0035896961599531977
apocalyptic,1,1,0.005076596652408227,0.0035896961599531977
apple,1,1,0.005076596652408227,0.0035896961599531977
arb,1,1,0.005076596652408227,0.0035896961599531977
arbery's,1,1,0.005076596652408227,0.0035896961599531977
argued,1,1,0.005076596652408227,0.0035896961599531977
army's,1,1,0.005076596652408227,0.0035896961599531977
arranged,1,1,0.005076596652408227,0.0035896961599531977
arranging,1,1,0.005076596652408227,0.0035896961599531977
asa,1,1,0.005076596652408227,0.0035896961599531977
assisted,1,1,0.005076596652408227,0.0035896961599531977
attorney's,1,1,0.005076596652408227,0.0035896961599531977
auto,1,1,0.005076596652408227,0.0035896961599531977
autoworkers,1,1,0.005076596652408227,0.0035896961599531977
avert,1,1,0.005076596652408227,0.0035896961599531977
bader,1,1,0.005076596652408227,0.0035896961599531977
bankroll,1,1,0.005076596652408227,0.0035896961599531977
bars,1,1,0.005076596652408227,0.0035896961599531977
bashar,1,1,0.005076596652408227,0.0035896961599531977
bashir,1,1,0.005076596652408227,0.0035896961599531977
bay,1,1,0.005076596652408227,0.0035896961599531977
beat,1,1,0.005076596652408227,0.0035896961599531977
becomes,1,1,0.005076596652408227,0.0035896961599531977
belgium,1,1,0.005076596652408227,0.0035896961599531977
belonging,1,1,0.005076596652408227,0.0035896961599531977
bettors,1,1,0.005076596652408227,0.0035896961599531977
bexar,1,1,0.005076596652408227,0.0035896961599531977
bifurcation,1,1,0.005076596652408227,0.0035896961599531977
blanket,1,1,0.005076596652408227,0.0035896961599531977
blockade,1,1,0.005076596652408227,0.0035896961599531977
blocks,1,1,0.005076596652408227,0.0035896961599531977
blog,1,1,0.005076596652408227,0.0035896961599531977
board's,1,1,0.005076596652408227,0.0035896961599531977
bodies,1,1,0.005076596652408227,0.0035896961599531977
boomer,1,1,0.005076596652408227,0.0035896961599531977
bounty,1,1,0.005076596652408227,0.0035896961599531977
brad,1,1,0.005076596652408227,0.0035896961599531977
brazil,1,1,0.005076596652408227,0.0035896961599531977
breed's,1,1,0.005076596652408227,0.0035896961599531977
bribery,1,1,0.005076596652408227,0.0035896961599531977
bribes,1,1,0.005076596652408227,0.0035896961599531977
brien,1,1,0.005076596652408227,0.0035896961599531977
britain,1,1,0.005076596652408227,0.0035896961599531977
brittney,1,1,0.005076596652408227,0.0035896961599531977
broadcasters,1,1,0.005076596652408227,0.0035896961599531977
brokered,1,1,0.005076596652408227,0.0035896961599531977
brown's,1,1,0.005076596652408227,0.0035896961599531977
brussels,1,1,0.005076596652408227,0.0035896961599531977
buck,1,1,0.005076596652408227,0.0035896961599531977
bulk,1,1,0.005076596652408227,0.0035896961599531977
burst,1,1,0.005076596652408227,0.0035896961599531977
cal,1,1,0.005076596652408227,0.0035896961599531977
calculated,1,1,0.005076596652408227,0.0035896961599531977
cambridge,1,1,0.005076596652408227,0.0035896961599531977
cancer,1,1,0.005076596652408227,0.0035896961599531977
cannabis,1,1,0.005076596652408227,0.0035896961599531977
cannon,1,1,0.005076596652408227,0.0035896961599531977
capito,1,1,0.005076596652408227,0.0035896961599531977
caps,1,1,0.005076596652408227,0.0035896961599531977
capture,1,1,0.005076596652408227,0.0035896961599531977
carrying,1,1,0.005076596652408227,0.0035896961599531977
cars,1,1,0.005076596652408227,0.0035896961599531977
casey,1,1,0.005076596652408227,0.0035896961599531977
cbs,1,1,0.005076596652408227,0.0035896961599531977
celebrate,1,1,0.005076596652408227,0.0035896961599531977
chambers,1,1,0.005076596652408227,0.0035896961599531977
chaos,1,1,0.005076596652408227,0.0035896961599531977
chappelle's,1,1,0.005076596652408227,0.0035896961599531977
charlie,1,1,0.005076596652408227,0.0035896961599531977
chiefs,1,1,0.005076596652408227,0.0035896961599531977
chokeholds,1,1,0.005076596652408227,0.0035896961599531977
choosing,1,1,0.005076596652408227,0.0035896961599531977
citing,1,1,0.005076596652408227,0.0035896961599531977
claimed,1,1,0.005076596652408227,0.0035896961599531977
clashes,1,1,0.005076596652408227,0.0035896961599531977
clears,1,1,0.005076596652408227,0.0035896961599531977
cleveland,1,1,0.005076596652408227,0.0035896961599531977
clinching,1,1,0.005076596652408227,0.0035896961599531977
closes,1,1,0.005076596652408227,0.0035896961599531977
coast,1,1,0.005076596652408227,0.0035896961599531977
cobb,1,1,0.005076596652408227,0.0035896961599531977
coca,1,1,0.005076596652408227,0.0035896961599531977
colleagues,1,1,0.005076596652408227,0.0035896961599531977
collected,1,1,0.005076596652408227,0.0035896961599531977
colorful,1,1,0.005076596652408227,0.0035896961599531977
come,1,1,0.005076596652408227,0.0035896961599531977
comedy,1,1,0.005076596652408227,0.0035896961599531977
committing,1,1,0.005076596652408227,0.0035896961599531977
compensated,1,1,0.005076596652408227,0.0035896961599531977
competitions,1,1,0.005076596652408227,0.0035896961599531977
complement,1,1,0.005076596652408227,0.0035896961599531977
concede,1,1,0.005076596652408227,0.0035896961599531977
condemnations,1,1,0.005076596652408227,0.0035896961599531977
conducting,1,1,0.005076596652408227,0.0035896961599531977
congratulating,1,1,0.005076596652408227,0.0035896961599531977
congratulations,1,1,0.005076596652408227,0.0035896961599531977
congressionally,1,1,0.005076596652408227,0.0035896961599531977
connecticut,1,1,0.005076596652408227,0.0035896961599531977
consecutive,1,1,0.005076596652408227,0.0035896961599531977
constituencies,1,1,0.005076596652408227,0.0035896961599531977
constitution's,1,1,0.005076596652408227,0.0035896961599531977
consultants,1,1,0.005076596652408227,0.0035896961599531977
consuming,1,1,0.005076596652408227,0.0035896961599531977
contests,1,1,0.005076596652408227,0.0035896961599531977
contractor,1,1,0.005076596652408227,0.0035896961599531977
contractors,1,1,0.005076596652408227,0.0035896961599531977
controlled,1,1,0.005076596652408227,0.0035896961599531977
controversial,1,1,0.005076596652408227,0.0035896961599531977
convened,1,1,0.005076596652408227,0.0035896961599531977
conway's,1,1,0.005076596652408227,0.0035896961599531977
cory,1,1,0.005076596652408227,0.0035896961599531977
costing,1,1,0.005076596652408227,0.0035896961599531977
counsel's,1,1,0.005076596652408227,0.0035896961599531977
counteract,1,1,0.005076596652408227,0.0035896961599531977
countering,1,1,0.005076596652408227,0.0035896961599531977
counterintelligence,1,1,0.005076596652408227,0.0035896961599531977
cpac,1,1,0.005076596652408227,0.0035896961599531977
cpd,1,1,0.005076596652408227,0.0035896961599531977
creditor,1,1,0.005076596652408227,0.0035896961599531977
cubans,1,1,0.005076596652408227,0.0035896961599531977
cuccinelli's,1,1,0.005076596652408227,0.0035896961599531977
cunningham,1,1,0.005076596652408227,0.0035896961599531977
curfews,1,1,0.005076596652408227,0.0035896961599531977
dade,1,1,0.005076596652408227,0.0035896961599531977
daiichi,1,1,0.005076596652408227,0.0035896961599531977
damascus,1,1,0.005076596652408227,0.0035896961599531977
danes,1,1,0.005076596652408227,0.0035896961599531977
deadlock,1,1,0.005076596652408227,0.0035896961599531977
deal's,1,1,0.005076596652408227,0.0035896961599531977
deceased,1,1,0.005076596652408227,0.0035896961599531977
definition,1,1,0.005076596652408227,0.0035896961599531977
del,1,1,0.005076596652408227,0.0035896961599531977
delaware,1,1,0.005076596652408227,0.0035896961599531977
delong,1,1,0.005076596652408227,0.0035896961599531977
demoted,1,1,0.005076596652408227,0.0035896961599531977
denis,1,1,0.005076596652408227,0.0035896961599531977
denouncing,1,1,0.005076596652408227,0.0035896961599531977
denver,1,1,0.005076596652408227,0.0035896961599531977
dependent,1,1,0.005076596652408227,0.0035896961599531977
deplorables,1,1,0.005076596652408227,0.0035896961599531977
depress,1,1,0.005076596652408227,0.0035896961599531977
deputy,1,1,0.005076596652408227,0.0035896961599531977
describe,1,1,0.005076596652408227,0.0035896961599531977
destabilize,1,1,0.005076596652408227,0.0035896961599531977
devos,1,1,0.005076596652408227,0.0035896961599531977
diaspora,1,1,0.005076596652408227,0.0035896961599531977
dimon,1,1,0.005076596652408227,0.0035896961599531977
dimon's,1,1,0.005076596652408227,0.0035896961599531977
diocese,1,1,0.005076596652408227,0.0035896961599531977
director's,1,1,0.005076596652408227,0.0035896961599531977
disabled,1,1,0.005076596652408227,0.0035896961599531977
disadvantaging,1,1,0.005076596652408227,0.0035896961599531977
discouraged,1,1,0.005076596652408227,0.0035896961599531977
discuss,1,1,0.005076596652408227,0.0035896961599531977
disloyal,1,1,0.005076596652408227,0.0035896961599531977
dismissals,1,1,0.005076596652408227,0.0035896961599531977
disqualify,1,1,0.005076596652408227,0.0035896961599531977
disqualifying,1,1,0.005076596652408227,0.0035896961599531977
distributed,1,1,0.005076596652408227,0.0035896961599531977
district's,1,1,0.005076596652408227,0.0035896961599531977
diverted,1,1,0.005076596652408227,0.0035896961599531977
dividing,1,1,0.005076596652408227,0.0035896961599531977
double,1,1,0.005076596652408227,0.0035896961599531977
douglas,1,1,0.005076596652408227,0.0035896961599531977
downfall,1,1,0.005076596652408227,0.0035896961599531977
drawn,1,1,0.005076596652408227,0.0035896961599531977
drinks,1,1,0.005076596652408227,0.0035896961599531977
drivers,1,1,0.005076596652408227,0.0035896961599531977
drove,1,1,0.005076596652408227,0.0035896961599531977
eastmans,1,1,0.005076596652408227,0.0035896961599531977
ebola,1,1,0.005076596652408227,0.0035896961599531977
echo,1,1,0.005076596652408227,0.0035896961599531977
edge,1,1,0.005076596652408227,0.0035896961599531977
edison,1,1,0.005076596652408227,0.0035896961599531977
elderly,1,1,0.005076596652408227,0.0035896961599531977
electricity,1,1,0.005076596652408227,0.0035896961599531977
electronics,1,1,0.005076596652408227,0.0035896961599531977
elements,1,1,0.005076596652408227,0.0035896961599531977
elizabeth's,1,1,0.005076596652408227,0.0035896961599531977
emasculating,1,1,0.005076596652408227,0.0035896961599531977
emboldening,1,1,0.005076596652408227,0.0035896961599531977
emirates,1,1,0.005076596652408227,0.0035896961599531977
emotional,1,1,0.005076596652408227,0.0035896961599531977
encircle,1,1,0.005076596652408227,0.0035896961599531977
enforcement's,1,1,0.005076596652408227,0.0035896961599531977
engaged,1,1,0.005076596652408227,0.0035896961599531977
enroll,1,1,0.005076596652408227,0.0035896961599531977
enrollments,1,1,0.005076596652408227,0.0035896961599531977
ensured,1,1,0.005076596652408227,0.0035896961599531977
entertaining,1,1,0.005076596652408227,0.0035896961599531977
envoy,1,1,0.005076596652408227,0.0035896961599531977
errors,1,1,0.005076596652408227,0.0035896961599531977
europe's,1,1,0.005076596652408227,0.0035896961599531977
evaluations,1,1,0.005076596652408227,0.0035896961599531977
ever,1,1,0.005076596652408227,0.0035896961599531977
exclude,1,1,0.005076596652408227,0.0035896961599531977
executions,1,1,0.005076596652408227,0.0035896961599531977
exodus,1,1,0.005076596652408227,0.0035896961599531977
experiments,1,1,0.005076596652408227,0.0035896961599531977
expire,1,1,0.005076596652408227,0.0035896961599531977
explains,1,1,0.005076596652408227,0.0035896961599531977
exploitation,1,1,0.005076596652408227,0.0035896961599531977
extended,1,1,0.005076596652408227,0.0035896961599531977
extensions,1,1,0.005076596652408227,0.0035896961599531977
fastest,1,1,0.005076596652408227,0.0035896961599531977
fema's,1,1,0.005076596652408227,0.0035896961599531977
festival,1,1,0.005076596652408227,0.0035896961599531977
filed,1,1,0.005076596652408227,0.0035896961599531977
fina,1,1,0.005076596652408227,0.0035896961599531977
finalize,1,1,0.005076596652408227,0.0035896961599531977
fiona,1,1,0.005076596652408227,0.0035896961599531977
flags,1,1,0.005076596652408227,0.0035896961599531977
fleeing,1,1,0.005076596652408227,0.0035896961599531977
floyd,1,1,0.005076596652408227,0.0035896961599531977
flyovers,1,1,0.005076596652408227,0.0035896961599531977
footwear,1,1,0.005076596652408227,0.0035896961599531977
forceful,1,1,0.005076596652408227,0.0035896961599531977
forfeiture,1,1,0.005076596652408227,0.0035896961599531977
fortune,1,1,0.005076596652408227,0.0035896961599531977
freshman,1,1,0.005076596652408227,0.0035896961599531977
frivolous,1,1,0.005076596652408227,0.0035896961599531977
fvra,1,1,0.005076596652408227,0.0035896961599531977
gallup's,1,1,0.005076596652408227,0.0035896961599531977
gamesmanship,1,1,0.005076596652408227,0.0035896961599531977
gao,1,1,0.005076596652408227,0.0035896961599531977
geopolitics,1,1,0.005076596652408227,0.0035896961599531977
ghani,1,1,0.005076596652408227,0.0035896961599531977
ghani's,1,1,0.005076596652408227,0.0035896961599531977
ginsburg,1,1,0.005076596652408227,0.0035896961599531977
ginsburg's,1,1,0.005076596652408227,0.0035896961599531977
globally,1,1,0.005076596652408227,0.0035896961599531977
gop's,1,1,0.005076596652408227,0.0035896961599531977
gov's,1,1,0.005076596652408227,0.0035896961599531977
grabs,1,1,0.005076596652408227,0.0035896961599531977
haley,1,1,0.005076596652408227,0.0035896961599531977
handing,1,1,0.005076596652408227,0.0035896961599531977
harden,1,1,0.005076596652408227,0.0035896961599531977
harvard's,1,1,0.005076596652408227,0.0035896961599531977
hasan,1,1,0.005076596652408227,0.0035896961599531977
helps,1,1,0.005076596652408227,0.0035896961599531977
hesitation,1,1,0.005076596652408227,0.0035896961599531977
hike,1,1,0.005076596652408227,0.0035896961599531977
hill's,1,1,0.005076596652408227,0.0035896961599531977
hillsborough,1,1,0.005076596652408227,0.0035896961599531977
hires,1,1,0.005076596652408227,0.0035896961599531977
historically,1,1,0.005076596652408227,0.0035896961599531977
histories,1,1,0.005076596652408227,0.0035896961599531977
hoarding,1,1,0.005076596652408227,0.0035896961599531977
howard,1,1,0.005076596652408227,0.0035896961599531977
huanan,1,1,0.005076596652408227,0.0035896961599531977
humour,1,1,0.005076596652408227,0.0035896961599531977
hutchinson's,1,1,0.005076596652408227,0.0035896961599531977
ilhan,1,1,0.005076596652408227,0.0035896961599531977
illness,1,1,0.005076596652408227,0.0035896961599531977
illustrate,1,1,0.005076596652408227,0.0035896961599531977
immunized,1,1,0.005076596652408227,0.0035896961599531977
incredible,1,1,0.005076596652408227,0.0035896961599531977
indra,1,1,0.005076596652408227,0.0035896961599531977
inmate,1,1,0.005076596652408227,0.0035896961599531977
insisting,1,1,0.005076596652408227,0.0035896961599531977
instructions,1,1,0.005076596652408227,0.0035896961599531977
integration,1,1,0.005076596652408227,0.0035896961599531977
intent,1,1,0.005076596652408227,0.0035896961599531977
interagency,1,1,0.005076596652408227,0.0035896961599531977
invitation,1,1,0.005076596652408227,0.0035896961599531977
ip,1,1,0.005076596652408227,0.0035896961599531977
isd,1,1,0.005076596652408227,0.0035896961599531977
ivy,1,1,0.005076596652408227,0.0035896961599531977
jailbreak,1,1,0.005076596652408227,0.0035896961599531977
jcpoa,1,1,0.005076596652408227,0.0035896961599531977
joaquin,1,1,0.005076596652408227,0.0035896961599531977
journalistic,1,1,0.005076596652408227,0.0035896961599531977
jr,1,1,0.005076596652408227,0.0035896961599531977
judgments,1,1,0.005076596652408227,0.0035896961599531977
julie,1,1,0.005076596652408227,0.0035896961599531977
jump,1,1,0.005076596652408227,0.0035896961599531977
k,1,1,0.005076596652408227,0.0035896961599531977
kardashian,1,1,0.005076596652408227,0.0035896961599531977
kathleen,1,1,0.005076596652408227,0.0035896961599531977
kay,1,1,0.005076596652408227,0.0035896961599531977
kids,1,1,0.005076596652408227,0.0035896961599531977
king's,1,1,0.005076596652408227,0.0035896961599531977
klausutis,1,1,0.005076596652408227,0.0035896961599531977
klausutis's,1,1,0.005076596652408227,0.0035896961599531977
know,1,1,0.005076596652408227,0.0035896961599531977
laboratory,1,1,0.005076596652408227,0.0035896961599531977
lacking,1,1,0.005076596652408227,0.0035896961599531977
laguarta's,1,1,0.005076596652408227,0.0035896961599531977
lana,1,1,0.005076596652408227,0.0035896961599531977
lancet,1,1,0.005076596652408227,0.0035896961599531977
launched,1,1,0.005076596652408227,0.0035896961599531977
launching,1,1,0.005076596652408227,0.0035896961599531977
lawmaker,1,1,0.005076596652408227,0.0035896961599531977
league,1,1,0.005076596652408227,0.0035896961599531977
leaks,1,1,0.005076596652408227,0.0035896961599531977
leaky,1,1,0.005076596652408227,0.0035896961599531977
lee's,1,1,0.005076596652408227,0.0035896961599531977
legislators,1,1,0.005076596652408227,0.0035896961599531977
leukemia,1,1,0.005076596652408227,0.0035896961599531977
liberals,1,1,0.005076596652408227,0.0035896961599531977
lied,1,1,0.005076596652408227,0.0035896961599531977
lois,1,1,0.005076596652408227,0.0035896961599531977
london,1,1,0.005076596652408227,0.0035896961599531977
loyalists,1,1,0.005076596652408227,0.0035896961599531977
lubitz,1,1,0.005076596652408227,0.0035896961599531977
made,1,1,0.005076596652408227,0.0035896961599531977
maine,1,1,0.005076596652408227,0.0035896961599531977
maj,1,1,0.005076596652408227,0.0035896961599531977
managed,1,1,0.005076596652408227,0.0035896961599531977
margaret,1,1,0.005076596652408227,0.0035896961599531977
marjory,1,1,0.005076596652408227,0.0035896961599531977
marks,1,1,0.005076596652408227,0.0035896961599531977
marshal,1,1,0.005076596652408227,0.0035896961599531977
martin,1,1,0.005076596652408227,0.0035896961599531977
martinez,1,1,0.005076596652408227,0.0035896961599531977
martyrdom,1,1,0.005076596652408227,0.0035896961599531977
maskless,1,1,0.005076596652408227,0.0035896961599531977
mathematize,1,1,0.005076596652408227,0.0035896961599531977
mathematized,1,1,0.005076596652408227,0.0035896961599531977
mcgahn,1,1,0.005076596652408227,0.0035896961599531977
mcgahn's,1,1,0.005076596652408227,0.0035896961599531977
mechanism,1,1,0.005076596652408227,0.0035896961599531977
memorials,1,1,0.005076596652408227,0.0035896961599531977
mere,1,1,0.005076596652408227,0.0035896961599531977
meta,1,1,0.005076596652408227,0.0035896961599531977
miami,1,1,0.005076596652408227,0.0035896961599531977
mic,1,1,0.005076596652408227,0.0035896961599531977
microphones,1,1,0.005076596652408227,0.0035896961599531977
militarily,1,1,0.005076596652408227,0.0035896961599531977
miners,1,1,0.005076596652408227,0.0035896961599531977
misrepresent,1,1,0.005076596652408227,0.0035896961599531977
missed,1,1,0.005076596652408227,0.0035896961599531977
missiles,1,1,0.005076596652408227,0.0035896961599531977
missing,1,1,0.005076596652408227,0.0035896961599531977
mission,1,1,0.005076596652408227,0.0035896961599531977
missions,1,1,0.005076596652408227,0.0035896961599531977
missouri,1,1,0.005076596652408227,0.0035896961599531977
missouri's,1,1,0.005076596652408227,0.0035896961599531977
mistaken,1,1,0.005076596652408227,0.0035896961599531977
mitigation,1,1,0.005076596652408227,0.0035896961599531977
mocking,1,1,0.005076596652408227,0.0035896961599531977
model,1,1,0.005076596652408227,0.0035896961599531977
moderna's,1,1,0.005076596652408227,0.0035896961599531977
monthlong,1,1,0.005076596652408227,0.0035896961599531977
mount,1,1,0.005076596652408227,0.0035896961599531977
moves,1,1,0.005076596652408227,0.0035896961599531977
municipal,1,1,0.005076596652408227,0.0035896961599531977
myths,1,1,0.005076596652408227,0.0035896961599531977
nazi,1,1,0.005076596652408227,0.0035896961599531977
nbc,1,1,0.005076596652408227,0.0035896961599531977
nbc's,1,1,0.005076596652408227,0.0035896961599531977
neglecting,1,1,0.005076596652408227,0.0035896961599531977
negotiated,1,1,0.005076596652408227,0.0035896961599531977
neighborhoods,1,1,0.005076596652408227,0.0035896961599531977
nepotism,1,1,0.005076596652408227,0.0035896961599531977
nfl,1,1,0.005076596652408227,0.0035896961599531977
nidal,1,1,0.005076596652408227,0.0035896961599531977
nightclub,1,1,0.005076596652408227,0.0035896961599531977
nighttime,1,1,0.005076596652408227,0.0035896961599531977
nikki,1,1,0.005076596652408227,0.0035896961599531977
nine,1,1,0.005076596652408227,0.0035896961599531977
ninth,1,1,0.005076596652408227,0.0035896961599531977
nominating,1,1,0.005076596652408227,0.0035896961599531977
nonprofit,1,1,0.005076596652408227,0.0035896961599531977
nonwhite,1,1,0.005076596652408227,0.0035896961599531977
notification,1,1,0.005076596652408227,0.0035896961599531977
nsa's,1,1,0.005076596652408227,0.0035896961599531977
nury,1,1,0.005076596652408227,0.0035896961599531977
o,1,1,0.005076596652408227,0.0035896961599531977
o'malley,1,1,0.005076596652408227,0.0035896961599531977
obrien,1,1,0.005076596652408227,0.0035896961599531977
october's,1,1,0.005076596652408227,0.0035896961599531977
offers,1,1,0.005076596652408227,0.0035896961599531977
offshoring,1,1,0.005076596652408227,0.0035896961599531977
omar's,1,1,0.005076596652408227,0.0035896961599531977
opinions,1,1,0.005076596652408227,0.0035896961599531977
opportunism,1,1,0.005076596652408227,0.0035896961599531977
optimism,1,1,0.005076596652408227,0.0035896961599531977
ordered,1,1,0.005076596652408227,0.0035896961599531977
ossoff,1,1,0.005076596652408227,0.0035896961599531977
ossoff's,1,1,0.005076596652408227,0.0035896961599531977
outline,1,1,0.005076596652408227,0.0035896961599531977
outweigh,1,1,0.005076596652408227,0.0035896961599531977
overhaul's,1,1,0.005076596652408227,0.0035896961599531977
overload,1,1,0.005076596652408227,0.0035896961599531977
overtaking,1,1,0.005076596652408227,0.0035896961599531977
owner,1,1,0.005076596652408227,0.0035896961599531977
package's,1,1,0.005076596652408227,0.0035896961599531977
pakistan,1,1,0.005076596652408227,0.0035896961599531977
pakistani,1,1,0.005076596652408227,0.0035896961599531977
paperwork,1,1,0.005076596652408227,0.0035896961599531977
participate,1,1,0.005076596652408227,0.0035896961599531977
patterns,1,1,0.005076596652408227,0.0035896961599531977
paused,1,1,0.005076596652408227,0.0035896961599531977
pauses,1,1,0.005076596652408227,0.0035896961599531977
penalty,1,1,0.005076596652408227,0.0035896961599531977
peninsula,1,1,0.005076596652408227,0.0035896961599531977
perform,1,1,0.005076596652408227,0.0035896961599531977
permits,1,1,0.005076596652408227,0.0035896961599531977
perot,1,1,0.005076596652408227,0.0035896961599531977
pfizer's,1,1,0.005076596652408227,0.0035896961599531977
phelps,1,1,0.005076596652408227,0.0035896961599531977
philadelphia,1,1,0.005076596652408227,0.0035896961599531977
playbook,1,1,0.005076596652408227,0.0035896961599531977
podiatrist's,1,1,0.005076596652408227,0.0035896961599531977
poisoning,1,1,0.005076596652408227,0.0035896961599531977
pollution,1,1,0.005076596652408227,0.0035896961599531977
posing,1,1,0.005076596652408227,0.0035896961599531977
posting,1,1,0.005076596652408227,0.0035896961599531977
postpone,1,1,0.005076596652408227,0.0035896961599531977
predominately,1,1,0.005076596652408227,0.0035896961599531977
preserved,1,1,0.005076596652408227,0.0035896961599531977
preventable,1,1,0.005076596652408227,0.0035896961599531977
previously,1,1,0.005076596652408227,0.0035896961599531977
priest,1,1,0.005076596652408227,0.0035896961599531977
priests,1,1,0.005076596652408227,0.0035896961599531977
principle,1,1,0.005076596652408227,0.0035896961599531977
produced,1,1,0.005076596652408227,0.0035896961599531977
profile,1,1,0.005076596652408227,0.0035896961599531977
progressivism,1,1,0.005076596652408227,0.0035896961599531977
prolong,1,1,0.005076596652408227,0.0035896961599531977
prompted,1,1,0.005076596652408227,0.0035896961599531977
proportionality,1,1,0.005076596652408227,0.0035896961599531977
protester,1,1,0.005076596652408227,0.0035896961599531977
proud,1,1,0.005076596652408227,0.0035896961599531977
proxies,1,1,0.005076596652408227,0.0035896961599531977
pullout,1,1,0.005076596652408227,0.0035896961599531977
pulse,1,1,0.005076596652408227,0.0035896961599531977
punishments,1,1,0.005076596652408227,0.0035896961599531977
pushes,1,1,0.005076596652408227,0.0035896961599531977
qualified,1,1,0.005076596652408227,0.0035896961599531977
quarter,1,1,0.005076596652408227,0.0035896961599531977
queen,1,1,0.005076596652408227,0.0035896961599531977
rahami's,1,1,0.005076596652408227,0.0035896961599531977
reading,1,1,0.005076596652408227,0.0035896961599531977
realistic,1,1,0.005076596652408227,0.0035896961599531977
rebels,1,1,0.005076596652408227,0.0035896961599531977
reckless,1,1,0.005076596652408227,0.0035896961599531977
recovered,1,1,0.005076596652408227,0.0035896961599531977
redirecting,1,1,0.005076596652408227,0.0035896961599531977
reemployment,1,1,0.005076596652408227,0.0035896961599531977
references,1,1,0.005076596652408227,0.0035896961599531977
refuses,1,1,0.005076596652408227,0.0035896961599531977
regular,1,1,0.005076596652408227,0.0035896961599531977
reimburse,1,1,0.005076596652408227,0.0035896961599531977
reimbursement,1,1,0.005076596652408227,0.0035896961599531977
rejoin,1,1,0.005076596652408227,0.0035896961599531977
relieve,1,1,0.005076596652408227,0.0035896961599531977
rent,1,1,0.005076596652408227,0.0035896961599531977
requested,1,1,0.005076596652408227,0.0035896961599531977
reserve's,1,1,0.005076596652408227,0.0035896961599531977
reshaping,1,1,0.005076596652408227,0.0035896961599531977
resignation's,1,1,0.005076596652408227,0.0035896961599531977
resist,1,1,0.005076596652408227,0.0035896961599531977
resourced,1,1,0.005076596652408227,0.0035896961599531977
retainer,1,1,0.005076596652408227,0.0035896961599531977
retaking,1,1,0.005076596652408227,0.0035896961599531977
revealing,1,1,0.005076596652408227,0.0035896961599531977
reviewing,1,1,0.005076596652408227,0.0035896961599531977
rhosus,1,1,0.005076596652408227,0.0035896961599531977
ribs,1,1,0.005076596652408227,0.0035896961599531977
rice,1,1,0.005076596652408227,0.0035896961599531977
rice's,1,1,0.005076596652408227,0.0035896961599531977
ridge,1,1,0.005076596652408227,0.0035896961599531977
ridiculing,1,1,0.005076596652408227,0.0035896961599531977
rifles,1,1,0.005076596652408227,0.0035896961599531977
rio,1,1,0.005076596652408227,0.0035896961599531977
risked,1,1,0.005076596652408227,0.0035896961599531977
room,1,1,0.005076596652408227,0.0035896961599531977
ruth,1,1,0.005076596652408227,0.0035896961599531977
ryan,1,1,0.005076596652408227,0.0035896961599531977
samples,1,1,0.005076596652408227,0.0035896961599531977
sanders's,1,1,0.005076596652408227,0.0035896961599531977
sankyo's,1,1,0.005076596652408227,0.0035896961599531977
scene,1,1,0.005076596652408227,0.0035896961599531977
schedules,1,1,0.005076596652408227,0.0035896961599531977
scottish,1,1,0.005076596652408227,0.0035896961599531977
sebelius,1,1,0.005076596652408227,0.0035896961599531977
see,1,1,0.005076596652408227,0.0035896961599531977
seeks,1,1,0.005076596652408227,0.0035896961599531977
seize,1,1,0.005076596652408227,0.0035896961599531977
seizure,1,1,0.005076596652408227,0.0035896961599531977
selecting,1,1,0.005076596652408227,0.0035896961599531977
semitic,1,1,0.005076596652408227,0.0035896961599531977
sentiments,1,1,0.005076596652408227,0.0035896961599531977
sept,1,1,0.005076596652408227,0.0035896961599531977
servants,1,1,0.005076596652408227,0.0035896961599531977
served,1,1,0.005076596652408227,0.0035896961599531977
setbacks,1,1,0.005076596652408227,0.0035896961599531977
shepard,1,1,0.005076596652408227,0.0035896961599531977
shipping,1,1,0.005076596652408227,0.0035896961599531977
shorten,1,1,0.005076596652408227,0.0035896961599531977
showed,1,1,0.005076596652408227,0.0035896961599531977
signed,1,1,0.005076596652408227,0.0035896961599531977
signs,1,1,0.005076596652408227,0.0035896961599531977
sleep,1,1,0.005076596652408227,0.0035896961599531977
slogan,1,1,0.005076596652408227,0.0035896961599531977
softer,1,1,0.005076596652408227,0.0035896961599531977
somalia,1,1,0.005076596652408227,0.0035896961599531977
soviet,1,1,0.005076596652408227,0.0035896961599531977
spanberger's,1,1,0.005076596652408227,0.0035896961599531977
spoke,1,1,0.005076596652408227,0.0035896961599531977
spurned,1,1,0.005076596652408227,0.0035896961599531977
stamina,1,1,0.005076596652408227,0.0035896961599531977
steering,1,1,0.005076596652408227,0.0035896961599531977
stephen,1,1,0.005076596652408227,0.0035896961599531977
stewart's,1,1,0.005076596652408227,0.0035896961599531977
steyer,1,1,0.005076596652408227,0.0035896961599531977
stoneman,1,1,0.005076596652408227,0.0035896961599531977
strauss's,1,1,0.005076596652408227,0.0035896961599531977
strictly,1,1,0.005076596652408227,0.0035896961599531977
strife,1,1,0.005076596652408227,0.0035896961599531977
structure,1,1,0.005076596652408227,0.0035896961599531977
sub,1,1,0.005076596652408227,0.0035896961599531977
subject,1,1,0.005076596652408227,0.0035896961599531977
substance,1,1,0.005076596652408227,0.0035896961599531977
succeeded,1,1,0.005076596652408227,0.0035896961599531977
sued,1,1,0.005076596652408227,0.0035896961599531977
suggesting,1,1,0.005076596652408227,0.0035896961599531977
suicides,1,1,0.005076596652408227,0.0035896961599531977
summary,1,1,0.005076596652408227,0.0035896961599531977
supplying,1,1,0.005076596652408227,0.0035896961599531977
suppressing,1,1,0.005076596652408227,0.0035896961599531977
swetnick's,1,1,0.005076596652408227,0.0035896961599531977
sworn,1,1,0.005076596652408227,0.0035896961599531977
syria's,1,1,0.005076596652408227,0.0035896961599531977
taiwanese,1,1,0.005076596652408227,0.0035896961599531977
taker,1,1,0.005076596652408227,0.0035896961599531977
telecoms,1,1,0.005076596652408227,0.0035896961599531977
telehealth,1,1,0.005076596652408227,0.0035896961599531977
ten,1,1,0.005076596652408227,0.0035896961599531977
tens,1,1,0.005076596652408227,0.0035896961599531977
terrorists,1,1,0.005076596652408227,0.0035896961599531977
testified,1,1,0.005076596652408227,0.0035896961599531977
theories,1,1,0.005076596652408227,0.0035896961599531977
timothy,1,1,0.005076596652408227,0.0035896961599531977
told,1,1,0.005076596652408227,0.0035896961599531977
toys,1,1,0.005076596652408227,0.0035896961599531977
transcripts,1,1,0.005076596652408227,0.0035896961599531977
transferring,1,1,0.005076596652408227,0.0035896961599531977
tribunals,1,1,0.005076596652408227,0.0035896961599531977
triggered,1,1,0.005076596652408227,0.0035896961599531977
truly,1,1,0.005076596652408227,0.0035896961599531977
trusts,1,1,0.005076596652408227,0.0035896961599531977
tunisia,1,1,0.005076596652408227,0.0035896961599531977
turmoil,1,1,0.005076596652408227,0.0035896961599531977
uighur,1,1,0.005076596652408227,0.0035896961599531977
ultimatum,1,1,0.005076596652408227,0.0035896961599531977
uncover,1,1,0.005076596652408227,0.0035896961599531977
unequally,1,1,0.005076596652408227,0.0035896961599531977
unethical,1,1,0.005076596652408227,0.0035896961599531977
unexpected,1,1,0.005076596652408227,0.0035896961599531977
unjust,1,1,0.005076596652408227,0.0035896961599531977
unmanned,1,1,0.005076596652408227,0.0035896961599531977
unveiling,1,1,0.005076596652408227,0.0035896961599531977
uptake,1,1,0.005076596652408227,0.0035896961599531977
usccb,1,1,0.005076596652408227,0.0035896961599531977
uscis,1,1,0.005076596652408227,0.0035896961599531977
uses,1,1,0.005076596652408227,0.0035896961599531977
usvi,1,1,0.005076596652408227,0.0035896961599531977
uvalde's,1,1,0.005076596652408227,0.0035896961599531977
vacancies,1,1,0.005076596652408227,0.0035896961599531977
variant,1,1,0.005076596652408227,0.0035896961599531977
ventilator,1,1,0.005076596652408227,0.0035896961599531977
ventilators,1,1,0.005076596652408227,0.0035896961599531977
veteran,1,1,0.005076596652408227,0.0035896961599531977
viewer,1,1,0.005076596652408227,0.0035896961599531977
viewing,1,1,0.005076596652408227,0.0035896961599531977
volodymyr,1,1,0.005076596652408227,0.0035896961599531977
vs,1,1,0.005076596652408227,0.0035896961599531977
vulgar,1,1,0.005076596652408227,0.0035896961599531977
wampanoag,1,1,0.005076596652408227,0.0035896961599531977
waning,1,1,0.005076596652408227,0.0035896961599531977
wanted,1,1,0.005076596652408227,0.0035896961599531977
warmongers,1,1,0.005076596652408227,0.0035896961599531977
warner,1,1,0.005076596652408227,0.0035896961599531977
warnock,1,1,0.005076596652408227,0.0035896961599531977
weakens,1,1,0.005076596652408227,0.0035896961599531977
wealthier,1,1,0.005076596652408227,0.0035896961599531977
weaponize,1,1,0.005076596652408227,0.0035896961599531977
website,1,1,0.005076596652408227,0.0035896961599531977
week's,1,1,0.005076596652408227,0.0035896961599531977
weisselberg,1,1,0.005076596652408227,0.0035896961599531977
whitaker,1,1,0.005076596652408227,0.0035896961599531977
whitaker's,1,1,0.005076596652408227,0.0035896961599531977
whose,1,1,0.005076596652408227,0.0035896961599531977
wiretapping,1,1,0.005076596652408227,0.0035896961599531977
woes,1,1,0.005076596652408227,0.0035896961599531977
world,1,1,0.005076596652408227,0.0035896961599531977
worobey's,1,1,0.005076596652408227,0.0035896961599531977
worsened,1,1,0.005076596652408227,0.0035896961599531977
wuhan,1,1,0.005076596652408227,0.0035896961599531977
xkeyscore's,1,1,0.005076596652408227,0.0035896961599531977
yu,1,1,0.005076596652408227,0.0035896961599531977
yu's,1,1,0.005076596652408227,0.0035896961599531977
zoning,1,1,0.005076596652408227,0.0035896961599531977
2009,0,1,-16.508629195463854,-0.0042835939219285305
203,0,1,-16.508629195463854,-0.0042835939219285305
255,0,1,-16.508629195463854,-0.0042835939219285305
301,0,1,-16.508629195463854,-0.0042835939219285305
32,0,1,-16.508629195463854,-0.0042835939219285305
32nd,0,1,-16.508629195463854,-0.0042835939219285305
33,0,1,-16.508629195463854,-0.0042835939219285305
37,0,1,-16.508629195463854,-0.0042835939219285305
42's,0,1,-16.508629195463854,-0.0042835939219285305
559,0,1,-16.508629195463854,-0.0042835939219285305
64,0,1,-16.508629195463854,-0.0042835939219285305
71,0,1,-16.508629195463854,-0.0042835939219285305
748,0,1,-16.508629195463854,-0.0042835939219285305
88,0,1,-16.508629195463854,-0.0042835939219285305
900,0,1,-16.508629195463854,-0.0042835939219285305
abandoned,0,1,-16.508629195463854,-0.0042835939219285305
abbott,0,1,-16.508629195463854,-0.0042835939219285305
above,0,1,-16.508629195463854,-0.0042835939219285305
absence,0,1,-16.508629195463854,-0.0042835939219285305
absent,0,1,-16.508629195463854,-0.0042835939219285305
absolve,0,1,-16.508629195463854,-0.0042835939219285305
absorption,0,1,-16.508629195463854,-0.0042835939219285305
accidental,0,1,-16.508629195463854,-0.0042835939219285305
accidentally,0,1,-16.508629195463854,-0.0042835939219285305
accommodating,0,1,-16.508629195463854,-0.0042835939219285305
accompanying,0,1,-16.508629195463854,-0.0042835939219285305
accuses,0,1,-16.508629195463854,-0.0042835939219285305
achieved,0,1,-16.508629195463854,-0.0042835939219285305
achievement,0,1,-16.508629195463854,-0.0042835939219285305
acknowledge,0,1,-16.508629195463854,-0.0042835939219285305
acquire,0,1,-16.508629195463854,-0.0042835939219285305
acquiring,0,1,-16.508629195463854,-0.0042835939219285305
act's,0,1,-16.508629195463854,-0.0042835939219285305
actionable,0,1,-16.508629195463854,-0.0042835939219285305
actively,0,1,-16.508629195463854,-0.0042835939219285305
addition,0,1,-16.508629195463854,-0.0042835939219285305
additions,0,1,-16.508629195463854,-0.0042835939219285305
adhere,0,1,-16.508629195463854,-0.0042835939219285305
adjourns,0,1,-16.508629195463854,-0.0042835939219285305
adjudicate,0,1,-16.508629195463854,-0.0042835939219285305
admissibility,0,1,-16.508629195463854,-0.0042835939219285305
admonishment,0,1,-16.508629195463854,-0.0042835939219285305
adolescents,0,1,-16.508629195463854,-0.0042835939219285305
adopted,0,1,-16.508629195463854,-0.0042835939219285305
adversaries,0,1,-16.508629195463854,-0.0042835939219285305
adverse,0,1,-16.508629195463854,-0.0042835939219285305
advisable,0,1,-16.508629195463854,-0.0042835939219285305
advisory,0,1,-16.508629195463854,-0.0042835939219285305
affairs,0,1,-16.508629195463854,-0.0042835939219285305
affiliated,0,1,-16.508629195463854,-0.0042835939219285305
affiliation,0,1,-16.508629195463854,-0.0042835939219285305
affirm,0,1,-16.508629195463854,-0.0042835939219285305
ag's,0,1,-16.508629195463854,-0.0042835939219285305
again,0,1,-16.508629195463854,-0.0042835939219285305
agenda's,0,1,-16.508629195463854,-0.0042835939219285305
agreed,0,1,-16.508629195463854,-0.0042835939219285305
ags,0,1,-16.508629195463854,-0.0042835939219285305
aileen,0,1,-16.508629195463854,-0.0042835939219285305
aiming,0,1,-16.508629195463854,-0.0042835939219285305
aired,0,1,-16.508629195463854,-0.0042835939219285305
akram's,0,1,-16.508629195463854,-0.0042835939219285305
alarmism,0,1,-16.508629195463854,-0.0042835939219285305
alienated,0,1,-16.508629195463854,-0.0042835939219285305
allay,0,1,-16.508629195463854,-0.0042835939219285305
altered,0,1,-16.508629195463854,-0.0042835939219285305
alumni,0,1,-16.508629195463854,-0.0042835939219285305
amassed,0,1,-16.508629195463854,-0.0042835939219285305
ambiguous,0,1,-16.508629195463854,-0.0042835939219285305
ambulance,0,1,-16.508629195463854,-0.0042835939219285305
amidst,0,1,-16.508629195463854,-0.0042835939219285305
ammo,0,1,-16.508629195463854,-0.0042835939219285305
amnesty,0,1,-16.508629195463854,-0.0042835939219285305
analysts,0,1,-16.508629195463854,-0.0042835939219285305
andy,0,1,-16.508629195463854,-0.0042835939219285305
announce,0,1,-16.508629195463854,-0.0042835939219285305
annualized,0,1,-16.508629195463854,-0.0042835939219285305
anomalies,0,1,-16.508629195463854,-0.0042835939219285305
anticipated,0,1,-16.508629195463854,-0.0042835939219285305
anyone,0,1,-16.508629195463854,-0.0042835939219285305
apologize,0,1,-16.508629195463854,-0.0042835939219285305
apologized,0,1,-16.508629195463854,-0.0042835939219285305
apologizing,0,1,-16.508629195463854,-0.0042835939219285305
appealed,0,1,-16.508629195463854,-0.0042835939219285305
appetite,0,1,-16.508629195463854,-0.0042835939219285305
applies,0,1,-16.508629195463854,-0.0042835939219285305
appointee,0,1,-16.508629195463854,-0.0042835939219285305
apportionment,0,1,-16.508629195463854,-0.0042835939219285305
appropriation,0,1,-16.508629195463854,-0.0042835939219285305
archive,0,1,-16.508629195463854,-0.0042835939219285305
arena,0,1,-16.508629195463854,-0.0042835939219285305
argues,0,1,-16.508629195463854,-0.0042835939219285305
arrangements,0,1,-16.508629195463854,-0.0042835939219285305
arson,0,1,-16.508629195463854,-0.0042835939219285305
assaulted,0,1,-16.508629195463854,-0.0042835939219285305
assertive,0,1,-16.508629195463854,-0.0042835939219285305
assurance,0,1,-16.508629195463854,-0.0042835939219285305
athlete,0,1,-16.508629195463854,-0.0042835939219285305
attempted,0,1,-16.508629195463854,-0.0042835939219285305
attend,0,1,-16.508629195463854,-0.0042835939219285305
attended,0,1,-16.508629195463854,-0.0042835939219285305
attendees,0,1,-16.508629195463854,-0.0042835939219285305
authenticate,0,1,-16.508629195463854,-0.0042835939219285305
authorizations,0,1,-16.508629195463854,-0.0042835939219285305
automakers,0,1,-16.508629195463854,-0.0042835939219285305
avoided,0,1,-16.508629195463854,-0.0042835939219285305
avoids,0,1,-16.508629195463854,-0.0042835939219285305
ba,0,1,-16.508629195463854,-0.0042835939219285305
backbench,0,1,-16.508629195463854,-0.0042835939219285305
backbenchers,0,1,-16.508629195463854,-0.0042835939219285305
backfire,0,1,-16.508629195463854,-0.0042835939219285305
backlogs,0,1,-16.508629195463854,-0.0042835939219285305
backs,0,1,-16.508629195463854,-0.0042835939219285305
backstop,0,1,-16.508629195463854,-0.0042835939219285305
bailouts,0,1,-16.508629195463854,-0.0042835939219285305
bandwidth,0,1,-16.508629195463854,-0.0042835939219285305
bankruptcy,0,1,-16.508629195463854,-0.0042835939219285305
barbecue,0,1,-16.508629195463854,-0.0042835939219285305
bargains,0,1,-16.508629195463854,-0.0042835939219285305
barrel,0,1,-16.508629195463854,-0.0042835939219285305
bases,0,1,-16.508629195463854,-0.0042835939219285305
basing,0,1,-16.508629195463854,-0.0042835939219285305
battlefield,0,1,-16.508629195463854,-0.0042835939219285305
bearing,0,1,-16.508629195463854,-0.0042835939219285305
beds,0,1,-16.508629195463854,-0.0042835939219285305
believers,0,1,-16.508629195463854,-0.0042835939219285305
believing,0,1,-16.508629195463854,-0.0042835939219285305
beneficiaries,0,1,-16.508629195463854,-0.0042835939219285305
benefited,0,1,-16.508629195463854,-0.0042835939219285305
beshear's,0,1,-16.508629195463854,-0.0042835939219285305
besieged,0,1,-16.508629195463854,-0.0042835939219285305
biases,0,1,-16.508629195463854,-0.0042835939219285305
bifurcating,0,1,-16.508629195463854,-0.0042835939219285305
biosurveillance,0,1,-16.508629195463854,-0.0042835939219285305
blackout,0,1,-16.508629195463854,-0.0042835939219285305
blends,0,1,-16.508629195463854,-0.0042835939219285305
blind,0,1,-16.508629195463854,-0.0042835939219285305
blockading,0,1,-16.508629195463854,-0.0042835939219285305
boldness,0,1,-16.508629195463854,-0.0042835939219285305
bolstering,0,1,-16.508629195463854,-0.0042835939219285305
bombers,0,1,-16.508629195463854,-0.0042835939219285305
boom,0,1,-16.508629195463854,-0.0042835939219285305
boosts,0,1,-16.508629195463854,-0.0042835939219285305
bottles,0,1,-16.508629195463854,-0.0042835939219285305
bowing,0,1,-16.508629195463854,-0.0042835939219285305
boycotted,0,1,-16.508629195463854,-0.0042835939219285305
bragging,0,1,-16.508629195463854,-0.0042835939219285305
brain,0,1,-16.508629195463854,-0.0042835939219285305
breakout,0,1,-16.508629195463854,-0.0042835939219285305
briefing,0,1,-16.508629195463854,-0.0042835939219285305
broadcast,0,1,-16.508629195463854,-0.0042835939219285305
browsing,0,1,-16.508629195463854,-0.0042835939219285305
budgeting,0,1,-16.508629195463854,-0.0042835939219285305
buildings,0,1,-16.508629195463854,-0.0042835939219285305
bullets,0,1,-16.508629195463854,-0.0042835939219285305
bulwark,0,1,-16.508629195463854,-0.0042835939219285305
burgers,0,1,-16.508629195463854,-0.0042835939219285305
burial,0,1,-16.508629195463854,-0.0042835939219285305
buttigieg,0,1,-16.508629195463854,-0.0042835939219285305
bwc,0,1,-16.508629195463854,-0.0042835939219285305
cabal,0,1,-16.508629195463854,-0.0042835939219285305
cancelation,0,1,-16.508629195463854,-0.0042835939219285305
capable,0,1,-16.508629195463854,-0.0042835939219285305
capitals,0,1,-16.508629195463854,-0.0042835939219285305
capitulation,0,1,-16.508629195463854,-0.0042835939219285305
capping,0,1,-16.508629195463854,-0.0042835939219285305
captain,0,1,-16.508629195463854,-0.0042835939219285305
caravans,0,1,-16.508629195463854,-0.0042835939219285305
caribbean's,0,1,-16.508629195463854,-0.0042835939219285305
carter's,0,1,-16.508629195463854,-0.0042835939219285305
cast,0,1,-16.508629195463854,-0.0042835939219285305
catholicism,0,1,-16.508629195463854,-0.0042835939219285305
caution,0,1,-16.508629195463854,-0.0042835939219285305
cave,0,1,-16.508629195463854,-0.0042835939219285305
celebration,0,1,-16.508629195463854,-0.0042835939219285305
censorious,0,1,-16.508629195463854,-0.0042835939219285305
censors,0,1,-16.508629195463854,-0.0042835939219285305
cent,0,1,-16.508629195463854,-0.0042835939219285305
centrifuges,0,1,-16.508629195463854,-0.0042835939219285305
centrists,0,1,-16.508629195463854,-0.0042835939219285305
centuries,0,1,-16.508629195463854,-0.0042835939219285305
ceos,0,1,-16.508629195463854,-0.0042835939219285305
certainty,0,1,-16.508629195463854,-0.0042835939219285305
challenged,0,1,-16.508629195463854,-0.0042835939219285305
chancery,0,1,-16.508629195463854,-0.0042835939219285305
changed,0,1,-16.508629195463854,-0.0042835939219285305
chant,0,1,-16.508629195463854,-0.0042835939219285305
chargers,0,1,-16.508629195463854,-0.0042835939219285305
charitable,0,1,-16.508629195463854,-0.0042835939219285305
charter,0,1,-16.508629195463854,-0.0042835939219285305
chats,0,1,-16.508629195463854,-0.0042835939219285305
checkpoints,0,1,-16.508629195463854,-0.0042835939219285305
chest,0,1,-16.508629195463854,-0.0042835939219285305
choose,0,1,-16.508629195463854,-0.0042835939219285305
churches,0,1,-16.508629195463854,-0.0042835939219285305
circulated,0,1,-16.508629195463854,-0.0042835939219285305
citizen,0,1,-16.508629195463854,-0.0042835939219285305
clarified,0,1,-16.508629195463854,-0.0042835939219285305
clarifying,0,1,-16.508629195463854,-0.0042835939219285305
clashing,0,1,-16.508629195463854,-0.0042835939219285305
clots,0,1,-16.508629195463854,-0.0042835939219285305
clubs,0,1,-16.508629195463854,-0.0042835939219285305
coalition's,0,1,-16.508629195463854,-0.0042835939219285305
coerce,0,1,-16.508629195463854,-0.0042835939219285305
coercing,0,1,-16.508629195463854,-0.0042835939219285305
cohens,0,1,-16.508629195463854,-0.0042835939219285305
collar,0,1,-16.508629195463854,-0.0042835939219285305
collect,0,1,-16.508629195463854,-0.0042835939219285305
column,0,1,-16.508629195463854,-0.0042835939219285305
coming,0,1,-16.508629195463854,-0.0042835939219285305
commemorative,0,1,-16.508629195463854,-0.0042835939219285305
commendation,0,1,-16.508629195463854,-0.0042835939219285305
commenters,0,1,-16.508629195463854,-0.0042835939219285305
commons,0,1,-16.508629195463854,-0.0042835939219285305
competitor,0,1,-16.508629195463854,-0.0042835939219285305
compliant,0,1,-16.508629195463854,-0.0042835939219285305
compromised,0,1,-16.508629195463854,-0.0042835939219285305
computer,0,1,-16.508629195463854,-0.0042835939219285305
concealment,0,1,-16.508629195463854,-0.0042835939219285305
concentration,0,1,-16.508629195463854,-0.0042835939219285305
concepts,0,1,-16.508629195463854,-0.0042835939219285305
concerning,0,1,-16.508629195463854,-0.0042835939219285305
concerts,0,1,-16.508629195463854,-0.0042835939219285305
conclusion,0,1,-16.508629195463854,-0.0042835939219285305
condone,0,1,-16.508629195463854,-0.0042835939219285305
conducts,0,1,-16.508629195463854,-0.0042835939219285305
conference's,0,1,-16.508629195463854,-0.0042835939219285305
confiscation,0,1,-16.508629195463854,-0.0042835939219285305
conflicting,0,1,-16.508629195463854,-0.0042835939219285305
conformity,0,1,-16.508629195463854,-0.0042835939219285305
confronting,0,1,-16.508629195463854,-0.0042835939219285305
congratulated,0,1,-16.508629195463854,-0.0042835939219285305
consciences,0,1,-16.508629195463854,-0.0042835939219285305
conservation,0,1,-16.508629195463854,-0.0042835939219285305
considers,0,1,-16.508629195463854,-0.0042835939219285305
consoles,0,1,-16.508629195463854,-0.0042835939219285305
constitutions,0,1,-16.508629195463854,-0.0042835939219285305
consulting,0,1,-16.508629195463854,-0.0042835939219285305
container,0,1,-16.508629195463854,-0.0042835939219285305
continuation,0,1,-16.508629195463854,-0.0042835939219285305
contract,0,1,-16.508629195463854,-0.0042835939219285305
contradicted,0,1,-16.508629195463854,-0.0042835939219285305
controlling,0,1,-16.508629195463854,-0.0042835939219285305
convening,0,1,-16.508629195463854,-0.0042835939219285305
convict,0,1,-16.508629195463854,-0.0042835939219285305
convince,0,1,-16.508629195463854,-0.0042835939219285305
convincing,0,1,-16.508629195463854,-0.0042835939219285305
cool,0,1,-16.508629195463854,-0.0042835939219285305
corn,0,1,-16.508629195463854,-0.0042835939219285305
correction,0,1,-16.508629195463854,-0.0042835939219285305
correctness,0,1,-16.508629195463854,-0.0042835939219285305
council's,0,1,-16.508629195463854,-0.0042835939219285305
councilmembers,0,1,-16.508629195463854,-0.0042835939219285305
counselor,0,1,-16.508629195463854,-0.0042835939219285305
count,0,1,-16.508629195463854,-0.0042835939219285305
counted,0,1,-16.508629195463854,-0.0042835939219285305
counterattacks,0,1,-16.508629195463854,-0.0042835939219285305
counting,0,1,-16.508629195463854,-0.0042835939219285305
course,0,1,-16.508629195463854,-0.0042835939219285305
covers,0,1,-16.508629195463854,-0.0042835939219285305
creators,0,1,-16.508629195463854,-0.0042835939219285305
credential,0,1,-16.508629195463854,-0.0042835939219285305
creditors,0,1,-16.508629195463854,-0.0042835939219285305
credits,0,1,-16.508629195463854,-0.0042835939219285305
crippling,0,1,-16.508629195463854,-0.0042835939219285305
crossed,0,1,-16.508629195463854,-0.0042835939219285305
crossover,0,1,-16.508629195463854,-0.0042835939219285305
crowdfunding,0,1,-16.508629195463854,-0.0042835939219285305
culpability,0,1,-16.508629195463854,-0.0042835939219285305
curiosity,0,1,-16.508629195463854,-0.0042835939219285305
curriculum,0,1,-16.508629195463854,-0.0042835939219285305
custodial,0,1,-16.508629195463854,-0.0042835939219285305
custody,0,1,-16.508629195463854,-0.0042835939219285305
cyberattack,0,1,-16.508629195463854,-0.0042835939219285305
cyberretaliation,0,1,-16.508629195463854,-0.0042835939219285305
cyberthreats,0,1,-16.508629195463854,-0.0042835939219285305
damaged,0,1,-16.508629195463854,-0.0042835939219285305
damages,0,1,-16.508629195463854,-0.0042835939219285305
dark,0,1,-16.508629195463854,-0.0042835939219285305
dates,0,1,-16.508629195463854,-0.0042835939219285305
davidson's,0,1,-16.508629195463854,-0.0042835939219285305
dead,0,1,-16.508629195463854,-0.0042835939219285305
deadlines,0,1,-16.508629195463854,-0.0042835939219285305
dealmaker,0,1,-16.508629195463854,-0.0042835939219285305
dealmaking,0,1,-16.508629195463854,-0.0042835939219285305
december,0,1,-16.508629195463854,-0.0042835939219285305
decency,0,1,-16.508629195463854,-0.0042835939219285305
decreasing,0,1,-16.508629195463854,-0.0042835939219285305
deductibles,0,1,-16.508629195463854,-0.0042835939219285305
deem,0,1,-16.508629195463854,-0.0042835939219285305
deepening,0,1,-16.508629195463854,-0.0042835939219285305
deerfield's,0,1,-16.508629195463854,-0.0042835939219285305
default,0,1,-16.508629195463854,-0.0042835939219285305
defeats,0,1,-16.508629195463854,-0.0042835939219285305
deference,0,1,-16.508629195463854,-0.0042835939219285305
defied,0,1,-16.508629195463854,-0.0042835939219285305
defining,0,1,-16.508629195463854,-0.0042835939219285305
definitively,0,1,-16.508629195463854,-0.0042835939219285305
defy,0,1,-16.508629195463854,-0.0042835939219285305
degrading,0,1,-16.508629195463854,-0.0042835939219285305
degree,0,1,-16.508629195463854,-0.0042835939219285305
dejoy,0,1,-16.508629195463854,-0.0042835939219285305
demonize,0,1,-16.508629195463854,-0.0042835939219285305
demonstrably,0,1,-16.508629195463854,-0.0042835939219285305
demonstrated,0,1,-16.508629195463854,-0.0042835939219285305
demonstrating,0,1,-16.508629195463854,-0.0042835939219285305
demonstration,0,1,-16.508629195463854,-0.0042835939219285305
demoting,0,1,-16.508629195463854,-0.0042835939219285305
denaturalization,0,1,-16.508629195463854,-0.0042835939219285305
denies,0,1,-16.508629195463854,-0.0042835939219285305
denmark,0,1,-16.508629195463854,-0.0042835939219285305
denounce,0,1,-16.508629195463854,-0.0042835939219285305
denouncement,0,1,-16.508629195463854,-0.0042835939219285305
dependency,0,1,-16.508629195463854,-0.0042835939219285305
deplatforming,0,1,-16.508629195463854,-0.0042835939219285305
deportable,0,1,-16.508629195463854,-0.0042835939219285305
deported,0,1,-16.508629195463854,-0.0042835939219285305
deposits,0,1,-16.508629195463854,-0.0042835939219285305
depots,0,1,-16.508629195463854,-0.0042835939219285305
deregulatory,0,1,-16.508629195463854,-0.0042835939219285305
des,0,1,-16.508629195463854,-0.0042835939219285305
described,0,1,-16.508629195463854,-0.0042835939219285305
describes,0,1,-16.508629195463854,-0.0042835939219285305
describing,0,1,-16.508629195463854,-0.0042835939219285305
descriptor,0,1,-16.508629195463854,-0.0042835939219285305
designed,0,1,-16.508629195463854,-0.0042835939219285305
details,0,1,-16.508629195463854,-0.0042835939219285305
detainee,0,1,-16.508629195463854,-0.0042835939219285305
detect,0,1,-16.508629195463854,-0.0042835939219285305
detentions,0,1,-16.508629195463854,-0.0042835939219285305
deteriorating,0,1,-16.508629195463854,-0.0042835939219285305
deters,0,1,-16.508629195463854,-0.0042835939219285305
detroit,0,1,-16.508629195463854,-0.0042835939219285305
devastating,0,1,-16.508629195463854,-0.0042835939219285305
diagnosing,0,1,-16.508629195463854,-0.0042835939219285305
differing,0,1,-16.508629195463854,-0.0042835939219285305
diligence,0,1,-16.508629195463854,-0.0042835939219285305
diocesan,0,1,-16.508629195463854,-0.0042835939219285305
dioceses,0,1,-16.508629195463854,-0.0042835939219285305
dip,0,1,-16.508629195463854,-0.0042835939219285305
disadvantages,0,1,-16.508629195463854,-0.0042835939219285305
disaffected,0,1,-16.508629195463854,-0.0042835939219285305
disarmament,0,1,-16.508629195463854,-0.0042835939219285305
disburse,0,1,-16.508629195463854,-0.0042835939219285305
discarding,0,1,-16.508629195463854,-0.0042835939219285305
disclosures,0,1,-16.508629195463854,-0.0042835939219285305
discovery,0,1,-16.508629195463854,-0.0042835939219285305
discrepancies,0,1,-16.508629195463854,-0.0042835939219285305
discriminating,0,1,-16.508629195463854,-0.0042835939219285305
discussing,0,1,-16.508629195463854,-0.0042835939219285305
dismissed,0,1,-16.508629195463854,-0.0042835939219285305
disqualified,0,1,-16.508629195463854,-0.0042835939219285305
disqualifies,0,1,-16.508629195463854,-0.0042835939219285305
disrespectful,0,1,-16.508629195463854,-0.0042835939219285305
disrupts,0,1,-16.508629195463854,-0.0042835939219285305
dissuade,0,1,-16.508629195463854,-0.0042835939219285305
distinguishes,0,1,-16.508629195463854,-0.0042835939219285305
distrusting,0,1,-16.508629195463854,-0.0042835939219285305
diverge,0,1,-16.508629195463854,-0.0042835939219285305
divestiture,0,1,-16.508629195463854,-0.0042835939219285305
divestment,0,1,-16.508629195463854,-0.0042835939219285305
doctrines,0,1,-16.508629195463854,-0.0042835939219285305
dollar,0,1,-16.508629195463854,-0.0042835939219285305
door,0,1,-16.508629195463854,-0.0042835939219285305
downloading,0,1,-16.508629195463854,-0.0042835939219285305
downplay,0,1,-16.508629195463854,-0.0042835939219285305
dpa,0,1,-16.508629195463854,-0.0042835939219285305
drafting,0,1,-16.508629195463854,-0.0042835939219285305
drain,0,1,-16.508629195463854,-0.0042835939219285305
dreamer,0,1,-16.508629195463854,-0.0042835939219285305
drones,0,1,-16.508629195463854,-0.0042835939219285305
drops,0,1,-16.508629195463854,-0.0042835939219285305
duplicate,0,1,-16.508629195463854,-0.0042835939219285305
eases,0,1,-16.508629195463854,-0.0042835939219285305
editorial,0,1,-16.508629195463854,-0.0042835939219285305
edits,0,1,-16.508629195463854,-0.0042835939219285305
efficacy,0,1,-16.508629195463854,-0.0042835939219285305
eisen,0,1,-16.508629195463854,-0.0042835939219285305
either,0,1,-16.508629195463854,-0.0042835939219285305
elective,0,1,-16.508629195463854,-0.0042835939219285305
eligible,0,1,-16.508629195463854,-0.0042835939219285305
elitism,0,1,-16.508629195463854,-0.0042835939219285305
elitist,0,1,-16.508629195463854,-0.0042835939219285305
emasculate,0,1,-16.508629195463854,-0.0042835939219285305
embracing,0,1,-16.508629195463854,-0.0042835939219285305
emergence,0,1,-16.508629195463854,-0.0042835939219285305
emergency's,0,1,-16.508629195463854,-0.0042835939219285305
emission,0,1,-16.508629195463854,-0.0042835939219285305
emphasized,0,1,-16.508629195463854,-0.0042835939219285305
empowered,0,1,-16.508629195463854,-0.0042835939219285305
enactment,0,1,-16.508629195463854,-0.0042835939219285305
encircling,0,1,-16.508629195463854,-0.0042835939219285305
encouragement,0,1,-16.508629195463854,-0.0042835939219285305
encourages,0,1,-16.508629195463854,-0.0042835939219285305
endorses,0,1,-16.508629195463854,-0.0042835939219285305
endowment,0,1,-16.508629195463854,-0.0042835939219285305
endurance,0,1,-16.508629195463854,-0.0042835939219285305
enforces,0,1,-16.508629195463854,-0.0042835939219285305
enjoin,0,1,-16.508629195463854,-0.0042835939219285305
enlisting,0,1,-16.508629195463854,-0.0042835939219285305
enriched,0,1,-16.508629195463854,-0.0042835939219285305
enrolling,0,1,-16.508629195463854,-0.0042835939219285305
entanglements,0,1,-16.508629195463854,-0.0042835939219285305
enter,0,1,-16.508629195463854,-0.0042835939219285305
envoy's,0,1,-16.508629195463854,-0.0042835939219285305
epstein,0,1,-16.508629195463854,-0.0042835939219285305
equate,0,1,-16.508629195463854,-0.0042835939219285305
equipped,0,1,-16.508629195463854,-0.0042835939219285305
erasure,0,1,-16.508629195463854,-0.0042835939219285305
estimate,0,1,-16.508629195463854,-0.0042835939219285305
estonia's,0,1,-16.508629195463854,-0.0042835939219285305
evacuated,0,1,-16.508629195463854,-0.0042835939219285305
evading,0,1,-16.508629195463854,-0.0042835939219285305
evaluation,0,1,-16.508629195463854,-0.0042835939219285305
evangelical,0,1,-16.508629195463854,-0.0042835939219285305
eventual,0,1,-16.508629195463854,-0.0042835939219285305
exactly,0,1,-16.508629195463854,-0.0042835939219285305
exaggerate,0,1,-16.508629195463854,-0.0042835939219285305
examining,0,1,-16.508629195463854,-0.0042835939219285305
exceeded,0,1,-16.508629195463854,-0.0042835939219285305
exceeding,0,1,-16.508629195463854,-0.0042835939219285305
exceeds,0,1,-16.508629195463854,-0.0042835939219285305
excess,0,1,-16.508629195463854,-0.0042835939219285305
excusing,0,1,-16.508629195463854,-0.0042835939219285305
exempt,0,1,-16.508629195463854,-0.0042835939219285305
exempted,0,1,-16.508629195463854,-0.0042835939219285305
exercises,0,1,-16.508629195463854,-0.0042835939219285305
exercising,0,1,-16.508629195463854,-0.0042835939219285305
expansive,0,1,-16.508629195463854,-0.0042835939219285305
expedite,0,1,-16.508629195463854,-0.0042835939219285305
expediting,0,1,-16.508629195463854,-0.0042835939219285305
expeditions,0,1,-16.508629195463854,-0.0042835939219285305
expertise,0,1,-16.508629195463854,-0.0042835939219285305
exploited,0,1,-16.508629195463854,-0.0042835939219285305
exporters,0,1,-16.508629195463854,-0.0042835939219285305
expresses,0,1,-16.508629195463854,-0.0042835939219285305
extract,0,1,-16.508629195463854,-0.0042835939219285305
extraterritorial,0,1,-16.508629195463854,-0.0042835939219285305
fabrication,0,1,-16.508629195463854,-0.0042835939219285305
fabricators,0,1,-16.508629195463854,-0.0042835939219285305
factor,0,1,-16.508629195463854,-0.0042835939219285305
faculty,0,1,-16.508629195463854,-0.0042835939219285305
failings,0,1,-16.508629195463854,-0.0042835939219285305
faisal,0,1,-16.508629195463854,-0.0042835939219285305
faithful,0,1,-16.508629195463854,-0.0042835939219285305
falsely,0,1,-16.508629195463854,-0.0042835939219285305
falsified,0,1,-16.508629195463854,-0.0042835939219285305
fans,0,1,-16.508629195463854,-0.0042835939219285305
farmer,0,1,-16.508629195463854,-0.0042835939219285305
farmworker,0,1,-16.508629195463854,-0.0042835939219285305
fatalities,0,1,-16.508629195463854,-0.0042835939219285305
fathers,0,1,-16.508629195463854,-0.0042835939219285305
favorable,0,1,-16.508629195463854,-0.0042835939219285305
favored,0,1,-16.508629195463854,-0.0042835939219285305
favors,0,1,-16.508629195463854,-0.0042835939219285305
fda's,0,1,-16.508629195463854,-0.0042835939219285305
fearing,0,1,-16.508629195463854,-0.0042835939219285305
feasible,0,1,-16.508629195463854,-0.0042835939219285305
federalizing,0,1,-16.508629195463854,-0.0042835939219285305
felicity,0,1,-16.508629195463854,-0.0042835939219285305
ferguson's,0,1,-16.508629195463854,-0.0042835939219285305
fights,0,1,-16.508629195463854,-0.0042835939219285305
file,0,1,-16.508629195463854,-0.0042835939219285305
filibusters,0,1,-16.508629195463854,-0.0042835939219285305
finality,0,1,-16.508629195463854,-0.0042835939219285305
finalizing,0,1,-16.508629195463854,-0.0042835939219285305
finish,0,1,-16.508629195463854,-0.0042835939219285305
firefighter,0,1,-16.508629195463854,-0.0042835939219285305
fireworks,0,1,-16.508629195463854,-0.0042835939219285305
firmer,0,1,-16.508629195463854,-0.0042835939219285305
fishing,0,1,-16.508629195463854,-0.0042835939219285305
flip,0,1,-16.508629195463854,-0.0042835939219285305
flipped,0,1,-16.508629195463854,-0.0042835939219285305
flirtatious,0,1,-16.508629195463854,-0.0042835939219285305
fluctuations,0,1,-16.508629195463854,-0.0042835939219285305
fodder,0,1,-16.508629195463854,-0.0042835939219285305
fomented,0,1,-16.508629195463854,-0.0042835939219285305
forensics,0,1,-16.508629195463854,-0.0042835939219285305
forms,0,1,-16.508629195463854,-0.0042835939219285305
formula's,0,1,-16.508629195463854,-0.0042835939219285305
fractured,0,1,-16.508629195463854,-0.0042835939219285305
fraudulent,0,1,-16.508629195463854,-0.0042835939219285305
freely,0,1,-16.508629195463854,-0.0042835939219285305
freshly,0,1,-16.508629195463854,-0.0042835939219285305
frustrated,0,1,-16.508629195463854,-0.0042835939219285305
frustrations,0,1,-16.508629195463854,-0.0042835939219285305
functionality,0,1,-16.508629195463854,-0.0042835939219285305
gaffes,0,1,-16.508629195463854,-0.0042835939219285305
galvanizing,0,1,-16.508629195463854,-0.0042835939219285305
game,0,1,-16.508629195463854,-0.0042835939219285305
gather,0,1,-16.508629195463854,-0.0042835939219285305
genders,0,1,-16.508629195463854,-0.0042835939219285305
generally,0,1,-16.508629195463854,-0.0042835939219285305
generational,0,1,-16.508629195463854,-0.0042835939219285305
geographic,0,1,-16.508629195463854,-0.0042835939219285305
geopolitical,0,1,-16.508629195463854,-0.0042835939219285305
gift,0,1,-16.508629195463854,-0.0042835939219285305
gillibrand,0,1,-16.508629195463854,-0.0042835939219285305
gimmick,0,1,-16.508629195463854,-0.0042835939219285305
gomez,0,1,-16.508629195463854,-0.0042835939219285305
gone,0,1,-16.508629195463854,-0.0042835939219285305
governorship,0,1,-16.508629195463854,-0.0042835939219285305
granted,0,1,-16.508629195463854,-0.0042835939219285305
greece,0,1,-16.508629195463854,-0.0042835939219285305
greeting,0,1,-16.508629195463854,-0.0042835939219285305
grieving,0,1,-16.508629195463854,-0.0042835939219285305
grouping,0,1,-16.508629195463854,-0.0042835939219285305
grows,0,1,-16.508629195463854,-0.0042835939219285305
guards,0,1,-16.508629195463854,-0.0042835939219285305
guests,0,1,-16.508629195463854,-0.0042835939219285305
guilt,0,1,-16.508629195463854,-0.0042835939219285305
had,0,1,-16.508629195463854,-0.0042835939219285305
haiti,0,1,-16.508629195463854,-0.0042835939219285305
halving,0,1,-16.508629195463854,-0.0042835939219285305
happened,0,1,-16.508629195463854,-0.0042835939219285305
harder,0,1,-16.508629195463854,-0.0042835939219285305
harshest,0,1,-16.508629195463854,-0.0042835939219285305
having,0,1,-16.508629195463854,-0.0042835939219285305
hear,0,1,-16.508629195463854,-0.0042835939219285305
heart,0,1,-16.508629195463854,-0.0042835939219285305
heavily,0,1,-16.508629195463854,-0.0042835939219285305
heed,0,1,-16.508629195463854,-0.0042835939219285305
heightened,0,1,-16.508629195463854,-0.0042835939219285305
heroes,0,1,-16.508629195463854,-0.0042835939219285305
hierarchy,0,1,-16.508629195463854,-0.0042835939219285305
hijackers,0,1,-16.508629195463854,-0.0042835939219285305
hill,0,1,-16.508629195463854,-0.0042835939219285305
hinting,0,1,-16.508629195463854,-0.0042835939219285305
hire,0,1,-16.508629195463854,-0.0042835939219285305
holy,0,1,-16.508629195463854,-0.0042835939219285305
hoods,0,1,-16.508629195463854,-0.0042835939219285305
hotels,0,1,-16.508629195463854,-0.0042835939219285305
hours,0,1,-16.508629195463854,-0.0042835939219285305
huckabee,0,1,-16.508629195463854,-0.0042835939219285305
huffman,0,1,-16.508629195463854,-0.0042835939219285305
hutchinson,0,1,-16.508629195463854,-0.0042835939219285305
icu,0,1,-16.508629195463854,-0.0042835939219285305
ideas,0,1,-16.508629195463854,-0.0042835939219285305
identifying,0,1,-16.508629195463854,-0.0042835939219285305
idle,0,1,-16.508629195463854,-0.0042835939219285305
ignoring,0,1,-16.508629195463854,-0.0042835939219285305
ii,0,1,-16.508629195463854,-0.0042835939219285305
immigration's,0,1,-16.508629195463854,-0.0042835939219285305
immunities,0,1,-16.508629195463854,-0.0042835939219285305
impartially,0,1,-16.508629195463854,-0.0042835939219285305
impatience,0,1,-16.508629195463854,-0.0042835939219285305
impede,0,1,-16.508629195463854,-0.0042835939219285305
impeding,0,1,-16.508629195463854,-0.0042835939219285305
imperatives,0,1,-16.508629195463854,-0.0042835939219285305
imperil,0,1,-16.508629195463854,-0.0042835939219285305
implicating,0,1,-16.508629195463854,-0.0042835939219285305
implying,0,1,-16.508629195463854,-0.0042835939219285305
imported,0,1,-16.508629195463854,-0.0042835939219285305
importers,0,1,-16.508629195463854,-0.0042835939219285305
imposition,0,1,-16.508629195463854,-0.0042835939219285305
improper,0,1,-16.508629195463854,-0.0042835939219285305
incentivized,0,1,-16.508629195463854,-0.0042835939219285305
incoming,0,1,-16.508629195463854,-0.0042835939219285305
incursions,0,1,-16.508629195463854,-0.0042835939219285305
indefinite,0,1,-16.508629195463854,-0.0042835939219285305
indefinitely,0,1,-16.508629195463854,-0.0042835939219285305
indicative,0,1,-16.508629195463854,-0.0042835939219285305
indicted,0,1,-16.508629195463854,-0.0042835939219285305
indoctrination,0,1,-16.508629195463854,-0.0042835939219285305
inefficiency,0,1,-16.508629195463854,-0.0042835939219285305
inexperience,0,1,-16.508629195463854,-0.0042835939219285305
influencer,0,1,-16.508629195463854,-0.0042835939219285305
influx,0,1,-16.508629195463854,-0.0042835939219285305
infringement,0,1,-16.508629195463854,-0.0042835939219285305
infringes,0,1,-16.508629195463854,-0.0042835939219285305
infused,0,1,-16.508629195463854,-0.0042835939219285305
injecting,0,1,-16.508629195463854,-0.0042835939219285305
innocents,0,1,-16.508629195463854,-0.0042835939219285305
innovators,0,1,-16.508629195463854,-0.0042835939219285305
inquiries,0,1,-16.508629195463854,-0.0042835939219285305
inside,0,1,-16.508629195463854,-0.0042835939219285305
inspired,0,1,-16.508629195463854,-0.0042835939219285305
installing,0,1,-16.508629195463854,-0.0042835939219285305
intensify,0,1,-16.508629195463854,-0.0042835939219285305
intensifying,0,1,-16.508629195463854,-0.0042835939219285305
intentional,0,1,-16.508629195463854,-0.0042835939219285305
interact,0,1,-16.508629195463854,-0.0042835939219285305
interdiction,0,1,-16.508629195463854,-0.0042835939219285305
intervening,0,1,-16.508629195463854,-0.0042835939219285305
invade,0,1,-16.508629195463854,-0.0042835939219285305
invaders,0,1,-16.508629195463854,-0.0042835939219285305
invalidated,0,1,-16.508629195463854,-0.0042835939219285305
investigated,0,1,-16.508629195463854,-0.0042835939219285305
invitations,0,1,-16.508629195463854,-0.0042835939219285305
involve,0,1,-16.508629195463854,-0.0042835939219285305
ioc's,0,1,-16.508629195463854,-0.0042835939219285305
irresponsibility,0,1,-16.508629195463854,-0.0042835939219285305
irreversible,0,1,-16.508629195463854,-0.0042835939219285305
islamabad,0,1,-16.508629195463854,-0.0042835939219285305
island's,0,1,-16.508629195463854,-0.0042835939219285305
itself,0,1,-16.508629195463854,-0.0042835939219285305
ivey,0,1,-16.508629195463854,-0.0042835939219285305
jankowicz,0,1,-16.508629195463854,-0.0042835939219285305
journal,0,1,-16.508629195463854,-0.0042835939219285305
july's,0,1,-16.508629195463854,-0.0042835939219285305
jumps,0,1,-16.508629195463854,-0.0042835939219285305
jurisdictional,0,1,-16.508629195463854,-0.0042835939219285305
jurisdictions,0,1,-16.508629195463854,-0.0042835939219285305
jurisprudential,0,1,-16.508629195463854,-0.0042835939219285305
justifiable,0,1,-16.508629195463854,-0.0042835939219285305
justifiably,0,1,-16.508629195463854,-0.0042835939219285305
keenan,0,1,-16.508629195463854,-0.0042835939219285305
kennedy,0,1,-16.508629195463854,-0.0042835939219285305
kidnappings,0,1,-16.508629195463854,-0.0042835939219285305
knife,0,1,-16.508629195463854,-0.0042835939219285305
knowingly,0,1,-16.508629195463854,-0.0042835939219285305
kremlin's,0,1,-16.508629195463854,-0.0042835939219285305
kurds,0,1,-16.508629195463854,-0.0042835939219285305
lacked,0,1,-16.508629195463854,-0.0042835939219285305
ladies,0,1,-16.508629195463854,-0.0042835939219285305
laguarta,0,1,-16.508629195463854,-0.0042835939219285305
landrieu's,0,1,-16.508629195463854,-0.0042835939219285305
launches,0,1,-16.508629195463854,-0.0042835939219285305
lawlessness,0,1,-16.508629195463854,-0.0042835939219285305
lawsuit's,0,1,-16.508629195463854,-0.0042835939219285305
leader's,0,1,-16.508629195463854,-0.0042835939219285305
leads,0,1,-16.508629195463854,-0.0042835939219285305
leeway,0,1,-16.508629195463854,-0.0042835939219285305
legislature's,0,1,-16.508629195463854,-0.0042835939219285305
legitimately,0,1,-16.508629195463854,-0.0042835939219285305
lenders,0,1,-16.508629195463854,-0.0042835939219285305
leniency,0,1,-16.508629195463854,-0.0042835939219285305
lerner,0,1,-16.508629195463854,-0.0042835939219285305
lessen,0,1,-16.508629195463854,-0.0042835939219285305
licensing,0,1,-16.508629195463854,-0.0042835939219285305
lifesaving,0,1,-16.508629195463854,-0.0042835939219285305
likud's,0,1,-16.508629195463854,-0.0042835939219285305
livelihood,0,1,-16.508629195463854,-0.0042835939219285305
lobbyist,0,1,-16.508629195463854,-0.0042835939219285305
location,0,1,-16.508629195463854,-0.0042835939219285305
logistically,0,1,-16.508629195463854,-0.0042835939219285305
looser,0,1,-16.508629195463854,-0.0042835939219285305
looters,0,1,-16.508629195463854,-0.0042835939219285305
louisville's,0,1,-16.508629195463854,-0.0042835939219285305
lounge,0,1,-16.508629195463854,-0.0042835939219285305
loved,0,1,-16.508629195463854,-0.0042835939219285305
loyalist,0,1,-16.508629195463854,-0.0042835939219285305
lunged,0,1,-16.508629195463854,-0.0042835939219285305
machines,0,1,-16.508629195463854,-0.0042835939219285305
maintained,0,1,-16.508629195463854,-0.0042835939219285305
maintenance,0,1,-16.508629195463854,-0.0042835939219285305
makers,0,1,-16.508629195463854,-0.0042835939219285305
malice,0,1,-16.508629195463854,-0.0042835939219285305
malik,0,1,-16.508629195463854,-0.0042835939219285305
manager,0,1,-16.508629195463854,-0.0042835939219285305
managerial,0,1,-16.508629195463854,-0.0042835939219285305
mansion,0,1,-16.508629195463854,-0.0042835939219285305
manufacturer,0,1,-16.508629195463854,-0.0042835939219285305
margin,0,1,-16.508629195463854,-0.0042835939219285305
marital,0,1,-16.508629195463854,-0.0042835939219285305
maritime,0,1,-16.508629195463854,-0.0042835939219285305
marketing,0,1,-16.508629195463854,-0.0042835939219285305
massing,0,1,-16.508629195463854,-0.0042835939219285305
matter,0,1,-16.508629195463854,-0.0042835939219285305
maximums,0,1,-16.508629195463854,-0.0042835939219285305
mayor's,0,1,-16.508629195463854,-0.0042835939219285305
mccarthy's,0,1,-16.508629195463854,-0.0042835939219285305
measurably,0,1,-16.508629195463854,-0.0042835939219285305
measuring,0,1,-16.508629195463854,-0.0042835939219285305
meddle,0,1,-16.508629195463854,-0.0042835939219285305
melinda,0,1,-16.508629195463854,-0.0042835939219285305
memo,0,1,-16.508629195463854,-0.0042835939219285305
mentally,0,1,-16.508629195463854,-0.0042835939219285305
merely,0,1,-16.508629195463854,-0.0042835939219285305
meritocracy,0,1,-16.508629195463854,-0.0042835939219285305
merits,0,1,-16.508629195463854,-0.0042835939219285305
mhra,0,1,-16.508629195463854,-0.0042835939219285305
michigan's,0,1,-16.508629195463854,-0.0042835939219285305
mild,0,1,-16.508629195463854,-0.0042835939219285305
military's,0,1,-16.508629195463854,-0.0042835939219285305
mines,0,1,-16.508629195463854,-0.0042835939219285305
minor,0,1,-16.508629195463854,-0.0042835939219285305
minutes,0,1,-16.508629195463854,-0.0042835939219285305
mischaracterized,0,1,-16.508629195463854,-0.0042835939219285305
misidentify,0,1,-16.508629195463854,-0.0042835939219285305
misled,0,1,-16.508629195463854,-0.0042835939219285305
misreading,0,1,-16.508629195463854,-0.0042835939219285305
missteps,0,1,-16.508629195463854,-0.0042835939219285305
mob,0,1,-16.508629195463854,-0.0042835939219285305
models,0,1,-16.508629195463854,-0.0042835939219285305
modest,0,1,-16.508629195463854,-0.0042835939219285305
moines,0,1,-16.508629195463854,-0.0042835939219285305
monarchy,0,1,-16.508629195463854,-0.0042835939219285305
moore's,0,1,-16.508629195463854,-0.0042835939219285305
motherhood,0,1,-16.508629195463854,-0.0042835939219285305
motivations,0,1,-16.508629195463854,-0.0042835939219285305
motorists,0,1,-16.508629195463854,-0.0042835939219285305
mourn,0,1,-16.508629195463854,-0.0042835939219285305
msnbc,0,1,-16.508629195463854,-0.0042835939219285305
multistep,0,1,-16.508629195463854,-0.0042835939219285305
munitions,0,1,-16.508629195463854,-0.0042835939219285305
murderers,0,1,-16.508629195463854,-0.0042835939219285305
muster,0,1,-16.508629195463854,-0.0042835939219285305
naloxone,0,1,-16.508629195463854,-0.0042835939219285305
natural,0,1,-16.508629195463854,-0.0042835939219285305
nature,0,1,-16.508629195463854,-0.0042835939219285305
necessity,0,1,-16.508629195463854,-0.0042835939219285305
neediest,0,1,-16.508629195463854,-0.0042835939219285305
netflix's,0,1,-16.508629195463854,-0.0042835939219285305
newport's,0,1,-16.508629195463854,-0.0042835939219285305
nlrb,0,1,-16.508629195463854,-0.0042835939219285305
noncitizen,0,1,-16.508629195463854,-0.0042835939219285305
noncitizens,0,1,-16.508629195463854,-0.0042835939219285305
nonjusticiable,0,1,-16.508629195463854,-0.0042835939219285305
nonpartisan,0,1,-16.508629195463854,-0.0042835939219285305
nonpolitical,0,1,-16.508629195463854,-0.0042835939219285305
nooyi's,0,1,-16.508629195463854,-0.0042835939219285305
nothing,0,1,-16.508629195463854,-0.0042835939219285305
nsc,0,1,-16.508629195463854,-0.0042835939219285305
nullify,0,1,-16.508629195463854,-0.0042835939219285305
number,0,1,-16.508629195463854,-0.0042835939219285305
nutrition,0,1,-16.508629195463854,-0.0042835939219285305
oath,0,1,-16.508629195463854,-0.0042835939219285305
objected,0,1,-16.508629195463854,-0.0042835939219285305
objective,0,1,-16.508629195463854,-0.0042835939219285305
objectives,0,1,-16.508629195463854,-0.0042835939219285305
observances,0,1,-16.508629195463854,-0.0042835939219285305
obtained,0,1,-16.508629195463854,-0.0042835939219285305
occur,0,1,-16.508629195463854,-0.0042835939219285305
offensive's,0,1,-16.508629195463854,-0.0042835939219285305
officer's,0,1,-16.508629195463854,-0.0042835939219285305
official's,0,1,-16.508629195463854,-0.0042835939219285305
offs,0,1,-16.508629195463854,-0.0042835939219285305
offsite,0,1,-16.508629195463854,-0.0042835939219285305
olympic,0,1,-16.508629195463854,-0.0042835939219285305
ombudsman,0,1,-16.508629195463854,-0.0042835939219285305
ombudsman's,0,1,-16.508629195463854,-0.0042835939219285305
once,0,1,-16.508629195463854,-0.0042835939219285305
operating,0,1,-16.508629195463854,-0.0042835939219285305
opposes,0,1,-16.508629195463854,-0.0042835939219285305
oral,0,1,-16.508629195463854,-0.0042835939219285305
orchestrated,0,1,-16.508629195463854,-0.0042835939219285305
orderly,0,1,-16.508629195463854,-0.0042835939219285305
organ,0,1,-16.508629195463854,-0.0042835939219285305
organization's,0,1,-16.508629195463854,-0.0042835939219285305
ostracism,0,1,-16.508629195463854,-0.0042835939219285305
otherwise,0,1,-16.508629195463854,-0.0042835939219285305
ouster,0,1,-16.508629195463854,-0.0042835939219285305
outbreak's,0,1,-16.508629195463854,-0.0042835939219285305
outflows,0,1,-16.508629195463854,-0.0042835939219285305
outsider,0,1,-16.508629195463854,-0.0042835939219285305
overcautious,0,1,-16.508629195463854,-0.0042835939219285305
overcrowded,0,1,-16.508629195463854,-0.0042835939219285305
overextending,0,1,-16.508629195463854,-0.0042835939219285305
overordering,0,1,-16.508629195463854,-0.0042835939219285305
overplaying,0,1,-16.508629195463854,-0.0042835939219285305
overreacted,0,1,-16.508629195463854,-0.0042835939219285305
overregulation,0,1,-16.508629195463854,-0.0042835939219285305
overspending,0,1,-16.508629195463854,-0.0042835939219285305
overstating,0,1,-16.508629195463854,-0.0042835939219285305
overstepping,0,1,-16.508629195463854,-0.0042835939219285305
overwhelmed,0,1,-16.508629195463854,-0.0042835939219285305
owe,0,1,-16.508629195463854,-0.0042835939219285305
pace,0,1,-16.508629195463854,-0.0042835939219285305
packages,0,1,-16.508629195463854,-0.0042835939219285305
pacs,0,1,-16.508629195463854,-0.0042835939219285305
paired,0,1,-16.508629195463854,-0.0042835939219285305
papacy,0,1,-16.508629195463854,-0.0042835939219285305
parades,0,1,-16.508629195463854,-0.0042835939219285305
parent,0,1,-16.508629195463854,-0.0042835939219285305
paternalistic,0,1,-16.508629195463854,-0.0042835939219285305
pathogen,0,1,-16.508629195463854,-0.0042835939219285305
patrol,0,1,-16.508629195463854,-0.0042835939219285305
patrols,0,1,-16.508629195463854,-0.0042835939219285305
pauleys,0,1,-16.508629195463854,-0.0042835939219285305
payoff,0,1,-16.508629195463854,-0.0042835939219285305
payout,0,1,-16.508629195463854,-0.0042835939219285305
pepsico,0,1,-16.508629195463854,-0.0042835939219285305
perceive,0,1,-16.508629195463854,-0.0042835939219285305
perceiving,0,1,-16.508629195463854,-0.0042835939219285305
performing,0,1,-16.508629195463854,-0.0042835939219285305
permission,0,1,-16.508629195463854,-0.0042835939219285305
permissive,0,1,-16.508629195463854,-0.0042835939219285305
persecution,0,1,-16.508629195463854,-0.0042835939219285305
persists,0,1,-16.508629195463854,-0.0042835939219285305
persuadable,0,1,-16.508629195463854,-0.0042835939219285305
persuaded,0,1,-16.508629195463854,-0.0042835939219285305
persuading,0,1,-16.508629195463854,-0.0042835939219285305
petition,0,1,-16.508629195463854,-0.0042835939219285305
pew,0,1,-16.508629195463854,-0.0042835939219285305
pharma,0,1,-16.508629195463854,-0.0042835939219285305
phased,0,1,-16.508629195463854,-0.0042835939219285305
philosophy,0,1,-16.508629195463854,-0.0042835939219285305
phrase,0,1,-16.508629195463854,-0.0042835939219285305
picking,0,1,-16.508629195463854,-0.0042835939219285305
pile,0,1,-16.508629195463854,-0.0042835939219285305
pilots,0,1,-16.508629195463854,-0.0042835939219285305
pirro's,0,1,-16.508629195463854,-0.0042835939219285305
pivotal,0,1,-16.508629195463854,-0.0042835939219285305
planners,0,1,-16.508629195463854,-0.0042835939219285305
playing,0,1,-16.508629195463854,-0.0042835939219285305
pleading,0,1,-16.508629195463854,-0.0042835939219285305
pocketbook,0,1,-16.508629195463854,-0.0042835939219285305
politician,0,1,-16.508629195463854,-0.0042835939219285305
poll's,0,1,-16.508629195463854,-0.0042835939219285305
poorly,0,1,-16.508629195463854,-0.0042835939219285305
popularity,0,1,-16.508629195463854,-0.0042835939219285305
population's,0,1,-16.508629195463854,-0.0042835939219285305
posed,0,1,-16.508629195463854,-0.0042835939219285305
postapproval,0,1,-16.508629195463854,-0.0042835939219285305
posted,0,1,-16.508629195463854,-0.0042835939219285305
postponed,0,1,-16.508629195463854,-0.0042835939219285305
postponement,0,1,-16.508629195463854,-0.0042835939219285305
practically,0,1,-16.508629195463854,-0.0042835939219285305
precautionary,0,1,-16.508629195463854,-0.0042835939219285305
precautions,0,1,-16.508629195463854,-0.0042835939219285305
prediction,0,1,-16.508629195463854,-0.0042835939219285305
preempted,0,1,-16.508629195463854,-0.0042835939219285305
pregame,0,1,-16.508629195463854,-0.0042835939219285305
preparations,0,1,-16.508629195463854,-0.0042835939219285305
preparing,0,1,-16.508629195463854,-0.0042835939219285305
prerogative,0,1,-16.508629195463854,-0.0042835939219285305
prescribers,0,1,-16.508629195463854,-0.0042835939219285305
presentation,0,1,-16.508629195463854,-0.0042835939219285305
presenting,0,1,-16.508629195463854,-0.0042835939219285305
presume,0,1,-16.508629195463854,-0.0042835939219285305
prevail,0,1,-16.508629195463854,-0.0042835939219285305
prevalent,0,1,-16.508629195463854,-0.0042835939219285305
pride,0,1,-16.508629195463854,-0.0042835939219285305
privatization,0,1,-16.508629195463854,-0.0042835939219285305
probing,0,1,-16.508629195463854,-0.0042835939219285305
procurement,0,1,-16.508629195463854,-0.0042835939219285305
professionals,0,1,-16.508629195463854,-0.0042835939219285305
professors,0,1,-16.508629195463854,-0.0042835939219285305
prohibit,0,1,-16.508629195463854,-0.0042835939219285305
prohibited,0,1,-16.508629195463854,-0.0042835939219285305
prohibition,0,1,-16.508629195463854,-0.0042835939219285305
prohibitions,0,1,-16.508629195463854,-0.0042835939219285305
promoters,0,1,-16.508629195463854,-0.0042835939219285305
proved,0,1,-16.508629195463854,-0.0042835939219285305
provider,0,1,-16.508629195463854,-0.0042835939219285305
provocation,0,1,-16.508629195463854,-0.0042835939219285305
publication,0,1,-16.508629195463854,-0.0042835939219285305
publicity,0,1,-16.508629195463854,-0.0042835939219285305
pubs,0,1,-16.508629195463854,-0.0042835939219285305
pullback,0,1,-16.508629195463854,-0.0042835939219285305
pullbacks,0,1,-16.508629195463854,-0.0042835939219285305
pullouts,0,1,-16.508629195463854,-0.0042835939219285305
purdue,0,1,-16.508629195463854,-0.0042835939219285305
pursuant,0,1,-16.508629195463854,-0.0042835939219285305
qaeda,0,1,-16.508629195463854,-0.0042835939219285305
quarantines,0,1,-16.508629195463854,-0.0042835939219285305
quds,0,1,-16.508629195463854,-0.0042835939219285305
queues,0,1,-16.508629195463854,-0.0042835939219285305
quicker,0,1,-16.508629195463854,-0.0042835939219285305
quo,0,1,-16.508629195463854,-0.0042835939219285305
quorum,0,1,-16.508629195463854,-0.0042835939219285305
quotas,0,1,-16.508629195463854,-0.0042835939219285305
radiation,0,1,-16.508629195463854,-0.0042835939219285305
rallying,0,1,-16.508629195463854,-0.0042835939219285305
rammed,0,1,-16.508629195463854,-0.0042835939219285305
rancor,0,1,-16.508629195463854,-0.0042835939219285305
rank,0,1,-16.508629195463854,-0.0042835939219285305
ransoms,0,1,-16.508629195463854,-0.0042835939219285305
rare,0,1,-16.508629195463854,-0.0042835939219285305
rated,0,1,-16.508629195463854,-0.0042835939219285305
ratification,0,1,-16.508629195463854,-0.0042835939219285305
reaching,0,1,-16.508629195463854,-0.0042835939219285305
read,0,1,-16.508629195463854,-0.0042835939219285305
readers,0,1,-16.508629195463854,-0.0042835939219285305
reaffirm,0,1,-16.508629195463854,-0.0042835939219285305
really,0,1,-16.508629195463854,-0.0042835939219285305
rearming,0,1,-16.508629195463854,-0.0042835939219285305
reassess,0,1,-16.508629195463854,-0.0042835939219285305
reassures,0,1,-16.508629195463854,-0.0042835939219285305
rebooking,0,1,-16.508629195463854,-0.0042835939219285305
rebounds,0,1,-16.508629195463854,-0.0042835939219285305
rebuff,0,1,-16.508629195463854,-0.0042835939219285305
rebuffed,0,1,-16.508629195463854,-0.0042835939219285305
rebuke,0,1,-16.508629195463854,-0.0042835939219285305
recidivism,0,1,-16.508629195463854,-0.0042835939219285305
recipient,0,1,-16.508629195463854,-0.0042835939219285305
reclaiming,0,1,-16.508629195463854,-0.0042835939219285305
reclassifying,0,1,-16.508629195463854,-0.0042835939219285305
recounting,0,1,-16.508629195463854,-0.0042835939219285305
recover,0,1,-16.508629195463854,-0.0042835939219285305
recoveries,0,1,-16.508629195463854,-0.0042835939219285305
recreate,0,1,-16.508629195463854,-0.0042835939219285305
recruiting,0,1,-16.508629195463854,-0.0042835939219285305
redemption,0,1,-16.508629195463854,-0.0042835939219285305
redistribution,0,1,-16.508629195463854,-0.0042835939219285305
reentering,0,1,-16.508629195463854,-0.0042835939219285305
reentry,0,1,-16.508629195463854,-0.0042835939219285305
refineries,0,1,-16.508629195463854,-0.0042835939219285305
reflection,0,1,-16.508629195463854,-0.0042835939219285305
refresh,0,1,-16.508629195463854,-0.0042835939219285305
register,0,1,-16.508629195463854,-0.0042835939219285305
rehearsed,0,1,-16.508629195463854,-0.0042835939219285305
reimposition,0,1,-16.508629195463854,-0.0042835939219285305
reinforcement,0,1,-16.508629195463854,-0.0042835939219285305
relationship,0,1,-16.508629195463854,-0.0042835939219285305
relaxations,0,1,-16.508629195463854,-0.0042835939219285305
relentless,0,1,-16.508629195463854,-0.0042835939219285305
religion,0,1,-16.508629195463854,-0.0042835939219285305
renegotiate,0,1,-16.508629195463854,-0.0042835939219285305
renegotiating,0,1,-16.508629195463854,-0.0042835939219285305
reopens,0,1,-16.508629195463854,-0.0042835939219285305
repaid,0,1,-16.508629195463854,-0.0042835939219285305
repayment,0,1,-16.508629195463854,-0.0042835939219285305
represented,0,1,-16.508629195463854,-0.0042835939219285305
reprisals,0,1,-16.508629195463854,-0.0042835939219285305
rescinded,0,1,-16.508629195463854,-0.0042835939219285305
rescinds,0,1,-16.508629195463854,-0.0042835939219285305
reshuffling,0,1,-16.508629195463854,-0.0042835939219285305
residences,0,1,-16.508629195463854,-0.0042835939219285305
residential,0,1,-16.508629195463854,-0.0042835939219285305
resolutions,0,1,-16.508629195463854,-0.0042835939219285305
resolving,0,1,-16.508629195463854,-0.0042835939219285305
restarting,0,1,-16.508629195463854,-0.0042835939219285305
restores,0,1,-16.508629195463854,-0.0042835939219285305
restrain,0,1,-16.508629195463854,-0.0042835939219285305
resulted,0,1,-16.508629195463854,-0.0042835939219285305
retake,0,1,-16.508629195463854,-0.0042835939219285305
retaliate,0,1,-16.508629195463854,-0.0042835939219285305
retrain,0,1,-16.508629195463854,-0.0042835939219285305
retreat,0,1,-16.508629195463854,-0.0042835939219285305
retribution,0,1,-16.508629195463854,-0.0042835939219285305
retrieve,0,1,-16.508629195463854,-0.0042835939219285305
retrofitting,0,1,-16.508629195463854,-0.0042835939219285305
revenge,0,1,-16.508629195463854,-0.0042835939219285305
reversals,0,1,-16.508629195463854,-0.0042835939219285305
reviewed,0,1,-16.508629195463854,-0.0042835939219285305
revisit,0,1,-16.508629195463854,-0.0042835939219285305
revisiting,0,1,-16.508629195463854,-0.0042835939219285305
revoked,0,1,-16.508629195463854,-0.0042835939219285305
revolutionary,0,1,-16.508629195463854,-0.0042835939219285305
reward,0,1,-16.508629195463854,-0.0042835939219285305
rewarded,0,1,-16.508629195463854,-0.0042835939219285305
rfra,0,1,-16.508629195463854,-0.0042835939219285305
rich,0,1,-16.508629195463854,-0.0042835939219285305
rifts,0,1,-16.508629195463854,-0.0042835939219285305
rightly,0,1,-16.508629195463854,-0.0042835939219285305
rigors,0,1,-16.508629195463854,-0.0042835939219285305
riots,0,1,-16.508629195463854,-0.0042835939219285305
rituals,0,1,-16.508629195463854,-0.0042835939219285305
rochester's,0,1,-16.508629195463854,-0.0042835939219285305
round,0,1,-16.508629195463854,-0.0042835939219285305
routine,0,1,-16.508629195463854,-0.0042835939219285305
rulemaking,0,1,-16.508629195463854,-0.0042835939219285305
runaway,0,1,-16.508629195463854,-0.0042835939219285305
runner,0,1,-16.508629195463854,-0.0042835939219285305
runoff,0,1,-16.508629195463854,-0.0042835939219285305
sam's,0,1,-16.508629195463854,-0.0042835939219285305
sample,0,1,-16.508629195463854,-0.0042835939219285305
sanctity,0,1,-16.508629195463854,-0.0042835939219285305
savvy,0,1,-16.508629195463854,-0.0042835939219285305
scaling,0,1,-16.508629195463854,-0.0042835939219285305
scams,0,1,-16.508629195463854,-0.0042835939219285305
scathing,0,1,-16.508629195463854,-0.0042835939219285305
scheduling,0,1,-16.508629195463854,-0.0042835939219285305
scheme,0,1,-16.508629195463854,-0.0042835939219285305
schooling,0,1,-16.508629195463854,-0.0042835939219285305
scope,0,1,-16.508629195463854,-0.0042835939219285305
scotland's,0,1,-16.508629195463854,-0.0042835939219285305
scrutinizing,0,1,-16.508629195463854,-0.0042835939219285305
seal,0,1,-16.508629195463854,-0.0042835939219285305
sealed,0,1,-16.508629195463854,-0.0042835939219285305
seals,0,1,-16.508629195463854,-0.0042835939219285305
secrecy,0,1,-16.508629195463854,-0.0042835939219285305
secretary's,0,1,-16.508629195463854,-0.0042835939219285305
seeing,0,1,-16.508629195463854,-0.0042835939219285305
segregated,0,1,-16.508629195463854,-0.0042835939219285305
selected,0,1,-16.508629195463854,-0.0042835939219285305
seriously,0,1,-16.508629195463854,-0.0042835939219285305
servicemembers,0,1,-16.508629195463854,-0.0042835939219285305
servicers,0,1,-16.508629195463854,-0.0042835939219285305
settlements,0,1,-16.508629195463854,-0.0042835939219285305
sever,0,1,-16.508629195463854,-0.0042835939219285305
sfcjl's,0,1,-16.508629195463854,-0.0042835939219285305
shabab,0,1,-16.508629195463854,-0.0042835939219285305
shaming,0,1,-16.508629195463854,-0.0042835939219285305
shapiro's,0,1,-16.508629195463854,-0.0042835939219285305
sharia,0,1,-16.508629195463854,-0.0042835939219285305
sharp,0,1,-16.508629195463854,-0.0042835939219285305
shelled,0,1,-16.508629195463854,-0.0042835939219285305
sheriffs,0,1,-16.508629195463854,-0.0042835939219285305
shipments,0,1,-16.508629195463854,-0.0042835939219285305
shooters,0,1,-16.508629195463854,-0.0042835939219285305
shoppers,0,1,-16.508629195463854,-0.0042835939219285305
shown,0,1,-16.508629195463854,-0.0042835939219285305
sifting,0,1,-16.508629195463854,-0.0042835939219285305
signaling,0,1,-16.508629195463854,-0.0042835939219285305
signals,0,1,-16.508629195463854,-0.0042835939219285305
silicon,0,1,-16.508629195463854,-0.0042835939219285305
sincere,0,1,-16.508629195463854,-0.0042835939219285305
singled,0,1,-16.508629195463854,-0.0042835939219285305
singling,0,1,-16.508629195463854,-0.0042835939219285305
situation,0,1,-16.508629195463854,-0.0042835939219285305
skew,0,1,-16.508629195463854,-0.0042835939219285305
slain,0,1,-16.508629195463854,-0.0042835939219285305
slippage,0,1,-16.508629195463854,-0.0042835939219285305
slipping,0,1,-16.508629195463854,-0.0042835939219285305
slowed,0,1,-16.508629195463854,-0.0042835939219285305
slump,0,1,-16.508629195463854,-0.0042835939219285305
smog,0,1,-16.508629195463854,-0.0042835939219285305
smollet,0,1,-16.508629195463854,-0.0042835939219285305
societal,0,1,-16.508629195463854,-0.0042835939219285305
society's,0,1,-16.508629195463854,-0.0042835939219285305
socorro,0,1,-16.508629195463854,-0.0042835939219285305
softness,0,1,-16.508629195463854,-0.0042835939219285305
solely,0,1,-16.508629195463854,-0.0042835939219285305
solicit,0,1,-16.508629195463854,-0.0042835939219285305
solid,0,1,-16.508629195463854,-0.0042835939219285305
someone,0,1,-16.508629195463854,-0.0042835939219285305
son's,0,1,-16.508629195463854,-0.0042835939219285305
sovereign,0,1,-16.508629195463854,-0.0042835939219285305
spark,0,1,-16.508629195463854,-0.0042835939219285305
sparring,0,1,-16.508629195463854,-0.0042835939219285305
speak,0,1,-16.508629195463854,-0.0042835939219285305
speakership,0,1,-16.508629195463854,-0.0042835939219285305
spencer's,0,1,-16.508629195463854,-0.0042835939219285305
spin,0,1,-16.508629195463854,-0.0042835939219285305
spirals,0,1,-16.508629195463854,-0.0042835939219285305
spontaneous,0,1,-16.508629195463854,-0.0042835939219285305
sportsmanship,0,1,-16.508629195463854,-0.0042835939219285305
stabilizes,0,1,-16.508629195463854,-0.0042835939219285305
staffed,0,1,-16.508629195463854,-0.0042835939219285305
start,0,1,-16.508629195463854,-0.0042835939219285305
stepped,0,1,-16.508629195463854,-0.0042835939219285305
stewart,0,1,-16.508629195463854,-0.0042835939219285305
stokes,0,1,-16.508629195463854,-0.0042835939219285305
stopped,0,1,-16.508629195463854,-0.0042835939219285305
strains,0,1,-16.508629195463854,-0.0042835939219285305
strapped,0,1,-16.508629195463854,-0.0042835939219285305
strategically,0,1,-16.508629195463854,-0.0042835939219285305
streamline,0,1,-16.508629195463854,-0.0042835939219285305
strengthens,0,1,-16.508629195463854,-0.0042835939219285305
strictest,0,1,-16.508629195463854,-0.0042835939219285305
submit,0,1,-16.508629195463854,-0.0042835939219285305
subsidize,0,1,-16.508629195463854,-0.0042835939219285305
subvariants,0,1,-16.508629195463854,-0.0042835939219285305
successes,0,1,-16.508629195463854,-0.0042835939219285305
suggests,0,1,-16.508629195463854,-0.0042835939219285305
suite,0,1,-16.508629195463854,-0.0042835939219285305
summarizing,0,1,-16.508629195463854,-0.0042835939219285305
supplied,0,1,-16.508629195463854,-0.0042835939219285305
suppressed,0,1,-16.508629195463854,-0.0042835939219285305
sure,0,1,-16.508629195463854,-0.0042835939219285305
surrender,0,1,-16.508629195463854,-0.0042835939219285305
surround,0,1,-16.508629195463854,-0.0042835939219285305
survive,0,1,-16.508629195463854,-0.0042835939219285305
survivor's,0,1,-16.508629195463854,-0.0042835939219285305
suspends,0,1,-16.508629195463854,-0.0042835939219285305
sustaining,0,1,-16.508629195463854,-0.0042835939219285305
swat,0,1,-16.508629195463854,-0.0042835939219285305
swaying,0,1,-16.508629195463854,-0.0042835939219285305
sweep,0,1,-16.508629195463854,-0.0042835939219285305
swell,0,1,-16.508629195463854,-0.0042835939219285305
swim,0,1,-16.508629195463854,-0.0042835939219285305
tacit,0,1,-16.508629195463854,-0.0042835939219285305
takedowns,0,1,-16.508629195463854,-0.0042835939219285305
takings,0,1,-16.508629195463854,-0.0042835939219285305
tanks,0,1,-16.508629195463854,-0.0042835939219285305
teachings,0,1,-16.508629195463854,-0.0042835939219285305
team's,0,1,-16.508629195463854,-0.0042835939219285305
technological,0,1,-16.508629195463854,-0.0042835939219285305
televised,0,1,-16.508629195463854,-0.0042835939219285305
tenure,0,1,-16.508629195463854,-0.0042835939219285305
terminology,0,1,-16.508629195463854,-0.0042835939219285305
testifying,0,1,-16.508629195463854,-0.0042835939219285305
themes,0,1,-16.508629195463854,-0.0042835939219285305
theranos,0,1,-16.508629195463854,-0.0042835939219285305
thereof,0,1,-16.508629195463854,-0.0042835939219285305
though,0,1,-16.508629195463854,-0.0042835939219285305
throughput,0,1,-16.508629195463854,-0.0042835939219285305
ticketing,0,1,-16.508629195463854,-0.0042835939219285305
tightens,0,1,-16.508629195463854,-0.0042835939219285305
tips,0,1,-16.508629195463854,-0.0042835939219285305
today's,0,1,-16.508629195463854,-0.0042835939219285305
toddlers,0,1,-16.508629195463854,-0.0042835939219285305
tomatoes,0,1,-16.508629195463854,-0.0042835939219285305
tour,0,1,-16.508629195463854,-0.0042835939219285305
tourist,0,1,-16.508629195463854,-0.0042835939219285305
tourists,0,1,-16.508629195463854,-0.0042835939219285305
towns,0,1,-16.508629195463854,-0.0042835939219285305
tracked,0,1,-16.508629195463854,-0.0042835939219285305
traction,0,1,-16.508629195463854,-0.0042835939219285305
traditionalists,0,1,-16.508629195463854,-0.0042835939219285305
traffickers,0,1,-16.508629195463854,-0.0042835939219285305
trail,0,1,-16.508629195463854,-0.0042835939219285305
traumatic,0,1,-16.508629195463854,-0.0042835939219285305
traveling,0,1,-16.508629195463854,-0.0042835939219285305
trouble,0,1,-16.508629195463854,-0.0042835939219285305
troubled,0,1,-16.508629195463854,-0.0042835939219285305
truce,0,1,-16.508629195463854,-0.0042835939219285305
trusted,0,1,-16.508629195463854,-0.0042835939219285305
tuesday's,0,1,-16.508629195463854,-0.0042835939219285305
turnover,0,1,-16.508629195463854,-0.0042835939219285305
tv,0,1,-16.508629195463854,-0.0042835939219285305
uk's,0,1,-16.508629195463854,-0.0042835939219285305
unacceptable,0,1,-16.508629195463854,-0.0042835939219285305
unchanged,0,1,-16.508629195463854,-0.0042835939219285305
unchecked,0,1,-16.508629195463854,-0.0042835939219285305
unconventional,0,1,-16.508629195463854,-0.0042835939219285305
undercut,0,1,-16.508629195463854,-0.0042835939219285305
underestimating,0,1,-16.508629195463854,-0.0042835939219285305
underreported,0,1,-16.508629195463854,-0.0042835939219285305
underscore,0,1,-16.508629195463854,-0.0042835939219285305
understate,0,1,-16.508629195463854,-0.0042835939219285305
unevenly,0,1,-16.508629195463854,-0.0042835939219285305
unexpectedly,0,1,-16.508629195463854,-0.0042835939219285305
unification,0,1,-16.508629195463854,-0.0042835939219285305
unified,0,1,-16.508629195463854,-0.0042835939219285305
unintentionally,0,1,-16.508629195463854,-0.0042835939219285305
uninterrupted,0,1,-16.508629195463854,-0.0042835939219285305
unlimited,0,1,-16.508629195463854,-0.0042835939219285305
unpopular,0,1,-16.508629195463854,-0.0042835939219285305
unresolved,0,1,-16.508629195463854,-0.0042835939219285305
unseat,0,1,-16.508629195463854,-0.0042835939219285305
unsustainable,0,1,-16.508629195463854,-0.0042835939219285305
unused,0,1,-16.508629195463854,-0.0042835939219285305
unwarranted,0,1,-16.508629195463854,-0.0042835939219285305
upgrades,0,1,-16.508629195463854,-0.0042835939219285305
upholds,0,1,-16.508629195463854,-0.0042835939219285305
urges,0,1,-16.508629195463854,-0.0042835939219285305
usda,0,1,-16.508629195463854,-0.0042835939219285305
utilize,0,1,-16.508629195463854,-0.0042835939219285305
vacuum,0,1,-16.508629195463854,-0.0042835939219285305
validating,0,1,-16.508629195463854,-0.0042835939219285305
validity,0,1,-16.508629195463854,-0.0042835939219285305
validly,0,1,-16.508629195463854,-0.0042835939219285305
valley,0,1,-16.508629195463854,-0.0042835939219285305
vandalized,0,1,-16.508629195463854,-0.0042835939219285305
vary,0,1,-16.508629195463854,-0.0042835939219285305
vehicles,0,1,-16.508629195463854,-0.0042835939219285305
venture,0,1,-16.508629195463854,-0.0042835939219285305
verdicts,0,1,-16.508629195463854,-0.0042835939219285305
vetoing,0,1,-16.508629195463854,-0.0042835939219285305
viability,0,1,-16.508629195463854,-0.0042835939219285305
viewpoint,0,1,-16.508629195463854,-0.0042835939219285305
vilify,0,1,-16.508629195463854,-0.0042835939219285305
vilsack,0,1,-16.508629195463854,-0.0042835939219285305
virtues,0,1,-16.508629195463854,-0.0042835939219285305
visible,0,1,-16.508629195463854,-0.0042835939219285305
visiting,0,1,-16.508629195463854,-0.0042835939219285305
visitors,0,1,-16.508629195463854,-0.0042835939219285305
voluntarily,0,1,-16.508629195463854,-0.0042835939219285305
volunteerism,0,1,-16.508629195463854,-0.0042835939219285305
voted,0,1,-16.508629195463854,-0.0042835939219285305
vows,0,1,-16.508629195463854,-0.0042835939219285305
waiting,0,1,-16.508629195463854,-0.0042835939219285305
waits,0,1,-16.508629195463854,-0.0042835939219285305
walls,0,1,-16.508629195463854,-0.0042835939219285305
warehouse,0,1,-16.508629195463854,-0.0042835939219285305
warfare,0,1,-16.508629195463854,-0.0042835939219285305
waterways,0,1,-16.508629195463854,-0.0042835939219285305
we,0,1,-16.508629195463854,-0.0042835939219285305
weaker,0,1,-16.508629195463854,-0.0042835939219285305
wednesday,0,1,-16.508629195463854,-0.0042835939219285305
went,0,1,-16.508629195463854,-0.0042835939219285305
who's,0,1,-16.508629195463854,-0.0042835939219285305
widely,0,1,-16.508629195463854,-0.0042835939219285305
wildfires,0,1,-16.508629195463854,-0.0042835939219285305
winter,0,1,-16.508629195463854,-0.0042835939219285305
withdrew,0,1,-16.508629195463854,-0.0042835939219285305
wokeness,0,1,-16.508629195463854,-0.0042835939219285305
worked,0,1,-16.508629195463854,-0.0042835939219285305
worries,0,1,-16.508629195463854,-0.0042835939219285305
worse,0,1,-16.508629195463854,-0.0042835939219285305
worsens,0,1,-16.508629195463854,-0.0042835939219285305
worth,0,1,-16.508629195463854,-0.0042835939219285305
yards,0,1,-16.508629195463854,-0.0042835939219285305
yield,0,1,-16.508629195463854,-0.0042835939219285305
yielding,0,1,-16.508629195463854,-0.0042835939219285305
zelenskiy,0,1,-16.508629195463854,-0.0042835939219285305
467,0,2,-16.508642627205283,-0.006057921548928936
97,0,2,-16.508642627205283,-0.006057921548928936
9t,0,2,-16.508642627205283,-0.006057921548928936
able,0,2,-16.508642627205283,-0.006057921548928936
acceleration,0,2,-16.508642627205283,-0.006057921548928936
accommodations,0,2,-16.508642627205283,-0.006057921548928936
aco,0,2,-16.508642627205283,-0.006057921548928936
add,0,2,-16.508642627205283,-0.006057921548928936
adjustments,0,2,-16.508642627205283,-0.006057921548928936
advancement,0,2,-16.508642627205283,-0.006057921548928936
adviser,0,2,-16.508642627205283,-0.006057921548928936
agents,0,2,-16.508642627205283,-0.006057921548928936
aggressively,0,2,-16.508642627205283,-0.006057921548928936
aide's,0,2,-16.508642627205283,-0.006057921548928936
alleges,0,2,-16.508642627205283,-0.006057921548928936
allocating,0,2,-16.508642627205283,-0.006057921548928936
along,0,2,-16.508642627205283,-0.006057921548928936
altering,0,2,-16.508642627205283,-0.006057921548928936
america's,0,2,-16.508642627205283,-0.006057921548928936
antimalarials,0,2,-16.508642627205283,-0.006057921548928936
anxiety,0,2,-16.508642627205283,-0.006057921548928936
appointees,0,2,-16.508642627205283,-0.006057921548928936
argument,0,2,-16.508642627205283,-0.006057921548928936
arming,0,2,-16.508642627205283,-0.006057921548928936
arrive,0,2,-16.508642627205283,-0.006057921548928936
asia,0,2,-16.508642627205283,-0.006057921548928936
assesses,0,2,-16.508642627205283,-0.006057921548928936
assign,0,2,-16.508642627205283,-0.006057921548928936
association,0,2,-16.508642627205283,-0.006057921548928936
attribute,0,2,-16.508642627205283,-0.006057921548928936
auditorium,0,2,-16.508642627205283,-0.006057921548928936
believe,0,2,-16.508642627205283,-0.006057921548928936
beneficial,0,2,-16.508642627205283,-0.006057921548928936
bond,0,2,-16.508642627205283,-0.006057921548928936
bottlenecks,0,2,-16.508642627205283,-0.006057921548928936
broadly,0,2,-16.508642627205283,-0.006057921548928936
builders,0,2,-16.508642627205283,-0.006057921548928936
burdensome,0,2,-16.508642627205283,-0.006057921548928936
camp,0,2,-16.508642627205283,-0.006057921548928936
capability,0,2,-16.508642627205283,-0.006057921548928936
capitulating,0,2,-16.508642627205283,-0.006057921548928936
centralize,0,2,-16.508642627205283,-0.006057921548928936
centralizing,0,2,-16.508642627205283,-0.006057921548928936
chance,0,2,-16.508642627205283,-0.006057921548928936
charles,0,2,-16.508642627205283,-0.006057921548928936
circumvent,0,2,-16.508642627205283,-0.006057921548928936
classrooms,0,2,-16.508642627205283,-0.006057921548928936
closely,0,2,-16.508642627205283,-0.006057921548928936
coastal,0,2,-16.508642627205283,-0.006057921548928936
coercive,0,2,-16.508642627205283,-0.006057921548928936
combined,0,2,-16.508642627205283,-0.006057921548928936
committees,0,2,-16.508642627205283,-0.006057921548928936
commuters,0,2,-16.508642627205283,-0.006057921548928936
competence,0,2,-16.508642627205283,-0.006057921548928936
complicate,0,2,-16.508642627205283,-0.006057921548928936
complicated,0,2,-16.508642627205283,-0.006057921548928936
complies,0,2,-16.508642627205283,-0.006057921548928936
conclude,0,2,-16.508642627205283,-0.006057921548928936
conclusions,0,2,-16.508642627205283,-0.006057921548928936
confusing,0,2,-16.508642627205283,-0.006057921548928936
confusion,0,2,-16.508642627205283,-0.006057921548928936
congresss,0,2,-16.508642627205283,-0.006057921548928936
consensus,0,2,-16.508642627205283,-0.006057921548928936
contesting,0,2,-16.508642627205283,-0.006057921548928936
contingency,0,2,-16.508642627205283,-0.006057921548928936
crowding,0,2,-16.508642627205283,-0.006057921548928936
cruise,0,2,-16.508642627205283,-0.006057921548928936
curbing,0,2,-16.508642627205283,-0.006057921548928936
curricula,0,2,-16.508642627205283,-0.006057921548928936
customer,0,2,-16.508642627205283,-0.006057921548928936
dean,0,2,-16.508642627205283,-0.006057921548928936
debated,0,2,-16.508642627205283,-0.006057921548928936
deepens,0,2,-16.508642627205283,-0.006057921548928936
delete,0,2,-16.508642627205283,-0.006057921548928936
demilitarising,0,2,-16.508642627205283,-0.006057921548928936
dependence,0,2,-16.508642627205283,-0.006057921548928936
deporting,0,2,-16.508642627205283,-0.006057921548928936
detailed,0,2,-16.508642627205283,-0.006057921548928936
deterrents,0,2,-16.508642627205283,-0.006057921548928936
dial,0,2,-16.508642627205283,-0.006057921548928936
disputed,0,2,-16.508642627205283,-0.006057921548928936
disunity,0,2,-16.508642627205283,-0.006057921548928936
divided,0,2,-16.508642627205283,-0.006057921548928936
division,0,2,-16.508642627205283,-0.006057921548928936
document,0,2,-16.508642627205283,-0.006057921548928936
draw,0,2,-16.508642627205283,-0.006057921548928936
duplicating,0,2,-16.508642627205283,-0.006057921548928936
embassies,0,2,-16.508642627205283,-0.006057921548928936
emergencies,0,2,-16.508642627205283,-0.006057921548928936
employ,0,2,-16.508642627205283,-0.006057921548928936
empower,0,2,-16.508642627205283,-0.006057921548928936
empty,0,2,-16.508642627205283,-0.006057921548928936
enacting,0,2,-16.508642627205283,-0.006057921548928936
engaging,0,2,-16.508642627205283,-0.006057921548928936
entanglement,0,2,-16.508642627205283,-0.006057921548928936
entering,0,2,-16.508642627205283,-0.006057921548928936
erasing,0,2,-16.508642627205283,-0.006057921548928936
ethic,0,2,-16.508642627205283,-0.006057921548928936
evenly,0,2,-16.508642627205283,-0.006057921548928936
examples,0,2,-16.508642627205283,-0.006057921548928936
excerpt,0,2,-16.508642627205283,-0.006057921548928936
excluded,0,2,-16.508642627205283,-0.006057921548928936
exits,0,2,-16.508642627205283,-0.006057921548928936
experience,0,2,-16.508642627205283,-0.006057921548928936
facilitate,0,2,-16.508642627205283,-0.006057921548928936
factors,0,2,-16.508642627205283,-0.006057921548928936
fed's,0,2,-16.508642627205283,-0.006057921548928936
filing,0,2,-16.508642627205283,-0.006057921548928936
filings,0,2,-16.508642627205283,-0.006057921548928936
finds,0,2,-16.508642627205283,-0.006057921548928936
forecast,0,2,-16.508642627205283,-0.006057921548928936
framed,0,2,-16.508642627205283,-0.006057921548928936
freight,0,2,-16.508642627205283,-0.006057921548928936
front,0,2,-16.508642627205283,-0.006057921548928936
gives,0,2,-16.508642627205283,-0.006057921548928936
going,0,2,-16.508642627205283,-0.006057921548928936
graham's,0,2,-16.508642627205283,-0.006057921548928936
grilling,0,2,-16.508642627205283,-0.006057921548928936
halted,0,2,-16.508642627205283,-0.006057921548928936
hanen's,0,2,-16.508642627205283,-0.006057921548928936
hasn't,0,2,-16.508642627205283,-0.006057921548928936
holders,0,2,-16.508642627205283,-0.006057921548928936
honors,0,2,-16.508642627205283,-0.006057921548928936
hundreds,0,2,-16.508642627205283,-0.006057921548928936
ideology,0,2,-16.508642627205283,-0.006057921548928936
ignorance,0,2,-16.508642627205283,-0.006057921548928936
illicit,0,2,-16.508642627205283,-0.006057921548928936
improves,0,2,-16.508642627205283,-0.006057921548928936
incentivizing,0,2,-16.508642627205283,-0.006057921548928936
independently,0,2,-16.508642627205283,-0.006057921548928936
indicators,0,2,-16.508642627205283,-0.006057921548928936
inefficient,0,2,-16.508642627205283,-0.006057921548928936
inform,0,2,-16.508642627205283,-0.006057921548928936
inmates,0,2,-16.508642627205283,-0.006057921548928936
input,0,2,-16.508642627205283,-0.006057921548928936
inspect,0,2,-16.508642627205283,-0.006057921548928936
intentionally,0,2,-16.508642627205283,-0.006057921548928936
interfere,0,2,-16.508642627205283,-0.006057921548928936
invalidate,0,2,-16.508642627205283,-0.006057921548928936
invalidating,0,2,-16.508642627205283,-0.006057921548928936
jeopardizing,0,2,-16.508642627205283,-0.006057921548928936
justifications,0,2,-16.508642627205283,-0.006057921548928936
kill,0,2,-16.508642627205283,-0.006057921548928936
later,0,2,-16.508642627205283,-0.006057921548928936
leaking,0,2,-16.508642627205283,-0.006057921548928936
leased,0,2,-16.508642627205283,-0.006057921548928936
lebanese,0,2,-16.508642627205283,-0.006057921548928936
lebanon,0,2,-16.508642627205283,-0.006057921548928936
legislature,0,2,-16.508642627205283,-0.006057921548928936
lessons,0,2,-16.508642627205283,-0.006057921548928936
liabilities,0,2,-16.508642627205283,-0.006057921548928936
longtime,0,2,-16.508642627205283,-0.006057921548928936
looting,0,2,-16.508642627205283,-0.006057921548928936
lose,0,2,-16.508642627205283,-0.006057921548928936
margins,0,2,-16.508642627205283,-0.006057921548928936
matters,0,2,-16.508642627205283,-0.006057921548928936
measurable,0,2,-16.508642627205283,-0.006057921548928936
misallocation,0,2,-16.508642627205283,-0.006057921548928936
mismanagement,0,2,-16.508642627205283,-0.006057921548928936
mobilizes,0,2,-16.508642627205283,-0.006057921548928936
monitor,0,2,-16.508642627205283,-0.006057921548928936
monuments,0,2,-16.508642627205283,-0.006057921548928936
mounting,0,2,-16.508642627205283,-0.006057921548928936
multitrillion,0,2,-16.508642627205283,-0.006057921548928936
named,0,2,-16.508642627205283,-0.006057921548928936
needy,0,2,-16.508642627205283,-0.006057921548928936
negatively,0,2,-16.508642627205283,-0.006057921548928936
negotiates,0,2,-16.508642627205283,-0.006057921548928936
neighborhood,0,2,-16.508642627205283,-0.006057921548928936
neutrality,0,2,-16.508642627205283,-0.006057921548928936
nixon,0,2,-16.508642627205283,-0.006057921548928936
noncollege,0,2,-16.508642627205283,-0.006057921548928936
numbers,0,2,-16.508642627205283,-0.006057921548928936
obstacles,0,2,-16.508642627205283,-0.006057921548928936
odds,0,2,-16.508642627205283,-0.006057921548928936
offices,0,2,-16.508642627205283,-0.006057921548928936
opt,0,2,-16.508642627205283,-0.006057921548928936
originalist,0,2,-16.508642627205283,-0.006057921548928936
orleans,0,2,-16.508642627205283,-0.006057921548928936
oust,0,2,-16.508642627205283,-0.006057921548928936
outperform,0,2,-16.508642627205283,-0.006057921548928936
overbroad,0,2,-16.508642627205283,-0.006057921548928936
overburdening,0,2,-16.508642627205283,-0.006057921548928936
overreaching,0,2,-16.508642627205283,-0.006057921548928936
overrides,0,2,-16.508642627205283,-0.006057921548928936
overstated,0,2,-16.508642627205283,-0.006057921548928936
overwhelm,0,2,-16.508642627205283,-0.006057921548928936
ownership,0,2,-16.508642627205283,-0.006057921548928936
pain,0,2,-16.508642627205283,-0.006057921548928936
pendleton,0,2,-16.508642627205283,-0.006057921548928936
perception,0,2,-16.508642627205283,-0.006057921548928936
permitted,0,2,-16.508642627205283,-0.006057921548928936
personally,0,2,-16.508642627205283,-0.006057921548928936
philanthropy,0,2,-16.508642627205283,-0.006057921548928936
picks,0,2,-16.508642627205283,-0.006057921548928936
placements,0,2,-16.508642627205283,-0.006057921548928936
policymaking,0,2,-16.508642627205283,-0.006057921548928936
pools,0,2,-16.508642627205283,-0.006057921548928936
portrayed,0,2,-16.508642627205283,-0.006057921548928936
prefer,0,2,-16.508642627205283,-0.006057921548928936
preferable,0,2,-16.508642627205283,-0.006057921548928936
prepare,0,2,-16.508642627205283,-0.006057921548928936
prerogatives,0,2,-16.508642627205283,-0.006057921548928936
prevalence,0,2,-16.508642627205283,-0.006057921548928936
prevents,0,2,-16.508642627205283,-0.006057921548928936
priority,0,2,-16.508642627205283,-0.006057921548928936
proceeds,0,2,-16.508642627205283,-0.006057921548928936
profitability,0,2,-16.508642627205283,-0.006057921548928936
program's,0,2,-16.508642627205283,-0.006057921548928936
projection,0,2,-16.508642627205283,-0.006057921548928936
proportionate,0,2,-16.508642627205283,-0.006057921548928936
proposes,0,2,-16.508642627205283,-0.006057921548928936
provincial,0,2,-16.508642627205283,-0.006057921548928936
provoked,0,2,-16.508642627205283,-0.006057921548928936
prudent,0,2,-16.508642627205283,-0.006057921548928936
punished,0,2,-16.508642627205283,-0.006057921548928936
pushback,0,2,-16.508642627205283,-0.006057921548928936
qualifications,0,2,-16.508642627205283,-0.006057921548928936
qualify,0,2,-16.508642627205283,-0.006057921548928936
ramos's,0,2,-16.508642627205283,-0.006057921548928936
reallocation,0,2,-16.508642627205283,-0.006057921548928936
reasonably,0,2,-16.508642627205283,-0.006057921548928936
rebuilding,0,2,-16.508642627205283,-0.006057921548928936
rebuttals,0,2,-16.508642627205283,-0.006057921548928936
reciprocal,0,2,-16.508642627205283,-0.006057921548928936
reclaim,0,2,-16.508642627205283,-0.006057921548928936
recommending,0,2,-16.508642627205283,-0.006057921548928936
relaxed,0,2,-16.508642627205283,-0.006057921548928936
remote,0,2,-16.508642627205283,-0.006057921548928936
removals,0,2,-16.508642627205283,-0.006057921548928936
resigning,0,2,-16.508642627205283,-0.006057921548928936
respected,0,2,-16.508642627205283,-0.006057921548928936
responder,0,2,-16.508642627205283,-0.006057921548928936
restored,0,2,-16.508642627205283,-0.006057921548928936
rival,0,2,-16.508642627205283,-0.006057921548928936
routines,0,2,-16.508642627205283,-0.006057921548928936
rushed,0,2,-16.508642627205283,-0.006057921548928936
scrutinize,0,2,-16.508642627205283,-0.006057921548928936
selection,0,2,-16.508642627205283,-0.006057921548928936
setback,0,2,-16.508642627205283,-0.006057921548928936
sharply,0,2,-16.508642627205283,-0.006057921548928936
showcase,0,2,-16.508642627205283,-0.006057921548928936
size,0,2,-16.508642627205283,-0.006057921548928936
skeptics,0,2,-16.508642627205283,-0.006057921548928936
slowdown,0,2,-16.508642627205283,-0.006057921548928936
smuggler,0,2,-16.508642627205283,-0.006057921548928936
soldier,0,2,-16.508642627205283,-0.006057921548928936
span,0,2,-16.508642627205283,-0.006057921548928936
spend,0,2,-16.508642627205283,-0.006057921548928936
state's,0,2,-16.508642627205283,-0.006057921548928936
stifling,0,2,-16.508642627205283,-0.006057921548928936
stories,0,2,-16.508642627205283,-0.006057921548928936
subpoenaing,0,2,-16.508642627205283,-0.006057921548928936
summarize,0,2,-16.508642627205283,-0.006057921548928936
suspect,0,2,-16.508642627205283,-0.006057921548928936
sustainability,0,2,-16.508642627205283,-0.006057921548928936
symbolic,0,2,-16.508642627205283,-0.006057921548928936
tailored,0,2,-16.508642627205283,-0.006057921548928936
territory,0,2,-16.508642627205283,-0.006057921548928936
theater,0,2,-16.508642627205283,-0.006057921548928936
timing,0,2,-16.508642627205283,-0.006057921548928936
toll,0,2,-16.508642627205283,-0.006057921548928936
tradeoffs,0,2,-16.508642627205283,-0.006057921548928936
true,0,2,-16.508642627205283,-0.006057921548928936
tsipras's,0,2,-16.508642627205283,-0.006057921548928936
unborn,0,2,-16.508642627205283,-0.006057921548928936
unconstitutionally,0,2,-16.508642627205283,-0.006057921548928936
uncovered,0,2,-16.508642627205283,-0.006057921548928936
unfunded,0,2,-16.508642627205283,-0.006057921548928936
unintended,0,2,-16.508642627205283,-0.006057921548928936
unionization,0,2,-16.508642627205283,-0.006057921548928936
unverified,0,2,-16.508642627205283,-0.006057921548928936
venue,0,2,-16.508642627205283,-0.006057921548928936
vigilantism,0,2,-16.508642627205283,-0.006057921548928936
vigorously,0,2,-16.508642627205283,-0.006057921548928936
visas,0,2,-16.508642627205283,-0.006057921548928936
volunteers,0,2,-16.508642627205283,-0.006057921548928936
wait,0,2,-16.508642627205283,-0.006057921548928936
waiving,0,2,-16.508642627205283,-0.006057921548928936
walmart,0,2,-16.508642627205283,-0.006057921548928936
wanting,0,2,-16.508642627205283,-0.006057921548928936
warn,0,2,-16.508642627205283,-0.006057921548928936
warranting,0,2,-16.508642627205283,-0.006057921548928936
weaponizing,0,2,-16.508642627205283,-0.006057921548928936
weiner's,0,2,-16.508642627205283,-0.006057921548928936
wide,0,2,-16.508642627205283,-0.006057921548928936
willing,0,2,-16.508642627205283,-0.006057921548928936
18,0,3,-16.508656059127127,-0.007419414384994246
abandon,0,3,-16.508656059127127,-0.007419414384994246
abiding,0,3,-16.508656059127127,-0.007419414384994246
achieving,0,3,-16.508656059127127,-0.007419414384994246
administer,0,3,-16.508656059127127,-0.007419414384994246
appearances,0,3,-16.508656059127127,-0.007419414384994246
artistic,0,3,-16.508656059127127,-0.007419414384994246
asking,0,3,-16.508656059127127,-0.007419414384994246
assert,0,3,-16.508656059127127,-0.007419414384994246
asserting,0,3,-16.508656059127127,-0.007419414384994246
assertion,0,3,-16.508656059127127,-0.007419414384994246
blood,0,3,-16.508656059127127,-0.007419414384994246
bridges,0,3,-16.508656059127127,-0.007419414384994246
burdening,0,3,-16.508656059127127,-0.007419414384994246
bureaucratic,0,3,-16.508656059127127,-0.007419414384994246
commanders,0,3,-16.508656059127127,-0.007419414384994246
competitors,0,3,-16.508656059127127,-0.007419414384994246
complaints,0,3,-16.508656059127127,-0.007419414384994246
complying,0,3,-16.508656059127127,-0.007419414384994246
compromising,0,3,-16.508656059127127,-0.007419414384994246
confidentiality,0,3,-16.508656059127127,-0.007419414384994246
consistently,0,3,-16.508656059127127,-0.007419414384994246
constraints,0,3,-16.508656059127127,-0.007419414384994246
controversies,0,3,-16.508656059127127,-0.007419414384994246
credibly,0,3,-16.508656059127127,-0.007419414384994246
delivering,0,3,-16.508656059127127,-0.007419414384994246
derail,0,3,-16.508656059127127,-0.007419414384994246
desire,0,3,-16.508656059127127,-0.007419414384994246
develop,0,3,-16.508656059127127,-0.007419414384994246
differently,0,3,-16.508656059127127,-0.007419414384994246
discourse,0,3,-16.508656059127127,-0.007419414384994246
displays,0,3,-16.508656059127127,-0.007419414384994246
disruptive,0,3,-16.508656059127127,-0.007419414384994246
doubts,0,3,-16.508656059127127,-0.007419414384994246
embolden,0,3,-16.508656059127127,-0.007419414384994246
ends,0,3,-16.508656059127127,-0.007419414384994246
energized,0,3,-16.508656059127127,-0.007419414384994246
error,0,3,-16.508656059127127,-0.007419414384994246
even,0,3,-16.508656059127127,-0.007419414384994246
evidentiary,0,3,-16.508656059127127,-0.007419414384994246
expelling,0,3,-16.508656059127127,-0.007419414384994246
expensive,0,3,-16.508656059127127,-0.007419414384994246
floor,0,3,-16.508656059127127,-0.007419414384994246
founding,0,3,-16.508656059127127,-0.007419414384994246
functions,0,3,-16.508656059127127,-0.007419414384994246
grocery,0,3,-16.508656059127127,-0.007419414384994246
harsher,0,3,-16.508656059127127,-0.007419414384994246
hindering,0,3,-16.508656059127127,-0.007419414384994246
interpreted,0,3,-16.508656059127127,-0.007419414384994246
jury's,0,3,-16.508656059127127,-0.007419414384994246
justifies,0,3,-16.508656059127127,-0.007419414384994246
justifying,0,3,-16.508656059127127,-0.007419414384994246
laboratories,0,3,-16.508656059127127,-0.007419414384994246
legislatures,0,3,-16.508656059127127,-0.007419414384994246
lifted,0,3,-16.508656059127127,-0.007419414384994246
mainly,0,3,-16.508656059127127,-0.007419414384994246
medically,0,3,-16.508656059127127,-0.007419414384994246
met,0,3,-16.508656059127127,-0.007419414384994246
metrics,0,3,-16.508656059127127,-0.007419414384994246
mississippi's,0,3,-16.508656059127127,-0.007419414384994246
moved,0,3,-16.508656059127127,-0.007419414384994246
nation's,0,3,-16.508656059127127,-0.007419414384994246
neighboring,0,3,-16.508656059127127,-0.007419414384994246
neutral,0,3,-16.508656059127127,-0.007419414384994246
normal,0,3,-16.508656059127127,-0.007419414384994246
notifying,0,3,-16.508656059127127,-0.007419414384994246
overly,0,3,-16.508656059127127,-0.007419414384994246
own,0,3,-16.508656059127127,-0.007419414384994246
payrolls,0,3,-16.508656059127127,-0.007419414384994246
penalizing,0,3,-16.508656059127127,-0.007419414384994246
possess,0,3,-16.508656059127127,-0.007419414384994246
praising,0,3,-16.508656059127127,-0.007419414384994246
preferring,0,3,-16.508656059127127,-0.007419414384994246
prepared,0,3,-16.508656059127127,-0.007419414384994246
prescribing,0,3,-16.508656059127127,-0.007419414384994246
prescription,0,3,-16.508656059127127,-0.007419414384994246
processes,0,3,-16.508656059127127,-0.007419414384994246
proclamation,0,3,-16.508656059127127,-0.007419414384994246
producers,0,3,-16.508656059127127,-0.007419414384994246
productivity,0,3,-16.508656059127127,-0.007419414384994246
promise,0,3,-16.508656059127127,-0.007419414384994246
putting,0,3,-16.508656059127127,-0.007419414384994246
regulate,0,3,-16.508656059127127,-0.007419414384994246
rely,0,3,-16.508656059127127,-0.007419414384994246
restriction,0,3,-16.508656059127127,-0.007419414384994246
resuming,0,3,-16.508656059127127,-0.007419414384994246
retain,0,3,-16.508656059127127,-0.007419414384994246
revised,0,3,-16.508656059127127,-0.007419414384994246
rittenhouse,0,3,-16.508656059127127,-0.007419414384994246
roads,0,3,-16.508656059127127,-0.007419414384994246
scanned,0,3,-16.508656059127127,-0.007419414384994246
schiff's,0,3,-16.508656059127127,-0.007419414384994246
share,0,3,-16.508656059127127,-0.007419414384994246
shortfall,0,3,-16.508656059127127,-0.007419414384994246
significant,0,3,-16.508656059127127,-0.007419414384994246
single,0,3,-16.508656059127127,-0.007419414384994246
smaller,0,3,-16.508656059127127,-0.007419414384994246
stable,0,3,-16.508656059127127,-0.007419414384994246
stockpiles,0,3,-16.508656059127127,-0.007419414384994246
stopping,0,3,-16.508656059127127,-0.007419414384994246
suburban,0,3,-16.508656059127127,-0.007419414384994246
success,0,3,-16.508656059127127,-0.007419414384994246
suspects,0,3,-16.508656059127127,-0.007419414384994246
tickets,0,3,-16.508656059127127,-0.007419414384994246
too,0,3,-16.508656059127127,-0.007419414384994246
tourism,0,3,-16.508656059127127,-0.007419414384994246
unilaterally,0,3,-16.508656059127127,-0.007419414384994246
vet,0,3,-16.508656059127127,-0.007419414384994246
vindicate,0,3,-16.508656059127127,-0.007419414384994246
voluntary,0,3,-16.508656059127127,-0.007419414384994246
yet,0,3,-16.508656059127127,-0.007419414384994246
advantages,0,4,-16.50866949122939,-0.008567208755429342
agree,0,4,-16.50866949122939,-0.008567208755429342
approve,0,4,-16.50866949122939,-0.008567208755429342
branch,0,4,-16.50866949122939,-0.008567208755429342
bypass,0,4,-16.50866949122939,-0.008567208755429342
celebrity,0,4,-16.50866949122939,-0.008567208755429342
censoring,0,4,-16.50866949122939,-0.008567208755429342
cisgender,0,4,-16.50866949122939,-0.008567208755429342
clarity,0,4,-16.50866949122939,-0.008567208755429342
closer,0,4,-16.50866949122939,-0.008567208755429342
commander,0,4,-16.50866949122939,-0.008567208755429342
core,0,4,-16.50866949122939,-0.008567208755429342
criteria,0,4,-16.50866949122939,-0.008567208755429342
decisively,0,4,-16.50866949122939,-0.008567208755429342
differences,0,4,-16.50866949122939,-0.008567208755429342
director,0,4,-16.50866949122939,-0.008567208755429342
disincentives,0,4,-16.50866949122939,-0.008567208755429342
disputes,0,4,-16.50866949122939,-0.008567208755429342
entitlement,0,4,-16.50866949122939,-0.008567208755429342
faster,0,4,-16.50866949122939,-0.008567208755429342
flexibility,0,4,-16.50866949122939,-0.008567208755429342
forward,0,4,-16.50866949122939,-0.008567208755429342
friendly,0,4,-16.50866949122939,-0.008567208755429342
guns,0,4,-16.50866949122939,-0.008567208755429342
heading,0,4,-16.50866949122939,-0.008567208755429342
image,0,4,-16.50866949122939,-0.008567208755429342
improperly,0,4,-16.50866949122939,-0.008567208755429342
incentivize,0,4,-16.50866949122939,-0.008567208755429342
initial,0,4,-16.50866949122939,-0.008567208755429342
instruction,0,4,-16.50866949122939,-0.008567208755429342
interpretation,0,4,-16.50866949122939,-0.008567208755429342
issuing,0,4,-16.50866949122939,-0.008567208755429342
joining,0,4,-16.50866949122939,-0.008567208755429342
ones,0,4,-16.50866949122939,-0.008567208755429342
originalism,0,4,-16.50866949122939,-0.008567208755429342
pharmaceutical,0,4,-16.50866949122939,-0.008567208755429342
privileges,0,4,-16.50866949122939,-0.008567208755429342
reassure,0,4,-16.50866949122939,-0.008567208755429342
recovering,0,4,-16.50866949122939,-0.008567208755429342
recusal,0,4,-16.50866949122939,-0.008567208755429342
regardless,0,4,-16.50866949122939,-0.008567208755429342
reliability,0,4,-16.50866949122939,-0.008567208755429342
repel,0,4,-16.50866949122939,-0.008567208755429342
sides,0,4,-16.50866949122939,-0.008567208755429342
silencing,0,4,-16.50866949122939,-0.008567208755429342
simply,0,4,-16.50866949122939,-0.008567208755429342
starting,0,4,-16.50866949122939,-0.008567208755429342
stimulate,0,4,-16.50866949122939,-0.008567208755429342
straining,0,4,-16.50866949122939,-0.008567208755429342
sympathy,0,4,-16.50866949122939,-0.008567208755429342
timeline,0,4,-16.50866949122939,-0.008567208755429342
viewpoints,0,4,-16.50866949122939,-0.008567208755429342
waste,0,4,-16.50866949122939,-0.008567208755429342
wider,0,4,-16.50866949122939,-0.008567208755429342
wrongdoing,0,4,-16.50866949122939,-0.008567208755429342
appropriately,0,5,-16.508682923512076,-0.009578438370777907
balanced,0,5,-16.508682923512076,-0.009578438370777907
command,0,5,-16.508682923512076,-0.009578438370777907
commerce,0,5,-16.508682923512076,-0.009578438370777907
considered,0,5,-16.508682923512076,-0.009578438370777907
different,0,5,-16.508682923512076,-0.009578438370777907
grandstanding,0,5,-16.508682923512076,-0.009578438370777907
industries,0,5,-16.508682923512076,-0.009578438370777907
innocence,0,5,-16.508682923512076,-0.009578438370777907
manpower,0,5,-16.508682923512076,-0.009578438370777907
neutralize,0,5,-16.508682923512076,-0.009578438370777907
patriotism,0,5,-16.508682923512076,-0.009578438370777907
presumption,0,5,-16.508682923512076,-0.009578438370777907
properly,0,5,-16.508682923512076,-0.009578438370777907
reserves,0,5,-16.508682923512076,-0.009578438370777907
scale,0,5,-16.508682923512076,-0.009578438370777907
splitting,0,5,-16.508682923512076,-0.009578438370777907
successful,0,5,-16.508682923512076,-0.009578438370777907
unduly,0,5,-16.508682923512076,-0.009578438370777907
unit,0,5,-16.508682923512076,-0.009578438370777907
viable,0,5,-16.508682923512076,-0.009578438370777907
weakness,0,5,-16.508682923512076,-0.009578438370777907
accurate,0,6,-16.508696355975193,-0.010492662060153842
alienating,0,6,-16.508696355975193,-0.010492662060153842
exercise,0,6,-16.508696355975193,-0.010492662060153842
fiscally,0,6,-16.508696355975193,-0.010492662060153842
fitness,0,6,-16.508696355975193,-0.010492662060153842
infringe,0,6,-16.508696355975193,-0.010492662060153842
perceptions,0,6,-16.508696355975193,-0.010492662060153842
place,0,6,-16.508696355975193,-0.010492662060153842
posture,0,6,-16.508696355975193,-0.010492662060153842
proportion,0,6,-16.508696355975193,-0.010492662060153842
retirees,0,6,-16.508696355975193,-0.010492662060153842
strength,0,6,-16.508696355975193,-0.010492662060153842
abroad,0,7,-16.508709788618745,-0.011333379562945264
classroom,0,7,-16.508709788618745,-0.011333379562945264
criminals,0,7,-16.508709788618745,-0.011333379562945264
customs,0,7,-16.508709788618745,-0.011333379562945264
infringing,0,7,-16.508709788618745,-0.011333379562945264
monetary,0,7,-16.508709788618745,-0.011333379562945264
restraint,0,7,-16.508709788618745,-0.011333379562945264
unnecessarily,0,7,-16.508709788618745,-0.011333379562945264
weaponization,0,7,-16.508709788618745,-0.011333379562945264
currently,0,8,-16.50872322144273,-0.012115902246702361
decisive,0,9,-16.508736654447162,-0.012850865414883705
status,0,9,-16.508736654447162,-0.012850865414883705
tough,0,10,-16.50875008763204,-0.013546012560841737
economy,0,13,-16.508790388269414,-0.01544486833338691
liberty,0,14,-16.508803822176134,-0.016027910379844756
exceed,0,15,-16.508817256263324,-0.016590476912572965
efficient,0,16,-16.508830690530996,-0.017134584820291926
practical,0,19,-16.50887099441691,-0.018672026502694183
russian,84,85,-0.006765625866711034,-0.04397580121693966
lawmakers,57,58,-0.012324754494968282,-0.06608163970251285
day,56,57,-0.012632657123111457,-0.06714086891994024
campaigns,43,44,-0.01792348503540797,-0.0835840530483698
violate,37,38,-0.021602622907643365,-0.09353379220862393
politicians,34,35,-0.023922117116625508,-0.09934558622576144
2,31,32,-0.026683482899745314,-0.10588345560324988
investigations,26,27,-0.03267545291356555,-0.1189192787597505
back,24,25,-0.03575725548396047,-0.12512433777142437
call,23,24,-0.03749494336969761,-0.12849710438104897
july,23,24,-0.03749494336969761,-0.12849710438104897
twitter,23,24,-0.03749494336969761,-0.12849710438104897
release,21,22,-0.0414554804892191,-0.13588413134813593
troop,20,21,-0.043725696933590186,-0.13994889909176247
may,19,20,-0.04622889502825345,-0.14430222815777707
aca,17,18,-0.052094150112260706,-0.15403367513399654
counsel,17,18,-0.052094150112260706,-0.15403367513399654
most,17,18,-0.052094150112260706,-0.15403367513399654
out,17,18,-0.052094150112260706,-0.15403367513399654
healthcare,59,61,-0.028282735727438002,-0.15488941699254366
attorney,16,17,-0.055560425829709104,-0.1595118959248562
georgia,16,17,-0.055560425829709104,-0.1595118959248562
hillary,16,17,-0.055560425829709104,-0.1595118959248562
role,16,17,-0.055560425829709104,-0.1595118959248562
approval,15,16,-0.059474392829462985,-0.16548354670530788
january,15,16,-0.059474392829462985,-0.16548354670530788
pfizer,15,16,-0.059474392829462985,-0.16548354670530788
view,15,16,-0.059474392829462985,-0.16548354670530788
demographic,14,15,-0.0639288107825422,-0.17203123352519004
november,14,15,-0.0639288107825422,-0.17203123352519004
obamacare,14,15,-0.0639288107825422,-0.17203123352519004
reactions,14,15,-0.0639288107825422,-0.17203123352519004
ferguson,13,14,-0.06904397896177628,-0.17925845656670006
oil,13,14,-0.06904397896177628,-0.17925845656670006
much,47,49,-0.0366198278766241,-0.179360861148555
russia,91,94,-0.02739285936285274,-0.18626710117845297
google,12,13,-0.07497878188123686,-0.18729694975898248
justices,12,13,-0.07497878188123686,-0.18729694975898248
poll,12,13,-0.07497878188123686,-0.18729694975898248
safeguard,12,13,-0.07497878188123686,-0.18729694975898248
threatening,12,13,-0.07497878188123686,-0.18729694975898248
candidates,41,43,-0.042575588133266784,-0.1950505585721593
allied,11,12,-0.0819475184550118,-0.19631744068556511
arizona,11,12,-0.0819475184550118,-0.19631744068556511
debates,11,12,-0.0819475184550118,-0.19631744068556511
kyiv,11,12,-0.0819475184550118,-0.19631744068556511
meet,11,12,-0.0819475184550118,-0.19631744068556511
overall,11,12,-0.0819475184550118,-0.19631744068556511
replace,11,12,-0.0819475184550118,-0.19631744068556511
surveys,11,12,-0.0819475184550118,-0.19631744068556511
special,38,40,-0.046241037247987116,-0.20412776910653951
barriers,10,11,-0.0902463883450686,-0.20654588884918865
broadband,10,11,-0.0902463883450686,-0.20654588884918865
clemency,10,11,-0.0902463883450686,-0.20654588884918865
closures,10,11,-0.0902463883450686,-0.20654588884918865
commitments,10,11,-0.0902463883450686,-0.20654588884918865
contraception,10,11,-0.0902463883450686,-0.20654588884918865
districts,10,11,-0.0902463883450686,-0.20654588884918865
rapid,10,11,-0.0902463883450686,-0.20654588884918865
remove,10,11,-0.0902463883450686,-0.20654588884918865
threat,10,11,-0.0902463883450686,-0.20654588884918865
25,9,10,-0.10029679103406863,-0.2182888343509513
chances,9,10,-0.10029679103406863,-0.2182888343509513
cohen's,9,10,-0.10029679103406863,-0.2182888343509513
disney,9,10,-0.10029679103406863,-0.2182888343509513
email,9,10,-0.10029679103406863,-0.2182888343509513
fire,9,10,-0.10029679103406863,-0.2182888343509513
opportunities,9,10,-0.10029679103406863,-0.2182888343509513
financial,71,74,-0.03634415787790779,-0.21877398254808397
saudi,33,35,-0.05378858217982874,-0.22168007609903717
argue,8,9,-0.11271937754324846,-0.23197458092854006
available,8,9,-0.11271937754324846,-0.23197458092854006
bush,8,9,-0.11271937754324846,-0.23197458092854006
cause,8,9,-0.11271937754324846,-0.23197458092854006
consulate,8,9,-0.11271937754324846,-0.23197458092854006
dangerous,8,9,-0.11271937754324846,-0.23197458092854006
francis,8,9,-0.11271937754324846,-0.23197458092854006
master,8,9,-0.11271937754324846,-0.23197458092854006
office,8,9,-0.11271937754324846,-0.23197458092854006
pipeline,8,9,-0.11271937754324846,-0.23197458092854006
signing,8,9,-0.11271937754324846,-0.23197458092854006
still,8,9,-0.11271937754324846,-0.23197458092854006
track,8,9,-0.11271937754324846,-0.23197458092854006
banning,30,32,-0.05948680669229489,-0.2340779240953458
toward,28,30,-0.06394129254240699,-0.24333640446593738
bill,99,103,-0.03457962679606119,-0.24568625249971432
ag,7,8,-0.12846780056598028,-0.24822338989568335
alliances,7,8,-0.12846780056598028,-0.24822338989568335
creation,7,8,-0.12846780056598028,-0.24822338989568335
daca,7,8,-0.12846780056598028,-0.24822338989568335
deploying,7,8,-0.12846780056598028,-0.24822338989568335
deployment,7,8,-0.12846780056598028,-0.24822338989568335
fail,7,8,-0.12846780056598028,-0.24822338989568335
great,7,8,-0.12846780056598028,-0.24822338989568335
oregon,7,8,-0.12846780056598028,-0.24822338989568335
planned,7,8,-0.12846780056598028,-0.24822338989568335
rico,7,8,-0.12846780056598028,-0.24822338989568335
china,57,60,-0.046253185848947,-0.25007012032942816
being,54,57,-0.04902731611421718,-0.2581730866493791
alex,6,7,-0.14908715315353582,-0.26797434651759133
campaign's,6,7,-0.14908715315353582,-0.26797434651759133
catholic,6,7,-0.14908715315353582,-0.26797434651759133
cease,6,7,-0.14908715315353582,-0.26797434651759133
jeb,6,7,-0.14908715315353582,-0.26797434651759133
jefferson,6,7,-0.14908715315353582,-0.26797434651759133
jones,6,7,-0.14908715315353582,-0.26797434651759133
line,6,7,-0.14908715315353582,-0.26797434651759133
nancy,6,7,-0.14908715315353582,-0.26797434651759133
points,6,7,-0.14908715315353582,-0.26797434651759133
providers,6,7,-0.14908715315353582,-0.26797434651759133
reporters,6,7,-0.14908715315353582,-0.26797434651759133
select,6,7,-0.14908715315353582,-0.26797434651759133
spread,6,7,-0.14908715315353582,-0.26797434651759133
sufficiently,6,7,-0.14908715315353582,-0.26797434651759133
trudeau's,6,7,-0.14908715315353582,-0.26797434651759133
are,573,585,-0.01577256629577395,-0.268351084708076
lawsuit,23,25,-0.07833036827393869,-0.2711087292730904
debt,22,24,-0.08196020387299541,-0.2776777648168802
hunter,20,22,-0.0902591416381,-0.29214127577753585
responses,20,22,-0.0902591416381,-0.29214127577753585
75,5,6,-0.17725809446123897,-0.29273212865325393
9mm,5,6,-0.17725809446123897,-0.29273212865325393
alter,5,6,-0.17725809446123897,-0.29273212865325393
approved,5,6,-0.17725809446123897,-0.29273212865325393
caucus,5,6,-0.17725809446123897,-0.29273212865325393
cbo,5,6,-0.17725809446123897,-0.29273212865325393
cfpb,5,6,-0.17725809446123897,-0.29273212865325393
collection,5,6,-0.17725809446123897,-0.29273212865325393
company,5,6,-0.17725809446123897,-0.29273212865325393
concealed,5,6,-0.17725809446123897,-0.29273212865325393
convoy,5,6,-0.17725809446123897,-0.29273212865325393
critical,5,6,-0.17725809446123897,-0.29273212865325393
development,5,6,-0.17725809446123897,-0.29273212865325393
discussion,5,6,-0.17725809446123897,-0.29273212865325393
guatemala,5,6,-0.17725809446123897,-0.29273212865325393
leading,5,6,-0.17725809446123897,-0.29273212865325393
leak,5,6,-0.17725809446123897,-0.29273212865325393
liz,5,6,-0.17725809446123897,-0.29273212865325393
loretta,5,6,-0.17725809446123897,-0.29273212865325393
mexican,5,6,-0.17725809446123897,-0.29273212865325393
postponing,5,6,-0.17725809446123897,-0.29273212865325393
prison,5,6,-0.17725809446123897,-0.29273212865325393
proposing,5,6,-0.17725809446123897,-0.29273212865325393
publix,5,6,-0.17725809446123897,-0.29273212865325393
questions,5,6,-0.17725809446123897,-0.29273212865325393
redacted,5,6,-0.17725809446123897,-0.29273212865325393
salute,5,6,-0.17725809446123897,-0.29273212865325393
shielding,5,6,-0.17725809446123897,-0.29273212865325393
sitting,5,6,-0.17725809446123897,-0.29273212865325393
split,5,6,-0.17725809446123897,-0.29273212865325393
tactical,5,6,-0.17725809446123897,-0.29273212865325393
themselves,5,6,-0.17725809446123897,-0.29273212865325393
unspent,5,6,-0.17725809446123897,-0.29273212865325393
veto,5,6,-0.17725809446123897,-0.29273212865325393
8,19,21,-0.09503248777846096,-0.300143249435478
putin,19,21,-0.09503248777846096,-0.300143249435478
reported,19,21,-0.09503248777846096,-0.300143249435478
plan,39,42,-0.06906908282934587,-0.310597644363926
gop,96,101,-0.045756465640429234,-0.3210078778475609
opposition,36,39,-0.07500402120541416,-0.3245170351055841
120,4,5,-0.21808015155731297,-0.32509471805218854
advertiser,4,5,-0.21808015155731297,-0.32509471805218854
appoint,4,5,-0.21808015155731297,-0.32509471805218854
bar,4,5,-0.21808015155731297,-0.32509471805218854
bomb,4,5,-0.21808015155731297,-0.32509471805218854
british,4,5,-0.21808015155731297,-0.32509471805218854
bush's,4,5,-0.21808015155731297,-0.32509471805218854
celebrations,4,5,-0.21808015155731297,-0.32509471805218854
club,4,5,-0.21808015155731297,-0.32509471805218854
colleges,4,5,-0.21808015155731297,-0.32509471805218854
collegiate,4,5,-0.21808015155731297,-0.32509471805218854
confederate,4,5,-0.21808015155731297,-0.32509471805218854
conflicts,4,5,-0.21808015155731297,-0.32509471805218854
cotton,4,5,-0.21808015155731297,-0.32509471805218854
daylight,4,5,-0.21808015155731297,-0.32509471805218854
defund,4,5,-0.21808015155731297,-0.32509471805218854
emboldened,4,5,-0.21808015155731297,-0.32509471805218854
executives,4,5,-0.21808015155731297,-0.32509471805218854
forcing,4,5,-0.21808015155731297,-0.32509471805218854
genuine,4,5,-0.21808015155731297,-0.32509471805218854
get,4,5,-0.21808015155731297,-0.32509471805218854
independents,4,5,-0.21808015155731297,-0.32509471805218854
kansas,4,5,-0.21808015155731297,-0.32509471805218854
khashoggi,4,5,-0.21808015155731297,-0.32509471805218854
making,4,5,-0.21808015155731297,-0.32509471805218854
manafort's,4,5,-0.21808015155731297,-0.32509471805218854
materials,4,5,-0.21808015155731297,-0.32509471805218854
math,4,5,-0.21808015155731297,-0.32509471805218854
mexico's,4,5,-0.21808015155731297,-0.32509471805218854
narrow,4,5,-0.21808015155731297,-0.32509471805218854
october,4,5,-0.21808015155731297,-0.32509471805218854
opioid,4,5,-0.21808015155731297,-0.32509471805218854
pardon,4,5,-0.21808015155731297,-0.32509471805218854
popular,4,5,-0.21808015155731297,-0.32509471805218854
presidents,4,5,-0.21808015155731297,-0.32509471805218854
raised,4,5,-0.21808015155731297,-0.32509471805218854
registration,4,5,-0.21808015155731297,-0.32509471805218854
relying,4,5,-0.21808015155731297,-0.32509471805218854
said,4,5,-0.21808015155731297,-0.32509471805218854
section,4,5,-0.21808015155731297,-0.32509471805218854
seen,4,5,-0.21808015155731297,-0.32509471805218854
sneaker,4,5,-0.21808015155731297,-0.32509471805218854
strategists,4,5,-0.21808015155731297,-0.32509471805218854
suicide,4,5,-0.21808015155731297,-0.32509471805218854
tied,4,5,-0.21808015155731297,-0.32509471805218854
unrest,4,5,-0.21808015155731297,-0.32509471805218854
usa,4,5,-0.21808015155731297,-0.32509471805218854
watchdog,4,5,-0.21808015155731297,-0.32509471805218854
proposal,16,18,-0.11273226656989799,-0.3280991110551143
maneuvering,15,17,-0.12011244089259598,-0.3390651258353708
rate,15,17,-0.12011244089259598,-0.3390651258353708
resource,15,17,-0.12011244089259598,-0.3390651258353708
uk,15,17,-0.12011244089259598,-0.3390651258353708
broader,14,16,-0.12848075745119836,-0.3510762894417477
lawsuits,14,16,-0.12848075745119836,-0.3510762894417477
officers,14,16,-0.12848075745119836,-0.3510762894417477
task,14,16,-0.12848075745119836,-0.3510762894417477
north,31,34,-0.08733497138936563,-0.35168337518999127
plans,13,15,-0.1380502751889452,-0.36431377807664633
repeal,13,15,-0.1380502751889452,-0.36431377807664633
shows,13,15,-0.1380502751889452,-0.36431377807664633
70,3,4,-0.2826187319024793,-0.37003480645328807
alien,3,4,-0.2826187319024793,-0.37003480645328807
apology,3,4,-0.2826187319024793,-0.37003480645328807
area,3,4,-0.2826187319024793,-0.37003480645328807
arkansas,3,4,-0.2826187319024793,-0.37003480645328807
around,3,4,-0.2826187319024793,-0.37003480645328807
barack,3,4,-0.2826187319024793,-0.37003480645328807
channels,3,4,-0.2826187319024793,-0.37003480645328807
chief,3,4,-0.2826187319024793,-0.37003480645328807
classification,3,4,-0.2826187319024793,-0.37003480645328807
clearance,3,4,-0.2826187319024793,-0.37003480645328807
considerations,3,4,-0.2826187319024793,-0.37003480645328807
criticized,3,4,-0.2826187319024793,-0.37003480645328807
declassification,3,4,-0.2826187319024793,-0.37003480645328807
defendants,3,4,-0.2826187319024793,-0.37003480645328807
defended,3,4,-0.2826187319024793,-0.37003480645328807
disclosure,3,4,-0.2826187319024793,-0.37003480645328807
easter,3,4,-0.2826187319024793,-0.37003480645328807
endangered,3,4,-0.2826187319024793,-0.37003480645328807
exclusion,3,4,-0.2826187319024793,-0.37003480645328807
expected,3,4,-0.2826187319024793,-0.37003480645328807
farmers,3,4,-0.2826187319024793,-0.37003480645328807
fifth,3,4,-0.2826187319024793,-0.37003480645328807
gallagher,3,4,-0.2826187319024793,-0.37003480645328807
gdp,3,4,-0.2826187319024793,-0.37003480645328807
government's,3,4,-0.2826187319024793,-0.37003480645328807
guatemalan,3,4,-0.2826187319024793,-0.37003480645328807
handguns,3,4,-0.2826187319024793,-0.37003480645328807
hatch,3,4,-0.2826187319024793,-0.37003480645328807
hbcus,3,4,-0.2826187319024793,-0.37003480645328807
highly,3,4,-0.2826187319024793,-0.37003480645328807
howitzers,3,4,-0.2826187319024793,-0.37003480645328807
hypocrisy,3,4,-0.2826187319024793,-0.37003480645328807
identify,3,4,-0.2826187319024793,-0.37003480645328807
ignored,3,4,-0.2826187319024793,-0.37003480645328807
igor,3,4,-0.2826187319024793,-0.37003480645328807
knew,3,4,-0.2826187319024793,-0.37003480645328807
kristi,3,4,-0.2826187319024793,-0.37003480645328807
l,3,4,-0.2826187319024793,-0.37003480645328807
lane,3,4,-0.2826187319024793,-0.37003480645328807
massachusetts,3,4,-0.2826187319024793,-0.37003480645328807
mother's,3,4,-0.2826187319024793,-0.37003480645328807
naming,3,4,-0.2826187319024793,-0.37003480645328807
non,3,4,-0.2826187319024793,-0.37003480645328807
noorzai,3,4,-0.2826187319024793,-0.37003480645328807
normalization,3,4,-0.2826187319024793,-0.37003480645328807
old,3,4,-0.2826187319024793,-0.37003480645328807
particularly,3,4,-0.2826187319024793,-0.37003480645328807
phones,3,4,-0.2826187319024793,-0.37003480645328807
pit,3,4,-0.2826187319024793,-0.37003480645328807
play,3,4,-0.2826187319024793,-0.37003480645328807
point,3,4,-0.2826187319024793,-0.37003480645328807
position,3,4,-0.2826187319024793,-0.37003480645328807
protected,3,4,-0.2826187319024793,-0.37003480645328807
recommendation,3,4,-0.2826187319024793,-0.37003480645328807
remark,3,4,-0.2826187319024793,-0.37003480645328807
seized,3,4,-0.2826187319024793,-0.37003480645328807
smuggling,3,4,-0.2826187319024793,-0.37003480645328807
statements,3,4,-0.2826187319024793,-0.37003480645328807
style,3,4,-0.2826187319024793,-0.37003480645328807
thanksgiving,3,4,-0.2826187319024793,-0.37003480645328807
tightening,3,4,-0.2826187319024793,-0.37003480645328807
unlawfully,3,4,-0.2826187319024793,-0.37003480645328807
venezuela,3,4,-0.2826187319024793,-0.37003480645328807
vladimir,3,4,-0.2826187319024793,-0.37003480645328807
vulnerability,3,4,-0.2826187319024793,-0.37003480645328807
wasted,3,4,-0.2826187319024793,-0.37003480645328807
future,28,31,-0.09674454790916709,-0.3710738802848677
measures,137,144,-0.04484065436193685,-0.3757165628094288
high,27,30,-0.1003224366403277,-0.37818402768908826
ruling,27,30,-0.1003224366403277,-0.37818402768908826
addressing,12,14,-0.14910017789182817,-0.3790060635224261
air,12,14,-0.14910017789182817,-0.3790060635224261
musk's,12,14,-0.14910017789182817,-0.3790060635224261
nsa,12,14,-0.14910017789182817,-0.3790060635224261
puerto,12,14,-0.14910017789182817,-0.3790060635224261
compromise,11,13,-0.16200364898661412,-0.3954460339915166
jobless,11,13,-0.16200364898661412,-0.3954460339915166
xinjiang,11,13,-0.16200364898661412,-0.3954460339915166
electoral,24,27,-0.11274515854762779,-0.40188365743226984
exist,24,27,-0.11274515854762779,-0.40188365743226984
supreme,91,97,-0.058849397525499114,-0.4032456480483342
safety,154,162,-0.045664328883619376,-0.40574337276456407
their,40,44,-0.0902846590480646,-0.4132669571490378
defensive,10,12,-0.17727118704711486,-0.4140163241787127
kavanaugh,10,12,-0.17727118704711486,-0.4140163241787127
leaning,10,12,-0.17727118704711486,-0.4140163241787127
results,10,12,-0.17727118704711486,-0.4140163241787127
subpoenas,10,12,-0.17727118704711486,-0.4140163241787127
weekly,10,12,-0.17727118704711486,-0.4140163241787127
flag,22,25,-0.12279562875638916,-0.4200638925262397
hurt,9,11,-0.19562039121421648,-0.4352279247053058
liberal,9,11,-0.19562039121421648,-0.4352279247053058
lifting,9,11,-0.19562039121421648,-0.4352279247053058
loans,9,11,-0.19562039121421648,-0.4352279247053058
moderate,9,11,-0.19562039121421648,-0.4352279247053058
percent,9,11,-0.19562039121421648,-0.4352279247053058
1594's,2,3,-0.4004018189097085,-0.43861824855803566
43,2,3,-0.4004018189097085,-0.43861824855803566
576,2,3,-0.4004018189097085,-0.43861824855803566
ahmad,2,3,-0.4004018189097085,-0.43861824855803566
alienate,2,3,-0.4004018189097085,-0.43861824855803566
ally,2,3,-0.4004018189097085,-0.43861824855803566
arrival,2,3,-0.4004018189097085,-0.43861824855803566
assad,2,3,-0.4004018189097085,-0.43861824855803566
assessing,2,3,-0.4004018189097085,-0.43861824855803566
below,2,3,-0.4004018189097085,-0.43861824855803566
bergdahl,2,3,-0.4004018189097085,-0.43861824855803566
bethany,2,3,-0.4004018189097085,-0.43861824855803566
bin,2,3,-0.4004018189097085,-0.43861824855803566
biontech,2,3,-0.4004018189097085,-0.43861824855803566
blamed,2,3,-0.4004018189097085,-0.43861824855803566
books,2,3,-0.4004018189097085,-0.43861824855803566
boosting,2,3,-0.4004018189097085,-0.43861824855803566
bowe,2,3,-0.4004018189097085,-0.43861824855803566
brennan's,2,3,-0.4004018189097085,-0.43861824855803566
byron,2,3,-0.4004018189097085,-0.43861824855803566
called,2,3,-0.4004018189097085,-0.43861824855803566
canceled,2,3,-0.4004018189097085,-0.43861824855803566
capita,2,3,-0.4004018189097085,-0.43861824855803566
castro's,2,3,-0.4004018189097085,-0.43861824855803566
centcom,2,3,-0.4004018189097085,-0.43861824855803566
cheating,2,3,-0.4004018189097085,-0.43861824855803566
clarify,2,3,-0.4004018189097085,-0.43861824855803566
cnn's,2,3,-0.4004018189097085,-0.43861824855803566
cola,2,3,-0.4004018189097085,-0.43861824855803566
concerned,2,3,-0.4004018189097085,-0.43861824855803566
concrete,2,3,-0.4004018189097085,-0.43861824855803566
contributing,2,3,-0.4004018189097085,-0.43861824855803566
corrections,2,3,-0.4004018189097085,-0.43861824855803566
counsels,2,3,-0.4004018189097085,-0.43861824855803566
critiques,2,3,-0.4004018189097085,-0.43861824855803566
crossing,2,3,-0.4004018189097085,-0.43861824855803566
dayton,2,3,-0.4004018189097085,-0.43861824855803566
departments,2,3,-0.4004018189097085,-0.43861824855803566
desertion,2,3,-0.4004018189097085,-0.43861824855803566
dingell's,2,3,-0.4004018189097085,-0.43861824855803566
discouraging,2,3,-0.4004018189097085,-0.43861824855803566
discussed,2,3,-0.4004018189097085,-0.43861824855803566
donetsk,2,3,-0.4004018189097085,-0.43861824855803566
ease,2,3,-0.4004018189097085,-0.43861824855803566
eliminate,2,3,-0.4004018189097085,-0.43861824855803566
engine,2,3,-0.4004018189097085,-0.43861824855803566
eroding,2,3,-0.4004018189097085,-0.43861824855803566
eua,2,3,-0.4004018189097085,-0.43861824855803566
event,2,3,-0.4004018189097085,-0.43861824855803566
every,2,3,-0.4004018189097085,-0.43861824855803566
executing,2,3,-0.4004018189097085,-0.43861824855803566
exports,2,3,-0.4004018189097085,-0.43861824855803566
extending,2,3,-0.4004018189097085,-0.43861824855803566
extra,2,3,-0.4004018189097085,-0.43861824855803566
fails,2,3,-0.4004018189097085,-0.43861824855803566
frameworks,2,3,-0.4004018189097085,-0.43861824855803566
france's,2,3,-0.4004018189097085,-0.43861824855803566
frontline,2,3,-0.4004018189097085,-0.43861824855803566
gabbard,2,3,-0.4004018189097085,-0.43861824855803566
gerrymandering,2,3,-0.4004018189097085,-0.43861824855803566
google's,2,3,-0.4004018189097085,-0.43861824855803566
helping,2,3,-0.4004018189097085,-0.43861824855803566
idaho,2,3,-0.4004018189097085,-0.43861824855803566
immunocompromised,2,3,-0.4004018189097085,-0.43861824855803566
industrial,2,3,-0.4004018189097085,-0.43861824855803566
ingraham,2,3,-0.4004018189097085,-0.43861824855803566
intellectual,2,3,-0.4004018189097085,-0.43861824855803566
investigative,2,3,-0.4004018189097085,-0.43861824855803566
invoke,2,3,-0.4004018189097085,-0.43861824855803566
ioc,2,3,-0.4004018189097085,-0.43861824855803566
jon,2,3,-0.4004018189097085,-0.43861824855803566
kaepernick's,2,3,-0.4004018189097085,-0.43861824855803566
khan,2,3,-0.4004018189097085,-0.43861824855803566
lab,2,3,-0.4004018189097085,-0.43861824855803566
labour,2,3,-0.4004018189097085,-0.43861824855803566
laptop,2,3,-0.4004018189097085,-0.43861824855803566
lockdown,2,3,-0.4004018189097085,-0.43861824855803566
luhansk,2,3,-0.4004018189097085,-0.43861824855803566
medium,2,3,-0.4004018189097085,-0.43861824855803566
metadata,2,3,-0.4004018189097085,-0.43861824855803566
mohammed,2,3,-0.4004018189097085,-0.43861824855803566
morehouse,2,3,-0.4004018189097085,-0.43861824855803566
mps,2,3,-0.4004018189097085,-0.43861824855803566
muting,2,3,-0.4004018189097085,-0.43861824855803566
newsom's,2,3,-0.4004018189097085,-0.43861824855803566
obtain,2,3,-0.4004018189097085,-0.43861824855803566
podiatrist,2,3,-0.4004018189097085,-0.43861824855803566
poorer,2,3,-0.4004018189097085,-0.43861824855803566
population,2,3,-0.4004018189097085,-0.43861824855803566
probable,2,3,-0.4004018189097085,-0.43861824855803566
produce,2,3,-0.4004018189097085,-0.43861824855803566
published,2,3,-0.4004018189097085,-0.43861824855803566
pulling,2,3,-0.4004018189097085,-0.43861824855803566
rallies,2,3,-0.4004018189097085,-0.43861824855803566
rebound,2,3,-0.4004018189097085,-0.43861824855803566
recession,2,3,-0.4004018189097085,-0.43861824855803566
redirect,2,3,-0.4004018189097085,-0.43861824855803566
referendum,2,3,-0.4004018189097085,-0.43861824855803566
reflects,2,3,-0.4004018189097085,-0.43861824855803566
remington,2,3,-0.4004018189097085,-0.43861824855803566
responded,2,3,-0.4004018189097085,-0.43861824855803566
ron,2,3,-0.4004018189097085,-0.43861824855803566
ruble,2,3,-0.4004018189097085,-0.43861824855803566
runs,2,3,-0.4004018189097085,-0.43861824855803566
sale,2,3,-0.4004018189097085,-0.43861824855803566
salman,2,3,-0.4004018189097085,-0.43861824855803566
schumer,2,3,-0.4004018189097085,-0.43861824855803566
schumer's,2,3,-0.4004018189097085,-0.43861824855803566
selective,2,3,-0.4004018189097085,-0.43861824855803566
serious,2,3,-0.4004018189097085,-0.43861824855803566
serving,2,3,-0.4004018189097085,-0.43861824855803566
she,2,3,-0.4004018189097085,-0.43861824855803566
shots,2,3,-0.4004018189097085,-0.43861824855803566
site,2,3,-0.4004018189097085,-0.43861824855803566
sized,2,3,-0.4004018189097085,-0.43861824855803566
slower,2,3,-0.4004018189097085,-0.43861824855803566
so,2,3,-0.4004018189097085,-0.43861824855803566
speed,2,3,-0.4004018189097085,-0.43861824855803566
standard,2,3,-0.4004018189097085,-0.43861824855803566
statewide,2,3,-0.4004018189097085,-0.43861824855803566
succession,2,3,-0.4004018189097085,-0.43861824855803566
superspreader,2,3,-0.4004018189097085,-0.43861824855803566
suspend,2,3,-0.4004018189097085,-0.43861824855803566
targets,2,3,-0.4004018189097085,-0.43861824855803566
tariff,2,3,-0.4004018189097085,-0.43861824855803566
teams,2,3,-0.4004018189097085,-0.43861824855803566
text,2,3,-0.4004018189097085,-0.43861824855803566
tim,2,3,-0.4004018189097085,-0.43861824855803566
treasury,2,3,-0.4004018189097085,-0.43861824855803566
tribe,2,3,-0.4004018189097085,-0.43861824855803566
tulsa,2,3,-0.4004018189097085,-0.43861824855803566
university,2,3,-0.4004018189097085,-0.43861824855803566
viewed,2,3,-0.4004018189097085,-0.43861824855803566
whitehouse,2,3,-0.4004018189097085,-0.43861824855803566
wiretap,2,3,-0.4004018189097085,-0.43861824855803566
worried,2,3,-0.4004018189097085,-0.43861824855803566
wrong,2,3,-0.4004018189097085,-0.43861824855803566
zelensky,2,3,-0.4004018189097085,-0.43861824855803566
among,55,60,-0.08199828371542406,-0.43925108354622766
airport,8,10,-0.2180933119852817,-0.45978110394541966
carolina,8,10,-0.2180933119852817,-0.45978110394541966
charge,8,10,-0.2180933119852817,-0.45978110394541966
commission,8,10,-0.2180933119852817,-0.45978110394541966
competition,8,10,-0.2180933119852817,-0.45978110394541966
divisions,8,10,-0.2180933119852817,-0.45978110394541966
governance,8,10,-0.2180933119852817,-0.45978110394541966
prescriptions,8,10,-0.2180933119852817,-0.45978110394541966
50,18,21,-0.14911320491030366,-0.4642262888560503
dhs,18,21,-0.14911320491030366,-0.4642262888560503
they,31,35,-0.11633594203449071,-0.4716901874006655
defending,17,20,-0.1574815212891849,-0.4773844050440589
regional,17,20,-0.1574815212891849,-0.4773844050440589
talks,17,20,-0.1574815212891849,-0.4773844050440589
charging,7,9,-0.2462642530627761,-0.4886655117521388
eastern,7,9,-0.2462642530627761,-0.4886655117521388
gasoline,7,9,-0.2462642530627761,-0.4886655117521388
german,7,9,-0.2462642530627761,-0.4886655117521388
hurricane,7,9,-0.2462642530627761,-0.4886655117521388
losing,7,9,-0.2462642530627761,-0.4886655117521388
organizations,7,9,-0.2462642530627761,-0.4886655117521388
overseas,7,9,-0.2462642530627761,-0.4886655117521388
pausing,7,9,-0.2462642530627761,-0.4886655117521388
removal,7,9,-0.2462642530627761,-0.4886655117521388
south,16,19,-0.16681291529147657,-0.49162331582493696
vaccinated,16,19,-0.16681291529147657,-0.49162331582493696
allies,43,48,-0.10498860937707111,-0.5000073208063247
general,27,31,-0.13312569199042557,-0.5057205947268131
job,27,31,-0.13312569199042557,-0.5057205947268131
strategies,27,31,-0.13312569199042557,-0.5057205947268131
week,15,18,-0.1772842815722786,-0.5071018251324424
advertising,6,8,-0.28263196016705017,-0.5233327358245107
bills,6,8,-0.28263196016705017,-0.5233327358245107
buying,6,8,-0.28263196016705017,-0.5233327358245107
canceling,6,8,-0.28263196016705017,-0.5233327358245107
cbp,6,8,-0.28263196016705017,-0.5233327358245107
child,6,8,-0.28263196016705017,-0.5233327358245107
circuit,6,8,-0.28263196016705017,-0.5233327358245107
curfew,6,8,-0.28263196016705017,-0.5233327358245107
cyberattacks,6,8,-0.28263196016705017,-0.5233327358245107
fines,6,8,-0.28263196016705017,-0.5233327358245107
france,6,8,-0.28263196016705017,-0.5233327358245107
hearing,6,8,-0.28263196016705017,-0.5233327358245107
joe,6,8,-0.28263196016705017,-0.5233327358245107
kelly,6,8,-0.28263196016705017,-0.5233327358245107
las,6,8,-0.28263196016705017,-0.5233327358245107
manufacturing,6,8,-0.28263196016705017,-0.5233327358245107
next,6,8,-0.28263196016705017,-0.5233327358245107
pause,6,8,-0.28263196016705017,-0.5233327358245107
rejection,6,8,-0.28263196016705017,-0.5233327358245107
resistance,6,8,-0.28263196016705017,-0.5233327358245107
san,6,8,-0.28263196016705017,-0.5233327358245107
tests,6,8,-0.28263196016705017,-0.5233327358245107
until,6,8,-0.28263196016705017,-0.5233327358245107
vegas,6,8,-0.28263196016705017,-0.5233327358245107
alternative,14,17,-0.18911880544125204,-0.524013381383052
chain,14,17,-0.18911880544125204,-0.524013381383052
korea,14,17,-0.18911880544125204,-0.524013381383052
promote,14,17,-0.18911880544125204,-0.524013381383052
resignation,24,28,-0.14912623420955917,-0.5360891842878165
texas,37,42,-0.12173982270602135,-0.5399389479589748
mask,13,16,-0.2026022217681991,-0.5425963925092187
strikes,13,16,-0.2026022217681991,-0.5425963925092187
has,23,27,-0.15531827129315356,-0.547373005455841
his,135,145,-0.06650774858940522,-0.5560887964587212
2024,22,26,-0.16202977264323426,-0.5593353246985275
clinton,22,26,-0.16202977264323426,-0.5593353246985275
say,22,26,-0.16202977264323426,-0.5593353246985275
1999,1,2,-0.6880839146572431,-0.561818210991496
48,1,2,-0.6880839146572431,-0.561818210991496
94,1,2,-0.6880839146572431,-0.561818210991496
absolutely,1,2,-0.6880839146572431,-0.561818210991496
achieve,1,2,-0.6880839146572431,-0.561818210991496
actual,1,2,-0.6880839146572431,-0.561818210991496
added,1,2,-0.6880839146572431,-0.561818210991496
adjust,1,2,-0.6880839146572431,-0.561818210991496
adult,1,2,-0.6880839146572431,-0.561818210991496
afghanistan's,1,2,-0.6880839146572431,-0.561818210991496
aim,1,2,-0.6880839146572431,-0.561818210991496
aligned,1,2,-0.6880839146572431,-0.561818210991496
allocations,1,2,-0.6880839146572431,-0.561818210991496
almost,1,2,-0.6880839146572431,-0.561818210991496
ambassador,1,2,-0.6880839146572431,-0.561818210991496
answer,1,2,-0.6880839146572431,-0.561818210991496
antiestablishment,1,2,-0.6880839146572431,-0.561818210991496
aoc's,1,2,-0.6880839146572431,-0.561818210991496
arctic,1,2,-0.6880839146572431,-0.561818210991496
article,1,2,-0.6880839146572431,-0.561818210991496
ask,1,2,-0.6880839146572431,-0.561818210991496
atm,1,2,-0.6880839146572431,-0.561818210991496
attention,1,2,-0.6880839146572431,-0.561818210991496
autopsy,1,2,-0.6880839146572431,-0.561818210991496
belief,1,2,-0.6880839146572431,-0.561818210991496
betrayal,1,2,-0.6880839146572431,-0.561818210991496
boards,1,2,-0.6880839146572431,-0.561818210991496
breakdowns,1,2,-0.6880839146572431,-0.561818210991496
bubbles,1,2,-0.6880839146572431,-0.561818210991496
bypassing,1,2,-0.6880839146572431,-0.561818210991496
cancelling,1,2,-0.6880839146572431,-0.561818210991496
cannot,1,2,-0.6880839146572431,-0.561818210991496
capacities,1,2,-0.6880839146572431,-0.561818210991496
cargo,1,2,-0.6880839146572431,-0.561818210991496
censure,1,2,-0.6880839146572431,-0.561818210991496
chosen,1,2,-0.6880839146572431,-0.561818210991496
christie's,1,2,-0.6880839146572431,-0.561818210991496
cinemas,1,2,-0.6880839146572431,-0.561818210991496
cited,1,2,-0.6880839146572431,-0.561818210991496
civility,1,2,-0.6880839146572431,-0.561818210991496
clergy,1,2,-0.6880839146572431,-0.561818210991496
co,1,2,-0.6880839146572431,-0.561818210991496
coal,1,2,-0.6880839146572431,-0.561818210991496
coalitions,1,2,-0.6880839146572431,-0.561818210991496
cockpit,1,2,-0.6880839146572431,-0.561818210991496
combustible,1,2,-0.6880839146572431,-0.561818210991496
commit,1,2,-0.6880839146572431,-0.561818210991496
compassion,1,2,-0.6880839146572431,-0.561818210991496
compelled,1,2,-0.6880839146572431,-0.561818210991496
compelling,1,2,-0.6880839146572431,-0.561818210991496
competing,1,2,-0.6880839146572431,-0.561818210991496
congressman,1,2,-0.6880839146572431,-0.561818210991496
contenders,1,2,-0.6880839146572431,-0.561818210991496
contested,1,2,-0.6880839146572431,-0.561818210991496
continuing,1,2,-0.6880839146572431,-0.561818210991496
contributions,1,2,-0.6880839146572431,-0.561818210991496
convicted,1,2,-0.6880839146572431,-0.561818210991496
cortez's,1,2,-0.6880839146572431,-0.561818210991496
cox,1,2,-0.6880839146572431,-0.561818210991496
crashes,1,2,-0.6880839146572431,-0.561818210991496
cruz's,1,2,-0.6880839146572431,-0.561818210991496
cuban,1,2,-0.6880839146572431,-0.561818210991496
danchenko's,1,2,-0.6880839146572431,-0.561818210991496
dau,1,2,-0.6880839146572431,-0.561818210991496
david,1,2,-0.6880839146572431,-0.561818210991496
denials,1,2,-0.6880839146572431,-0.561818210991496
denied,1,2,-0.6880839146572431,-0.561818210991496
denunciation,1,2,-0.6880839146572431,-0.561818210991496
desist,1,2,-0.6880839146572431,-0.561818210991496
disability,1,2,-0.6880839146572431,-0.561818210991496
disadvantage,1,2,-0.6880839146572431,-0.561818210991496
discomfort,1,2,-0.6880839146572431,-0.561818210991496
discourage,1,2,-0.6880839146572431,-0.561818210991496
dissatisfaction,1,2,-0.6880839146572431,-0.561818210991496
doctor,1,2,-0.6880839146572431,-0.561818210991496
durable,1,2,-0.6880839146572431,-0.561818210991496
earning,1,2,-0.6880839146572431,-0.561818210991496
east,1,2,-0.6880839146572431,-0.561818210991496
edward,1,2,-0.6880839146572431,-0.561818210991496
ejection,1,2,-0.6880839146572431,-0.561818210991496
eliminating,1,2,-0.6880839146572431,-0.561818210991496
empowering,1,2,-0.6880839146572431,-0.561818210991496
epidemic,1,2,-0.6880839146572431,-0.561818210991496
expect,1,2,-0.6880839146572431,-0.561818210991496
exploring,1,2,-0.6880839146572431,-0.561818210991496
extraordinary,1,2,-0.6880839146572431,-0.561818210991496
fairer,1,2,-0.6880839146572431,-0.561818210991496
fall,1,2,-0.6880839146572431,-0.561818210991496
fauci's,1,2,-0.6880839146572431,-0.561818210991496
fill,1,2,-0.6880839146572431,-0.561818210991496
financing,1,2,-0.6880839146572431,-0.561818210991496
fixed,1,2,-0.6880839146572431,-0.561818210991496
fixes,1,2,-0.6880839146572431,-0.561818210991496
floated,1,2,-0.6880839146572431,-0.561818210991496
ford's,1,2,-0.6880839146572431,-0.561818210991496
ftc,1,2,-0.6880839146572431,-0.561818210991496
fulfilling,1,2,-0.6880839146572431,-0.561818210991496
fulton,1,2,-0.6880839146572431,-0.561818210991496
gained,1,2,-0.6880839146572431,-0.561818210991496
gisd,1,2,-0.6880839146572431,-0.561818210991496
gofundme,1,2,-0.6880839146572431,-0.561818210991496
gove,1,2,-0.6880839146572431,-0.561818210991496
guest,1,2,-0.6880839146572431,-0.561818210991496
gyms,1,2,-0.6880839146572431,-0.561818210991496
handshake,1,2,-0.6880839146572431,-0.561818210991496
hanoi,1,2,-0.6880839146572431,-0.561818210991496
hijacked,1,2,-0.6880839146572431,-0.561818210991496
homosexuals,1,2,-0.6880839146572431,-0.561818210991496
honoring,1,2,-0.6880839146572431,-0.561818210991496
humanity,1,2,-0.6880839146572431,-0.561818210991496
husband,1,2,-0.6880839146572431,-0.561818210991496
ideological,1,2,-0.6880839146572431,-0.561818210991496
impeached,1,2,-0.6880839146572431,-0.561818210991496
infection,1,2,-0.6880839146572431,-0.561818210991496
injury,1,2,-0.6880839146572431,-0.561818210991496
intervene,1,2,-0.6880839146572431,-0.561818210991496
inventory,1,2,-0.6880839146572431,-0.561818210991496
invocation,1,2,-0.6880839146572431,-0.561818210991496
isr,1,2,-0.6880839146572431,-0.561818210991496
issued,1,2,-0.6880839146572431,-0.561818210991496
italy,1,2,-0.6880839146572431,-0.561818210991496
justification,1,2,-0.6880839146572431,-0.561818210991496
kirsten,1,2,-0.6880839146572431,-0.561818210991496
kyrsten,1,2,-0.6880839146572431,-0.561818210991496
lankan,1,2,-0.6880839146572431,-0.561818210991496
largely,1,2,-0.6880839146572431,-0.561818210991496
libertarian,1,2,-0.6880839146572431,-0.561818210991496
light,1,2,-0.6880839146572431,-0.561818210991496
lingering,1,2,-0.6880839146572431,-0.561818210991496
lowering,1,2,-0.6880839146572431,-0.561818210991496
managing,1,2,-0.6880839146572431,-0.561818210991496
marginalize,1,2,-0.6880839146572431,-0.561818210991496
mariupol,1,2,-0.6880839146572431,-0.561818210991496
maryland,1,2,-0.6880839146572431,-0.561818210991496
masculinity,1,2,-0.6880839146572431,-0.561818210991496
matching,1,2,-0.6880839146572431,-0.561818210991496
media's,1,2,-0.6880839146572431,-0.561818210991496
mediation,1,2,-0.6880839146572431,-0.561818210991496
messina,1,2,-0.6880839146572431,-0.561818210991496
methods,1,2,-0.6880839146572431,-0.561818210991496
mobs,1,2,-0.6880839146572431,-0.561818210991496
monday,1,2,-0.6880839146572431,-0.561818210991496
mood,1,2,-0.6880839146572431,-0.561818210991496
moscow,1,2,-0.6880839146572431,-0.561818210991496
movement,1,2,-0.6880839146572431,-0.561818210991496
multistate,1,2,-0.6880839146572431,-0.561818210991496
narrowly,1,2,-0.6880839146572431,-0.561818210991496
nasa,1,2,-0.6880839146572431,-0.561818210991496
naval,1,2,-0.6880839146572431,-0.561818210991496
negative,1,2,-0.6880839146572431,-0.561818210991496
neom,1,2,-0.6880839146572431,-0.561818210991496
openness,1,2,-0.6880839146572431,-0.561818210991496
organized,1,2,-0.6880839146572431,-0.561818210991496
outcry,1,2,-0.6880839146572431,-0.561818210991496
overdoses,1,2,-0.6880839146572431,-0.561818210991496
overstep,1,2,-0.6880839146572431,-0.561818210991496
overwhelming,1,2,-0.6880839146572431,-0.561818210991496
parole,1,2,-0.6880839146572431,-0.561818210991496
participating,1,2,-0.6880839146572431,-0.561818210991496
parts,1,2,-0.6880839146572431,-0.561818210991496
patchwork,1,2,-0.6880839146572431,-0.561818210991496
personalities,1,2,-0.6880839146572431,-0.561818210991496
players,1,2,-0.6880839146572431,-0.561818210991496
pledged,1,2,-0.6880839146572431,-0.561818210991496
polarization,1,2,-0.6880839146572431,-0.561818210991496
pornography,1,2,-0.6880839146572431,-0.561818210991496
posts,1,2,-0.6880839146572431,-0.561818210991496
pragmatic,1,2,-0.6880839146572431,-0.561818210991496
preferential,1,2,-0.6880839146572431,-0.561818210991496
prohibiting,1,2,-0.6880839146572431,-0.561818210991496
projections,1,2,-0.6880839146572431,-0.561818210991496
projects,1,2,-0.6880839146572431,-0.561818210991496
prolonging,1,2,-0.6880839146572431,-0.561818210991496
prospect,1,2,-0.6880839146572431,-0.561818210991496
queen's,1,2,-0.6880839146572431,-0.561818210991496
ramon,1,2,-0.6880839146572431,-0.561818210991496
reconsider,1,2,-0.6880839146572431,-0.561818210991496
regions,1,2,-0.6880839146572431,-0.561818210991496
rejected,1,2,-0.6880839146572431,-0.561818210991496
relationships,1,2,-0.6880839146572431,-0.561818210991496
remorse,1,2,-0.6880839146572431,-0.561818210991496
reporter,1,2,-0.6880839146572431,-0.561818210991496
resident,1,2,-0.6880839146572431,-0.561818210991496
retired,1,2,-0.6880839146572431,-0.561818210991496
revoking,1,2,-0.6880839146572431,-0.561818210991496
rivals,1,2,-0.6880839146572431,-0.561818210991496
rosenstein's,1,2,-0.6880839146572431,-0.561818210991496
sacrifice,1,2,-0.6880839146572431,-0.561818210991496
sacrifices,1,2,-0.6880839146572431,-0.561818210991496
satisfied,1,2,-0.6880839146572431,-0.561818210991496
satisfy,1,2,-0.6880839146572431,-0.561818210991496
seattle,1,2,-0.6880839146572431,-0.561818210991496
securities,1,2,-0.6880839146572431,-0.561818210991496
seems,1,2,-0.6880839146572431,-0.561818210991496
sent,1,2,-0.6880839146572431,-0.561818210991496
servicemen,1,2,-0.6880839146572431,-0.561818210991496
showdown,1,2,-0.6880839146572431,-0.561818210991496
sinema,1,2,-0.6880839146572431,-0.561818210991496
sing,1,2,-0.6880839146572431,-0.561818210991496
soft,1,2,-0.6880839146572431,-0.561818210991496
spikes,1,2,-0.6880839146572431,-0.561818210991496
spur,1,2,-0.6880839146572431,-0.561818210991496
startup,1,2,-0.6880839146572431,-0.561818210991496
statement,1,2,-0.6880839146572431,-0.561818210991496
staten,1,2,-0.6880839146572431,-0.561818210991496
stations,1,2,-0.6880839146572431,-0.561818210991496
steady,1,2,-0.6880839146572431,-0.561818210991496
stigmatizing,1,2,-0.6880839146572431,-0.561818210991496
striking,1,2,-0.6880839146572431,-0.561818210991496
substantial,1,2,-0.6880839146572431,-0.561818210991496
suits,1,2,-0.6880839146572431,-0.561818210991496
summits,1,2,-0.6880839146572431,-0.561818210991496
suppliers,1,2,-0.6880839146572431,-0.561818210991496
surpassing,1,2,-0.6880839146572431,-0.561818210991496
sustainably,1,2,-0.6880839146572431,-0.561818210991496
tempering,1,2,-0.6880839146572431,-0.561818210991496
timed,1,2,-0.6880839146572431,-0.561818210991496
trumps,1,2,-0.6880839146572431,-0.561818210991496
umpire,1,2,-0.6880839146572431,-0.561818210991496
unify,1,2,-0.6880839146572431,-0.561818210991496
unscheduled,1,2,-0.6880839146572431,-0.561818210991496
utah,1,2,-0.6880839146572431,-0.561818210991496
vacations,1,2,-0.6880839146572431,-0.561818210991496
vaccinations,1,2,-0.6880839146572431,-0.561818210991496
vatican,1,2,-0.6880839146572431,-0.561818210991496
via,1,2,-0.6880839146572431,-0.561818210991496
walker's,1,2,-0.6880839146572431,-0.561818210991496
walkouts,1,2,-0.6880839146572431,-0.561818210991496
warrants,1,2,-0.6880839146572431,-0.561818210991496
wasting,1,2,-0.6880839146572431,-0.561818210991496
weiss,1,2,-0.6880839146572431,-0.561818210991496
westerhout,1,2,-0.6880839146572431,-0.561818210991496
writing,1,2,-0.6880839146572431,-0.561818210991496
xkeyscore,1,2,-0.6880839146572431,-0.561818210991496
youtube,1,2,-0.6880839146572431,-0.561818210991496
arabia,12,15,-0.21810647400801741,-0.5631485332188331
facebook's,12,15,-0.21810647400801741,-0.5631485332188331
interest,12,15,-0.21810647400801741,-0.5631485332188331
losses,12,15,-0.21810647400801741,-0.5631485332188331
oppose,12,15,-0.21810647400801741,-0.5631485332188331
alabama,5,7,-0.33142218545126667,-0.5660111764635583
chemical,5,7,-0.33142218545126667,-0.5660111764635583
controls,5,7,-0.33142218545126667,-0.5660111764635583
defamation,5,7,-0.33142218545126667,-0.5660111764635583
freeze,5,7,-0.33142218545126667,-0.5660111764635583
guidelines,5,7,-0.33142218545126667,-0.5660111764635583
korean,5,7,-0.33142218545126667,-0.5660111764635583
probes,5,7,-0.33142218545126667,-0.5660111764635583
pursuing,5,7,-0.33142218545126667,-0.5660111764635583
referrals,5,7,-0.33142218545126667,-0.5660111764635583
reserve,5,7,-0.33142218545126667,-0.5660111764635583
senior,5,7,-0.33142218545126667,-0.5660111764635583
sports,5,7,-0.33142218545126667,-0.5660111764635583
usps,5,7,-0.33142218545126667,-0.5660111764635583
voices,5,7,-0.33142218545126667,-0.5660111764635583
funds,33,38,-0.13606698346090607,-0.5718371682763221
inflation,33,38,-0.13606698346090607,-0.5718371682763221
medical,33,38,-0.13606698346090607,-0.5718371682763221
afghanistan,21,25,-0.16932914180373793,-0.5720480016809937
sentencing,21,25,-0.16932914180373793,-0.5720480016809937
fully,11,14,-0.23612504485708286,-0.5860469898745075
intra,11,14,-0.23612504485708286,-0.5860469898745075
kim,11,14,-0.23612504485708286,-0.5860469898745075
committee,31,36,-0.1445202530510752,-0.5898253564775855
increasing,19,23,-0.1860311244818167,-0.6000697224836176
enough,10,13,-0.2573273173982358,-0.6117777543176601
lawfully,10,13,-0.2573273173982358,-0.6117777543176601
manufacturers,10,13,-0.2573273173982358,-0.6117777543176601
trial,10,13,-0.2573273173982358,-0.6117777543176601
recent,41,47,-0.1315768204934029,-0.6157138720722708
60,4,6,-0.40041511500538896,-0.6203204740394657
activity,4,6,-0.40041511500538896,-0.6203204740394657
advertisers,4,6,-0.40041511500538896,-0.6203204740394657
areas,4,6,-0.40041511500538896,-0.6203204740394657
authorized,4,6,-0.40041511500538896,-0.6203204740394657
boycott,4,6,-0.40041511500538896,-0.6203204740394657
brett,4,6,-0.40041511500538896,-0.6203204740394657
collapse,4,6,-0.40041511500538896,-0.6203204740394657
contain,4,6,-0.40041511500538896,-0.6203204740394657
convention,4,6,-0.40041511500538896,-0.6203204740394657
department's,4,6,-0.40041511500538896,-0.6203204740394657
district,4,6,-0.40041511500538896,-0.6203204740394657
flight,4,6,-0.40041511500538896,-0.6203204740394657
francisco,4,6,-0.40041511500538896,-0.6203204740394657
guarantees,4,6,-0.40041511500538896,-0.6203204740394657
hearings,4,6,-0.40041511500538896,-0.6203204740394657
house's,4,6,-0.40041511500538896,-0.6203204740394657
insurer,4,6,-0.40041511500538896,-0.6203204740394657
interview,4,6,-0.40041511500538896,-0.6203204740394657
last,4,6,-0.40041511500538896,-0.6203204740394657
measure,4,6,-0.40041511500538896,-0.6203204740394657
netanyahu,4,6,-0.40041511500538896,-0.6203204740394657
paying,4,6,-0.40041511500538896,-0.6203204740394657
performance,4,6,-0.40041511500538896,-0.6203204740394657
person,4,6,-0.40041511500538896,-0.6203204740394657
pressures,4,6,-0.40041511500538896,-0.6203204740394657
retirement,4,6,-0.40041511500538896,-0.6203204740394657
sites,4,6,-0.40041511500538896,-0.6203204740394657
syrian,4,6,-0.40041511500538896,-0.6203204740394657
ticket,4,6,-0.40041511500538896,-0.6203204740394657
unlawful,4,6,-0.40041511500538896,-0.6203204740394657
withdrawals,4,6,-0.40041511500538896,-0.6203204740394657
york's,4,6,-0.40041511500538896,-0.6203204740394657
home,9,12,-0.28264518967823626,-0.6409790859458446
permanent,9,12,-0.28264518967823626,-0.6409790859458446
production,9,12,-0.28264518967823626,-0.6409790859458446
restrict,9,12,-0.28264518967823626,-0.6409790859458446
systems,9,12,-0.28264518967823626,-0.6409790859458446
responsibility,26,31,-0.17087951948890812,-0.6425695432903461
agenda,16,20,-0.21811963762580788,-0.6503071608235931
parents,16,20,-0.21811963762580788,-0.6503071608235931
polling,16,20,-0.21811963762580788,-0.6503071608235931
cultural,100,110,-0.09036129797955272,-0.6539871050401949
search,15,19,-0.231364930210189,-0.6698545809561487
but,8,11,-0.31341691184239373,-0.6745078267602818
demographics,8,11,-0.31341691184239373,-0.6745078267602818
israel,8,11,-0.31341691184239373,-0.6745078267602818
midterm,8,11,-0.31341691184239373,-0.6745078267602818
one,8,11,-0.31341691184239373,-0.6745078267602818
secretary,8,11,-0.31341691184239373,-0.6745078267602818
system,8,11,-0.31341691184239373,-0.6745078267602818
stimulus,23,28,-0.1916993469221726,-0.6812060693908575
allegations,33,39,-0.162055904744709,-0.6851535538042905
fairness,33,39,-0.162055904744709,-0.6851535538042905
mueller,33,39,-0.162055904744709,-0.6851535538042905
fed,14,18,-0.246290646020352,-0.6911514592425132
20,3,5,-0.5057756829575997,-0.6925619293294875
advisers,3,5,-0.5057756829575997,-0.6925619293294875
assess,3,5,-0.5057756829575997,-0.6925619293294875
cities,3,5,-0.5057756829575997,-0.6925619293294875
closure,3,5,-0.5057756829575997,-0.6925619293294875
constrain,3,5,-0.5057756829575997,-0.6925619293294875
declassified,3,5,-0.5057756829575997,-0.6925619293294875
enhanced,3,5,-0.5057756829575997,-0.6925619293294875
female,3,5,-0.5057756829575997,-0.6925619293294875
incident,3,5,-0.5057756829575997,-0.6925619293294875
influenced,3,5,-0.5057756829575997,-0.6925619293294875
investor,3,5,-0.5057756829575997,-0.6925619293294875
kashuv's,3,5,-0.5057756829575997,-0.6925619293294875
kenyan,3,5,-0.5057756829575997,-0.6925619293294875
linking,3,5,-0.5057756829575997,-0.6925619293294875
litigation,3,5,-0.5057756829575997,-0.6925619293294875
official,3,5,-0.5057756829575997,-0.6925619293294875
organizational,3,5,-0.5057756829575997,-0.6925619293294875
prude,3,5,-0.5057756829575997,-0.6925619293294875
re,3,5,-0.5057756829575997,-0.6925619293294875
reliance,3,5,-0.5057756829575997,-0.6925619293294875
retaliatory,3,5,-0.5057756829575997,-0.6925619293294875
returning,3,5,-0.5057756829575997,-0.6925619293294875
save,3,5,-0.5057756829575997,-0.6925619293294875
seats,3,5,-0.5057756829575997,-0.6925619293294875
swimmers,3,5,-0.5057756829575997,-0.6925619293294875
tea,3,5,-0.5057756829575997,-0.6925619293294875
trends,3,5,-0.5057756829575997,-0.6925619293294875
vip,3,5,-0.5057756829575997,-0.6925619293294875
ways,3,5,-0.5057756829575997,-0.6925619293294875
iran,31,37,-0.17193266155919495,-0.7061316349999401
brexit,7,10,-0.35163818705061267,-0.7135437767142088
cyber,7,10,-0.35163818705061267,-0.7135437767142088
fulfill,7,10,-0.35163818705061267,-0.7135437767142088
lockdowns,7,10,-0.35163818705061267,-0.7135437767142088
nominee,7,10,-0.35163818705061267,-0.7135437767142088
ongoing,7,10,-0.35163818705061267,-0.7135437767142088
past,7,10,-0.35163818705061267,-0.7135437767142088
short,7,10,-0.35163818705061267,-0.7135437767142088
stocks,7,10,-0.35163818705061267,-0.7135437767142088
conflict,13,17,-0.26324026963584757,-0.7144763648787819
integrity,13,17,-0.26324026963584757,-0.7144763648787819
york,13,17,-0.26324026963584757,-0.7144763648787819
opinion,54,62,-0.13317763301417074,-0.7154759688466804
vote,41,48,-0.1526436668709934,-0.7177882811534227
authorities,20,25,-0.21813280283894798,-0.7271093929750501
confirmation,20,25,-0.21813280283894798,-0.7271093929750501
implement,20,25,-0.21813280283894798,-0.7271093929750501
he,12,16,-0.28265842043621525,-0.7401735418910459
personnel,12,16,-0.28265842043621525,-0.7401735418910459
southern,12,16,-0.28265842043621525,-0.7401735418910459
stop,27,33,-0.19567291492303873,-0.7540392822529689
adoption,6,9,-0.4004284119959092,-0.7597595484665169
broad,6,9,-0.4004284119959092,-0.7597595484665169
gain,6,9,-0.4004284119959092,-0.7597595484665169
harris's,6,9,-0.4004284119959092,-0.7597595484665169
information,6,9,-0.4004284119959092,-0.7597595484665169
institutions,6,9,-0.4004284119959092,-0.7597595484665169
origins,6,9,-0.4004284119959092,-0.7597595484665169
savings,6,9,-0.4004284119959092,-0.7597595484665169
terms,6,9,-0.4004284119959092,-0.7597595484665169
twitter's,6,9,-0.4004284119959092,-0.7597595484665169
time,18,23,-0.24011184149871845,-0.7629952790865263
board,11,15,-0.3051313407838201,-0.76867391969076
carry,11,15,-0.3051313407838201,-0.76867391969076
deficit,11,15,-0.3051313407838201,-0.76867391969076
race,11,15,-0.3051313407838201,-0.76867391969076
000,46,54,-0.15537047763022827,-0.7743625230535207
jury,25,31,-0.21011373173759829,-0.7816481490520906
decision,44,52,-0.16208204529514258,-0.7912747940448359
acceptance,2,4,-0.6880972785785442,-0.7945463649007827
accounts,2,4,-0.6880972785785442,-0.7945463649007827
activist,2,4,-0.6880972785785442,-0.7945463649007827
allege,2,4,-0.6880972785785442,-0.7945463649007827
applicants,2,4,-0.6880972785785442,-0.7945463649007827
assurances,2,4,-0.6880972785785442,-0.7945463649007827
banks,2,4,-0.6880972785785442,-0.7945463649007827
barrier,2,4,-0.6880972785785442,-0.7945463649007827
become,2,4,-0.6880972785785442,-0.7945463649007827
bigotry,2,4,-0.6880972785785442,-0.7945463649007827
combat,2,4,-0.6880972785785442,-0.7945463649007827
comedians,2,4,-0.6880972785785442,-0.7945463649007827
comply,2,4,-0.6880972785785442,-0.7945463649007827
conditioning,2,4,-0.6880972785785442,-0.7945463649007827
conference,2,4,-0.6880972785785442,-0.7945463649007827
defections,2,4,-0.6880972785785442,-0.7945463649007827
deploy,2,4,-0.6880972785785442,-0.7945463649007827
deployments,2,4,-0.6880972785785442,-0.7945463649007827
endorsements,2,4,-0.6880972785785442,-0.7945463649007827
english,2,4,-0.6880972785785442,-0.7945463649007827
field,2,4,-0.6880972785785442,-0.7945463649007827
floods,2,4,-0.6880972785785442,-0.7945463649007827
gymnastics,2,4,-0.6880972785785442,-0.7945463649007827
hacking,2,4,-0.6880972785785442,-0.7945463649007827
impacting,2,4,-0.6880972785785442,-0.7945463649007827
improved,2,4,-0.6880972785785442,-0.7945463649007827
initiatives,2,4,-0.6880972785785442,-0.7945463649007827
inspections,2,4,-0.6880972785785442,-0.7945463649007827
instability,2,4,-0.6880972785785442,-0.7945463649007827
king,2,4,-0.6880972785785442,-0.7945463649007827
loyalty,2,4,-0.6880972785785442,-0.7945463649007827
march,2,4,-0.6880972785785442,-0.7945463649007827
militants,2,4,-0.6880972785785442,-0.7945463649007827
nations,2,4,-0.6880972785785442,-0.7945463649007827
ohio,2,4,-0.6880972785785442,-0.7945463649007827
outbreak,2,4,-0.6880972785785442,-0.7945463649007827
oval,2,4,-0.6880972785785442,-0.7945463649007827
overriding,2,4,-0.6880972785785442,-0.7945463649007827
panel's,2,4,-0.6880972785785442,-0.7945463649007827
partnerships,2,4,-0.6880972785785442,-0.7945463649007827
permissible,2,4,-0.6880972785785442,-0.7945463649007827
port,2,4,-0.6880972785785442,-0.7945463649007827
proof,2,4,-0.6880972785785442,-0.7945463649007827
proven,2,4,-0.6880972785785442,-0.7945463649007827
pull,2,4,-0.6880972785785442,-0.7945463649007827
recognize,2,4,-0.6880972785785442,-0.7945463649007827
reduces,2,4,-0.6880972785785442,-0.7945463649007827
reluctance,2,4,-0.6880972785785442,-0.7945463649007827
restrictive,2,4,-0.6880972785785442,-0.7945463649007827
seven,2,4,-0.6880972785785442,-0.7945463649007827
severe,2,4,-0.6880972785785442,-0.7945463649007827
shifted,2,4,-0.6880972785785442,-0.7945463649007827
team,2,4,-0.6880972785785442,-0.7945463649007827
threatened,2,4,-0.6880972785785442,-0.7945463649007827
tight,2,4,-0.6880972785785442,-0.7945463649007827
treated,2,4,-0.6880972785785442,-0.7945463649007827
turn,2,4,-0.6880972785785442,-0.7945463649007827
turning,2,4,-0.6880972785785442,-0.7945463649007827
voice,2,4,-0.6880972785785442,-0.7945463649007827
governor,10,14,-0.331448713026564,-0.8005247523953748
deadly,5,8,-0.46496699142280207,-0.8156061181715529
distancing,5,8,-0.46496699142280207,-0.8156061181715529
guard,5,8,-0.46496699142280207,-0.8156061181715529
import,5,8,-0.46496699142280207,-0.8156061181715529
influencing,5,8,-0.46496699142280207,-0.8156061181715529
potentially,5,8,-0.46496699142280207,-0.8156061181715529
prosecuting,5,8,-0.46496699142280207,-0.8156061181715529
reasons,5,8,-0.46496699142280207,-0.8156061181715529
safely,5,8,-0.46496699142280207,-0.8156061181715529
billion,51,60,-0.15755986395582156,-0.8272653811136832
hospital,15,20,-0.2826716524411683,-0.8275779167540973
supports,15,20,-0.2826716524411683,-0.8275779167540973
roe,22,28,-0.23616460729399336,-0.8289344648680663
under,89,101,-0.12156289409614995,-0.8361418291620505
insurance,9,13,-0.36270131971285835,-0.8364322270782351
votes,9,13,-0.36270131971285835,-0.8364322270782351
using,39,47,-0.18161424849144847,-0.8384592389721055
court,119,133,-0.10632930344284208,-0.8426593210038972
other,21,27,-0.24631704466435256,-0.8465749354066662
protecting,72,83,-0.13724091481597966,-0.8521637956229785
g7,14,19,-0.30037129453451605,-0.8527904048488412
county,8,12,-0.4004417098813615,-0.8773238938625066
employee,8,12,-0.4004417098813615,-0.8773238938625066
marriage,8,12,-0.4004417098813615,-0.8773238938625066
voters,180,198,-0.09046368598434373,-0.8784099700716217
birth,4,7,-0.5545792042320699,-0.8848023904412509
condemning,4,7,-0.5545792042320699,-0.8848023904412509
declaring,4,7,-0.5545792042320699,-0.8848023904412509
entry,4,7,-0.5545792042320699,-0.8848023904412509
european,4,7,-0.5545792042320699,-0.8848023904412509
insurers,4,7,-0.5545792042320699,-0.8848023904412509
only,4,7,-0.5545792042320699,-0.8848023904412509
opportunity,4,7,-0.5545792042320699,-0.8848023904412509
origin,4,7,-0.5545792042320699,-0.8848023904412509
pompeo's,4,7,-0.5545792042320699,-0.8848023904412509
send,4,7,-0.5545792042320699,-0.8848023904412509
shareholders,4,7,-0.5545792042320699,-0.8848023904412509
strengthening,4,7,-0.5545792042320699,-0.8848023904412509
surplus,4,7,-0.5545792042320699,-0.8848023904412509
testify,4,7,-0.5545792042320699,-0.8848023904412509
agencies,19,25,-0.2694395934880802,-0.8852825656438549
boost,25,32,-0.2418758628182589,-0.9061500679961574
grand,25,32,-0.2418758628182589,-0.9061500679961574
rather,18,24,-0.28268488569326955,-0.9066086270263731
win,18,24,-0.28268488569326955,-0.9066086270263731
politicizing,12,17,-0.34329646811980474,-0.9105115330093373
higher,24,31,-0.2509492249033096,-0.9229772827470126
clinics,7,11,-0.4469617863175124,-0.9244417187787759
equipment,7,11,-0.4469617863175124,-0.9244417187787759
hiring,7,11,-0.4469617863175124,-0.9244417187787759
solutions,7,11,-0.4469617863175124,-0.9244417187787759
workplace,7,11,-0.4469617863175124,-0.9244417187787759
hikes,11,16,-0.3696832869824913,-0.9438528687048832
whether,11,16,-0.3696832869824913,-0.9438528687048832
accuse,1,3,-1.0935623761381397,-0.9470529046301704
actors,1,3,-1.0935623761381397,-0.9470529046301704
alleging,1,3,-1.0935623761381397,-0.9470529046301704
antibody,1,3,-1.0935623761381397,-0.9470529046301704
arise,1,3,-1.0935623761381397,-0.9470529046301704
assessments,1,3,-1.0935623761381397,-0.9470529046301704
assets,1,3,-1.0935623761381397,-0.9470529046301704
associates,1,3,-1.0935623761381397,-0.9470529046301704
audit,1,3,-1.0935623761381397,-0.9470529046301704
ballots,1,3,-1.0935623761381397,-0.9470529046301704
bathroom,1,3,-1.0935623761381397,-0.9470529046301704
battles,1,3,-1.0935623761381397,-0.9470529046301704
bear,1,3,-1.0935623761381397,-0.9470529046301704
because,1,3,-1.0935623761381397,-0.9470529046301704
borrowing,1,3,-1.0935623761381397,-0.9470529046301704
breakdown,1,3,-1.0935623761381397,-0.9470529046301704
centered,1,3,-1.0935623761381397,-0.9470529046301704
contest,1,3,-1.0935623761381397,-0.9470529046301704
decades,1,3,-1.0935623761381397,-0.9470529046301704
define,1,3,-1.0935623761381397,-0.9470529046301704
democrat,1,3,-1.0935623761381397,-0.9470529046301704
disciplinary,1,3,-1.0935623761381397,-0.9470529046301704
divisive,1,3,-1.0935623761381397,-0.9470529046301704
dossier,1,3,-1.0935623761381397,-0.9470529046301704
doubt,1,3,-1.0935623761381397,-0.9470529046301704
durham,1,3,-1.0935623761381397,-0.9470529046301704
eurozone,1,3,-1.0935623761381397,-0.9470529046301704
expression,1,3,-1.0935623761381397,-0.9470529046301704
extradition,1,3,-1.0935623761381397,-0.9470529046301704
far,1,3,-1.0935623761381397,-0.9470529046301704
federalism,1,3,-1.0935623761381397,-0.9470529046301704
fedex,1,3,-1.0935623761381397,-0.9470529046301704
fewer,1,3,-1.0935623761381397,-0.9470529046301704
fringe,1,3,-1.0935623761381397,-0.9470529046301704
guide,1,3,-1.0935623761381397,-0.9470529046301704
hostile,1,3,-1.0935623761381397,-0.9470529046301704
imposed,1,3,-1.0935623761381397,-0.9470529046301704
incidents,1,3,-1.0935623761381397,-0.9470529046301704
inspector,1,3,-1.0935623761381397,-0.9470529046301704
judges,1,3,-1.0935623761381397,-0.9470529046301704
jurisdiction,1,3,-1.0935623761381397,-0.9470529046301704
label,1,3,-1.0935623761381397,-0.9470529046301704
leaves,1,3,-1.0935623761381397,-0.9470529046301704
letting,1,3,-1.0935623761381397,-0.9470529046301704
limitations,1,3,-1.0935623761381397,-0.9470529046301704
macron's,1,3,-1.0935623761381397,-0.9470529046301704
match,1,3,-1.0935623761381397,-0.9470529046301704
meaning,1,3,-1.0935623761381397,-0.9470529046301704
moskva,1,3,-1.0935623761381397,-0.9470529046301704
network,1,3,-1.0935623761381397,-0.9470529046301704
opening,1,3,-1.0935623761381397,-0.9470529046301704
operatives,1,3,-1.0935623761381397,-0.9470529046301704
optics,1,3,-1.0935623761381397,-0.9470529046301704
orders,1,3,-1.0935623761381397,-0.9470529046301704
oriented,1,3,-1.0935623761381397,-0.9470529046301704
owned,1,3,-1.0935623761381397,-0.9470529046301704
partisanship,1,3,-1.0935623761381397,-0.9470529046301704
persuade,1,3,-1.0935623761381397,-0.9470529046301704
polish,1,3,-1.0935623761381397,-0.9470529046301704
posturing,1,3,-1.0935623761381397,-0.9470529046301704
provoke,1,3,-1.0935623761381397,-0.9470529046301704
pump,1,3,-1.0935623761381397,-0.9470529046301704
recognizing,1,3,-1.0935623761381397,-0.9470529046301704
reconcile,1,3,-1.0935623761381397,-0.9470529046301704
removed,1,3,-1.0935623761381397,-0.9470529046301704
requests,1,3,-1.0935623761381397,-0.9470529046301704
resume,1,3,-1.0935623761381397,-0.9470529046301704
retailer,1,3,-1.0935623761381397,-0.9470529046301704
rican,1,3,-1.0935623761381397,-0.9470529046301704
rocket,1,3,-1.0935623761381397,-0.9470529046301704
roles,1,3,-1.0935623761381397,-0.9470529046301704
roof,1,3,-1.0935623761381397,-0.9470529046301704
safeguarding,1,3,-1.0935623761381397,-0.9470529046301704
sanctuary,1,3,-1.0935623761381397,-0.9470529046301704
scam,1,3,-1.0935623761381397,-0.9470529046301704
scott's,1,3,-1.0935623761381397,-0.9470529046301704
securing,1,3,-1.0935623761381397,-0.9470529046301704
shaped,1,3,-1.0935623761381397,-0.9470529046301704
shareholder,1,3,-1.0935623761381397,-0.9470529046301704
shipment,1,3,-1.0935623761381397,-0.9470529046301704
skeptical,1,3,-1.0935623761381397,-0.9470529046301704
solidify,1,3,-1.0935623761381397,-0.9470529046301704
steele,1,3,-1.0935623761381397,-0.9470529046301704
store,1,3,-1.0935623761381397,-0.9470529046301704
story,1,3,-1.0935623761381397,-0.9470529046301704
suspensions,1,3,-1.0935623761381397,-0.9470529046301704
takeover,1,3,-1.0935623761381397,-0.9470529046301704
teacher,1,3,-1.0935623761381397,-0.9470529046301704
technology,1,3,-1.0935623761381397,-0.9470529046301704
teenage,1,3,-1.0935623761381397,-0.9470529046301704
theory,1,3,-1.0935623761381397,-0.9470529046301704
tools,1,3,-1.0935623761381397,-0.9470529046301704
trafficking,1,3,-1.0935623761381397,-0.9470529046301704
truth,1,3,-1.0935623761381397,-0.9470529046301704
unanimous,1,3,-1.0935623761381397,-0.9470529046301704
uncertainty,1,3,-1.0935623761381397,-0.9470529046301704
undocumented,1,3,-1.0935623761381397,-0.9470529046301704
validate,1,3,-1.0935623761381397,-0.9470529046301704
weak,1,3,-1.0935623761381397,-0.9470529046301704
workweek,1,3,-1.0935623761381397,-0.9470529046301704
children,16,22,-0.3134566746383509,-0.9540191363445416
reducing,16,22,-0.3134566746383509,-0.9540191363445416
policy,204,225,-0.09317275915094303,-0.9637550852539558
constitutional,165,184,-0.10415823390540968,-0.9714753983247794
2021,3,6,-0.688110643039284,-0.9731354856982865
allocate,3,6,-0.688110643039284,-0.9731354856982865
blame,3,6,-0.688110643039284,-0.9731354856982865
certain,3,6,-0.688110643039284,-0.9731354856982865
cheney,3,6,-0.688110643039284,-0.9731354856982865
children's,3,6,-0.688110643039284,-0.9731354856982865
continuity,3,6,-0.688110643039284,-0.9731354856982865
cross,3,6,-0.688110643039284,-0.9731354856982865
decline,3,6,-0.688110643039284,-0.9731354856982865
defeat,3,6,-0.688110643039284,-0.9731354856982865
destruction,3,6,-0.688110643039284,-0.9731354856982865
drugs,3,6,-0.688110643039284,-0.9731354856982865
fees,3,6,-0.688110643039284,-0.9731354856982865
floridians,3,6,-0.688110643039284,-0.9731354856982865
indicating,3,6,-0.688110643039284,-0.9731354856982865
israel's,3,6,-0.688110643039284,-0.9731354856982865
labeling,3,6,-0.688110643039284,-0.9731354856982865
lynch,3,6,-0.688110643039284,-0.9731354856982865
nation,3,6,-0.688110643039284,-0.9731354856982865
partial,3,6,-0.688110643039284,-0.9731354856982865
procedural,3,6,-0.688110643039284,-0.9731354856982865
projected,3,6,-0.688110643039284,-0.9731354856982865
recount,3,6,-0.688110643039284,-0.9731354856982865
result,3,6,-0.688110643039284,-0.9731354856982865
sharing,3,6,-0.688110643039284,-0.9731354856982865
ship,3,6,-0.688110643039284,-0.9731354856982865
swap,3,6,-0.688110643039284,-0.9731354856982865
fair,36,45,-0.21818547965081247,-0.9757551957430833
events,6,10,-0.5058023451287905,-0.9794821043174758
make,6,10,-0.5058023451287905,-0.9794821043174758
refusing,6,10,-0.5058023451287905,-0.9794821043174758
requirements,6,10,-0.5058023451287905,-0.9794821043174758
saving,6,10,-0.5058023451287905,-0.9794821043174758
sex,6,10,-0.5058023451287905,-0.9794821043174758
agreement,15,21,-0.33147524488764013,-0.9805170672273033
regulatory,15,21,-0.33147524488764013,-0.9805170672273033
ties,10,15,-0.4004550086618419,-0.9809105077094419
with,205,227,-0.09714579612880225,-1.0082588131886647
allowing,26,34,-0.2632931388783888,-1.010625098650619
obama's,50,61,-0.19391873966383244,-1.0165020059031464
accused,9,14,-0.43682271496303393,-1.022413559254961
damage,19,26,-0.30867373720245617,-1.0227204224827446
strengthen,119,136,-0.1286754252683524,-1.0251053177179277
extent,5,9,-0.5827634419425092,-1.0448033902757954
forgiveness,5,9,-0.5827634419425092,-1.0448033902757954
growing,5,9,-0.5827634419425092,-1.0448033902757954
industry,5,9,-0.5827634419425092,-1.0448033902757954
mcconnell,5,9,-0.5827634419425092,-1.0448033902757954
risking,5,9,-0.5827634419425092,-1.0448033902757954
current,18,25,-0.3235203103454367,-1.0465828418660852
bipartisan,38,48,-0.22867008451398618,-1.0531071798259632
prosecute,8,13,-0.4804978394124664,-1.0692973590745387
terrorism,8,13,-0.4804978394124664,-1.0692973590745387
gov,12,18,-0.40046830833743385,-1.0745693107096586
restoring,12,18,-0.40046830833743385,-1.0745693107096586
debate,29,38,-0.2653327190857606,-1.076079192653
age,2,5,-0.9112542217787531,-1.0891572225760489
agency,2,5,-0.9112542217787531,-1.0891572225760489
blaming,2,5,-0.9112542217787531,-1.0891572225760489
cite,2,5,-0.9112542217787531,-1.0891572225760489
considering,2,5,-0.9112542217787531,-1.0891572225760489
dismissal,2,5,-0.9112542217787531,-1.0891572225760489
driving,2,5,-0.9112542217787531,-1.0891572225760489
examine,2,5,-0.9112542217787531,-1.0891572225760489
frustration,2,5,-0.9112542217787531,-1.0891572225760489
governors,2,5,-0.9112542217787531,-1.0891572225760489
history,2,5,-0.9112542217787531,-1.0891572225760489
improvements,2,5,-0.9112542217787531,-1.0891572225760489
lapses,2,5,-0.9112542217787531,-1.0891572225760489
less,2,5,-0.9112542217787531,-1.0891572225760489
logistics,2,5,-0.9112542217787531,-1.0891572225760489
maternal,2,5,-0.9112542217787531,-1.0891572225760489
opposed,2,5,-0.9112542217787531,-1.0891572225760489
pledges,2,5,-0.9112542217787531,-1.0891572225760489
present,2,5,-0.9112542217787531,-1.0891572225760489
quarantine,2,5,-0.9112542217787531,-1.0891572225760489
responsibilities,2,5,-0.9112542217787531,-1.0891572225760489
seat,2,5,-0.9112542217787531,-1.0891572225760489
shooter,2,5,-0.9112542217787531,-1.0891572225760489
shutdowns,2,5,-0.9112542217787531,-1.0891572225760489
subsidies,2,5,-0.9112542217787531,-1.0891572225760489
urge,2,5,-0.9112542217787531,-1.0891572225760489
traditions,28,37,-0.27375585742368624,-1.0929156631423744
defenses,11,17,-0.43032133440354947,-1.1120765874720846
limiting,11,17,-0.43032133440354947,-1.1120765874720846
its,41,52,-0.2327401255405981,-1.1143546258115649
improve,67,81,-0.1848636247970301,-1.1194392941109075
appointing,7,12,-0.5339865836642588,-1.122776261022925
casualties,7,12,-0.5339865836642588,-1.122776261022925
comment,7,12,-0.5339865836642588,-1.122776261022925
keeping,7,12,-0.5339865836642588,-1.122776261022925
removing,7,12,-0.5339865836642588,-1.122776261022925
rescinding,7,12,-0.5339865836642588,-1.122776261022925
times,7,12,-0.5339865836642588,-1.122776261022925
victory,7,12,-0.5339865836642588,-1.122776261022925
centers,4,8,-0.6881240080394964,-1.1237018942075574
chains,4,8,-0.6881240080394964,-1.1237018942075574
money,4,8,-0.6881240080394964,-1.1237018942075574
monitoring,4,8,-0.6881240080394964,-1.1237018942075574
punishment,4,8,-0.6881240080394964,-1.1237018942075574
suggest,4,8,-0.6881240080394964,-1.1237018942075574
undecided,4,8,-0.6881240080394964,-1.1237018942075574
vice,4,8,-0.6881240080394964,-1.1237018942075574
control,40,51,-0.23801471798934948,-1.1269333483693327
countries,15,22,-0.3780086891986798,-1.128906366585568
there,15,22,-0.3780086891986798,-1.128906366585568
authorization,10,16,-0.4650069545289739,-1.1535403701454565
household,10,16,-0.4650069545289739,-1.1535403701454565
fraud,19,27,-0.3464274960727085,-1.156890227735938
attacks,80,96,-0.1774546870713527,-1.1722271627432692
of,787,838,-0.0583515038775726,-1.175532865491961
that,179,203,-0.12105454656728121,-1.1806576563480802
travel,18,26,-0.36275445396652906,-1.1830670886232877
negotiating,6,11,-0.6011259434047194,-1.18443985790063
verification,6,11,-0.6011259434047194,-1.18443985790063
leadership,29,39,-0.2913216402698744,-1.1880907733920998
residents,23,32,-0.325284468464929,-1.18992864825008
across,13,20,-0.42579948030093107,-1.195184254542377
barr,9,15,-0.5058290101708316,-1.1996789255875608
taking,9,15,-0.5058290101708316,-1.1996789255875608
united,28,38,-0.3004375389998657,-1.206293736089254
avoid,17,25,-0.3806922190111175,-1.2109991870654289
allow,22,31,-0.33798759768805464,-1.2124254605063836
balancing,3,7,-0.8422747282583565,-1.2205721545831527
basis,3,7,-0.8422747282583565,-1.2205721545831527
break,3,7,-0.8422747282583565,-1.2205721545831527
campaigning,3,7,-0.8422747282583565,-1.2205721545831527
commitment,3,7,-0.8422747282583565,-1.2205721545831527
concessions,3,7,-0.8422747282583565,-1.2205721545831527
criticisms,3,7,-0.8422747282583565,-1.2205721545831527
doctors,3,7,-0.8422747282583565,-1.2205721545831527
exposure,3,7,-0.8422747282583565,-1.2205721545831527
focused,3,7,-0.8422747282583565,-1.2205721545831527
governing,3,7,-0.8422747282583565,-1.2205721545831527
granting,3,7,-0.8422747282583565,-1.2205721545831527
involvement,3,7,-0.8422747282583565,-1.2205721545831527
lying,3,7,-0.8422747282583565,-1.2205721545831527
message,3,7,-0.8422747282583565,-1.2205721545831527
narrative,3,7,-0.8422747282583565,-1.2205721545831527
parliamentary,3,7,-0.8422747282583565,-1.2205721545831527
proper,3,7,-0.8422747282583565,-1.2205721545831527
sway,3,7,-0.8422747282583565,-1.2205721545831527
unite,3,7,-0.8422747282583565,-1.2205721545831527
upholding,3,7,-0.8422747282583565,-1.2205721545831527
first,27,37,-0.31013700132279,-1.2253111098333844
laws,72,88,-0.1958043480692675,-1.2321680812265479
academic,1,4,-1.3812578077537268,-1.2354347177914824
accurately,1,4,-1.3812578077537268,-1.2354347177914824
attract,1,4,-1.3812578077537268,-1.2354347177914824
both,1,4,-1.3812578077537268,-1.2354347177914824
boxes,1,4,-1.3812578077537268,-1.2354347177914824
budgetary,1,4,-1.3812578077537268,-1.2354347177914824
canada's,1,4,-1.3812578077537268,-1.2354347177914824
card,1,4,-1.3812578077537268,-1.2354347177914824
ceremonies,1,4,-1.3812578077537268,-1.2354347177914824
competitive,1,4,-1.3812578077537268,-1.2354347177914824
containment,1,4,-1.3812578077537268,-1.2354347177914824
correctly,1,4,-1.3812578077537268,-1.2354347177914824
corrupt,1,4,-1.3812578077537268,-1.2354347177914824
credentials,1,4,-1.3812578077537268,-1.2354347177914824
damaging,1,4,-1.3812578077537268,-1.2354347177914824
deciding,1,4,-1.3812578077537268,-1.2354347177914824
dispute,1,4,-1.3812578077537268,-1.2354347177914824
disrupt,1,4,-1.3812578077537268,-1.2354347177914824
earners,1,4,-1.3812578077537268,-1.2354347177914824
estimated,1,4,-1.3812578077537268,-1.2354347177914824
exchanges,1,4,-1.3812578077537268,-1.2354347177914824
facilities,1,4,-1.3812578077537268,-1.2354347177914824
freezing,1,4,-1.3812578077537268,-1.2354347177914824
germany's,1,4,-1.3812578077537268,-1.2354347177914824
hamas,1,4,-1.3812578077537268,-1.2354347177914824
impeach,1,4,-1.3812578077537268,-1.2354347177914824
involving,1,4,-1.3812578077537268,-1.2354347177914824
joint,1,4,-1.3812578077537268,-1.2354347177914824
leader,1,4,-1.3812578077537268,-1.2354347177914824
management,1,4,-1.3812578077537268,-1.2354347177914824
mandatory,1,4,-1.3812578077537268,-1.2354347177914824
minors,1,4,-1.3812578077537268,-1.2354347177914824
nationals,1,4,-1.3812578077537268,-1.2354347177914824
nominations,1,4,-1.3812578077537268,-1.2354347177914824
older,1,4,-1.3812578077537268,-1.2354347177914824
pharmacies,1,4,-1.3812578077537268,-1.2354347177914824
portray,1,4,-1.3812578077537268,-1.2354347177914824
premiums,1,4,-1.3812578077537268,-1.2354347177914824
prior,1,4,-1.3812578077537268,-1.2354347177914824
prioritized,1,4,-1.3812578077537268,-1.2354347177914824
prisoner,1,4,-1.3812578077537268,-1.2354347177914824
promised,1,4,-1.3812578077537268,-1.2354347177914824
purchasing,1,4,-1.3812578077537268,-1.2354347177914824
reaction,1,4,-1.3812578077537268,-1.2354347177914824
refinery,1,4,-1.3812578077537268,-1.2354347177914824
repairs,1,4,-1.3812578077537268,-1.2354347177914824
resisting,1,4,-1.3812578077537268,-1.2354347177914824
shifting,1,4,-1.3812578077537268,-1.2354347177914824
sponsors,1,4,-1.3812578077537268,-1.2354347177914824
study,1,4,-1.3812578077537268,-1.2354347177914824
sufficiency,1,4,-1.3812578077537268,-1.2354347177914824
talking,1,4,-1.3812578077537268,-1.2354347177914824
threatens,1,4,-1.3812578077537268,-1.2354347177914824
tying,1,4,-1.3812578077537268,-1.2354347177914824
viewers,1,4,-1.3812578077537268,-1.2354347177914824
wasteful,1,4,-1.3812578077537268,-1.2354347177914824
withhold,1,4,-1.3812578077537268,-1.2354347177914824
forces,16,24,-0.40049491037433427,-1.2408881850049882
all,26,36,-0.32047842025482964,-1.245205131067431
americans,53,67,-0.22950871235254766,-1.2484866981113112
accusations,8,14,-0.5546192340974656,-1.2513898601466014
maintaining,8,14,-0.5546192340974656,-1.2513898601466014
those,8,14,-0.5546192340974656,-1.2513898601466014
alliance,5,10,-0.6881373735792184,-1.2563613129740714
behind,5,10,-0.6881373735792184,-1.2563613129740714
committee's,5,10,-0.6881373735792184,-1.2563613129740714
creating,5,10,-0.6881373735792184,-1.2563613129740714
keep,5,10,-0.6881373735792184,-1.2563613129740714
sending,5,10,-0.6881373735792184,-1.2563613129740714
mandate,25,35,-0.3315283214713167,-1.2660447802475274
harming,15,23,-0.42247388081625203,-1.2729684656356175
backing,11,18,-0.4874931743311457,-1.2738027094307978
budgets,11,18,-0.4874931743311457,-1.2738027094307978
requiring,11,18,-0.4874931743311457,-1.2738027094307978
troops,30,41,-0.3074438790723928,-1.2796442899427871
over,149,173,-0.14458158805950116,-1.2936037627366268
rules,29,40,-0.3166528832814848,-1.2983384740343633
help,35,47,-0.2898818444322169,-1.2983658122884139
voter,64,80,-0.21827772555978875,-1.3015569760237162
fairly,7,13,-0.6140427124246681,-1.3097979754176514
intervention,7,13,-0.6140427124246681,-1.3097979754176514
skepticism,7,13,-0.6140427124246681,-1.3097979754176514
strict,7,13,-0.6140427124246681,-1.3097979754176514
pro,18,27,-0.4005082127358257,-1.3162043914908717
appeal,10,17,-0.5256450015854899,-1.3189707090241536
warnings,10,17,-0.5256450015854899,-1.3189707090241536
capacity,141,165,-0.15242239618797448,-1.329044827501661
allows,2,6,-1.093589172883398,-1.339367881192828
approaches,2,6,-1.093589172883398,-1.339367881192828
approving,2,6,-1.093589172883398,-1.339367881192828
beliefs,2,6,-1.093589172883398,-1.339367881192828
biased,2,6,-1.093589172883398,-1.339367881192828
bring,2,6,-1.093589172883398,-1.339367881192828
cdc's,2,6,-1.093589172883398,-1.339367881192828
choices,2,6,-1.093589172883398,-1.339367881192828
fighting,2,6,-1.093589172883398,-1.339367881192828
manchin's,2,6,-1.093589172883398,-1.339367881192828
principles,2,6,-1.093589172883398,-1.339367881192828
remains,2,6,-1.093589172883398,-1.339367881192828
returns,2,6,-1.093589172883398,-1.339367881192828
appointment,4,9,-0.8059204561279234,-1.3411328271164187
protocols,4,9,-0.8059204561279234,-1.3411328271164187
treatments,4,9,-0.8059204561279234,-1.3411328271164187
choice,13,21,-0.47460307237747124,-1.3448456513623483
grounds,13,21,-0.47460307237747124,-1.3448456513623483
separation,13,21,-0.47460307237747124,-1.3448456513623483
drug,9,16,-0.5703809555704105,-1.368914401216028
honor,9,16,-0.5703809555704105,-1.368914401216028
everyday,6,12,-0.6881507396584805,-1.3763015951461877
remain,6,12,-0.6881507396584805,-1.3763015951461877
restricting,6,12,-0.6881507396584805,-1.3763015951461877
limit,25,36,-0.3597126322872617,-1.381694592595232
judge,12,20,-0.5058556780841919,-1.3853429343523165
actions,20,30,-0.40052151599279817,-1.3874473316463594
lower,15,24,-0.46504692462862884,-1.4129140901681798
s,167,195,-0.15029475298480577,-1.4254930510347734
guidance,11,19,-0.5415738221243274,-1.4294540953759272
claims,59,76,-0.2483438394697277,-1.431262652989818
capitalize,3,8,-0.975819527657416,-1.4413811146225255
compliance,3,8,-0.975819527657416,-1.4413811146225255
consider,3,8,-0.975819527657416,-1.4413811146225255
doj's,3,8,-0.975819527657416,-1.4413811146225255
duties,3,8,-0.975819527657416,-1.4413811146225255
eligibility,3,8,-0.975819527657416,-1.4413811146225255
expenses,3,8,-0.975819527657416,-1.4413811146225255
final,3,8,-0.975819527657416,-1.4413811146225255
objections,3,8,-0.975819527657416,-1.4413811146225255
region,3,8,-0.975819527657416,-1.4413811146225255
replacing,3,8,-0.975819527657416,-1.4413811146225255
house,119,143,-0.17895935973937327,-1.4422657849882998
data,18,28,-0.4368892879969959,-1.4461314828523517
changes,27,39,-0.3628076039607988,-1.4491676470925103
prices,27,39,-0.3628076039607988,-1.4491676470925103
expanding,14,23,-0.4914802444744186,-1.449883716483793
allocation,5,11,-0.783460970222956,-1.4525756453221041
impacts,5,11,-0.783460970222956,-1.4525756453221041
pence,5,11,-0.783460970222956,-1.4525756453221041
active,1,5,-1.6044147206564308,-1.4646238132138867
another,1,5,-1.6044147206564308,-1.4646238132138867
assigning,1,5,-1.6044147206564308,-1.4646238132138867
bannon,1,5,-1.6044147206564308,-1.4646238132138867
capabilities,1,5,-1.6044147206564308,-1.4646238132138867
code,1,5,-1.6044147206564308,-1.4646238132138867
conduct,1,5,-1.6044147206564308,-1.4646238132138867
consistent,1,5,-1.6044147206564308,-1.4646238132138867
convictions,1,5,-1.6044147206564308,-1.4646238132138867
distribute,1,5,-1.6044147206564308,-1.4646238132138867
dollars,1,5,-1.6044147206564308,-1.4646238132138867
drop,1,5,-1.6044147206564308,-1.4646238132138867
efficiency,1,5,-1.6044147206564308,-1.4646238132138867
facility,1,5,-1.6044147206564308,-1.4646238132138867
holidays,1,5,-1.6044147206564308,-1.4646238132138867
indictments,1,5,-1.6044147206564308,-1.4646238132138867
inflationary,1,5,-1.6044147206564308,-1.4646238132138867
maximum,1,5,-1.6044147206564308,-1.4646238132138867
misuse,1,5,-1.6044147206564308,-1.4646238132138867
overturns,1,5,-1.6044147206564308,-1.4646238132138867
prove,1,5,-1.6044147206564308,-1.4646238132138867
reliable,1,5,-1.6044147206564308,-1.4646238132138867
valid,1,5,-1.6044147206564308,-1.4646238132138867
withdrawing,1,5,-1.6044147206564308,-1.4646238132138867
proposals,26,38,-0.3745725100850006,-1.4717173777279517
planning,10,18,-0.5828168411210406,-1.4777105161809607
criticize,7,14,-0.688164106277318,-1.486604502023923
critics,7,14,-0.688164106277318,-1.486604502023923
decisions,7,14,-0.688164106277318,-1.486604502023923
statutes,7,14,-0.688164106277318,-1.486604502023923
criticism,25,37,-0.3871250405774127,-1.4952930578212609
than,34,48,-0.3399497295820382,-1.51658893150243
when,34,48,-0.3399497295820382,-1.51658893150243
relations,9,17,-0.6310190021263704,-1.5307402937432866
bias,12,21,-0.5546592698894504,-1.5327439481268545
controversy,4,10,-0.9112943851463289,-1.5403688042122694
emphasize,4,10,-0.9112943851463289,-1.5403688042122694
partnership,4,10,-0.9112943851463289,-1.5403688042122694
return,4,10,-0.9112943851463289,-1.5403688042122694
federal,223,258,-0.14116760054627697,-1.5439200559729898
strategy,32,46,-0.35801486617524336,-1.5552768063371736
abortions,2,7,-1.2477532484842158,-1.5562219180153039
bilateral,2,7,-1.2477532484842158,-1.5562219180153039
deterring,2,7,-1.2477532484842158,-1.5562219180153039
govern,2,7,-1.2477532484842158,-1.5562219180153039
mainstream,2,7,-1.2477532484842158,-1.5562219180153039
measured,2,7,-1.2477532484842158,-1.5562219180153039
others,2,7,-1.2477532484842158,-1.5562219180153039
races,2,7,-1.2477532484842158,-1.5562219180153039
rioters,2,7,-1.2477532484842158,-1.5562219180153039
successfully,2,7,-1.2477532484842158,-1.5562219180153039
swiftly,2,7,-1.2477532484842158,-1.5562219180153039
unilateral,2,7,-1.2477532484842158,-1.5562219180153039
level,6,13,-0.7682068672474358,-1.5564985643284628
procedures,6,13,-0.7682068672474358,-1.5564985643284628
violent,6,13,-0.7682068672474358,-1.5564985643284628
counterterrorism,11,20,-0.5928805434318285,-1.5794203393783992
such,11,20,-0.5928805434318285,-1.5794203393783992
preventing,14,24,-0.5340532880881579,-1.5880437659893194
per,8,16,-0.6881774734357684,-1.589277931906776
partisan,143,172,-0.17995383751614114,-1.5901500508387414
politics,17,28,-0.4940611962911472,-1.6068598452204568
supply,25,38,-0.4138067220087027,-1.6069009257890192
from,252,291,-0.13932609147647312,-1.6191211044009224
not,20,32,-0.465086901723633,-1.6316329095383804
heritage,5,12,-0.8704857647425186,-1.6353581478414636
obligation,5,12,-0.8704857647425186,-1.6353581478414636
stance,5,12,-0.8704857647425186,-1.6353581478414636
city,3,9,-1.0936159710703013,-1.640424140682401
enhance,3,9,-1.0936159710703013,-1.640424140682401
exemptions,3,9,-1.0936159710703013,-1.640424140682401
implementing,3,9,-1.0936159710703013,-1.640424140682401
kabul,3,9,-1.0936159710703013,-1.640424140682401
politicization,3,9,-1.0936159710703013,-1.640424140682401
messaging,61,81,-0.2787634360406521,-1.644368293489721
standing,7,15,-0.7571703999889436,-1.6541579444114003
consolidate,1,6,-1.7867496403414442,-1.654209073693457
customers,1,6,-1.7867496403414442,-1.654209073693457
discretion,1,6,-1.7867496403414442,-1.654209073693457
hurting,1,6,-1.7867496403414442,-1.654209073693457
merit,1,6,-1.7867496403414442,-1.654209073693457
punitive,1,6,-1.7867496403414442,-1.654209073693457
schedule,1,6,-1.7867496403414442,-1.654209073693457
seizing,1,6,-1.7867496403414442,-1.654209073693457
stabilize,1,6,-1.7867496403414442,-1.654209073693457
taken,1,6,-1.7867496403414442,-1.654209073693457
effectively,73,95,-0.25863171731198875,-1.6616915279186
change,12,22,-0.6011927135155499,-1.6752369672682943
impact,31,46,-0.38977706547672675,-1.6773771142965452
polls,176,210,-0.1719927806882886,-1.6829940346597914
privilege,9,18,-0.6881908411338582,-1.6857165483042313
impose,18,30,-0.5059090225267733,-1.696870576679978
effective,69,91,-0.27196752496525267,-1.7037361153630521
concerns,62,83,-0.2869077486662901,-1.7092012349381525
necessary,14,25,-0.5748887121204822,-1.7222077306420251
jobs,29,44,-0.41201680557003595,-1.7225778940558618
faith,4,11,-1.0066179790357488,-1.7240324551855337
isis,4,11,-1.0066179790357488,-1.7240324551855337
seek,4,11,-1.0066179790357488,-1.7240324551855337
hinder,11,21,-0.6416841348873312,-1.7240598504274258
meeting,11,21,-0.6416841348873312,-1.7240598504274258
framing,6,14,-0.8423282598669779,-1.726259402028238
target,6,14,-0.8423282598669779,-1.726259402028238
investors,8,17,-0.7488155193041468,-1.7465230610775027
senate,93,119,-0.24179078895798334,-1.7469754703042972
civic,2,8,-1.3812980378642585,-1.7472194208464926
employment,2,8,-1.3812980378642585,-1.7472194208464926
responsibly,2,8,-1.3812980378642585,-1.7472194208464926
savers,2,8,-1.3812980378642585,-1.7472194208464926
unnecessary,2,8,-1.3812980378642585,-1.7472194208464926
vetting,2,8,-1.3812980378642585,-1.7472194208464926
speech,42,60,-0.35183742610688196,-1.7488084801309427
trade,64,86,-0.2906790558362271,-1.7607891543093794
sentiment,52,72,-0.32061112371138734,-1.761715172007418
chinese,23,37,-0.4705336456218099,-1.7720659088431459
targeting,23,37,-0.4705336456218099,-1.7720659088431459
identity,69,92,-0.28291004196491354,-1.7764537888590313
against,174,210,-0.1834485385431277,-1.789505120203615
following,15,27,-0.582870250362034,-1.8099842275571214
armed,1,7,-1.9409136838814156,-1.815558942159189
deals,1,7,-1.9409136838814156,-1.815558942159189
deterrent,1,7,-1.9409136838814156,-1.815558942159189
disruption,1,7,-1.9409136838814156,-1.815558942159189
electability,1,7,-1.9409136838814156,-1.815558942159189
minimize,1,7,-1.9409136838814156,-1.815558942159189
preparedness,1,7,-1.9409136838814156,-1.815558942159189
case,18,31,-0.5387122772816193,-1.8179250179929294
employers,18,31,-0.5387122772816193,-1.8179250179929294
issue,3,10,-1.1989898952261449,-1.8213966242255681
markets,3,10,-1.1989898952261449,-1.8213966242255681
narratives,3,10,-1.1989898952261449,-1.8213966242255681
prolonged,3,10,-1.1989898952261449,-1.8213966242255681
turkey,3,10,-1.1989898952261449,-1.8213966242255681
budget,9,19,-0.7422714879606112,-1.8343485304313993
demonstrate,9,19,-0.7422714879606112,-1.8343485304313993
majority,9,19,-0.7422714879606112,-1.8343485304313993
family,24,39,-0.48063113571659066,-1.8525911444856695
probe,32,49,-0.42123407875373964,-1.853335527280721
powers,17,30,-0.5630809305411777,-1.8548423910477125
new,81,107,-0.2736472301419406,-1.8580036405133327
tax,62,85,-0.31074528728859274,-1.860592310942753
create,20,34,-0.5257383891856087,-1.8656376607411993
discipline,6,15,-0.911334552296168,-1.8866419469188522
remarks,6,15,-0.911334552296168,-1.8866419469188522
u,138,172,-0.21561240514541957,-1.8866732583968082
prosecutions,16,29,-0.5898040625003054,-1.8939151911490901
crossings,4,12,-1.0936427706989793,-1.8942450567399927
liability,4,12,-1.0936427706989793,-1.8942450567399927
prosecutorial,4,12,-1.0936427706989793,-1.8942450567399927
rulings,4,12,-1.0936427706989793,-1.8942450567399927
post,8,18,-0.8059873575965515,-1.8968056785556409
intelligence,22,37,-0.5149989053809962,-1.9129011835315692
is,250,296,-0.16442495947242097,-1.9141999989588045
application,2,9,-1.4990944709909542,-1.9176483954455996
applying,2,9,-1.4990944709909542,-1.9176483954455996
disrupting,2,9,-1.4990944709909542,-1.9176483954455996
handle,2,9,-1.4990944709909542,-1.9176483954455996
livelihoods,2,9,-1.4990944709909542,-1.9176483954455996
must,2,9,-1.4990944709909542,-1.9176483954455996
screening,2,9,-1.4990944709909542,-1.9176483954455996
views,2,9,-1.4990944709909542,-1.9176483954455996
raising,10,21,-0.7370078003753626,-1.9182310763116956
avoiding,15,28,-0.6192513251422902,-1.9353405541355757
appointments,1,8,-2.074458440799857,-1.9558187093262382
bureaucracy,1,8,-2.074458440799857,-1.9558187093262382
capital,1,8,-2.074458440799857,-1.9558187093262382
commentators,1,8,-2.074458440799857,-1.9558187093262382
emphasis,1,8,-2.074458440799857,-1.9558187093262382
example,1,8,-2.074458440799857,-1.9558187093262382
innovation,1,8,-2.074458440799857,-1.9558187093262382
realistically,1,8,-2.074458440799857,-1.9558187093262382
think,1,8,-2.074458440799857,-1.9558187093262382
individuals,7,17,-0.8823603887258233,-1.96477989154244
despite,49,71,-0.3660753784491684,-1.971093122659378
illegal,14,27,-0.6518766131714386,-1.979335472194953
appeals,3,11,-1.2943134841169854,-1.9871583929843066
applied,3,11,-1.2943134841169854,-1.9871583929843066
costly,3,11,-1.2943134841169854,-1.9871583929843066
follow,3,11,-1.2943134841169854,-1.9871583929843066
small,19,34,-0.5770451789530178,-2.0145969657077094
right,13,26,-0.6882443173233321,-2.0261365799220994
conscience,6,16,-0.9758864947969101,-2.038560610653979
officer,6,16,-0.9758864947969101,-2.038560610653979
punish,6,16,-0.9758864947969101,-2.038560610653979
could,139,176,-0.23142199983889178,-2.0394503145830027
appropriate,4,13,-1.173698893540461,-2.0527400623215253
fbi,15,29,-0.6543560758356133,-2.0574650439637234
assimilation,2,10,-1.604468384673586,-2.0713601403820494
encourage,2,10,-1.604468384673586,-2.0713601403820494
permit,2,10,-1.604468384673586,-2.0713601403820494
verify,2,10,-1.604468384673586,-2.0713601403820494
homeland,1,9,-2.19225484119778,-2.079756190808163
regime,1,9,-2.19225484119778,-2.079756190808163
western,17,32,-0.6276463155046752,-2.0913004400264157
backlash,14,28,-0.6882576877201458,-2.1026621447014615
patient,7,18,-0.939532226035972,-2.109244826394386
advantage,9,21,-0.8423817986782662,-2.1143617306879094
enforcing,5,15,-1.0936695717695546,-2.117882256512608
give,5,15,-1.0936695717695546,-2.117882256512608
treat,5,15,-1.0936695717695546,-2.117882256512608
further,16,31,-0.6565222999567277,-2.1327572522785645
patriotic,3,12,-1.3813382706796258,-2.139960353295997
regarding,3,12,-1.3813382706796258,-2.139960353295997
energy,18,34,-0.6311258947514728,-2.1651603930925893
self,10,23,-0.8280064332094028,-2.18595239159601
administrative,1,10,-2.297628721964621,-2.1907037752203866
clear,1,10,-2.297628721964621,-2.1907037752203866
cohesion,4,14,-1.2478202812892185,-2.2009483772890617
immunity,4,14,-1.2478202812892185,-2.2009483772890617
property,4,14,-1.2478202812892185,-2.2009483772890617
rapidly,4,14,-1.2478202812892185,-2.2009483772890617
weakening,4,14,-1.2478202812892185,-2.2009483772890617
terrorist,2,11,-1.6997919629552012,-2.2112381512039754
targeted,19,36,-0.634230459191472,-2.2366284091186053
politicize,11,25,-0.8160912343921778,-2.2555572219604394
by,168,213,-0.23284608215800073,-2.256580961606149
continued,5,16,-1.1582215123065716,-2.2606171840065676
specific,5,16,-1.1582215123065716,-2.2606171840065676
unfair,5,16,-1.1582215123065716,-2.2606171840065676
consequences,24,43,-0.578323345690932,-2.269724815089326
freedom,24,43,-0.578323345690932,-2.269724815089326
president's,3,13,-1.4613943883420504,-2.2816016080745323
manage,1,11,-2.392952267194433,-2.2910782235831633
immigration,33,55,-0.5060424339144891,-2.298179506706605
evidence,48,74,-0.42813371514355936,-2.310127897284494
swing,6,18,-1.0936963742821533,-2.32008062878541
hospitals,12,27,-0.8060542707684526,-2.3232958911432298
work,12,27,-0.8060542707684526,-2.3232958911432298
duty,43,68,-0.4535640934407388,-2.327908431433632
free,22,41,-0.6177067973351509,-2.3373051152774456
face,14,30,-0.7572774207537503,-2.3396632476708614
exists,4,15,-1.3168265687489775,-2.3400625370209385
finding,4,15,-1.3168265687489775,-2.3400625370209385
respecting,4,15,-1.3168265687489775,-2.3400625370209385
potential,31,53,-0.5315216441915451,-2.350715800318215
indicate,27,48,-0.5705678914639041,-2.3718063720968017
term,27,48,-0.5705678914639041,-2.3718063720968017
apply,7,20,-1.0449195896377343,-2.379386832313637
reinforce,1,12,-2.479977009892025,-2.382685809648319
precedent,13,29,-0.7974838995699862,-2.38928519976878
disruptions,5,17,-1.2188595538679525,-2.395807070621313
long,23,43,-0.6208964574127878,-2.4035070210995158
cost,20,39,-0.6630066790837015,-2.4106781693373427
reopen,3,14,-1.5355157708500915,-2.4135402019487593
statutory,3,14,-1.5355157708500915,-2.4135402019487593
leverage,25,46,-0.6049694419398515,-2.4347435214280204
aggression,10,25,-0.9114148979448968,-2.4358590130239293
burden,8,22,-1.0067117542736828,-2.438377215024444
unfairly,8,22,-1.0067117542736828,-2.438377215024444
citizens,12,28,-0.8424353446937527,-2.4416098198649783
imposing,2,13,-1.8668728456793193,-2.457852861951951
focus,1,13,-2.56003308353246,-2.466910691921355
logistical,4,16,-1.3813785062001376,-2.471085347558618
presidential,36,61,-0.5226118666283837,-2.486621022268823
responsible,9,24,-0.9759534718467773,-2.496888007597045
politically,109,150,-0.31475502764837415,-2.500815791845038
motivated,23,44,-0.6438994112147203,-2.502481747270225
operations,5,18,-1.2760313877708498,-2.5241708711168305
opponents,5,18,-1.2760313877708498,-2.5241708711168305
moral,80,116,-0.3669656726250654,-2.5250583842120315
arguments,22,43,-0.6653617166275261,-2.538322122791649
firm,1,14,-2.6341544218952073,-2.544836147841247
limited,12,29,-0.8775400945136944,-2.5566112954293656
values,24,46,-0.6458049341305827,-2.5647020040914006
growth,18,38,-0.7424052630220368,-2.5946280995868944
candidate,4,17,-1.442016544642657,-2.5948670882768026
before,53,84,-0.4558614262195464,-2.5986642482962203
perceived,1,15,-2.703160659820986,-2.6173253819165136
supplies,1,15,-2.703160659820986,-2.6173253819165136
preserve,22,44,-0.6883646703319881,-2.6362362034554363
immediate,5,19,-1.3301120294003699,-2.6463328163757445
a,437,521,-0.17184579445283799,-2.6492062044286326
more,27,51,-0.631232824792054,-2.6522183696110972
nato,27,51,-0.631232824792054,-2.6522183696110972
effects,3,16,-1.6690739851408516,-2.6528914926327634
ability,19,40,-0.7396447104403725,-2.6546299128216027
set,2,15,-2.0100004886050318,-2.670130215114594
political,227,289,-0.23722019154508178,-2.674783783365411
foreign,31,57,-0.6043347526245766,-2.7080366820121826
equally,4,18,-1.499188375399191,-2.7121342481955124
president,99,142,-0.3562023425478351,-2.7205082710996447
an,62,97,-0.44296636508793164,-2.7242937432118577
into,33,60,-0.5931210065970216,-2.7367458060112138
crime,7,23,-1.1847218061363627,-2.7445348218351695
restrictions,24,48,-0.6883914213854467,-2.753565917281263
efficiently,2,16,-2.074552409785314,-2.766070636287087
including,21,44,-0.7348981817733788,-2.770808541676861
amendment,25,50,-0.6884047977224377,-2.810401054695774
individual,11,30,-0.9984799378140989,-2.832725094858029
was,19,42,-0.7884617437427268,-2.8517877113228676
actually,3,18,-1.786883843586164,-2.865389365978307
does,474,569,-0.17884893991489292,-2.8760044246748038
government,61,98,-0.46951034230036814,-2.8788868041809748
judicial,10,29,-1.059888617791442,-2.8901938404834846
legitimate,1,20,-2.9909095676551427,-2.918830835353313
represent,11,31,-1.0312831906954383,-2.938532712479125
leaving,2,18,-2.1923622462555965,-2.9413635105207514
defend,29,57,-0.671053126821219,-2.942009980294662
freedoms,3,19,-1.8409644766323776,-2.9632725004997056
parental,3,19,-1.8409644766323776,-2.9632725004997056
operational,1,21,-3.0397130995066686,-2.969827399648599
economic,127,180,-0.34439783049675565,-2.971866957447098
quickly,5,22,-1.476755766289882,-2.9807338767971174
standards,25,52,-0.7276523855502308,-2.9898562514422937
have,99,147,-0.39087515467810885,-3.0064003186463184
state,123,176,-0.3539279403219977,-3.011536805942704
versus,22,48,-0.7754297913730941,-3.0117953602765777
owners,1,22,-3.0862464830187406,-3.018410846018956
competitiveness,2,19,-2.2464428682773825,-3.021883166508985
based,21,47,-0.8008964569485508,-3.0512692451739074
effectiveness,14,37,-0.9670919747473352,-3.0821063154760546
second,8,28,-1.2479543712431003,-3.1129455243988295
censorship,4,22,-1.6999127411327457,-3.1273851826410723
penalties,13,36,-1.0138010272733018,-3.133124547554606
existing,21,48,-0.8219633023590749,-3.1416528112263027
respect,3,21,-1.941074759451471,-3.1449013042690663
steps,18,44,-0.8890893436512783,-3.1776948689961806
options,12,35,-1.0656729110542624,-3.185661964292392
confidence,10,32,-1.1583689791560365,-3.1974025281797354
incentives,3,22,-1.987608187557207,-3.229481861899396
politicized,3,22,-1.987608187557207,-3.229481861899396
were,21,49,-0.8425960259807193,-3.230562252423336
maintain,9,31,-1.2319808429532406,-3.2536895709186218
justify,14,39,-1.0197625739674434,-3.2730866407971537
mandates,12,36,-1.0938572196473215,-3.2815720271770763
legal,131,191,-0.37279818853862334,-3.2862320002996603
as,129,189,-0.37765680914447497,-3.306812328242641
personal,4,24,-1.7869509546811653,-3.3087909091884695
strategic,3,23,-2.032073362817414,-3.3103763326209594
take,21,50,-0.8628121699218356,-3.3180412302531606
limits,18,46,-0.9335679767315694,-3.357926382089163
sector,3,24,-2.074646390139364,-3.3878842950169687
if,30,64,-0.7530639682287701,-3.403443881658826
costs,113,172,-0.41581631174328937,-3.433859874933034
constitution,5,27,-1.6816172882353664,-3.4539746063777033
tougher,14,41,-1.069799861126624,-3.456027475262317
religious,28,62,-0.7903082593383886,-3.470964448027731
burdens,4,26,-1.867020499792516,-3.4762037687489062
us,175,248,-0.34453749576870507,-3.48988571290523
defense,51,94,-0.6069671612223386,-3.4900387073515193
republican,220,302,-0.31281307109194056,-3.5291042134669546
balance,16,45,-1.029385652135181,-3.536547435844893
sovereignty,5,28,-1.7179983549291649,-3.5385869865236605
secure,35,73,-0.7305431159010514,-3.5532802716586165
preserving,6,30,-1.6046830840388928,-3.5881810863743033
justified,11,38,-1.2349761625744895,-3.6070214965523473
readiness,11,38,-1.2349761625744895,-3.6070214965523473
stability,7,32,-1.5150843285836118,-3.6310195040788438
unity,14,43,-1.1174547775324823,-3.6315399328616813
media,45,88,-0.6661726907667944,-3.63503530862288
market,12,40,-1.1992714639370465,-3.6436487157099777
military,116,180,-0.4351434547807811,-3.654701228433141
states,61,110,-0.5851846147154376,-3.6656934100722496
lawful,7,33,-1.5458694145223273,-3.714914911872333
do,379,491,-0.2553184843298997,-3.7340747932358576
executive,33,73,-0.7894106176259355,-3.7632967872120893
the,2150,2415,-0.11467546301634446,-3.867478769573453
implications,12,43,-1.2716324241608712,-3.8949793147452585
restore,33,75,-0.8164661747898156,-3.908534598480761
risk,45,94,-0.7322113348302688,-4.039236374870178
order,37,83,-0.8034618613060083,-4.0645698470487845
show,65,123,-0.6334960283114945,-4.131181171534398
on,321,441,-0.3141252095270328,-4.281511819579242
american,65,126,-0.6576339378423608,-4.306351944406995
while,111,187,-0.517517053490872,-4.319155693114301
it,54,113,-0.7341167876686745,-4.437547953664292
border,77,145,-0.6287611359697722,-4.459011595128779
law,132,217,-0.49315415080848624,-4.467729233489604
about,176,273,-0.43520594444176286,-4.502039879998192
conservatives,11,50,-1.5095742031102573,-4.532845979699828
interests,9,48,-1.6694229714892108,-4.595903607896377
taxpayer,12,53,-1.4808585637261773,-4.632181082123334
business,5,47,-2.2361965123079983,-4.753815956940388
traditional,3,53,-2.8672735320879426,-4.8314104409871845
deterrence,3,63,-3.040250539321182,-5.144801417369
republicans,79,163,-0.7203503879641735,-5.254646400877832
private,24,83,-1.2365014213207832,-5.335160056094538
spending,31,94,-1.1050756411898819,-5.335582290178642
fiscal,4,64,-2.7683171039470844,-5.371327057253518
due,27,89,-1.1885543280529554,-5.409622767654772
process,25,87,-1.2427872190735094,-5.4766810925744664
taxpayers,8,63,-2.0593546711704116,-5.4867776389878
local,34,102,-1.094447430608854,-5.526689235272402
deter,17,81,-1.557017993600386,-5.836434776022729
overreach,7,72,-2.3265517862366805,-5.876443950714011
businesses,19,91,-1.562310172408254,-6.1939613015250625
enforcement,95,226,-0.8633382695465084,-7.060647652330305
security,183,356,-0.6626874999728551,-7.2855941684383225
national,73,212,-1.062915693000309,-7.832597272890533
authority,19,135,-1.9573171668987097,-7.988121012427355
without,45,189,-1.431941828888652,-8.632859458625578
what,668,1056,-0.4581050875628838,-9.26652084211015
or,219,477,-0.7768346987139321,-9.517114220465805
conservative,49,278,-1.7338031441251909,-11.190421198785868
