id,subreddit,ideology,title_n_chars,selftext_n_chars,title_sha256
1kiaepf,AskALiberal,conservative,173,555,84e7694f9cafb73efa3bbd9894df75954789d46a10ba7b5bdd7674f595d99826
1khq3du,AskALiberal,liberal,116,1586,e6258daaa38e736212179fd1dc64e37aa4d4ef71119d50d9045b88dc65dd9b49
1khi19w,AskALiberal,liberal,127,279,b8248f527ec36b4c024323f4991aa9dc68e7fe7ac9bdd479c76a3a4fcc95b2d5
1khep74,AskALiberal,conservative,187,996,eb62f0d722fb5c155f0c74f7bd9edf29a138f1b7ac090ae1f0ffab9a71f5be6b
1kgzvoa,AskALiberal,liberal,295,1314,03aaadf75dc2718e0615f52b7d653e35d846283d6f8f8442f2f1cb007563c9b5
1kg4lqp,AskALiberal,liberal,173,1271,63a6f7b28fbc424f600a5eb06bbf9decf8c081afada3d7dee92ac9f6337dd679
1kg4lqp,AskALiberal,liberal,173,1271,63a6f7b28fbc424f600a5eb06bbf9decf8c081afada3d7dee92ac9f6337dd679
1kfulbq,AskALiberal,liberal,154,203,76f3bb351b590b5e119f1b30722851f6fb269d76b6465ff4a2f77e6451640704
1kfmbhb,AskALiberal,liberal,192,2230,15b77135010978c3a98019b871627596bf9145e4645278755f26fae195aede95
1kfm8kt,AskALiberal,liberal,192,2086,4f0519c8535010230c665931e4f3381e8976c1ccac896bbd258ea1305af77206
1kfh0s6,AskALiberal,liberal,130,383,36452aa1b16f73bc77bab70b4a95976de9f7008317f3d0649f0c3622459dab75
1kfchh6,AskALiberal,liberal,171,1364,c21f7a5157584fc518014d530029b55184c69fed32d9d8afe37f0c716431b741
1keoyv2,AskALiberal,liberal,182,1787,2ab041dbc2424bd3ceb67a349b0fda941076b243bbd824ea7ec04280a2efff22
1kenif7,AskALiberal,conservative,189,280,aec771846087b2a681c5fa84cca692fbbe6e146c70bf09f69e2c5dbccc622c10
1ke8u9x,AskALiberal,liberal,298,298,78dda77114333b80174aef96cc1f23ee5cb74bf22c6de279e79f314e8a0f0c4f
1kd4kux,AskALiberal,liberal,128,1719,c4ffd47892cbb84514bb3db57c4e5b3c3a9ddc59fac90f34d4c454bf3e5d5957
1kcud7k,AskALiberal,liberal,168,1361,27e96cf2725e377a1c9f83ee0901699e8b76423112befe9bae0c5e2289542487
1kchnbi,AskALiberal,liberal,134,6340,991aba68f00355c469f191ce888abe87a0a55b4f385f822e547d9704f7972a14
1kb9c55,AskALiberal,liberal,162,661,d61a1c360f99509e736f26f2aac6a7079da30e8c8335e0a4a6ef71aea55a1050
1kb25rw,AskALiberal,liberal,121,1807,6e73be49d72755bfc8091b5a5b195059df60b88cb5d9614fd9e07fdc538f3113
1kb1hl8,AskALiberal,conservative,118,741,04d03795664900a397452307df9586060537c72f6e2ebf11e37325a898bd37a0
1k94u3q,AskALiberal,liberal,104,82,d735bd30eb848b3f65d89990836dad7b3a3fcbc156b39deaee17a2b0f3354813
1k8gzlr,AskALiberal,conservative,158,480,a4ae02c185faac683e4dd154ea046867872ac9b1165683c474b03779eb177698
1k7w6f5,AskALiberal,liberal,143,1601,ec2a06b2b3cd0898e6fae5d8f106b78627ec4bab62649212ed42adfd614ab572
1k7v1r1,AskALiberal,liberal,147,667,88e0d5d74cb5d6c323ed1cd90abf376a4430aa7a739f3d3805c4d3b04224197e
1k7qo6m,AskALiberal,liberal,113,360,c4488d28c18d02fa2243fc3bce5665bb5e1bae56498e96d4c596a00cb8897978
1k6fjo7,AskALiberal,liberal,154,5731,18302b8fa18435cf26f0286358c796d0a22d53efe7607540e860bcdd94f27f3d
1k64sy5,AskALiberal,liberal,132,386,d0898765e3de1d04321bb3c6ee1428dce4c0696e92cae5bf7432f788971ec788
1k5m5bg,AskALiberal,liberal,153,989,359b709862306d556bcef10b313a12ce54dfcbe23d1d6605019f45708b93102c
1k2ym6a,AskALiberal,liberal,123,285,f22458cfb1a286612e29e88457ebd952b89e3c5174de25ea6f548799b246642d
1k2y2m3,AskALiberal,liberal,137,998,1a55ab9e9be81f4b331124ad4fbd23ffb405c6d88a9c533e020718637e74c1d5
1k2wr5n,AskALiberal,liberal,175,183,4542f40b3c1f4dedc1b9c74e1d7aa927576b7a20eaac6d3b21317269710d66a2
1k2lhar,AskALiberal,liberal,163,3304,c344160a7b30d4a9efa8ae1e5a37dbd5d1dec0d0df5d836cc2d4f68f152be475
1k2cje7,AskALiberal,liberal,173,1755,8260f156035e755c0c43dfe1d308e70f6cf3b1817028520f858b83d4bec1644c
1k1u7nf,AskALiberal,liberal,116,204,532cd45d5a4dabc341084f26712246b8f133d605d3831794137e94299341086f
1k1mkup,AskALiberal,liberal,224,1826,b95a2b2793f602a6f76504c05a5d361f822b11a8f2d6fde6e3f3cf994eeea1e1
1k129a7,AskALiberal,centrist,127,1369,17bdf9f7df0869a42424ed0c7c658683631381c807959cb0dd2e8c064917dcbf
1k0ux0l,AskALiberal,liberal,137,298,d03db17fc81d106d36bc50149b97bf18452f655b71ea9123d6c035e08e12f8df
1k0ogf5,AskALiberal,liberal,138,379,1ed73f11f6ef1eb0b51ec5f18e46dd26f43d52a768f9a61465a115691ce9d8ef
1k0nfm7,AskALiberal,liberal,126,439,8670c9eabf6bae9a8edf081000734e51ead87e410df881a64c38f1be75e3312a
1k0aq8x,AskALiberal,liberal,175,781,2a70ca840378a6557eab1a3eea233a952133dbf63537e405b7fea9dc891c8682
1k02tes,AskALiberal,conservative,126,546,d00010cbb097c03d470a44e58c639d4b914967e4c0561660ce05af4e827a51aa
1jzxah2,AskALiberal,conservative,166,1428,d2fa6a483a78c4208cd654d877a8fe75da27d3ec71a421057a33a24034af6cb5
1jzwy2j,AskALiberal,liberal,209,257,118b7f5aa88a999d67e5c5f7fa084c2e0df43928a57ad3c031128e5f9fa930eb
1jzoka2,AskALiberal,liberal,247,669,2968aafe951c98cde03080557448efca29ee5e7e0442d81a71d668075c023981
1jzf36q,AskALiberal,liberal,141,308,9365a13efeddd33fee4cab7cf30c56ec0bce4b91d37018718d4461eb119bf2ca
1jyo7u8,AskALiberal,liberal,99,316,8f21a02467dee4fa8da65cbec968569cd588c8114158eb7c6ca10990ac40c323
1jyn6cs,AskALiberal,liberal,169,1754,428f4b79b42e71070724fa38155554d2c3f4baf380e5af62a5eb9e794eeeee54
1jxmcpo,AskALiberal,liberal,137,539,d29871a35e387533f18b5ff075f279e3fa146a05e80382e711d9caa450f8aa61
1jxk6bn,AskALiberal,liberal,182,633,debbb74cfd70381844312f720bc133e92727d1546ef7d6b90772798538c8f646
1jxhumi,AskALiberal,liberal,172,185,a2026a4cb9c7b44229b810a29030a0f1e948db9784350d10058cd6fa99c85336
1jxcxmy,AskALiberal,liberal,214,3196,7c4442409057325e7356e8a84b9c63dee1ba73fb813148fd546769647c72e97a
1jx96zn,AskALiberal,liberal,111,741,2c265fed002fb10c6a6909d26cbe3196c476a46af01de6552bb66c0ce33b207c
1jx237u,AskALiberal,liberal,156,481,ca04141c94bfaa119fa633dc852d5994bbe515f46443c329d8cab20fcca019d1
1jw72rq,AskALiberal,liberal,121,3910,bb9fdb7e01fa4e4eec288b73c876d340e162e8950051fe526978dbd6a868b9ef
1jvgqq3,AskALiberal,liberal,136,698,322b941c5bae9e1f118e361b97ee4952e3afedd9688da197d0a46ae7df5629a3
1jv9y83,AskALiberal,liberal,220,303,ac03cb2d2200a4f32fc787993aa742caa2bb27f20a308945878dadaea6c9ab4a
1ju0zyx,AskALiberal,liberal,137,137,115ccdd6a735751f023d26ac944d64918559de51895ff4b931d222c411ba53d2
1jtt9to,AskALiberal,liberal,108,185,13a30a0e8797eb9fa72e8cc3cbd25784e9663d85b9387f0c1d2f440d2b4e0f2b
1jtj320,AskALiberal,liberal,144,1260,524bf2bf8e296c2149e856cfc0cfc6c7c5ad515c2f03d86a5df1f408db1e1d0f
1jtcalm,AskALiberal,liberal,103,1463,fcd54785d9fee2298623e3028db731c5e14d911dd3a09511ab248358a3cb86fd
1jt939z,AskALiberal,liberal,123,139,2bef72937225cd9226ed91aefa2f273f0d9f89c3f54acb578f9dfd362ce95eae
1jt2r4n,AskALiberal,conservative,300,600,30b49292eeaad394d31be9a5e7a060254158d1f5acf9ccc8f2dc357a83fa514b
1jsteml,AskALiberal,liberal,143,211,6c4a8a54342427a4a62852064617a8584073c146aaf515b21e1b7229b0cba795
1jslded,AskALiberal,liberal,161,2370,eb6ba92e112e7b760793177cb1cef599acaaf5b23446ed541ea42e3fd07a5e53
1jsfoj4,AskALiberal,liberal,138,626,5256cff6cab665a8774129225d8497b3db4c265697badf288fd8799cdf7c3bd7
1js4gfl,AskALiberal,liberal,154,2522,40045bba239ad51fac955039367ed644989cebd2b5eb9364da23d4cdc812fb23
1jpuika,AskALiberal,liberal,149,813,f22e532de18f9da99d3aa4c22a826f6ea7dfcadd7161f15da59d5d5c6fc10bf1
1jp02vq,AskALiberal,liberal,120,163,262c66b52a1e1701b4d0d21be8bfac4f29211175794e6465b986098e492d64e3
1jo5yf0,AskALiberal,liberal,157,2269,840417e5a07f9507a8467817f640cfb37035435809f64e0341a89fff66d7a08d
1jnn6eq,AskALiberal,liberal,199,114,1959c22706d00530a260f90f0239b73a0abbe54db50f34c19e141bed9112e10b
1jnc07l,AskALiberal,liberal,198,1129,bbce2002055d0015dc5a3f600c053ed6b6671a2c6f3e81e6f1b53abd7aee5a6e
1jmwq5g,AskALiberal,liberal,146,310,feeb73de756ce6df15ea4bb18b57df014b98d8269c69dfd34165e3acf4b70461
1jmaglf,AskALiberal,liberal,128,97,c89da3f6c2b9dad4908e3e6f7bbf8a760c26b2e845c9a0efb78a1f4ab48ae9d3
1jm4zyj,AskALiberal,liberal,143,2425,69848e45092be0c0ea1afd44517ba64124ddf49f68ccb025f0abc190d508f94e
1jm1cq1,AskALiberal,liberal,132,1372,8243491f096c86586ef94efab05e1a4246ede637422a35a59f282e30e26efd4f
1jlv6bu,AskALiberal,liberal,131,2197,599c057f4e0e461f8097b8e8239a900a2b00d8745fadfc5da4efa72c11c1a1d7
1jlr7gw,AskALiberal,liberal,141,483,3abd95c4639c2f13b0f7354c9b5b69549b422c60a81d6dda21e9548870b6d82b
1jl7qqn,AskALiberal,liberal,141,515,8b26265ea3b639b677d53133155c46e7e9369d6921e104a5fc169b67042b1570
1jkneza,AskALiberal,liberal,258,100,69ec9ae035f9ec1a3075254cbf45dea13656b20f060d8ffe617d9041680decac
1jj6cm4,AskALiberal,liberal,130,2475,c65eb5ab42ff3027c45b4a7597b825fd4e48e455f55cac55ff6a2c5cdf34ecdc
1jj25vu,AskALiberal,liberal,178,67,a99080849c58e027ec0d13c0821d7f9a0ddbca9b82b1b2de513bbc8d1f02f4f7
1jiclmm,AskALiberal,liberal,156,302,81f53170a1e3bdb82fdf034a936ee4ea894096e82dcdf02f9bca89e88e1d3098
1jhy1ye,AskALiberal,liberal,107,1317,0ada47a10c4afcaa7f0ad16366eff9a161f93bbee047c47f974b836285bbb1bd
1jhbwvw,AskALiberal,liberal,137,376,97bdb032da5da6f10780ff232908ed6afa26ba5d13b267db4208773dc440103b
1jh96di,AskALiberal,liberal,119,423,b88e58c0a55e99b6d22cb958952f6962d25909cca77e0d27da4955cce6a8d8c6
1jgyupe,AskALiberal,liberal,133,4996,239d24a827d07170509f2f6fe0f1c6a9e209681a756fd74e3e547af99635b1d3
1jgg68r,AskALiberal,liberal,176,176,26d2a8d73b3e9d5ececb0d71e80b7430d022b4a30585145929e338f3234768c2
1jgfkzl,AskALiberal,liberal,171,1203,32369eeba24a87583ca7d592bf3e0affe4b4caba6cc53dd9c2dd5ee23eb7dac5
1jg9kzl,AskALiberal,liberal,201,191,6c3b71b4640ffabd5e2ebc553911f643c27a2f420021bc3546ba00af1f776450
1jg5me2,AskALiberal,liberal,141,402,d3d5121f771c660c006a9ab467009746159809fc68e431c2a55361775943c25f
1jfh1hz,AskALiberal,liberal,135,2561,10a22ff0fd31a585ea9d96bcefa60f1205c529b26b0702dadaa5dbb0fd4216f8
1jf1j8o,AskALiberal,liberal,263,98,2eb997fe8fbcd2429d2a856bcfe63d7486dabd511d173655644d250369317461
1jeg292,AskALiberal,liberal,124,862,d622a045c8fefd95b16a0fe9427d389972ff775daeb6aea81421c3bcf02dd0b5
1jea7fp,AskALiberal,liberal,118,485,6960ed269bcafd7e03927f63c64b5a98377bacb1500c7328013e0e0555c08a3c
1je5t5f,AskALiberal,liberal,119,274,e94d20f307a32c31e9afc23d1e979781b00ba3f148fb5af3818c3cf76893d44b
1je2tul,AskALiberal,liberal,127,1697,d59b9caf6678bfd6723238d9446a5263cfc13d958571dbb91dd9cd2e3e1afb7c
1jdvv23,AskALiberal,liberal,155,969,df3b96719ea82cabfeb28cfd593f436d3bc8c8540fb2afae02134e185c17fb97
1jdgtv5,AskALiberal,conservative,202,500,a06395a46c547a0a9cbef2e57f567f5b233db3db73a72773c3e9ddc11ce7f78b
1jddg4r,AskALiberal,liberal,161,698,e7ee702c93be0e05ef170db88fe6dcca87d477a48dfc174cafa6946b2c1652f6
1jd1vt0,AskALiberal,liberal,152,707,8825a08a2c21993434b5ef74457cd30d22c6de3edcbc125c64ef4a961305a2bc
1jcvxyr,AskALiberal,liberal,142,520,0a21b934e0f0d7cc87b1875813bdc5f781b7dd6083ccf69121bdfc3c1dcc3149
1jct99g,AskALiberal,liberal,137,944,1f5e508dc0300bb269d7671c33a22ba418db407d7305c29c0d666dc600eb4fb4
1jcsk12,AskALiberal,liberal,138,1544,fb6ae9b049c3db17db8d763b2c55081760c9e21c81353d1f654f20aa87d939d3
1jcdt3m,AskALiberal,liberal,189,1617,ae185a0195aa37561ff52399e0dc72c080e0960044ab1aa4d8e46b1978c5dea9
1jc8ajw,AskALiberal,liberal,120,428,b08ccdcb6a16c3639d678666a1a2d9f0676a763fbc56b43d532ead4de9ef456f
1jc848a,AskALiberal,liberal,194,1782,40b1ab69b0b388f026e03267d8b35ea8592e1fb42340b495b1c9a5f286a87a82
1jc3twa,AskALiberal,liberal,156,951,271e8aa0ed5e90c5739643fcbe81f6fbc4db238f777321cc854c0059e176f14f
1jc1onk,AskALiberal,liberal,109,245,f4776d98bd58dc01f0715d0bd8ecdbac5d0a2aa39804634433b4de583448532f
1jbems8,AskALiberal,liberal,181,85,a42096ea9290eadead5cac9c201546f20a36ff161c62ce223ebfea3203f71abc
1jbceil,AskALiberal,liberal,145,312,6b719c6ec8ea04ad36e01c6bc0c31891bff6221292134d59cd3d235b464c5201
1jaxit8,AskALiberal,conservative,162,772,3fe352ebedaf9232a3e24a1dc7e72f8f5794f44c93d69b320b79845d3432b250
1japbke,AskALiberal,liberal,216,654,88eed4f7d8aeadbfe5a6bab93c2623f8bb11c98890fd02d71d2b6f8a9af0f27f
1ja9m1o,AskALiberal,liberal,148,2510,ecc5eeee182a6f2307d969b895cddacad9b71cdc53e0e504405fe40155c41340
1j9jbre,AskALiberal,liberal,111,142,2a3305ea8c6bf683f40b5877347a84c20e68c26a6bd88f46d1edf6423e2f6d70
1j9fxlz,AskALiberal,liberal,111,983,2bed5a3f99f83d9a8b0d21a58b73ee96c0c3b7fc6eba9fe6a6386b1ad26a155a
1j9bvlo,AskALiberal,liberal,164,642,158d1cea5a5b93feef8b84bed6732b76e5b1fd7906ac7cfdbfa6233e6c4929b8
1j98323,AskALiberal,liberal,188,925,dd35f10573f34e7fbc15b45e5eaf4b208c7b9db9f9022eb056cd4b0a57bce445
1j900r5,AskALiberal,liberal,155,506,7ade55acd1e2c5fafea529cf7551ae3382f4ba651fda5b64312da7c3fea33e0c
1j8zvie,AskALiberal,liberal,162,990,9b9c5063da63cd7063f75d6d4e96d5ccaf46a5fa35e4b7a622b3ce0866cdcadb
1j8tu67,AskALiberal,liberal,125,1417,ef881e6c267fa332c5b57b63f8d849669361d35078322b5eee24242f90f2c464
1j8h2sy,AskALiberal,liberal,167,842,6d9c429fbb8ab4865a17654ce897a97391d36e770572da177c3772c21579f231
1j8au16,AskALiberal,liberal,176,1796,505dcfb55ce1498ebffc9b8e12d1d5eace41b8cadd5af96feac0ea26ada489b8
1j85rx1,AskALiberal,liberal,136,881,44fb41d2ceae827e0233599851a0d23ea1e7ea61dc10837280f4d077ddc8c950
1j7j1hf,AskALiberal,liberal,135,180,b3bf14443e0c3397b6937fbb30339c9e5b0d9a7877db59907eafc589c83455c2
1j6q29w,AskALiberal,liberal,191,288,befaa6191a03ab3b5bd9a77e28a731e7d9d4a0caa48486ca79d33c7c2e507ccf
1j6a6re,AskALiberal,liberal,162,494,15c5310437c97b8c93cb48f4fe2fec379fe156f9d75d7de056f0dc1cd1426c3b
1j5kmdl,AskALiberal,liberal,136,208,bfb490603d7eff145d3e83ec7bb1fb6cdfbb941e3f3e74a608371e799f90db91
1j57qf6,AskALiberal,liberal,153,1027,7b11b5636064d87f3bac300b471e176e4b44f6a43304a0811335ea258a5d89bf
1j50wc9,AskALiberal,liberal,149,231,b2ad3f7f829a3dc32c9ce35f86d6e947a70448274fd30986314efc354731e338
1j4u5vu,AskALiberal,liberal,134,315,b274abfee91de7724500d09d92bcbb1c4f95e3fab5006b6fde254c238ea553b8
1j4qp6a,AskALiberal,liberal,132,1751,c750dc9484dc40f7bfbc6ec288382cdc28b4ea6846b1f37f91c8320e6593221a
1j4gm2d,AskALiberal,liberal,215,518,02f0e7f749715ecbb9b89584f583d36cabf3631627eb58521090acc444163b3d
1j4gc4q,AskALiberal,conservative,194,1168,1690fefe1916c220cc7af1576f2371ac57a40acb87fb3c56e54a7421eafe6b25
1j480qm,AskALiberal,liberal,127,1257,5ee8750df2f54df3fcba5bf71ce33e33bfcf2b802cf7dbd855412136deb0c16c
1j23wi5,AskALiberal,liberal,135,558,644239c9ed2ab7cf8ad11c0e4a9efa5e73d2a43691a068912f66a4d087f18a7e
1j1y3r5,AskALiberal,liberal,142,847,3ab1ed66b3570cc6b035cc3ea04e5a4e15904e4767836873f3778b0e23be47d2
1j1fxef,AskALiberal,conservative,123,277,7753b956df484214cbe5518828adddb121f564c74ea790048580cb48f3ef2fcb
1j17x8e,AskALiberal,liberal,179,1017,0aee0a9befc756be11ca1a33286655b9c51b0e2ab40a262c7767bd2834d8fa74
1j0sboa,AskALiberal,liberal,133,481,0ea75170b1d74c21f84eb67f39069723f68971ca229c0b4aca2236e68ad1c6e6
1j0o9au,AskALiberal,liberal,132,520,8c7fac1e0fe4e6dd47164a40bf4353195bc8491e5dd5f82334617c14def61296
1j0nh0n,AskALiberal,liberal,136,136,dafd7fd223217d49adb93549dff2225f4e5a5d88b883f048f7913af58bbceb17
1j0mtzc,AskALiberal,conservative,160,1771,2dff0cf83d6d6e7cc0799bda8f00ab8880232618327b4d543386331113b719ec
1j09o73,AskALiberal,liberal,228,1953,e433b95211a1709807e8f0c39eaf9d190de6e3c18119f17cea6b65ba83560247
1j00kqs,AskALiberal,liberal,107,740,84a3c7fad17aadfe841d0cded6a9185b7cdeddfac5f3863a968fe769886a333b
1iz4sh2,AskALiberal,liberal,136,817,d52ce8a29163bd5f100b3d74be20e6ca43768ab74c3f7c77cd817516e985cfb7
1iywe9n,AskALiberal,liberal,263,1062,246418a29c670db66485b7234c2a9b185ebbb6be369d044e56ba786782908ef1
1iyofd4,AskALiberal,liberal,169,12133,8e8ed9aef0d2f7934cd3da5b0ddc0a7d66ccc9b2fad77206d4d35577f50806d2
1iy8wye,AskALiberal,liberal,260,1029,b4b9b7d79cd49a37bd63389b82dd4f21ceadee19ab0c189007fec2e594e8d715
1iy4rtc,AskALiberal,liberal,193,815,668f0ce2c2ea9f13655cebd54a0793dbd5afec7dccc75a0eea7ab89f459bf746
1ix9s4a,AskALiberal,liberal,127,593,f8b33d60819fd68334623d54e6de3440036f8c29c6e9eece94cf87513563ac3d
1ix7hmz,AskALiberal,centrist,176,278,49281934caa8caf3d81c9b1e82a1e178b1eaf3b53857ed4c753f9959a9dae4d3
1iwglx5,AskALiberal,liberal,123,559,a57aca2eb3a28a86938ff32b17e571f279dcf667b351b2c44970516aae44f4fe
1iwex06,AskALiberal,liberal,141,2601,e2e142501f839e7fe5d9ffe4094009b9acfec09c3a380b3a9038cd6da1c826a2
1iwe0rs,AskALiberal,liberal,123,379,17a867d2c6c97908ea192e9f170d0dd2f5478ea694d23d8aa28da5d192bd4902
1ivztik,AskALiberal,liberal,150,577,5eb012345b2aa7746e6605c3291d52ef3d62252962712e26c55c17c68bd010ef
1ivzn53,AskALiberal,liberal,218,525,d1ae28e996bff4046dec09c79777d1c8637d4d720e35c02bed44a52035f5a3ee
1ivkwyc,AskALiberal,liberal,275,479,52ea0a2b2d61dd21ea29200e3596f9a1cfc52c38622fd6d75c1d04545d4dc7b5
1ivbld3,AskALiberal,liberal,167,473,9d487aed10f15f39f42ad7302d1907dd351e48a1a8d37bf59d8a04c0548b474d
1iv1xjj,AskALiberal,liberal,262,359,ea43a9d4187b882bd3367751553b96edef1b68e1b3d60c975ee0b70c704b44cc
1iujlov,AskALiberal,liberal,114,768,a0e5e42aba10e75da1fdb5f2c0e3bea12fea986fbded66ccae43084e7ee4df78
1iug0yr,AskALiberal,liberal,106,699,c07cc3ab67630e93c4ef7b546510a1c432739d72cc9c1012c80a7e11dae8eb22
1iucfc0,AskALiberal,liberal,202,1650,1507cce51d7127d97fbcdb3de1c6c248c181f48288f73a38ed3da93e0e999df4
1iuc6wl,AskALiberal,liberal,179,125,6e7f53810efd4853a9d91db5d30e7d8b70c06455636194dba3db713981a27380
1iu24ub,AskALiberal,liberal,204,506,04b7407eef71e501696984b0e8e8d2ff64ff0af63c471ecf0d854428f5f19e0b
1itojcc,AskALiberal,liberal,129,260,14885d0c5b9dc59ca9381b57c097a5cd2a9dc1191bdcda4d4ea237c3ab45a264
1itecjv,AskALiberal,liberal,139,258,e701d1e514bfe7aab7cd959cd4c25e910c590bfb1107740574c95647d8fb3b81
1itce4d,AskALiberal,liberal,241,417,e50ef9b1aa12db717cfef5f58ed15aa819a461c9c2c2abd2a248a9e488ddbbad
1ispbrc,AskALiberal,liberal,117,570,af5b466500c4e3bf2cf3d2b768e0a7b7605bce7a742c99cec2494e2bc7f51205
1is0q0h,AskALiberal,liberal,117,394,af5b466500c4e3bf2cf3d2b768e0a7b7605bce7a742c99cec2494e2bc7f51205
1irsv79,AskALiberal,liberal,150,571,99faa12c705ec46d9a3ea1da87a826297840c16df8eb6ffcc8f7fee9e45cd9a8
1ir8ovc,AskALiberal,liberal,146,968,64d409847181a8a02d098c0df3e2dfccbb6cacba8234a17a7f85842c5f793642
1ir5tdp,AskALiberal,conservative,152,943,f226959df034c266eb601175912b2603f216d8505b457894886afe13f0aa5bb4
1iqyf2y,AskALiberal,liberal,157,1115,8e1c5b3544f8f80708a2c9c8484c8a65f4d487dd69d9a080331a40bc184358b9
1iqvi02,AskALiberal,liberal,261,1384,3e6e68deaf164a654641883650bb3aa7cc71d0495049709ab8ee795c43d7fbe9
1iqtz36,AskALiberal,conservative,148,1980,59134406dc793276db894881201ec13da3bc07ec0ef9ececdb65fbcac65eb1d0
1iqhkso,AskALiberal,liberal,104,4924,a7a9ba00b58647c936e9f8a7e4199a458bffab40c23332da830c965f8722215d
1ip2544,AskALiberal,liberal,125,470,3cf72d0f79e582b34467413c50c92ce55ae4e5e5d8c28dacdf5ac6a7cfd0b333
1iocl29,AskALiberal,liberal,182,554,cf3831a5d5dbb32ba59c68c08467ffdec39d923837d84012fd0c10beac29b263
1io91y8,AskALiberal,liberal,109,346,becde0ac484df673470cc9f9e93a0ca951b79239e15a01deb66ed6bdca8ec122
1inu2y9,AskALiberal,liberal,156,883,8399222e62d599ab1e2394daab22a94b13b4bc561ddca6461df8bd4fac4a26bf
1inhfjy,AskALiberal,liberal,167,1626,52bb1c34eb0214e64de616c3a7df5a697b131f7a2b0c3ea820723ee5624193d7
1inff36,AskALiberal,conservative,141,154,0b852e60f9c33d0d22a60677b007d639765d61682913346e05b4ee9914796df8
1imxzsd,AskALiberal,conservative,143,1157,7e34cea640861eb2b80fc19584ce0cb91892ef0c392e6bd664a630f8afe0da92
1imdrgu,AskALiberal,liberal,136,100,98759aea6bb79c237f9439457528c2c9a0d7e96315595b0e70c1a22d9ec61e3d
1illv9j,AskALiberal,liberal,259,2361,eb980fc9a58c631d125763af3e096440dbd46986af012c5139e304f39c8edb73
1ilkdlr,AskALiberal,liberal,149,963,feffd715c8977e3b8d0aa3b5b0043f0fac12ec78c46178edc9742c0c65d538bc
1il24kq,AskALiberal,liberal,111,1610,5097fadfaa32b550964fbf79d9d75df7695c2fefd34e05fa10df9bc599b6c284
1ikxqf1,AskALiberal,liberal,140,436,73935a19891329250b412b1cf1465cab42c1f28125ef5cd929c33418cc0cca29
1iku3zi,AskALiberal,liberal,137,587,9e913a18945bc9df05f3ff9b0c9b04907a12e0ad0d28327cc4c6906b0d70647e
1ik7ksu,AskALiberal,conservative,212,380,1fc162185fc6998aa69393fb098354079edf57b01b5059b25ecd64c2bb3127b3
1ijimw2,AskALiberal,liberal,149,1250,2b20e87699db22fba1697923053f5d7cdd6268b66111fee4c1a1158e1d5fb732
1iiux4v,AskALiberal,liberal,145,242,bf24e9f4d976c2918c304972680ae1bab7ed76c82c68fa693206cf1062f65e0a
1iisigo,AskALiberal,liberal,144,165,75a764eba2648a201279305fd1cd1079aa3e3867019d3bda5297ad3a52b85ac4
1iisclj,AskALiberal,conservative,143,315,d5b8e875ffb8cc7de9bc07caa0c62d5c2b88c02e7e5f0b52b0a4c1dcaa475fe7
1iirogb,AskALiberal,liberal,109,196,cf5a3e5ca6a76a6bf5892c61d8934b6594a2abacfb483e5b110b7aafaf9202d5
1iir30a,AskALiberal,liberal,203,660,9fc112caa205d711dcc7cb7029924c3ba8b3e98e7dcd1be7fc21c7e88b0e35a7
1iir30a,AskALiberal,liberal,203,660,9fc112caa205d711dcc7cb7029924c3ba8b3e98e7dcd1be7fc21c7e88b0e35a7
1iiqtfe,AskALiberal,liberal,131,1098,8646863e365f47adf89423574282e8088d027f98868c0df9ff35b3570ab04bd2
1iiobzz,AskALiberal,liberal,151,123,5a1f550ddbdc5601bd4de70149c437c3bbd79ed055e153a44121f5996e48d906
1ihksdv,AskALiberal,liberal,130,1261,2c7a12eb38101f6df52dc41ab01cdc978bd9aaecf9563c964cb6bafee2653bd4
1ihcc8f,AskALiberal,liberal,196,337,264fc0dace916ee09f57c55a2afa55197b986d3965ed7d40289a91253eb0dd52
1igtqft,AskALiberal,conservative,127,1820,b294364cb06314154bc0701a02d0df1df1ef823c10a0bc46664840050d893cdf
1igawhf,AskALiberal,liberal,136,1279,5e73fdcd6fb011bb83a95f465ecec8f364dee6b9d318ce894de446e5abe25f55
1igalwg,AskALiberal,conservative,125,89,74fd9890daef5998470829f0170b3f46d00d5938088b48e39b4382a630520260
1ifkdgy,AskALiberal,liberal,131,734,58ee256a768351cee244685e8c49522c177fe2fceb54f939be73281e2d35d010
1ifiie6,AskALiberal,liberal,163,391,6642dcc454e1253ec9f4998f81fc66dcd1c5bae963c8d52c4e065518ea08c2d6
1iekyog,AskALiberal,liberal,160,279,63d8ad5342048218f4290d9591392b3a7896daf1765580edb292a57dd0121b8d
1idz1fx,AskALiberal,liberal,148,386,2923f3d85631d40603b90f2df36f815e0b98e7b409c2d84040d1462dd7029183
1idr4kh,AskALiberal,liberal,234,492,adc1cfc4db50947de2c3d169b362e966fbf89de91479d6652df8e6eb27271a16
1ideawi,AskALiberal,liberal,251,1260,ce5fb291d0d6165fc79046cb35b889d9db74a8220c97c7f0ba00db57ff3b4536
1idbciv,AskALiberal,centrist,139,283,71afdc662740bcbafddb43ff4e8180fa13bb295aaf0133860ad8231316eec6c6
1id7cpp,AskALiberal,liberal,156,108,9b559f9f015314db1523a2dbaea7a479462d03961772f36a19211c82be002900
1icw7ka,AskALiberal,conservative,128,2052,1fc53b9a7f400f5819e55b5f3e8a8a21fd429737f08abbb3e0ad27d3a326cebb
1iceh5x,AskALiberal,liberal,170,1073,142c9753d276e6523dbe3167c8147a6507920bc2e23cb7534f29562639ed1850
1iceekt,AskALiberal,liberal,142,704,fce240a6c7311e35b1318c8bd28abe593aacd7a653e35f520338f12c9e77030e
1iaqwtt,AskALiberal,liberal,126,346,8672c504de4899f464dd669c5c95208fe7e8635db004a0e778a406d386102a04
1iamdu3,AskALiberal,liberal,140,256,bfc39c201428890b1b9eb2e48623dc9e0262a6c6537c0b5171e9a8d8da8d4765
1ialbe1,AskALiberal,liberal,177,253,3c88b02905e2f4505b11a86dd73e1a1fbebb5293fc32414906013484d31c0c00
1ia4pwj,AskALiberal,conservative,129,535,ce1058f5269a6abcc0742a9741e4171cc9f1d4d7ba9449d9e33cf02d9ce56501
1ia2xoa,AskALiberal,liberal,141,408,b38ba4bd6e07d2d3f7a0c8803b1b85dc345a363e3ab1c746bebe8c026df47539
1i9r1we,AskALiberal,liberal,138,1580,5635763920699b72903cd093c1b9d3e1da142783d6a974e5765f2ad056e44bec
1i95ieo,AskALiberal,liberal,160,273,9ab01d89117f86206fba01c13eac8582a7639a923f6db1b80906a0213b944e9e
1i6zard,AskALiberal,liberal,130,270,870ffc47303e1dad25cfa115461e91973fff8e2b18e3cdaf378cf960d06a8758
1i6vt0m,AskALiberal,conservative,142,2166,3131a147856d5dd7698bbc33399aab755ea354c7a45ecf068b1ae60cc0fc78ea
1i6hhqu,AskALiberal,liberal,144,548,1aeaa23ec0829ccd984fd5b53c595ae991c9651c2a8187099158058a532c1216
1i69qjn,AskALiberal,conservative,155,903,8225954617466cac44c03f4ec328b0714834f9dfd41ebde1cdf1627b748a3a7e
1i5t4ly,AskALiberal,liberal,183,2792,a506c47a1e2b74295ecce96149251edd7ee544d4a17397d5b18c4b4f94f65615
1i5gwbk,AskALiberal,liberal,142,2100,9a26cd04dd243f15ac234a6e1a49349d810b9b6efe30aa8a15a92de12a2b2575
1i4ixq6,AskALiberal,liberal,155,299,4906b962a53cc5c93daf7b74a6f33edaa0ca2caca24b54688313ef3f2ad5177e
1i4i3dn,AskALiberal,liberal,147,722,1294ab165f106608319edeaab39a5ab71b8f1f47001976293640a601b4d4553a
1i4gg7b,AskALiberal,liberal,110,1996,9ec07def1127af36cd2f10fb8b25fc873f3232de451fc45537f0385bbea353a4
1i49wl3,AskALiberal,liberal,102,261,912c6fc0e7bc189d22010d979e40621103bc810752a2c21aee2a98f10917e8a7
1i485k8,AskALiberal,liberal,138,480,ee44bfcbf0b0e2710ab5060243b4c57d3b8f031333577939e4188aa987ddaca6
1i36lw7,AskALiberal,conservative,141,1256,7314e7a58dbe34b0398b36a73f2a93cff1b6884000fecc23115e693c51e977be
1i2796h,AskALiberal,liberal,98,298,023c1fde8e3fd6e1fd3ad9c90ce6f49ac4facebed35d6607288070edbe8a30c8
1i1xtmt,AskALiberal,liberal,222,75,8d5aafacd7b13ba093eb27dde7dc07ebae92a68a1cd89ddb7ea911e004437438
1i1oszt,AskALiberal,conservative,130,776,1da42b652cd889702253c23fc35d8a3a13976cb74a9591c66ee977e30d1c747f
1i1if1k,AskALiberal,liberal,158,343,b4e849d3b34d1d75069c90c09156a237bf00311423df983435b4294c009faee9
1i0totp,AskALiberal,liberal,151,578,f5d21bc105838e9ad3bd283163193a891c11e6de5f5ca1cd4135f6d085a6c25d
1i0be9c,AskALiberal,liberal,149,949,224e4506d556456bed6f0f226c71597544bce3b90bc237d9946185f5315e921c
1hxgaxf,AskALiberal,centrist,157,344,fa2c32ae0e62d25a1424537e06606f39898bb744f56eedcc79c90e124298f2dc
1hxcccr,AskALiberal,conservative,128,910,ed3bafefa73da0ff702ee6d3b009ba59ce0b8735300275e151e4c7ef5c0a5e23
1hwtswu,AskALiberal,conservative,122,3326,696a9b083009dfe378e6af5707602c34b49cde5866d0c6aa3805006dd8a27173
1hwldnh,AskALiberal,liberal,131,227,63ecad41f6013630b1eb7f4d9145943f5aafbc03a2dbf58bd960fd19750b6afc
1hw2umm,AskALiberal,liberal,148,470,a0f9a2800a658a6edff77f079753d2675889eaacd31463bcde77ad50962cc540
1humdcy,AskALiberal,conservative,159,410,812ff2ae1dd1365352bd96bb501c75b45fa8508eaf4332e367e5dd672d078de2
1hu5q2a,AskALiberal,liberal,212,303,0474bc2148bcd14644207593064c4a5b94ffb634a8c7de450d8feb634981225f
1htts6j,AskALiberal,liberal,142,2627,cfae3ea4418d859cfb0c55e4d6cea7d333b072d714efa7a8a99bb1a3527f3450
1htmlzs,AskALiberal,centrist,128,2296,ff144352c7993626549c73aeee59d56b3ee5e616fa364a34ea22a072c2ab8325
1htfdvb,AskALiberal,liberal,170,1613,8499c6ca11ae217311b04c0e56cd49e577d655772fed829f7bbf6de6c4191645
1hsx1hg,AskALiberal,liberal,131,760,295c00de1286865048f1af8cb28f233f95da027dfb8a5b04ffb78b72332d65f8
1hsq91f,AskALiberal,liberal,122,769,c5ef8ca81581db4e037aa9430dcf000264c4dcd3736009ae18a4f214a81cb588
1hsem56,AskALiberal,liberal,131,1031,e19f03de283cd1b5653d319f0a8eb7396e3dd62661dbda67984274e9b6e2b7ba
1hsab8n,AskALiberal,liberal,299,5872,41ff1356d4737a709141fca275b94bddd162129f29dc7110c626f78b3b8d10eb
1hs75sq,AskALiberal,liberal,168,392,bee92e5b9d2bc5af2268440e67b7693929f0fd7a0c0033cddcdd814cba3c445c
1hs75sq,AskALiberal,liberal,168,392,bee92e5b9d2bc5af2268440e67b7693929f0fd7a0c0033cddcdd814cba3c445c
1hroa5h,AskALiberal,liberal,188,5808,cc9b785d9b7f58d5355fc9e80f3b47bdee18cccd5e963c1dc76c4438c4766e21
1hq0f0u,AskALiberal,liberal,135,385,5ef9387530cdcc8e221799e373535a13b0289b10e4243e1f97f4b0ef20b25745
1hph2yk,AskALiberal,liberal,121,1645,7efc99e3cc99f166b716595d1eaa949afbbcfa105b5f1b7c1be46edc65b4c78d
1hofk05,AskALiberal,liberal,137,3407,4cc5e01f9ab54367dbec1dd8199a3002c601f31d4a45077a5d148c8dd30b3ece
1hlrvfe,AskALiberal,liberal,249,3429,f322941263f3185343f369bd23bf5f9e2eba9ee9a2f7bab461a1836defc4b087
1hkky6a,AskALiberal,liberal,131,662,7d0b05bfbd2344972b746cac95cb8dc9f69e01b7f85598520b7b082f8db12c8e
1hjib5h,AskALiberal,liberal,165,2848,158735c17c51348021729bbde72f2289dbdd480e2dd46da10d7dc9c9b61875e6
1hiffrt,AskALiberal,liberal,132,414,a777c838f2638ee431bac67bdf5a38e3636a2b0dba0b1475a5d65858097e6b46
1hfs06u,AskALiberal,conservative,120,235,ae811fcf4ddedfe3c4e4ecdffb9b8b4e79e891d6957d2396bc340d998aeb7951
1hfrnpj,AskALiberal,liberal,162,231,1f8309d6ef602697255820ee6cdd09aa123f3182c224fe9665025330ed28bf31
1hfi9ks,AskALiberal,liberal,182,183,dd4e0215c53da6a582636bb131b50d107b30fb3a5fcf338e741be799d0eba109
1hey57q,AskALiberal,liberal,138,756,a15605d56d5953675780625388cb92723bb9f6f75ae840188d53ffe7c0086db4
1hde8nd,AskALiberal,liberal,184,486,9a9f17a85e37622c66a2c58ee9ee41afa549381651ffbb2d5a1c55cbcd571ed4
1hd11nx,AskALiberal,conservative,228,1992,9595007605120c51f92f1c78a3c9953496d70cb1dda93031b7615165fc7dae36
1hcxt2y,AskALiberal,liberal,151,734,9096e529cb41de738d156a62450dad9995accc64b972958df19ddd8fbf7fbf86
1hctrum,AskALiberal,conservative,278,189,03e913af785661f0a3e7f4b35347c1c6a41eea275e073979b14293f35476b01b
1hb7uz6,AskALiberal,liberal,137,2803,1681238ac44652b54df31007d5c4188daa0701b1730493758a2dc5406606b1c1
1hapmzc,AskALiberal,liberal,133,225,77c0bad011b4a7f63bc4576ee1b0bf2483ba5229a0d85d2a6fbfdedcfa7bc6d9
1h9vvps,AskALiberal,liberal,130,152,b6da2e7fc1c4af7fcc8d786770277108fb8d298fcb31de25012872deef8e347e
1h9rulg,AskALiberal,liberal,196,3575,f6224f205d33d688894722ae9ae04f00580dd22b8a84721cb193f275309e05e4
1h8xqkt,AskALiberal,liberal,158,711,f5c550668940cfb9cfb53ef94c6320ae5ca0bfe96af0214df30b67f61c7d083f
1h8x41d,AskALiberal,liberal,139,131,26235ddf15a6bfe58a99f9404ee9a0623cef8222d52cff60034bf4e4c8060ee2
1h7qdjq,AskALiberal,liberal,138,316,45387f3ad51f6e7b4d5805ba20ef50fd49937cb6422be8bd9554a3e2dbf3fa7f
1h739hz,AskALiberal,liberal,144,390,b09116b011e34998ba28e5e7b986d21ea908de97f3e7e82abce7d15c89b6d054
1h6tt28,AskALiberal,liberal,112,181,573e61a9dab83054fe5550cc93f7a459a1e46f26f0f32cddbe6d73a613cbfb5a
1h6gvyy,AskALiberal,liberal,227,254,f92291a92b904160718cfd1503aa58382c48b7ff75260f97917b649a23927f22
1h60sw5,AskALiberal,liberal,111,669,860fcd046668088910e0565f1d4ce52a9a9f769f7559d09711bef72a9c37bc96
1h5rkxe,AskALiberal,conservative,138,1021,936d19a8265cc2e22fd728ee98b91eb433d18b6c249546ecaca51a7beca02d9b
1h5evx4,AskALiberal,liberal,131,1298,0fac3ac997ae2430f21fa6eaa3b91dc2fd4c9f4314bb6ae795d788f2b5b29e7a
1h54h22,AskALiberal,liberal,143,374,ce220a43141255d64498e63faa0d15ae2091871038f4bebd3adc624fb0e9238f
1h45tiw,AskALiberal,liberal,227,184,44b149db2b4f72ff6806ba2929885273c701defbf5a3890cf959fa83c1ae7fd4
1h3cv38,AskALiberal,conservative,124,1987,0aab19b5544ed45249d40d8aefb94353dbf610b075074492af258353587881c4
1h2aso7,AskALiberal,liberal,156,629,7e08f1d0bc909a4a03f1555ce886f75d47bf41d945c4a7053384a2f7b98c141a
1h1jb5s,AskALiberal,liberal,98,136,d49cb3cb92295f8e2950c736f6dc4c720890e9a6126c623f78f028ef23f592fa
1h1euji,AskALiberal,liberal,296,131,73026abd6c4cd48709975c26438de32ba7c24da6b2c34fd5819fe7989ebcc377
1h19r4v,AskALiberal,liberal,159,867,5f3ce2dd442218cd2a0d1312857b334191b3569b194c55332a51a98ef6db38a6
1h1862t,AskALiberal,liberal,112,172,3a93fe2b14b48f51acfcfc5716706b5793b43e6e47d0094c247f0a7d313a698f
1h0w7io,AskALiberal,liberal,157,961,026dc3d918c0096ff47294a526ae0eb71d8966fcd9d7f524027660dca17f2351
1h0mtqc,AskALiberal,liberal,184,732,8f23c98cd857260740b437fba496986223d140f8842ac0d14df6ea7266882b0f
1gzzkvt,AskALiberal,liberal,147,971,b08c473d5aa43a761b2f83106acf3817b92964ceb65d3050b00c0d4b1f28a54f
1gzvjex,AskALiberal,liberal,128,1261,658713e32e7f72d52b7dab7fcc3a445519b37ab674caf4c0b1162635b7fb2cca
1gzvcmx,AskALiberal,conservative,139,822,a8bad40a606e896b4f0ec497bdccdd84bfc4a2f80ae9a291c7c14cfa64ad32e9
1gxmx64,AskALiberal,conservative,174,328,cfb546cc004b052364809bb9200373f738656d4b3b38f26d7ad60ef702f593fe
1gw6fz9,AskALiberal,liberal,116,740,141838e53f6860c166ac2d8f2c276437f0ad18ead371f71d8fef44bb78b1782d
1gvbyue,AskALiberal,liberal,172,563,187e4fe77f167cadac9aa662b27802d7d69340f4477fc35f176fc51810ff0fed
1gt05m3,AskALiberal,liberal,138,360,caa77b8a63d1b4be0d286505af335989cac1c90f253099efb96c7410f78d74cc
1gs6ys2,AskALiberal,liberal,137,564,97938457e38cb780c1a0803054d0d253b37d326b8a044bdec4b545fa8d02b3e6
1gs4pd8,AskALiberal,liberal,123,669,12c16e34b0a3109d9453e48ddc0205ea347d96e86c6588cd5ac59ff605e8f338
1grzd3w,AskALiberal,liberal,101,1283,0c9f8be96858261e7c1325bf6bd668bd7a24aa92696bacddb9ca3fd2a04ffa7f
1grbxvr,AskALiberal,liberal,232,3937,094031553716020354f8bb8982b7e28d6b623d65e08a088feb325c7f6309348d
1gr9whg,AskALiberal,liberal,122,143,7dec2cca8637a35ddd146efdcd60142a599f3d678227bbefe1bd8685b230cada
1gqnp7h,AskALiberal,liberal,136,118,53af17f470edfd273be76dc425dd21c81ca9299f0701efe6159c8e076928531d
1gqkgsp,AskALiberal,liberal,197,689,03d6a76a017c97f0a72215ee62a05fac0afec75864e1bef8e678cf16fe7d57e0
1gq0ike,AskALiberal,liberal,129,501,855da5493673dc73b44cc79fd1646130080fbf5b5bb8d84b6b479e65e8fdb12b
1gplem3,AskALiberal,liberal,142,466,89e82f97e90132b997ca6585482ebcec27765f4ea96c3ea8b12e0bf7c6017fa6
1gpb9ye,AskALiberal,conservative,153,879,c3c63459220d1e853972f8732c78fa51765dd586f8c12006d7c22eb2448b3d69
1gp1dkm,AskALiberal,liberal,153,620,293d2d2d9b255af329fa5eecfc54cb221deeb379370604172273214ce51ae19e
1gp05pu,AskALiberal,liberal,135,227,d72988f9247bfbb7e574a4eb8d39f80414ac95d373ee09bd51eadf22afb76d76
1goxaw7,AskALiberal,liberal,231,648,d62800973b484f21a1be4dee2723feeac63e822252fc356a3017a80a1d3976ee
1goucpv,AskALiberal,liberal,146,778,5cdaa1d67c54debeef29f98a1a59c7656a97401037c01a7fdcad92876eb08c08
1gosiv2,AskALiberal,conservative,168,742,67b515ac904b3eb00641e8d6bf70d0081e0241ec1fb9d1cc60830567e06076ae
1goirql,AskALiberal,liberal,142,1988,672e6ce0cba1ba268086315ef25a71b07d05238244b1c792d6b3d2c640f44fe6
1go8759,AskALiberal,liberal,134,263,61f500c7949e7548fe89f406b11a65b693dfcf1d050bce5581ac24893e114ffa
1gnhwtt,AskALiberal,centrist,150,481,a23299ad4fd10e4063d6b3750a6bbde995b4c13e398da86f0256bf317b26b8d6
1gnfl8s,AskALiberal,centrist,192,691,40cd8c15c326a95de6e309445b4c38afa47b0633a566d544428a4007371ece8e
1gnffl5,AskALiberal,liberal,122,114,2a44337a11bc91757d9f5fc8c5f674f11a6abe6c2f2fa2ebdc2d5ede8ce127da
1gnbvu8,AskALiberal,liberal,136,356,e5dfe2c62cd3f2651063351148454e008c0bed4dcbaa96883c9b8a4cab4cb789
1gmte1z,AskALiberal,liberal,119,1964,55706b8dc4e93f2f2fd58c67260c9ade2b824fa565515c1f0e36ea56fe66b2b6
1gmnypp,AskALiberal,centrist,141,1044,74c9eb5db5d9c0ca26f05c038f95ffdc8c851a9b49bd2a5186ae46ba3f1f8b77
1gmnpa9,AskALiberal,conservative,138,3224,71a8e3e15ffaaddaaaa035a43bd4c9df5c9879d2a2fd299223aed907ea393bd0
1gmmlja,AskALiberal,liberal,153,541,db5b88a95c488eaf4ad83a08d4aeef19336874910250dfdef547c7cf2cea3941
1gm2u2j,AskALiberal,liberal,103,622,ad834cc34f060bc1f146d795437e97f70378a05bb7c186f7ddfb55ef984045a4
1gm1eit,AskALiberal,liberal,147,1214,17c88b8913658851d524f83c6722a6cadd261b53c08a623df43de1680a28528d
1glzlsx,AskALiberal,liberal,153,609,bffe8b4c50aedbedac7e57523a67bce9804a898135fe0bc251ad0783721269a4
1gloo8l,AskALiberal,liberal,141,1876,b64ceffc375a5a3f535c3220a105077ba96978e61b47fd5d76a8b49e08b050d3
1glnvhg,AskALiberal,liberal,175,264,89dc4ea1f3ad95bb9e81eadfda7b27271b3bce66c85c40e672ca8dc9ff088062
1gljsro,AskALiberal,liberal,120,411,34c45364a737be7fcd6127dbd122686114f289eb4527ac10573fe359793b27ae
1glglwu,AskALiberal,liberal,121,508,dfa47b5de439bd75b87dc6cea47c6b81904bdc78fc9187cf4a590e994cd9c488
1glaj5d,AskALiberal,liberal,152,1420,bac46aef6db4169a387edb8a27920391bb191cd9ad38c5db0cb3424b3f6c4072
1gl81we,AskALiberal,liberal,132,1391,cbebd2c9dc52910c5bf0246f363abaf0202953ae009fce0d442c727867e91a38
1gl81we,AskALiberal,liberal,132,1391,cbebd2c9dc52910c5bf0246f363abaf0202953ae009fce0d442c727867e91a38
1gl3dez,AskALiberal,liberal,130,3654,5585352e0f28c867059f837d1174f660e9bad2d5ea857c3a4db870f3cafd7b5f
1gl1axe,AskALiberal,liberal,150,661,df6d11b3dd3f6a50ee08328f4972c27801df07103590c6c7c52edad438c51fa3
1gjj3un,AskALiberal,liberal,171,470,2eb40736ba2c2067030fb854153c4f4a4470c62b947a354c8f8f54d7f7b5df84
1gje30l,AskALiberal,liberal,129,1567,1696759e8f313cc7cf5cd50e2361f352f816201265f56b1ece6fcf65a2cf45d6
1giulwf,AskALiberal,liberal,121,1056,8bd991090326c74bb8660d515c18c5a3f17079af509067e101bd6b3fb639d478
1ghd12v,AskALiberal,liberal,299,143,479752549cfed6c7e047dc7f7478b990e39de3881df739b2918e57c2deacbb28
1ggynpy,AskALiberal,liberal,107,1015,fb95eabf608b5081c85069de95a1c33bb447ce6c8e62d7c1889ea65df6a99358
1ggvyts,AskALiberal,liberal,118,1312,c69eb397d66fc8a74ed256ed978f91caa6fd770dbcffc1a588fd8c77eaa926c8
1ggnlk5,AskALiberal,conservative,281,1028,b94865d1626b7eca6c2fec66f2be787c5e814d4264025a2865539cbc7e57e3e9
1gghjm6,AskALiberal,conservative,171,529,7ecb659d96d3a42e8a0012e1f4274a43cb86db9a2f044fd65102a6680ce18cda
1gghiis,AskALiberal,liberal,129,823,bf287a81b65c553287138d21c150281e72ac0439745aa7568b64fc6cb0237ce1
1gfrmt4,AskALiberal,liberal,185,442,4f7c7b309d25c2a5e14afe3037f7f6a4b9f04c5eb76c312e62f290d086a31dd1
1gfjikg,AskALiberal,liberal,138,695,c1d6fec0656da19a9931805c32e113b5bceddc900bbcc0fdd9f1257557e28c7a
1gewmoo,AskALiberal,liberal,210,100,d65d5441153287921f8ef918660a4048b3a62aeb41e5b26dd88a788e2073c4ee
1gemht9,AskALiberal,liberal,139,1077,4e8001142333571b6d1b8581a52152d534f281e712e456e53bc31175a5c5a1ac
1geh494,AskALiberal,liberal,126,89,5e0e1c01eb4ff20827bc8dd72a942163b48256a52936ef53fb92c68d035979d7
1ge2t7i,AskALiberal,liberal,203,321,029b42488cf9af579fd8337254d6dc552d1bbf99f7a71dfe63a77c32e31b8b9c
1ge1620,AskALiberal,liberal,287,4755,70c1a7133e4825cf15afaaa941ff3d233f8ba918f8e802e5fc01f784b0d3105e
1gdkuu4,AskALiberal,liberal,108,340,50cd1115772e3461520bd97e42af9ef334f69a60be03d5819c909c174580a4fc
1gcmuv6,AskALiberal,liberal,101,259,0171e56cd1fadeda324ff6248c9cb07da4f1869faa1a40f686d30b33157e8d84
1gci1n1,AskALiberal,liberal,140,521,60706add82b56d0fc26f16cf97da31163a7129b444e8672acb4dc9cad7662613
1gcdbzn,AskALiberal,conservative,105,590,286757f4c3b5771887a3473c897b5c2efb02eb935c4fe393141fc92fd7f9399a
1gby4od,AskALiberal,liberal,124,645,c8be63357348591a80685c13decb77ffa7731fedeb56080d4e3f1fcee69b5aff
1gbvsdw,AskALiberal,liberal,174,1701,92ca100ff13df42d3349d389d9a6948858a66839a345857723891b5c4b26cb9e
1gbdkm4,AskALiberal,liberal,301,3356,0565bb69ff03163f0b51517c9f6b248724430b05a210524fc340cb5cfaf008b3
1g9qht2,AskALiberal,liberal,166,595,32b31fc7fd1c5fbd8aef67cd53b5db1afe652d450583f925daa1cc57c83c94f1
1g9knml,AskALiberal,liberal,124,576,630bf937e31b3fdb79ab632470d96df61c54f7dc89680e41f4497cc399c218b3
1g9g29b,AskALiberal,liberal,159,699,052cafae6426ae36cfd740f02ebe74ab432b8d0fe9b802aaa0e4ef03b094d303
1g98bvd,AskALiberal,liberal,108,784,4779c14694eb3ff44500befafe5536f340b7eea97bbd81da0f26fdd21b5292f5
1g947tx,AskALiberal,liberal,131,1765,88573cd4b67433082e522a3efafffc4afa415a1ac37c41184dd453021f4b91f4
1g8wj6q,AskALiberal,liberal,201,303,ba4d51df40656c7dd0f5f79e10ffdae3239de93b95db9be4248454a42190443f
1g8vy6u,AskALiberal,liberal,116,568,cf7049decf85d970a2c172b728c926651f0e038ca965a0bfcfabc3f4da6b8758
1g8qmkj,AskALiberal,liberal,172,487,e845104adf57e323e99c9256692419bb2e82d519be0965c3f6a3778600a873ea
1g6x4an,AskALiberal,conservative,139,10747,8d69f1bba57abd6d7fdad3411c5dccebe4edf1c0f676f216326e9ec5b7e352de
1g6eoh1,AskALiberal,liberal,133,1024,ca98950f353fe364b2dfadbecd016f58b04b8af4edf79611e590fb64d59ac580
1g5a120,AskALiberal,liberal,231,1042,da60c538d43645ad364f69ba4da3609809dee9b6a535a87309edf66e0414f6ea
1g57w6j,AskALiberal,liberal,256,483,3c98c911cb2cf794a408db4fd8a3da8ab2d919448339bea487d5f8c1ef81a31e
1g57w6j,AskALiberal,liberal,256,483,3c98c911cb2cf794a408db4fd8a3da8ab2d919448339bea487d5f8c1ef81a31e
1g5761i,AskALiberal,liberal,120,452,86ed506fa389fe50257673d6c0f2c21112b439d860f11679a0bf23b20706891e
1g49u6s,AskALiberal,liberal,129,1367,5c4ac41787360695c16a8cce1339c8518d387617ee9d3f30fe7045cc6a4a3b32
1g48zfb,AskALiberal,conservative,154,589,a251851159c3df08ad181784ebf818bbc7d2accb42c37ee9ead14d5b91f9e312
1g3jx3i,AskALiberal,liberal,113,508,c208cf3f693614cf199d7da33764ee7c427f6ede953c54d38d7d40902936000a
1g3jx3i,AskALiberal,liberal,113,508,c208cf3f693614cf199d7da33764ee7c427f6ede953c54d38d7d40902936000a
1g3ag9r,AskALiberal,liberal,111,749,e4c19e70308cfbc401d90a230aa9fa1b40df741561ad28f5ff02b31871f7710b
1g2duvg,AskALiberal,liberal,140,328,d174a6cbf29745f5f1e125e61e731a5e934ad157599852889b4cfcf5e5f2fecb
1g291fz,AskALiberal,centrist,126,1289,1edf189f6682e9cae0aa2a2c0468e070b4350659c295036b9e8a5dea86a48dc5
1g21mub,AskALiberal,liberal,109,2236,e1f0190c1a193a05d176cc735b7d213e2c8801cd9bd2c1259e7979ef812ed621
1g1d8ro,AskALiberal,conservative,264,45,c58ef63b8968dbcc63143ba07d2ac4902ef7835ade54dc94693b140fb1400ca6
1g0kvl2,AskALiberal,liberal,141,706,5ac554aea1ba14fbc26d3374cb2ffde52232a5c773b516187948de6750696631
1g07dug,AskALiberal,liberal,165,248,289f1f2804098e5d39dc6f3350b1a1451ec252c6aca4effcca6f1bb8122dc4df
1fzyepu,AskALiberal,liberal,197,824,116740362c44f4c8ac3ca6f8b7f4493fc5c4b43e5b1eeb571bc5d0ef7a877d25
1fz6cc9,AskALiberal,liberal,138,4258,60213ccb72ccc8343f9f0911b78552e0eadc9622b24915a2f37442485a7c8bb8
1fz560f,AskALiberal,liberal,132,1045,3599553dca6c85be4dd1f8babc99745c6ee51f2adf6f4a46e4adf1181e94ef1f
1fyklzl,AskALiberal,liberal,275,719,ea8c83ba4ae07b50e1318b298e4efea9fea0b5f81b0047050f958fd1482df458
1fy9mwj,AskALiberal,liberal,206,1024,df40ab8296c6f2c97139360b48774fa2dd34befdd0b89ec7f36ebb840f4f9066
1fxn932,AskALiberal,liberal,172,354,5cb98f41081e03886cb0323a6b1e1851dff520d458751d4ecb2e0bbcc6e66723
1fxfebg,AskALiberal,liberal,118,864,2f4c5baf6cf9aad40306d742846fffbddc8e9eacefa5ba97acfe6d684adebf60
1fxedtv,AskALiberal,conservative,132,476,190c975d4727f5d81253f1698c27bd069590db3bffb544638a5105faca03fc22
1fwcpdx,AskALiberal,liberal,169,605,078f0321cbc4375983fd99d377e7bc4a2ab12ec65c0f209b49b3a049d0b56ffa
1fvf5u9,AskALiberal,liberal,164,2160,29b4a6fa74d4e1c13c4177f78a475facfb4a8929ee58b193da495193d41c1d04
1fvat4d,AskALiberal,liberal,187,829,68e2affec7664035caa6f60b6f0ecad10d36a3090d5c2cedda5dc4501283a942
1fuv1ys,AskALiberal,liberal,169,189,a74f21fe9ffa425af0467b392e6db50efb6750d2063b70b99e97d1c26f867599
1kgwdyy,AskConservatives,conservative,127,139,ba0a202789f0ec004ec8a691c7de6b32e9f442d84d5022cbc046c466102ab532
1kfcmfp,AskConservatives,liberal,279,2151,fe58ac6765adb3d56adba75b85bdc9cc40b65c165f8d8eb613101fd8e3f3c12f
1kf6h4z,AskConservatives,liberal,162,664,157c19ead6c4bad57434687ce4f90f05abfdb8f451656972c5004bb458887ddc
1kdgdst,AskConservatives,liberal,145,640,7d9b387d0192338b82a80d3e852aa4ab978fce71b36e014267bc7ffb9ed1ef5f
1kcktid,AskConservatives,liberal,122,630,a72ee243af5a7eebbd522acbfef08ba0f45319da71062cd4785458c1189ac702
1kcjtqp,AskConservatives,liberal,137,579,3c4093e85eba8e9dba87d267ed531d1b04f948c38268c58c39413f572212ef56
1kc97f0,AskConservatives,liberal,126,713,1170093ecc461283d044fc8d9feb4c2fc5364a319686ef133d29fd68e668b6c4
1kbr8h4,AskConservatives,conservative,147,142,811ee5fb8e6f442b7f8a9ca88482537c690f085f85a6c7295338d43f5c2c7548
1kbo1nk,AskConservatives,conservative,158,130,09cfce60ee3e9c3a2144a0755f5672d7aa3ca16a571ff0bc6866025e7c4c54f1
1kb0ueo,AskConservatives,conservative,126,84,8bc89588edbd8e58d1fc9c384767cf0334aecd7cb350706db75c72f0c0df71c8
1ka6kap,AskConservatives,liberal,121,936,00df9d09c1e1f5a7f725851144b9c792c90712a17a6d93f70a0f5787c4db4479
1k9th29,AskConservatives,liberal,228,460,65175c424be47ddc51efe3e55e70e11bfe17cf18f5709804a2fc8a458b15624c
1k98fiy,AskConservatives,conservative,123,373,3ee29680a4b8f319f651b590ed8991268c273ab9f0fbba127d8ae90e426ad37c
1k8f3rc,AskConservatives,liberal,169,608,63b021126a2e17e0311dda20e116ed6c2abea0b85f1883dc7b3ae16ae063a39a
1k7v8v9,AskConservatives,liberal,125,1715,b554d34294a0ca99de229a34edec8cb2167cfbe962c8416ed1676a8b8b72d39e
1k7iyir,AskConservatives,liberal,135,419,5be39b47dc8dfcc716eebc822f94adf422cb1479f292f95a1c4ffa022fabbc5b
1k73o5h,AskConservatives,liberal,169,375,1fde5fc287a9ac8b77935956d2470549b62c8d469d89869a0662b6a4e130f16c
1k6xai5,AskConservatives,conservative,153,524,b9ebbc44a04627be76529f58f42c81d854706810176eba112f1172d73fc661a4
1k63o0y,AskConservatives,conservative,128,199,e83e90245c6f6dedfd8bc0196fcec73c418ca75aa1aa8d5f2a53eef6bf9d3746
1k5jsb2,AskConservatives,liberal,129,1039,cad213fe4f74db5453fb8db0e04555feca7dcedd5630bb188f041e7c192b9d6f
1k5c0ap,AskConservatives,conservative,125,213,e4b1fc3c89fed76fd9602ee81bdb9e6c4dfa9f2367110cf45a673331c3fd7914
1k37fiq,AskConservatives,liberal,140,711,815d56d3113c8f9f58ab77e56c94e9213cd6eaf1199b64df280c3ce441665c63
1k33a8m,AskConservatives,liberal,242,721,4de86d00613551efcf81bd0c0e776c1a87cee671af5c31f3b5a37fd53a724dd5
1k2bztn,AskConservatives,liberal,150,298,5cb674ff4ce510ae03b7197b332ade2c9c9031ce80122e15ff461331ea7d51b1
1k200zo,AskConservatives,liberal,177,370,b802d42b42803c5faa3746e6630b01954f465fc04ade322765458bf0fbab6a1d
1k1wgw0,AskConservatives,liberal,159,358,5c77457cd30303221185d36184cb1891069cf89ae2b980c2ac230b318a41a099
1k1qzmt,AskConservatives,liberal,143,180,1fbea9cf90dc0e3ce8d1f86408165b9058143493adf454ae7518c004f745b45e
1k0mw2d,AskConservatives,liberal,124,1387,8aac25fe7fcf0fb82300a7ef681223f916f88cf10faae75dd267bcbcbf7e32ff
1jzznks,AskConservatives,liberal,119,700,42d36796ad901d43d991e886ac8a32a4af1839632b374f7eec903af51ba06855
1jzwky1,AskConservatives,conservative,138,173,9f0535ba20b1f9cffff8a396d8f555af59f4355900753f026b2d9f2cc41da79c
1jz2wqe,AskConservatives,liberal,124,347,dd76b27555eb31bcab74f16cc55e776bd91f6f36ff93266f3e8c7cf821461c59
1jz18dp,AskConservatives,liberal,144,1104,839e5586306f3c0b8486b39a80a7516b0e4abf299181cb756a55ad83cb7f1b65
1jwqq14,AskConservatives,liberal,118,1587,44d129a583dd4772f813210a69ed2a90d8a23c23487b790a79687eadda9f8c5e
1jut5ef,AskConservatives,liberal,181,839,9c076468228b1b4d0c8e7134f78db5673ba3a4b6eaf17be8257afe950b0434d6
1jut42g,AskConservatives,liberal,156,911,10de293d021118047217c4b2c76929dce8ab6b7324ad27a8b8e36f41987d9883
1juqq9y,AskConservatives,liberal,144,667,36947855af6e1d20aeb0b7552114232b937013a7151eb4120bae829f70492b60
1jt2nz0,AskConservatives,liberal,120,971,ee1a386c4b24073140771404eef9f24bad6194c8253b365483a4a9b71fc6fe63
1jsdnrn,AskConservatives,liberal,172,589,9cfe9ef6d74617df36e78246eefa210263d558e769c5ec4696aa8b3d62c14bc3
1jsd596,AskConservatives,centrist,131,558,0680e93b1b3ae30ec2f26ac44202d864560d573aa67486809bc014609d888ab5
1js5o71,AskConservatives,liberal,122,292,ce89212516fd7201dd2725ac27923d7f477a5cb16172c7c5f6da3f1c1f6919d8
1jqu81f,AskConservatives,liberal,297,304,cca29a0ef8d3ea1e77eeeac3ff60d10dd407d6b301101be5c7c20644fdfc7593
1jqlv5r,AskConservatives,liberal,99,1061,e53565c45f1b5116a97c592eedd1cc7ebea3ded0138852b47b1aa12a7dbd93f9
1jqklod,AskConservatives,liberal,191,713,241f726ffd3f986fbc40ee44d00d013bcf379b499f18359fb09c21de81186a6e
1jno4hh,AskConservatives,conservative,126,115,45efea1812c86bf2d48965bb7aa1c0085064d7882e4dde1094278d5ef1ccb783
1jn4uxt,AskConservatives,conservative,123,1074,d811a692b0fca645a0e151276cdbdb610685e854bc62cef00744c74a46595bce
1jmqw42,AskConservatives,liberal,120,512,29ea27e7dc2cdc41dcdedab989be3e9f771844c8275ba0925306e1aa7c9c5218
1jmkbbj,AskConservatives,liberal,230,188,a65939372b8c535b87936da15a0c7f3527a7c4863605f7bcfac905275446d295
1jlx6f2,AskConservatives,liberal,299,921,f237f59bacbab9fdaa2b367ffc92c122c6330fd05f2823419c700337bc6d4f75
1jl6w1g,AskConservatives,liberal,269,694,7249856d6c354442ca24b8eaf2f2dfd74fd78861348ad98360c10c029d0e3994
1jl6sls,AskConservatives,liberal,141,221,857f9410e2a1324f9a4d9dc8bed3274e89f2ec8bbac3a40464a4727c2e04f31e
1jksiut,AskConservatives,liberal,156,1017,f344ae181075a9669e0dc127aed1ef3141235790d1cb142705d71561cb03ce1e
1jkqj9i,AskConservatives,liberal,181,649,8fccffbc9037acfae7117a304c704209ac98d620a879d0d6315e61bb57b084a9
1jknl43,AskConservatives,liberal,127,643,5e453c601760356f9ca074d4d1dbc305a3f2516f54ced0bc3841f9e10e9c5693
1jketvd,AskConservatives,liberal,239,168,a6e7508ad0a8722edc8cd85f2e2d953688b19c2e44e098aed5ee48b860722efa
1jju0wt,AskConservatives,liberal,209,206,8a8a3d416b79a08c62bac96791533d8a5813fec7295273c6982d1171a9b03c2c
1jj1rzt,AskConservatives,liberal,266,862,29e024146191d2ef09a5b5b79f848c0f9dee895434daea302698a8788264b9f0
1jivf36,AskConservatives,conservative,266,628,b3650e472934c0f063f21cb366aef5c5ed654ead3c1fec2d8b970841be2adf95
1jhtjeu,AskConservatives,liberal,128,1060,4d781babfdc713bb26ba513bbef79d95438248df0e9a26784e4e54cc37f206ec
1jhefgm,AskConservatives,centrist,141,368,2a369de50734d627651886116dec452a3d52f471e5eb77edf250e1fc2d5c2af4
1jg88jl,AskConservatives,liberal,193,824,e0ad412d363be785cd20c4cdfe7452db99813d8f95c4c27334bbfd93d375f365
1jg1vm0,AskConservatives,liberal,117,940,5588b6af8bd4ed6a9210d30c1e18fee4f4a1870e6fb4fbf7047d6fbb7edc211d
1jelf64,AskConservatives,liberal,141,574,11da94855540bbef30aefa03d62c1853d94a93ff89ae1b71f48a6d7d5d1fa23a
1jdix8y,AskConservatives,liberal,166,182,4fdf3b6499d54f9d7fa10baa4e97f5acb46c30ad0567b1efb3af7f9c9abbbd4a
1jcrtlx,AskConservatives,liberal,124,250,b33c619e3cacf41c12c5cee4bf5f91baedb849892b4e89b59ada1ee669213c79
1jbw7tm,AskConservatives,liberal,203,933,875faf27ca20ac383ff41d746070352f6c27ae6447918747b5acbccc7b35c90c
1j92ib5,AskConservatives,liberal,120,1163,0b4e553b050906b8b7434908cea32270dc18f24fbdc88e1c1fbea02c904123b2
1j8s26d,AskConservatives,liberal,273,584,b606f1d93902550d4f44bbbeb15e0381b5880254603aa3120049e5eb80b2a47c
1ibezhi,AskConservatives,liberal,151,823,5fc1bcb63d884c7cf8277556787fd6d6cfd859bdb057cd769a78ea00dfc6ce3f
1i9tnwr,AskConservatives,liberal,111,868,e15066678ea09fabe0e0538e45786ae3904b50ecf4b0174102ae3c249a616efd
1i9s07v,AskConservatives,liberal,165,869,ea213ea3aec4fe2f827df0bab688fcc517bdd864b636450570445a4d8ef72d04
1i9j7y1,AskConservatives,conservative,104,480,bd45afc3d7979e9a05cf7d4856c081c055635e734daa1ca7a4d253aabc22e4fe
1i96y9t,AskConservatives,liberal,257,474,ae10b2be24aaf5481c47102e238cd18863eea3597a4c5f3b36803b172438173a
1i94iis,AskConservatives,liberal,131,1100,c7d86ecbda771a795bf932f5a0f5833ceba34538f3db7552ad6541acfca2f6ca
1i7sq1m,AskConservatives,liberal,141,1155,594dddb63bad1d7442bcbff6a3d0aa2e573017265289195125ab793760af56a4
1i7pof3,AskConservatives,liberal,168,188,33d599c59c7ca777e7aef6735e56a5ba12d221f9d40dca3ba7d77c3d140f5fed
1i7mxaq,AskConservatives,conservative,141,313,86249abb15d3de206dc38a2872b7cb169c4af2c214717f111a3ccd79f5770a52
1i6bn08,AskConservatives,liberal,182,1135,fb23a5b63c6cc18b0b3c06a55ba4ce17b501e76ea39e6b517bdfdc77012a18ba
1i5baxy,AskConservatives,liberal,170,1219,55856d4ea66656b6d8c269c09a58fb81595b7bb911981ac948d2e763b8230cc7
1i3yo9y,AskConservatives,liberal,150,1023,19af7fe68cc8ab7e9f465fdf3a68b95cc4f84bc3c9f204c02f63606d0990b439
1i3gkzh,AskConservatives,liberal,180,1157,e1b79ad4afa4c7a9b1bb9f293690d577a0355d14ca8931cf8114ecd69fd4f571
1i39khu,AskConservatives,liberal,132,769,bd16f0fe50eec04ea5d4a93f45b47c15a33ef18352c91b25712e7e46df12a4e3
1i2bkyc,AskConservatives,liberal,104,434,e6f21c160a61e91d3cdf2836d742a07da88b739a0b872b9e48aaece391d52210
1i1sydz,AskConservatives,conservative,106,774,ce8b6af3c413b2f47b8a86df9a65f82838b5ff552dd21a8448e379f7e104d204
1i1dfx8,AskConservatives,liberal,204,362,1cf086b248e2a9cf77496a9d5b73ad6e49f7ca7115575c518742cf9c125aa109
1i0opw1,AskConservatives,liberal,167,531,b075117650b641dd37e73c653cde8f4b94b9ab85f379bd1ebaff0d4058c15bc5
1hz7dvv,AskConservatives,conservative,148,519,2bc07e6bb15308bcf0c9a2580aa5e72686ae4a3d25696267ef3efb19bc1677ce
1hz56n0,AskConservatives,liberal,192,766,bb7506307d50e9486f000538a9f64026ad86a96db13307702920595256d4b8fa
1hxgaq8,AskConservatives,liberal,134,456,9b58fd9609adc0a9f4f5216c8d12df694d727435ae1a8b988a109f50ceabe789
1hx16ny,AskConservatives,liberal,139,735,0c524d0e9b8f4bcb0f659090ff922f5d07e567376ca7329e632186839568e302
1hwotto,AskConservatives,liberal,196,215,a127ed978ed19c9506483744a8a06f3b9753da828c8e2478c083f1821f004446
1hw799b,AskConservatives,liberal,178,229,ba103456fea324ed86bdaaa6cf799f10914bd3f61bfe80f0759bd3830fa9b8eb
1hth8a3,AskConservatives,liberal,192,1111,bece39001378033038ab06759c98db228e06f85fbc741c6bfbd8d6a1f8ae041e
1htet5p,AskConservatives,liberal,180,1233,b221b2ff1ad443cc5e15cbcbb869bef8a2a2b5605d6b7a86781c05cfd9d7daa7
1hsu87i,AskConservatives,conservative,109,544,6928ac2ec45d5c4a2e50a9c7025bceb1cef3d515c535a62b3134e38ab667d5e8
1hrfbz1,AskConservatives,conservative,254,155,2d8b8e7efacdd7befe8ec0bf4f1db18b65be9847ebfdc938de61872affd5485d
1ho537z,AskConservatives,centrist,112,684,3c35558749c5cea3ab21a9ea4f98e9b612542988448dfafad6fbdd950d4c431a
1hnmjve,AskConservatives,conservative,176,1360,7d46472a48ed7808f177bf6c4ac3bbea4eba5ac3944facee31bfbc8536e9c616
1hneyag,AskConservatives,conservative,149,867,942bc18fb96d07e085a4f5acb377fff4dcc31829acf1e46840a5332cd1b18214
1hn0z8l,AskConservatives,centrist,171,729,d815b0cbac1ec378cfaf1da0e855ea0d85cfb228fb9b001c996369c91e91e419
1hmd2la,AskConservatives,liberal,147,819,e7b1fbb2cc7e5f760a99d49a3b0a6b1f5c7f5679c568df3ef9546b6be1aa877b
1hm3a4f,AskConservatives,conservative,188,184,8d64839cab21b7732af927160514876827002df43c705cd429f64356965f859d
1hlgmz2,AskConservatives,liberal,136,218,30d3e67992d96a1bd65d12d87b52d10175f452df00fb9da38a08ecb53180c0c1
1hky7cw,AskConservatives,liberal,158,316,bec3a20505cb1060fce2e23dd0bc519944c28adcd8d63ffda4c1e16818777b24
1hk1ape,AskConservatives,liberal,185,1014,266022fbaef2d8fd436c17545c74597a63c7b74ba2865492780695e0223641f4
1hjhubm,AskConservatives,liberal,139,660,0c179d25b5c2759224b9f2a4f92b851e0eeb929c0dcebcfb661bab8c3cf7f681
1hiey9n,AskConservatives,liberal,131,113,af833c1c19e44476d08bf74639d4ca8dd3cfc2cd3df87cbb11488ef34dfb8f54
1hi3cht,AskConservatives,liberal,207,666,b095981323372a8a9f44ae2ced89aa6addc9d84243b64f7a21fc045c8b912981
1hhk82d,AskConservatives,liberal,207,631,bdc43a16fefb36d4debf89031d2f3746bf518f4bb830e56aef141ef2bb0ad5a8
1hgr8a9,AskConservatives,conservative,168,170,59217da1a4590ec30195f6b668b6f6843472cf0ab2c00c8e3be89ff017be49ae
1hgfd09,AskConservatives,conservative,136,150,088ded8f664af52858ee72fc2c9a329de6b1b8af87bb395d4c406f5e7f87a30b
1hfn4s2,AskConservatives,liberal,119,380,55331c0d94da1626c6f9e8241816b7cf5027f3acdf88d1f152968231729916f0
1hdgq19,AskConservatives,liberal,239,1173,1589951e91d7cd4743188b9b2fdaf7dd6215f1e25075684e29f4a344a4ff5efd
1hdeay0,AskConservatives,liberal,162,528,c5616f593abb7c4484cd6c3f027b378c600d72c8ad6a6dcc636f79c80eec4c8a
1hd2xif,AskConservatives,liberal,161,510,3bbd4ef951f8d5311dff2c108b07ded32207c995c3cee588fb1fe2a4517e216f
1hd2xif,AskConservatives,liberal,161,510,3bbd4ef951f8d5311dff2c108b07ded32207c995c3cee588fb1fe2a4517e216f
1hbswm4,AskConservatives,liberal,138,1156,a41c8bfda8243c99544204b4f7c6a100afc290cd4a99de1cf8da988c4735198c
1hbq7z3,AskConservatives,liberal,148,221,40c17e7f7d4dfa7f3d02050534d9b7bc2368b4844231bf95edce93b26e5fc2d1
1hb26zz,AskConservatives,conservative,160,688,4eea1140e2e0d0887db68e76f39884492be0efc6b7d2eac4767c61fc6047ae49
1h9ze35,AskConservatives,conservative,130,316,eb38673fd6dc7edc31e8446a39c979721b3eb01de56ad7a13405232bdc8654dd
1h9tpgm,AskConservatives,liberal,135,155,0c9e9754120fd9b9080316a9e21c471874a8d3048c5920c9b9da924ddb61d1b5
1h9bt73,AskConservatives,liberal,126,274,84d29a7ff9ae614df239f773d7bb4ecbca7e5ae7c0853a57199da54bdee60e43
1h96w03,AskConservatives,liberal,192,441,bbf1e3f92e9b82aca369cd7c9f2e8e9c6b7e91660ca3b6dc4b606f60513b14db
1h9086z,AskConservatives,liberal,230,1018,64bbadd512e62146a3fc8577c31da94f19c0bf6f18fecdfcdf32810b6fb55a1d
1h7e405,AskConservatives,centrist,162,1066,6effbf9bd2bf8a2f56b813a10325821ddaa5e656d68ab8cfa953077806e6a901
1h7e3zt,AskConservatives,centrist,162,1066,6effbf9bd2bf8a2f56b813a10325821ddaa5e656d68ab8cfa953077806e6a901
1h7d5v4,AskConservatives,conservative,182,716,32cb14dfe681c48593c9c48867e596734c3321a581f9ef836e6b5c772888196b
1h6ucyk,AskConservatives,liberal,123,454,82334d70f268d035af74154898733ad74ba6153f94824d44afe34d23f794a5f7
1h6r5k3,AskConservatives,conservative,241,1131,b84ea6782b16f2bd79e03a39733b943101340683c5d5876d19cc4bc214ea68b7
1h5zlub,AskConservatives,liberal,208,306,42e108afee15f1bc0753d5f0b428f5bf996510e536b724422376425316a2203c
1h49ow1,AskConservatives,liberal,111,948,42d24d0ed43d89c1b2bcb1e05f5eecae5960f7685c17bda6eed8a74d93f7db7f
1h434ju,AskConservatives,liberal,121,328,48a05ac861c451e8b2055a81e89e4ee82dbbf208e3770ba6092783565661fa89
1h3uze3,AskConservatives,liberal,136,958,590ff0c3e9fc7849ff87a8bf013ac41c646096a6cd99a101a6cde011d1e65b85
1h3uhww,AskConservatives,conservative,162,409,1f99066d161fd22c5884c700654424cffea2bc22061b72ac5ac1cd3baa2f34b2
1h3c4sl,AskConservatives,liberal,154,1101,702a949ffa56a10b10021b1ee5eb76b428b28b663451dcd5349bc0aa6bbfd4e4
1h2o139,AskConservatives,liberal,229,1189,1f5c8f8dcd083d4cb2ca28899d7047681b153a8c8c12e243928d7d834e7b238a
1h2mhx4,AskConservatives,liberal,156,710,9c94486cb6662c935a00d61254a48f05da8c8e4d65d41cfab269545fd7335273
1h27p4q,AskConservatives,liberal,179,371,2f19763789606080e8ff1b7dd92165038bef382410393ef5727da6c7e1d9bd94
1h1otaz,AskConservatives,liberal,127,375,0eaca992217bcbda373808a35c51f81880beabb45b9f4fe69e0342f63e87a268
1h16hcs,AskConservatives,conservative,155,975,76aa34cd9921677ad86a302400632be2de3d175ae7ca3df5b69912264ed4fe93
1h01g4q,AskConservatives,liberal,148,1080,506b8a8530c686a9dba9dcc8b702ef39b7bd383058be864452dcb0377be618b8
1gwz8wb,AskConservatives,liberal,168,205,6f7e8235962c46861f2a6a9cf8e4dc27392bfad25ea93d855255239df2695d93
1gwf71f,AskConservatives,liberal,256,1053,e0f9535c4384191846c48f5e5a6f461efa83cdf9bef323ff0b2b59c6ca39c53d
1gw7zzf,AskConservatives,liberal,122,345,3c2609d5c97491225dce05c942d24f9dc5598f6da29e680adc1eeb4f7723674b
1gu5tg1,AskConservatives,liberal,129,896,018022d7ceaddd9a90ddaeaf80a84571a28bbe1061499b81a161fac2a14430ff
1gtnyeb,AskConservatives,liberal,131,367,2120cb738c7d78f1be7d58fe8ee490a4c11cd6c5a81bae2e3c4fbdc0f3ed04c1
1gtk4bt,AskConservatives,liberal,122,1149,36c750b729885e341d3ab6af1473e7f623e95b4e9ca5106e365e4e46a40c5c64
1gsxxgz,AskConservatives,conservative,166,400,a7c940885b6a6111684e325d8ad7ea70bfd8cc6cb7d3e5ab5a1358c910ba6891
1gssmnk,AskConservatives,liberal,123,962,c21b8b60a98c497a557334d7a00f7b8904dbbfd977e62cf2ae68b0855502a7db
1gsdjcl,AskConservatives,liberal,148,219,5b973b14840157dc6f3c81b69c0bcb4121eab4aad1c25e7e696c2d2978dc4d3b
1gryhdp,AskConservatives,liberal,143,457,50be3aac09bd9caf0a459a384d6b7e14d8bc573d4fdbf33abdd5c74b155e2364
1gr77gr,AskConservatives,liberal,155,172,e69cc361330b9d653d12b07311778d7d10ef34a50ffd5a7651fddb51af2fe097
1fufp50,AskALiberal,liberal,181,441,f3bae41116f7af2e47b6efb0a2bf6d1ca36e3e7fb79ef1d9d4590ee8eaa7d2af
1fu8gy8,AskALiberal,centrist,180,149,ec055af550b855d97f759dc464f0638b09138e7797b0c3c920e0029400a62a52
1fu6tkn,AskALiberal,liberal,140,1252,3e5f1a840a1eac73213e224deac21796fb6f0fdef437e29dd866091dec148dc4
1fu4g7e,AskALiberal,centrist,153,220,b5c904694ed0bca7c15d44c6cf2152ffb32df82963854c79d07fbac343c4a91e
1ftarb2,AskALiberal,liberal,282,1043,9f2a57099e9889c2304d12e34d38d1ef2e39f59fcecd6c7d032388df6c42ba6a
1ft1pqq,AskALiberal,liberal,118,884,bfb0fa03b8ac9e00ff91a3942dacc62dabf7a454608bb3280db2204785b3edf8
1ft18rs,AskALiberal,conservative,125,589,9caecf52f559193e003affde1e7643fbbe47d418dafdd4aa9679a6ea23ecec4c
1fsx1o5,AskALiberal,centrist,190,140,eca678a8a520adc836c664007ac42dcf4b42b89112188b3a72cf19e10e8845cb
1fsht2w,AskALiberal,liberal,195,555,e967fcb61b8aee851f78d7b72805a853d1522fb3a1bb1efea306bcb40834155f
1fsd25c,AskALiberal,centrist,217,484,9d7c1f9bad098a3505646d45389f0eca9b5baff61271e90e5617a373a76086f8
1frw52h,AskALiberal,conservative,166,896,dab09d2167aa4ac6923d13e2a46d051e3d0d658fbd955f7b31d9793365120476
1frscaj,AskALiberal,conservative,223,40,9dfc3b7a36b45fcf62f232ff4179256ff66138a5f7fb2ca128e8a5c938b9a665
1frrfou,AskALiberal,centrist,131,609,207b5a535b91c9487cf01bb29073a36cd8f2fdd244fa3fab97970467d2efd798
1frm3ja,AskALiberal,conservative,260,299,cc8026c0288b818e4e213efedd15727eeb60ae95c3653f08345ee2bf6a895506
1frkl13,AskALiberal,centrist,124,124,2cb383d34b0e4ceb9bf1c2a83c8e7fd114a4675b389ab31eb4dbcceee5deaf62
1frkl13,AskALiberal,centrist,124,95,2cb383d34b0e4ceb9bf1c2a83c8e7fd114a4675b389ab31eb4dbcceee5deaf62
1fr3pl3,AskALiberal,conservative,159,326,43b74084eb8db4ec2810c0fead3daca8c21e48c75bdb66380d0413d7c6787efc
1fqzyh9,AskALiberal,centrist,153,153,83f26d245cdf75d20cbd2afdfbe6150dac5459c012b2a482b344caed06c169f1
1fqvpnb,AskALiberal,conservative,111,90,09968cdffc1117bc006c0aa554b1711ea4af49cc30ce3bd81e711195277e4862
1fqpf5p,AskALiberal,liberal,188,813,f8d39c920df233f5df421ae19feb012981db3004541679ce91ccb38cfc808c17
1fqn69f,AskALiberal,liberal,145,270,be3afb3332e0bf9565ee696e34dc989918201f3ba134b9cd7078062e5782f2f9
1fqdlw8,AskALiberal,conservative,281,1591,cf7dbf23dfe16084868598a9fea46934432e2f97a0341bdacb664bfd4b0c5187
1fqdlw8,AskALiberal,conservative,281,1205,cf7dbf23dfe16084868598a9fea46934432e2f97a0341bdacb664bfd4b0c5187
1fq51pb,AskALiberal,centrist,185,229,698f303afc2d47c7b94def74f388a4d3fbfdc5047460cd9a7cb1487f9b27269b
1fpp332,AskALiberal,conservative,247,291,5d747d113c16799161b4fb6880a29ba701f6a88a2234e7a0551fed1ece28d033
1fpp332,AskALiberal,conservative,247,298,5d747d113c16799161b4fb6880a29ba701f6a88a2234e7a0551fed1ece28d033
1fpi1fq,AskALiberal,centrist,134,346,a8a0849df15e62977924aa8962c797ccf5b7f01ba3a92bb23d011b69fcfb69ea
1fp89r1,AskALiberal,conservative,279,627,b1b97ed882484a1cb79fe2a42a535641b553e6806feee9d708a3e43d54e0013c
1foy7i3,AskALiberal,conservative,105,103,f1bc5ed999c1fed9c491aa1c57e21140266f6d2b208cb4d158c1bd909628c5fa
1fooocr,AskALiberal,centrist,148,614,00056535aab97b36265cccb09949a86d2f5b7d129d4c7deee9ae11bef4731cbe
1foilaw,AskALiberal,liberal,153,669,d6b318687f5c5a1ba3ec06943e789b4c9e228297b8e3b54a0f1a8580971c791a
1foilaw,AskALiberal,liberal,153,411,d6b318687f5c5a1ba3ec06943e789b4c9e228297b8e3b54a0f1a8580971c791a
1fnvhck,AskALiberal,conservative,252,67,1c930af2c0620d0a554ff8c2bf8acccea023578ff26b6334b52baa16a6323593
1fnr6l9,AskALiberal,liberal,111,1445,70cb951e72fda88123eaf1cf84f5c2ad36e2af88fd5a9ad3eeb87428021b2475
1fnlizo,AskALiberal,conservative,128,249,c66f8af57b856b2c30366ef2027a03f9f08cf9fb4e87ad79adc234d4c6b094c3
1fnlf0y,AskALiberal,conservative,140,429,90bf69c7786206ebf658b319e667fa5471823fff644afe2a671e7532d0cbd1af
1fnipoz,AskALiberal,liberal,205,1433,843cdec00bfaf98165abc2f6326fd0059120c52f439fb345ce631afaf18d3463
1fnipoz,AskALiberal,liberal,205,962,843cdec00bfaf98165abc2f6326fd0059120c52f439fb345ce631afaf18d3463
1fn8ybt,AskALiberal,conservative,197,348,e930c4a21b28ec6011eb52071d804e5c0ff7fc3e3ab58765f7b2bbabb4197b32
1fn8ybt,AskALiberal,conservative,197,262,e930c4a21b28ec6011eb52071d804e5c0ff7fc3e3ab58765f7b2bbabb4197b32
1fmt303,AskALiberal,centrist,151,698,1e0b60b84c8e8583b56dfc2460ded0a527232ad708345c7356532725a94d084a
1fmgnjp,AskALiberal,centrist,131,506,6afa1a95b6d3e5c2bdba8d008117d010e502f5d647d980eed0e3e3588b0eb18e
1fkqgam,AskALiberal,conservative,215,160,2f61e6ed24acbbcb010793e6d786b0bd4342dc4c3593692ee473b1fa92d1c901
1fkme0w,AskALiberal,conservative,164,87,a80a8d37de0a1acad27f21a844d5449e71d068ac0805894411e4fd9e96d530b6
1fkkcad,AskALiberal,centrist,114,160,26c1ea438d9da13e6fc355da624f52da0820e0c0fa3c82f427273ea40c245395
1fkip82,AskALiberal,conservative,197,423,12b2784cba25e949698eb679d74635bd0f498d0ba7612051735337eb8370e424
1fk6qj5,AskALiberal,liberal,113,1323,4d7915385259e8ca73e7af222dc5e653c1adf940d41e55c15074e0c39bf1b1e9
1fk31sz,AskALiberal,centrist,169,370,bb45b7ed990fc0f01318057578ad307e09195c95c031cb3c42aec7f598a1c7f5
1fk2jb2,AskALiberal,conservative,287,1268,a49bb82c1fa4e8a722d5a38ba866777b669adc3648193b8b5082a73d9511625e
1fk0hjm,AskALiberal,conservative,139,217,cf0c00a52984510a6513dc606d0e774602dcb60cc74e4aa8100a8694194bf8d9
1fjqqiy,AskALiberal,liberal,133,979,c743e06faede2ba47a743149615f6a83dd952c1293f67a21c6cd249713ca427e
1fjf9ae,AskALiberal,liberal,128,3445,2c57c0011f40f8b05ce1e4ed1c19339dc651a44cc4a34fc8847dba964188f79b
1fjf9ae,AskALiberal,liberal,128,2893,2c57c0011f40f8b05ce1e4ed1c19339dc651a44cc4a34fc8847dba964188f79b
1fj908h,AskALiberal,liberal,222,3098,488ec02a2462f75c09fd6c7e6d8194b2322a1abd766ed39cc30583e4483fd904
1fj78nk,AskALiberal,conservative,194,1014,7fc8d10f784b515bab6ec4955aa87615d02bdf778c24c12b02e1f76aaa4adfee
1fj0dge,AskALiberal,conservative,171,827,3013597ddab49ddbfe249fdb80ad6446abfb88875db4f3ed86ed76c9da7a1c13
1figuv4,AskALiberal,centrist,252,789,d966a4e0eaff325fb92566b1803c9ec6ee5caff3f8337e40a74695fe3c0010fd
1ficwbq,AskALiberal,centrist,168,206,6fc8eb241f73cf5ab0472f99ed26d6e14efa2269b318503fb8bbe385ea30c4f1
1fi7ic9,AskALiberal,conservative,215,474,1fbc4f69c6d44c63e23a0d60645d523d337c3de6b2f2ee0095ffd0a77cb1afa4
1fi1j8e,AskALiberal,conservative,123,135,5448fc0df436d4bacb2e69b8c7fdd4f515a1b13e77161318d069e89880fa393b
1fhmd5u,AskALiberal,centrist,133,107,03d3af665ae061b09638cb9c22179b0b40d26ab19735d0c9f839189f6f2ffa89
1fhjb33,AskALiberal,conservative,231,931,f16045e416f64792d510d4e95e596fb3d61f3e00e0950b947b1fafe87830a8e4
1fhgbzf,AskALiberal,conservative,109,2542,7836debcd7e06111ff6af29dc9469348aceedc24c43177d4e080503c3006ca93
1fgxm17,AskALiberal,conservative,146,309,eb6d1a832e1383d6e90cb353ae92c10f6690e5d2fbf34538c26b189ccab1b1cc
1fgnpqp,AskALiberal,liberal,165,562,2e5ed0c28bf5714cebd971959ddccb59303966c660ae5d121f9348f4271ffdc3
1fg93l6,AskALiberal,liberal,133,1143,84d384f6bc972c415b8706a988d76ac75af10cba7ce52d4d84276cfc819dc866
1fg4m86,AskALiberal,liberal,222,1212,460da0750c8883b09cbdfca25f02c1f07e1b5b7aae7d0826dc8ae75632c403a5
1fg0ti7,AskALiberal,conservative,164,615,6622382cef1cc522a758105f65f95de7cc24aaef83324461bbcd1b7537170eef
1fg0cps,AskALiberal,centrist,106,199,0a7a4ec0fa83382eb89417a40c18d33626afd4eaafbf9f04af7312ee094272a8
1ffwpeu,AskALiberal,centrist,219,210,fb96bfb22912cbd8527504f242b73028110349af1680ccb36b444d6b3a45b75e
1ffta2a,AskALiberal,conservative,133,268,d5e75edae899423668f01363a6743cf17b6749b726d0683ba796e6b996f100dc
1fflurj,AskALiberal,liberal,154,735,6f5f133ce1f4092d3e28a5425767d88083caaecdef55978ace6a14d4a97953df
1ff3d0k,AskALiberal,centrist,156,115,74fc4ef9aa7fa817c0c753b7882e2d7483395607e07992e419908dc58e291164
1feofju,AskALiberal,conservative,223,169,8ab377d004502b5364eb1231ba57dc631eedc0fbe09c7605d4439a7f2d88c949
1fefoxv,AskALiberal,conservative,265,1303,e98bafa50109bd94ccfb50f00cb75dcd62eb4aedf4786da8cc8a2e16cf0d4f0d
1fdzy91,AskALiberal,liberal,164,388,f95738c31c0e160fdad87c0af03a36fd34006aa57c08849af20fcbbd458df013
1fdlcer,AskALiberal,centrist,174,393,f199894f035ffd5fa1e6bb7c85582adcf70a49c0694158b9abfce3d8b0f6e859
1fcrdja,AskALiberal,centrist,213,188,982874e4b271ddb9345341cd5b8b3c6889521d04038d96d07a35aeda2c1b5f3d
1fcqnon,AskALiberal,liberal,276,344,5b67d1dfffa6bd3a2812950e531c80c0a83ecfad2166c81e55eeab744f8bc4ce
1fcl1x2,AskALiberal,conservative,138,278,c44dc02e45455b5f613d74ccd003b2e3dbe66d468659f1a23c3c66ff3d18bec6
1fc0s5j,AskALiberal,centrist,143,337,1e8f969ce812b0865d1cb176a3532d9ffc1fd6d0bb5193dfc4ad92b7dc3ca250
1fbh7zf,AskALiberal,conservative,114,802,c05d5ff991a56572c24d2fb76559db82783190518c29438517ef9ae81ad49a5a
1fax7m5,AskALiberal,conservative,206,830,222f9048c9c245c9b641170f3ecc40866ee499790b2c106060e14a20016ec4a2
1fax7m5,AskALiberal,conservative,206,830,222f9048c9c245c9b641170f3ecc40866ee499790b2c106060e14a20016ec4a2
1f9v20n,AskALiberal,centrist,285,877,cd7b1f9a2281a8198fcee062a7fc2cf8de8f07a45c051c8711ee8da965142a51
1f9v20n,AskALiberal,centrist,285,753,cd7b1f9a2281a8198fcee062a7fc2cf8de8f07a45c051c8711ee8da965142a51
1f9lm3l,AskALiberal,centrist,244,395,2eb0555601f795f11ff1ed18f555b7ac9031e0c3b3883c9a2a32a295eda9b863
1f9kmpk,AskALiberal,conservative,189,1235,f94a6458fd6f4544c60678ebe028b3e7a90534dda5d6f28c8ed89c7597f6d176
1f9k2jk,AskALiberal,liberal,175,2099,5b77732cfc00374addf301f4a82c83285db2bc0943a6b696e4df269d3361febd
1f9cqlk,AskALiberal,liberal,219,215,6207b2718fb33e88c5f5fda365e24ae96dab25a1da556ac86561c786f5dd5a47
1f9c0wq,AskALiberal,liberal,191,110,0d7545d9ec9e270f46638de786ccc6872ecd800bad3c0a0772be16f866920f78
1f97g46,AskALiberal,centrist,237,120,428b49795d38f07f0cd7fb8e3b929962edba32a9c20b953735773e2c331eb1b4
1f907ha,AskALiberal,conservative,98,700,ebb80ceca68ad64ff20f32492700852e884299160b6e3c60bf1be73f558b7d9e
1f8u6fh,AskALiberal,conservative,128,734,3cd34881eb8d884a4ebba95783fad54c12177884de46997b4e66a20615044505
1f8mixs,AskALiberal,conservative,153,471,f82a1e3c0425ffd871f212dec0f2a277b0971307fcd934b29affffb429bfa560
1f8eb6y,AskALiberal,conservative,120,1011,d309162608f218f127c1959488e19ff57b3b5deed64d08964079c7eed4f7fdae
1f7ntsl,AskALiberal,conservative,210,306,d009ffb41955f1e5d18dba0fb6cdbad414da93f31c8050308c2b2d158ca36bcb
1f7jbrt,AskALiberal,liberal,120,255,f77666cd18a9bd19bbc5812d0e26896b93230c3124951ce127ba6f5a33c6b342
1f7ise0,AskALiberal,conservative,259,1005,163939c1cd1a55fa05d2216e2120cd56ca60c0299c7a333c205228f4c806689c
1f740xd,AskALiberal,conservative,128,1433,f9006efc5669c1e480077eb70c471a865fbb083fa97d4ba5879eb1515091e2dc
1f6s5rz,AskALiberal,centrist,141,109,a1ba0ca7183e70c4d1ee5e8e7c05a8064bc304f853de68945a9d787141f91e97
1f6ngbl,AskALiberal,liberal,196,5795,342e176c97800037905ee2a9ff4780a254b4effecfd27446f931ffc0890ade64
1f6fqyz,AskALiberal,liberal,187,303,b62592a011db7cc189272868fdfb3eb4ba9a41e56d6a778dbcc0f1dd7674999e
1f61zrt,AskALiberal,centrist,227,552,c8a2aa1d13751ee7cffe602827dfc4e163a1e6ab22d9bce724222d43bcbd91b5
1f5q5z5,AskALiberal,conservative,199,368,e11ec913bd97d6466e40520ebfbd37c50801dd39f8380e1fd11cb4f751e17371
1f5lfef,AskALiberal,centrist,155,145,2899a000409b9b2359e86f78e73c8b049577e79455f2a1cb7d506b9cb72a7db3
1f5hqe9,AskALiberal,centrist,131,437,5b3a834c8afedf31fef5e4895afd5b47a560a735eb7b8d21ef85184cf1854cd1
1f5alf9,AskALiberal,conservative,100,223,db059c15e978b5b1c4253ccca03f37f6f9d5c68ae5b8d25157ae2c692bacaef4
1f539d7,AskALiberal,centrist,148,550,8721838129fa36247ae52fc0ec443079d6c6a439fa34d2c9776dcc484e178542
1f52yzt,AskALiberal,centrist,227,1779,584c2885818b0e72b61e5d5ab2331ba64f9a0e43e97f7f25c34e9f14daac027b
1f518lt,AskALiberal,liberal,123,264,3309ee0351e6bd52f2a7c70ff9dd48dcc9f4abb10cbaaa3ac61fc332b257e4ec
1f4yzsh,AskALiberal,conservative,119,298,15eb976e60534695f064c17deb88abbeeb90556a35f58e3f7bf9ac6915d7884d
1f4jwy4,AskALiberal,liberal,137,435,3b1dbd96c468696b273ab5f422915092f52232d2421ddec34e66ce0c512596c1
1f4eqwb,AskALiberal,liberal,156,670,8d1aa9f0903114662387c7040910c55ac5bdfc07de40490106d25de60d068587
1f48yew,AskALiberal,conservative,198,2212,51822ad1afd3616cd1ef2eda41bb0032871a065e02552fab0bb9a168c8547928
1f3wg43,AskALiberal,liberal,133,697,de9a1fce28de2dfbfb457486fd4514bfa51740491bcb0e21abd231fcc315b4fa
1f3pg5d,AskALiberal,conservative,148,727,54505ade60bba5db5b6dbee3a6f02db030dd46f571af77e4e9a3df5a70d32045
1f3lso0,AskALiberal,liberal,140,314,91d872dbfdf3bf35838d2c86c9bf6966e3ee912aa396986700906ba2ce177de0
1f3aley,AskALiberal,centrist,140,444,5c18ef9e11be197ae50b58093a18d0bc34c64d83069cfd0d1cc4a7b9fb1979c1
1f2zqjd,AskALiberal,conservative,145,256,e0e12c7b0d479ba627500a3aec52ea390010f2a0054864698ff5f1acf7e2a575
1f2xloh,AskALiberal,centrist,188,1050,9874caaec0b82014ad24feea459b050d75f7f49f8f833eabaf2f9a7abfca2068
1f2tlqq,AskALiberal,centrist,283,953,14785f7cf36c3e0bcd4cab9eba76073c5df58469a6436ae6d74655651780d2ca
1f2njzd,AskALiberal,conservative,167,201,5a8ff443f2b26d7caa4784df47a446dd0449f7a4f2d47056e65ec902399d3491
1f2bko1,AskALiberal,centrist,145,730,935b6a4ff39103d4c84568d525fc2dbc78821fcd0d3615efcf23d134cee01b0d
1f26zdz,AskALiberal,liberal,158,3016,05afaeda4945ee3ea06db0d36432ef8f028dc6e6fc24f64411a53f1990aeea14
1f1z34l,AskALiberal,centrist,245,1248,ffbd43d523b0159b14bb6cc375842a7984d8726e5641935333356efa1c170bdb
1f1r1vy,AskALiberal,conservative,150,352,981e77648cbac4bbc235dc2bde7e9c0a4af45ee44bc2478e983fab583a3d309a
1f1r1vy,AskALiberal,conservative,150,510,981e77648cbac4bbc235dc2bde7e9c0a4af45ee44bc2478e983fab583a3d309a
1f15n0k,AskALiberal,conservative,165,287,ac08ae84d51260e84e4e6cced6c3486f489ebb17d280331cb76939b4f042b1e0
1f14yi4,AskALiberal,liberal,230,689,039b6018a22a38ed29f74e9901b90dbbedf39b81a480eaafafe8e44566355997
1f0pg2n,AskALiberal,liberal,138,308,593f73e74cc2e5c5283cbd6388bb871f6d64cb56503ecad92c2e4a8675b74a5f
1f0konj,AskALiberal,conservative,196,660,200e7f844feba79384678421f55d5f8799957cd67d7bc1a83ca7fecf7bacbafe
1f0av4x,AskALiberal,conservative,167,1492,882b265971db2e3f28ab33f416922010c6a851e84b0629b4a02b57d66f8fb2a6
1f05exk,AskALiberal,liberal,132,578,5054a1cc7e490a68b65c5e94ea7b035b8dada63495b7784a2118236c70f66d1d
1ezsbfj,AskALiberal,conservative,146,591,f62e77da15bb2b2025d23fd34f74c647424534b6f6ce716ead1b7ecda78d41c8
1ezhtt6,AskALiberal,liberal,128,359,7ed8700460d36c44c99372fbaf89edfde6daf09719cc0abc4d4bb0bdb3af27a6
1ezdc3l,AskALiberal,centrist,100,190,f42fdc9f0a75953528a0b1296a924ee1c960e25377de670a2abb3ea720aeeb1f
1eyyt5i,AskALiberal,conservative,132,334,2164ef9744ee610f0f40d1126b13a36d6f011986855311dcf586bc8e54cabec7
1eyri4k,AskALiberal,conservative,159,2027,098aa8f72f6ac67216cd61230833d09a4742b4bc9d59c0d498e6df7752bf7d84
1eyq7a0,AskALiberal,liberal,162,2972,2f3de6b6142eb7a921f83889482c4473dc2509f634012da00645d1127dd3697e
1eyphee,AskALiberal,conservative,201,558,08341f947b0d3daefaf360c69bcc3725512b1073cf0132dc5bc7598c53cf758a
1eyki8l,AskALiberal,centrist,242,638,f59aab043f1ab57827282af1a21b073b36ceff2f6fe1d1ba7219766ab05a2e05
1ey0gvm,AskALiberal,conservative,140,143,411597fe82761de73ed8961a87ef2b39c56920b3eed50526a97a58365bb94156
1ey0fp5,AskALiberal,centrist,137,82,dec5a2eb647a3373364451beb5a89087ec84d54d07d34e09fa9f073fa53cff61
1ex2m1v,AskALiberal,centrist,165,597,feccf56079886b8e953369e2d12489df4ce1dde5970992b492ebfda7cb438e82
1ewub57,AskALiberal,conservative,130,816,e00ad462e68e3ffba4d08288a41beb571f53f383a18fad0d96f127ac6bf6446b
1ewkwph,AskALiberal,liberal,134,199,4889a9b0a1d937352794e0ed2b636b41e4c82f7d602e7f19ae493bb271f94394
1ewc14w,AskALiberal,liberal,122,1082,a2be772e5e343fccd456056de05f5d547946c18494820275fd845e9b0f862f03
1ewc14w,AskALiberal,liberal,118,1105,7ccb9f48f102b60fcc8a0d099e34b6b2982893aee97661869adb9c7b7e42031b
1evsvzy,AskALiberal,centrist,225,1946,d6ed736b5ec9982ce450870e4a608c324c8bf66657c64db5140ab87730abe15e
1evrtwy,AskALiberal,conservative,123,1232,61320ebf7ec0a20f252350b706f648d8e05ee8545c39b3f0cf6318761d1de2ce
1evo68r,AskALiberal,centrist,136,162,b4228f3be7be9d48162ddbb2414b00dcba4f019af5f3a25bdfa46d1dfbe817cf
1evklfo,AskALiberal,conservative,106,172,aa8c4828be99458dece0462df1908723df6fc4f36e74afb44f79e82ac25677e2
1evkksb,AskALiberal,centrist,125,147,56f400b36595388e3ede18cb4ea9c98ca28cc5b76fb09a984888e9254155a38a
1evgrsn,AskALiberal,conservative,152,1472,54121199db6b3f9e404af7f708cb4e9d6a2b031cd286ca7c3e0bd71de7497383
1euqkx7,AskALiberal,centrist,285,236,931ad082acd1fab87434183d3d4a2917f1113b20fd9ba01a791c89a0c8895072
1eukdnt,AskALiberal,conservative,239,848,6a6b778f69416d284adc5a1a9f30970b0cf7eb1b5d0078f790023a68a85070e3
1euagr8,AskALiberal,centrist,139,192,2a7e1fe9497996b1fb4c34e612733a552e04a0b82565e5160e4cdec3171539f7
1eu6jd2,AskALiberal,conservative,141,1057,587194e21be530338ff8e09a2fa91162fe14cdb3d217de2d4cb9040fdadf9c16
1eu36zi,AskALiberal,centrist,100,1077,e0a639126fbaf8b3f1b3649df030988a69b950d16a6fce33308b348f477f293e
1ety96o,AskALiberal,liberal,184,598,dfd39d05114f14d06738ce5fdd2ff7ce3c3d790937bd79422424e7922646ec8e
1ety5ot,AskALiberal,centrist,147,102,5d8e9c6f906bca826deea8b9327a295c476f0a768195464d1c317a33bbe55acf
1etwyh6,AskALiberal,liberal,133,133,fef5f16b0749a469c0f8a3ac0be9c57a5f9bf8a4cd8c328ca4f527feb58eada8
1etwo9q,AskALiberal,centrist,183,118,aa3217f5c0667ea6034cd641eda8a6f20d5db873259a93363535c13bce34bbce
1etfw01,AskALiberal,conservative,111,1158,538e5da820ae0ba61c8b411e2202d7c2706d977647088c95175fd4a53f6bc385
1et8a47,AskALiberal,liberal,118,196,9c1b60810c3480dd31bf0cf94af6f149ac273bc77813df6076cfa408b4856f09
1et4f12,AskALiberal,centrist,164,752,6678efba9713fe68d224d5674c0563d81f32728975477c89844e8f9c6c4199e0
1et3tnb,AskALiberal,centrist,152,329,307b214be80663c81b2b0d91e017d91b1f217b56129da717affcf0910e8b8a85
1et249w,AskALiberal,centrist,116,282,20ab124a48af3823e72f94cca1e6679afaecae54f6542c41e132ef0cccfaa3c1
1ess8vy,AskALiberal,centrist,180,1917,5c89fde60bb6548f6e2790dd9264ce6c8136de5e5501eb277b9586a8f4011110
1ess8vy,AskALiberal,conservative,180,1917,5c89fde60bb6548f6e2790dd9264ce6c8136de5e5501eb277b9586a8f4011110
1esp8z8,AskALiberal,conservative,135,867,674adbc2342d45032dddfafad16dbc37c1067c331dde2101a9674b2e16a06593
1esiczs,AskALiberal,liberal,164,246,97e8d674aeec7d919ef393df6d1f635e945a9d881030e38cd4aff50b07950137
1esgo0h,AskALiberal,centrist,246,270,532a4a90f2f8fb3fc27fd5376a63b081d5626d595bac42fe64cf42ac6db85348
1esgaer,AskALiberal,liberal,171,367,2246831b89d5207cadcfa053806ab92a361845874da5b885f43410288d8383a2
1esawvq,AskALiberal,conservative,257,2385,e2a48f737169584aeb5cfcb8f2bd6410fe9e92bf9bcd2be9867c10d4394c696f
1es96i3,AskALiberal,conservative,159,4433,1adbcb4d4e991749faaaf260d85a52cd8a7bb15acdeeca6413061c16af84f8de
1es0p5i,AskALiberal,conservative,126,4295,fc94934cf4139694bc638e6032ed94fc603c5446b62e455be200e74be5e3e1ee
1ervcil,AskALiberal,liberal,104,191,2bb6d2c83bc1f0c427d3132b2a8830035a91f284df77d2c4444301513574db19
1er9lx6,AskALiberal,centrist,154,343,9f4d9503e6ecbd4028bfa70cd756d38d04b94dc1dabac2f6a37e9982d1bab8da
1er1ydz,AskALiberal,centrist,122,163,30f77acc07d440b500a60347d66f59a6b48c2c8f68feb408e79517dd86841199
1eqh3re,AskALiberal,centrist,118,504,135b4fc8693e508527af2328e6ac7395aad144229c9cb895596e3a2a7879fb85
1eqfoll,AskALiberal,conservative,121,471,8def0f33c0b1c694b57b90e61f6933bd7edfe4aac5b99ca64a4f17a70fc64814
1eq4nwk,AskALiberal,liberal,129,514,4fae3e2620c6ccd3a93d227acec50e0e6b2aae935c87a3ece4e038eb4bf8ad6a
1epu99b,AskALiberal,conservative,128,105,09e0aa425f570518be152a67de8ce6a270550bd15c1ad4149a3dd48d467da095
1epr85g,AskALiberal,centrist,124,239,a668c1aa83186294a9113338104db78325b7e4d3b61510efcf663803b9b405d0
1eppv9f,AskALiberal,liberal,135,994,c02d06b6114d19d4ef5ab660a788b1df0df5ca6f45a9f5a8102a65f6e04bf790
1epkip0,AskALiberal,conservative,140,911,2f8b3c71dd2c5c6ddc6a9ea44650daff68714f47fb75f78a678a30507ebb13f5
1epijt7,AskALiberal,centrist,99,200,d0ddcb290ab30f0b8b7dabc6ca7bacde0aa98dde9d73c0daae601fbb69a27daf
1eoxmqk,AskALiberal,conservative,167,2181,ea79424c94645ef02ba8d660fa5c4194fb57b5a4e476f5ba538291e976f893a4
1eoqiks,AskALiberal,liberal,198,555,41f07927497f519c02b0de433c2097ba3bb7472486beb57eee74407e1f6710f9
1eog2j3,AskALiberal,centrist,160,498,6058208ede245856959671c5e8b25c7ccf86c50f7078447b40625ef9a7996418
1eoe3wk,AskALiberal,centrist,157,139,d409e97a6096dc6832f91bb017cca3cea1a3a436cc1838afc9eebcaadc60f2b0
1eo4w4i,AskALiberal,liberal,149,1678,31beacb548e467a296dca8f990bad676d5ad001f7f45d2b3745d472c8902435c
1eo32tp,AskALiberal,centrist,177,857,6d3d96e4f685c083c9c2c74b494deabf7b008f6e59eae3c238a1693f4bafe8ac
1eo1qds,AskALiberal,conservative,210,512,d8567723d1130a08486192a51b093af9c8e33d6501cbe00c0cab783b0e8efdfd
1entcup,AskALiberal,centrist,205,103,90d74b01799a4065d73f7c1467a72fb067af2a3630557dc4a40587308e0c65af
1enprbt,AskALiberal,conservative,177,462,6b8665b50e701cf1b25163c6b2ef1b2d1c2269b48ce97052ab42909915a8d9cb
1eni0l8,AskALiberal,liberal,265,1675,2d717e13554ee8a1efb956bac302e72233bccda62e3686d0c4b25cc34ed29742
1enhx4r,AskALiberal,liberal,277,1694,15477c6398f1f9c89d2e1eb9c8b2a217301b52d219b222a75926b3097e29d141
1enhx4r,AskALiberal,liberal,277,1694,15477c6398f1f9c89d2e1eb9c8b2a217301b52d219b222a75926b3097e29d141
1emvczh,AskALiberal,conservative,115,1220,d8f55b52cd1300fcf38cd2782bc6caaad00100a43047b709b80001350f92f4dd
1emuaef,AskALiberal,conservative,182,223,d1b33d48e77daef93aae0025147de88b0f226e4919d16dd998b86200e8080161
1emflcd,AskALiberal,centrist,109,264,7f37200a2b78171fa1a871cbc317865a4699ea4fce2a3b05dc8f6b41e4c0a7d3
1emeiyf,AskALiberal,centrist,135,55,c84a9b4e509de1fea8d39f41ec84add451b16f380150598dbf92094b3d9f895c
1elvldj,AskALiberal,conservative,207,418,a856e6426536e771f2f0fde94b082a4a1703931b6b6f4331b48e2eee72450d71
1elmwll,AskALiberal,conservative,173,366,700d48c9c55be314bfedf06ba1a190d64c37ffc4b641d5f98d955f2f24866d34
1elidp6,AskALiberal,liberal,131,287,8b9bbba88565a9685723fd0418c9e2fa0305ac057349869831b6157d4445da66
1el86cx,AskALiberal,conservative,122,541,49d0b0748172fa8835274da74f0406290f928699dca501df5880f49ca9eb41e7
1el7g84,AskALiberal,conservative,163,584,9297c73e26b96672ecb578af5bc3c3e113201fb56e71ed4b927c85797e740cc0
1el54h5,AskALiberal,centrist,116,118,8787daa52512c447ebbe73aae97db0621288415386f1a8311f8336eabf46a66e
1ekycrj,AskALiberal,conservative,116,321,7c36c3fb1f61da0dcbd08bd7a727735d7029cb8b4950a8445f726e7efe840814
1ekxo1l,AskALiberal,liberal,222,383,ff0db349e737bc74a600aeddce1a5aedbe5b32119636cb04ee8178e62405ea1d
1ekulpg,AskALiberal,liberal,136,490,b4d206d3174f7bcc1ad2ee8578f97a28a6c66b374184223c90807fc561b13c86
1ekt2v7,AskALiberal,conservative,208,2669,4e60344dfa17572c2c29a0f2b87411b271651c779867341cbfed8ddfd803065b
1ekssx4,AskALiberal,liberal,288,2835,4259f52c499401f52d1a38cf9c6fbc011887f956eff3d8079e987e20a981bfd8
1ekr4xz,AskALiberal,conservative,164,572,6f3491874c01215cfa04112a0d289a627efafe765aefa3e97a26d3cc512548da
1ekenof,AskALiberal,conservative,151,683,69c120b5b772308093404f57cdaa556324db50b81adc39883c21fabcdef43888
1ejw4vz,AskALiberal,conservative,153,1946,1041136640648c5f72321c654e52062cd92b35d28582e48d6063569ce79a107a
1ejovt6,AskALiberal,liberal,137,359,84fbb461e94046fd1cb4c0e74e152bf25d8a53ecd368064b4bd44e73f99e4f75
1ejnfzv,AskALiberal,liberal,240,468,373e80c9fd79cf863828ad9b148e8dc0e26bb2f3dba237a32a40f3b34c7c685b
1ejey8p,AskALiberal,conservative,152,492,de210bb720544d32ae736bb1045355b1d8ce66f6d01082bb64bcb9948e6e4a01
1ejae5h,AskALiberal,centrist,115,104,cf2c158611f1fbe4c47de30159fe8880abb84e1c621f5c8c914fe5ef6f2d80e7
1ej7xka,AskALiberal,conservative,143,519,f029093456600e43c9a7fc6b566021d307dadfc0fbf646d3e3b79ddb9dc6034c
1ej1djy,AskALiberal,conservative,121,2029,c83ad00912ac2b378b97e1aa31d5064e12305ae28fdbb1cab92392143adde248
1eisq9a,AskALiberal,centrist,175,113,3a8db9b716e9bda5ecf04d951ddd0f55aec20b2864863ffafe787f8e89b37d06
1eimbf4,AskALiberal,conservative,247,838,b5b513f431bc98e87aa86ca60ef1594f089f6bffc7bd3d3730878537b7587ba9
1eijuoc,AskALiberal,centrist,167,127,8da403dc4ac3126bf0badfe122b09ce855f13445d9583ddf904be45641171f12
1eiinb2,AskALiberal,liberal,137,798,6a36da701eeb4f851feb15dfd6d25b77fc2b15233337ebdbd358a32711e29ef5
1eifxia,AskALiberal,liberal,126,132,032cade8cf4341fa520cb3eea40ff30659c2af32089e9ba9be39f0b24f8445c8
1eiaypm,AskALiberal,conservative,145,190,621e15cd12e3e6642b0ee90f2d4ad7bb62f87951a0d7e8cdda156be987f6f886
1eiajcn,AskALiberal,liberal,152,218,2d3f53b24c99756e4010ea480f55c29384f65003eec0ca2c7e0d3a15fa4d3c41
1ei7ah3,AskALiberal,conservative,148,962,8dd2d45468f6672d2d487287f25e57cbc318650427ed90b254a0b9c88056cf02
1ei7ah3,AskALiberal,conservative,148,962,8dd2d45468f6672d2d487287f25e57cbc318650427ed90b254a0b9c88056cf02
1ehzo07,AskALiberal,conservative,246,110,d17f93dfd6ef387556cb19e82b5f0f2cecfa8fce056f14f735ead6ec2a29fd5f
1ehzit2,AskALiberal,centrist,229,80,b133de182736b78dd52c8172d751093a03880c448e19b1e750515d67845e8f79
1ehofty,AskALiberal,centrist,198,235,f40199fb80995a9cb658d45247345de2d5a6326572441b00624f6a130c4917dd
1ehmdbh,AskALiberal,centrist,137,175,d309658b8f6002f00239c33bb03d7ca1a165aad689680aca277d35f82604cb75
1ehkpgg,AskALiberal,liberal,120,991,691e86365676b7a6319d380d605c165068e26b459f036065d7951f46275956d2
1ehjwgm,AskALiberal,conservative,117,650,dd6145c9a40314757b815ddbf94c74e4c0350e8e14623674008a785a81e8e844
1ehje6u,AskALiberal,liberal,142,584,ed381b529a0ce915f3570e43119308c6d043c46ab757fe5ecff21f23f29adca7
1ehc6lw,AskALiberal,centrist,175,365,f43110fd6175b9edf0d8cb131857bea31508e127c59eb7cd69ccb8a533ae07d0
1egzo9i,AskALiberal,liberal,126,1231,0e4ea58a4fa26205c651142303e76649a56db1e176966fc013f31ded60541e0e
1egz44d,AskALiberal,liberal,231,2834,7a4a622250c8f9b0e2e842c4af4bf474ec0e035b793f80e021b1179791f2a56b
1egub1y,AskALiberal,conservative,131,2373,5d73b9fbdcf9c8f3fe51ab5e2204b9be9cd94cf3b210346fa324dd2f2fe00c3c
1egekb4,AskALiberal,centrist,137,1327,f9fcc67cb4d7f414831888107f975c9d28459ecb6919c5b1c967f58d9e5895c8
1egbp95,AskALiberal,liberal,152,566,8fedfe0f7b0af5b0af14f180e278d1e705d0930277c118cd95d7696490faffd7
1efvjci,AskALiberal,conservative,134,889,3774955190ed53389f01f2955c597a4ef9acd899bf1a582e37ccea8b08408bb4
1eftw33,AskALiberal,liberal,160,1384,cf57ddbcde802cb7117dee042dccca3e8a3b27716c5c0b8401ce74455656c7fa
1eft11k,AskALiberal,conservative,166,1249,1e8e41742b5d53a5df7f84e58f53e9a4ee734cf4c85e7af6aad389026216941f
1efsrm9,AskALiberal,centrist,126,548,d209e31ca5eccd4ee1d36f194b0e858358391b2dc99a21fa9ec148aff27b9281
1efcatc,AskALiberal,liberal,119,544,13537229144a295650b99924f4dc088f46c8b3de92f1782a6df9a6f4c317dea1
1ef7b2a,AskALiberal,conservative,130,915,79ec59ce36cfad55a7a288f68f5bb32db5aff05178eaf7b867e3c8add29d8cc7
1eerzud,AskALiberal,centrist,140,198,7e606cdc670fb5b227e21b17f81fb2489f3cc171c6f48253c485729a57c4951b
1eeopum,AskALiberal,conservative,125,628,de69b168c5e63d125608a3f85a5361a7c9a11454f87d4fa67ae54ff939d0d069
1eenjw5,AskALiberal,conservative,142,467,3fad96285879f1eb1efa662a65bf0ea7daf09e87444ea43103d39fd540fdd684
1eej8tg,AskALiberal,liberal,111,676,be43d9ed9c1b3dd88992e840e429bab8b78bffb8e055f654278d63a50baefe96
1eeeein,AskALiberal,conservative,127,1241,8486a7980e61dfb36ffe113a4025cdbdc3a05f2081e3c966f2fc36015313b524
1eeece5,AskALiberal,conservative,121,1241,5ff59fb559e04fbd238f303a7bc79877c97c7dc1d39c9464a953f9885abd6e09
1ee9tv4,AskALiberal,centrist,159,227,d67e22316e2f97b867adb701206539beef3e332af4b604920fa48ce6bb3ae68b
1ee4l2s,AskALiberal,liberal,152,495,709d9d9cc3bdc53a2a47b77c5414f84eec0b15d59297a37422e27a9c1ab999ac
1ee0mg9,AskALiberal,conservative,131,415,074e5f8c1b8550a70e7ae4677af520204fffe736b24028ae1df315d09d1fddbe
1ednz6g,AskALiberal,centrist,123,97,6315946656c30fdf599ef3e8615c236e0a2293de32520bd94b55fea16023a4e9
1ecq8os,AskALiberal,centrist,180,240,f554ca0f89c0f8335bab1988ce13b3649a3ebdadad9c12656668691166b626f9
1eclgm9,AskALiberal,centrist,135,276,9a7c3f56d503b079e00a57fb1f451b98da1de94111a5533e97214e1a3e1e2d9c
1echo6s,AskALiberal,liberal,166,659,a4968e8bbfd588e9a499ce1fd17e8545bcd5d9320e845aa7f33074c951ecefd7
1ecca8a,AskALiberal,conservative,233,1986,ce2a8d7c177fb0d0911a076841b4a3b332a0e0c7170dbbd3e425f8b7c063aeb1
1ec9p6z,AskALiberal,liberal,181,1447,611960608a7d35fc28e2fde7ec230d3732d61131408c806fefdd54aece8f5779
1ec49cz,AskALiberal,conservative,236,723,9b90ac61e10d00a2b908063b4118c0b41fe7657ae2e34a06740de1b835b423e7
1ebyawj,AskALiberal,conservative,112,749,a629bbe1e68466717a25d0aac43fc7a777fcd92e82419dc2a3acfc6d25fabeb4
1ebyawj,AskALiberal,conservative,112,703,a629bbe1e68466717a25d0aac43fc7a777fcd92e82419dc2a3acfc6d25fabeb4
1eby1d0,AskALiberal,liberal,129,1655,15980c0d28f0cc67823f16c3e89aad52f4a875e9efa95e612607039296927a23
1ebn0x6,AskALiberal,liberal,118,1616,25d961e72a8927c07846ebfe38728d160d3f95f260d3d2095e81cda4dd696331
1ebigbu,AskALiberal,centrist,129,146,4dcb062076eb26ec625d3383867a1bd9c765d4065d20655245d26eb650e2b51e
1ebi6ns,AskALiberal,centrist,237,1212,fcea2c8697b0693b787923275b33b8cb88e4e09799b6c5c9484a1a4a4831ec6e
1eb9bap,AskALiberal,conservative,150,1232,fe8e6fd7cd625c086fe8fcd6c9418bf5187bc118d2aacdf8cd067dfc0b848cc7
1eb4l2j,AskALiberal,conservative,136,370,5f95f90b5fa103fe64a177f8ecbd6c7cf2127c37da07ed97fdea6f6702ec41bd
1eaql5x,AskALiberal,conservative,174,344,7fe0e1d0629b7e4815a212b238ae714abec663d2a8d879e1f3dd93b3bda1f2db
1eajn42,AskALiberal,liberal,201,576,2c16f1fd9f80faa8d28d13a8932f37777b47715c8d7cd7e8a077967f13e89e98
1eaa3no,AskALiberal,liberal,136,1181,fa9231ba398bd691c7765d5b19d7fc616f425af95ccf2f909342d19039fd7712
1e9yawt,AskALiberal,conservative,146,1645,0a9e6c490b34ac8f9d0471c039d8208004d5ff0980300084738cd875eaf97d25
1e9t68h,AskALiberal,conservative,126,390,298df0880467ea97b6cf4d980f87a9a04e07394e6dbbe505651e397268e21da6
1e9sr20,AskALiberal,conservative,202,720,8d92afd8edbb7095eb08a8c1248e1b9fc7ace9775667eeae50ce9ffd86cba27f
1e9pj5e,AskALiberal,liberal,109,2890,908c3a6f109ae5d951e954640e185b1069742dc413ea3a3236338cfdbef91d20
1e99p0s,AskALiberal,centrist,142,555,fbb7482e74f8a7d308d9d7a7a38892ba0ecaa1202c81feef2c96f328f060c7b4
1e8z058,AskALiberal,conservative,129,46,b357ae3e70c8883ce2ef8d466fe28f46631611e6049833a87b52e453acf59f36
1e8yewi,AskALiberal,centrist,239,178,d9e49c89a9d77d95dd6fbe2be29d37e585e707b2e465c40e01af2d69aa1f3718
1e8xl2h,AskALiberal,liberal,120,368,d1624ee11661ccf832eec0c8da348965d51e9fadfcf3678ac27dc3af46429a2a
1e8wiz6,AskALiberal,conservative,156,1518,ba53889e821aa491b8bbe13f967775a2324fee8c526f5f75b7688ec95c9e154d
1e8mtmc,AskALiberal,centrist,104,157,67ae9936485800d0d5eaf0f530ae1968fe9d5acf7d2dc646b9e60a0ba764dee2
1e8ifkx,AskALiberal,conservative,172,2046,a07a852c52cd109bc0d46d67b2e703084eab33e374c4ab15483f795a75e2a6cb
1e8cdor,AskALiberal,conservative,113,710,fcb9bfbb9247f91f3ea1ea4ae275d19138688c89257f84beab1db6b7b7721644
1e8a4ef,AskALiberal,conservative,136,455,caeb64353145906f4087f39ad2a53dfa717a33401489c8bef36938be24868b69
1e869b3,AskALiberal,liberal,224,2622,449ffa413868fbc2dda7222fe0146395e5590aa360f67bc49daf96a1651d77f6
1e7ou77,AskALiberal,liberal,115,315,5959a18f483ca69578ac3271f0c83635612ba0afeeaf904b7219536cdabaf314
1e7o0hy,AskALiberal,conservative,148,1488,524cb755c9b944b9a38b14b117b815d35410016ce98ac051377645ac92e3d2d0
1e7iy55,AskALiberal,liberal,130,2529,ecf7ec744d6d7ad061f64d8effeb4f536cc7341be94af5f98585684c340e7f37
1e7hc75,AskALiberal,conservative,122,577,690e6a7b8ee8f2599b3009863d8c16002f04a7a304ac04e473f250fdb8ca0456
1e73zsy,AskALiberal,liberal,150,2850,a5d4c51a04424041f19f0f5ba2712ca60baf8c726ca33482ee24501c17e4701b
1e6z5x0,AskALiberal,centrist,161,618,24d6a8928174be10501317e040f67a50bdda38c4874bfd4680e36ceec083c644
1e6z5x0,AskALiberal,centrist,161,995,24d6a8928174be10501317e040f67a50bdda38c4874bfd4680e36ceec083c644
1e6z5x0,AskALiberal,centrist,161,618,24d6a8928174be10501317e040f67a50bdda38c4874bfd4680e36ceec083c644
1e6z5x0,AskALiberal,centrist,161,995,24d6a8928174be10501317e040f67a50bdda38c4874bfd4680e36ceec083c644
1e6g4mo,AskALiberal,liberal,140,99,d123762ee724b6ad8474614cc9758312bcc5be40b2b703afa0aa4fe0b9f45a15
1e6cf9m,AskALiberal,conservative,124,178,540bd0e1354194a037e538294cb019477bbd9cdcff16686ea55fc101e1b5c0dc
1e68mij,AskALiberal,conservative,175,1250,74f189bcd91a3467fad161ad4ca9cf6ae49591e9e5cb1a3540bafed47d02ce21
1e63xfl,AskALiberal,conservative,128,748,7bc468a13c462d3f92adcd94bf7a02b658cc91760a46443f867219aa481e01de
1e63e55,AskALiberal,centrist,124,429,e88363b7359fb02d20828b91d4ff126efee89ba5fb7ff6fde8f30c2702e7fab4
1e6009j,AskALiberal,liberal,129,157,7315e891a66ca7530b125d098fa8ff23b0d5eb7d2fab30a5b818fa7d2d9818b9
1e5xmuj,AskALiberal,conservative,160,336,4ea28144572426c298c8f6a1949af4bcb414b8b90f47e8bbb1cd5f55206347b4
1e5msxo,AskALiberal,conservative,173,2145,01eb778e3222ac9daaff976a6d05c18624d9beaad30a9b0ddde4f2271f42d8ff
1e4usk7,AskALiberal,centrist,145,136,b9b71db2ed5cccde372002d64696daf56ae11e2c4187145505b592e46185cab6
1e4e032,AskALiberal,conservative,132,150,474af7667e2a07bb4a26983e89e817636d71ab7ab070adc302eaa93f113007c4
1e45vih,AskALiberal,liberal,116,316,3dd13b866816b48c45ea8b91bdbaa79c7d9af456eaf80e504af00664e248fcb9
1e3z770,AskALiberal,liberal,156,552,72e93a78529897285da46c6b0be04e470d4630f3c19d47e2c4f7bf5cc88ca603
1e3vph6,AskALiberal,liberal,212,1191,46ca774eba941c4164165f66c13f1d4549d87624056252e4e21e9b57e377ca80
1e3vph6,AskALiberal,liberal,212,1012,46ca774eba941c4164165f66c13f1d4549d87624056252e4e21e9b57e377ca80
1e3iegf,AskALiberal,centrist,114,356,960c9c7edb9b6b0c915ae0dbf10cabb006fe15d11b6e190c7a1be05b9f119661
1e3h0ix,AskALiberal,centrist,300,73,68b92276a69298a6c25b69225da55835a16c49f2b444346bbea3cc6685dfab2f
1e31gx5,AskALiberal,liberal,106,314,1d9c6bf2fce38c8cb3267386fbb5749c449245ded5ecea7b77aeeb7723839acf
1e30bf5,AskALiberal,centrist,135,1613,3dba44090ec3d4a98e89f620f2036951d1680cc1c5be4f154aa80f8a05d5ce8a
1e2osoh,AskALiberal,liberal,165,198,fb308c64b127bdc57c3b07a45ac611d72a2faf85e06a787933a4d8b1bbf31e0e
1e2hcoj,AskALiberal,conservative,120,405,d95d24f037dd1a8c30ec0f1ed70c13c026c101333ae000f6744f08d35082ef05
1e1zo67,AskALiberal,centrist,159,82,8e91195184577ab2699982caad9990e2f2d63c6b8423dac980f601a9cd07ad29
1e1uo8q,AskALiberal,conservative,130,169,cba547ba4815cd56aff5f937641b9b650898a72e66e896078151de84dd80e7af
1e1pg1t,AskALiberal,conservative,148,753,fa93db74366070a6a7ea8bd2f6637db140e7eb04a1394427cfa12b2e505d1459
1e1pg1t,AskALiberal,liberal,148,682,fa93db74366070a6a7ea8bd2f6637db140e7eb04a1394427cfa12b2e505d1459
1e1op5v,AskALiberal,liberal,179,977,07ef48eef767db72ebda7bc29c6db7dce9efbe28097b2156754ca83b3554b3cf
1e1nags,AskALiberal,liberal,197,2212,88e84a9b3cb8d01139c3d0034dde4602a1c9f942923af080cf8316eef87027cb
1e1iuub,AskALiberal,conservative,144,582,dddc83ec17f3b05c58c3eab1e54fab9d2c53cd2f15b9d7e1756f5546712c2d47
1e120uc,AskALiberal,centrist,194,383,72654c4bb103f664b43626dfabec7ca80b4bf6f1322eb8191e1e148f8f5e9a11
1e120uc,AskALiberal,centrist,194,387,72654c4bb103f664b43626dfabec7ca80b4bf6f1322eb8191e1e148f8f5e9a11
1e0wems,AskALiberal,liberal,175,2319,c4f02076337fc79a502198082c2dddcd4359501d9bab4240e1aae2732e4aabce
1e0s8hs,AskALiberal,conservative,173,2050,ea5ecf7fc926db62e751f28b06365d3705a3ef7a9b97fc038c8ad583d02af989
1e0m4tx,AskALiberal,conservative,186,1634,e8ee8f813db9e126aa943175fcf62b6885e9ee1d19b17716de5a643121e9b635
1e0m4tx,AskALiberal,conservative,186,1633,e8ee8f813db9e126aa943175fcf62b6885e9ee1d19b17716de5a643121e9b635
1e0dsi6,AskALiberal,centrist,175,212,8d1853cc7e3d524a8a5e9d4024625fb47bf1fc242fca2aa67793260709c47282
1e0bi10,AskALiberal,liberal,141,1013,cc1191bbf781a0e01e072433a89831a166bf549d0d7c47add275c6b38c7f4ec5
1e0a283,AskALiberal,conservative,115,246,e82cc18bc5273c7e3f460ccaecd063866a7af85b9762c341ab34beacc73d7c2b
1e0970t,AskALiberal,centrist,123,1299,324f6814f7ad7e9521710cb76d15eca18e3f5fda74f18b4f5d5cbf14cf29056e
1e01b16,AskALiberal,conservative,146,1869,425880f1adb582b4e33a58223e93a92f5ee1c87829f7265944c0cdca0bc4b2e3
1e01b16,AskALiberal,conservative,146,1854,425880f1adb582b4e33a58223e93a92f5ee1c87829f7265944c0cdca0bc4b2e3
1dzjhjb,AskALiberal,centrist,129,103,29f86ee1040870032b708228e68c923eda1411989ad7b7e507be8a8fd7f9a7d1
1dzhy6q,AskALiberal,liberal,137,562,261e8aff356f422bae53be97e195cb5bb18d7c700eaaaa6bcca369d3022a4c36
1dzhy6q,AskALiberal,liberal,137,409,261e8aff356f422bae53be97e195cb5bb18d7c700eaaaa6bcca369d3022a4c36
1dzfqif,AskALiberal,conservative,221,396,5f73c2c88c633e29f2ef228d9206b03406ce2601b35a5c575e1e3f26e854059d
1dzfqif,AskALiberal,conservative,221,396,5f73c2c88c633e29f2ef228d9206b03406ce2601b35a5c575e1e3f26e854059d
1dyrjsk,AskALiberal,centrist,161,196,d0bc4397b8a8526e56ac67f603b18fea02f8d90fc025db002a934c73db731a3b
1dykddx,AskALiberal,conservative,124,226,5fe15029160da67673fc725eccf0a4d1f973673a546c977d1b92ad5fb7fac2f8
1dybda2,AskALiberal,centrist,211,904,9b5a98a8a746918c10d487dd5f192b0e814cbce118fb0be652b66fa0b07f9133
1dybda2,AskALiberal,conservative,211,806,9b5a98a8a746918c10d487dd5f192b0e814cbce118fb0be652b66fa0b07f9133
1dyavuv,AskALiberal,centrist,258,131,0811ee755641b7755dbe231db408efc6719367e713ded26a089df175e386fbde
1dy9mqx,AskALiberal,centrist,207,244,9fad11c2e43ce9e01a313b067a00add4206cf627de6be4d86a5466d20ae2824d
1dxwroh,AskALiberal,liberal,119,1335,5afe69a9285e2a96044f9c2b418273f57bf04df02289a97133106b0c8940534b
1dxtg8p,AskALiberal,liberal,134,95,a8a1c3e85538d56838fbcfaba284962baca3aa447156bf3b1b5cdc03398ba3a0
1dxo0xp,AskALiberal,conservative,135,942,82b1ceb91cef5f8a3a8ea2d5746f3377e1295ebf03723cf39eb9f66fcefe01e1
1dxnw49,AskALiberal,centrist,246,663,ac252d6e75cd01378ec936d0387942cfa0eadc4423d6aa60ebdf8cdd9e80fa8b
1dxnw49,AskALiberal,centrist,246,586,ac252d6e75cd01378ec936d0387942cfa0eadc4423d6aa60ebdf8cdd9e80fa8b
1dxecll,AskALiberal,conservative,174,592,d62290e5429daaa4b64b10a1ad011ef7fc3ce0fd0836b37bc1e81036fb2c086c
1dxae33,AskALiberal,conservative,129,411,e79d0212e28566f606d07442f68e02c6ab5a39030acb2a07e85cd345459cf77e
1dx5yrb,AskALiberal,centrist,233,280,9e0949d0f52dcfe1b3b01b52a77c7ffdd8a88c0c7b4734db49e482bb6eace775
1dwwpuf,AskALiberal,centrist,156,163,ed62d1ab68432717e862359d8036f69047f38b1d7656136db19272d1f5d49d6e
1dwq3ld,AskALiberal,conservative,103,810,754bf00e69655009776f42d005c6b9c476583434200f7147733303b35eea373b
1dwj1zu,AskALiberal,centrist,151,280,5a326453196a23c5e24ac703612246aedd7d991ccef3c860b3d6f7098de957ce
1dw631h,AskALiberal,liberal,120,65,f82ab02f0dd006e71f4b87adc4897947497836b07d2878cb56a95a99162f985c
1dvv4dz,AskALiberal,conservative,141,909,0c5106c4d59406b6d33397c3298fb02815f22108e9b6428e143f021cd51bf1d7
1dvqf8r,AskALiberal,centrist,114,2218,1cd8c3ee6fe00a38989a24541b49520838b3174f489d8cc2d471776d30972bfa
1dvqf8r,AskALiberal,centrist,114,2218,1cd8c3ee6fe00a38989a24541b49520838b3174f489d8cc2d471776d30972bfa
1dvpp7m,AskALiberal,centrist,135,373,153e9ae55ccae19162b1a1c068fa72d3cea72718d07d49cf941669f7a70fc713
1dvk61g,AskALiberal,liberal,169,2035,20ef827a71395bb6821677b04278a7ca281afc9b7770bbe2c2a1f2318023b15c
1dvi8vm,AskALiberal,liberal,150,1215,054a1e17b7abc5d42f9647aa64abfbbaf6c058c18357e6cf2816bb1657f44d3f
1dve92t,AskALiberal,liberal,113,184,9670f50183d502c51e093717bd2b2d5ff4a6db37af1bcd0bab9ff19a58b0f377
1dv5ype,AskALiberal,liberal,163,156,8c34ff4ce8854adecc6728481d27a881ab69b4feb5b06cca25a1dfd6e896e7dd
1dv4sjs,AskALiberal,liberal,164,426,3d5bcaa9866af98c8d133ae144372e7e6475c9a1d3d4c54ba680ebb23fb1c826
1dv43l8,AskALiberal,conservative,121,606,6fef5630e417eb46c4599e84875b8514a2686c47e91cb969424ebea02aa566ec
1duz0q3,AskALiberal,liberal,189,617,b9f0905d3e9a995ff0486e02412ef70e015804f5cecc35cd9691982d539d9326
1duy113,AskALiberal,liberal,144,294,b5e1b3eb69a6638ebb8b32d7f465376a9a7c698d4eaa4830244bbdf6ba2fb542
1dusbo0,AskALiberal,liberal,148,394,a3e317c0b2d3c74ce2a941abf4558a8e0fae689a63cd8a3240d164af0b026e71
1dunp4q,AskALiberal,centrist,108,864,4d2bc6dc1e657b406badcce4ee8e1db589e982a8f0244fd06af587d30b743936
1dukhoq,AskALiberal,conservative,148,65,e78a8baf5c91b791ef098e394562ee4433e73a71c08095ca84997d073ea74498
1dugyrt,AskALiberal,centrist,147,2963,052f92843ba0579690eccc4760c6a5e3fdf92547fff4113d7bd848ee0a7a86f3
1dugn17,AskALiberal,centrist,114,411,b93524f4f676ba42b7b4b09ec8e24631a9d92ac9045c20729fd024cfc4ccd61c
1dug4pz,AskALiberal,centrist,144,203,fd99993aefc0227b3144bc8eeffb967b343f0d4ea1ca2cf08af15c079a16a36b
1dug268,AskALiberal,centrist,226,1136,2eeba214297cc68c348efea81f35fadef63c6aa3620f832cf4b3df9f5ffb2063
1duekpu,AskALiberal,liberal,204,936,12fbec554e3dbeb47d9470becd62b4ee61b3acf1c474b4cbe082d704be15ed28
1du6n58,AskALiberal,liberal,122,637,065bfbd421d74f70a214e7f5f8a446c6feb827264f7cb0bb78c25c3619968561
1dtwaop,AskALiberal,conservative,243,703,37efb97f666f0ca9995678a6c2a12b5a753ab1aae6f1080db8032d700a47b61d
1dtvaua,AskALiberal,centrist,212,113,b38ae2e9a96480fa79d6c1b7b2f2dbef76164ef5fc1dbc84b245c6234a36af76
1dtmhqm,AskALiberal,liberal,156,205,8cc6327354a18dc33027a25fba71650c5ce6e9bd4fdc0156b36d384ab62cd2e3
1dtme0q,AskALiberal,liberal,141,2414,b6ad3d4834060c3ca77f2f8f3695a4071f10099e16009f1587b89d27bf7fe5ff
1dtjgmn,AskALiberal,conservative,197,576,ff888aab6c64c4325bb5e7c221a64fc6e3a10cd83499975748807be886cae4bd
1dt3g6t,AskALiberal,conservative,155,1335,8be83376369e25bfebbe6af7cfe38ea82b97123235b74b169d2f49ff8c2f0173
1dt26el,AskALiberal,conservative,211,106,ff868159de07fdff89166fb8d3a1bc8c86f570d3c03ab7af24f532eec984f922
1dt26el,AskALiberal,conservative,211,106,ff868159de07fdff89166fb8d3a1bc8c86f570d3c03ab7af24f532eec984f922
1dsz3io,AskALiberal,centrist,135,379,bb7a9de98a0c6146d81aef8a2386d0d84462726735d815e2449fbacdbe11fd67
1dsxc53,AskALiberal,centrist,192,228,fc2871db683fafe6e0e94d422c0b87edd9aa071f9bc1ec5ca41eb38d156c8b66
1dsv4tv,AskALiberal,liberal,115,912,1e3c364e14df45f5d38c96f5c1714f673f6d51e24c3792b195269ed9b2e71282
1dstgtf,AskALiberal,liberal,116,549,49fd5c95d6f021922d3e15cb4d2ce482798f071568738de4df95df20fd6e0fab
1dsibr1,AskALiberal,liberal,234,260,ddc270e824dd1b04ba4d9f67b6fa2e2a1457b282679804308a4c265054968a9e
1ds84ko,AskALiberal,centrist,117,41,930bd671e90d0db96e398a629e58d9bf31cf68b25ddd7e29c9c1f7212272afde
1ds7b99,AskALiberal,conservative,128,461,d70b8d3af98c4beb073c19ab4ebfc8dab8c410af919f8a22b26d25d5b4807dcf
1ds0gxr,AskALiberal,centrist,143,571,b4d533b4dd25e0a3d2b0890dfab576206e8e201ebb7f3318f55ddbf322008248
1drxb70,AskALiberal,conservative,121,563,7669387522cb62ef1cc8b3a642f6a86ff3ab24ca8a816e1499fc02fe5d22b9e4
1drvzk6,AskALiberal,centrist,127,326,89d376985ddf7a215d9bd0112b2a699c0bb3b3343f1738ffad0e122b9cface11
1drrlwf,AskALiberal,liberal,138,107,8308dd69588571d6319989fb6d7b60ca28b0e816e988885327c25d3bcb1c4020
1drhepp,AskALiberal,centrist,106,126,c30ec9c83ece95799173db29e3d4f26cf620b269796764d1d5740405b42b95cd
1drf9r3,AskALiberal,centrist,146,252,c4050301d8355b1a30e553aab5cf3e9229d798979c69d47d5134796a9836441e
1dqxw2n,AskALiberal,liberal,114,350,6b662f91cadface301fd85015f03dd28fce84dc9d43e67d16d6b0181bb79e3b6
1dqvmyi,AskALiberal,centrist,123,195,4be30d23e69fcf21e0d52275a89980559f92d42b3434327878a790fce81f2778
1dqr7fi,AskALiberal,conservative,149,384,bde5cd1f25bf0923759eb50b2abd065aad5647461729289c58b01b699b69c44d
1dqojvg,AskALiberal,liberal,110,400,f901a923198f4ecd251c014eb830c323d5dfad8dbb2a123711a0973c0082411c
1dqm44f,AskALiberal,conservative,190,567,515020b57fc2bc7f69685bd9b5b389e9580e09bbc76bdfc0a20e16852a308d11
1dqhm55,AskALiberal,centrist,192,163,ce51695dffcc2ded47ffbd598a58ac9c01fb80b50ae1894aa220a8981c8a7f96
1dqhm55,AskALiberal,centrist,192,163,ce51695dffcc2ded47ffbd598a58ac9c01fb80b50ae1894aa220a8981c8a7f96
1dqahmn,AskALiberal,liberal,146,458,624facfd290a4433f6e082b4c557be286fc82d922537933dca1870e006f2c099
1dpxlgv,AskALiberal,centrist,149,1101,22ac879ac2bd5dd8f2edc9224b8faf363b954c9ca3e5a69f5ea5d58d5541dbf9
1dpxlgv,AskALiberal,centrist,149,1089,22ac879ac2bd5dd8f2edc9224b8faf363b954c9ca3e5a69f5ea5d58d5541dbf9
1dpoz1l,AskALiberal,liberal,221,440,5cacebc27ff90a279972d5bbf78dca33ee12ce20464fcf41d446f6bcb81902af
1dpa2um,AskALiberal,centrist,130,992,b85bb2e3f13e8a1aec839dd37a803932e845bf98e04f021200a2476ca7f82e14
1dp7qwx,AskALiberal,conservative,149,715,83d2b0e1b6db055cbcf105700f46e5645f6364dc6f6e5e288ae637325323b176
1dp04l2,AskALiberal,centrist,184,88,cb34f2abca74c6d30eb8c413674a66994730780c67340cb6d164d3dbcc2d8824
1doxx4z,AskALiberal,liberal,152,465,b99cb54991b10d2b50fca8f6ef288409046308338a08dfddef063397d643f735
1dodpzp,AskALiberal,liberal,202,145,3e55a46c115865b9e04c799d38281fd2127c7341a2b2ff8104ad34e156fd987d
1docyrp,AskALiberal,centrist,143,155,b2c4056cb76575bf38f64e862e316b039defab68e569b65e11b449de26048dff
1do93t2,AskALiberal,centrist,152,313,53a6c6fe02134235d18d85dd3b1ef089d60dea93a3eec35be0bc477d08740d78
1do3ths,AskALiberal,conservative,146,642,47b43d245f3979a67daae822bb624893ac539604a3be73c0863b2ea4c58e14e1
1dniu1j,AskALiberal,liberal,141,1101,f91f38a98cd7add88e65834d38ef9d82fa05a4ffa39c2d5ddb36205d783374c1
1dn8ajs,AskALiberal,liberal,156,1738,f7fbb01327ad700b474baaeb50b87f4b446611e07cfc7ec9d06169c24d48c556
1dmophh,AskALiberal,liberal,101,1597,2ff55ccc613c9dc1ad353f390315a1e29df051895116f76d294d2a185b6441e1
1dm0gq5,AskALiberal,liberal,165,139,9a795897f44cc5467cce006cdf54298b1cd6a1c71b315a92cda9c5be775f55e5
1dlz8k9,AskALiberal,liberal,149,978,7c6abbb9fe9be1ce72fffc85eafe4f06c2075d987163e16ae62aad7b762ff527
1dlc07v,AskALiberal,centrist,158,225,ba239ce626948f17e34b7a7d23580fa2784ed201e3f94ace90608afc7b36dc51
1dl7jyc,AskALiberal,liberal,280,587,c22c2e7ba3f1ff656d9af687d0131ef4a2f01267c70e27f1d27080f5208d8344
1dl45m5,AskALiberal,conservative,140,423,04067116c5a5c946d8429f1890a213786e7559129c35c6fbcd753d61e0ea1169
1dkuwq7,AskALiberal,conservative,136,280,c33f123fc2bc1048a125e93181548d4bd35740cdc8e49def85c2e5ae167c9835
1dkg483,AskALiberal,liberal,114,3654,38b2a4ac04e8b0cbedb42c0ced1a2b56f27701a6db4a3153bf5e32e3d8d7d40b
1djshft,AskALiberal,liberal,147,343,d3737a5c2f32cf0f0a2d9c02cf6f8430a552cba518fb3019320a965d78b6bcef
1djoqn9,AskALiberal,conservative,116,1222,b8e1ae184764832b78af9081f1bcf545168e9b8833fc3ae6a53ac288854c84fb
1djof3q,AskALiberal,centrist,180,76,19d22d1927e5fc6fce0144ab167f7da540e42e6422bc332640b6ccf913967ac2
1dj7nuo,AskALiberal,centrist,153,376,6a7bca2d11ecec25f4461c39daae6f5eb3cf6441194b82e5a352d8283c7188a8
1dj7n50,AskALiberal,centrist,169,376,98033abb105368c5fa0a040a78344d2abf68716436cad450dd5c3b0146a52558
1dj2cfa,AskALiberal,conservative,129,899,3e4326a121f4697d7ed7dc47fb6f5946878fa6b67a888ce88036d16ebe0cb955
1difjgv,AskALiberal,centrist,152,411,765ed74ddbb91d553619e6697984ef6f4626469e6e9dec31420ce75e809a39df
1dieclb,AskALiberal,liberal,258,569,f824915e29dbc36cccbab3053315788538971e918b2f677c29d1f6cbc2be6aac
1dibk5g,AskALiberal,liberal,119,556,393d9528386573a27dacaffbd5c1fb456a03df1d44aff9e5d0ab8222f5b5d5f1
1dhz2h4,AskALiberal,conservative,235,780,4508285b9a64918f2ef6b06511b49e835dcfa3110b8c4c2ad092d0940b65d93d
1dhxpbf,AskALiberal,liberal,120,903,14b33d4b4ae41f03385f9f4b0d30dd367f1606e1d2d889909647509f9dade9b0
1dhq4zl,AskALiberal,centrist,157,509,e96304aece74befdcc176d4cd0420c5e518a31dc0551c0dc12d0b567638dead3
1dhfrz2,AskALiberal,liberal,198,1677,50e2d3a2de697679fe18028884a51354b9d77ed352664b14b551da8bd084eec3
1dh90o2,AskALiberal,conservative,118,175,dbedf47513a67329c1486bd2a3eb02537825216f6ace70b96720552e43f38e24
1dgzine,AskALiberal,liberal,148,1759,e3dd2e2d47221b86844d91951337a92bf1109f59db609a6ee88d91ea978730cb
1dgoz9l,AskALiberal,conservative,116,367,e86b2ab8a7ac089dbde71bc3dd4d90de4d05b89fe4c01d3147e36a1112efbafd
1dgjhf7,AskALiberal,conservative,167,432,014aa130c4b0ce6c622b74a26eb10e6f9ab2f64648e496a1fb304c67fa550082
1dg6ly7,AskALiberal,conservative,202,1492,16601733de72a0eeef5674f27ca3464b8115b42ec943ecbe4be82dee29cb2e0b
1dfxc3x,AskALiberal,liberal,226,355,eb7df8d445c01a919d2a18d70059392abbe9be5242e890afa485ba13fd96f8e8
1dfx049,AskALiberal,conservative,118,4634,ce84a18ddc8caf1ef5c1a6b9593f9106b6a35b54afaa087412316991550081a2
1derbro,AskALiberal,centrist,156,918,4a3ef4915e49bc2605d3d522d3a4b35c27f2ec29937b17d21a51f558b64b4b23
1decflf,AskALiberal,liberal,119,1000,5e89f3b3771546d3a5ceba6faf3b453c0d8051b7eb8c686ecb17d0405d1af5d7
1deatem,AskALiberal,centrist,238,2563,a9ed32e6ed6686d2895667ff028b4adaf2d519ed58cdc110d0a07ebbbb885455
1de8non,AskALiberal,liberal,147,321,e6c777082b7fbda1a92e1a75d3c07a13e1c6dd3f022c8810fbd9fc170637e11e
1de3o4x,AskALiberal,liberal,188,957,f94b46003bc7bbfa867fa200cc4ea24e6e92b21affaee826f4ca9d53de423db0
1de06uw,AskALiberal,centrist,180,1202,587363bd7e5916e37b2a97191617fbc7db3f8a327a7e29ef3a4884a527abef56
1ddu484,AskALiberal,centrist,205,127,d3d5ea7e2e21359145d9e1e9e346277ee264b2ff56ce355bb356279b81f6e098
1ddoek9,AskALiberal,liberal,131,3762,67019eee2536dfbb773984802d31b38a198ba981c4677fd23f01654698de064c
1ddkvw6,AskALiberal,conservative,217,1024,26dba0e9c9a9c1f1e53429a0cf5821014fcdbe47b479c2747a9aa3ed299d854c
1dd5u32,AskALiberal,conservative,170,436,a5bcdf12af5858b0fb391e298886b742343010149753a06cffea3939b39087c0
1dd1m1v,AskALiberal,conservative,105,836,b3418f5bfa2c0baee3d518ca14bf3f382e966a08082cc63affade04ecd3677bd
1dcjxaj,AskALiberal,liberal,120,1325,c8a5e50518a58466720e23917d8a48c674d0afec9e8fe6ae07c8b8866b6f4ffb
1dcfdp5,AskALiberal,conservative,113,990,e3922f86db4859b43e44ab80ae982bf18674bab4d85114bf121f474fd3c18980
1dc9wci,AskALiberal,conservative,128,2009,eaf486bd23aefc31902a83cba879e392bb175f18395d4ec9523e1414da6104a7
1dc9wci,AskALiberal,conservative,128,2327,eaf486bd23aefc31902a83cba879e392bb175f18395d4ec9523e1414da6104a7
1dbwxo3,AskALiberal,conservative,122,180,624e950880fc6f93e2eb62f31ce9399b4b877fa04e7068ba9280363283064f83
1dbgvuf,AskALiberal,centrist,144,2012,5185fbcac96c2eecbf95500e5c28cf517de6ebc842bb2aa8c2dd2fa39f54195f
1dbbqeh,AskALiberal,conservative,153,1518,8c478b67976fed90a136762382fb05d9cc9ad1ca2b8260e69800131850489a82
1db7pwm,AskALiberal,conservative,136,237,23adff7d54bec731b17af7ce4437fb182f0133bddc0759fedc702ca6b1fe7f76
1db5mi4,AskALiberal,conservative,112,261,618016dcf82e7d025ecb1d771efe3021cfc6784317f77b18ea2418a09b6578b4
1dap0r1,AskALiberal,conservative,260,167,35ee2c971566a531e8a8ebd152cdad94458c8ae454889d60d29a53bba24cd01d
1daknwo,AskALiberal,liberal,167,2758,4d70a579bd0987a595d9fea26aca7498514111fb43de2afc648d6749355fbfe9
1daeu8n,AskALiberal,liberal,146,916,7fb67901c62cf6ab5f46989f3260ec1829ff7be68e57ff8f8fb8aff32a8e2b8f
1dadz0t,AskALiberal,liberal,137,445,92688a422b41d4924f871193ff382dabd5734b5bb23c98d4516059a9c2f94895
1da97km,AskALiberal,centrist,109,675,bb889d8be78e0361805cbb24794bb195c972629e151e8315f32eb3fa64daa216
1d9kshc,AskALiberal,liberal,119,971,e2c932b4737917a5453a647bd790c4f14041abb82876ab94bcce1df3f03cd91b
1d9fqck,AskALiberal,conservative,299,497,5de620b722355ef8f37510f296551bf0d3fcb6c7d021db879bf1d6d7db2e48b1
1d97s2o,AskALiberal,conservative,166,831,718f9bef60eec2ef617493dcf97286903d261fa57f072da7f4b5e7f999e90290
1d95agt,AskALiberal,liberal,132,374,601610d831236f36e7602d033972b7bd9c21b18fd4615a41d589ccae47456d29
1d92c7h,AskALiberal,liberal,184,152,e005c509ccff8a6c81710a8f92acc952642f9f771bc2ce3e7fda92d1fc6a941d
1d91pg5,AskALiberal,conservative,194,132,c27debec7ef77597d55e43b20309beebcfb93a5c5e83c18ad08d0f9935857d8c
1d8csu7,AskALiberal,conservative,152,629,c76adf91abd1a9f559180fa92b6fb963d637097621dbcb6869e731df32b1496d
1d828h6,AskALiberal,conservative,123,1255,624f5f28f338a363d45c31b5907157f9e16d2c467ea473afb53088e6897938d1
1d80k46,AskALiberal,liberal,177,1345,2871bd14a0b5b86198340eede216b81449948451b1f56ded88ac28b37a93f23f
1d7z713,AskALiberal,conservative,222,562,40a7519f2cf09c413d04309a40731513d089bdca316c4c011016936b4e4891da
1d7ner5,AskALiberal,liberal,114,540,df6540679d80752088e9e49c62e5631a035d6b99859ce666a8e72978c9d3c2b0
1d7i1t0,AskALiberal,centrist,147,282,17c7d4706139bf482ebf4ced4cfd5204c5a0ba469b2c68f4d173ac8ca218a9e3
1d7i1t0,AskALiberal,centrist,147,282,17c7d4706139bf482ebf4ced4cfd5204c5a0ba469b2c68f4d173ac8ca218a9e3
1d7hov8,AskALiberal,liberal,162,107,05d5da8921e6ab1f4e315d902598dfb6dba3138d178b0f732f4805d70f55b302
1d7fl81,AskALiberal,conservative,122,1629,b055eb6ad4747fca7cbf9edb2f9025d5a30161845e9c463c373fae1441583d3f
1d7fc07,AskALiberal,centrist,170,155,349732d2e95ec185fb4d6187b32513bef477462459394df7bd7229b956b9b75b
1d7ab0j,AskALiberal,centrist,118,1059,c424bec86a06adff4d35f58d30a0e23fece15fabeb6bfeba4f5b53dfb5baaf37
1d798gh,AskALiberal,centrist,274,5297,ac0b21cbb30d19e2e7e285cafca2f3882f25a396ccd945d8393d6d913b827736
1d6pv1t,AskALiberal,conservative,146,160,f1137a6132cef849fcdce00ce69ee429fd692194c6f156ae4a22c90490f0cf23
1d6o2ia,AskALiberal,conservative,179,1325,01a4929f77ab5c4317580b18b7fb2b7cadbfb474bff0593c45d204e8dfda0b5a
1d6ipf3,AskALiberal,liberal,181,1694,7812c65c8001ca024b38ee4616838d80e76721daf1f18bfd3b969cbc5c3e3000
1d5ahr2,AskALiberal,centrist,198,51,614bf644e4c2f3b57c657fa7d2bbc7504f866ded5d8c0405b6e7b6f275f6b598
1d557ne,AskALiberal,liberal,135,271,e247a8cb39701d2db65a5d5557b445b7465ff54080afea12019303a206a743e2
1d4g3tt,AskALiberal,centrist,101,341,18c935e1dea66b25734622e9e6a034223f952b39e56f3acfb7657f73098a7d87
1d49s68,AskALiberal,conservative,167,1111,3f50c60571fe280e9f189a0e56a37792b5b0f15930adaba60ec49df32a9d4eb8
1d47h9b,AskALiberal,centrist,189,3704,fae0e8ae6b63396305152c20c1e45c5f2cd7be24af46a8f1520029f23161e5ee
1d3v0st,AskALiberal,conservative,229,2724,4f98e4b2fd0cc668a3cf251f9b8b50d2bbb1ab2bf2e1b583038fbb33a978df2e
1d3pvai,AskALiberal,liberal,148,323,b1344f10e927c712509a56a6376a4d39b6472c2cf86090e46183a0e2442244fd
1d3h0gd,AskALiberal,liberal,132,231,a0f1f08641da59098edc593cf8c38637de55202e5a6442dab91a2cd40a494de6
1d39k07,AskALiberal,conservative,120,1103,12bb17dadc0b813e6ff088b13af258a43489fb80f93617a74074ce5b363e9cc6
1d2nglv,AskALiberal,conservative,283,6188,d8cc5bc01740e542ada892b06aa9a402dbcba50e16845f24479f6e02294dacf6
1d2ehf3,AskALiberal,conservative,159,1518,834bb77075799fd1eb1264dec40390c3cf2be9a251b22b0386eb9e7c2f0b7594
1d160rp,AskALiberal,liberal,156,652,106d77eed6ad9e559e655f6ecb4289cb686229ac3e567819ae09b9295af8b123
1d14qy1,AskALiberal,conservative,269,3208,f58171b4d7e1422eefffb58f5c345e98ab486c4e66ee8ee93618d9c32f8511c8
1d0ul76,AskALiberal,conservative,148,653,9668918248a42a63fba49aa0d8638c1d8716160d4b498308ab40eca281944012
1d0eafe,AskALiberal,conservative,157,332,4fab02f4ec29f392f996a7a0cc598972ddf7d0dbf8324a0ac459dbdfbd4a548d
1d0cegf,AskALiberal,centrist,162,277,83a5350ec24dd60b0256114daeb649a1ba7343058124bc8c454e3f9599539dbc
1czs6a3,AskALiberal,conservative,239,753,210e4a6ea330a2c30a70b0b783e33f6cf0e68ee18dff0d76eb4f7b41781760d6
1czo9ep,AskALiberal,liberal,116,1626,ac238b17f7c899be71ae164153f0b4077c167ce26b16e2a3bff0f334ff0c30e8
1cyucfz,AskALiberal,conservative,129,173,cbdc339156a3010d87b900b849e6fcc17fb22985f490d80f1ba8a12fcdcb91b2
1cyt6e7,AskALiberal,conservative,140,381,9eb26dcd33cecc82c3144f7794470db7d44614e63bcc175d649f14e208d66752
1cy57lk,AskALiberal,centrist,201,218,80a58423c00e59dcdfabcdec104f151babd738b3c37c9f1229f6ba57caa113b7
1cy28aq,AskALiberal,conservative,233,1627,f410e645a6cfb4586b6d326b9210acba976d5a2470d23d60d36987c654e0a0a7
1cy1vh2,AskALiberal,conservative,237,231,68f02e8fa374aa7d1032675a5fa2298f844b8fe65bc757c43eeeb8520c5f1220
1cxchoh,AskALiberal,conservative,153,1634,db5f1ac581a460da544a84dba749c271e5d18df7c89d60ab661cfc203e56f68d
1cwq6yq,AskALiberal,conservative,173,512,9f126119a6d477f320faa8b9ecc6a0f733abf48685c21a7b6d14a45b19cc981a
1cwl45m,AskALiberal,centrist,129,1022,fa90670cbe146325a3ed418f087954b30b4dc00bd4354ce95c7b2a8f9e0b4b23
1cwfw73,AskALiberal,liberal,127,203,38388084eb8eb60f0afe5055e33de710d0a27af15e6ff8e65ccb0250f88e5ac8
1cwd9ku,AskALiberal,centrist,184,665,b9dc4c254698816b4cb1adbba89d85871c5cb735663350c5e3237b8cbfac4582
1cw5tbr,AskALiberal,centrist,120,463,08467edd2ba5aa628e5627b508914f5a38c11d114efc47542a3da1d12f377d03
1cvst67,AskALiberal,centrist,238,1212,b68f61c34c1f6dfd6ca5f3f66a6a0d227cb1e90db38f4e8b613750ae2efb6f95
1cvs1hq,AskALiberal,liberal,243,654,72b89cd65b2ddc869a8e7a9a7c57274fe505c0125393e49acab102061a424c82
1cuokmn,AskALiberal,liberal,150,547,4e31af0b4fe414753d362ab43a6ea2f48617a035ed73721650aeedd32222558d
1cufoje,AskALiberal,centrist,215,260,c7112ea9986a27931bb430b363c53f8c981697dc08254f7c7efb0b0711a40986
1cueirv,AskALiberal,centrist,155,189,3add5fc1e4393f00b9185530393a4b42c7e72dd67474dbe2fc8abf440393f53b
1cuccwj,AskALiberal,conservative,128,784,b7cf80e724248e93e07a29d44fe4a4e59f50eccf19d0fa02f57a3a29ae733b0e
1cu3ds5,AskALiberal,liberal,144,413,f542850a2d8a61c2ee2ab5d3b286c8cd2ddd00c8ed1ee63cca5b031614f8bd24
1cu3ds5,AskALiberal,liberal,144,414,f542850a2d8a61c2ee2ab5d3b286c8cd2ddd00c8ed1ee63cca5b031614f8bd24
1ctunlm,AskALiberal,centrist,163,138,52b7ef39f3052410777f168c12c369fea5c2a11689905f71573cd68b1706eb03
1ctoiar,AskALiberal,conservative,238,1180,6be94f9743478f31b3d3f248ef1b23b3ce19e24900ac3e3272beba67f5b5c237
1ctno1o,AskALiberal,centrist,187,406,263e6bd53839ebe49fc120736bc610db2725543ffb6a352ac06a508fc4040c3f
1ctcsre,AskALiberal,conservative,127,746,104bdefb8271c9361f0a49cd153bd38110e61c43ac45e2747cdef9ce206a5ad7
1cs3fok,AskALiberal,liberal,126,931,63ed328ef5d7ec86abba562b9866c019263fe8b5e5a9d2fc3dda34c710296369
1cs3fok,AskALiberal,liberal,126,931,63ed328ef5d7ec86abba562b9866c019263fe8b5e5a9d2fc3dda34c710296369
1crotoz,AskALiberal,liberal,120,1474,1e2dfb1acca338933f9ba4513c0038fc85e45038ebe956562e18a93ed9b5b920
1crotoz,AskALiberal,liberal,120,1486,1e2dfb1acca338933f9ba4513c0038fc85e45038ebe956562e18a93ed9b5b920
1crd6qq,AskALiberal,conservative,128,1300,83acfad35d211b746b7bc49ff6cd03362b9d364816cb0e3512e6e1729d50a063
1crd1o5,AskALiberal,conservative,145,254,b0e6c5ae58ae2a0b81414b979af0c291a402a4b677700931f5198b882fd2f309
1cr7342,AskALiberal,centrist,279,670,f0392b52ba52d34a2a4f6d6cecd8c95354ccb3fd05ab1ce5079e72e79b68ffa7
1cr4qf1,AskALiberal,liberal,111,1343,cc9e7049041322c3ffa7a72d25569ad28fd96efb380582d6c724121363e048cb
1cr1nhu,AskALiberal,liberal,190,2565,3e45bb6c22ac7f3b8e62076666c85c7c7429e5a23fca5b0e611e738736d97977
1cr1drw,AskALiberal,conservative,227,701,acfe3e4e8af8d760e2e6dbfc3ab77aae5274ddf6f69a801c30727f1b7afa521d
1cqu5py,AskALiberal,liberal,132,650,da1d8810b05f929e406810911cf823d575305f986a80b403c0b2edea6611e7c4
1cqmdvv,AskALiberal,conservative,124,1323,6f4857d9a6cc67eab0985b76fed1e677ca72bc63d4b00d3cf59683b1a4d48193
1cq7jxm,AskALiberal,conservative,183,692,ea531a28936078846711a231fa658c17d3bb94c106eb8631f3e25ce18084780d
1cq55ul,AskALiberal,centrist,153,909,93eb331acbc5713b50869c73c921c845b8cb03110dd0b89c64595a8c3f999bfe
1cpgrfa,AskALiberal,conservative,102,259,69c179bb422999648cac6a3d0642578c593275a27169b6ef562de8415764355f
1cpfgtx,AskALiberal,liberal,108,229,f0fdce7e7b3e5e8ee2ee42d3f6f9f3b70f12cf3a4b60c15a199ce4ee77217459
1cod1jw,AskALiberal,centrist,135,421,2684bd9e741fe3ceb055bda9252316abefcedb7e057903092421db1044f98e70
1co0tyc,AskALiberal,centrist,161,605,240ccfe4b0278e4388537aeaa14e16f26114f3e6c924fdcf33680c46286423a9
1cnzolv,AskALiberal,centrist,126,649,98df90abcb830879884ed574803a57aeaa64e3f9ad99cef825167303a427029b
1cnv1cy,AskALiberal,conservative,252,2820,1358e45c12127bb828ceb4b51f828571f519d02949eadb2cb317b0f1b5592b19
1cmplxv,AskALiberal,conservative,165,688,0db087c6ea1953c6d80caa9a4580271cfb8094f07d99ec458edea0a873fb0754
1cmfg4n,AskALiberal,conservative,130,87,31d9826bcaaf8bf2f26b69414caf27704423b135849b138bb90c851dab6774c4
1cmb6ei,AskALiberal,conservative,162,1075,4f09baf263ce89423038500912ef24ea0fc9aa0ae77aeb6efb22909d365b5f8a
1cm9gma,AskALiberal,centrist,146,266,68d8bbe9cf7a76ddf9d6150bc7ad7e62bdd30b956bf31ce0ca168616559124ff
1clq1mj,AskALiberal,centrist,148,246,d29041915b000ed4200a18ef30e4652e0d37d2fbd0cfcf12e6ae33f8bed61133
1clpx2b,AskALiberal,centrist,146,872,9981667d54b9b6df9aa901404adbae1074e0810110246726c1f9fe01a5142ac2
1clm01l,AskALiberal,centrist,129,650,58506087c1a92c3c8b4d73d3bfeca6c6239fcbdee52557f7c6926bf472a7e837
1clhajt,AskALiberal,conservative,125,319,a7e5aa0e1210e96134d1faf48d87283357a278560a169b40fcddc4c8981e8473
1ckj1de,AskALiberal,conservative,168,836,cf4847a6efdf80945efe2cfef1441a6f6a31030e8f03736b585bf066a89a84e0
1ckfxch,AskALiberal,conservative,160,365,8883c937e5d157990c19c3488ca49dee56d7bbd7b8c3b4359ce196cbaa998445
1cjor6l,AskALiberal,conservative,124,822,af3c769331500eab79cfa91e8a0f6288f3e7871e619f6bdcf900577512b92f94
1cjdymj,AskALiberal,conservative,154,852,3704f720b0580717295d6531d458a3e6bebbf54409b6ea73274f1bf0dd8665b0
1ciuek9,AskALiberal,liberal,125,4231,ba6a5dbf8cf90eeee0332cfeb65056ed3b5e3e54e70fe2ae92501b7c297ebe1d
1chz2mi,AskALiberal,liberal,114,974,5f69b4a4683fdc48ad9dc0570a3a001ff74fe8aef87adc0fa02e70ae57e1c077
1chx5xd,AskALiberal,liberal,175,312,e1674e47d31ea5abee4e12c419cbf5317b4de5d0cae359500854595905035834
1chsvpy,AskALiberal,liberal,164,457,81f32a24435bad62bfc77ce1d1b537a86d387d857233b5fa382fff39faf537a0
1chdrio,AskALiberal,conservative,240,2048,4cd9304ca507d64cdf9c29554c4326578512c3894bcc35777e7b59cf8df64d41
1ch2sfs,AskALiberal,conservative,188,470,fce9d45935b28679a2ee3b52bc46776126701bb505de9107625e614289a600af
1ch2l9i,AskALiberal,conservative,112,246,60f8b438eb5d66cb4c5cdff633d5cfa435dabbdedf17b8b6c9c12b127ef391cd
1cgx7we,AskALiberal,conservative,284,646,2426f32b464e36645a5978c574708537e70d7881e888a85f0665c77802017ee3
1cgwbn5,AskALiberal,centrist,258,398,8990b21653f0243f2717101058d99db4b010abed3d15da8b69faed55c17f4edf
1cgu9k8,AskALiberal,conservative,126,2032,05e55504a468cd3c11c210d79aef127953d662c768c91e584da7f68c6681192f
1cglehn,AskALiberal,conservative,132,342,abfccb23e9bb993b91c6208fb2119a37e9e92e386d6fa6df3018c45f9ebfc37d
1cghgl5,AskALiberal,conservative,143,1013,e1afd956e317be43056d6dab9fba3627d10127fd45119b871ab867ab1087968c
1cgcxm5,AskALiberal,conservative,133,390,9df6e708edccbdc1441cabb9f03d736f279fc9654b3cd0892f7d38f7fe621c29
1cgao7j,AskALiberal,conservative,159,785,b6023c9c639d72cb9b9538dea8fc95db48616cfff2e2bb572d278bac5400f39b
1cg6y7q,AskALiberal,centrist,155,82,3e46e7daf14ac43d94af17af4ff7da0aafcbdc8ec1d3dfd48062595d96f4c996
1cfnvm0,AskALiberal,conservative,112,585,db9100d555cc075a088bbf1bf3ecc4f89ef9e0bf5587f16f0d84653960750eca
1cfjrik,AskALiberal,liberal,160,1968,6e1dfdb4db794f05ea9ec8f96f3e1b8064004bac61ee7a7e332c3a2697f6b82e
1cf2jqe,AskALiberal,conservative,147,173,643bc4297ea6e2cd4525ecf4ab7a8c14b2240736cc1155c19d577bb9a404ab7f
1ceoyzz,AskALiberal,centrist,192,152,7f694d9acb11784e5a64c05f452032280aafbad694d68bd1f0cdee585f22ccad
1ceeo9b,AskALiberal,liberal,148,1506,75427868694969c7d7e6b9c08985ad2a982c6db1410016bf2699400c9f232dff
1cduxjh,AskALiberal,centrist,242,209,c74cf763787843383c9bd102f183a64d1079d7fd2b8bfdc6aa937881ccbadcdd
1cdppdx,AskALiberal,liberal,149,393,29e4cf2c697bc61dcf58f05224d73af3d46c114cf822d6ec154a8df48a52978c
1cdfeox,AskALiberal,conservative,149,396,7af73445a0d1151007af3edc170b521456bdab499e8c395377f0f9e07e8e6d32
1cdb8mq,AskALiberal,conservative,180,657,47b9f9fb2bcae3e87e313951de790036456bfc18f54c0f8fa0b04cad3155e372
1cczfns,AskALiberal,conservative,124,631,597fdb8c9d003883b9452f4e1a9bfbf9b3401a56b750d42444703911198f795f
1ccv4tu,AskALiberal,conservative,116,622,8f22263b2b42fa58ee3619669b1a775df8a363c0e065e57a46b8c2aa26bf9a52
1ccr2tt,AskALiberal,centrist,135,157,2c918b56a78576c3c5d6b1d00d4da5a2713f27a978c72fbe97b6d802512550ff
1ccqkhk,AskALiberal,centrist,139,1048,9ef2ecf75ee8c7192e79e507a29abfaf81ed85028830f140b66e91012a2bbc0b
1ccfkug,AskALiberal,conservative,109,728,a1099397b2a35c167a01e9d03e080666cd42bdf817edf83ffe6a0793cf7738fb
1ccdsfk,AskALiberal,centrist,234,1361,df1fb72cbebeb915ddd9faaec4a9b916c98942153fde297d4800d248e2411388
1cbyw83,AskALiberal,centrist,119,157,3b9b4f7f585e9c5ca1dd9d8df7acad8c398cfe25ca80eeabf820fc3d92497f21
1cbkd1b,AskALiberal,centrist,133,252,7ed6fa080bbe2a3844db240b7a94ca80d1fa8f73186ce0e60af678e1862fc700
1cbfzcp,AskALiberal,centrist,150,737,831c057a0c0474e4eea9f3c858f6f6881f4e851b1e6b4484a169739e7c9caa55
1cbduxd,AskALiberal,centrist,196,369,9e3a5c5d432f177b79e76345ba2157867de90af851ea4072defaf213d9db5446
1cb7gft,AskALiberal,conservative,159,2023,d519e9a3b467b57e38375e8374d7eb62eb0896f9bda175c11e5a9ea205e109b1
1catade,AskALiberal,conservative,123,1653,3f08cbb7854dc837a02d4a6d4b735ee5ea321a2faf0e472cdcfa338c9aaab917
1cai30n,AskALiberal,liberal,144,1073,32799f7a515c71d266198d2491dcd0fd95a1654a406f9e60191cfbf1a2a6fe44
1caguwn,AskALiberal,centrist,296,2883,e2c83a08e558cc057f2c0eea92705a962fb5bac7dfa2821661fbc03982ec359e
1caezer,AskALiberal,conservative,150,322,6c14ee7ebadc8823a9e1c227246f342a147e10de53166238c2661a9eba404e88
1ca3ozf,AskALiberal,centrist,149,262,66fb0c3270b1f57b15f387cc10b5857f953861c50443349f5347b4ddb13f4ddb
1c9z1di,AskALiberal,conservative,120,814,67afb4b30444dc86ab9fd8cc91249863cdebb79b76c2bcc1c1a581c2a44ffdc5
1c9yvgs,AskALiberal,liberal,115,1188,4dff49e03203fcd02f137aee9fd030d3cb7d948c9a6178867abc2d12bdd638c6
1c9y6i0,AskALiberal,conservative,131,176,f5d414f49f9c7dc7ce75c3269dbfe08c9daf70069c53aca454c1de491bc02add
1c9voqu,AskALiberal,centrist,198,2250,68a68baa317383f8d9277df7d2cf52ab7ad47513c5e44b8ed1fe540047962f8b
1c9tzm1,AskALiberal,liberal,239,1193,56529fb0e575ec0b9418e43fc4f723f3e425d253678a47380bda1d58864e520c
1c9tokw,AskALiberal,conservative,203,2052,69008597f7980fa3ebf0b397d4f31f5d1831f0b5091228199c8947343471b7c5
1c9tokw,AskALiberal,conservative,203,2696,69008597f7980fa3ebf0b397d4f31f5d1831f0b5091228199c8947343471b7c5
1c9n40n,AskALiberal,liberal,135,522,c6a3a4f72ae4354079fc789587b2caae3135fc6e585baab433ffcf60d29588c6
1c9k676,AskALiberal,conservative,142,1226,50ecab36d2b2688e071066eaddaa4c266752e6a70af5f2d9f8614d64b1f71303
1c97alz,AskALiberal,liberal,177,456,d37e3cdae92e764b7c7ee57e9030d522c79c4ff63bbf20ab0930ef19c6c15869
1c8ibet,AskALiberal,liberal,147,560,da6922ce23799175b8eff4b8cdce8850f7ed1525182f2960eeb7a558a352d2ae
1c837jn,AskALiberal,conservative,149,203,7997b833fb1571dc68e35d0c296d4211dddc973c22bcf9a5662da10c06904457
1c7k6mq,AskALiberal,liberal,122,949,4ebbac73f0e09b89899ba6c8a54528cc1cbc62e85b2a64bc16def30454d34cb3
1c7h10w,AskALiberal,conservative,147,186,d5a533532744ca8cfa4cdb05f8b025e704a25b109e8dd6027e0d50d5682af6f5
1c7fu81,AskALiberal,conservative,146,390,1190da4ae29a0a2ef64ebf5f60716669af04b69a63e76c6e17ce4e31fac02fcb
1c799cc,AskALiberal,conservative,141,420,0a06fae70adc1223e4a15cb384d1b10f825544ec3f97a430458b863b24bb6520
1c797ng,AskALiberal,conservative,139,420,2e8f26df7a140ebc10c983a7dcf7143081f3871a76ef247390b11997023cac6d
1c795lk,AskALiberal,conservative,132,421,1dba1b604455186c55d8163516f74092d8a37ad620c5f655efb8d7e3c1b94333
1c766l6,AskALiberal,centrist,159,2391,08a84c3a9f2d02e1a608bede584f3bbc7754baec3d68d6aaf823d1e0fe9dd183
1c75rly,AskALiberal,centrist,115,167,ea9d29b75435e3e890d7b004f7d70bb43846401c42b6b3155383a16c29f69fcb
1c71ypj,AskALiberal,liberal,141,258,a34f54b895a7c1d6a4fee6a0a577eab79badaf3b5d609a722afd2f590f2c906e
1c6u4lq,AskALiberal,centrist,120,343,01caada439f47307e8a565875536c3e96d4e3b05ae667a3574a2d3cd8cbd7686
1c6hol3,AskALiberal,liberal,151,529,c053751774fb05901e87b742be5d9c57b16e763fc3e73b60aa38f0755bd51075
1c6d4qx,AskALiberal,liberal,145,1210,99ba796f1cd66767d6e8b044c45b992efc7e9f2d274e94b0a4750bbb546fd286
1c60xgg,AskALiberal,conservative,192,5622,89279002f20d8e8bd59c54e1e8f921662d093883a3161d14ef9787de8aca37e9
1c602i8,AskALiberal,liberal,161,694,86c3f11565dc9604da18a6781f2c1870ad09b0af5f23c931fe8cae28713a8e14
1c55kbn,AskALiberal,centrist,141,119,9ee91f77f625b473fa18e83b5fecd28f2760cd2bb663afb426c3a368a9975536
1c52lj4,AskALiberal,conservative,121,136,cdda27ad94f2d179a78d76563c914a51270e6c1f157eaaff221a2cf0d20aafbd
1c4sb8e,AskALiberal,centrist,230,1982,e5951e4f1e1030985d32615ac01ad11bd2223752721c90a980fd6da88169162a
1c4r9j1,AskALiberal,liberal,131,1114,c3967a516dc16618291310ce80c39b1e346d02982263e0dbde8432454c1aebf7
1c4dkuv,AskALiberal,liberal,153,1942,9286d5c6be6ec1df03df46d19c664c9dead156c7fd99f49158f506d9e0597370
1c40ksg,AskALiberal,centrist,117,1052,156526550f974d0d8551bf5902bf9503b2fe45509b0595e8918b99af88184293
1c3fyji,AskALiberal,liberal,185,375,198873520a93f8ba88cd4347a8bd7e20115e32cd0746f0c90030659251af6e3d
1c3ak7x,AskALiberal,conservative,151,947,ea1ea9df20d578df254f4bbb0303403b84782d23ad6cb16794e67e0938f3fa8c
1c374pi,AskALiberal,centrist,135,141,7e1e41b42ebaceb1944323477f2cfd6f948708aa225c76f4d7a56b6902852962
1c35s8g,AskALiberal,liberal,161,159,de134c1a6f2f7694e5e66a0bcf4ba84600d9b27a67d51581d1231550c9ad03fe
1c2fre2,AskALiberal,centrist,242,2878,d09b3ef0dfbdd3683349932d9dcb7cd0df0a5fcf9d38e0445c1eef52b80789e3
1c2blu3,AskALiberal,centrist,172,1079,0fd7f5000726228e352235dac179afd987341746ce50fa559cb7bfe7b90db4b7
1c2bjk9,AskALiberal,conservative,172,1186,3698f154b2f52522d3d6cd19cfd5360fb1c7e169322c54215cbeaca35db6e787
1c2bjk9,AskALiberal,conservative,172,883,3698f154b2f52522d3d6cd19cfd5360fb1c7e169322c54215cbeaca35db6e787
1c1gtii,AskALiberal,liberal,149,3822,3f2f1892ca1fa7b3f44fedad21414dfbb67a370cf0dcb055f332165a276188c4
1c1gtii,AskALiberal,centrist,149,3881,3f2f1892ca1fa7b3f44fedad21414dfbb67a370cf0dcb055f332165a276188c4
1c1gria,AskALiberal,centrist,126,1124,86535318131a738630b422dcd0a76b28ffd26be801c02dc8c1cc378f59b927c9
1c1fko9,AskALiberal,centrist,178,222,fc1f4aa562f16dbb77aa8cf95a9c595b3be017e571c77aa27cbf82f118bd69ae
1c155zx,AskALiberal,liberal,130,453,4df4f093ac9162703e336a074a647704de005503ddfacf687b64e1f0155f5d86
1c0zgoe,AskALiberal,conservative,155,591,b1fcd69c3e1c48590e33368a5db979cbdf53a1e68cd126463cbfc9b79c0c4fe5
1c0t0p3,AskALiberal,liberal,207,1335,182d5d6eba35f7021418ec41e69fff0527420b0a1ac8f4998066d14fa94ad48e
1c0bg0a,AskALiberal,liberal,213,3988,8efb42bd37ad294d7d47a76ddb47c821b67575463ee72d1c55e07c2e85e250ff
1c07lub,AskALiberal,conservative,277,1184,8b75b366c39c362d793ecdc63b53bc3f9196091f8e9221e724d9f024647dceed
1c00ja9,AskALiberal,liberal,297,412,af3c255a7d4cc253e4fd5a016795defd6140985c0a72e4f0e671ea7f4353b6ed
1bzfqbd,AskALiberal,liberal,241,470,e07b7438c2b740c21bfdf095781fc6a2870937abbad40102fc852ceae9801d26
1bz2lzm,AskALiberal,conservative,191,191,e0ec1f54df6834cf5bab7fa4cd0c0825ea8a7fce6bec2d9dc49c652dd52dd9ac
1bygwy5,AskALiberal,conservative,139,831,9d4160237fd8e1fb9fc89c7d4515032b89c9042664c920c32c7318186fae7d18
1bybz0p,AskALiberal,liberal,209,1508,4a5ff4ce0712b7c08d9689c99d01399b824189b468f12796767e98252910243a
1by52jz,AskALiberal,conservative,131,244,ebfc833ce04d02b187626a6ee99319500e759757a1cc2f89f2d020a1f3ef050e
1by4u21,AskALiberal,conservative,188,5407,c5a091ed9f11e906aea7decedd776290c1f6fe76e3cb40ddddd92bb362797bc0
1bxmfjv,AskALiberal,liberal,235,924,2e4b3e9352c87d14726ceca662acfb5b58d69604f92362f8574d2670940ba753
1bxfit6,AskALiberal,liberal,289,647,16b6bc561c2ae88642766de9ba17c768cbb2c5757d851b7e3bcedf9d4b3d3ce3
1bxemx8,AskALiberal,conservative,227,1031,640c6350053d17c47ff3ff870eaec853606b3e7e4e784db464e99665a0e21a4a
1bwsrno,AskALiberal,centrist,107,497,53d9d8467633910cddc9968be7546c987266000413238082be1d385603bcdc5f
1bwoujr,AskALiberal,conservative,191,301,5935bd4c254ee7873fcb0f3a32ef6edcc249204467dccebaf8c03376c045f222
1bwcizy,AskALiberal,conservative,118,698,ef9cf1b62aeeb21ad0fdd6b719c004b7306521d4d5d73708f214455f730fc5e5
1bvkt82,AskALiberal,centrist,181,1096,0850ccd9ba0a4b4ce800e21ed51e3ead4f1a59c5aa52866888139ac183967fef
1bus1wf,AskALiberal,liberal,161,506,7a242176203758392e3827f1b8bad9e2d1de52cfc24ce056886af29dc59f1f30
1bujcmn,AskALiberal,conservative,173,2794,4968ddc71baeaebb5dc758a811f37e2eaf2ee0124ae20fa428907e8eaf8fa92c
1bu4gwh,AskALiberal,centrist,150,297,cc9a79d1e5334dffc111eafaeb7c92acf1d13f8b46d4a4566df41733b724cb7f
1btz57o,AskALiberal,liberal,182,1276,896ad271647fee6daee925800df50ea7c0acc40145dad947be881cdea714532a
1btm2jx,AskALiberal,liberal,128,2223,b8986de7fc71909fee56636df34df42d1bccb427f6cdf639329737d0cd212adb
1btgflr,AskALiberal,conservative,192,206,6097d00d216d5a2bf56595f72854582773a535a0613a815829789eedae170932
1btejt1,AskALiberal,liberal,177,1150,efa5698a78a7699b0f9e664acd173136f3ed16d0eee180d057477ee9a784cd4e
1btajam,AskALiberal,liberal,214,1000,ef2379ae9b0a0bb543c50b7e90741e656c8b7fbe3397f44834f5326382c54be1
1btagti,AskALiberal,liberal,214,927,ef2379ae9b0a0bb543c50b7e90741e656c8b7fbe3397f44834f5326382c54be1
1bt8ckr,AskALiberal,liberal,208,129,e43f290a22e46d90455c438d1d0059d9602c701ed1dd3751189d1e04b8e217bf
1bt43am,AskALiberal,liberal,102,38,430f15d6ea1bbf109014e5d8f7be2f4cfa2a4e488616c4463a00de39cb3d516a
1bt0wbj,AskALiberal,conservative,141,1844,f0c25e7ef04e97e230bd511c01605a47cf28970232e59ef9af926f612b9650dd
1brsf7k,AskALiberal,liberal,154,1716,3142937eec109a935cfc003e79bf34076943a87d5120e978b83d9aacb90ab9e2
1br2me4,AskALiberal,centrist,133,1402,0147bf4f1a464902568adbde739c331ef0624a7f2eed4406f6882e6798a13598
1bq0arg,AskALiberal,liberal,149,1843,d00b8a4af9ce3a5c4f11b1bc725868bf961255e99ffd5edf06ac01e41358c228
1bpwr3g,AskALiberal,conservative,138,2217,b22d7a16cab5de443a52ef9e9c9bb738b1242cdd0ba91d979715e04bb05f0b19
1bpve8n,AskALiberal,liberal,250,876,6175b49eb1c95fce1dcaaef76e48fe751cc1d42fd08ef1486fff9b576368f3b0
1bpjn6e,AskALiberal,conservative,123,479,f1d47a6b3e7da7744b8acb8cd4b381e80ca58fcd6299f84baa324e3782568499
1bpjjcv,AskALiberal,conservative,168,1205,2ae9209cc2fbfc8d67d338670ceca3bf9f128969642b0093d3454a8da9850272
1bpfaa0,AskALiberal,conservative,146,674,64494eba9e33405773b04543a852ba93f3b7212e98a8d72352a6038e9c80f3e9
1bpabbx,AskALiberal,conservative,250,584,9297bd9ae0e8b36acf064090fde5d5366e5fa1eb063e2ed65ce93fb3d4b2f421
1bp2lf2,AskALiberal,centrist,274,2127,f817c424e26e5e7867da1fb4e2ade73dd7e7cc23b28af63526aeb5c592828951
1boof8r,AskALiberal,conservative,148,1426,cbabd7cb1115c7148bcd8ea36fb7f0af73bf9bd826901b70466bb4dad1644220
1boj9zs,AskALiberal,liberal,207,2119,ae65dc5f8f836b59819894d667e9865dcdb03de6aee5df9b12107e402b005482
1boi4m4,AskALiberal,centrist,186,816,e2b9c1e84e215669a3d7a064943500656a91e4bd01fc99d69188c1f2e23f34ff
1bodc6u,AskALiberal,centrist,151,784,caec39d77a489c7ebd39ce37315315105d397f712b172657e8ad6118e95d0e30
1bo7jns,AskALiberal,conservative,204,743,9f885f36ca5adfe6e88c1c41595efe067a5110050f50e8c69e0e2e1fcbc8d82f
1bnt5bf,AskALiberal,conservative,124,782,841667fa967d008d5eb0f375176a0c5d039e3e8395fe5447127f74a35b6602b2
1bnoa2s,AskALiberal,liberal,120,224,4b6247831699e781e01a8cd30117282475c9ff1bc4fd975f2286437f7033d26a
1bno8yv,AskALiberal,conservative,145,625,36271e60c5deba4041667fe87fe8eeee902e4cc327af9d73ae203b2105221973
1bnif3j,AskALiberal,liberal,201,998,cde9373f889e56de3d1cb3670aeac656502561bf4963a14bae8d1df908bb342b
1bnibi3,AskALiberal,conservative,169,502,9a5d8cce740ef501bb0d529ce2c81380fac3413af979991824efdb7258835ea9
1bmti8z,AskALiberal,conservative,125,554,1b9bd2a7b4faddc6d0758d86fb9d8a92c65e39111b6a9a58481a598e953c0292
1bmpo8i,AskALiberal,conservative,158,1585,d039482e3871c4b64dc988400c82787a739ab3963026f393ef3c68363a7abd8b
1bmkz7q,AskALiberal,conservative,135,608,0a1b545143a41bb309cecd728fb9fb0e2553b29768d205b95367fa09828b44bd
1bm65h4,AskALiberal,conservative,123,336,19b89e65c25fd605c04a4eaac4777ec00edeea41973828eb988b5ce2e3727148
1bm29zr,AskALiberal,conservative,136,865,49e9a54888661989c132ff2a6a31ea73ba17b0d33b47ee7dfa2c9dd7c953f0fa
1bm162e,AskALiberal,conservative,144,345,c9962e37e44417690be594814b6f04a77288600cc3815d07772a93dc622b248d
1blu4ch,AskALiberal,liberal,200,582,d8ed1a550b68f7d201f91242565860a2fef89821e2e3894f764a531dec13c6d2
1blgazc,AskALiberal,liberal,161,956,c4c73f6c4906ea3badfd8152fb892a1c2bb7bc9f3f767417d352f9c80ffdef54
1bkzm0n,AskALiberal,conservative,138,789,371331235c778f2018a8e4e7847906ecb217fc3d556eb1359351fca5d8f2bd6b
1bknywu,AskALiberal,liberal,170,128,03781b9dc11e8c577ffc9b994189d70c2b1362b259860160cffa27641a16c1d8
1bkm8bz,AskALiberal,conservative,151,736,71f0d5653917d734c55f3e6e4af9925d2f2447888befa58181c42449071ed23c
1bkhury,AskALiberal,liberal,126,348,2a2dce5c22f7a993652d8e5f1ce94920321a32ade02924306c6eb5d19b055ef7
1bkcd6b,AskALiberal,liberal,129,633,be1b939f5c56a3ca91c11ce642c99c0a313bf60468c21556adf04f4c2aa8fdcf
1bjz1og,AskALiberal,liberal,179,1351,05316fbbed4d57ca3e612bcfe451e30d056b9e006fc4db24d721366a6ad6b65f
1bjy50y,AskALiberal,conservative,163,1505,43089e2db68b5414757417a4abef3e5a40779334cd57c815ea255ea20a6dacf8
1bjtm8j,AskALiberal,centrist,262,241,038a13b6c6378d38b96294d1c865095fcda11b1b8725429398b6223665a0a400
1bjlprf,AskALiberal,liberal,180,639,da16019688725d18832858b9db5bc45d42131f6dd4db8e24904a4572348c247d
1bjkg9s,AskALiberal,liberal,117,53,10a1573c321852e12a75f172595798766124433908b7a6cb374e109dfd07b747
1bjkfco,AskALiberal,centrist,263,1270,5ab6261a8d2d77eeeb74b88ed1169a80b92fd5aa220d79e759948ce20b6a7414
1bjhosz,AskALiberal,liberal,133,354,e4496687c719f5b239eb8247007f7d2cf38f1eb39be4743b9608facf6262ddd9
1bimmwa,AskALiberal,centrist,233,235,ead3a28aa240e6c8208f8bdfcda21b82938a6b9484309c7950c59e529e19a5cc
1bilz3q,AskALiberal,centrist,113,64,bf15158bfd6d7668d2316b1d3c9eb40d92f8078eeb79f3da3d9283c6cedc1c60
1bily9m,AskALiberal,centrist,121,192,fe024ed68bf418a746a9920d03d819091ed6c87ca7116a8b68e87d2629fae85f
1bi64t3,AskALiberal,conservative,163,3049,a954a19360fe21c166932e806a95081d38114f0c24b962b794840a109d9e8b58
1bhwm1f,AskALiberal,conservative,129,502,8d73d74889776a2b2cf2e954108b53df78eb9818b963b2880d64a5456c49affd
1bhw503,AskALiberal,conservative,131,561,8f027f23a93dc3b4c0e90e4e82f8adf692be7c41c3d8a8f4f72f539e4e4a0266
1bhvty1,AskALiberal,centrist,298,183,bee7c2b2ce8c3f350ed02d819b81b004cb1a6c567a49f1b1bfa77b8c61d4b393
1bhuhsd,AskALiberal,conservative,215,825,d6ae9086ddc6a0d6166425d17b236010372b352419f64c1b2725ecc2deced127
1bhugm5,AskALiberal,liberal,150,570,1c7e7800d3dc94476ebf833e735c631e61f031b005013296d1c117b47c955f38
1bhqkjy,AskALiberal,liberal,123,123,a76f8b7b85d2c02696cb0bac864e9fc6f7ef008aeee849878034d7eeba00b5fc
1bh5sdh,AskALiberal,centrist,156,479,3afa7d506114a58d01f34d1c700213de34e8095f058733a886bb3c8070e6ae41
1bgusox,AskALiberal,centrist,252,809,3a0ed5161f51edbbfab3e87cd7137309505fc3c5e08f4a403c53c13699bcabf9
1bgilke,AskALiberal,centrist,130,1300,bb5d738aea4b1bf109eda26e71f9aa1b3ca4013270cec2af4abea53362cfaa99
1bg1dxs,AskALiberal,conservative,164,133,1d51e55b5ecb961d46cb26f0cf0d06471aa0f3ab002c344e331ade14e3e3705b
1bfpw1l,AskALiberal,conservative,195,687,d90372edad4d59bc1422bb0739cd458f9f0dcfd51948d17eb3e9aa236052766f
1bet6eh,AskALiberal,centrist,166,157,dd4ca0c4a5070770c0c04274b57d3d54629e8075720342d438d2663f9c492940
1belqrs,AskALiberal,centrist,182,1323,c487553124610047314354393c6763a2cff1d8bce9eaa69e0e44084e1126799f
1bedw1o,AskALiberal,centrist,229,289,dc725a9a517550921a9221dfb08d9f6103cb6ec0fc6da65a0e1bd1cdf396e8fe
1beb2q3,AskALiberal,liberal,120,737,3b7749adb2556ca506eff9507ddb0ef5eecd9f962217911fd57e8acb649ee3bf
1be3qis,AskALiberal,conservative,150,360,5d9af63e256edcdea1764b07f12354d912068e1d6187035155ea3f510f801311
1be3l1p,AskALiberal,liberal,163,2519,bfe0b14fb7460862a0fe9ea542176f88541a15011d9eafec6c6150d1939c9cf6
1bdu8fx,AskALiberal,liberal,139,1070,84ff226b0a35af5bbf3b1dfee58bed044b001274ff9ca1bc3af1f2dbafc18d52
1bdh5pq,AskALiberal,liberal,214,975,3435e4a186e0060cc0120f6ba1901ae0a6bd450811d61f2a0a730675a0b01bd6
1bdf4a1,AskALiberal,conservative,259,228,4ca6f408dd96d4a959a1e036528172dc359d0b8ed5a156b94ed7cca236b6a4b9
1bcltsa,AskALiberal,conservative,163,683,b736cc8726a9895e2bcf5c75ed4e1e086d98841e0b5e74fcb37f32e8afb78005
1bc9fux,AskALiberal,liberal,131,460,db43d207c5d1c25c0fc0400567e94dbc5af37a8fce4a0a90188917c1bd578381
1bc326k,AskALiberal,conservative,183,1932,d03b927fc957948b6b84d18ed0ec8ac8cf97abf7a080c8b835d1fe9166189a8d
1bbkcxv,AskALiberal,conservative,300,753,8c382c12e713bcab6e30319ce0d1f626ded9a9f631d13806468a6a8bd4b903f1
1bbgdhs,AskALiberal,centrist,126,554,79c24594ba797e9e71b89c17d009d9c4af8e2e782bfe8ce2475c8027eab66c56
1bbde8s,AskALiberal,centrist,139,338,b2318e9b47dde4a2156a0d38d2006139257e79b452787ad75afb272f96bd1fee
1bbafzt,AskALiberal,centrist,125,375,5496dc01820b40f5f099b8fa0f4a432cb1640c85ecd5397e684174c2eb48a634
1bb1pbd,AskALiberal,centrist,129,412,395ed63a92b9d5249fe7c676e0a47b818083a94bdfe893d18b98c65dff98509b
1bb0v70,AskALiberal,liberal,115,753,5196ff482d22360d9437c22a6ef4bb8682e279017246fcf9e58f564291df7ff3
1baowa9,AskALiberal,liberal,112,654,bad468cdcba9d8485063431dffa7edc8246869a4502b8c7c15fd1e30a45b6a51
1b9wcxk,AskALiberal,centrist,125,1473,cfc840ce0aa88323ea4fe88c84a7646edad8b4b1ece9d00087e9e8010c397bb9
1b9rmoa,AskALiberal,conservative,115,305,aec31363905025e28a1110750226b5a1008e7e89720d045f09f9b45bced72740
1b9p2xf,AskALiberal,liberal,158,945,c3232d7ca9978c977b3bf15df1430be38d820264fa669ec8154bdb435870eb41
1b9gnh4,AskALiberal,liberal,147,738,7744c6c3f9ee97b9da08eb5e8b59b11bf65af4cfe7140363e85583a0cba5bd1d
1b98kb9,AskALiberal,liberal,131,574,70e69814d8880ba1ad7346b7c3943174b47950dc46a31b8a0142c532b6ae48f6
1b947rs,AskALiberal,centrist,193,644,ee27824739d446a9cf6126573f871d352ba0269ef8a739ee9a3fe95e56c31193
1b8ymyf,AskALiberal,conservative,230,2731,58c975e6149f01eb6e9152a1c53525089c3fd7afb58f624e3c9d2e0ceeed91b3
1b8okyz,AskALiberal,centrist,161,170,9b2ec4fb4e35738897e94210d0b16245a50ed2315eaeb3c441a9822f47558dfd
1b8nsw6,AskALiberal,liberal,294,4569,91fba185f0d30bd23e1db3ccb7459c8cff33001f5a81f99ea2d798850b7c98dc
1b8luqk,AskALiberal,liberal,131,167,1c53a3842442957b3d93118e8fada481cd67df7df8dee7a44b741256381b3b16
1b8jcbd,AskALiberal,centrist,126,629,630a94ba6d38c62dc18becd1d7854bb629c75ea80cbe95645b45886d5515dd8e
1b88khc,AskALiberal,centrist,249,70,90743dc95175d940150a8c7e638057e4c44a20f689f3b1a07637270b82279a98
1b7wspe,AskALiberal,conservative,114,835,998392a5099475b995cc2b1306c0446500b0180a73ebb6965f9dee0aa702f65a
1b7wspe,AskALiberal,conservative,114,876,998392a5099475b995cc2b1306c0446500b0180a73ebb6965f9dee0aa702f65a
1b7i02z,AskALiberal,conservative,260,2576,95763cea440b62502cb036f49a0a6c24515118f9d29bdd6c31420dabd030e230
1b7i02z,AskALiberal,centrist,260,2576,95763cea440b62502cb036f49a0a6c24515118f9d29bdd6c31420dabd030e230
1b7b4z1,AskALiberal,liberal,119,1138,abf805132d3d3d02f043dc27bb4d6ec60c2659fe6b3ff3c4e353e1249641c377
1b7b4m3,AskALiberal,liberal,175,1490,81abb6d9a193b21d5f0568f678b74d884726428d08261b00ce58230d58bec01b
1b71ck0,AskALiberal,liberal,116,1248,568bbb90bf7bd5657a375e3805c845dbf114af5c0e7cf9ee023fd797ac6f8120
1b6we88,AskALiberal,centrist,129,402,a3754aef2e73e83e893f16816461a614931a81a711ed25fe7378d68c8f0459be
1b6v5lm,AskALiberal,conservative,110,2697,758bee7f5024b9a8d186ca886d905dca43729b8d94620d591b7760bb84021735
1b6se36,AskALiberal,centrist,135,588,b34a5995305605fe357f7cf06a2ea46734e2e0b8439d864bf04ad1d3af3c002b
1b6lznl,AskALiberal,centrist,92,1514,f0f8b1195582906aae8b551ca801a5a3232521f56771c139543a053ac78ee68e
1b6kryw,AskALiberal,liberal,206,155,dc5f9a5944b84986e52d5b5dcb4986abacb1d873a164a4a9849e038b0bd7dfe8
1b6bm36,AskALiberal,conservative,160,66,e71ea5a348b1a95dd11065bf451e54efa484e5b98e4c87fa1034c11866bb3ce5
1b679d6,AskALiberal,conservative,149,877,7926d327a206ef10ca026c0d1dc7433d706c5f93f86531183bd89a213ed7d034
1b60zod,AskALiberal,conservative,123,144,908ee61a36573397472554a2aa9f7f0b89955d3a45ebc2c8a75fa9da91d27afb
1b5wt70,AskALiberal,conservative,132,1642,6c5c04b79c1303eefe8bc6f1dd39a603cd3dcf0e8530a91e6ce73f189efe679f
1b5t2ni,AskALiberal,conservative,145,399,f4ac99a186c9a1c9e215ad0baefd41a3abb16ce6124b40c3e820f8ad781021fd
1b5rrv5,AskALiberal,conservative,138,872,6e7db9bc4d36a876184611e1fcfc5bdcf42a4ac76edc95458e0a327d2d4c6f74
1b5e9yb,AskALiberal,liberal,128,494,bc26d530cc127a86353459ee89e6c5d23ff806ed3aab10e3d7ad51e39127d0c3
1b549h3,AskALiberal,liberal,158,433,c18589917e06e33eef89a9f7454a595a0876e9cac440303790b8ee2bc5d85c52
1b5089s,AskALiberal,conservative,237,1614,4af2cc680edeec47f22be232342445e75ff23a0f60b3193e41f6c6975a17b796
1b4pxuv,AskALiberal,conservative,268,361,53c8ad741fd9a66b0889fb2c3d34f434cf35d96dd86c9415eaa78cd468cc26d8
1b49epe,AskALiberal,liberal,160,453,a832d037258a3752088fc8ce55a422f837ded6ec1cd101ae517cc517b5ab1276
1b42fyt,AskALiberal,liberal,179,882,2e0221aa583cd109bfd64b2fdea0d734990d8d4e8b59ffa0432d6ca5008623d2
1b41kqs,AskALiberal,conservative,236,3133,1a51ce9dce37001780a87f26ec221e6cace023145c8f789ffe2116cd262b1fad
1b41kqs,AskALiberal,conservative,236,3091,1a51ce9dce37001780a87f26ec221e6cace023145c8f789ffe2116cd262b1fad
1b3yn13,AskALiberal,conservative,267,328,35992ddbe15fdaf816380429fb2e4221fb4846c00b155673b1e4021e77fba617
1b3y116,AskALiberal,liberal,147,515,f5750f43608bb19e5e9a8feb63120d4b7fb483c0e0da88e46b6b520c24719582
1b3q1hm,AskALiberal,liberal,278,703,b7f3dec47688cb464d0ad9d3bd3f8a799d981bb1f308557f5fe95ce7b2a72038
1b3gel2,AskALiberal,centrist,142,622,be6c12e951ef6a9ddada7102a3958a32be27587389a47b23c82d772d3079df03
1b2paxh,AskALiberal,centrist,108,345,9cdca74b57dc13ac274e69cebee4ecd04c8bae248d64061185e0dd4290723a53
1b2k5ry,AskALiberal,conservative,299,1530,52694bfa8865a1e2be7d4c68731a30bf754b4baf71cd1c5c84f5b22d33f60ee6
1b29e4v,AskALiberal,conservative,257,2672,15fc02ae8b7f6a3e2ed0d209ec05039f27b2a61713b33581995f096357029777
1b29e18,AskALiberal,conservative,257,2672,15fc02ae8b7f6a3e2ed0d209ec05039f27b2a61713b33581995f096357029777
1b1xb7s,AskALiberal,conservative,124,96,2a3df24dbe15f5e75fa89baaa396670021d2fc37c78f8bee9692ad53227e5fe7
1b1wq59,AskALiberal,liberal,167,393,a6937d9df9b634b9e80af3895c8f93196c78340b0d7c50ff4a531b88bab6fa84
1b1qwht,AskALiberal,liberal,149,346,2cda78864e6dd8ab0b4d038d1fa514b8c50e8fd50d823bd2c825a16aa71a2467
1b1qwht,AskALiberal,centrist,141,338,f4a593b21842d78c97ec2ad30e50e1fe83e0357f36388f52686b347b2eff1cc8
1b1nj3n,AskALiberal,liberal,126,1102,5bdff9ac3a2ea7796a5f35ae1d4579eda5ad23099a763ceae36ec241b9022fff
1b1hxzh,AskALiberal,conservative,177,303,a1c5662d5006b8a2e3d9301c409855ddf63cadf5ef601790a984bc265086f014
1b1f2en,AskALiberal,conservative,297,231,e01820b48d5a4915d8eeb5415bc93e2f4205b59ebd62c1f844ce497ec7317f59
1b1b87i,AskALiberal,conservative,167,226,4bdcbff68ca2945d00df7bc3bdc29851f273af9af7046711887c6d3a5162fbf3
1b1azs6,AskALiberal,centrist,170,1095,e70958ec4a46e00fb3c7c74a608ae5e01f2ce04d108d8fa4c4812d5237c07abe
1b11qno,AskALiberal,centrist,152,239,a3cb05e75acf58fafa54d71c619584db579bffa52bffb8ebdb945bde80df1c10
1b0z4hz,AskALiberal,centrist,146,45,454a533729398ffdd227ee3c2e60a98d0d2af3829ce6b1bad86c55cc42225d17
1b0r5be,AskALiberal,conservative,286,883,cb6dd5a53599d16329c3e77ba041ffb1bd50f6d2eb2683a7538906476c1c8a91
1b0moal,AskALiberal,centrist,142,218,20867794a678ce79dc521dc31efdaef2ff6698e7e14507bb5025c8d6f8aa1488
1b0a9tt,AskALiberal,conservative,146,291,3b919737f5f7471941da5a4b3dcb30993eb57d63943a8ced1998fca05d8214ec
1b08qpa,AskALiberal,conservative,271,567,dd040e68621bb9a7e04bc2b2253d92cd9f57189aa2c5007c320f59e5f91eda9a
1azxhkf,AskALiberal,conservative,145,1584,6bfb127241909b33376962c4ea6ddf65beec91dd91148286bbc52fa439be766a
1azokep,AskALiberal,liberal,271,2079,b3c1f446dc68fd123e8e16095290365b18465a01218761b17de5eac83d023975
1azfgeu,AskALiberal,liberal,194,194,19649506e19a156079dd32e3dbb17f52c240e1b9be949a34f81444a6e2754238
1az3n1y,AskALiberal,centrist,182,181,c69d8761f9ca34af3020b5c5a91b0474201d07f45ecde953c4e0f6134cc3b3b8
1ayx8a9,AskALiberal,conservative,160,3886,d11ad36350e6b23d0ae1282c7605a2d8f57ca3185555a3ed71be9dfc4abfcc8c
1ay8eb3,AskALiberal,conservative,162,1086,b8fdcac3bdb692004862e5f192f1e0a1553f3de8ff891f9b14c4ff81c27c6316
1axs580,AskALiberal,conservative,135,370,89c9065e92175fb7f9a67b06bb3557f4f4cb93ab8f2110e9cd89873f93f60f2c
1axg9yd,AskALiberal,conservative,241,907,e7ab5ac931ead5f647eb681646e38167948ae910cc0398dd36c171d113df06e6
1awzy4g,AskALiberal,centrist,125,473,fadaa6c326934451a718e925f752545a8a90ebf4d45e034171afcd0228c0033c
1awtmw6,AskALiberal,centrist,131,212,5dad014d233e9cc7f21fd8f41c076f29024f70247441944334947395d2efc9f8
1awlx2n,AskALiberal,centrist,107,142,ab8956b2c039ed23bf8be76aa870d62fdb3dce9f489d35cf077182004c1f5630
1awit5e,AskALiberal,conservative,127,2517,fb404967521782389a78651b696f7ea3613537631ccb663b6fd9395024bb656c
1awiqoy,AskALiberal,centrist,113,91,8b9b22905d0f05dac1f26bd1ed45bfbde39a8a094c241cd14b6f08dd8c027660
1avvrp5,AskALiberal,conservative,294,2370,e07bafa2946aa41eef0b76d0e1ce92c91760b096ee9d990559572d5a6485b7d8
1avth87,AskALiberal,centrist,200,553,ed1434b6d5cb24f8de197354d0b99d9974c3d991d8c03856d1ad674dd0a95994
1av6ecb,AskALiberal,liberal,225,552,9caf823a381d79d326579e8a66f9456e8201354a2a241a066540323c442f41bd
1av4yx2,AskALiberal,centrist,156,124,71b7601de6096020d889a39c919ebde6e8a673c0530db34901f49c86d42aaa5e
1auzizk,AskALiberal,conservative,143,260,ae80f07070199f2a2b0ea674c96a197c27a9659deee6f1725e0160e133cfcfc3
1auxeex,AskALiberal,centrist,281,1719,857c07a3782abd53b6cc2d197cb9047b822cdcc44cafc0388120f25d57037208
1auxdz0,AskALiberal,centrist,154,738,1a457eedebb1b445dd441f1a6ad9ab74d1aa32dac899f3e3ba3af51758131709
1aumvhp,AskALiberal,centrist,117,105,2e40aa7fb62e9589a0f0c4befdd3168a60fa6730a78eaa326149c076f8021264
1atndl7,AskALiberal,centrist,147,270,69604ccff67d81a2b416bbac84ead7423985313b3f6deeae2ad11280ce026a81
1atlld8,AskALiberal,conservative,175,683,51b94f571a598a160c890fd24dc6d34a4fbc483ca9b4f6e38cb0bacbf38395f8
1atf5yo,AskALiberal,conservative,189,710,8917cd186551307592aa00b8b6d312c9a96962a878a51b0cf132bd2317f07c87
1at3tsd,AskALiberal,liberal,294,728,02b607ed333b5ead4c9ff6cfb43e354cea1375ccff80e587eb2fc8af57a9429f
1at2nko,AskALiberal,conservative,154,446,a33ac5f0943e58851f36efcb43f3b2e94966d6ffb7f4433081af98fa96ef41da
1at2nko,AskALiberal,conservative,154,439,a33ac5f0943e58851f36efcb43f3b2e94966d6ffb7f4433081af98fa96ef41da
1at0mkf,AskALiberal,conservative,129,1469,69e89f11de4664eca29b2fc2fdaa156533d9bdcea9b92d1b97f133c063077de1
1asnbx3,AskALiberal,centrist,114,223,be7316c68e9f5bb40e05da88e56219d6f57d71c5b806d51c8bbfeddd8f6be8ba
1arvvog,AskALiberal,liberal,136,190,cb57e3c89602bf1cf6d0402ca2c9c3f2e91dfeb9c2dba7b63b9e3f72591890f2
1arurky,AskALiberal,centrist,130,117,274ffd7a7b8697025a6c9c8c2534ac7bab6307be5022d28d358a0b9efa0887b8
1artq90,AskALiberal,liberal,106,309,e412d69666d69a70417e229377c6fa177c836168f47ad1d54c123c663e4f4746
1arkwoh,AskALiberal,centrist,278,3420,3108c2a9e7d0605ddface27d41fe83062fa52be225977183d5ed925365164fa3
1arjjgl,AskALiberal,liberal,151,153,bb64d30ad35b45c939f272683fb9cbb0802c83c91b9ae4791890539fa0cccda6
1arjg2e,AskALiberal,conservative,112,886,90cce5494b0d0e0a8d98c9936d8eb37bd6b3e05cd6c58ba316ad11527c87bfdc
1ari4lk,AskALiberal,conservative,150,1699,d8a0fc29c32f6293fd11a20334fa8e7d2ea45483eb550ac9280aab7d4a494cc7
1ari4lk,AskALiberal,conservative,150,1634,d8a0fc29c32f6293fd11a20334fa8e7d2ea45483eb550ac9280aab7d4a494cc7
1ar4yps,AskALiberal,conservative,172,319,5878fd0ca6d04445d5c164cb0cf94b87ee67cd541d9f076151ee49fdec4ce992
1aqu9nk,AskALiberal,centrist,142,258,54b080502bbc95d2ab9365d425192b8e44c6d5f6d815d3d0cf20209dab9cd1ea
1aqqt5t,AskALiberal,liberal,192,1448,f439c31799ad1bacee124f3e4c800616a2f591fa53b1c459f052942d103e45f2
1aqp9s8,AskALiberal,centrist,293,3188,318277a300e64965767a28df5e2c91ea4e4b3cc0659dc0cc6bf4797e20a85e26
1aqdwz5,AskALiberal,conservative,117,474,7d9be1cb20a9c1580a7c05943b0eec46c4d3bbfdc6fc6b2142cbbce33bcf3d8b
1aqb0tc,AskALiberal,conservative,139,1558,24b9dbc87cd2e01abb6e8f1720209f4c4ac7cfe4f4b6bb9ffd8307120d05277d
1aq6mt1,AskALiberal,centrist,272,840,969588909e550631d38d90257668ae6423e759d2b0370675af6102f959f5ab4f
1aq3jtk,AskALiberal,centrist,297,200,02b565cd64bf3313f98ce94e4387c5b3cc28fc3429ddf0b1381a8d5a5fa7b42a
1aq2nc3,AskALiberal,centrist,186,523,437b648ff75cc86bea5b90a691d5923dc6b397a0de94a9fc646b8faabe109d2a
1aq1rtv,AskALiberal,centrist,126,394,45750c55166c30994215a86578a0b4b3b9c0a43054ce1968b4e543fe0b5bdfee
1apuev4,AskALiberal,centrist,166,198,eaa1e8379cbb7ff88c519ad3083ea2b29ceb369b43664248722afc6083d7602e
1aplpd3,AskALiberal,conservative,265,712,ff01ebc02cbdae05522e969b92d0910e2e96aa9ef567e2c8d6789c3bd683ac27
1apggkq,AskALiberal,centrist,138,679,fbc18af428d3b33ec6eddacc33eacfa5b8e8348442bbcb90942d7134e3e67a99
1ap8vsk,AskALiberal,centrist,218,1578,1742067273e9a5a2bb1c6851d136b406a19e40daabfb0588ec0928e0af48fd59
1ap8jqz,AskALiberal,liberal,211,302,0f6893b6d4fe5ced2e008408b08d6866b92a5170cf661ea8e25a4e0e1bcb07bf
1ap53m1,AskALiberal,conservative,139,2140,3aca07affad5625bc8704b7a6b09ad66d2b03bfb1e0d829fe9494a6aa0374c9a
1aoozir,AskALiberal,centrist,121,203,fa0b481e30574cccd6add9ceab6607be34c8e2804445ea8c91196a74d11a0dbc
1ao5w13,AskALiberal,conservative,138,1031,c7018c11cdecab347ce49a05502df0ede43d26866c9faa94ef962e6743fd1842
1anz2qv,AskALiberal,conservative,139,804,941d9f64f5d8c41ff39cfc0b91f6a70c7f1598a36050b8a5bc7615873c0b46d2
1anycdd,AskALiberal,liberal,111,471,6db21719d90c0e777e01036ab40d7281dd5ca1019d757c1858340bdc8ae606cb
1anptyn,AskALiberal,conservative,112,1275,1e900c3ec1b4eaa938ab8a50927e17996f40d93a560a335bf2691972a95af3da
1anondi,AskALiberal,conservative,272,721,748fc646cea2cf2c0ab4ec0efb743e26d050da82119f71ccef90870cb999f484
1anhdu7,AskALiberal,conservative,238,1093,8e39ce7be52ebbbca6c5be42b989c1d2569acc49aac7ee1158477c9f96f1b6a3
1ang8vo,AskALiberal,liberal,126,998,a69f9f5f18437558bce09a24e38c1a29e862c2ed564dec6d599af500e606be84
1an85b8,AskALiberal,conservative,146,492,d1bbac4e51e9594f939a3a563ca54393a0f4849e5df393651fdd8b26a297cd02
1amuymj,AskALiberal,conservative,172,847,10547987fbfd8907b23c9f6fbb1fd1546ce2f1e546af23e4a859745f496745da
1ampf8t,AskALiberal,conservative,154,212,30be235c1f456b24d56988c50e2dff6de7d3141cd710959d17653457e1f98261
1amp5nh,AskALiberal,liberal,179,999,a13f186fb18270f6f6591a86e707e35af1fb9526e5b6e2380de504badbf436c2
1amowzv,AskALiberal,centrist,205,152,fe64f6b7802ce3e47b7bd2fafad0d45d04dd61d3835d4e6d6b4d3e639a4b21a1
1amnduw,AskALiberal,conservative,166,481,a61562f73a93f17e1a4188836930076f6353726fc02618ce14c9ebe7de18f5af
1amgt7t,AskALiberal,centrist,164,292,ddf3d4e96dbcc36892a91e1eba51df43d63dbb72ff693e07a32272e5c5be584d
1amcgec,AskALiberal,conservative,135,124,290e75d3ba0b13c30fe73a1bce7c3de7f9a1b5e93f72ba1634d285948e69dc43
1am9qlb,AskALiberal,conservative,158,3510,08986950e64bd7a80e77c1c0621897e6bb6f1c642f800d0c6b9f85e4b2790426
1am7x39,AskALiberal,centrist,113,1733,3b5470ae810faf4a3140c06dc3a2fa13ad94a3285729624406c5a85db6835c2c
1am1avu,AskALiberal,liberal,177,510,68d6a14f7749338b4049dc1e3855a0ca5bc14873ddbe79f8105d20b123d41443
1alym78,AskALiberal,conservative,190,1275,2c88817480422ffa9529c44c78e084777ce227817c5c962e35afe5b7da36a6c1
1albows,AskALiberal,centrist,150,224,7fbb9495725c0b87b23d1ccdf7b4217392bf26e6dff3f8ec00d7be03d938e858
1al7rkp,AskALiberal,liberal,98,778,ac23fd91b3b5d28fb650c43c107dfcc0cd8d24ff14c4462c4c498b8b88fd0af3
1al4tap,AskALiberal,conservative,280,2189,c9cf2e3eff743f94e2fb7b7b887a539e86cee045c636f765cbced48b7da8fe95
1akyi9z,AskALiberal,liberal,134,1486,d058f60887fdcd57e4922481346b6f63098bbd7d2765f193d2b41b404c004a65
1akiv5n,AskALiberal,conservative,176,6439,c1fb79d632f4f6f25297827b1088d8702339ded8cfd23f09bcb99f5c4213d369
1ajthcd,AskALiberal,conservative,201,487,06730fc7f03d404b539d3189315c40ef4d5eaed963bee562ad155a8bf78ffbf3
1ajqway,AskALiberal,liberal,122,664,3908658516f7af77a77c0e5b2532d9b65fc3414e1bd4196274e762af992ec8a6
1ajosxc,AskALiberal,conservative,107,868,8896e7b6799c85685f82d42346e41c00b25e38a6bec5948525669ac1778fa5e0
1ajoe73,AskALiberal,liberal,240,978,66b362ea85c8807ea3641bf87b0733257e9031085c1d489cf39d652d37201dad
1aj3wj6,AskALiberal,centrist,146,580,bd76581976b08a64172268d20be2fb5ceaac289c4ee9f438c5237620a9530ad9
1aixnb5,AskALiberal,liberal,125,152,14590be93b8d55e5b7561f0d4b888260722c05c90a878f0a7c2823ef462e1f36
1aiaiiq,AskALiberal,conservative,145,1699,98d8016fcd4a0133c7c241e914e3d8b20c5c0984bd5f0f6abe2539d37a226aa9
1ai27s2,AskALiberal,centrist,154,971,db71ab6aa4b125172b5cf5fd6327dd9ae9f00fea6db297684938590e8d80e784
1ahcrmz,AskALiberal,conservative,283,221,4ae87e5b63ad6ff53d1450402d673404224eec0cce6ca57cb3914371df344f05
1agk4cm,AskALiberal,liberal,139,1308,9ac597e0c6070244afa52b82977a5377ac1eb078255c72243ac001b19403cf3f
1agh6ev,AskALiberal,centrist,124,94,a580e2bd3d4ac80042477d79fffc97b90f39098d44a945d765ce54c6f63b97aa
1agglt6,AskALiberal,liberal,242,199,fc94dfa3df0f693187677545bed2f63daef2697de4358c38a70b93c5354f0f20
1ag6h0o,AskALiberal,centrist,148,84,ad4958033a8b0a1671ef9b2d4de43328b9360bcb2cfe8429c1bf9233a779b6d2
1afxfkf,AskALiberal,liberal,135,1552,f2fe28be777b5fbe0e7d343ff919cd79aff6753f91642993e1301278af7440cd
1afpch4,AskALiberal,conservative,259,4368,35d9b2f92883837f445297784705051922db6857d9dbf607ca640074ef01f927
1afleuy,AskALiberal,centrist,261,1792,a39ca879249198cb3f49e7c0aac83245bd01a2f8e1fa74a1f6c5272749c16bed
1af1me1,AskALiberal,centrist,131,975,4b22ca587c97075815ce9d5ab7c05de7dd855872b57dd51f8c76e59e28ac343a
1aevvuk,AskALiberal,centrist,263,6738,d4120b0ac0b61420a868d46bc70e6adb3739d8eeac4809a705f9ccc81eb5f150
1aeraz0,AskALiberal,conservative,114,329,8934f280dd2cd3adc74eacd3e0559bf3ee889198b523950897071934b4f5e89c
1aee5dw,AskALiberal,centrist,161,127,7ea018c5e258f644140909b0cf248e03db47f1d9c7555c38d641c75253bf379b
1ae002y,AskALiberal,liberal,224,1048,f147cd73a3c3aa50600a7211e6c034e561a1952b5f3b69205d83deb54652753a
1adx9ba,AskALiberal,centrist,139,282,ef1145dccbbf583f5e3dfa7d8f88d6bc0cbfa039cd68068114ff73cf1a69fdc0
1advi93,AskALiberal,centrist,284,1702,c2cb1114b6753500b7e80ca05a6d5f7cf5dc9647fdbb55e3e4bd7f7e960e5bf4
1adq3x4,AskALiberal,centrist,135,1259,c3762068ab184cc264f2f47c0aa9877483614444eb4ab17ae54871a1860bf861
1adjxxk,AskALiberal,liberal,224,1891,9ec65f69ae9b4cc1323570088a963bff4acf5572e7f0a54422f4b26914b5d359
1ade6u1,AskALiberal,conservative,175,722,43a0c35b708b7b1541b55c6382b5279b040245fbb3489c94f837ebdd607b2c20
1adbhb0,AskALiberal,conservative,137,1436,ef67f4dbe76f77eee255b7c4a3e1789471a158a17e701d37d5caafafba85f186
1ad8lnd,AskALiberal,centrist,137,523,a8432e779cae6e6ce17b7bec584e60b57ec170b7c295e1ee8255393e89bb2644
1ad26y1,AskALiberal,conservative,105,964,2902664cb6001a00dbbbb3ade0d955a9fbd05b6a50a148392642bcca9c3a2ed5
1acijry,AskALiberal,liberal,116,613,08c4ce397c59716516ca9a2a17bc6ea22af9b4b2d4786a319fce7bc7e38e5db6
1acecck,AskALiberal,centrist,133,105,e15b63833f72c19df47b9bf18a5314d8b4fc58d046e8b61cb74840511ef5df09
1ac6drt,AskALiberal,conservative,294,493,f7217e620650d9686d18101677d365821ef9ad1ca61ef7c86335b2d05109cf6c
1ac63jg,AskALiberal,centrist,299,430,7316df8c42a3d4dc7d8e53eb324464454505e3989eae4a3aa5a667eb16aa532c
1ac0xok,AskALiberal,centrist,284,3712,f9f0df8bd80141b539894f54736072554f7aa36b97a286b0a8a5f23f9eba4e88
1ac0xok,AskALiberal,liberal,284,3479,f9f0df8bd80141b539894f54736072554f7aa36b97a286b0a8a5f23f9eba4e88
1abr7bh,AskALiberal,centrist,227,766,f316c997f5fbedab57e5835d20a23372b6df6f3f7818d172630bbf86495907d2
1abn57j,AskALiberal,centrist,199,731,bf5f58de93d94e4cbcfc74dddb51f85003e73cda7d4bd3d68fc7a9dc2cbdc107
1abdxjv,AskALiberal,conservative,169,770,40708443a5bcfe8c2b61f6c5e2ace9c2d30a95bfcb4200cec323b7bcabf9d3ce
1ab7cvm,AskALiberal,liberal,111,630,04a43e22ee71bf507966d55139e6e4bb1c2fa0902306daf81954677e8a0c33a4
19fmo4z,AskALiberal,conservative,114,690,22d781354a9450bbd50d95f8917909f6e447d723dbc654358a8f0c2e59c57a33
19fmch5,AskALiberal,conservative,177,163,2c7cebb2dfcdb6e62ffd29d6b2cc62268e7a5ff70352a1f46efa998e63dfddf8
19flwvq,AskALiberal,conservative,172,729,2ce0ef2e23f384a68c84025dbd7b30c8421816d347aae4b4d639ebac1d18bed5
19fj9eg,AskALiberal,conservative,132,181,a211534285728af460ef840a1ee293ac58bd89f617c53ade5266898628f8fa1d
19fi7tj,AskALiberal,liberal,159,962,2292c52123fb09614171f55e1bcbe0167f83ec8d61e1b1375407a60d9000c049
19febxl,AskALiberal,liberal,139,2204,c5213931258b70c9bd81190c2427e2be98004a3de2b85ec679e6d9689498aa6e
19febxl,AskALiberal,conservative,139,2204,c5213931258b70c9bd81190c2427e2be98004a3de2b85ec679e6d9689498aa6e
19febxl,AskALiberal,liberal,139,2199,c5213931258b70c9bd81190c2427e2be98004a3de2b85ec679e6d9689498aa6e
19f3kqo,AskALiberal,centrist,221,2669,29dffaabae98c07dcb2b90e0c1ab798fdc4a9c2958aa92472cb71332bf0cf879
19f1p6j,AskALiberal,centrist,147,262,aa4a523f689b027a0d009fedbc29bda0c77bba354474857f8c4daf28bcbb9d56
19evvva,AskALiberal,centrist,141,422,67e6df961e008a27fc427d26012c8eaa50bafa2e69bbadadec44b4d3fb0329ea
19ev5s0,AskALiberal,centrist,226,635,117668b284a85c9d708499cf29806c0eef5cd6f3deec04a3b07386f32f8dc5c4
19eiezu,AskALiberal,liberal,137,586,023ac3d3e0069ad3f6c7c3a3bfe876d200c632f3d2f9b952af414c911e6e5a1e
19ec57i,AskALiberal,centrist,146,1177,08e31cf6ccc28a1efe679d9f538ee2a49a7139d44d52f716af55e09c27e14bfe
19eac5m,AskALiberal,liberal,109,371,14d1388fa26ff75b088772c694e76fde1df727d03a99cb00b8edcd296ccec566
19e5s3a,AskALiberal,centrist,124,2035,82e08b5117e8c2a8dd83f317e32b229f25db98d8da2c6c4076d406964db8b844
19e572a,AskALiberal,conservative,113,585,b5ddba66f715c5356794d4ca735b72e1b06c2e46e8da75d593b0ba692e61f81f
19e4emj,AskALiberal,centrist,179,1511,8cf8103ed59c2833bf26351913ba2f2bb47782103b5753f5bacb482177b56359
19e1s9g,AskALiberal,conservative,149,159,3932879c6ffdbed2df9e7a06a1025263ff9460bed491761432679041b0748e81
19dylkb,AskALiberal,centrist,125,102,577e434af45a783eb6b002cdac5e83748f527541ef77e706bc7300d5702a50a6
19dxk0b,AskALiberal,conservative,120,363,cfee688049d6d15dc54011570d6dc040f8c37ec98cf0fcb04af892e9f1ead431
19dsmxl,AskALiberal,centrist,142,3722,8534fe6f3a626f08a568ec3130499b526bfb6065230d5c539d4e94c63c69f6f4
19cnmh3,AskALiberal,centrist,124,379,6d16979e21277ab7df1658b548300c0dc00bc58b113f5d9cad3274a62bc6dda3
19bwnfp,AskALiberal,liberal,133,58,e0a48d99950ed01d87f5e763ddea440468a64ae6e99023f545153be38c251f51
19bsrhn,AskALiberal,liberal,164,370,7085b5a8767c7ce28c77114b0a219a347441e437e529ffb5f7e1bf3e63ff952f
19bkiz5,AskALiberal,conservative,144,1697,3b6ada55ce03c7449a9dff33042a93f2316bd00593a7c9392ed1898cea72e5ba
19bjq0l,AskALiberal,liberal,124,2010,5f9607c103696ef7f7762764e8ca2a6da6cf1852f350bbe338e81e41bd3ff5f3
19besjm,AskALiberal,conservative,144,188,e1866d4396f105b8787ee52f7c45a905cb606557f09681d13c36b0a9622078bb
19bcl4i,AskALiberal,liberal,145,3426,2da791f26cb6e2b8c9561926447967d630a1f8d556e33e3869bcce14e1a46e5b
19b9xg5,AskALiberal,centrist,185,562,f9283c7bcb15ddfc980ef326023c91f72e8d12ec640ab24b1f04dd62d7930f9f
19b32rw,AskALiberal,conservative,143,636,fdd07905cb37100e9dab83448290079a561862cf0ac564bab437ef759818f706
19b32rw,AskALiberal,conservative,143,636,fdd07905cb37100e9dab83448290079a561862cf0ac564bab437ef759818f706
19b1jld,AskALiberal,liberal,166,597,13f4157324d170e3bb226b0f761aaca575c015f29998ea1811d66385014906a3
19atp07,AskALiberal,liberal,127,300,62f04cf1051d094fccbcee6a99d568ffa947d5049f3f96f9ce7460df13ad789e
19aqd4l,AskALiberal,centrist,219,3060,b68a3e72e5bc814dd8997e7be494cbd3ff9e0c1d2b2db2763b9762610a6bda00
19ap6fy,AskALiberal,liberal,302,1566,441657f0d86dcdeea8fd7d09ce7f11f47f51f2828338815116588ec9aedcf750
19a4o7b,AskALiberal,conservative,235,1513,0c6682a17e137419c3683b7c3bfc98b925cab1ac67c1f00848a0089f456c2bd3
199r6i0,AskALiberal,centrist,167,178,69b5e3277b4002c1baa397290e575dbc4aac9e88019da5c916b52c23d86e7438
199gl4i,AskALiberal,conservative,175,830,6e6ac3c8177b663a34c017b779bed6e9f6f6de3fbd0e2dbc512846e770892c60
199ai18,AskALiberal,centrist,112,293,a826062a91f0ef94dc1c3d5b19d7633115018fa94a750715a1c36efa83571214
199afe8,AskALiberal,conservative,114,1048,29c6ac22db8a6af96830799984304a581d2478b9e9c1e24f24a75bbe35a79678
19986mj,AskALiberal,centrist,168,886,2c062ee8181e221094bd971c695a0758b0e01fcf3d0edaba78a2b7072d340c15
1995vpi,AskALiberal,centrist,246,4459,515808b7a9d5c14abe4a4beb2f54a31e96b9fb3b7103d58fe3f21db0d207dcce
198mykb,AskALiberal,conservative,184,2955,5399d32518f2301ff42d793a0d0d4cf283116cf22ab13d8ff95b51c6288689e4
197pjwu,AskALiberal,conservative,122,645,bad039a2cbd78189dd9d0855fed5225680014cb2e0324e4902aaaeaead07ca6e
197ix2m,AskALiberal,conservative,187,1423,d4b53e95fcd22ecce403fb708441b5e9d4b5af43d7ad1957a7625edbe66a7fa6
197iqu6,AskALiberal,conservative,120,1684,3a8251423d79cb3b47458c50b500cf3d84deec608d5cf4b85444d9f3f92e89b0
197g031,AskALiberal,liberal,162,946,80b69606df02b74d3605fb086dae9044492abcf2b5489caf239dce1188b00f11
197eewn,AskALiberal,conservative,135,1885,3bd363926577174d0b7fc8289d06c2f2214e64a608bf5b51076d113dc2b99cc9
197e89a,AskALiberal,conservative,123,1070,3ed0c55e6e1d93ef9ebc003d2e7fe088424abdd33eb261c13abc166fa3101baa
197e5h1,AskALiberal,conservative,131,1213,f3c47c7ae437572536d30471cc40ebf52f41bbf6386d6c1942c2c7093c3575b2
197bivk,AskALiberal,conservative,150,367,c86a2b1c6851960e03776bfb0c759eb6e593fab0a6d610aaf27c8e6eb7f94ee8
1978fgi,AskALiberal,conservative,201,1373,8a1bf04dc6221a26c242a8c6fa81cdc4236e243586f8894c38749820ebaa566d
1975jt1,AskALiberal,liberal,154,1282,c30be03ac0ec36517d065dade5f0c169094695a9389ac9f4cbdd1a10c5739806
1970lwv,AskALiberal,centrist,119,66,53455189209df0d52e2dce6112425eca5b61ffe5471da7b63a9ae45a61831a85
196yxpt,AskALiberal,liberal,111,1218,98d45542093ba3d137a2f57b48af99a094f32ae8daf5acc2df0d576822aad985
196yqsj,AskALiberal,centrist,180,883,13489432b172aebb281600e3ce56deeb9e6aeb04fa9e14cf220566ab265a4830
196s45j,AskALiberal,centrist,120,1421,23b6d41fdf71a401fb07aafb12861e0b62442d461220a9cfed6fa02dd5c8c4a4
19678zn,AskALiberal,conservative,193,1142,09dba7cfea3e5af9803a57d8f0b792de704ea0afbc2099ba08a5bce386c5b2c2
195z37m,AskALiberal,liberal,145,2369,4e859582f385acb999ddee2c5b048e1aea21de470a26bacb4f1f7b1aa3fe950c
195wkhn,AskALiberal,centrist,196,376,7ebc2912fa16c87f498e15d4a8f89dc4af811445f17604903e4ff36933623a33
195ikql,AskALiberal,conservative,136,652,22cda5c2886cddaeff61564a44e3d377272ef5716a04926eb99ed7ac16edd7bb
195dnwu,AskALiberal,centrist,117,136,ff16d3c4570ce0cb29a3246f4e8fe54761e5b415c55b25828e2516fbc317f74d
195cwyk,AskALiberal,conservative,124,759,d105fd07bd3ab9d05d6c069cb606cc7eec50dd1b83abe48672e62627f5fa6f34
195c8bc,AskALiberal,conservative,117,986,480a0a2d7e7ccdfad3ea85484d000097d1a86770d828b6c9ab3824bd0c8b559b
1958ssy,AskALiberal,centrist,129,941,ce6886153d7a98be42913294c04e055850ef2eb9d1b641c3d64d4ffac3ef2b8a
1956yac,AskALiberal,conservative,281,1811,5e5be89dee98438f7cdbfd3cec468c90fc6ab60afc26eb50591dd79a204d12df
1955ooj,AskALiberal,liberal,111,691,bf82671c95eb6e313b1a72858c1810c3cf8cc332a1ebdb158591706c6e97373f
1954520,AskALiberal,conservative,146,484,d756a184324443c552489f930aa0d73e507d4069da1ca21b71a3d8d83791e0b3
1951hq5,AskALiberal,centrist,136,2946,51739944ca15b2162f547b25ae7fa57e0a72db04b2e8d71393f6a48f1fafb9e6
194t3li,AskALiberal,centrist,128,249,b8676ba0fa850136f984cdd48c41fd51d1989cf9dad58b45cc25c52c5398b459
194slvl,AskALiberal,conservative,167,518,34ea5c85eabb8d647c6f2cafd74019100445cf29b8fe80d4ba657c1101444faa
194ndrr,AskALiberal,conservative,236,348,22a5d10cbf73d597e960f9fa5a023efefccdc417b0f457d90e710d4b36b9a559
194lrrp,AskALiberal,centrist,215,505,7c9f364e78b161393c3bd606dede0f3087bb12364a7c1c4d095d5819308916ae
194kte4,AskALiberal,centrist,135,318,74594cb5cdd1cdbc6bb6ab7df102f26e0f00656f14fa127b47d7b3d0dc92dc35
194d3ry,AskALiberal,conservative,144,1013,c17f68d108b4503e3fdd7ab8e867f08d99c9c6e0f1e4c40e68d15326fa076098
1948iwz,AskALiberal,liberal,161,236,d6174f13a0b573e3f7726aa5e6eedebae6f40e057ca2bda3799eec846fa50800
1948iwz,AskALiberal,liberal,161,236,d6174f13a0b573e3f7726aa5e6eedebae6f40e057ca2bda3799eec846fa50800
1948e15,AskALiberal,centrist,228,592,e9a289a7dc0f98a2bfd824c085f39a9b06849ee3437cc8ae172ad311391be5f2
1947qix,AskALiberal,centrist,172,1930,3db92871e93afe730053890f7bfa0724171d1afbb30a9e94ba7fb5ab4a1b81a4
1943fc8,AskALiberal,centrist,126,89,f26d526daf0b9e1514adb2108ee8d713b334d89ddef589759983790abb2f0b74
19430na,AskALiberal,liberal,146,1551,18683bcec6fd054d2c24b10d14b0c0ac7d5706b3fc0cf8f346c4a8cb6b43e84c
193ww08,AskALiberal,centrist,129,123,2084bb0a429fe7391b4e12f46211fc398b2e8a3425ac9959e15452dc4c39bf98
193stxx,AskALiberal,centrist,124,655,a5b4e4574595ba9cb96621f8a93a5087660652ca8219872cd0cb9897c555756f
193s5zz,AskALiberal,centrist,170,178,727b1379afc6f0f9cf7ef4bcc6e66adca3661df69ecbd907c372a3d0298a901e
193ll2g,AskALiberal,liberal,224,673,23f49edc0e7903796c63500c336319f70d8af9bbd0e834f0018050abe097c228
193l6r5,AskALiberal,liberal,189,557,cedcf269007f291ebf74478744f1890c3eb744ee5f9b329b8f4f929283b9e9c8
193l5ff,AskALiberal,conservative,148,628,e1f8a218950852294f01e2fd01493c782108974b0d0901dbf677eac158f2b7a8
193ke8r,AskALiberal,conservative,198,385,6d826fc576b29e8a468ca1bf808184dc22455344cf8e330ac866409b12cdb916
193fodk,AskALiberal,liberal,273,1921,a0c513b3b332a1562af86b1cd91b5eb668c9aaa90c26388fa59899557c2cc055
1938n47,AskALiberal,liberal,162,954,509bccc68d14646b6c0f8613abc8801a75214acb594f45c06dc9131ab0be0347
1934exe,AskALiberal,liberal,184,1103,3eb93b0f7cb70cb9995cf96b8d9f770262b65934ea26b9526c65969614962d34
192s5s1,AskALiberal,centrist,143,126,1cd2205e9f0c424fc061585663bf5b1598a7902fc1ff9402314670c9d0112f2d
192mj6k,AskALiberal,centrist,186,679,21d2ce96e0c38874d7d47a0d5449b6254eb34679a57b7d27a9b94c3141939db0
192llhz,AskALiberal,liberal,221,1952,d523085bedccd0744ec694018644bbf9f4856953008bd673a59ca1b5c69754a2
192llhz,AskALiberal,liberal,221,1955,d523085bedccd0744ec694018644bbf9f4856953008bd673a59ca1b5c69754a2
192jlz8,AskALiberal,conservative,135,280,eadb6ab92f1f5bfdd824b8b7b07a12ffb4358a56705b0a4c3a6f5928993dd961
192djpj,AskALiberal,conservative,115,517,5a475f1e86dd242aff6392fa1cbdb857a7230b8d3f2b770b38b96e8257379f08
1929eeu,AskALiberal,centrist,140,850,8e8a710f6d90669bc39f781f11792a97227bfc66afc89b2bd64244e834302a26
191wafh,AskALiberal,conservative,114,527,01366a87cab7b182f5ec8a923d05a4770b83867be4ec6c79d36ed6b61c9af9a9
191tfrj,AskALiberal,liberal,189,1553,0c4a615b381752b9dce83a3bdbc2e8a15da7b180d408c277dd059b2983e16ff4
191tdeq,AskALiberal,centrist,188,1552,ca7e68eaff19027e94f5a22df035b3d15f27000e68b15a73cf525ed1197cd569
191smcj,AskALiberal,liberal,111,572,1dda5c22159483f89937b3814413db688b0a7597a2153ff982e22156339b67e1
191o2is,AskALiberal,conservative,163,305,5f368e1b757cf6c575a13aa56e0bda4a20d396b22836e6dcbca0c1f513a1d96a
191n6j1,AskALiberal,centrist,150,472,d3da4124c7107d48fa798f2b502eccf2f143bb2fbaaeeb0f8cbd3963f6117d9c
191lcrh,AskALiberal,liberal,112,386,961917ea485bb06404bfe0eb40bac3704e644c4e31f0852eb17ed83ae7232136
191is2m,AskALiberal,liberal,122,295,ac2d24f90d0e2d68c92a3b3bc1c3c88774c822e8eea89cca7036ad9c92a7b738
191bnyd,AskALiberal,liberal,225,1260,f2949ba22cfe330c1a79171789d543e8e926e4db67aa9132ef8db60c78738e94
1917209,AskALiberal,liberal,138,97,4dc163ea0ddbb2a310f2f2057a2769e96912c719e02f803229d2e0240e2fe9d3
19151ug,AskALiberal,conservative,137,1611,3d562fc170ecde4ced91c7eea840186b8d4f78168a21d58bddfb4c75b50de29c
190nzbr,AskALiberal,conservative,163,1463,62b91bc6ac0c63eec3e7f5ce356a47d5395746300206289fb4377c6feb35d30d
190hnxw,AskALiberal,liberal,153,679,a427d14aba923128005893b15b5b693fa39ad23218b6cee1e25f552b20d92d39
190gkgc,AskALiberal,conservative,99,1260,8e7a58ababed060a0077fdfea572caeebc511c190d63b85f753c905075408227
1907zzr,AskALiberal,conservative,188,1273,1554d2384d241e9d557a7b16c81ef3aa4a34f4d5fd646a0404719577068204c7
1907ynb,AskALiberal,conservative,135,592,b54748a69f7ae4e30ae8d7cd3b6461d54585a9b61798b8a09c168194bca2b90e
1904p25,AskALiberal,centrist,196,1640,94957e182f9f84c2428646b3de97e567d170bc65162ab46fc5b83181200ee845
19004ia,AskALiberal,centrist,155,279,026957513bc268bb6996e938760907561f0924ab53ed88129c6ef0a4d48a22c4
18zfb42,AskALiberal,centrist,118,668,91e56911b1cf77977e52af87d9e89c491bcbae6a9d784c87e9bd299337b58709
18zebho,AskALiberal,centrist,212,5974,4522113575221c51fd261cc3d8ba3f48048f586e6fa16b5421bdac91cb88a407
18zcry9,AskALiberal,centrist,296,1570,a047342b286b3b8926915e5f82b2a3a724b2fb0bc63345828f61517f4edf88a9
18z9jxv,AskALiberal,liberal,139,232,e5440fe3b4f32d0b612ed697c36c998a1a726b26b902774668b06e10088d156b
18z4vdz,AskALiberal,liberal,117,2848,77895eceb3ee657d2e2ab0b6986288ac73ad6da9637edd6b5ec0f692724c51e4
18yzw29,AskALiberal,conservative,180,2368,3df42b7263e1f49e49ba96babad15f66f1375b5ed6cbb52d69ea4dc1dcfcfb64
18ykd3x,AskALiberal,liberal,201,1091,2db502db63511598fb62a981650cc273cd32f757eb71201bd5e2d895aef205c3
18y2ky0,AskALiberal,liberal,197,2204,50dcb98a684ac798acc16a5f4e3d792a3b7c82e4fc4d049d79aa9a380c748c4f
18y185b,AskALiberal,liberal,138,161,420cac3f714511e8249aa457d70fc35ef41f8d322ccaa10dcf6bf6a6ea5bc330
18xtq1f,AskALiberal,centrist,178,82,20069ebd867e035f8a8deab1c0bab99c8b9074434c3fff71f069791ea781e4b6
18xo5hq,AskALiberal,conservative,165,2558,8eed1524cb596b2b11e9709e521c2d14fd835234342c7b3029033c655f447137
18xlwqd,AskALiberal,conservative,211,439,04a697062a20165c0f4cfedce47e884bd3308cab39cc00db1bf1087373c9e5ad
18xd6s2,AskALiberal,conservative,157,87,202c6ed8d8c2328afb6f585a26fbaaedaf4c0e480b90c17173e4037d73412232
18x9vel,AskALiberal,centrist,163,280,1e0a358985f806d6be90f9806927acfc808fec6064b71eb58cfc200bf371d4f7
18x7b9j,AskALiberal,liberal,114,883,b0eb676f80346c5fedf2d66672b76009770037b65d8f296b870e24200a03800d
18x3npa,AskALiberal,conservative,163,390,699c3eb87bf669131e63b1e9733110382344e696f60730e8c4009570e4bbdcd1
18wz8m2,AskALiberal,centrist,239,2179,026020bc0f3cabb9d54859c5a25b1bf9e51bb6ca7380e94ef3c7bbb64d4380cc
18wbzaw,AskALiberal,liberal,170,2634,c17b5f76111453ef460db5ba73c7cdc7dbfa535c18f5dd3ec9ff42a0def35ade
18wbduh,AskALiberal,liberal,142,2300,d3b9558894e4b2fa3700cab69c843b627b19ab54b62aeb59b376d026b4cdc3fd
18w6o1f,AskALiberal,centrist,144,2660,2c900804cdc7ccc236b89186a047c5f022ee76edd4b017ef026601479fc4bedd
18w6iqc,AskALiberal,liberal,116,3786,5176c07cf925b7860128bb6f9c8c712e48ca7d5fa24112bcf1573219e7abb0a7
18vlcoe,AskALiberal,liberal,212,2584,f7ea082c36fa8dd8d00c9466cb4eb026b1f767c65ec5f46fbf754c82e4d652e1
18vbxq5,AskALiberal,liberal,155,1004,ac35954930ccb9e34c636a8f277cc94662d29d325c62c87a0690a9c5b65b6b6f
18v7pyw,AskALiberal,conservative,134,855,f61594ee46a87f1571efc8075f8d21c8114ccc9d099f39b7423ef1dc8923b8bd
18uttdh,AskALiberal,liberal,157,4501,10a43b81ffbeee182f76f44f267ecdba684de235fde8a7582d79f7d2b11faf6e
18ucipe,AskALiberal,centrist,148,160,04ac2c0f64f04222d0680e7ad1d03ae9efc446da34a965e1e0aab63e6d6b5689
18u9y0e,AskALiberal,liberal,124,1704,13ed4938b25db1205fd5a7e50d32145272a4c0f098ba30ad24c4855846942315
18u8lh9,AskALiberal,centrist,134,151,34e6e0bf2fdbfb3a95adf9449739ca047ad909bf7c5ad111730417409015313d
18u2l53,AskALiberal,conservative,141,603,aafcacb2a890a0737637bd925dd96a30b1e2f849e5a4c712be559485286596fc
18ttaqi,AskALiberal,centrist,120,1754,733ff7d956fd8cf418a9690b2ef9de79ce2f632a674e512f5eaea3f5d9092e29
18trc4k,AskALiberal,liberal,185,368,843d73c06296b2fde16f288b874cd8b042a208b2b153417cb7a06a604567d13b
18tdhbe,AskALiberal,centrist,138,379,ea5c66467de1f18a35f7d5c29471aa544950c0d3ba81280430b47db0bbbf18ec
18taofb,AskALiberal,conservative,114,228,85f4c289757125d84c274e4f71080d7b6c8fdaacdfe372449d976e9d725f8f70
18t8th1,AskALiberal,centrist,137,415,b98beeba4ba0f1d015a04ee6a76277d21bf0f0ac294f8073807dcf1cda7af736
18swr4h,AskALiberal,conservative,235,928,cfd0402ebb54bdf8a47bc63b683ca6086051c16cab7a6847edb34585031bd56f
18sh11i,AskALiberal,centrist,191,938,d0d12ea32a4f533942591aebb0df9f341fe46c258ec6beaeb8e91e7edf59d38f
18s9kp8,AskALiberal,conservative,139,1708,433c0835169b298688d0274ad3f311f01454748d84a087726898d4e7ba988474
18s1ecu,AskALiberal,conservative,194,1283,96b0e5c1afd157fdb7e531b8823c3fee7d96573258bd0da6dbb6afde496fa0d9
18s1ecu,AskALiberal,conservative,194,1579,96b0e5c1afd157fdb7e531b8823c3fee7d96573258bd0da6dbb6afde496fa0d9
18rpzv8,AskALiberal,centrist,190,2427,aa8c1151923364a2c7272efbd733363ac57b9766c89f2a87f5b506e9a1a082f9
18r9ed4,AskALiberal,conservative,159,293,10da4e628d8298e92625e774c65857827365c0dbc224e1d0ad9ec3c82aa611c3
18qvins,AskALiberal,conservative,188,592,5a77ac05e446cd4d4e39c3f189f23854c0318aa66d1457cf436461ab636cca92
18pyr0m,AskALiberal,liberal,198,1602,3decad271b0be86be347d827ba07d2d3666b545dac4b16c2c8763bf53b086792
18pljud,AskALiberal,centrist,194,413,7ee39d7754fc3a6d1bdd51541c361e8910dd7ec26972f665138825e48ab9671f
18pgg92,AskALiberal,conservative,136,897,e12f31ac1da49ad4e9b87db139fc3e8e811d27410e60f2e216bd8ab1c7317774
18pdv3o,AskALiberal,centrist,118,311,216e4957403c8b518d1226b99e9a77bc0a48abd4ddc6b46c4ef5d404c4468f29
18pcvel,AskALiberal,conservative,101,2669,987244da2993d9205e492e22fbfbfb94aeb787ef5b539f903327d4086a67a5e7
18okqr8,AskALiberal,conservative,162,106,0b658240433982f25099885e3d5f9b6e4c40bdc129c713b8ba1fffb50dc269e2
18nurmm,AskALiberal,conservative,137,1179,4154d0759d46f498c5281fd7f226d0e759a5d57795cff2359f9a566bd7be645e
18nm54j,AskALiberal,liberal,248,2521,695fdfd079c48d727c53fc0a22f855e7c049da8ff4f23afa265a4b6007692500
18mkzqy,AskALiberal,centrist,220,105,e98cac08c059acb97415d314df971a17a6b7582ab504f8a291573ca0c64e813d
18mik7q,AskALiberal,liberal,199,1395,cfbbd6f30210c9410005f4c15ebb5553e86d06de68b9f5029924756c7f6bd648
18mgljc,AskALiberal,centrist,152,845,a0f382e161cf66ea1ba8e2977dc1ced9559336a457c7f8cfd14e0a8331357ec6
18mdb13,AskALiberal,liberal,133,667,cfb1eae17bbcd54b854cdf34973b4c0b331fb1e4fb615970092dc7d65a10e702
18mc147,AskALiberal,centrist,121,1350,ce36ecdf2f9b6d49e7b217c29d2a57aee885ba69f2484662b24ad464e4cccf7f
18mbsib,AskALiberal,conservative,130,590,c3f33aa2dd575ce27ad26542148cff4a561b38251d39676aa14d25d69479c04a
18mabtz,AskALiberal,liberal,150,240,6bca38af19bcc84d9c410be600926095621216aa6826746d554b8a97ebe94ff6
18ljtxr,AskALiberal,liberal,208,842,d62a865fe21ce76be4e6f3b3165d331d6af4c092ded80a8424c290f8295886dc
18lfrfv,AskALiberal,liberal,133,383,ec9da4a876f1cf3259d23decfe2028d33aa8fafab7584a985eb694c573c5e0f8
18l1fwp,AskALiberal,liberal,112,1859,80783438aa00d2e53417b5b21a59db7a6333039a956ae2dd7f2a5a0034d0280c
18kqibd,AskALiberal,conservative,115,747,4042841beb7f9dad13280396b71699cac71a2df129e917524cb7bfc29e84bc17
18kpbqa,AskALiberal,conservative,226,3841,d64ed4028eeb0cc701e03220d9772180f39928f4994bda25a5f1ab5a5263919c
18kotag,AskALiberal,centrist,148,219,7f9b026ae3697fd8db66857319ff5e7f669377df180939deeb722a6eae8b7122
18kgzud,AskALiberal,conservative,120,1254,8610864404997f5e79ce65347bb8755f354c401e9ba1aa2efc33fe7a615d1685
18k8huz,AskALiberal,liberal,161,256,e3658050f1f7c365b197602989798b3ae5dba1fccb032ac1165318d3b2ac2fce
18k7eeu,AskALiberal,conservative,169,572,99a77b5337dba7cc720a5d37925f209bf71397c7a24ccef617761f7c3f7176bf
18jev69,AskALiberal,liberal,216,1818,f488d029a3eb7cc3035f6c19d24c24ba7f3ba89d3962ef6ddaab54ce1065a84b
18jchsq,AskALiberal,liberal,104,709,ede4a5ae5baf4045b6e09d311bde21468f0389b7e537d2390cda9d5235eb1146
18j1yuv,AskALiberal,conservative,159,1538,a7259524c97618a454d0e6a25e683394c275fcfef1fbc29da123effde7fdb25c
18j045t,AskALiberal,centrist,105,798,ca537a65067081151acc8e64c92e61f9089062e295b63456aeec5c2aaa91cb5a
18izx0v,AskALiberal,liberal,265,3422,af6daf478950d9f59be90621f2a19de65ab660088a8109d7bf0936cd9a0ec1ee
18izx0v,AskALiberal,liberal,265,3423,af6daf478950d9f59be90621f2a19de65ab660088a8109d7bf0936cd9a0ec1ee
18ii6ww,AskALiberal,conservative,139,825,e2b86ff72e3504e5f6ba57b297675cb0334d202122d4096bb9ac160ec2c1675c
18iezas,AskALiberal,liberal,233,1641,0f07d918b1554dc914790cdf88f70f5d71af153331fcd6acd974aa35cacef90e
18i2r71,AskALiberal,conservative,267,975,e5991c69b0c1b4eb1ae6fa667080624ca3437c0815cf25ed7d2a3c7df5c2eca8
18hr3ye,AskALiberal,liberal,123,770,a021eefc8aabd902c5dcab1a443bd8d3067ec03b7a54cc3b97f769fca9f392ab
18hbi1r,AskALiberal,centrist,262,2043,162b932507f2027bdc551ba9b736fc05afabc601e8861d22554d793fb1d292ae
18hbi1r,AskALiberal,centrist,262,2099,162b932507f2027bdc551ba9b736fc05afabc601e8861d22554d793fb1d292ae
18h5o1o,AskALiberal,conservative,134,131,2bd4aa590e5b0fa184a415f4171abb4afd69d2ef4c0761ceaaceee6321aedf76
18gvntf,AskALiberal,centrist,114,64,c07967d79fd0fc66bc8ec73eaef5ef55f78205aface6c2f46201367a7dd4c61c
18gtbuo,AskALiberal,conservative,190,3599,d243092583dc4c273450f9264302f3201edb23a94dfd428d4b78b107c61368d9
18gnzym,AskALiberal,liberal,220,667,3d4f761de1ce3b0d3d7aa21a31ac723a7bedfef9d1cedac7be62d3c768830447
18gnjk9,AskALiberal,centrist,209,135,d0c49ec4a2868d0036b96ead059dab297b870a233ca5a87119e711b1edd8203d
18gdpof,AskALiberal,conservative,104,1765,00014da417ba4b5536ea7e86509d3796be6b1c8b8848fcafc385f0e7170c3247
18gbpup,AskALiberal,conservative,151,682,0e6b44ef2ed556f0c6d252700978a366f072d03394993ac238dd992a6fd93449
18gaewd,AskALiberal,liberal,113,703,8794ae1fbf16b421566947d388b5a6d70a1ab193e13b6fd82b12ca9c38840c29
18g7ph0,AskALiberal,liberal,156,1735,ce302ce4c13eb45e34005177ba390ee67d7fc8ac69828bcf7caaf626cf629df2
18g7pgv,AskALiberal,liberal,156,1735,ce302ce4c13eb45e34005177ba390ee67d7fc8ac69828bcf7caaf626cf629df2
18g7ays,AskALiberal,liberal,149,6549,403143e61dccfa967f073484a9ee560e3db6451371c48d847786cfc48f1e6478
18fzu38,AskALiberal,conservative,235,2674,584f7c2709d74eb8fbda6e9645a83c376f9cd8ae685096ea719bb157073ca929
18f9ivt,AskALiberal,conservative,147,289,ce5fb022eb45cc3a84b71c24c4b0efad3ed8d92453683896aef3cff9cbe611ea
18f4nn6,AskALiberal,centrist,129,961,fadbf5d97876fa89cc885d1f595a1988f0a99c03d18ae507d943e11a1b9180ea
18f4ky8,AskALiberal,conservative,160,609,9977d00dd9612d33077a7deea09fb132ef4fa0c40873eb6ccf6cc3c997eecf77
18exjds,AskALiberal,centrist,127,38,836db36cb0edf855e63ec859ada934b0a7de19cc2cafa52b6ffe41f35046c00d
18eutnt,AskALiberal,liberal,137,979,40d99be38906feb98fae1c55afd80033c60adaea1d78690b13e1d2570ceab748
18equx8,AskALiberal,centrist,192,322,76092859247338fa4392634206cdb8f94e081d2016af842a5e02ab0554a10961
18epddi,AskALiberal,liberal,135,588,faf536e7fe90c3002fe8067e6bc0a4e76b92ece6ca6a2798221223ec21b1bf82
18edy4z,AskALiberal,centrist,171,325,f30f767697a91c226b57cec6776b7751a924b12cb424f49447eda22456d3646e
18dzck5,AskALiberal,liberal,112,221,5c3c38b00b5b5fd773bcea28a074e5b8efa8a7b906626f269575ecff2e072051
18dkn9c,AskALiberal,conservative,145,3396,26d255b280c46e115bcfc8f0258f7ee3e71d946c8c841812d2667b7026114ce9
18dczn8,AskALiberal,conservative,300,1171,90d6e2b1059209d525e9b3ef951d84d7f7a4779bccc57e9698159fc34bcbdb40
18dcgn2,AskALiberal,liberal,170,1170,58c65d6c8af3f1a88205bd6a576b13786db428edf94d8037df7ae9822c597dc0
18d6bi9,AskALiberal,centrist,136,185,a308ebb208ab36f04c666bbd508adf74826985c2945f99b67dc3835c05fb506e
18d0nm0,AskALiberal,liberal,250,1035,3141630bf07489755dbec7eb3b05acac65904c78eccff5dc9e201ff2dd131249
18cvf1o,AskALiberal,centrist,243,198,aa9014f38bda5a408d789a88eeb7880d49d68f9c71d5adfa443429c45401b432
18crr7w,AskALiberal,conservative,142,1351,31d78364752cdeb563b95d758bbf64b177cc24f3999479c15a22186732f0e5da
18cgw90,AskALiberal,liberal,156,714,8a86f2d7944e3b30d4948e43072e2d70dfb7e6b6bcc9c8296533bd8780bf1d08
18ced0t,AskALiberal,liberal,176,1116,c3a55f59a69583ef9781f15847cc5df8e50b696bcff562790e7309381c0c222a
18c9q77,AskALiberal,liberal,142,728,50b8c82144fd5b8b0abaec9a22e8239068154cd6ce32e67776aef63039791cd3
18c8w4u,AskALiberal,conservative,134,406,388eb6ce6d27d20fe7e7b2915da30bbfb9ce26d5e2ea4324f8a91b27bc88cc82
18c8rpt,AskALiberal,conservative,226,225,978287d3369470e3112b7d28bbe5a5faeb44f6b583264cda4d05f15964ea0e52
18c89k5,AskALiberal,conservative,119,433,6d7103b403b2c173cc63aaa38bd446886d150e52d985d60dfd67ff8fa2c5c7ee
18bmqyz,AskALiberal,conservative,166,1119,cacc81c95bbfbc33048d5c7409b513775ed2a82ce32a53f5af2252a476f2e8e7
18ba3xd,AskALiberal,centrist,213,618,0d730a960b3de4f55d2553a2049643433388fcaea9e81bf615519da968ac0563
18b9kf7,AskALiberal,liberal,142,341,970b814e51bf721f05cab2ab8496875f3c1686d1ed44d7dad5eabe1ab144ef5b
18b0dm0,AskALiberal,liberal,158,963,5bfe57f936eeb33ab435bcfd94d892489634081c2b44e19cb86b8f67a8927efb
18b07e5,AskALiberal,liberal,120,961,6b4280275515a96c4faa823f952a097c450128291b01dadf86803baa0eec6092
18aqh5w,AskALiberal,liberal,204,2165,c96698331210e98ab27727042cdf11ccbedab1c48ad52d9b29269181a0e35a16
18a9i4s,AskALiberal,centrist,130,159,8afe31f22c593513d84b97c082519f0fbc2fa57cf309e032685595d50c1c0829
18a667x,AskALiberal,liberal,206,956,718577f163396b4ad6e3e23a68043d01b524804efecbb17292469d19d9e9c36c
18a4nkk,AskALiberal,liberal,99,564,5d377e23e67d0a4862656c1caed3ae3abd4815ad48eeaee69b71200f04da1e8e
18a3wbl,AskALiberal,liberal,150,622,1ebb273870801961b5493af1760211e30ba3db60cb9a36a4642a13679b083e7b
189qefm,AskALiberal,liberal,110,325,7bea216fddd33f9eea6bab3569d0ef0a8b97b9a05024dc41b79f58e137e36870
189d84q,AskALiberal,liberal,145,1041,73cd3f8046630384993bff837ba42d1bdf2982d7e33330cf016d68cb3e945449
189cn47,AskALiberal,conservative,160,779,cc5f6bb9b56ec2a76c722e15e17a6546c84d2b635c8b290153e25c26c6eafd93
18975hp,AskALiberal,liberal,139,461,57bffe41b4bc958908d3e517f9ca58e5eeeb15548f45820f9d33e246ed55df5f
188etuq,AskALiberal,conservative,124,602,da20fd8f23850d4d92f4d68164516cef727c21f7930266cc1a9523bada2051d8
187v1bq,AskALiberal,conservative,125,859,661da720a483dbee962957a9f0cf931d7a8c176b67dac59be588ec5748d8b75c
187sp8v,AskALiberal,conservative,110,1638,3654b78d9634a640f4cfdc06287f835e6ece1bc2ad9eea120053f726f2510414
187sl7y,AskALiberal,conservative,111,602,f9d5d45bc293d70b40a0c0bc7d234f62c9d0c769c479a1798b9940ec5cd475a1
187sl7y,AskALiberal,conservative,111,604,f9d5d45bc293d70b40a0c0bc7d234f62c9d0c769c479a1798b9940ec5cd475a1
187pkpp,AskALiberal,liberal,158,865,a1d15388a09e56e36d76ea8d037e50e24b2d5e2fdfd5b2ededb236f176bc854d
187li9g,AskALiberal,liberal,149,136,46c13901e699490586c150c8de10c95d7ab73686a1d4f62f5d6cdc4a5153c57f
187io2t,AskALiberal,conservative,116,321,ec95ed1c77a746d991bb7bc7e36123fe855da6c9c09cc8ce1159991faae78a37
1876whj,AskALiberal,liberal,137,4177,3d0cb29b66aea121f4655d77e28f2624be2ff4f7ea2715335f736e871a5051c5
186ahr3,AskALiberal,conservative,134,2077,c6aad3128d110bb869b93e16d19c8ff0c8800acef6753330b74a875b06beb145
1862jkx,AskALiberal,conservative,148,267,e12224333d767af8854d406fa4192b9c6d59862504d1ebc0a46e7a620e6daef9
185bio3,AskALiberal,centrist,196,753,0a2f3277a4e0f15f2a81c624bfa550ec895641b6e2462a84f796ca3d3c6e52b5
184y9nl,AskALiberal,liberal,125,2410,7fe6a7b2f90ad9d0e586d4ef8d5c4a843d41685a7e7536dfd1e687a778ac42b2
184ucmx,AskALiberal,centrist,135,661,837f56bbb24c119961ffa2b6deb031d7465829e6909b3cdb6f576145e16b35b0
184lwrz,AskALiberal,conservative,121,1099,a77f246ef5b99adfd5bd146301f71f40156273b4096f8a30ddadd271a82e74e0
184lb2y,AskALiberal,centrist,162,551,721c5e84c46dfb9975bbcc6334694b11e7957683eddd3352f3ab051dafd9acd8
184he8k,AskALiberal,conservative,114,225,872783c8363ca3583b5deb98f705744bf98db27f816c9727ae179ee768468af6
1840s66,AskALiberal,liberal,125,3240,bf29dd6f0bed54bf4b44dc877d1195dc65c7da0c36986b8727c108f669d33d26
183votf,AskALiberal,liberal,118,1024,aaf34014e0e40271ba38061b9e6edc660e68aacfe37656ba8b7c259f4936e7ce
183tekc,AskALiberal,conservative,138,3396,9df138a218cd1ae9ab2e1b0e763e9ba512a52849e1c267c627784999ca4550f9
183tekc,AskALiberal,conservative,138,3396,9df138a218cd1ae9ab2e1b0e763e9ba512a52849e1c267c627784999ca4550f9
183rv5l,AskALiberal,liberal,131,1154,50ccf46f303a9fb208b1a7e436ac59d2f306c61771d7747e7d42bec0522b2d6d
183q97l,AskALiberal,liberal,146,2796,f102b79ca9a4e0882c63a43f0cdd2321e94536c004e7b22568674797558bd2d5
183q97l,AskALiberal,liberal,146,2801,f102b79ca9a4e0882c63a43f0cdd2321e94536c004e7b22568674797558bd2d5
1837hnu,AskALiberal,liberal,205,1231,7d2781c7bf983cbb7b9f45f9559f14add67c86ffccbb03aab29adc5bbfc5b093
182wikd,AskALiberal,centrist,128,136,a98e8ad32df0b687ab2c4e25d4d18581b84b66d3354a27de2a72237acbb49618
182kloz,AskALiberal,conservative,141,226,607f9518de3e93a22bcfa36b0d75c96d45273371d4cb8d4c3d6e9a2440d0c028
1827xdp,AskALiberal,liberal,296,695,a447b23130bcdd5c4e1e363e7b16a2e1bb1f53012edcbcd7e6010904bb7dbccf
1827nrm,AskALiberal,liberal,117,923,2ddb32475e0066e9454bbecae39acdb789c932ce0769dde913485e23c4419608
1827nrm,AskALiberal,liberal,117,870,2ddb32475e0066e9454bbecae39acdb789c932ce0769dde913485e23c4419608
18202xq,AskALiberal,liberal,183,977,94e091b5ce2e07322b3f4056cfc83c84dfbf82e1177e6351b6bd8ca3f1af499f
181fyn3,AskALiberal,conservative,158,3332,37fc77366302a61aeac003226dabee0b2d3ce298ed0d440ad20c608305284b9c
180ohxe,AskALiberal,centrist,127,125,ec8a729e879c35eaa2304d51ba1e0565c27b12a78a66a7a1998e040a9db89584
17zutm9,AskALiberal,conservative,106,442,508182f6ac51bb98750ca9c75104a3e2cf267ac1ad965180b0897aca4545b8d7
17zp6al,AskALiberal,centrist,177,2162,0a700259ac589a6a04adfe130833cbb60dadb2de410e1f6d7af508cc084f0452
17zmsfm,AskALiberal,conservative,115,80,15d24e791835955fa7a9b516d6980ad3a8eccdb04fbd633b1b1ed1de63cd8bde
17zkkt2,AskALiberal,centrist,154,1986,693d10406c19007acb8fc7781f9611017d1a8cc8b28125d39e4ef99114b2142c
17z07de,AskALiberal,centrist,115,363,6ae01a412f0dd6c9444514d85a9faae2b82830c81bc2dd517d9800d8a0a78eee
17ywa2p,AskALiberal,centrist,189,2387,11d95f9b95d4769d340ccce5936a67bf197a3d9c58338e5ee7f7f0b793d3b438
17yhfk8,AskALiberal,conservative,155,216,aede36fe4325ee2d9dacc89c5dac7258371ed0c284817b252f85c0716a3ccc14
17y1npj,AskALiberal,liberal,154,1652,7f3081f12fbcd1ffb9a14d9171834ecac7ffc32d7f491baaadf1167088f4be69
17xurou,AskALiberal,liberal,156,1229,082208509e5420b634cac01a75f2fde37c34fe68b54377931763752da3f2ebf9
17xjk9c,AskALiberal,liberal,140,2230,d5d57df01d4f24eca81313efd68fb5938dac405488257d828b4e7494989d5f09
17xi7rl,AskALiberal,conservative,134,1166,ba0720a6c26f2fe481a0e473de18f8be05c1076b628ad7afbc357d909c37039c
17x3k5d,AskALiberal,centrist,110,238,cd7c77281a19fbb7e5d96b680e813a8dcd6f233bf3b10feed88ee54b574587b4
17wy7vt,AskALiberal,centrist,123,261,fa8832e7173d9751d89b00c03715718e23c36b2aa770a272cf1055e635951ac7
17wqa0c,AskALiberal,liberal,129,942,d74a98b9fc0399d856de76b5175c13c13c1ba998d9e0e369674999eacbac602a
17wq8l9,AskALiberal,conservative,184,4230,7a8c6f622000e9781435e5314c4eea8f6441ed13de33e31b289ad14b82aaeaf7
17wq8k2,AskALiberal,conservative,184,4230,7a8c6f622000e9781435e5314c4eea8f6441ed13de33e31b289ad14b82aaeaf7
17wibex,AskALiberal,centrist,139,2160,40e18abe3095d19d3bdb9e84be5835fe4448f742c04d31232abce7d244215815
17w6sn1,AskALiberal,centrist,122,474,30a81c88a1a8d4ad9bab146e171f185daf32579889a84f20d56ac13115dc1e0e
17w18hb,AskALiberal,liberal,289,9976,c7a9915610779bcec0947407af4eddef057989e7d29a9e09158af6acdedbd96c
17vqx76,AskALiberal,centrist,157,165,2fe745bb26f7b2cd1a46d17488e5524c74c42eec0634fb543d44690f0ee56755
17vdre3,AskALiberal,liberal,137,639,7cedc7497ab8ac67160dc2b3cdae5d8914519f14e46a906508916c5e4c54fd90
17vconx,AskALiberal,liberal,158,3258,281cc02819662c82e4ebb6d1fba8894d2f1250114a226e992cfad32f352ad56a
17uucc0,AskALiberal,conservative,119,863,f9ee34c519f4f48b890da93cbf6fc0f703e5a00b9b9f58a1db55a363aa3e4808
17uoeva,AskALiberal,liberal,211,270,4fe1945442864dc20140d636e6a27f08b88d806bd3adecf7bb630dd578b8eced
17uh2ji,AskALiberal,conservative,127,555,98ff960bb1e9e407f6167b7f2268dfd205841c98c5655ae7764b85c260d34da3
17tv6f9,AskALiberal,liberal,147,924,e0e01cf938f7abc49b3d97ebd1130ef9216cd6a87037d975fffe2d7723b3ba7e
17tqxjt,AskALiberal,centrist,142,668,14c8c45836f3a009f542713825d8905ac766e5710bf913c0d5ed647e7c1d4fe7
17tq5p2,AskALiberal,conservative,140,5503,04128f29d2ca584b9903cb7e6dfd4f0846873d99fcdf9d4e8db59d8fbc552ed5
17tkr9y,AskALiberal,centrist,143,205,d78dce50fc7999969351f6c52d6eca5e1e580eecf38765a998d7409efd5a0154
17sxmmo,AskALiberal,centrist,132,1549,5e0869cfeda1120e4807c625b94719324f1111c21155261b39556e5ebc0bceb0
17s8m3n,AskALiberal,liberal,229,2728,bddf3ada315281f7d811d58679f574a6d84fdcabe52123ed719f3962210605f4
17rj4ff,AskALiberal,centrist,142,1046,5de00f745aad988a6b51dc8ec9b727d78eb4d18db4c17af92d80f71c7abb9ac6
17rhii4,AskALiberal,liberal,145,255,b23ecc9f41d5a31411908aa61b97e4bc4642d8948c2d3e01937380f7ccdeec01
17rb04u,AskALiberal,liberal,300,647,a2b849c8f9388ce8461c8713f4a25b26177f279153e82695b0f730c1adca8c6a
17r6bw7,AskALiberal,centrist,141,176,f9d219bf05e77437feb30f0e6287bc57452e28c1f77f35d3bfe5ba50fe6bbc09
17qqbl2,AskALiberal,centrist,132,2532,8eec85a363ace2903a3909bb52b40fa374f614f98c84487ab665751f68435c92
17qnbt8,AskALiberal,conservative,152,90,ecd7e8f922f9d1d9db7b219cfad7574ae9eaf6f095c358199133b4c0b1291aa9
17pzhsj,AskALiberal,centrist,269,6399,da82fd49b3e5bc7452bc91a0d8612d16271807b3012268f123a6226347b70290
17pmnar,AskALiberal,centrist,163,791,81779a6a003e0ecf4faecec486e92188de5bb520b75ae289fce79ed14f288c31
17plit2,AskALiberal,conservative,125,434,7c309545d09796b5b0aabefd85595050f66fa5d826560fb07fd7a3725f86478e
17pl39e,AskALiberal,conservative,106,286,772dfa3c902d83f785343c108df0030a331533393f7d0a8bf92790092514107a
17pc1i5,AskALiberal,conservative,117,683,a9970446393e5743fbb7967335a2008097b2962e40cf9d8dbbe58bc8b1a8fa4f
17ozj72,AskALiberal,centrist,156,5310,05e110545ce7e2486a76df3d0191f7b5b32682c514ccbb2a7e1196bab1db446d
17ot6w4,AskALiberal,centrist,120,242,1c22004388a18d279335ce7e556fe527b692526ff9da7f666e116900005a78c4
17osf3f,AskALiberal,liberal,298,3736,e24392835aa37c89756204c87bb803bc71f2058055df2a11cfd206b0e1b6d521
17om9g8,AskALiberal,liberal,134,2330,2135113b70b1a0704cdb43b7839646574ba0edc7d9eef116842077fbed1665ef
17okyya,AskALiberal,centrist,115,193,7c9dc3fe4f4ef409faae21ad4c2b88932144e847c96479c312f1f8a30640c74a
17ofrf3,AskALiberal,liberal,148,1068,b002764210b0b1bd5abcc44672233c025fae644ce507cc497a787b859b3702b6
17oe51u,AskALiberal,liberal,250,1812,fe2acfb036f1fd090f3350cad289cb80033fa317797aabd56eefc694c36a1513
17oddot,AskALiberal,conservative,152,974,d17fe740da883b2c8f497d46433c761a23c7b131c17725fc4ebe61d330abcbd0
17oc2a8,AskALiberal,liberal,163,490,a1dc8856b4930b51a49923903fc85ba4a1ac03279b5f6028b5681656c4e46ce1
17nyfa4,AskALiberal,centrist,130,192,f3cb0c5e757555beca97c69487e582a605e8e3bb170a22d20dafcfcba4076b11
17nxzhx,AskALiberal,centrist,204,257,f317eaf18b8721b96aa40e5bf6fec66470a8d4575133d8ea1aff19952c0914fe
17nnytt,AskALiberal,conservative,157,192,aaa9e261c6eb5861a8b781e9cc8165022aa15b349a6679e87037ec746114bc45
17nk82t,AskALiberal,conservative,166,1496,bf79e9c2ff303aff7ba22d49540897789b5aa3d33f55bf802687fbd96d17b2dc
17njgtc,AskALiberal,liberal,148,2853,12ae97ce8ef0fed6491d931bc83cc684d1de8fa726bf573aeac822e8cd044625
17nfj3v,AskALiberal,liberal,272,438,666db613ec9ad3ca6e25e5d752a36954be8d33e4091a4a17bbe421ebe45bd3ef
17naqbj,AskALiberal,centrist,162,1116,5789dab8fd140155000cb8ab1a7650325ad2dcd54da5d818648543b2cd7daf55
17mxscx,AskALiberal,conservative,154,587,dbd144c01b70a45206eef25347bec652115ce2cc09f8ab5290bf1100f469dcce
17musjk,AskALiberal,liberal,140,2822,c494663479c89fd13f83867c5ad468d8145ed41f1e3bf7eb391781c0d1c41d21
17mai6m,AskALiberal,conservative,237,314,032cf19c413ca1eae31d23731f3b2c3eaaa7b7ae21d09d96e565bd5138376c16
17lvvxm,AskALiberal,centrist,155,928,8ed5be9532d10bee01aa2d9ab28b89a150c342c4ead9e18dabf913023b141159
17lc9ju,AskALiberal,liberal,139,759,46e0e6dda1cdee57dfb1a1b8bb17f304f7b6f141539f524a4c772acf967ae2ad
17lbusq,AskALiberal,conservative,180,503,3fbb303a83f608cf37692054f09f0f7c35170a4a5678868dd3624b72aeb40b86
17lbusq,AskALiberal,centrist,180,346,3fbb303a83f608cf37692054f09f0f7c35170a4a5678868dd3624b72aeb40b86
17kvq23,AskALiberal,centrist,111,86,565466869887daf1f7dc0c83c9d6878778d51930021bde14b2a7892863ae2dd2
17kpnmn,AskALiberal,conservative,172,763,0aa0770116540336a57296d76d11b81145d058318624903f4252a78ef0e0f153
17kp2m1,AskALiberal,liberal,290,7794,076637957a8ff29be61d1fc654471b26128da8fadd3bf27819230a098494bb11
17kaqjj,AskALiberal,liberal,157,2243,e466ae9bb724e9685a8e5871c6874f641397c8c792d147d8e02eb28dead26032
17jueht,AskALiberal,centrist,133,697,ab69af5311905a4f95910a75b3c26fb40caaba14e9f2b7764bfa209624d729a5
17jrxnr,AskALiberal,conservative,113,206,9c12ee8075821ed997d3ff6fb321a1709a3d093dbc631e333aceeeff14978903
17jrkkt,AskALiberal,conservative,191,451,9bc9d3b904e5717e0803208a6612c78d744baa36ebab605d690df8d2cbb0b8b7
17jdcf8,AskALiberal,liberal,179,10869,961b28efda75c662188c5b410da31f3cb6a38e1252f4db337fc75f8a2c2628a8
17ic4t2,AskALiberal,conservative,131,1042,3da2a666aaf244055c8da19f5fe4f8003ae4a7c4b0c9a053a3ff10401527e7c5
17hyncl,AskALiberal,centrist,126,600,0a3effc5f26756a29fccd4528eef57877c6a7cfae16b822040f19e933198b76a
17hre03,AskALiberal,conservative,116,209,1259741f8ac55373e9cbfbaa780e1a860941e2549f74b41cfd19e11f9a856af6
17hre03,AskALiberal,liberal,116,209,1259741f8ac55373e9cbfbaa780e1a860941e2549f74b41cfd19e11f9a856af6
17hnzov,AskALiberal,conservative,152,2697,66c1b189c32643987d51e6dc64734fe9e41c038435cc9ccfeb451dd6e115c71d
17hmd3m,AskALiberal,conservative,106,247,e6054aa438bb171aba63fa30563dfabbdb3c72db676ece18854d87e5aab4a7e7
17hd3i2,AskALiberal,centrist,176,415,254e322b0ed094154bf129ee88ab6d0e4a5f17a5732317dfee86c451e5b1ba9d
17gxyp8,AskALiberal,conservative,135,88,813b3442178880433b9707ccca2ed81ececba69a477fcd41b8c038ba5b76967a
17godu7,AskALiberal,liberal,151,394,1c9ffe4522e3a391124336ef60b588ec0a0af09be5042c0c5c2eb4b30bd381c1
17gnsf6,AskALiberal,centrist,241,176,d102b56ba547d7cd105e1cf005125071b9a9dc24a4d6b3f08ffa5b618aab36dd
17garyi,AskALiberal,centrist,143,282,942aa596e8dbf6f47c74aa57e2b9bc77d00df8876078a97d533c15c378b575bd
17g7yuv,AskALiberal,centrist,159,1255,4888b6d83d333a02a8078e14f1164b405625be5c196723392badfd903cdb5f9d
17g6h0h,AskALiberal,liberal,197,906,b2feb863dfabe60f3d774a38ca2a723b7a7e93c5df863965c9735450c0ab5e3a
17ftkxd,AskALiberal,conservative,140,397,8d78d57188bf3f2b19634e5f014e311f6f04e370f965a84dc55af4b3373dd660
17fslnw,AskALiberal,liberal,139,481,351d8ea5ddbad25a91cdce5442772562ec917616c868716ac6fda326babbdc45
17figt5,AskALiberal,liberal,129,985,b16e6d220e5822bc73d03be9bf05d8cc00387d10ee749af4d33683f92dc56b77
17errxs,AskALiberal,centrist,145,599,25b0ebf8e20427fe92adff54ce6c39581d60fbfc103fd561f4435c10e9aaac89
17eprvg,AskALiberal,conservative,140,435,66afab0f2aa2c2e52d51adceaca3720a27904535aa031d53ba8d45308da205e6
17epnex,AskALiberal,conservative,149,438,7018fadca3b3491c353840c850030938a9493ff1862c824c15f0429bb66c0915
17ejzkv,AskALiberal,liberal,161,292,1d077754209c61e5132e16b936512009f36dc61886345f5a281eab3d8f6a2814
17ejmza,AskALiberal,liberal,160,3588,225194e612a342cd377542b8a8ac4794f98ae3aa1f0121389d7a57c6535a2062
17e2t1q,AskALiberal,liberal,125,1115,61e5d063611469bfdd807daaacfbff057ac089ead08b924aa5be3b68ddd8d331
17e1rpo,AskALiberal,liberal,135,418,3d19097b22cc1a6e901ffcc102330c0d4de2795e5d1e5bd243be1ada69f4b4e8
17dxprk,AskALiberal,conservative,144,910,65426cb462a26b983dddcdec9affe33fce57f2c52880a2b8fc35f5f3777bf25e
17dps3v,AskALiberal,conservative,144,718,3401a6990bf1deb79b761662e2e2d38611cf1bac17e2f51a6555a26c262c0881
17dglw0,AskALiberal,centrist,184,177,45ab996df763fce7780ceb729b3b3f67dec398be367b7760f05acbcfaf0a9db7
17dcy3v,AskALiberal,conservative,151,1398,07e88feafe7a0c5c65b8859a254d8a3aa0d4262e19d5eb1f4ed5a2be850b7d0c
17dbqon,AskALiberal,liberal,123,75,c204c6ed93a630b3657d9b08a5899b4862960d92aede779caed480160976c262
17d77xm,AskALiberal,centrist,151,80,a352815ce32a5a531a9aba96db34554303c5b2ad8099ee6556f2a8ede6c2fb77
17d37fz,AskALiberal,liberal,126,563,26c6207432fb7e6173073b5e853fd8692e47b9d281d92a4cc2037a53c2993b5b
17cvbh5,AskALiberal,liberal,251,910,0d75dcee879b3680c33f5410854f24d969a9cd258be71d13e7437af9c2af5879
17cvbh5,AskALiberal,liberal,251,910,0d75dcee879b3680c33f5410854f24d969a9cd258be71d13e7437af9c2af5879
17cojjf,AskALiberal,conservative,127,330,dc75322bc38e3ca15c2968d96711e2ef80df03d2a267b80da39d960143e5a8bd
17cnldo,AskALiberal,centrist,133,305,bb155c6193c78c308cfaded99e3dbbdccf83cf1204998fece0931ef5f764d577
17cj2ww,AskALiberal,liberal,164,180,1234670cbfdbc6d7ed93700facef13be5f0649eb0eb46b215d4a29c506c9e002
17chuqj,AskALiberal,centrist,125,829,39719d098f5bdf6f0c4036d128071dc02b5c7be6716e02ac919ed8fcd4a76a2c
17chhsj,AskALiberal,centrist,144,848,3974bc7b2cbcf8968a2ba1834fc8d207d4ae5e960326054311546d110aea65fa
17ccgxo,AskALiberal,conservative,154,224,72384de5994cf857f1cecce21869de5e5f128b027b0345482de72847a0199864
17bwdxn,AskALiberal,liberal,114,1752,5c45a355677bd497973e416472a524159db324dad15668487c009cb334c3d591
17bpv31,AskALiberal,conservative,165,192,e05ed30643f6c091cd35831c2f4890df32fa61371702987f269ebc73d5c92c18
17bo2gn,AskALiberal,centrist,123,218,ecba75663a5a4d95c4ded2fb3dd3f0230323b5bfd62bccc2291996664e03c69b
17bkkec,AskALiberal,centrist,146,1046,d23cb7ea4872ae4ad7ee7a0903781b0414a7ca9b7f7fab674c214ccd97708665
17bf3k6,AskALiberal,conservative,295,9625,7bebfed202878badd911df2f55fa3a07f9b2c8bfd60a76b29bae3cfb0755863b
17bf3k6,AskALiberal,conservative,295,9438,7bebfed202878badd911df2f55fa3a07f9b2c8bfd60a76b29bae3cfb0755863b
17b228l,AskALiberal,liberal,118,171,9cdf620cbc2d63a74238689304f615ce87096d1573ec6b1a35211c8bff7adeeb
17b10t6,AskALiberal,centrist,121,2068,320ab165c175d281bd82e3f2c6d16720ed355d15d0372a5d5791907dadd8fb80
17ay823,AskALiberal,conservative,171,411,42a0f9f7860f764cfd2eeabeb284814ed259b904e4384851445ff2e9001ef6d6
17aw6sf,AskALiberal,centrist,158,1654,997ad7887676bacb6574d447913318b4e69b5e848673cb62f7698c84adf3b470
17aht3m,AskALiberal,liberal,127,1626,85f31ac50c207f8a4841e8d9cce66ff23e327cc4e886af5a8e6aaa329bcc2383
17aeuqc,AskALiberal,conservative,165,2574,faf3f71f2d4afe7a65eb01dbbc0b318e018f381a03853deff33d2692569210d3
17aal8b,AskALiberal,liberal,126,731,3f4cb34195ef74ffc1781c0aa487ef7f6d53bd6f8ecce2ece43ac7e11aed5f8c
17a7b73,AskALiberal,centrist,122,520,f614faf0ff4c2a83e56a805af0904aa4415eea8378a3ed14b5db09b2a4da4f93
17a7b73,AskALiberal,conservative,122,473,f614faf0ff4c2a83e56a805af0904aa4415eea8378a3ed14b5db09b2a4da4f93
179kynj,AskALiberal,centrist,219,779,9f6c772893f9195239567aabe0fda1ac73965d02ec114a3eaff8a506337e6442
179el0m,AskALiberal,centrist,152,415,d7dae909e3c8cb4b7b55aa413b00befb0e78c141d5373148094fbe96802a7e60
179a9h0,AskALiberal,liberal,110,1635,dc34a3c9602c0f951d48afd56ac988096533b9c2f6f861940d8c043eb7059e50
1792kbz,AskALiberal,conservative,136,669,cf480d154106e9118722e85fa03a41eb0d2c3d1d18ddb05b9a089ffd8f9bda48
178o867,AskALiberal,conservative,138,452,6c78efce763208f3cc445f79e5706f4883259d6f95396aaf66a988feb6965646
178np4m,AskALiberal,conservative,112,545,c2b47c7f9f176948d8348ce16ce40e32a27f0e7a47c7780cc306f6a4552acd99
1788eyk,AskALiberal,liberal,163,337,6ae8ea0196d4f5443ef3c4a3add75d6afd52a7ffc54a667d3287fa7820189f85
1785o6f,AskALiberal,liberal,177,2955,e212cee3abd6e7fd3fa4d7a79395dcd1775882291f479c07adc500fcbc9e3c7b
177ummm,AskALiberal,conservative,229,144,df877919c3450765c60bfb9a45bb6b203c5d4569e35951444f64c6a26fdfe4cb
177ummm,AskALiberal,conservative,229,144,df877919c3450765c60bfb9a45bb6b203c5d4569e35951444f64c6a26fdfe4cb
177u4cn,AskALiberal,conservative,134,899,5878c084bd6018127606688eb47ff93ab66c041132b2633d36dc09250ad1647e
177e2cg,AskALiberal,liberal,105,1333,6613f5a1346aeef8116cb08447d4bac7db30e848353782e4e38d878edb1cb15e
1774gdr,AskALiberal,liberal,291,762,80cd5bf13349af15eb4472f6987ae4cf741139d2ad383385ace54d300596ff33
17746ck,AskALiberal,liberal,188,463,ffabf4d38d1fbec9977f07f89a0a9330ff6291d9be4b272875006e65cbeefca3
1770eqz,AskALiberal,liberal,202,373,f3bb7960a8a16db8097832b56be67101fba8ef42fc0af3282f3f1e6161373105
176v1pw,AskALiberal,conservative,288,7987,214df841a4f4092c88c9b3a8d79b3e4330bc9fdd6923b8262282422d907142af
176qnw9,AskALiberal,liberal,120,784,ecc6df07893d1e5439c6ee8b77372d4d39c796925839bff545d09ab04b9dbb0f
176q6oh,AskALiberal,centrist,300,1088,737fc90e9dea0f14f932e25fde39340e07a5d6cb444380e3e8e990e6b042437c
176oddw,AskALiberal,centrist,162,648,47985cbea03f1d63ce664aef9cdeb6fc9f68461a2e5c037911fbb08a027a0118
176nw2r,AskALiberal,conservative,241,221,0a7ec833beac348ca86a6c60a3d90a7baebe2a386b797a5a62bebd7802fd3376
176n8r7,AskALiberal,liberal,293,323,03e301d675eae707bc730115ee0790d812ad3fd63df6a488c9aa3936a5351eba
176h9r7,AskALiberal,conservative,186,1101,e35d6df79aec5106a1de9dde4c2356f16c4c8b4e22c576b694b3ba1e8ef0c9f7
176afgs,AskALiberal,liberal,106,424,370cfa3c04ec52b7f36e01754bc4cd0538fbc545c14d20458840b6b649fd23fd
176822t,AskALiberal,conservative,186,293,42bbb7d07d92f5a3c8448877fd7dd3d1669eb2a37dbdd09510a170d850f537aa
1764wj8,AskALiberal,conservative,118,390,7566495c08dbc7328fee1fe621a3d3e99a3afd8e667ba1cc72f6fd6f548cdbf8
175wk4t,AskALiberal,centrist,204,650,a9233b008876cd9ade26987d7e8a62b7ed3e7e7dd9c4126225b1fa633b8fda92
175whky,AskALiberal,conservative,136,2489,76fbffdf00c22352f1380e041073dba790892c25a5d3202d56d6a63d7f7d5747
175spfh,AskALiberal,centrist,202,376,40ce61a3c170d9766c9d25c8f9c25c4ed3d0d7386d9033ded9e41063e59c7195
175s3ld,AskALiberal,conservative,299,915,d0a47e8cd44147dffddc1df83d06f1924bcccdf44d5728e1a4679eaf13904687
175n1uc,AskALiberal,conservative,296,608,be0b07832ff074280f7dee9234bd84141eeeba5be64579b65f1492801b2eced7
175mzsp,AskALiberal,conservative,302,608,5c78bb3eb37f59ca454fe87cf9ee63414c326fffcf47e281370ab13198236540
175k7sv,AskALiberal,conservative,258,387,c86f7b246b4687a0b0b051417615c8481333ec2813974bba15099e1dcd28bbca
175k7sv,AskALiberal,conservative,258,521,c86f7b246b4687a0b0b051417615c8481333ec2813974bba15099e1dcd28bbca
1752ewo,AskALiberal,conservative,123,1767,9e508d451b77e2b34fbaaa6d1b479450015537849eb2842123f8ccf6997639b8
1752die,AskALiberal,liberal,153,185,ff298644dc5d131f4aceaa97e7ffc6292bcd7560ad6130082c883d495a59c276
1740uxb,AskALiberal,liberal,135,605,dbd47e0b23bcab08629d68675042d97dac821392427199631a6960de01d01fce
173xe63,AskALiberal,liberal,116,224,dccdaf4e035c620fbef58ddb31e27688cafdde283e53dbab4cfe7c082be4b44c
173jfn4,AskALiberal,conservative,121,1209,c0b42bf5edf86dffc20c40ab8132ea36d9dea0c24f5b5aee133f3cf6a977d807
173cyh1,AskALiberal,conservative,143,1821,fb538e67066ba73cb2aa79527da0029637a1437175f36b45f1d0117eb2539e42
17360l0,AskALiberal,conservative,132,573,4107502e5ab5cdd3d4a473e1533ba50430682150443e62c22eaebfc99524a064
1725dam,AskALiberal,liberal,143,11055,2aee7ab6a84121435c35b942bd599e69f5c4185b3f2bcc55b650dc4e5230d343
171mvor,AskALiberal,conservative,139,242,2b89af276377a616465c58005e97e27f455240573878a43d7b5c51e142878ba1
171i2em,AskALiberal,liberal,132,656,03fafd3c3f182c9fb8e199067ee03d9a5c42b80f8de7acbc3a4147723deccba8
1711r3j,AskALiberal,conservative,146,809,98a32acf27ac7ba98b821f4ecfb8b322c81042c445df9da25b7c88bd01312be7
17115pf,AskALiberal,liberal,156,92,e762252882e1fa685f6faecbfe64c6208b46ef92d41778d67d3ad4374d1f95ac
170z3ok,AskALiberal,centrist,149,131,567b24c2945c7dc77b1d3060258e8803bc230304eac612b6bbb196b744965031
170wxm8,AskALiberal,liberal,124,203,40c7748d44c4398a764084df42d509bde602a96ae5de984a7d8e350901e58ad0
170mjnt,AskALiberal,liberal,140,343,af6a2c52954a11d82eb59c1a7cae0cc25893bb65e72ab8c4907f8594707bb6a0
170l748,AskALiberal,liberal,131,106,6be7734d77681dc2d0799d7776f24f124d1462810073df88e0dc832adb88d694
170kw5w,AskALiberal,liberal,208,411,d55194ef81160b58b3357c4fe9e26953ec43c43aed4f915d0daeda65e2c17d6a
170du2b,AskALiberal,centrist,218,1962,04ec9115d5e5215ca8c712b8afec0b299eff1147492ada35cfa43788f78a965b
170b0at,AskALiberal,liberal,179,971,b18051c098b2144e853e25bcca91dbc41f11e63ea820cb7691ad65a87f209aca
1708xd4,AskALiberal,centrist,132,943,0153ebe3621edab47db62a4884b82fa02c92cd2a32d161c2bb88558fb59a5d15
16zpqqp,AskALiberal,centrist,174,197,84cdea05a97d743609ede1d8e0a193e771f2689ac87a1c7f170242464ed1b131
16zm04p,AskALiberal,centrist,149,261,c04c4c1c1d91186f3d0f1bb32c20d597669169a097b19255cc32033625cf0004
16z3chf,AskALiberal,conservative,139,1305,37c74c5a6946f8ffb42e1153726bff062e4d618d2ef842cef2adaff10f4b32b5
16yvb9t,AskALiberal,liberal,131,1587,355c1f10b55063a01d2f06bef6c13a1eacdf0a08d7c5b8f90f2b185bc73586b3
16yjkfi,AskALiberal,centrist,231,1001,48e04f18c5aca3b0c727330808cd4b60844af1dbfec908bba07749d3a524ccd3
16yj4ao,AskALiberal,conservative,181,2424,3183dedc695272bad1527955129c28ec84bb70fae16afc257b3e8da7e6d38364
16yi26l,AskALiberal,centrist,106,868,b45d7059b728fdabdffe6c217a17b3b7fb0034232519a603c1f2015f9a2436a6
16yg7cg,AskALiberal,liberal,134,844,f771acc7bb76a0164ef1989532c1b96c4626f6e957acf38ad8823697c8f2b5a8
16yaelw,AskALiberal,liberal,149,571,6f33dd8aa0f352f96fb0a09536f3173484bcce3ff991b4eadb62e2ea03e38f62
16y7vs1,AskALiberal,centrist,149,274,2c23f3536bc0e7b3bc6a75fc83ed78d0c6a9fa576a7f1b25e299983aa93d3a62
16y6037,AskALiberal,conservative,166,1668,38441fa06812d202334c0c49df706df7711afa81c3a36f24bf044d42c13f0e00
16y3gyc,AskALiberal,centrist,142,2091,04b6d0f52d5dad28619dbcac52bb3421351072af93d232f0bfc54b131bc64866
16y2yy5,AskALiberal,liberal,232,4113,7f265e39bff98c0ac7f9afa0884627dcb6e2697b2b776dbba11625102570a0bb
16y2w5m,AskALiberal,conservative,194,3260,b9b9ab461f722274d8277187d0ac0912d709e9e7b22faee03ebeeeccb84b089e
16xk3g8,AskALiberal,centrist,177,952,e3dcc3041ee399ff7626fd8cd96745a38c81ee6b6275cd4b97d40df014d81478
16x2ff9,AskALiberal,conservative,129,352,37625d351134ce5a6ddcfdad3a1f0773e4faad5f2d6e87b47cb400a5cc7557c2
16wzx18,AskALiberal,conservative,129,412,18c84927762d176e1f9767c522dfd1187411360dc40fe159f59fd25c2fa21157
16wmsla,AskALiberal,conservative,132,614,b3ee6f4ecc79230945d300d2adad3504310d5511f8070710fc936e513e764fa1
16vlrb3,AskALiberal,liberal,157,621,d8ef44d3d2185d53619b1d3ffa072790ceac17e9e7ad3ebc5f89882f56cd5da2
16v4pb6,AskALiberal,conservative,173,397,e4f59aec179c72c1226208991e29cdcec003b95e4eb451321b6f39fcb8020b83
16uh00j,AskALiberal,conservative,178,272,4e2b9394010dbbfc9cc9b0c295fdbaa140ebcd8d44563dc2b6610991742feb1f
16u75wn,AskALiberal,liberal,148,795,54c4a9937af87fbdf789500de9e40b8e89247ff28c1e907363b70b5d98a36df4
16u4zs4,AskALiberal,conservative,228,1869,59163811ee14ee99ec1961af5e2837d306e735d7a011ebd06b801b108064f411
16u2bgx,AskALiberal,liberal,192,321,818cb382e977dcbcc69fa21de5e4073a6a373a1783208a98c836de88b6bc03bb
16tyd7h,AskALiberal,conservative,242,803,b4e95f6bb12841e7da408d3b74cf3b4034fbffb6d02cb76e3c2451f61f4d3a09
16tpb7x,AskALiberal,centrist,122,474,1aeb382acee945a3728e1e9e3ebee00f1770b550bc73a32a1e15fc37f86607d1
16to5e9,AskALiberal,conservative,263,584,41cd695acb18d58bf4fb86baf89d3f468877222bba20a8d1f0c9482ec0c17b11
16tny50,AskALiberal,liberal,240,307,cd72251dfc4e18f7b2b9e9205123c18d7060012ef1c818dc18fe99623e9639a1
16tneme,AskALiberal,conservative,199,248,cefd112cd7a74fe75c62f31209f44b11c598291340efdae5f17a99debd051a29
16su19n,AskALiberal,conservative,234,6047,9aca9ff44a76466ad841ae067624522c48e540b6bd9b48ef3693e0bfabbb44cd
16smzo1,AskALiberal,centrist,275,949,29cf480ab76eb22bd574080ee91feef90f304ba7aa4d5af4a819043c37887fc9
16sf1y9,AskALiberal,conservative,166,586,1061780646d5c6277b6a9eda4010c71c10afd583af492f41a103d9ca9ae21075
16s9nid,AskALiberal,centrist,127,1088,026e52ada40b3e8c9237e709f57ce73c4f1529e5027ee40c990e0e1f67d085e6
16s5d8a,AskALiberal,centrist,121,388,66d193ee60d836ca7f5042c63fa88e1269568dffbf393befc1a79b9db2bb6771
16ry4sm,AskALiberal,centrist,164,1888,2692bbc6fc37a763041f84bdddab15be08d6650de8a9cfc34fa5b368363f9c20
16rstgr,AskALiberal,centrist,103,195,bc729802323c64deb1b7d4862efcf44efc97bafa69af279a603e5c11c4dd60f1
16r0a5x,AskALiberal,conservative,148,363,b81340475477c7f6668b5c97134b33385cf60a7409d0a61fdb2b01fb9534f514
16qllnv,AskALiberal,centrist,133,560,d3ea05738f14469bffc7d05ce6a603a8a164af60488dfc05e039de6766de0421
16qenz4,AskALiberal,conservative,205,180,4b0b163556fd3f39bb5428b730a2383d36c9eef85dee2e16d133c4b813911ce4
16pu7pd,AskALiberal,conservative,129,171,b25b751153d8979ea11b3fc51105e28d1bd2bf72d844b6e385a90b5684fe4b0c
16pm1cc,AskALiberal,liberal,198,510,45d55d3c52c52c5c77ccf968d2b547b6f1ab5dcc740b06bac2948f25d4283c1a
16plvhx,AskALiberal,centrist,152,368,9246c30f3ec13ee59ce5aa336e300fcf4364610aee373b04f9aa9ad73e989a76
16pcm6b,AskALiberal,conservative,269,3076,55a013d0a0798793828875b7c0c9365c7b440cfb24bf2e3d38a798417258e8cf
16p8awj,AskALiberal,centrist,117,267,60df6f5a44b39c9b0ddccafee1d4fd9261310361dc93bd65990bb55302fba003
16p692r,AskALiberal,centrist,116,565,abda595f604fec89fb3995e532404dabfdaf5b18e7792043b581f50c74903c97
16oodfr,AskALiberal,centrist,135,397,99d82f8fee05397fc6fa700871c1317706d9ea49ff7e68841deab7d432da0dbd
16omttg,AskALiberal,centrist,281,5090,15c97c328234447b5a6bd5e5c5357fdf2feb3f967a40d9cea3617dce1e1ff44e
16om3cb,AskALiberal,conservative,123,967,65a7252d9a311e020702e8c15301e8c7bdaeec921099d498e88f84633ada3d81
16mux4t,AskALiberal,liberal,156,935,fa690802b8a2e0451141c094104b0a83c900656fba4d53708e4a848ace7fb864
16lv73i,AskALiberal,conservative,197,705,e215ea526b7cef25ad4c2ae0841335a1d972bf2bdab4761fbfac9769fecac7c8
16l5ad6,AskALiberal,conservative,121,937,6487181206f7ce9d1ff299d7dfb13daf329c86b23423ee8abbad556af7f88ba7
16l52tu,AskALiberal,liberal,201,201,efb3a57e8b8f09873d76d06b8fb416bb917db9c688a86337f030d891fb58da9b
16kztit,AskALiberal,conservative,198,240,17eb065db07874486fe1c85c690a4eb1e1b2be7c2e0a4e9cfe0db0aaa1b68dba
16kzkjl,AskALiberal,conservative,129,1926,f26488e66d874588246622c3d64fd0a323c4073f4a886ba8c1db3147bc4970c0
16k8l3d,AskALiberal,centrist,147,385,5c0862ec4fe7e21d07fee71189471247fbc271f21213df893fb4f3fd53336a51
16k7yc3,AskALiberal,liberal,165,1457,8a199de937d6a3aba4c015441026ac2b908236b3fd5b21f7b1de99ecaed59fcb
16jq5xq,AskALiberal,liberal,148,579,096f6809363117304a892f3012f1ad784cf87c7b965b889368b29ec1826f2078
16jq5xq,AskALiberal,liberal,148,569,096f6809363117304a892f3012f1ad784cf87c7b965b889368b29ec1826f2078
16jgnaj,AskALiberal,centrist,143,108,8d6418ab6744cabaf674354e16c9560fb5aa691478d57e0786a60ee6fd4983e6
16ixr3s,AskALiberal,centrist,166,731,7d9d738084608a98f0d0fda080cd57d5577d6817faba3dfb21a1f554eb17ab5a
16iskxn,AskALiberal,conservative,150,304,b7d0379d9c3d2d06c7c5e3c80199fcdc6d3ecaab3bd10058d48e7ce05aa3789e
16i95vj,AskALiberal,centrist,126,254,88204bca61a9b82af4de3b8d61557da5f72ca4b24541ea372c899a9cb046f39e
16i5jts,AskALiberal,centrist,233,493,2363eaf5022bc0db501513266451b8060df2cd03d42676dc657cc09b4333cd8e
16i5ilu,AskALiberal,centrist,154,2283,d57ea969d8a0760e64def1ec16a3e3ce72be4b78f3b72c76c6edfb0e19623de3
16i2m37,AskALiberal,conservative,198,205,3fa342b296546ae314ae3211aa0f78debda2ec0a4130ba4e3fae1793180cd39c
16i0cns,AskALiberal,centrist,124,645,8994f4638aecb323411a05cbf4237876c719116573f7db4e81656bcdd4c2db32
16hllgn,AskALiberal,centrist,110,1476,57f7aae3b59f0a9a62b8eb455b9721b2dc59c5ddade2c6f1524c561355825466
16h9qdg,AskALiberal,liberal,167,2268,f4ed50571a31fffa7fe02db55de58d6b6e461e6b3f6c0273604d73f58df436fb
16h81rx,AskALiberal,liberal,129,1153,dc5faae0c7bcf436ef00cde141e29001ac28586f4ed8efc365432d13292810d9
16gxkzk,AskALiberal,conservative,271,3354,2fbf254d74977eaa91e88f9a94bbc466e6307152de83acddf5f77c174e07f9f8
16gpg04,AskALiberal,liberal,169,4347,13ffdbd28681cdf4fddd0ade98f7451250926a90933911f184fda5bf555b87f2
16gdt99,AskALiberal,liberal,133,880,a826894cf68fc6d6cbe151c4cb0f989f24004ce67a204346004dd72a5bef7f5b
16g19b3,AskALiberal,liberal,162,509,76bb988e571607714609c7614a144616c8a9ab99a19ef8db4fab915de772b29a
16faij7,AskALiberal,conservative,135,748,c06a3555573b972a84aeb21e59dc9b6a2e828d0e429fe57a8df3e5a9c9df5064
16eoxcy,AskALiberal,conservative,228,424,531a1962220f172b051b02f265c8483a0790382f05e2f64a33a7ad0b7f2b02fa
16ejuwd,AskALiberal,liberal,174,643,da06b625b76f59e7cf8a9757e84b812e37cd47735b14c96307ec63e19bd371e7
16ebc34,AskALiberal,conservative,174,1498,55e09eabba3d124c95ffc88e727cf96427c21f32e52e2611900ef9fca0eac9d8
16ea1rw,AskALiberal,conservative,269,7448,7011847aa9d3ebd115cec67651d1e1cd088ca8b86931b87ec259d5b48816c346
16dl7rs,AskALiberal,conservative,141,2788,2302182d66c4f9dc31e027c300e8e16c16aec643b6835d6d804e243dc7604cf4
16dg1o4,AskALiberal,conservative,145,282,1bfd225ee0acf653befc6da84a7a4c43f8bcc1585f43c68fde680f0cb9b644b3
16dabbz,AskALiberal,liberal,157,994,d1f003c4c2e9350e25ddce475005dfe70256eb7bc9b0c6ea0af68c5271f427ba
16cw1ug,AskALiberal,conservative,215,797,d6dd8dc8124ebbd0aff248e802bf0ddafff481c3b61f4dd368b31055b79a7c3f
16cn0ir,AskALiberal,centrist,132,160,89d3131d67678aa84e58a2b751355af1bad63f588b31149dbe9b4417513c957d
16cmehn,AskALiberal,conservative,190,377,fec3d27e43460efef5babd6330d0dea5ab7f2adcee91d82f81c6b2dc74ff9169
16c6k7v,AskALiberal,centrist,167,692,0edad808d89397015de29d2e20110674b814e517b0dd4eeffc868c08f223c4a1
16c3xft,AskALiberal,liberal,297,705,6f0fd1ff915c8a56c2e5cd819e36e3e9700f70681cc81b439bbe4bf37b11e9cc
16c3njv,AskALiberal,centrist,170,86,249036ac5cfd7ef8a8ed5d714877218ab8d269ca2a961686625bb554db062781
16beso8,AskALiberal,centrist,127,807,75f7a83f951e9b3cd8c8802cab5c371943f558b2175933eda1abe1d3d3c666c3
16b71l7,AskALiberal,centrist,278,3576,a5418dea557bbf81e9e3304c8c96498808d0dcdf20736f1006c2aaede8ddbe2c
16b5z65,AskALiberal,liberal,180,691,6ddc007f5b268e08d14822f8a359f1cc855f4d0fc49e4d65e065e1f447d769c8
16b4ow1,AskALiberal,conservative,134,249,a12185bf117754f5b810e9b655c1ebf54cacc97b9af0272cbcb0bc1c26962527
16b4o9j,AskALiberal,conservative,134,249,a12185bf117754f5b810e9b655c1ebf54cacc97b9af0272cbcb0bc1c26962527
16b4a9i,AskALiberal,conservative,197,2588,8707bfe6e846be4745ac6d15fa9005cf87c6ed5a3829f28b5cad47ef7e8c1139
16b1lju,AskALiberal,centrist,155,197,9c83deab02cc4ed1f7b21a16e901c052b9d0abce2752d2dbe8dc200585c64926
16amkxx,AskALiberal,conservative,190,1043,77a24c2b27b98b273982f8156c73655d15e8176cdbe65076fd182737f7df941f
16a1ihr,AskALiberal,conservative,128,1965,c90a3a98a4ce50fecb795669b1de61d60a8b47e17e4f9dd1bf6ab639ad454e45
169zebz,AskALiberal,centrist,159,246,4132b1bdeb0b2e4614e5f6b8ed6dd5a27a21eecaa9856bd786468837e7942f2b
169ka2g,AskALiberal,conservative,154,1178,8a5740a72666993f95ae453b78cebd8007a636a1e77644579b5600574851dde0
1695qsz,AskALiberal,conservative,223,591,a9937d7ba56b8f101b6be0e322065d698fecbedcc4ebf87036e41a54d50d52dd
1694dlv,AskALiberal,liberal,197,513,360eba43051b001f49af3d6883a56cb642628b05ed3b0f2ac7951a9748bacbff
168os0p,AskALiberal,centrist,124,68,0dde5fa9685347eab33435116bdd07f1e8600b67d7c2c6122cfd17a0230b68c0
168m9xs,AskALiberal,conservative,158,482,eeca94adebba0898b82861a2daef41912fa9e51dccb92923795689c0b0221858
168m634,AskALiberal,conservative,177,1176,f63f4b2588141d8a3a2c03a3966db1479aa659da0da7b81741745698b367511c
168bso2,AskALiberal,liberal,158,70,bec2ce43088fd7fb58932cca0100f78b25b1640f1f5820d0e85b5f3e8dbe5ce9
168bs3w,AskALiberal,liberal,158,70,bec2ce43088fd7fb58932cca0100f78b25b1640f1f5820d0e85b5f3e8dbe5ce9
1684z54,AskALiberal,liberal,279,202,58d57addf0a2fddadb49b00c9cf50937b4e161d00c73169f6317423ea2abaaaa
167y4u5,AskALiberal,centrist,143,3222,7b1fe411dc50a2a8eb4bb6f4759245b6e2fc58613fee98462a9fecee701e3ae4
167tvl7,AskALiberal,conservative,260,1149,3c4cd4c611f4fcd45179f28dd96ac4e60b1836e2e30ed5f56db7385cc9fb9928
167lzei,AskALiberal,conservative,117,473,0e5b13e7986ed615d913d0352741b25bbf8fd22a525a1607bab1bfaf80b10740
167hkzf,AskALiberal,centrist,174,69,b977935cf522fa1f416b612b4f76c1baf401f5b301b0b83a73f61c91c65ccbba
167b9o1,AskALiberal,liberal,119,556,4a607613206779ad1df12028feb094449571374cb461fd63b0cc1c37e5ce119e
16787oo,AskALiberal,conservative,295,547,6a403abbca9b56c069ac5ffb19ba5749ab9ad4909c590ef295df3b03bdc0772b
166rzb7,AskALiberal,liberal,104,914,6b545493618e5efccd48fc06fe0c0c8a05e59efc3a901b1a9326165e77681d4b
166qzer,AskALiberal,liberal,197,92,a0e209b7d0a1a231319a89c8817b34e7dd3169371838b6a2226882d4b6f6d5e9
166d28x,AskALiberal,centrist,141,85,4f0640302a160d2c389c1a954e6855e7fd6662994a20c9ec03429dd31141c322
165iumd,AskALiberal,conservative,139,1910,c5f3c2c2ca79d75c8a1aabc6163fa49b3ab7efb0ffbcb78752748352c3ca0208
165ensq,AskALiberal,conservative,286,152,1e90382f6691c8ccfeb7aa61d8b46cd69ea61ae9c0019d454f9f2872b51199e7
165dgo8,AskALiberal,conservative,283,152,8e3170dfa4e163c8bd0a8bf86f0aa80eb9056b4d566b3ec2f6dabe76ca584f9a
164zfsq,AskALiberal,centrist,165,43,0599ec977824f093136b5d8e8d3ae302d4e9e6d09262ab8b51a944c3659020f7
164p75w,AskALiberal,conservative,235,1149,e90ce5ff6154ca6754c4c07704f09d7186e79fcf5a2b47afe179e60206626874
164h4ej,AskALiberal,centrist,252,218,126264b401e8efea11ca60eef412d8eaac5ec5996b1b2d4d8a8b6cf1eb1487a1
163y159,AskALiberal,centrist,155,188,e21e628ed58f533137e4bb0f7e22dfe4d5c3655658b0b4fb2ccd3e424808a25d
163uz7z,AskALiberal,conservative,149,1266,0f18e05221552549e568eb5e29120d80e9d7734074d46477c67a89aa7496b63b
163ito7,AskALiberal,conservative,219,287,ed1220642b2cf638e488b83b0be3a4d99741e7521d847d36a6c1d77042e4ea84
163cn9k,AskALiberal,liberal,141,702,9f6c39c8b052288594494f2e3630bafd16de792fcd03b5f043a4aaf8fdf997ae
1631y99,AskALiberal,conservative,140,417,628292a3cc4de731aab6da2d4e0bd18f05cba9b364d661e4e54a88ed6acbb3b3
162voho,AskALiberal,conservative,219,451,4d02785277bd6b8544849ca6a0c277c36ef3260f1de509e1c3afe3ac5a9aa199
162s4ks,AskALiberal,centrist,177,223,5720679420ff1d9b5e6f626b62a257e22ebc1396412ffd9e788e7e8c055baa22
162a265,AskALiberal,conservative,238,179,e3acc060bb3fb39b471686c2ea4648135a020a87b31c8ac8c2ed0d191fb1108c
16297y4,AskALiberal,conservative,143,344,fa01b68e5255f1c45d048b1a0bdaf90898606e47f3fc6b30ae1bed638f2400a7
161zskg,AskALiberal,conservative,115,1299,09a4606ce243c36b6f049eda8f88c89746a5f3350c01fca44a58df7aba60881f
161w1bq,AskALiberal,liberal,134,351,56f94d9d89b7d02929b6beecc2328e39fa9adf2418bc0367e3633ebd80a07602
161fxwz,AskALiberal,liberal,166,1616,e3a9a622f697f1d861e478d3e8a1251e1a068d77e7d98e408e88ae9b345008ed
1615fdb,AskALiberal,conservative,190,2600,9574c3d604005efb44edef4ebb76b4c8372fcf6a16bbe5472c6d3994e0dc7e51
160y16e,AskALiberal,conservative,180,159,36428f3d9d00bb9b91f6a2b0157efef489751d4006da340ae33a7b77c9bcce1c
160huhj,AskALiberal,liberal,151,157,86550493aae0f43993590f705588596fe0bd43e62ae691089bb82ab7d0774c12
15z9j2w,AskALiberal,conservative,136,1359,de9b706a4d105412f5027253cc90a4a81a05ba61a7ee844f01d12189e1f4f8cd
15z6yo6,AskALiberal,conservative,200,846,be3eff773dafa3b0081a0b9540a03c7b5e5dca58ed140068b372e4a7843e22e4
15y9pnv,AskALiberal,conservative,157,2418,83b658c6b7b8fe9cf605f5713ede00ea298e4c87f038a293bf65d81758df6bc3
15y7iig,AskALiberal,liberal,143,924,5fd5dd119065ec65d8d528be11e910509f57b996e9e177893011678901783460
15xyen7,AskALiberal,liberal,150,8804,bbc372ca8424e41b5cec3f91b81a8ca6bbecafd52c0d3f9e311e97d806b12d37
15xjrmu,AskALiberal,centrist,133,174,a7b441324a9b84109210e29170d88f33abd1bd4e57c6853bfb71f905b966d54e
15xdxui,AskALiberal,centrist,123,237,ffa37e31261b724645087f96e2928d002c23b76ff31a840e9f156733925230d6
15wsb5c,AskALiberal,centrist,229,240,0ba93adab73995cf16fdb9cf916e1b9cb07ca677d5547e2356bf538c1c4217bc
15wqq88,AskALiberal,liberal,145,2139,a90b42fb86e32d0d57556c2b81bbdb2728ccf47d8afce2c63adb2a8d94e2a166
15wnl83,AskALiberal,liberal,171,1907,06e1e124feb7da1c21edf70a7caeeeefedd24fb8a26bbb19d49faa813b76ad9d
15wf9ef,AskALiberal,centrist,148,204,1e3238c635605a51090d92783f5399d4d82bd257b0d5e7cd43ab8468768415f0
15w2qmr,AskALiberal,conservative,125,1305,ff61ee275647e618b907b9644a704324df8051ed3c2293c0237dcf5c7fc301fa
15vhsbs,AskALiberal,conservative,111,478,ac6986d697314dc8ba82857d22bdfe0f14c2b3a31ffd4780d3a9e40e386aba8e
15uzoz5,AskALiberal,liberal,152,109,18f1f623226c58ea56863f2b0ca93b2ada6badeeadfd2bd4cedf8ca1405bc002
15u82s2,AskALiberal,liberal,240,2289,935806b5d1a48d2b3f100b360f5242ed819aeebba5838e01795d8764a696ab11
15tvlel,AskALiberal,conservative,124,412,993ccab33bb07740503dd2de6aad2a64a11fcfc4de349fbc3ccd29af65b72245
15try0i,AskALiberal,conservative,217,1579,2a80cd3070d556cbb21d5c9fd9334f9a6564d5430a2da6c9d259bde34d80c218
15try0i,AskALiberal,conservative,217,1579,2a80cd3070d556cbb21d5c9fd9334f9a6564d5430a2da6c9d259bde34d80c218
15th70i,AskALiberal,conservative,145,1610,3f1a274fb04c740a7650c1b3d0944ae9892a8f6dd13a5eaa01c8c29863099863
15tccd6,AskALiberal,conservative,158,3701,c617a1a2fade7157110c5af8d4907f3156f3a51338a5785038dc716df2328438
15t6y9t,AskALiberal,liberal,117,697,a636f28838a5546a6af1ab3e65e30b91970d427f7104d0416759f070053d6982
15t6u7j,AskALiberal,centrist,120,142,52b48219afe1c474c45a1bad294509c975ea0b0c42955fc3674645120d308c32
15t5xjk,AskALiberal,conservative,161,78,bfd2c602ae283ddfd00bafcb9b49ab8d782266d6ea6fdd807d4f45bf289796b3
15t1bc6,AskALiberal,liberal,175,935,cf240d00dc9f1e68c2f3f990e53bc6816c2bfa222abd82322c6b02ba94df2e91
15sehdz,AskALiberal,conservative,265,908,334f3a61093e844268b8b5cf112d3328bd7c787361e95962729af58bffb10d15
15sbr6f,AskALiberal,conservative,110,405,e1a14809faad0964a5fef9c46c6025589f048c01aedc49d982ec23159d756fcf
15s9a30,AskALiberal,centrist,120,51,a5738abc8c1bef643652e5bd5a7367d41afb5e176a4dd9baa3563f56c5298c5f
15s2hmr,AskALiberal,centrist,173,110,442119278da684ad63fefc0ca384b70069bee5ce03d181aab3ec33fb5f569abb
15r67p9,AskALiberal,centrist,144,577,3d3d748bd2a72b8ac57f37f0d26328c4f52d96689a85c025647aa20dcf866ee3
15r37n6,AskALiberal,liberal,211,1674,cf2494469f6cf5eff2bce5738cfbdd5ee572e17357374b96b7f5358349cbcea7
15qylxp,AskALiberal,conservative,151,765,56a955e96a9ef3e35097c16f10d96c32b3f9c14abf82e6bd031d5289c84157e8
15qfjnp,AskALiberal,centrist,215,210,e2f59867103496e83f1f089e72c1778b4ae314b44eb7bf9358c0c0b346c0a357
15q6c18,AskALiberal,centrist,129,1048,4d8b7d2cfb2168abd18d907e924fc35c35ab88c4e8acbe3b3272affa5700ac2f
15pccju,AskALiberal,liberal,119,195,5c2bf7eee35e3e45450d97a7eb90dc84ebc2a8840222de9954ff9bfa2840af87
15pa2rv,AskALiberal,centrist,216,109,2dee8b489140617e5a9cbaa3bc1d83057c4ff91ee1cf78ef3ab6ff6d970e0661
15p9lzu,AskALiberal,centrist,192,1156,f8c0b36f4ed963b704247e62a33431353a377d571764696403370f41076653fd
15p0gmn,AskALiberal,conservative,111,805,654536bbbd66694a26c9cc03d0599c2e200c62dadbe855d73d52c084eac5ac24
15p0gmn,AskALiberal,centrist,111,809,654536bbbd66694a26c9cc03d0599c2e200c62dadbe855d73d52c084eac5ac24
15orzwc,AskALiberal,liberal,131,621,219265c90432aa07368ec705de65af4ea8a0b7fdc87dd3d90eafec49e9557b7f
15or6x9,AskALiberal,conservative,129,315,e7db8250b581f5e0affaf1c6cc2c351265e646a726f7d247b17fcb3b5604f257
15or1p4,AskALiberal,conservative,206,687,4b5fee5349dec64467a0c420684dba6e48a03a498607a76689cebed7b19679ec
15or1p4,AskALiberal,conservative,206,551,4b5fee5349dec64467a0c420684dba6e48a03a498607a76689cebed7b19679ec
15onxoc,AskALiberal,conservative,138,93,cdf425b6033e94ac5ab94ec6aea415d4be80a1f777b87e3c30034040611a1e1d
15ompy8,AskALiberal,liberal,148,246,8df161e3e0b405ab7896c1c991d9c6847945abd9caf2e55d41bdca4eaf986860
15og7s8,AskALiberal,liberal,120,245,02135a763789f648856cceaf77fde00eca73ea5d05651c75784bac31b7331075
15ofxy4,AskALiberal,conservative,177,382,c1b2ce4ac4bb0805e21268229dbfe3291b3856567a9d5a0d72bfd506f81a29b4
15ofxy4,AskALiberal,conservative,177,599,c1b2ce4ac4bb0805e21268229dbfe3291b3856567a9d5a0d72bfd506f81a29b4
15o2ngg,AskALiberal,centrist,228,3349,77f7aab5e77dd3d5404f2d3801da57314fc3b5f662cb1a8534e7699e3ac808aa
15nwk45,AskALiberal,centrist,212,481,30b5e0fd46afa6f9f97e4eddfecfb7de9dc793a58d78083743e65ea0746b7636
15nwk45,AskALiberal,centrist,212,481,30b5e0fd46afa6f9f97e4eddfecfb7de9dc793a58d78083743e65ea0746b7636
15nq3dq,AskALiberal,conservative,207,340,09cfa4048b629b84a0deec8e8e5a81dad3d950c4f1fa033944df901e7e029084
15n90gx,AskALiberal,conservative,164,994,9b8364b77d970c486430e296946cef6acf7bca29f9bd59af398d4271fd41e9a2
15n90gx,AskALiberal,centrist,164,995,9b8364b77d970c486430e296946cef6acf7bca29f9bd59af398d4271fd41e9a2
15n04zv,AskALiberal,liberal,130,526,be88508eeaf186063d44cf396c04cacb6d537a5438853c2dbfee2b7b817f5eab
15mopva,AskALiberal,centrist,268,6365,5a76b42b41560494482715cd1122ddac7cf1b59736bad220dddda4e0671baf55
15mo6lh,AskALiberal,centrist,161,787,5a4a56b6b93b54b9f50d7594249dad632be22bb0b2c2743675beb110b65843b2
15mo6lh,AskALiberal,centrist,161,789,5a4a56b6b93b54b9f50d7594249dad632be22bb0b2c2743675beb110b65843b2
15mm66b,AskALiberal,liberal,247,1815,a45f37bea0dea8208aeac7c9f161a2eb39df75a1ce7dd645923dd8d5def20b25
15mm66b,AskALiberal,liberal,247,1651,a45f37bea0dea8208aeac7c9f161a2eb39df75a1ce7dd645923dd8d5def20b25
15mki0h,AskALiberal,conservative,170,415,44477dccbfb039d5f4073ebab4ab6fe6226080809ef57e8e26494444d3eb6819
15mjovg,AskALiberal,conservative,152,3374,47776e7a6b45f27c72b270cdedb97940d0c138e824dd23f155dc2a00c1521fb4
15mjemx,AskALiberal,liberal,159,763,fc57332d8342cad164c1bbfc16a0f45945e3844393e6d2a3c49c0f824190e59f
15lts25,AskALiberal,liberal,148,857,4b8a772362df60d89c6758b97904ada763619aabfbd36beb3284649637ee3b1d
15lts25,AskALiberal,liberal,148,842,4b8a772362df60d89c6758b97904ada763619aabfbd36beb3284649637ee3b1d
15ls95v,AskALiberal,conservative,193,439,7434ca6e39c50fa3364ff2ac5eac3fd5d5d7f8b44cf41654f6c7b4bdd1930fe4
15lmgev,AskALiberal,conservative,165,4035,b597580430410899bc3b320c9f6a3d5c9be741e0dd12ff7ef763a4e07225a8ca
15llcte,AskALiberal,liberal,125,720,ee469cf0d2a147c725a3af41286dab229d68a8449971331e7ba1d0bb34f5ae27
15lhxz5,AskALiberal,conservative,143,1317,593ab41fbb75e2c4b1e5d254ffe5830422243d9b649f8eacdc0c0854dbafd079
15lbc8n,AskALiberal,liberal,196,133,29506b0caadd11487b061c1b5046b667b0ba2372bbf5500b8011f091cd88c34e
15kwjf8,AskALiberal,conservative,243,473,8ffd36e933290304159a90f8f923df8268970d9098d468aac7795ae6240ec512
15kwjf8,AskALiberal,conservative,243,465,8ffd36e933290304159a90f8f923df8268970d9098d468aac7795ae6240ec512
15kvvc6,AskALiberal,centrist,240,5618,5233f05c075edd65096a5223e66f0b267dbefd5ad12e62050ddc52ef7aa92d5c
15kvvc6,AskALiberal,conservative,240,4276,5233f05c075edd65096a5223e66f0b267dbefd5ad12e62050ddc52ef7aa92d5c
15kq706,AskALiberal,liberal,162,1330,71d8d398ece76bee5954fffc9c2c2a7ca97411866013b22e872cb8ab066a96da
15kq706,AskALiberal,liberal,162,1189,71d8d398ece76bee5954fffc9c2c2a7ca97411866013b22e872cb8ab066a96da
15jtuki,AskALiberal,liberal,135,1961,65c034b6a9fd93d8bcd4efccf755a37fe7cbf1b638dd58a7bad75b900f8615a7
15jmv8k,AskALiberal,conservative,109,2640,61aa9e37005c078bd64679372d679ebf2ce5893e105a18135b6e98e8d5eab332
15jmv8k,AskALiberal,conservative,109,2637,61aa9e37005c078bd64679372d679ebf2ce5893e105a18135b6e98e8d5eab332
15jb82c,AskALiberal,centrist,155,478,cbe2caf8c38cd73eac5615de38acd9c238146eb911cad9d5ebc663d21fbf8a1b
15j8fzc,AskALiberal,centrist,247,56,4a4cd65ee3f515f7bc6f0c5a13b835d88244c749c367f966294e8922694ecd36
15j71gi,AskALiberal,conservative,115,339,b29380a714edff840753feff9c15958c4465d021d2aa2d6d24b50139c8cc265c
15iyna4,AskALiberal,liberal,143,485,6a473f3618ee4bbd64ee47de1405605389781c353c932ecc0fdfdc9e90acf04e
15ixmmi,AskALiberal,centrist,224,1017,534984170f4a7fe53ffddff9c2765de540a7916a40c412e1fd415338ed21ff1a
15ixmmi,AskALiberal,conservative,224,1156,534984170f4a7fe53ffddff9c2765de540a7916a40c412e1fd415338ed21ff1a
15iwkff,AskALiberal,liberal,167,628,e1c4fdf3da98fd3e6b0a76b4e441299099c15ac05855b0f4377b632665c66f84
15imbgf,AskALiberal,conservative,137,266,68163d30266e8e44e49feb9aed4d56bc2fc4953aaf7676667810601b894d52c9
15il7rv,AskALiberal,liberal,221,198,c72337f66476ad4c4d8f2d4daef3eed1b0ca97e626e5fcec0a5cf64f5cd1b35c
15hv0u6,AskALiberal,centrist,130,532,ed3f76c4ac8ac162da48cf718d9d3c896ceac1237f3261eb9f00d05816b11709
15h7p3l,AskALiberal,conservative,200,608,6b26500d841db6ccda5764dd27a955170f2ca352b3703272324ce7938e874e95
15h5nsq,AskALiberal,liberal,146,78,6c198f1debfe61cacc383e97192ebf4bf4e8f6733c5ce195d277ce8276aff729
15gyyln,AskALiberal,centrist,135,4228,d071e9bdd13b90c9e0903e1d61545249f101fa86f4a0a3cb1e34cf0672fadff1
15gi6dm,AskALiberal,centrist,147,543,a7fee2a8a6bcc7d7c3af6a5ec8f38db724896038518d2807a53a4fa9b7dbfe45
15gdjiq,AskALiberal,liberal,142,1766,8e97bbbd3f5a8724899ae4e2b2e7fb077d85bda7f0410760042633caf6ccc770
15fg2jw,AskALiberal,centrist,177,736,a5462577b3952efa0d911571b3482df762a65d02efe0c703762d52e65b9efd81
15f498x,AskALiberal,centrist,125,521,587f21a429f191e5685304d884d6334bd3c97f6b3eec73c1194b0ff12931012b
15f3szx,AskALiberal,liberal,155,2959,2dbe69b0aed67e1bffbab0ff801d5214e74bd4d21525b47c428b163561e0d05b
15f3szx,AskALiberal,centrist,155,2760,2dbe69b0aed67e1bffbab0ff801d5214e74bd4d21525b47c428b163561e0d05b
15e9zwj,AskALiberal,conservative,168,994,aeacc146017f90db14fae75c8a77a8b3aa21bb98249de644b217d8d98dd07289
15e9zwj,AskALiberal,conservative,168,992,aeacc146017f90db14fae75c8a77a8b3aa21bb98249de644b217d8d98dd07289
15dma62,AskALiberal,conservative,205,426,e8d343801a8cc6289bc0d30eabd0697f9b45f7ec3af40e9c75bb9b8865d1d497
15d3mo9,AskALiberal,conservative,138,2004,4c4743f034f8cac124bf94278443dc1eb44bac681f2c10374a4dffbb78f5f9ab
15cq6pc,AskALiberal,conservative,147,759,f06385395c3f5f3a88df7cbb69ddc82fb2f4035d27eeec8d97f8d902c12abcf2
15ci829,AskALiberal,centrist,140,335,bc9c6642a37407742982cf014b05e62accf8a03a1479694a58961866e349cd10
15bvux5,AskALiberal,centrist,125,211,37b9184ce29b0450210469db57f8bcaf3bf309f6179e03c392ada269e37ed723
15bmd43,AskALiberal,conservative,157,390,54e80082eaabdc41900f41832786c7de68016641507ad6466d7b3e21f8c30676
15b2qy7,AskALiberal,liberal,279,2444,3c96cba6b7c14716ecf21dbf032c31912068647a100da357b772e652c2fbab1b
15b2gmf,AskALiberal,centrist,122,219,d50fad03ad69d321c3ff46f6a6c1fcf6c3d8078baaba6fccb1bb2274f3628178
15asfzt,AskALiberal,conservative,152,276,456a5c7d8f5d7b76d9902687d4bcf64a03f906c9b4f6027347d9ed3489d3f0ac
15aj5cl,AskALiberal,liberal,289,608,222a8ad15db5d09c6ca6f62bf3def0af77d097fe3b84a5c88fd754a2c0bcfee4
15acjuf,AskALiberal,conservative,126,524,1d0f1f16f022738e747472ff457ea700daf90c135e133989777b4dd41b64c9d6
15acjuf,AskALiberal,conservative,126,524,1d0f1f16f022738e747472ff457ea700daf90c135e133989777b4dd41b64c9d6
15abnc2,AskALiberal,centrist,130,567,bb09d817a9a61078c02241f8d12c2e6ab3c2ccf4bcecca6663ddaa4049761ebc
15aajm1,AskALiberal,conservative,244,3849,6a8dd7e9872cc65e0377f5bde7901537322d9f1dd2bf247225c6f82bbe860bf9
15aajm1,AskALiberal,conservative,244,3830,6a8dd7e9872cc65e0377f5bde7901537322d9f1dd2bf247225c6f82bbe860bf9
15a7dss,AskALiberal,centrist,195,6351,5d199659d32d935be5bb3db32cb01df73179eb26f5e8074ec6c37bcd159bb1e5
15a5fif,AskALiberal,liberal,151,442,4b2c84197084b2ef2bafcce461df08de55c06fdef995cb4c29fa00939c64262d
159bpao,AskALiberal,conservative,142,692,a5e8284b8b02e929b8613639a8f20eec4229078e20af774526ffdb25a25bbe01
159aoey,AskALiberal,centrist,227,4605,edeb508e190be7ccc52f56b34e4119f8a00e4f9af5d29e22887a80b770765f03
159aoey,AskALiberal,conservative,227,4533,edeb508e190be7ccc52f56b34e4119f8a00e4f9af5d29e22887a80b770765f03
159a9ib,AskALiberal,liberal,136,147,8eb0c308ee031e0cbe97eb48e13945fcfe98fa229292da8c340d6c420fec72cf
1596vw4,AskALiberal,conservative,155,535,b107623164d431089b1a6857818842f260d60dc2a8eacc29873d263815c8e457
1596vw4,AskALiberal,conservative,155,508,b107623164d431089b1a6857818842f260d60dc2a8eacc29873d263815c8e457
1596l9j,AskALiberal,conservative,159,481,d0e53df5285b80967d80f2d7b43f25d65abaa88fa33e6fec243e89d34a047608
158l6be,AskALiberal,centrist,120,367,3c06e6178b7b92d847e730b26e69103568558a5a8cee3d1f6909feab6ad074e2
158jwp5,AskALiberal,liberal,171,2578,4a4ba81f805dc87a974f4ed2b34d67588b05c8bbb966d3925a71c3a8d2d2d90e
158ikko,AskALiberal,centrist,184,207,4a68d05d204f6b0720b5b510e508750aad5f1ac989f9a39325c6149e2b755e5b
157ugq5,AskALiberal,conservative,191,1280,51c1bf5678a7bafa5727df03e6592b14d405675a6c56f0d4902632628073bdec
157rr9f,AskALiberal,centrist,132,154,6b76daaf4d134b2ced78926212cf51c13fc8ef731a0def125b883de764aa5163
156u0tl,AskALiberal,conservative,115,2401,d49d608ea59918085215f6bdd6109568acec6998b5d729984fe1d49081dbae91
156kjfc,AskALiberal,centrist,133,306,8b8112b208bc90873fae037133f6fc0de4a799774feda0fac0f06ae9ed00c8d0
156kjfc,AskALiberal,centrist,133,160,8b8112b208bc90873fae037133f6fc0de4a799774feda0fac0f06ae9ed00c8d0
156jzql,AskALiberal,conservative,178,2764,0cbe34993ae79c4a076067fbff58d22d6373e346e18405e9d1aa0fa710f76ea7
15695e2,AskALiberal,conservative,201,396,01a5c66b4b3552cf201a2e6c3f003f2e17e24365c8a01d4f02a140082ded8e84
15695e2,AskALiberal,liberal,201,365,01a5c66b4b3552cf201a2e6c3f003f2e17e24365c8a01d4f02a140082ded8e84
155r0dz,AskALiberal,conservative,293,131,afb5e056bb6153b2a1610b588e3b1b4571c64d1b02b8f6841526a2acc0c16672
155l59a,AskALiberal,liberal,290,435,017f58710b12508cc1adc10ec4f55187c97571871b3697806e94bd0c5bdc0bff
15573lo,AskALiberal,liberal,300,681,dad123e2ac24df100bc42d77bf06aab955e0b3064fde94af465f4945c6266e33
15573lo,AskALiberal,liberal,300,670,dad123e2ac24df100bc42d77bf06aab955e0b3064fde94af465f4945c6266e33
15525kh,AskALiberal,conservative,138,919,fccd158aac3d59460c08dd14e9a0c4c5374ccdeb80a32f4479d71b1af33dd43d
154sbi4,AskALiberal,conservative,139,497,aff387769c9f60ac39e712003bfbc4af1111e3ca9d3d980f25356b7e07b93f3d
154cy1h,AskALiberal,centrist,126,101,0aa0b2c604bf6537469b8465e4fea2b97c047c5c68a6a17a7dbf10a4fcb640ed
1fufegw,AskConservatives,conservative,222,1177,fdacd22792a52930e139a4bfeb512726d4f27a6e3addd0adf0c61d1e8650bc8a
1fu6ztv,AskConservatives,conservative,119,108,3a86697fee16119440086393556ad21765cf995f52e9a5f78c21c86c96fedcd1
1fthqo7,AskConservatives,liberal,183,1614,821a385d16d9a2e5ad06d73bf96c0332f94020fd5e9b1553f30216a8973dff6c
1fth3n6,AskConservatives,centrist,181,781,7a27ea8ad7fd9dbd488a426f67269e137863558a03f1ec9ee85c8ab4715172aa
1ftdy2i,AskConservatives,liberal,129,89,01e27e826258d874692bdc754ca5beb53b7b04f8db34a9c25ebd4568967ccf88
1ftdaml,AskConservatives,centrist,260,217,d4e8107f8e38321d93d609d0ba6f8ca1f8fc5016bfb8f39803bbc7c634c6809a
1ft81tt,AskConservatives,conservative,136,473,ccf221cba264c849f3434f293f5f41d916cbf5c3c1c3c1b62e1caf7e91ce4edc
1fszf61,AskConservatives,centrist,192,822,020e657a0164e80a5d2e8d2ba0e87b515f52ec4c60e37e9f42c6dca39e488c46
1fsgll5,AskConservatives,conservative,161,831,3d81870b4cdcc5e3bd56299a739c361656850674690ff92b3ecbcf9277a40137
1fsgll5,AskConservatives,centrist,161,783,3d81870b4cdcc5e3bd56299a739c361656850674690ff92b3ecbcf9277a40137
1fsgjcx,AskConservatives,conservative,179,783,1b420184184807db4f13c497e383f7aa7047a2b959dc57175ed992f461f00243
1frjmqb,AskConservatives,liberal,183,343,74d0d64040cd6d8af35f408df3a698ac4b836ff9f98412a05aecc15dd248701f
1frbmi2,AskConservatives,conservative,240,548,f52d96d88ba1d303d6c9567bf20327896577bcfa08d6d14f7d6191a7ed62ef06
1fr4ydj,AskConservatives,liberal,228,1199,b8752b087be60925f41b4dd2fb1d6ad255e380267dcb33227edb375276619d16
1fr3yuy,AskConservatives,conservative,197,382,82d722f2fc3051152006b6a1c75fb52a040a8d9400ffd7fd07004f335612a33d
1fqksro,AskConservatives,liberal,180,2884,8a4191db942d165bef2ffadce3996e960cdccfdcd34850373f66194ae6218a07
1fqj4a4,AskConservatives,centrist,226,362,7eb13d8cffb52843bee346cf7d83cea0e5c48d8c57d276d6e389f4967408ec08
1fqbhzb,AskConservatives,centrist,123,402,54cd37f2539e228f3116a8450a24f7185ef86a50c1202d20f53daa21e32e1b48
1fq8qs0,AskConservatives,centrist,106,431,3190af795caa178952a45c5cfeed1a1be03c0ea73ad6fd4c0aa2bce964586de5
1fq2583,AskConservatives,conservative,293,284,c5bf7ffb591a3c530f6406c26b161129aacc97b3552e8652b81369cc6d090086
1fq1wli,AskConservatives,liberal,190,859,8cd0b75f7850316fcc60d5001b228953b7db18fb27fd9acd60cf25981367e0df
1fpzi05,AskConservatives,conservative,164,424,d458bb0c1181545450eeb2d73ef5a34e171d5f77312d95bd1ce36f73cae23fb7
1fpxgti,AskConservatives,conservative,106,1502,343929913454b73546c862bda26013f85762d0846f94b52a5a545a03dd9fe70e
1fpwk57,AskConservatives,centrist,225,236,808f64c94b6e78b00072d3341ae7431c44ee7570ce17304ca7a1ae93c8c12d0f
1fpmkp2,AskConservatives,liberal,165,328,df02b01c6bea7c9e8b6492e17e4f1a330c582b03511dcd5baddb10bfba6be104
1fpmkp2,AskConservatives,liberal,165,57,df02b01c6bea7c9e8b6492e17e4f1a330c582b03511dcd5baddb10bfba6be104
1fpczqi,AskConservatives,liberal,165,832,e7f016f38ebe90478d4823df70a901693579d551b50bd35a7c17be9adea7a2d6
1fpbwp0,AskConservatives,liberal,137,272,9687470894e5cb38cc6a73588193a11f161d7a64de687d821a92684d790929d8
1fpbku9,AskConservatives,conservative,139,458,32875723a0c6e263504bfa4c4bc17f44bd440ff3d7df7ee8ed5f61ca0710a165
1fp3mhc,AskConservatives,liberal,299,1054,15247833a8c5016894acabdf4298a5c764ebc0c81edca896b8057d93485b9a85
1fotzxx,AskConservatives,liberal,143,412,9be26ff5dd9370ad807363ec2cd134f65bcf6692c1656fa70a3343b7988246d4
1foqwc1,AskConservatives,liberal,297,460,ac2431f7f421950df3ad1dd9bf555a2f5408651ad0ea4301343abcf3ec6efa7b
1foe2hu,AskConservatives,conservative,181,575,d2b7730d76a555ce4b3aba891b8420ac42ecefc4289e04190d08e9e49ee1aaef
1foe2hu,AskConservatives,conservative,181,472,d2b7730d76a555ce4b3aba891b8420ac42ecefc4289e04190d08e9e49ee1aaef
1focrxx,AskConservatives,liberal,122,1335,a3d87525733bd8aaf02c594d417f92251f1f3c9c7282e7d0009e8d3fed1ce7a5
1fnzxne,AskConservatives,conservative,121,811,2ec185b90b7e5bc7e081c0b6978255748d48d99cd9b276ef2d5775805ff2a367
1fnztvu,AskConservatives,conservative,116,362,4a16d3dfe481e676eed69e4fbea1ead7a5789dea2d1a4e9cc83d2e0f845afc4c
1fnztvu,AskConservatives,centrist,116,201,4a16d3dfe481e676eed69e4fbea1ead7a5789dea2d1a4e9cc83d2e0f845afc4c
1fnyhru,AskConservatives,liberal,176,265,31596bf261f22bc0d0c13ee6881f2dd30368c600d26f9e3bcc8c1b20a666647a
1fnwzlx,AskConservatives,centrist,172,289,6431ae8efc7df727f21316a62d7de44b3a951b99f974c6bb3028dd4af81db9fa
1fnmgwt,AskConservatives,centrist,112,218,cd61e937bb3608fda6e1eafcfae46ac1cb4ff5f6825fb9aef99f72169b27d426
1fnjkl8,AskConservatives,liberal,120,372,4b89a6b9677b4c404354aeb9acda754500eae39c3a404f0054be37ceae789ee2
1fmx5cd,AskConservatives,conservative,164,931,856f75459b9713156a384e51dc9665dc88a1f3a0b36fb69d342ebfaaad094c99
1fmx5cd,AskConservatives,conservative,164,919,856f75459b9713156a384e51dc9665dc88a1f3a0b36fb69d342ebfaaad094c99
1fmn9p5,AskConservatives,conservative,122,335,09144fad2c1d712efefa988d88b03a3639801277dfffd232655a527ad1428e9f
1fm54qc,AskConservatives,conservative,124,731,8a922e58349b1fdc678d63c6d8f11bdf21d16ffb8a9d255a2df4cc644f8d0f2b
1flwefi,AskConservatives,liberal,153,1733,9114c3fde6b13a232d40935dabf2edc87972ba529d16e6287f72195a095fe550
1flv340,AskConservatives,centrist,104,310,e995063e5039d2440b0ee8e08be5b30119c9c432663d49f0e5afc3384825f7c5
1flubhj,AskConservatives,liberal,135,802,af036362f2f1af2d51a104b038c807c755fc413b4e9dce0641e7bcb63dc57b10
1flogkh,AskConservatives,conservative,144,119,8064577ff4710036301ea3af186ad3ec944242b609a888183d873d59d7064977
1fligmh,AskConservatives,conservative,163,184,e91a496e849da8bc80bcbb02c7e38471e095015bbe161a288fd19c6c1bf4d5f0
1fl1d8x,AskConservatives,conservative,156,199,2f88439de11dfbdedf93d3710efea3df79c8ff0293d2b3fa70688e27f7b66f90
1fky0yx,AskConservatives,conservative,232,1126,9b0a2ddf0861866eafb1a2b936ccbcf566b549a45e4837adf20807dc50417ee7
1fkwbwb,AskConservatives,conservative,237,134,bf4eff27839dda033feea2c39998084b8ec0be6c7af966655a1b7fa6f0e4e659
1fkthdv,AskConservatives,conservative,140,429,067091d991d3136c8dfd03d060f3960758e2f5dfcc0b8dfaae981a1b8abafa37
1fkkhb9,AskConservatives,conservative,202,855,01526d7595271499f91dbe5c66259577d9a838847c9b095e4d1a3f099307d75c
1fkj3f9,AskConservatives,conservative,199,619,640139694e8e055f03a2b0d1ec1b0f5239e5a8e9060a900166cf9fa7726fb5e2
1fki3jx,AskConservatives,conservative,177,404,ebbb9aaff00926c083cb5d6cc0a3511bbfee3bcdd29f85b789c78468d417c3df
1fkb7ar,AskConservatives,centrist,128,321,39188f547ff6c13fc6f7445f043502a76328f81acd5c12d12eb92084cba84dc5
1fka3oe,AskConservatives,liberal,123,123,0e6cc0ee6967a88d3b8b4371de16075cc8bc7644f879b968143371baac00b14b
1fjud58,AskConservatives,liberal,147,1109,93c6ae78f0a78ee5e7382c95600bcdc5aaa99996c54d2b321261bc98338bb7da
1fjs3yf,AskConservatives,liberal,132,1065,1f0ec0dbc5cffcefb62c8bd2d63740ec43163a2fd041e270a07729a26c7e5e98
1fjm7r6,AskConservatives,conservative,110,628,882462c82c618feb37ad8aee2eba6e19de7395dd2ee87388e3d117002c4ae5f3
1fjm7r6,AskConservatives,conservative,110,430,882462c82c618feb37ad8aee2eba6e19de7395dd2ee87388e3d117002c4ae5f3
1fj4nkp,AskConservatives,liberal,148,563,3a48db7241ce94cd8b06852ccb56f7ed3bfb7650974869d64202b35a0627f4b1
1fj2ih1,AskConservatives,conservative,247,1323,040d61bbacdd7cbba5e7b98bf37eaa456bc5db2216d479d2eae08bcc362cc639
1fizh44,AskConservatives,centrist,137,921,1abc69882ac68557d5e8dd721e0cb8313fde680f53b337887fffb7b99c6bc58f
1filmap,AskConservatives,liberal,190,1016,b86d450487e1e4f47e0a5bfcc45a335703d1f96b7563937e7ee2866f765f9486
1fiibd3,AskConservatives,conservative,173,431,532d0100ba662f1dee601e980a5c6e70a7eba7b231462bed17fecd34abf99b77
1fibosb,AskConservatives,conservative,135,391,a2f2956fa21b19be2416b452f03e39e29b65f2135346bc8e83601c8801f5fce1
1fibfhp,AskConservatives,centrist,150,195,42695f059db762fb80fb916d1753be7a0fdfcbad9c138eb807737cbf88239c9c
1fhtcni,AskConservatives,centrist,133,107,03d3af665ae061b09638cb9c22179b0b40d26ab19735d0c9f839189f6f2ffa89
1fhoh5l,AskConservatives,conservative,118,362,9c90b8b2b7d3a90fca6a8ac7b03fe66dd5d48d46e137967e36ea6a8862401422
1fh04dr,AskConservatives,conservative,144,552,10d1456c276aa9ea1bfaf6f8809f5e7240ba9a88aca54b43b5a417ac9b5f383a
1fgxcb9,AskConservatives,conservative,121,193,d78ff12245fff9a26c84b2b03e7d8df0200e249d4e033c98c80ed09bb1f598d3
1fgsyk8,AskConservatives,liberal,220,946,5f8356f577fb1258a51b9ea4f5ad8b001c43a00372df006dc61637aad84df55a
1fgowz3,AskConservatives,conservative,125,805,e550b6d14e754f731be443332d51ab654a957878fb62f8a7d1d1e24e0931e239
1fg6peq,AskConservatives,liberal,143,1490,529be23d0179003ce491f5d247c548ba59b8c2d1c9d71cc2a4ed9a5239822416
1fg54i5,AskConservatives,liberal,161,438,a703c8ec631fe680d7f6113c661c9dfe908025ded59b030fcc6efe2b46a02cb6
1ffznyg,AskConservatives,centrist,159,645,84356246ee9a7da466c65b0b0ac718f55322962d9bfc85cfb94b2025e4ae9781
1fftmbz,AskConservatives,conservative,126,235,a75e41db5bbcc2befd31b42861a4654cca759307f5347b3e92c1329e47df0579
1ffd707,AskConservatives,conservative,219,249,944b0893c3f36e9fef71d9488be305be1ecb7e2e403604cbf07619e15166ce56
1ff874p,AskConservatives,conservative,201,1196,7b21a3a210cfe4fd66bfbf751baa56e81d218383c352968e3eb87935a2c7ae1a
1ff4ax0,AskConservatives,conservative,230,267,492899c72374f1eb56bf892cf77f292d1845a3ce996ef1e4ebbe92e75277e411
1feuv60,AskConservatives,conservative,218,734,11019a01a4c1ba3342e840583f7167dae57be158fad8c374a91bbf144e220b23
1fep34h,AskConservatives,conservative,276,383,5b67d1dfffa6bd3a2812950e531c80c0a83ecfad2166c81e55eeab744f8bc4ce
1fedxcj,AskConservatives,conservative,132,170,d8e79b531b81f5f228bcb457ca7b97036e9ff3f6ea84f0bb1a7fe2909e879d6f
1fecrl6,AskConservatives,conservative,167,486,1ed8707905006faee3dde01c667391aea0b6c79e1782c3300db46c8f11e9de06
1febz5s,AskConservatives,conservative,149,588,7fd388979e59725cc7922baf92081cdf3578aff8edae7d5baa7bcfe2a3edc865
1fdonrv,AskConservatives,liberal,115,278,ebd3cb44362b8f92bf246b4d5a49c3cc0e31d4f66cd472a9005b21a07d613312
1fdnmnr,AskConservatives,conservative,283,253,11a091524bf9c26ad0dc89720631c4141cae976182250ed7a4d0a2e650f81851
1fdnmnr,AskConservatives,conservative,283,109,11a091524bf9c26ad0dc89720631c4141cae976182250ed7a4d0a2e650f81851
1fdlu8r,AskConservatives,centrist,113,158,c8bde036ddef824574b064e12c858365322b0bfda4651d3f8baa037c2b4efe23
1fdig8i,AskConservatives,liberal,131,1116,74ba864ade848afe1a671ec9a5124049a290d72b5181414d445f6804030a6b1f
1fcs9eh,AskConservatives,centrist,135,369,abd8d063275250f2787fc65f179faab3b1f338d3fa4aa8005d17e9cc39163690
1fcauza,AskConservatives,centrist,151,520,97ffd7f6a12e714329be6cc2c90d035da413901870ecf26d9663f902bb96065d
1fc7vwq,AskConservatives,conservative,134,65,c0794e8d267f3d231e874a993910d9136775b577633cc93c995d5cbc28966be6
1fc5w4l,AskConservatives,conservative,147,262,8e10f37c148d8c34f3d1522f53156d223b13edea236090a8ff81734a8615ce56
1fbozvv,AskConservatives,liberal,173,600,d022220581898d12d730d884539feb4a88c75ef72a894fc9b61e2e8bb05d0f72
1fbn97j,AskConservatives,centrist,111,117,f5cfbd852be41f55c713343a62bf072e4c91940e11753997c6448c0b31189dcc
1fbn8gz,AskConservatives,conservative,139,331,208872043d296ac375a9af1c51cc05644d6df19b7626cec0a713e581a1b35ded
1fbgeb1,AskConservatives,conservative,131,484,a6e998f2e00a2345c681e73f9b175197d20a1d5fb04c19c3f8df9c0ca745a3bd
1fbf1gv,AskConservatives,liberal,247,1007,6cd2decbc64d2882b2969e8fca7f630429d69fa4c25059950819e9432fb472c8
1farhlq,AskConservatives,centrist,118,38,110075c4aff74e0c3ae4c0b14c382cb8986a556d212e320d3be2f225c83cae71
1famv29,AskConservatives,conservative,121,850,df904435635a45470db9e7f38da035aa2b774928fe465a3f804708735dd08462
1fahx40,AskConservatives,liberal,205,1236,21b299fe3ede4f7fc7f54f56251e010eff9987454f901b0d8ff07d0b96d08373
1faeif4,AskConservatives,liberal,100,1149,36c33ab5e71fb702a44a4e0cd0888c5361d9c466437b929d0aa973247155ddb0
1faawez,AskConservatives,conservative,137,378,636f22717572b3df75da4b952153a0dd333567ef0164370cd67d3eba57740c5e
1fa80g1,AskConservatives,centrist,140,574,dfa69681d42897b74ec7f63b88ef2edc72899346f05342825e604868d4701c70
1f9squn,AskConservatives,conservative,222,86,a860390598811c8f88b28c2305e58548ca4ff3c99dc385866ffa2f5c4ea0a856
1f9lll2,AskConservatives,centrist,245,397,042287521a9c5295ae53a38679e25c919617da79b3250936213c242a8df8d5bc
1f9c40b,AskConservatives,conservative,162,941,4a823e16750517c0ebeada41914d8596ae6b77dbb01c38beeeaab1ff8a6ce364
1f8h80s,AskConservatives,liberal,121,958,9f4c23ff24dc6caea8c3debd58adcb04583aa93e0c431a9ce0f6f4452d4b5a67
1f8e8ai,AskConservatives,conservative,123,949,16e76a95f13ef0b1ef0a3638fa5f29b5035e623088dfd87f95c70b77768b79ee
1f8cinb,AskConservatives,conservative,250,380,4264bb4ae3a74cf852255a1457f90347bbe52fa2e1362faeaac8c77ebf4c60fc
1f834f7,AskConservatives,conservative,118,1233,06e625981eab7f909aebc646dfb3972b1dbeb7a5c4ce4eada820a9255312a0a9
1f7zwi4,AskConservatives,conservative,195,466,2bdf0e9959fab57fe59f0150d5c46cc52de4a3d4aea1d44f881ec505b1ce91b6
1f7zuik,AskConservatives,conservative,195,252,2bdf0e9959fab57fe59f0150d5c46cc52de4a3d4aea1d44f881ec505b1ce91b6
1f7q4qt,AskConservatives,conservative,221,1286,d5a60acdb98a2f2e7b346787d31dbab3f45aa0cb306919f0454e5235bb776dbe
1f7kx59,AskConservatives,conservative,129,131,f17d336481b29c9668670f6300df7666e6de6cfc22e78be1a3436e7691c8e14c
1f7k1ey,AskConservatives,conservative,113,1438,7711426859c23f4ac0e7e59316b5554d9d8eaeffb8dd6cfa0ba27e80cf68625e
1f7a5v8,AskConservatives,liberal,127,567,de8a806a05d9c8b8374ba8586bc114b32e89e54141ac7ea29e5f10363c0a0c7d
1f6qpa5,AskConservatives,conservative,141,444,d8d935e20d00426e26d82c64ebad2b84da46ab062fc21987a9498c6443d79310
1f6mvb5,AskConservatives,liberal,140,304,7fe633e73ccb1fcc2dc816e7e47bb9f6af237990e39c62f7069d0d573abc8b59
1f6idg9,AskConservatives,conservative,123,578,6d2566839265c08833aa0a70401984301b7dbb2edc33d93bd594caba885e5775
1f6g7qx,AskConservatives,centrist,120,1182,0cc29029c667c38afee02e99b889cf9c2d5fa8a6482c43812911edafe09bc838
1f5q9t9,AskConservatives,conservative,224,802,fa2a1161cb3e4442f95e5492339caf9b2d162a8a445cc97191bca5eeeb56d13f
1f5oklv,AskConservatives,centrist,300,804,b6b7c5d89dd540c56b8c6e2977d489c2a0d652feaa0aef62e9426619a3223fb7
1f5huvw,AskConservatives,centrist,218,154,88df2d875bf52ae97011063c527e042dbf6f853346bca61e4aa97e22e146cecd
1f5elxf,AskConservatives,conservative,203,233,8e66480aa9a37227b03986bf7caa08459c47a13923c9eaa85d23c6ede4e6f0b9
1f5asm1,AskConservatives,centrist,170,349,af2136b95815a666d243c02db2ae7084a6ecf625a2cd12f29028dc36a680941e
1f5a5cb,AskConservatives,conservative,155,386,5673d299a465137370dc3b1d45288a6fdd8823452d403fb5868f67a78d059dbd
1f58rwz,AskConservatives,liberal,142,696,2be3e124cc9232dbdf542a8ad30db251a48d8cc5045e0af28000f58f931bc83d
1f5005h,AskConservatives,centrist,114,1051,d2c579711288f2663916982f69f177f000f374655b64e54c2fe49ab7e136908d
1f4z9u9,AskConservatives,conservative,132,1472,0f896ff1d3c59bc89734ce2eca4f9ca66502f3f756c8698ce525f1e74714b5bf
1f4gr8c,AskConservatives,conservative,293,132,3a51c685a6f3f0a49d4ec37fa4ed105873290135906a20df00b88fa8ab3c4eb3
1f4g4ik,AskConservatives,centrist,196,169,cc0bf72e9d5e2ca003c642f6680915c931a744069afbfe35621277840cc2b190
1f4d1t8,AskConservatives,centrist,246,1066,e7868a900755a29669c845b03237f0f684eacab50bcaf16de86e64d7404f90a0
1f4cu7j,AskConservatives,centrist,246,724,e7868a900755a29669c845b03237f0f684eacab50bcaf16de86e64d7404f90a0
1f427su,AskConservatives,centrist,142,164,a811e042ea67de9f3b780f5c448840bd99d5984758a0814eb90851ce8417e0c8
1f3zrl4,AskConservatives,conservative,219,447,af3da595a1be42689a3f55264e763a70ebca097808575484a3071bae382b6ffb
1f3rvx3,AskConservatives,liberal,185,329,34f83238df5e9459a133ca5de39975aadfa7e520f8cd3f69a4a4107181802040
1f3jtoz,AskConservatives,conservative,155,523,4fab29969ecd756b854f34aaa1c3013579176fb37419a8793d0837a6d03c3189
1f3jsvf,AskConservatives,centrist,267,149,a1dd51a10b8ac46191e6b79a9df76f0c01d4650f5af3dea6e73b584fa6edf50e
1f3jg8p,AskConservatives,liberal,155,457,368599b791eb4e5cab291d65ba413c3bc4d36240dea035e3802119a8a11c91b9
1f3637a,AskConservatives,centrist,183,351,b340ded1f4d45e0ad068a95261ba370f8c89d34fcf5e8ac855f12e6b3eda8c3b
1f32cc7,AskConservatives,conservative,143,2181,1453f1c413ca493357e3d2c0357369a85557bcec1cdbb78885d228f5c9ab9e08
1f2tgzh,AskConservatives,liberal,235,1491,daaf28a9600172cb0e4f1a32139be75c392f91feb500800a4b47a6c4b7bb2ef8
1f2mo70,AskConservatives,conservative,222,215,8a70bd8c17e5649990b7116c0c71ed240d780754c398ae220c0c397d9f61cb9d
1f2gpkl,AskConservatives,centrist,149,38,9a58445a90d52cc066e5d60cc41cd6ac019c96d5b6af09dbed0a12b0b20b4cf9
1f26nh7,AskConservatives,centrist,133,352,f7168ac9edaf6d11ddd4ccafc2fdb095fab2f1597dabff65d9ef3816e175ae0a
1f1zu1x,AskConservatives,conservative,130,359,564a283e1ccc3aa32399459ecda5714b9fc1559767d66aa119878074aa6c35c3
1f1z1td,AskConservatives,centrist,245,1084,ffbd43d523b0159b14bb6cc375842a7984d8726e5641935333356efa1c170bdb
1f1z04h,AskConservatives,centrist,246,1905,f5b2758602d892048516e5cfa2c13e987c21c5ea01b69bec61a8e7e10996dca9
1f1w1u3,AskConservatives,liberal,116,510,dfc014eee26f6fb8dce3522b21831ee7afd66c5a4fd735a2a94eb40b265c0ee9
1f1hj7b,AskConservatives,conservative,149,712,e351e37afcf68e10832d8676726f0daf8e3ca545ee0ff09fc1b16439f946b55d
1f167xr,AskConservatives,conservative,277,955,88fe2b04cc3354e07bbe0b09386569c51b3d274bfe08d3dc83f7f27ae328f2cf
1f0tqiy,AskConservatives,centrist,139,972,f17f4739f07888b46c9ad5ab1ec6eb85b2e098b8b7aa95852a7259928d0ee78d
1f030wg,AskConservatives,conservative,237,551,19f6f65fcaa42c169b870b2d21c4d4646f99e7b1d5a9ec217774839a4364691a
1ezyubk,AskConservatives,conservative,162,1788,f4717e0f079808f98730bf0631522b38365a3dc8396a859a7c63808c455b32b1
1ezhnft,AskConservatives,liberal,144,386,9beb596f58396896976c24f35a23a9df8cb9ee19a2dda04062438c0baff578d1
1ez03pn,AskConservatives,liberal,157,915,c678e121d9764de716184251bb5d61d2e6a611e16cc9ca41eac1a6af8eb1173b
1ez016b,AskConservatives,conservative,158,881,4533e1e227f47c276f282bde3beffc2cb75af23f719afd0b316e25429dad6860
1eyy9hm,AskConservatives,conservative,121,26,7185a18d764cb1d43d3cbdb1e9addf1f5e380bd757e53cb9eb24832431e0c775
1eyqxkk,AskConservatives,centrist,125,236,0ad7e954efdeaa5c233605744bb6f3479a8810dc3cc86c40d9c20d24822b7690
1eykmxw,AskConservatives,centrist,212,367,54896931314ab6844bef73f2537a07bec9a226bd18b78ce060b689417d0513ca
1eye1oh,AskConservatives,conservative,149,319,aa1273ecb148e54cf4ae8d524136b2985416cda62020538a4bd3a13aaaa63722
1ey5hd9,AskConservatives,liberal,112,468,49de4c95b593e0a3d18171abfc6fd9cd567fb92f201b0ec69b6e72f8999ffbc0
1ey1b50,AskConservatives,conservative,140,144,411597fe82761de73ed8961a87ef2b39c56920b3eed50526a97a58365bb94156
1exzroy,AskConservatives,conservative,133,412,426c9b650cd3ab271e5b5e3de860ede846dcb0be6c54e5ada5dab4b4b9c60cc9
1exp2pb,AskConservatives,conservative,146,800,a61ec7bfdb77b8412aa93be7559421a66e85ce2d57d1f738fa4f7d6937c558b6
1exhcri,AskConservatives,liberal,173,578,e09fae6f7a968fa6b1adb1a54ee8d9c00734669ae849544387e21785a79241b4
1ex6unr,AskConservatives,liberal,105,248,dee73c96aadd0cef83bed51d4a56c8260a57b3b213dc2946bdc93c877011b86b
1ewudsm,AskConservatives,centrist,189,257,e4d8099d3e3d5d49dd3c6201636f81b620dc89e1adf59e2514c2c57b7ceb744a
1ewgfia,AskConservatives,conservative,143,667,764a59fbd1ba850a5ac229291ae7c8b97e225da4851be9300896a18dde2cdf06
1ew7vg5,AskConservatives,liberal,171,739,b5e0628ef3d99df9a2bb76545c80f72521647f5ce05d9c515cbdafdf8e159356
1ew240y,AskConservatives,conservative,151,941,7553876d9d0c592504a168d537bcf9170c4902fda0fa0b4dd49e65074ded410f
1evubpk,AskConservatives,centrist,127,85,6f0216b1e853428ac9a89d04566b9b2b7b2fca60d96550b2ebc970a9785349b8
1evr4bx,AskConservatives,centrist,162,244,3db64c4dd2f113d89fbd5a3a870770ca38819ec132df71aef4917d6954564226
1evpxzu,AskConservatives,liberal,174,233,cfe588ba2f393217729327c73615ba41b5750b4e996f66a26b8f92af9cf95060
1evn015,AskConservatives,conservative,219,1256,c8ea4a2a2eeda8b8eb06a0b8546398e608178e9e4e69ce694b500d34d57a0cd7
1evd181,AskConservatives,conservative,125,215,5429155a72fa7a97e0357ed2b3972d04aeae0e0c523c2299a255838da34a435c
1evbw6f,AskConservatives,liberal,138,910,e9f2272fed3e0b485167fb5ad2d91e196a2d7efeb470e7084b7c519e7c13e81b
1euwo49,AskConservatives,liberal,185,124,98feaad3a05a4c5b82b008558d1ea3cc789f22ec3e05d505f8e510425f3c0c62
1euw2pe,AskConservatives,liberal,124,158,d693ec8395e0a679feb90f1d55fa5c7731a380a1baf3f4e6b14f26aaa7195eeb
1eugv6w,AskConservatives,liberal,224,895,fe4e9776b6200b1a841c15d28cc9db17393566b942b4832a9146d09c8b69a04d
1eubuno,AskConservatives,conservative,128,555,c3905aaedf1eaac824062c244432b2dcaeb53df0dc5f17c1fc52d44938f61107
1etzlzm,AskConservatives,centrist,126,990,997312ce29469888027713ac7745c49abc5396be9ea96c6f8a358d66ab4b9eb9
1etuawr,AskConservatives,conservative,137,498,2dbf92e67bff107b0d95d162b6bf58c4cd07df99e9c44b3ab96e165a534e0c64
1ett6xt,AskConservatives,conservative,189,1669,97b3a84c0cc8c49e7e0d8eef870c70a8cad96351365acbe8202c93c87a6fe85b
1etr9io,AskConservatives,centrist,208,189,df5b8de03af5cc98e0e80107b1073fb487bed19a7fc1355c932b67795326d204
1etbbv3,AskConservatives,centrist,104,105,918d51812531ff751ea277f8364e8f76cfe88cba05818018d885176a5dc04e98
1et2l8c,AskConservatives,conservative,196,682,c0281fd62dec3cdef8a61dea0c18831a1ba316bd62c23b1cd1ea6c64f01153c9
1et2l8c,AskConservatives,conservative,196,194,c0281fd62dec3cdef8a61dea0c18831a1ba316bd62c23b1cd1ea6c64f01153c9
1esee0e,AskConservatives,liberal,237,121,dafc8d695ff1e40c7ae7b418df3609d930f58d91566254cf6f67869b3cd28b7d
1esbia4,AskConservatives,liberal,132,248,fabc876cd9b6e39c318232340cf75f0871140694a7633ff2802ae3e441b0bc22
1es9x29,AskConservatives,centrist,156,312,e9cb40c7e0e8b2f1eab6c20dbe916f86391049771fad080c8219cc894833d317
1es4dr7,AskConservatives,conservative,292,845,1d7237e88e680c206f0e369d17aca9fc45537b5e3c1442e9cd25b97fe19d6a49
1es2xvo,AskConservatives,centrist,181,226,f0af58fd4fc028a1c0f3615e7abe2940403349f20f97eed15e2fb1774977558a
1es276c,AskConservatives,liberal,271,2990,5f805e11d8b1d5c6a87af02d08d5801227bf4e1c0b598045640eaec2b1f60792
1erpotn,AskConservatives,conservative,159,596,d818d5d2c1310cd9896b629b4269d1ad9f837a886a859c702fc66d8ae042e6db
1erov0s,AskConservatives,centrist,106,178,1d2b911ce7a923c128934e6661c9a8fdf861b4cde604ab5f3d96c4f8873674c8
1ero2vx,AskConservatives,liberal,121,1265,172fc66ae8d9921ff5e5503b63163a972a0aab5372f69297e5694e9dc879044b
1erl8aa,AskConservatives,conservative,256,445,858a04b9c62a29e70dde87931380f017bb83c3b6ee2330686bfb9c31e541c330
1eqx62m,AskConservatives,liberal,175,220,79404a595db735543b8b83a789de92a25a2cc85380baa36055f9d5ba3328b80b
1eqvzew,AskConservatives,centrist,187,207,2c80d86cac6c2cd894995daa400b3d2febb9a9b6ebb83464445e6d150e9a733f
1eqqto0,AskConservatives,centrist,174,79,2bfa68f5e2f8b7e7265be50c5a2b1006c06d41aa31cbf811bd7fc9997e30919b
1eqqto0,AskConservatives,centrist,174,79,2bfa68f5e2f8b7e7265be50c5a2b1006c06d41aa31cbf811bd7fc9997e30919b
1eqhgyz,AskConservatives,liberal,138,899,c9a9650531f12b786d69c7df3c4e541da71501ef3b489964dfea26f1d7ccdc11
1eq2x3h,AskConservatives,centrist,125,1111,74f499a5d94ff619b570f997c502dbab6d363363031b61f7b8ac77a1a137fb88
1epvdym,AskConservatives,liberal,112,418,d42ce2f473c4437358de8b815b55ae2993adbead3ade0c429c821f72add60a94
1epoved,AskConservatives,liberal,100,556,c0e33c73ae39a7346b7acbcc878c2dbf6e05ba04745a448cab86f59df798c9e2
1epoved,AskConservatives,liberal,100,556,c0e33c73ae39a7346b7acbcc878c2dbf6e05ba04745a448cab86f59df798c9e2
1epbbhh,AskConservatives,conservative,130,1516,ae8c0b5936b7b645b2fbea4b5d369dd75c129668013f9e63be8f3416fc335f95
1eozx8w,AskConservatives,liberal,136,1167,c4e1b3f25676dce10961c70af88ebbc5991d4d2808e9a0608c55728af72944e4
1eoztp9,AskConservatives,liberal,146,1167,11fd863eb2196dbe667b2fb34d2d49afc9155a43db952e86b8f533366597467e
1eozsl8,AskConservatives,liberal,135,546,2cd2faa853de1b8b5ee9eafed80756808ad568a07acc591d7105585a59eb1502
1eomauj,AskConservatives,conservative,149,470,5f8e6bd44b7939d213ef7aa8639b40e7ae67620f8ea701862698aaec6fa94d88
1eo60q3,AskConservatives,conservative,163,1284,0016d9210746ab6a06602fea99862540923cbb6cfb130cd637921dfe241e2f21
1eo3eji,AskConservatives,centrist,158,139,72258036de141fdbe1fd82766aee61d27f097171d25be9c1df55434071a53fc9
1eo1ydo,AskConservatives,conservative,210,516,d8567723d1130a08486192a51b093af9c8e33d6501cbe00c0cab783b0e8efdfd
1entape,AskConservatives,conservative,177,227,efe3565bc374395bbcbe8a736d8e12ccd6524606666b5f77a526dfb2431bb319
1ens7eo,AskConservatives,liberal,116,810,f310a226000c912bf6c81fc1871e603fbdf72d055e267b4d56ad37890105e7bb
1ennkof,AskConservatives,conservative,183,207,3759a6c018afb8f6cff538c12a4d0d02add41b04f3461d517218b32a8787f76a
1end2t2,AskConservatives,centrist,131,225,7b0e4b7f230d0458a305a22367238c3329b967b6ca68b60409c1694355450697
1en8t1i,AskConservatives,conservative,147,356,eae12a1fc0aac61f4b8f7fe37db4888a2b235c4c59a1427290bd34d9cf610ea9
1emuns9,AskConservatives,conservative,186,150,d2eb45363fb2212e5918ab00eb8257eee1113a5721ce28d87f9e9675d5523e25
1emkko1,AskConservatives,conservative,128,814,b09ae13a414870a7a6b90688ca8e36df08b9742e1a36cd52e265bd6fea61b76c
1emf227,AskConservatives,liberal,235,1019,d354067b8e6c8b939b069779e40e289f4e97ce30ef2f21e5c89c77f43214d62c
1elx3c8,AskConservatives,liberal,240,1360,50fa120dbc39c08824e156eb79d8afdbbff6ff46625d9d6918b39dfee005a180
1eltk5h,AskConservatives,liberal,240,1135,50fa120dbc39c08824e156eb79d8afdbbff6ff46625d9d6918b39dfee005a180
1ells3f,AskConservatives,conservative,169,872,7b749d08c0070de1c4283406fe93a68fe1f8748c908de08b4edd21599f4b3db1
1eky18j,AskConservatives,liberal,116,567,2f8ad9066c9be890d9bdf7b69df3023cc27dae8611b5677e9d0776cf6c3e15f4
1ek66px,AskConservatives,liberal,170,575,d6e94c04246480646dd10dfa9252a6d6641bf871c1079c313bc34a2b2c52b7a4
1ejxgfr,AskConservatives,conservative,188,386,6252a9533160173c442580aa5b12bbb30bc71d6a7571f3d3b195ab42874c0ac8
1ejucda,AskConservatives,centrist,273,423,5d18010ca8c4e5b71815d7939df7bae8a042bce366c9246f2d6441fb9722566c
1ej9vyy,AskConservatives,liberal,249,1508,40e04402773af273729260e57d2f845b3d1684dcfd25996f4bd60218471858f8
1ej3qmi,AskConservatives,liberal,298,761,2ce7b2583194b7d0bb86713c50f1ab9c5fe2c8eff7373b4de784d57ab6d16543
1ej20cw,AskConservatives,conservative,137,452,cfade6abaf1a35b2255ca688a733feb7807fbf4e43865075a8b1b3574e6e7a68
1eihkd7,AskConservatives,centrist,218,238,f04b72af808afac247813f7b2b75dd441d4c72b6474c4d04c89d5526d65491c2
1eic7xo,AskConservatives,liberal,110,68,9e3500ea5eccab9bfedc08c88c2b464a109e554f4e7b8e530465fba5761c3f7f
1eibwx7,AskConservatives,centrist,221,697,542f64111ee563a6531219cd5de78e1e27819d9b4fec6f9eaac1ea857cff7ce4
1ei8hoy,AskConservatives,centrist,142,471,ed381b529a0ce915f3570e43119308c6d043c46ab757fe5ecff21f23f29adca7
1ei1a3k,AskConservatives,liberal,118,572,864f1dab241a0217996b3bb3a972ab2b79ddbcb0bcf1688dfeebf61b45c11717
1ei125c,AskConservatives,conservative,182,760,dca6538eac60320854e185cd194963459f95328723f3f5ddeabdc6386c47feaf
1ehuead,AskConservatives,conservative,118,356,06caeafadd8f3ec9ef12cbcdc274c2531fdc6f26e0dfcb99d7bc8b6d173858f8
1ehtvbj,AskConservatives,conservative,187,859,87e944b05bc52450ada0f9698e8da0ed53d154994b689247b7f276bf81a1929d
1eh3phr,AskConservatives,conservative,145,374,027ec9581e9b03832495560e22d75268b79ce1ffd0b16e470e060091c33a70da
1eh1o42,AskConservatives,liberal,121,578,d74f7258bdfc6f33993a7f5cebb324b6bb1933da683ce075103afcacf6ee5eb5
1egt5gt,AskConservatives,conservative,169,786,72423ee1009abcea03b2e21c14aca158ff045d5c73100e77bd72ff148bc043f9
1egt1dj,AskConservatives,conservative,157,784,fc202e5a78840ec0c0646308ff4ae101d0a7242cbd3bcdfea6d27bc8453f5e31
1egsylo,AskConservatives,centrist,142,497,c913af649570d665e496b761f26fba0d39c63b2e04119a10f6b8539e125ee4b6
1eg5m9h,AskConservatives,conservative,283,713,b9bc3d549bda15fbdfb82481d488c19e14b4b1e76614f2d8ee5ec614697802ac
1eg320r,AskConservatives,conservative,171,123,7d56937f068239db456da27cc46ef5c8cc58dcf23e8b8fb97cfb04ec87cb027f
1efx8yi,AskConservatives,centrist,154,212,2d6c6f37d10345c48a76f16f0047e5911d141feeaaf143edd9cd2557e0584bd4
1efv0bg,AskConservatives,conservative,254,84,393502bec51726d156c88281030aae43fd7bf44ebbdee2d8c24bb476086274a2
1eftg7c,AskConservatives,conservative,114,1234,cf3bed2b52d2ba0538813fb6ef4bd317998980457f7b5727821b3bae87d7bafb
1efqtp4,AskConservatives,conservative,152,512,cd0b4bd61c14238a5d96f668c2dd6a62792180de67474e5f7a41616dfc832190
1efmjqk,AskConservatives,liberal,251,228,594f5c3f6e0deb940f5804ea7a8d816e5b598e66c614aad8b2447b1657cdf7fa
1efmjqk,AskConservatives,liberal,251,228,594f5c3f6e0deb940f5804ea7a8d816e5b598e66c614aad8b2447b1657cdf7fa
1efj94q,AskConservatives,conservative,123,1163,c2f98635341eeab24fef1312ae4853ff429f66f492d13f147da63a28f601306c
1efh750,AskConservatives,liberal,175,177,854324eec6de5d23f95ed82db4459d60a87494da3db1281f685bc2f4f04bbea5
1efh2cw,AskConservatives,liberal,171,615,6a8a0756887f60d6047f6fe829fc3e9c01c110801ba5ba81cba9062956719544
1eff3p6,AskConservatives,centrist,139,78,cd535ea61764d6b46aa836caaca3ab74c9bc6b8430682bcaff3dfe953760da1f
1ef39gd,AskConservatives,conservative,111,587,55fa5d68335c5c8360559cbca0904e8a4ab574e4e7927abbabc908a06af59a98
1ef1qxu,AskConservatives,liberal,139,759,612172a27eedc545c3f2b4fe882795caeda73ca602f7645e2fe26194cd6c85bf
1ef1hd8,AskConservatives,liberal,139,758,612172a27eedc545c3f2b4fe882795caeda73ca602f7645e2fe26194cd6c85bf
1ef1c9o,AskConservatives,centrist,184,73,cd74826092ea6531b395a82e35aa387c519312c12889762bbc66ca614502dcc5
1eea8vj,AskConservatives,conservative,221,185,7148357fa1e863b6d589398eeb2564290122234809b4757a29d8c56b4da50e2e
1ee99jr,AskConservatives,centrist,172,513,ed0eb6116659ee05db2dcdad8951971a8454e8cabb35d74d31efd867fece817f
1edysof,AskConservatives,conservative,117,515,65a4928d058ec6e762f59fa35284b8b298a718c7023fd4ca93e1f404ead14be6
1edxhkz,AskConservatives,centrist,206,206,7c8d6aec1f314d072c0c1ebc73983de20f99a6d73098345b6f2b3c993d97d465
1edmqdc,AskConservatives,liberal,246,514,baf819934c9b88da344e4f461b3534256a162950c1dbf8c5504bf06549468343
1edlogb,AskConservatives,conservative,208,208,9bfd2e713dc6cdaaa50a133798b11cffea22c20a8c661abad0e05c928c5cbf54
1edfytq,AskConservatives,liberal,123,549,c1bff326aad0e61f6cd3047e87053d7e6925b76a1b75c502c73f8e6ba4975310
1ed1n0b,AskConservatives,centrist,250,244,6d011efffe84df6e55c470c958e28062551c8e3d5e0639bdb387b9594d4e0815
1ecr8ei,AskConservatives,centrist,225,135,859d481fb3a7412575974925808113c6b3649224dd91ca65da187e7231244036
1ec7qgi,AskConservatives,conservative,151,562,aa032632881453addf70f2d0c52c29ad89a785fb08c604a908ce47af21253b4e
1ebv33o,AskConservatives,conservative,208,1110,64089bbd7edca9c4ab9e4ed4d66bf8455f52a25f6b01707e3e8f7543ac437b85
1ebuxvt,AskConservatives,liberal,237,1185,0c79d5c1ba88b20767b71ed336d52e0de89647695c921a0b82e9753f54a0f89b
1ebthwo,AskConservatives,conservative,167,645,7031dc1b6e74c20f9ad12b157b0b91b86c22c5ec0316ade9a68139f7808d7db0
1ebthwo,AskConservatives,conservative,167,246,7031dc1b6e74c20f9ad12b157b0b91b86c22c5ec0316ade9a68139f7808d7db0
1ebmueo,AskConservatives,centrist,143,271,bff73dbabaff7ca9a85a429beb9b79bafe6d44d23f584c814403091cb6668778
1ebca26,AskConservatives,conservative,162,1594,7983b6b6282424621e62e439319c14f2b4741cf614b5240cfba9b229323b5048
1eb9iqs,AskConservatives,centrist,150,198,2ba7647d72019bb4ee2da7a8556583823b00755c8af46c3cb61462335bc57017
1eb6lku,AskConservatives,centrist,218,230,fc810d77cc2ea40042ade918b35986d43a1a5fe05a3b79fcd268b69250f125aa
1eb5xbc,AskConservatives,centrist,124,193,dacba126ec02de062f544b9344e058fdcb58968f503d84959d71055932fad23a
1eb5kqq,AskConservatives,conservative,105,131,a98b3874a1316b0d66293cee8af5a1b813c90e6d3c83950c6c275d454514da3a
1eb4odr,AskConservatives,liberal,132,504,06d717c39be5b0a5acb053b9eb1a576f19c41b93cec85499384779078d4cf249
1eazdc9,AskConservatives,conservative,142,471,7acdcb38c9a63fa6382b39005661461443041e44847c920e059911a9fef7b725
1eap256,AskConservatives,conservative,220,1072,9a39b07e41e154f012b764eed3c30f9090ab4433bb56dae15f5f099183ee0737
1eanfmn,AskConservatives,centrist,129,160,46442121b677638b267b5915649c72e3f52ded857e309ec276bc6175058da1af
1eamk2u,AskConservatives,liberal,148,442,00aba838c1223d753c6327d53f1d7f0b135515216fea131d47491a8be2a336d2
1eahce7,AskConservatives,centrist,121,159,c50644be77824353333ea604f2a1dea787bb3798f2dcc88f57bd0f8daaa57f7d
1ea9gfw,AskConservatives,liberal,152,330,f5a428e06acca0e103b5787f6d19b17029712eb7f27e0f19451205fd4fbbbc5a
1e9qr1j,AskConservatives,centrist,116,344,ab46ae6532d3d56884a4f63e71d13a368ec548ded7be1d6b1fe2884820d79861
1e9jtgt,AskConservatives,conservative,188,245,497707c7277b308890c7c8ac9256d327a1d4f124293334b61102dd6bdf02052a
1e9jdel,AskConservatives,conservative,142,733,8739876c6ae8a13cb30a532a04075a9ca76297a44010c24efa5c878e691ed476
1e9j5nn,AskConservatives,conservative,241,550,92b765e17b4164d8d6416f4e7f39d83ba7109bc8c0e5cc3a13b8eeb0ac76e43c
1e9g4pd,AskConservatives,conservative,136,1118,efccbbb0c62036bf1f3d5def1830fecf806c9a5dfffce7fbd276896ac470c6b9
1e9eijd,AskConservatives,conservative,281,295,940b584bf9788f63cf8d3b0971c4073c578c1d6fb030abcdb1b1057a61440f77
1e8l75d,AskConservatives,liberal,145,177,8d21e089a74fc2ca3d6d0e98f9db74d863519e4de0166b7d43a7896103c8ede7
1e8cw9p,AskConservatives,centrist,176,273,7def8b257d4ce466412bd177d56e2bc086cb96a3aa20b0fe73602f8131ed3c1b
1e8addd,AskConservatives,conservative,159,430,8947074f45dc3315d7409ab413b5b20f958aedaa45c60214295aa4b00c01a22b
1e7xegs,AskConservatives,centrist,273,594,4adda5ac64c1fa43923e49da630f0c4a9ccb7742ed6fc96d1689cd1fcee9ca3c
1e7uclw,AskConservatives,liberal,155,1200,933d5c734515f57909ca23792a05f10f6f42a179b6f6d4c490da62b70fe5b408
1e7j640,AskConservatives,liberal,156,564,2121dae1a145448b6015f99ca15728f4f8619e3c6d7448fed1c9469b435451d7
1e7gpgr,AskConservatives,liberal,239,467,09c48f73e7652cbf9197a8cddc55e29bea0f29608bd1f192e8fe322844193554
1e7gk1g,AskConservatives,centrist,119,128,3b8c93c1e67adf01204a4699f11d1c4272e49f57d30356b20c5fabe486a8bbc4
1e778t5,AskConservatives,conservative,151,564,967a7b27286a75f4d9b2be056d0301ce89da39a2bee968b96d9ce2e48c3b3bfe
1e76wd5,AskConservatives,liberal,151,674,33eb2676948a025e9a82ee166134ea6d7fd72854c44a7c850481286e81027514
1e6ur0n,AskConservatives,liberal,164,961,3e6b053779cf6920f1e0b07149e08229bfbad1465c132b34190ed663b75909da
1e6tyc1,AskConservatives,conservative,227,1228,b8dc6bffceef92ddc6f10da989ce120f54215963b67b1190ac38ef3e6f0c7fe5
1e6tyc1,AskConservatives,liberal,227,1042,b8dc6bffceef92ddc6f10da989ce120f54215963b67b1190ac38ef3e6f0c7fe5
1e6rkug,AskConservatives,conservative,294,685,b80c34e92db2a575dfd93a692f86ec8763b474bf4dbb3e219be8db14c3c03b3f
1e6pgjf,AskConservatives,conservative,185,428,2f75c84231083206e31b3f22e86af8ac1f48d5d4afc455b8f57c454966a9fb16
1e6oyrj,AskConservatives,liberal,136,457,fcf2e9cdaa0949abf0dbb0ef69a26b8a21bb37b4441a38a522cfe59f0a6aef50
1e5w4jw,AskConservatives,conservative,156,937,efae4658c2b1bd5a6baf74f1f3f433d36906e92571e1978a3fdb83bfc06c381e
1e5st0b,AskConservatives,conservative,164,152,fe5a662217b4c5bdae544d9a89bd99deee45a598e6f60df3a8988bce4d836825
1e5sgom,AskConservatives,centrist,122,1160,1238cca9e06383cdc008b580b5a92ddb2cdcac5db6eb5041409504506fd5f494
1e5hy1s,AskConservatives,conservative,144,369,0360e7e32077c664ca976bc77976a7e8f07bd49e239d49381ff3eae737f8ff5f
1e4uj7l,AskConservatives,centrist,118,105,0e61878a1c32129364d278f1d34486081b87f8b1229c02dfd4e0b89182244b11
1e4e9i0,AskConservatives,centrist,112,192,74bcb9a831e07b888d620d533102c24977d7ec49b686b9096226843c327a8247
1e2dqt5,AskConservatives,liberal,161,720,b7b4edecc2b29d20330ef70e5a9252b57256c7370bb822807e442cd42d007c2d
1e1xo2w,AskConservatives,conservative,117,146,24f3d85cd3c3e9984caafec323a8d4c24aa6961fa90197dc3142fdb5a66fbc21
1e1pwlt,AskConservatives,conservative,243,87,ac786711e24965197fd4d0d63b35c9e77f9e998cbbc27880eef6a02425d23756
1e1mij9,AskConservatives,conservative,278,744,4540c78def30c22e284dbf9d717749df54ea08e9172d68ffe3af446003d4b2d4
1e1mij9,AskConservatives,conservative,278,729,4540c78def30c22e284dbf9d717749df54ea08e9172d68ffe3af446003d4b2d4
1e1cy71,AskConservatives,conservative,142,2324,505d666e5b8f62305e60ef14c11dbe4427dd2d89147e3864fe885e73a9637c95
1e1b3y1,AskConservatives,centrist,112,558,db9ecb509ac53acec57457209c6249cbe2be7d3b1b79748567324ed338aa13d6
1e0yco5,AskConservatives,centrist,138,342,4a52ef55c69692dbdbab5ac5756e3a4364f19f20b4ff94d8f6e5a768063d670c
1e0m1ky,AskConservatives,liberal,170,434,2f4bc348aaebff297766c81b14c4fcf373725f6169bdb63cf4abb822374164b5
1e09ima,AskConservatives,centrist,113,176,a37999b9ebbb8becc4b46e27eb3e8a3178251befea2ed4e54feadba8ddb76476
1dzzedq,AskConservatives,liberal,151,305,c85280f4bd3d10d88304d2b214ae45cb8eb6eff029f8a1e4796670dc89c755b4
1dzww60,AskConservatives,conservative,190,2427,8570de0b6b98dddfae09166f6f45924205fac50ddd87cdd63e1ec3cb3e4013aa
1dzwjob,AskConservatives,centrist,187,1217,7f66284a4186ce141c3fd3002c21a25e356c59c0fcc0bc971d2ab7cb922f7bca
1dzw5vo,AskConservatives,conservative,179,1155,87497813d6f1abaaf28117c576a3c83e54dfb78388e45bea5672467f6c51f5dd
1dzsh7v,AskConservatives,conservative,120,451,a710db9de1119f95718818310356c3d16eafad192269f729adffaef6f71edf86
1dzf8ow,AskConservatives,conservative,148,318,8551aa51344030c8447045ee7dc8456cc8752d0ab4dc5b0bfc69fc29991f3a2f
1dzbp0h,AskConservatives,centrist,139,98,ff3ebf72fc3771dc28a828dd109a8fa11b237d733691b872ace08b199b4dc866
1dz4mhk,AskConservatives,centrist,108,94,e8db8d67659d521592fbf6c534dfe515d92e9569959c7eab6ffaadca89148701
1dz191c,AskConservatives,centrist,133,955,4b26b17b3fa50a2cde1a71484e9fabea16b83220962090ffee22d43a7c032951
1dyr7bm,AskConservatives,conservative,143,1293,6e342b162ad6364b5e282189f5f35247ffc7853a9f48188ed3f4c83a1e0a3fc7
1dylp0d,AskConservatives,conservative,202,341,8de982e66387c466b5fcdc4f4ce86243041d2494c1ba027dd088890c4214e2b4
1dyfiwp,AskConservatives,conservative,167,441,dace23ec714f162fbc24da48c37cf83d73f325338d06be1b74a81772976b742e
1dycgfa,AskConservatives,centrist,206,125,6d8f971f1341220bc016c212f19529d94aa148eb685733b7d948fa92003fc179
1dybdb5,AskConservatives,conservative,211,806,9b5a98a8a746918c10d487dd5f192b0e814cbce118fb0be652b66fa0b07f9133
1dy6bm3,AskConservatives,liberal,260,101,1ea6875112a07339d330cdc380c1dc2f7169d940ae0c071695186ff48ace1126
1dxrih5,AskConservatives,conservative,124,99,525faa51d9da03b8a16d82b75ba9fec693a407eafe6d84a0ecb8d87dcfb4edfb
1dxo34i,AskConservatives,centrist,263,681,5742af7dd0ae9a104508a33d90b479199b3d8b401fed62335c84151380e7dea1
1dxgeum,AskConservatives,conservative,139,99,9f2b9665142572a86c790a2b0830ef9314597aee29e0bf5336b75db6d43af22d
1dwyulf,AskConservatives,conservative,152,220,41ff690d90e17f52341f3af388541e3a4045e9cd871cd97512a5f07d40007659
1dwyfd9,AskConservatives,conservative,200,289,6afea85b2262b46b5afc3c97951b6d6fdadb80e860578e0456eda50765f62d54
1dwyfd9,AskConservatives,conservative,200,281,6afea85b2262b46b5afc3c97951b6d6fdadb80e860578e0456eda50765f62d54
1dwy0x8,AskConservatives,liberal,127,823,ea1f1f8b0189dec35b2ccc2a6f8dfd4e87ac86eb49da49907a2cc1fd224f40bb
1dwny8i,AskConservatives,centrist,149,127,c1bc80d83e062a92fdd215915b2fc86b7beae13adfd74d519bc5467acbd0840c
1dwdnre,AskConservatives,conservative,114,678,4f1e6906e3c6e9335355c93391145620f5d11577a92095bb51d38c257b88af31
1dwcl0b,AskConservatives,centrist,153,195,9fac44f191f10a13e3c792c8787806bd17bee7a0bb21eb03d9dc7baebd37a819
1dw9emu,AskConservatives,liberal,197,1463,f06c9b8e4a856da7e69847783118fb691791afe5e21067d8e19f00614b3795af
1dw2vee,AskConservatives,conservative,121,346,014e4010166f33ce2f20070ce80dfda28086c159609363aad45f7aeb08196a7d
1dvx6av,AskConservatives,conservative,252,150,195d68940b9267bfffb3e6ff8157517e755fe92be15f17869c289d57e37b2f7a
1dvws7c,AskConservatives,liberal,108,1103,9466eb6cda9f3b9447434544d51a1abffea53cd55fafe2d07c515ec4acfba1b3
1dvq5e4,AskConservatives,liberal,146,1121,25929ffa9c8a0d87d4089cc6752f7f9593b9a2cd7de1ce17e709106f4b76ac39
1dvplig,AskConservatives,liberal,179,726,88f4f3281de8011aeb66fa35c3fd798e7c50b7a9474d1eb66fe93ce0c2b319c7
1dvl6zw,AskConservatives,liberal,268,349,a900b5a2bc4c46a07f30b1bb7e4bbebd9728dfe883ff4a103ac7aafc73b5c93d
1dvl5jr,AskConservatives,conservative,298,349,7085ddf63c41a0fff2fdf8bb28b16a75351a1c00904a18bd97e600075bc174c4
1dv8a1a,AskConservatives,centrist,102,230,7537c0b07749c4dae3f62ef9b0792f9d97fdc138c5376e8d1f302ae9c19204f1
1dv3llp,AskConservatives,centrist,148,145,e95cd5ad33e88579d8aa5d61111dcf471d73d253bb47f669f803b7601a50ef2d
1dusfq6,AskConservatives,centrist,125,97,7c4d445ebc5b4dc066e2f2c2d1497972e06b3074de3fe00a56b3f9934e9697c9
1dur8uc,AskConservatives,centrist,147,89,a7f64decb82403c8afdd96eeafcc3a1fe03209f5f332e673959a47d1daa87b26
1dumj9i,AskConservatives,centrist,164,165,1c534a42955cbf35ec4ad40bcf7ef74e7677febfc68f4dffb66fa2fcc97dd2d1
1dulo2w,AskConservatives,conservative,118,468,cb5a4e07b3d9d1e1e99635bbb67620906b4c34f3ccc34cac2e38a2d85c964a0e
1dujpi0,AskConservatives,liberal,149,297,6ecff3d3475862e66aa58fe376ebdcfffcbdf68938f7767ba70cca99aa953eec
1duhyly,AskConservatives,centrist,123,268,0857383d9d5e8bbb363a33943cf0f38bdb058dc3cc0a8933dfe1ee1396d7be7b
1dug5of,AskConservatives,centrist,253,175,03408b28cfe93349796bb3fcdb214ce6c6642bf4393b5fa98998f17afccff86b
1duerwf,AskConservatives,centrist,113,57,4d0ba546887a441aa4f46d5ac525cd35a8318198c86fff5ebe326d9949ab741d
1ducmeg,AskConservatives,liberal,119,822,f79f798684fabd8ec9d2cb22df44aed7d42998a1d082736896eed216cca7d352
1du8ni4,AskConservatives,liberal,149,198,2df8f2f773151ed01c1daa883209a3982b58bf38b508478d67c4f52504a21bb8
1dtw3ua,AskConservatives,conservative,238,302,51764efea776b5391c3d4545205e1e62c070055819f97e44cb29ce5af466a2e9
1dttwf6,AskConservatives,conservative,176,151,0203e2cb0a38b3e63cd57f36148c8eea84a38f3cceb254960ee5d1181e66de90
1dtrx0q,AskConservatives,liberal,210,890,ff1afd974f8d667cf2b0c26dce0d7252c36176132e1c72e4a60894ecd20a5b85
1dtiz7m,AskConservatives,liberal,161,183,39a507b7fccfd567934b35df6ee11caa06232b1e79fc54cad579e81a828fdc60
1dtf336,AskConservatives,liberal,116,239,28dc5a0ac546c45d7c20d44e9a17582402290767ad27ecbd5a0cc30767301770
1dtaccp,AskConservatives,centrist,155,1173,eb2f52dc62f422216f4ffd234f36d0a337bc425b0f0aa4f04a3a05b5dc8e4b2f
1dt4uyv,AskConservatives,centrist,165,62,e0db9bfe4ce0b4a2e8293e942988bc4d0803c500b09dc4535cbbbb8850c47d5a
1dt4fn4,AskConservatives,conservative,277,151,fba390af45990b99a09d840d8c6d710df5c68808d8c8a30bb3da68c0e17c8978
1dt3uk4,AskConservatives,conservative,154,1315,ff4bdf90b71c13790b4b28bfa81b50a13408e8cf08e9ee53e96d4c23f0dd2d0e
1dt3hza,AskConservatives,centrist,199,120,335de926b96d0ecfd235201e1a271a66c964f3c5e8e5b1c6984aa17aed275e31
1dstwst,AskConservatives,centrist,119,843,0afc96e719cf9c7db9f1268738d678cbd41eb683a3951dcacd8f29f106c00b01
1drri43,AskConservatives,liberal,127,322,71fce83cde0b3560874c2683ecd9100f5970b389a0461ebac647c410a299e6ec
1drqikh,AskConservatives,conservative,127,279,28a26020121c1630cc03e6f730f66ba9d66b22195d63c909769be5539e60c0d3
1drkxam,AskConservatives,conservative,250,142,355d9b0ed1a53e1a51aaef0ecdcb4bf2fc64db3fde63cd6bb46e1f9b5d73d580
1dri29n,AskConservatives,conservative,209,711,3e9875c8e0c312193b92198e5885e04dab9ded7ae7a41b5efe62ffc5eb1492b3
1drb1ny,AskConservatives,conservative,126,872,ec259ddfbd87de720d7e9bac1b4b2b4526e3d79d8dd75ce123dc33200f8ba0ac
1dqyldn,AskConservatives,liberal,148,286,8104de4d154400767b8f31ac79342ab5f5dc2d4904a4b0059a87df12615e6ce2
1dqvxcq,AskConservatives,conservative,98,1582,62b2b3a1afd20e5cc90bd5743f42e769a9533f9ec2acfdf00961686c4bc8bbc1
1dqj2hz,AskConservatives,centrist,183,1032,04b4241c9805326742ceed0060df30a969eb1b4aafb9bb1d0076fdbdcb6a1808
1dqi4nt,AskConservatives,conservative,197,135,def3af7b7860fe3e0b5fc33700d9066245afd3a246d54f43ac506ceb921f2e3e
1dq8h05,AskConservatives,liberal,113,102,2c6ebfffc2c6532882c3e14c4e83dd41bfd87645ad9aad209cc08dee967c1e01
1dq6dgu,AskConservatives,centrist,196,190,5c1e2741522ef0235f8437e02dc0216e1b537e43e0df82d4c70dfef5a2fbbbd5
1dq60eu,AskConservatives,conservative,168,141,ec614313770045ec21e70fb540e4d9e7e5ab0bf9782b12f301be3ba8f304956c
1dq0a3u,AskConservatives,conservative,119,156,4aceefd7137f83954b8dd7b64faecde64bd2adc3fa96797b5e27709dad0297f8
1dpzyn8,AskConservatives,conservative,97,317,53c30a09737748ccfd9b111f9135dd04ca1897a11dc5e74f36496d9da47ee0cc
1dpzto7,AskConservatives,centrist,247,63,ac6c946f654514b557189f88d0ac0c905d9870cd7df2b95a9a9d6f3641b2d0ae
1dpvni5,AskConservatives,conservative,158,532,f3b60a3ee1e47d5a5a9d43437dfe2a41d3057b8ba5d42d9e79f84b06e4898527
1dpuplr,AskConservatives,liberal,109,1095,d7b099a89be1320eb88c74cfd2a1c435e53a3eb0397adb8513bf0e1e021cffa2
1dprmjv,AskConservatives,liberal,124,2334,99fca3fe99fa44a0d06b64c1db38d4de7993114511c868694168104363495145
1dpqhg8,AskConservatives,liberal,143,1763,13dcb34ef90fad19bc7d4ae04d79cd3ec69503d8a09f48c0963d561e519f0172
1dpdp9f,AskConservatives,conservative,257,946,3ac1a4c6bc6a4e30f108c64753872632c5a2e94c24607edf39cd9acd07f39576
1dpbioo,AskConservatives,conservative,149,1033,83d2b0e1b6db055cbcf105700f46e5645f6364dc6f6e5e288ae637325323b176
1dp9e99,AskConservatives,liberal,171,1361,a360a08df657e86b74a39d7da5625124064bd999ecd0c77d8207910fc4ec9e37
1dp875i,AskConservatives,conservative,266,854,343d85fc1eb41d1862bb1f9c770075677fe2bca5e1b8ab07b952200b9ec4ae94
1dp56cc,AskConservatives,centrist,184,216,f29fed3b236ee0bc6ed3ef3bac37c8ede940378d7536b43e6220a4420fa25e99
1don830,AskConservatives,conservative,128,646,4af5e69125edf3c79c8c72274e97949adb657985199cc4918442987c5369e003
1dojty7,AskConservatives,conservative,152,208,0bff87a6519c8f8b00d59f32859d71e0a5fbd77f1c1f31b3bac6e6c0453a67ea
1dodrqe,AskConservatives,liberal,202,145,3e55a46c115865b9e04c799d38281fd2127c7341a2b2ff8104ad34e156fd987d
1do4yqh,AskConservatives,conservative,132,521,84e8d0501fab72b5d94fa9b211863330684a4e0b663a1e3049de0e4c73eb3075
1do3cdg,AskConservatives,conservative,133,129,67f5fbeec1a382d386e8fdb6c7afad2153039536c3b72eb8336e922b240f398c
1do1h24,AskConservatives,conservative,123,1101,f4686ea3c66bec571b66b2d14685e69bd9edea107d5539747a96126bf4ed34ae
1dnj2up,AskConservatives,centrist,195,122,085a1b2c6767d74bf9a075218cbc6719f7808e9918dae64a15eb3c257dc0d406
1dncuoj,AskConservatives,conservative,112,521,a4045aa88c8e33c5645799accbedd00bf0528ca1cf76349792728b6243295700
1dn9qjs,AskConservatives,conservative,158,2397,f9653b6f4c3032563d4a761777fd19e55c0156c95fdcc9a2f12251dd2da55735
1dmr7h7,AskConservatives,centrist,127,398,626b10308f5ca243a224a5d35777ba90f4d40b13e9e94ab2f37d77d2b01cc2bb
1dmkpry,AskConservatives,conservative,131,746,c42749dcb6b1aec02eb718d841b743e6500b54be16b23216835171eea1e1d715
1dm412k,AskConservatives,liberal,185,340,b6bb28242cac2cfd7def596c6f12829007b7cd31ad2f55f91af3bee979a63033
1dlfjr5,AskConservatives,conservative,228,277,8fa8039dc0d30b2b37c2b982ae995c3c1298560d311d01afd888e21b91005630
1dlfj4b,AskConservatives,conservative,225,277,5ab25cd8b88ca9b9f84f9ddac73869efad00c9a695b4740338a596f9adbb1a25
1dl7h2c,AskConservatives,liberal,280,483,c22c2e7ba3f1ff656d9af687d0131ef4a2f01267c70e27f1d27080f5208d8344
1dktde2,AskConservatives,liberal,170,275,c8af85eead684a2d27a266ed621cec29c615566a068645d37d463f788fa5e521
1dkrhrf,AskConservatives,liberal,125,282,31d6a6343a658f8d8aa94161397d2ad294328f42d852448f53bdbbab157537fe
1dknn7z,AskConservatives,liberal,135,489,3e4cf4a605ee09695750fe6272ad7961a9d3256e56b0e61cc2b6ae2ed8e9aa48
1dkni2g,AskConservatives,liberal,129,227,5ad472f1998fc881f79ce37ce41adc9a6bc29af957545ae0d078c3d31565908c
1dkkxtq,AskConservatives,conservative,163,134,10f3d91f143feca4b2385d6dbe9d3e2186bf5626a5696b4306c9028c8053e275
1dkdex7,AskConservatives,conservative,118,227,59231b451a61d459c1328fa29f1a364dd2e25ba527e291bc2fd81fbc6f421072
1dkavt1,AskConservatives,centrist,214,205,50bb17b328ac17e38a1d5c302f66bf782f34595384390bbb8433a523263edfd3
1djsbyo,AskConservatives,liberal,175,355,98918d2faa4a68db70b18dc01d5df36a158d30a6c32c76d2ba8cbc4a2b27fc2f
1dj7f8w,AskConservatives,liberal,126,472,fb2564420382aa07a3d53d476bfeaa22291cc44509bcadddf17680378e674389
1dj7f2u,AskConservatives,liberal,126,472,fb2564420382aa07a3d53d476bfeaa22291cc44509bcadddf17680378e674389
1dj417u,AskConservatives,liberal,219,864,96e0c4736e0b3aa32a99ac3df351d65c5ef85cf1c7eb18f13ce0bb9e7132f421
1ditpf0,AskConservatives,conservative,211,526,14a20e220bb43fabe44e5b9a53338a18803b6c5ce211e013d79a5f4ad074b194
1dihr7x,AskConservatives,centrist,222,491,92c02f1a499e96e09a1efde8807fdf51d16e322d8679fc88430c0b99c3375e90
1di7ida,AskConservatives,conservative,143,121,19fe140827e95b5a3a76c8da17b57b771a533cc3a79d3a8fd102bb1eba3e101e
1di328a,AskConservatives,centrist,126,64,ab2cbb542e9469b4b7e0fb3b5eb1928304aa4df87d0cde1f61667c561ae9148e
1dhx7op,AskConservatives,conservative,254,520,1772ff4d54a00479740397435bd398065d651c35a7e3070b7ffd3a6308444e1c
1dhvgs2,AskConservatives,conservative,276,338,a6c1b8bc6a1cbb25ff949262c1f585bd5091287bbe88bc40c1d26fab19950a7b
1dhl3gi,AskConservatives,liberal,285,1510,965b05ffd6400cd0ea67643ab940317f069885774d2c356dd374488133f2b345
1dhcbd9,AskConservatives,conservative,148,496,df50a4ffda394a1432fcd30d1f32a96e5901d6eb66cb1109882f42bfacd66827
1dgwr1p,AskConservatives,liberal,180,835,8e3f7b975f53e3dda22c97dbcbe7794f4909ed8b357f287ba97c155f1b808c23
1dgmc3v,AskConservatives,centrist,141,821,f90f3a24defd3db8819b824b71e7064dd4aecb05c857717f3481e42d9047fb5a
1dgll9u,AskConservatives,centrist,111,236,06253652d04680c558cc1b41279b31c6855b960c63091eca8845f8552020e1f4
1dgg82t,AskConservatives,liberal,216,1094,60aaaf10b5be1477df772d291976fc4acc5e826f392ec844c4a196286c30d73f
1dg69d2,AskConservatives,liberal,290,2235,8fe420ed3d1d42419b131932e98262e17efa86bf69523a9e53e337eb27ce41a2
1dg1j1t,AskConservatives,liberal,129,617,8ca273eef1805fcfd396804679b87355c65625d4ef1d098450638bdd7b458f28
1dfyb8h,AskConservatives,liberal,259,1223,7846d9b2bf05a8c6dde808dd6c4734747f2ac48efba0de871cea27e8535b610d
1dfy8n1,AskConservatives,conservative,187,560,657b8ab35031abeb71a32f9cdad1840eb7a697456bbcc6b2f02f0b1fa020e120
1dfxkru,AskConservatives,conservative,146,553,36dc6453374151f79e3fbf91bd917c6ed520649fc07932d9a1c27948ad52056a
1dfrljl,AskConservatives,conservative,192,610,e66b65ca1a0caf6791b41fded198fcea2f75855d239da3fe518ec1847cf8b231
1dfbyz1,AskConservatives,liberal,145,627,57b10184f4e9a2770cf4d665f1e7d39a558abd5f2d92da2bbd55c8da80255d39
1dfbrv1,AskConservatives,conservative,144,2464,2245d96fb5a628ced84ebec973e585ecd8335d5074dae48e0d9db64875e7b59d
1df7jtk,AskConservatives,centrist,171,102,35b86482103c716498a3dc7b759597413ae0cd52b5959f8dfda7800df109ec0c
1df76ll,AskConservatives,liberal,143,423,ff23d1c2569481a5737aea8e3ca845c1968a18d579827715f375ace7e0170cd0
1df66uj,AskConservatives,centrist,113,125,4de1a92e5d27ffa29ef68bc3e439fd1d10fd8c91beaadfd942d7b627a2d439d8
1deynfa,AskConservatives,liberal,184,926,af52aa73bf85f93b17b9cc815c126b305fa36dcdd6aaacaf29ec64e9ee899898
1deuxuv,AskConservatives,conservative,181,1905,1946f109a1522ad95e5534f2dd4b76f52fa77c89afeb45d9654a7c6d3e8bd55c
1deuns2,AskConservatives,liberal,286,587,56e85cbad30fcedfe92e559ca69884ef185619e4de9e01811968d00a1f509e4b
1deppw5,AskConservatives,conservative,238,571,94c3e92b09421fa8a53cd29014ca3293cbca7de1bd294f545ebdda8d1ab79f18
1dek7jk,AskConservatives,conservative,226,2813,9159835828e777e02a4ff52cfbb08a05bfe108affe0b035d1914b97e3dd7d0a4
1debu4h,AskConservatives,centrist,229,3007,b03821c66da74a39c6acc5eb22a003c6fe5514c96c01e50c7996ac0fd545f0f5
1de9uxl,AskConservatives,liberal,169,2394,1333001d1a2c192b689f3bc5d57381248018a3224f94d5e2319162977b22b850
1de9gfc,AskConservatives,liberal,149,665,0e4045a8b47bb7050ac74d6342398102c40eb00507534fbc4d097754d87be187
1de9164,AskConservatives,conservative,129,313,71bad42a259998aaf1517720df411cddfe66876848b58e47318ef8ee0f41af8b
1de8jv5,AskConservatives,conservative,164,635,4707876ef01c02b7b1d94182c664fd0d77e1ae8ba63981c7bd96e67041b29ce7
1de5bvs,AskConservatives,conservative,149,950,69561ad6d8f92db0efb1b7bb9fe58fae44202543e63272168d5a5a5cd519c83f
1ddmy1y,AskConservatives,liberal,282,902,81d67134f720f6bf487db66a4cdb997de686db356edd876299cf6f74fb3b9615
1ddl16w,AskConservatives,liberal,161,853,ad7adf1b91516407b62d934b83cd829bd6fc6f49ac262177a839e7410499c22f
1dd8o1f,AskConservatives,centrist,168,556,88b75764f9ccec2fa8d66f6f6a1a896671d9b2dbdfbed89775025165f46a54fd
1dcydqs,AskConservatives,conservative,163,246,ea5b680ab3e166a88f3d4c3718ae9f961e8bdb1cbedd75856bb81ccb78cde03f
1dctdoc,AskConservatives,centrist,260,335,9d93d26eb6c8f3d6c6514e98bfd68bda9fbd2fb6879724ab922ac8021f739708
1dc8hwg,AskConservatives,centrist,165,670,07019a05c06e8800135ceb17f1e27d6378790440961645ee5634a7f9b7e7d6a8
1dbj1mn,AskConservatives,liberal,149,944,a38291976fd8ebaa2e769437a85703ec0a8bf414f9957288b5198e306fa14381
1db7d7e,AskConservatives,centrist,163,149,67f437fb9a17ba59236f9285e79885b88a4d8a3ad684ab153b37fae4a7da5a1a
1db5o5b,AskConservatives,liberal,236,924,7571170bfef96b38806d8c896ea825ec3c1ca4c0e6a32142ae0e53faa111a4e7
1dav4hn,AskConservatives,conservative,137,1640,2b5a89513e3d0c060b02cbbf3feeb8e4cecc246ef0f77c7127c4125ab70fbb19
1dak3my,AskConservatives,conservative,99,1265,b5025ac0d0ccbf354fa1080de0b2e6827eab96c148d7fadb785416a48180c393
1daja4z,AskConservatives,conservative,259,481,5917409c73530a14ff404edca0b66dbd235f2da9831c7bea2dd91e8f6761b9ed
1dage34,AskConservatives,liberal,223,564,47ccb6b2327ea653c200c72342548bca1ac945fa483a6d485a2bc745852a1d98
1d9olyp,AskConservatives,centrist,169,83,ba79433e3c4f88c69011a26285f5fd6bc488e4b956ea15f8b60f7f68ddbc0ebf
1d9hy5l,AskConservatives,conservative,152,816,f789392701c2f1f1f5e045512611c7e5a81940723f75ad8dd5f439b986df095b
1d95ggu,AskConservatives,centrist,179,113,e700a98da9626e976d1fd9c3f141281c58aa87f5b11b5cb8fdad55d32364d455
1d94xho,AskConservatives,liberal,180,1410,15b40b232a6155fe88e74c96e29daaa07cc3bcc9347bd6e9ba4ef68f941a8ec0
1d92dlo,AskConservatives,liberal,184,152,e005c509ccff8a6c81710a8f92acc952642f9f771bc2ce3e7fda92d1fc6a941d
1d91glq,AskConservatives,conservative,136,325,aeb6e74dabfedf38f40b5e4e8a54c09ec3d6aad044d8107de79c7a7775cfed83
1d8rgpm,AskConservatives,liberal,191,1671,f8a534aece9445ec9e248360c5e132cd00fe4f3be9d9f5f24646a41cec2eab4a
1d8fddz,AskConservatives,centrist,148,482,327df47a784a5d2aee242f4016c8beb627c747d9832f55650d7173f84f1e9a8c
1d8bpnb,AskConservatives,centrist,184,180,746528ec94d99bfa8d801498ba29671594612f60f8a81ad0deb48fcdcfb9b0c4
1d82hj0,AskConservatives,centrist,248,133,fbad7d364c21ae3e4392c624cf62bdd6f290f02ca147942ed18e7e9cbcb78ed8
1d7vwv4,AskConservatives,conservative,136,3652,0a637fb34bb003ba7802c104428369cf526b0cf14ecec09d045985616c01e3f2
1d7r24c,AskConservatives,liberal,114,682,8fb1668be5040f6a7a99d28189a8d1c02477c5a92b4869da626062f75bae2715
1d7fddf,AskConservatives,centrist,170,145,f866a582c20c4f39799a87c2ee2904810210b9f6da0ac9a0dbb8f425d2998d4a
1d78opf,AskConservatives,liberal,150,2622,07d373583918233a42203c2fe4f2a9227ed3d6ea00c9946c14a1dbb87439edf0
1d77n11,AskConservatives,conservative,139,381,db3dfabdb2934f87aa42615b8c35018e5b91e7208774685e9e8927542d36f1ae
1d6q8xh,AskConservatives,conservative,102,682,8c318809901071fba6ff204e095bf83be225dcebd969604e32cf72c2614d3644
1d6q8xh,AskConservatives,conservative,102,688,8c318809901071fba6ff204e095bf83be225dcebd969604e32cf72c2614d3644
1d6fli4,AskConservatives,conservative,140,270,07b08f32f39041dea46e00991879ba31e63913862e1d6e4ed9f34988e3ab8d07
1d6ecat,AskConservatives,liberal,205,221,86e5c86a6736b558195059eb40b2600fb347775fe06e061cc6cfa000f5a8458c
1d6dtr6,AskConservatives,centrist,168,116,83de6f3a74f6693a649d5f19f7a3333bb8883ec7d7b8047b3024953d154d9ea2
1d69cry,AskConservatives,centrist,117,1110,bc6c38e852bfcd07f0f7fd731984b47a5dba361825ce84fcf54a8f28bac1468c
1d68s9g,AskConservatives,conservative,156,156,f0381171b760b3a2b884edb41b6f2b279a58643f1a55586290b2d654639a1e77
1d65kor,AskConservatives,centrist,207,641,d330eba234bc80f288c27ada6188290ede30f92b956aa08c7cd2c7ebec17a3a8
1d65bk7,AskConservatives,centrist,157,104,f34a57098f110d762af9095af7676c21989354e6221837696cdf284a575b7a24
1d629vf,AskConservatives,liberal,164,1587,8897b0143010d372d22b45e4899edd31a1dff07504c2fd5fbe922e9cdf4f774f
1d60nf7,AskConservatives,conservative,152,750,107848dcd0bb73e3b9208d720bec980c2e3d6bdf0734e4c34af5de9060e52ebd
1d5qnud,AskConservatives,liberal,141,1182,5440f8ff7c563db1d7813da4daaf17c3f3c160853791472c7a009721b117b4c2
1d5nk23,AskConservatives,centrist,296,245,3004588b51a2a2181f99325df6152c3a2f1b20357008d233f79c44756284c4f5
1d5n6pn,AskConservatives,conservative,237,2063,bd9f042487e746f2b05cfc74471432cd661e417fe52675d317e0bba327caf265
1d52scx,AskConservatives,centrist,300,864,d5b6e019def827ee8764a21a674ab35398ccdac565565ad68b6998b840cb228d
1d4w1zf,AskConservatives,centrist,169,456,027b1abb37e2b526444af8714f28fe519438d6967290c2e14b827f3097c1b01e
1d4qh1g,AskConservatives,liberal,221,1005,99ad4260eb46b9b1b6d38e209227d78e502be62b0951cf25e60ffe62ba0f5612
1d4p5v7,AskConservatives,liberal,133,1508,ef67aa53be9a382a77c36415a4265a0371a686e6a8d789bfd995ec7ee3f0ba48
1d4dtpr,AskConservatives,centrist,144,667,ae25353086029d82e288f45c4ecd047aaabb6cfa8b1bc2927ac54d74acf374c5
1d46d01,AskConservatives,liberal,188,2616,07c84eae6302df66a8e71fd1e4729664a555d50a8bcf34f4c1fcf5521a6e30ed
1d43o3q,AskConservatives,centrist,297,2637,08b4174e96bacf4f8482a37397cebce6d7784bbd54dc7689a9df56d3d3dccb84
1d3ymc2,AskConservatives,centrist,128,514,a4c689371f53133906a51a5550fcf551250f9deae1cc3df71e2ae954b16b8fff
1d3wetr,AskConservatives,conservative,113,1461,78deeec6786f195ff351bec44780e4a53d2501cb9e4ae403c1559c14eaf566ce
1d3h5dp,AskConservatives,conservative,151,1218,053a521093cb710638c239d086598fb999295b21c5002ce1858c2d033e4f021b
1d3f1ms,AskConservatives,liberal,141,629,9ab00c4f7e8fe21ec762cc84789dd4dc8545c306ff7721cc3f6d060bd790aa71
1d3d99t,AskConservatives,centrist,125,594,7800fc5c34b2a6f50de2e30082a945785a28275590bb600e90c06d05db23f591
1d36cqt,AskConservatives,conservative,115,775,ac4a8edb1eb5e685cd7bbf32f328ea92ecc1022ba0014874ea5b2a9a5b2f0567
1d2jim3,AskConservatives,liberal,130,2721,f83f8f21ae48a0b0d81358eb94adccb110492e8609195f51df417a2b80e5e143
1d2cxq2,AskConservatives,centrist,199,237,95c07b649c99103cd72b0a562e0a28419b1447e22faa0d48dddcc6910a802495
1d23iot,AskConservatives,conservative,126,101,d0b9c83861d9067f506dfeb7741c8e4f7670b5739ad4c1f22a31d21a63c53797
1d1wyeb,AskConservatives,centrist,155,491,33b230a5c475670a39eb443388edd83f582c1a86bb683cc63413ecb9d49e211c
1d1h00l,AskConservatives,conservative,106,1966,8b8c2e6c1397631c0385846a29bb3c67c07985eaca6407f4896b97c923267042
1d19lym,AskConservatives,conservative,155,480,d25d57414b68600d2fcbc069b0e59e53543828f81f07e2b24c12809358e68f01
1d14txt,AskConservatives,conservative,269,3208,f58171b4d7e1422eefffb58f5c345e98ab486c4e66ee8ee93618d9c32f8511c8
1d11in2,AskConservatives,liberal,234,218,aa30d9a2009b0b6946c4f8d3a768bf1c1b8cb06578b6cba599503f0645cf7551
1d0w9cp,AskConservatives,centrist,106,1000,0b9cc248d1d5a29bfe1b317ee77c5af4489b33cc9c125181664e64048e85efed
1d0luwb,AskConservatives,conservative,187,439,2173b0c61bc0eb61927f77b92ba084141c57b60b64cff5a09ab0714368fb18ea
1d0g5e7,AskConservatives,liberal,142,4837,e21d21ede662b4d3edf3377aeb5f2733223ec161668541efb81f1df5816d5462
1d0e329,AskConservatives,liberal,156,274,7e6a038d2f6d901f75fa80b9337db3205c089dd3a1d41446815fa9f7b67d2ff4
1d0e16x,AskConservatives,conservative,118,196,215bab4ec1c9736ec0760d04d2db8d680b8680b5332f41bdfb1ab9ec4a29b4f8
1d09h1o,AskConservatives,centrist,124,321,a23b2c974270b9a45eea25674a8c5dbb5dcdab2bb8e9d0a59ddbe0d45f141f43
1d02bu4,AskConservatives,centrist,246,181,a3991c5d4e6bf559e88ff2a4642906abfba60f5cbd1c75a5d676b710c36813d3
1d01tev,AskConservatives,centrist,120,166,20ed15ff3a81fb33bb03f8f83d9592a5efb15a0900aba649dcf954e40f511277
1d000e9,AskConservatives,centrist,124,125,2675e06aa2c12347df553f54c58a0e4e559ee36caebc48858cf1736bb312edcc
1czush5,AskConservatives,conservative,137,237,25cbf24863d2aee4b249ab65960941ebb7e19d37570720e36a1e3d8c9b70d986
1cznw75,AskConservatives,liberal,161,385,a446ec25c4faa6d6f9392001f9b49079ce08f275e8ad9968061ce5f17003706f
1czdf91,AskConservatives,conservative,288,1322,61d3951575faa67bd971b0c6df06043c6d5485677b3355863b25247d45fbee88
1cyiuox,AskConservatives,liberal,136,489,ebcee36806739efa61c975278148af1ce8db58f9490df799684d79c1be973303
1cyhayo,AskConservatives,conservative,134,197,0b98b75e069a01c606176fe8e4fd398593226230bb356f0e2d93914207e4caa0
1cxsptk,AskConservatives,liberal,260,1321,a304613a56e66b017018e0f9c49ccf30161dc2452206988a917bbf92aa6c29ac
1cxp1ze,AskConservatives,centrist,207,156,a6b45b780b3e594b7c204b4fe657b95f0cfa5d60416109be414a41ee207d44ff
1cx8avj,AskConservatives,liberal,118,747,d5d54cfa37b5333e90940f1a693b761984a5369e3cb6d2df5f2c4e47dd16ab42
1cwozl6,AskConservatives,conservative,158,2903,915a167c47a378a90fd6ee2bbd2b774a12b7b2e2fe984cf7d92ab9a72f2b35bb
1cwl410,AskConservatives,centrist,129,986,fa90670cbe146325a3ed418f087954b30b4dc00bd4354ce95c7b2a8f9e0b4b23
1cw1jji,AskConservatives,conservative,217,582,20477688376fc0370c5d71c4e8e673b506790bfd8a91ddc1940aa1c0fa910313
1cvtixx,AskConservatives,conservative,108,609,98ddabb5dbdf6e0cb2007f7240d325f80ed1170a4f5935a546245f0474e56e73
1cvjpzq,AskConservatives,conservative,111,901,11b3618e64f7b157ca15a136c16cda515530adf3a1aae4aefc01be75a664ea14
1cv9wxi,AskConservatives,liberal,163,2497,30558cd8bf8054bf789d8a18480a1e11609b469af7da2c59bcfd8ae850f3dbec
1cv6ea2,AskConservatives,liberal,170,428,67a13f7561391d3cdd92865339f3196433ae741fa2d881b0b9c2c4c9be4341e6
1cv5236,AskConservatives,centrist,144,101,b1094a05662a3ac9735159b0047529bd012c976f6f9b29c94fb1b4034060f8ae
1cujl2i,AskConservatives,liberal,208,486,33fe63ca5e8623398b93884132f8bebf1583c9ddcea6f4977521bc0661f84a64
1cud24a,AskConservatives,conservative,148,1716,7be5b51e81a2dac112cc27b197587b0f482defc16b86ce31fbbff690e1830abf
1cud24a,AskConservatives,conservative,148,1743,7be5b51e81a2dac112cc27b197587b0f482defc16b86ce31fbbff690e1830abf
1cu56xc,AskConservatives,liberal,162,1448,c344bcf99b425e7b61da659b17c7ea6ce4de4ece826662dc01b660b555c0b332
1cu1s52,AskConservatives,conservative,229,270,4e58c3b7ac621308df8a0a649a76260af5b3cbf2bdf023700d7e86ee16ba616e
1ctvntv,AskConservatives,conservative,237,770,c19848bc6befc4fc9bc545a6f2e69dadf9b58ed859a24b9662f7b8bf740d376c
1ctsm9b,AskConservatives,centrist,179,1537,39eb8514e5c6a6ddde43f984740eab0e18e427743042789baa94eb47d22a5728
1ctnox0,AskConservatives,centrist,187,406,263e6bd53839ebe49fc120736bc610db2725543ffb6a352ac06a508fc4040c3f
1ctmn0u,AskConservatives,liberal,154,2968,7c6484726b0a3d7e50d00ba5e89683dbd868c8c9d8c4c13fd6064110a1898152
1ctinu8,AskConservatives,centrist,119,267,160d186a6f3bbbda0e3307ab26277e09cd6790083e8b96a25aa4d45f4db3b90a
1ctb14e,AskConservatives,liberal,141,514,3ae403abefc7f5f3f6261f1d5917fa49ead264b4cca5e170904b93a63a5dbe37
1csrvhb,AskConservatives,conservative,139,375,06955dccdd5a106eae01ec081bd4a98e761fbf2813c685f43880ff1a5c9612e4
1csr901,AskConservatives,conservative,159,903,c6619901f06cb9325e97ac2f4318cef212fac4cd598a939a210766dc9608085a
1csqhqx,AskConservatives,conservative,124,390,9f08cb8f3a38c1dee35050ef15bf3e28f259e7f20c506147565117983dd62208
1cso3m4,AskConservatives,centrist,164,1127,48a1a16769d3658da453762478292def3633744623b9f36be5a7f7fbf5af0fae
1csnj6e,AskConservatives,conservative,124,1179,c93e8e17d9b474d110b75775592c89d903951b816bb11d892636b82409e3e04e
1csmeqs,AskConservatives,conservative,163,1434,7dc954a77176d53b5e32db4be59c73fe4f22d0071fad8fcd3fbe53c5f8cebbe3
1csbef8,AskConservatives,conservative,128,558,0ba67d712cc42828a5a2f547a4596464f9cfeb42c0a4280227cd3a0cc86c292e
1cs96c9,AskConservatives,conservative,152,218,ece69737324a4455d54d7b8f772bff8bc5e35384d0c4b9e400731697f0cca41b
1cs1h6g,AskConservatives,centrist,219,1451,1a39011a821ab21a727113c520634c2ce3583becaa3de24afb4eeb7379eaa748
1crxneu,AskConservatives,conservative,215,924,df9993c6d2da62f0746d59652bc5437131464388610b0f629f0c8353954c2f4a
1crs3du,AskConservatives,conservative,122,443,644d45716368daca178ad46b851621192cc2d20219474ac8e1cc3437c37969b4
1crrjul,AskConservatives,centrist,142,632,fa576dbfd6a1285b008290fbbaa7a65c6541074d40111be55bc22fa851a32d96
1crr9b3,AskConservatives,liberal,226,1419,b14b2c97b080e8e30cef75d008fa39fa1fd388e6b6aaab114c6fec158dc767cd
1cremd4,AskConservatives,liberal,147,788,fbe1a24b678e8c8ec98f7f9a449acbcec7fa15ffb10f195ae4dc09160e1c94aa
1cr98ho,AskConservatives,liberal,201,389,13e17a9c312ede518edb6174513bf2e497209475864a0c5357fcfb8308bae040
1cr4fy5,AskConservatives,liberal,148,804,b46d68bb91375d1bed5722b4752a9a22632ab4d996d6598d1a5a7596fd198ecd
1cr35kh,AskConservatives,centrist,152,174,c6134601e489f7cf0a7fad95f8fe3b62261ff40e711496a0f8b1ed28c32d2296
1cr35gf,AskConservatives,conservative,203,265,c0b61216d8e7e372c25ad07b2b6197623ca473a67c3e7dec5de52251c07578e1
1cqzb7o,AskConservatives,conservative,175,3775,e8bdc58e6ff1f0028792217af7b2f1bac85cbd7b8cdf70da1b2bf11e737145d0
1cqi9ta,AskConservatives,centrist,202,862,499ed29e7130e128947ce0880691e12632527f32f905b0a67d847c1865cec284
1cpvnpg,AskConservatives,liberal,238,1761,e3551cf80d7a92c748f1ead33080a93c2bd27502678a6dce0eb5b572188b4079
1cplogh,AskConservatives,centrist,169,824,1d59a4b7e1e55735ecbb871bcdd8b1514356384c76e905bc30b612f93c015be4
1cp1y1k,AskConservatives,liberal,127,105,7f01d05346238c12d2a4fe93eef5729f71d2b0458170a3e0a6d93d6454398f38
1coxtdr,AskConservatives,conservative,157,1253,17a9e0a2587408574c8bb50abba32776a7b790d71285d1252070069bef0f3485
1couiuw,AskConservatives,conservative,127,382,d4b29c3b2efff9f43f61cb2ac413c3aa056fad0f7ca85730ef1a48f488c3cc98
1coqjr7,AskConservatives,conservative,219,522,d3cb2975dbb19d9c400861da8f8032fe72c50fa297dcb1d0af14cf078347a9b4
1coc9gz,AskConservatives,liberal,136,121,596b922634cd7b2ce6295f800d9096fc57560dd7db52ed376752b1c096590f9d
1coaicr,AskConservatives,liberal,140,929,522626ccc95696079485e02d2237efd203075d083e787a80acdde2cfdc20aae5
1co91op,AskConservatives,conservative,117,2656,a995627ff36b9b1a90912cce418b52f38fa3c5050c04ff2b8d5dfdd74ebbf530
1co4e7k,AskConservatives,conservative,169,194,26d1c07349e6272ab7ce25c9ca43a3a2630e9f74315465583341326f776a121e
1co4e7k,AskConservatives,conservative,169,194,26d1c07349e6272ab7ce25c9ca43a3a2630e9f74315465583341326f776a121e
1co2jm9,AskConservatives,conservative,110,561,512d592c4a31e62d97525b89fbc997b23e5aba47ee294c9fc73db7d79c6132e7
1co0ghy,AskConservatives,conservative,163,931,e5d2bd9d4ec34199762d16d1eb7a3a0f34d464d33f91b4d0bfc1312f2ce4397d
1cnxaff,AskConservatives,liberal,134,2666,eb9ff8ad1dd662ad9199b20cf9ddecdb6e96d4923a6c55397aea8a9cbc4f6fc3
1cnsuo3,AskConservatives,conservative,108,179,94e0e2782bdc419145df8b2e08fd41014655efb8eea21fa388a9790b59f4f951
1cnm6bq,AskConservatives,liberal,218,616,b90887bab76f23507fd08557f9c8eea0bbebbac14d70e548e665660c9d3b3f02
1cnm6bq,AskConservatives,liberal,218,616,b90887bab76f23507fd08557f9c8eea0bbebbac14d70e548e665660c9d3b3f02
1cnakw6,AskConservatives,liberal,158,867,673ce6f23e55e2d4f5f94c87733e702c9f87779b4ec7f2cf19e8d5372252a2e4
1cn2zj3,AskConservatives,liberal,156,1057,552c49b9f7978665fa8c39d50f79f7c8ecabdb06d61fd5a6087bf1b793157657
1cmteyd,AskConservatives,conservative,149,422,926622bd381a7c7a3de810f6e69e3a6a96da87ea215ac29c0ace58a6234012f8
1cmkkun,AskConservatives,centrist,117,156,6df4b1e87b06f8594ae8a42d5b970976358fc76bf4e713d80dff7c9abdeed5a8
1cmchj3,AskConservatives,conservative,147,490,28542bf59ba091d40bb31aba14e2a4ecd9349b4b5ac2accec94ad0e7aaee8265
1cmch3h,AskConservatives,centrist,248,804,028028286674a9c115f681f5cd9376c4fec1b5f1b8a53145c862dec6385f56e0
1cmbiz1,AskConservatives,liberal,139,3105,470e85c2fcca96ae43496c3a78a25fa47fc3a2fbcfb011e27e578f86ab846a99
1cm8lst,AskConservatives,centrist,295,535,dbbf673233ec6b7466c7cce79de1b970230ff67200311561da1cd9e5842803d9
1clo1sp,AskConservatives,centrist,148,245,d29041915b000ed4200a18ef30e4652e0d37d2fbd0cfcf12e6ae33f8bed61133
1cln8sp,AskConservatives,centrist,171,444,b8789e5861e9b2e70d661e00fdbe0e449804f053c60db060b76ed181f4ede4d4
1clly3s,AskConservatives,liberal,119,1630,10942277d449e2b1b40c6f752f297db31ebe93de7c5c7b1411c4ad04c2955bf9
1cligvy,AskConservatives,centrist,125,316,a7e5aa0e1210e96134d1faf48d87283357a278560a169b40fcddc4c8981e8473
1ckylij,AskConservatives,centrist,155,1871,cf9e604ffb53be3866e8c9ab67475b2a411eb0677d73977c3dead9258e27109a
1ckvwbx,AskConservatives,liberal,145,2154,a8fd3669f5db249e3cdfd20b525ae4eec763d6bf3c2910f600899bf2e5129546
1ckrthi,AskConservatives,conservative,142,129,1b51932a184801dd12404e78caf9c332b83c93c6693bb880f7448d9fd73d4bcf
1ckpsl1,AskConservatives,centrist,189,1314,98879f7f3385fb8bb234cf0210887a6f4962c7682860241545e9de57bd98f4af
1ckpikv,AskConservatives,liberal,150,427,1b1a7011e37d76ec53fc19037d2b9958299b19b3ecb58de2d117c2e6660cb786
1ckjnip,AskConservatives,conservative,127,48,93dc8b6a53d65f4bcee45d997dfd8e8a86667bb89b9c6d6db1f2ebcc6eb05e91
1ck44m8,AskConservatives,conservative,107,2723,ab65f515f136ab5f26f503deeb2b84a47d774c8dff4e9cda1dcd40b50a79d144
1cjk1ag,AskConservatives,conservative,239,1069,d66f0c65e20e897e768eb13a0cabccd4d50946459f031e86a6493f752fc6debd
1cjh3wi,AskConservatives,conservative,129,884,4fc3cbc40044f8fe32142e349bc45d30641815544d4c757c66128d9173934819
1cjh3rj,AskConservatives,conservative,129,884,4fc3cbc40044f8fe32142e349bc45d30641815544d4c757c66128d9173934819
1cj9upp,AskConservatives,conservative,117,883,ac18eadcb81af77abb56198ae99d452df97ef7f69b88a72263548159b998feff
1cj0w6x,AskConservatives,liberal,216,2850,3808e96b9251d0b1e3e74766396d51c33818a9279889dc627376b6335230fee7
1ciy1ts,AskConservatives,conservative,171,332,f5ac79ec5206ae39a14b0a0b38df192d9addabeab6d10e51212e170e675f9c9d
1cipo1a,AskConservatives,liberal,133,3480,be4758421d80bcc0e28597d9e4e82a664d3983d76c8ae883ba262f8b0efdbd14
1cht08s,AskConservatives,liberal,164,517,81f32a24435bad62bfc77ce1d1b537a86d387d857233b5fa382fff39faf537a0
1cho51h,AskConservatives,liberal,191,1112,18ba00fc922292b806a9e122d66617e5f03c80200db72acfb7f0844c4c6d32d6
1chns6t,AskConservatives,centrist,142,925,bb6eae1ede39697a6cee606f1543a923b0b125ee9597300f5a83e907e59d1542
1chk9lp,AskConservatives,liberal,151,225,3b2bd459ac8ef81be27e5966b917ce1df146e87004d79b8895a42172e753dfca
1ch8c8o,AskConservatives,conservative,144,84,ae2b74d5ebff8ce19b81f83fecb7ced756d22a1a35d1335edd94f197ed9ad8de
1ch2o7q,AskConservatives,centrist,165,196,b1fceae16b36e7c0671a03fc6fbc2e2cec019c03576bd1a10532d95fb9e24bfd
1cgyb00,AskConservatives,conservative,164,75,c4b6ae9167db6a4ca106112dd0493b6ee38533b5f05cd03ee7372536121fe9e9
1cgxafb,AskConservatives,liberal,284,646,2426f32b464e36645a5978c574708537e70d7881e888a85f0665c77802017ee3
1cglbj1,AskConservatives,conservative,220,284,11f8f5a681f0debcac28c2b9e565527825fde4507e818903ceb92547f2c4ba96
1cgkz96,AskConservatives,centrist,158,337,105663170c254b1cbc89d8877035ff834405357af3b489b8bb31dd452a1acc64
1cgiimz,AskConservatives,conservative,264,166,e98d611288a7cbece4610828cd3dc45730dfcc7b7cc25e030e818565c44b3031
1cge02w,AskConservatives,liberal,137,808,99612b6a6b72f203dbaeb94855ee5aaf56a0722c30ad715a3d6b3317963b29c3
1cgaapz,AskConservatives,liberal,187,1010,74a88316e5a3cec16cce28de08360293600f518528e15352d67f77e3ce69a69f
1cg4sgg,AskConservatives,centrist,149,603,2740fe9eb311c532d489c435046bf7153ef80e254770db5eaced195dd0e33828
1cg4gfw,AskConservatives,liberal,133,700,a72647359f6dd3183538d928cb9adc77e8484dc954ae77bfb2a835086c4fc506
1cfskf5,AskConservatives,conservative,118,1447,8419598f7d89d99a479c569f1ad5f2a7873f968c9141961992cbc49cdddce8ac
1cfqj1l,AskConservatives,conservative,160,400,711aaff651f0a853a1d43ea7c4c5e64edec31b01be8853c7607a4160d1710761
1cfmwl0,AskConservatives,conservative,115,687,832687284b5839d643d650d88e4c0ab4f25b889cd31836fa9eff10a866cd798f
1cfmbgp,AskConservatives,conservative,135,144,25caad7f4a2ba6ec0c7e41a5c1bf3d14b5ab849d8d461cab82363be968216ce0
1cfld6u,AskConservatives,conservative,295,425,8317eb845227097f526f7457640da2753ee928762eb5f80d2bc11b2c90b1599d
1cejzny,AskConservatives,conservative,156,560,9b81d359195c83fad942af13431852e1b231f1ff4ee45db2235018a74c04e2e4
1cdxljh,AskConservatives,conservative,252,459,456e8de9b4a502ff7172bf6068a93ab67c52d379156ed89c9dd30986283099f8
1cdtfbr,AskConservatives,liberal,203,966,abd40db993da71598ef309fbcc86e07e70664a8c47b413785835d99ac1756867
1cdb80y,AskConservatives,conservative,180,644,47b9f9fb2bcae3e87e313951de790036456bfc18f54c0f8fa0b04cad3155e372
1cd7cnf,AskConservatives,liberal,172,179,2a457e93bd1c376ff00bf57e79203b6582482374d8886df7e8aaa4e21292960a
1ccy04y,AskConservatives,liberal,148,1041,0e3727ed2a0d372bf9b51994b1197d79463a8a4484dd46a32454363f3677da66
1ccy04y,AskConservatives,liberal,148,1041,0e3727ed2a0d372bf9b51994b1197d79463a8a4484dd46a32454363f3677da66
1ccttvo,AskConservatives,conservative,166,563,0402da57397dcafc00a0807de2d730966de534f7d93d34a6acec85cb4b0873ae
1ccta4f,AskConservatives,conservative,126,426,f90b631201e027bc6f4509988a9ecb590f95478d0ffc53a3b59315fca6a8348d
1ccdrmg,AskConservatives,centrist,197,432,5ebe74357199b510d7adeaf69dc497f713e0476030d82210713e7e337b3af9da
1cbyclq,AskConservatives,liberal,172,826,9465df0503614aac1f5168e4179c0e93b5dbb7cfbececece013573f773ce405d
1cbbx5i,AskConservatives,conservative,197,680,9e99f03a4f608cc36fa988b91206c5de266f550d6bc5c8e57990b5e524bca0f9
1cb94dh,AskConservatives,conservative,121,614,e1dc8ddc08e9ca61e96758dad5104399fe0d49a92a0414f627ac9bfc067285ad
1cb5ty5,AskConservatives,conservative,117,2488,26c165493d5e5df0832f4fc207c2fd0a438c917d434fab0dad634a8ac8ff7ca3
1caudi3,AskConservatives,liberal,278,828,f53d9ff90af415e457d4c5fe91872f41003aec3971ae4837e401a292c14781a1
1casce6,AskConservatives,centrist,126,88,29733e63152891451c6bb97ecb108270cd6d09520071753bd272928d4a255a5a
1cams23,AskConservatives,centrist,181,299,6156f7427aacf1a1f5284f2eb91ba7c21cb413a88bc4b1ffde92c11fd4971cfe
1cal6w7,AskConservatives,conservative,163,364,6dd9ef78c020ca3803e88a90fb0d496261f9b814cc5466b851a2060325baf828
1cab894,AskConservatives,conservative,221,754,a2053a389d52f492a207842f1b7bcee36efa562fc46b11c78a8bc13dad722159
1ca7y5r,AskConservatives,conservative,292,872,21fa5c6dae2966cdfd29e8ebd3cbe72b72ed5505dae0fedbabb3ca02c65d859e
1ca7tng,AskConservatives,conservative,198,319,0ed2f4b010f621466f9daf2b12a29da82df84fce384b134d254aa2bb6d858758
1ca0pun,AskConservatives,centrist,202,2944,935b3ba47cd258875e0a56dce5da51d7c2f29ad813d75d850b9d6944d2fe35e5
1c9wfin,AskConservatives,conservative,119,666,096688776c086481c990e392280b457c9b5b83b83295ab50d1d642e8179e9c38
1c9v1wa,AskConservatives,conservative,128,823,6d041042ea72ba665aee2b90be1a1c972581e1ea23fd46b7264c3f3fa0d72425
1c9u3w7,AskConservatives,liberal,239,1193,56529fb0e575ec0b9418e43fc4f723f3e425d253678a47380bda1d58864e520c
1c9ldup,AskConservatives,conservative,162,709,5635f8bcc1f01f71102afd08135e6d03680f30f20ced22e493910d4527905539
1c9avdp,AskConservatives,conservative,136,1212,301687038e9ad8d44ae10d18b9e0dcc2f7a884233d1a653b4314b241e7498fe7
1c95o1u,AskConservatives,centrist,124,318,4f433d7030b2d95b3a142c7da7be246ff4272c1ee5a3c4364a2bd0889dc4e438
1c8ruul,AskConservatives,conservative,223,1226,95c499487391d4d072b8797cc45d859c5f004336215812b61cfba5cb6c8bf892
1c8c2ed,AskConservatives,centrist,127,229,ffd8299a99abe5c9282175e46294ad1c8fae8860eaf6c9ea0a27fcff8192f8d6
1c8alm0,AskConservatives,centrist,202,145,bfa301ef921d8409dc2a1aa98dcd840ac93266f502ab9a833d2e67d2dc938261
1c885y9,AskConservatives,centrist,175,204,16c8c5096ac5b2f77177287a8170bed9b5159bcb656a1bfbffe58c0c1ffe264f
1c880ek,AskConservatives,liberal,197,339,1ba50b290c01c9d14f7199a2cd463cd8a803ecd0edf806fdb26f0fed2acb160c
1c7yqho,AskConservatives,liberal,119,944,167b282ce82ecfd55df700dc976c7fb0d3baf9530453ae0cbd15b6286164b3da
1c7wze8,AskConservatives,liberal,120,1205,88bdf86dd6bdc9b64d4634ae67ffd6913c74dcd7d634ee0435bab6c1e2a54f15
1c7tpuu,AskConservatives,conservative,185,1268,a385623fd51132d140edcfa5b56250a36a400a563d76afd5ae5544bcc3e0d920
1c7kaog,AskConservatives,centrist,170,174,9903c8c2bc0bd589ededf8463dd9ab12462174cc2a49868dd20e03cccd514270
1c79oxb,AskConservatives,centrist,238,394,a77d105d6f25ee03bcc843ee545545051914d5f8b1bae75944ded81d63bf6414
1c78ixp,AskConservatives,conservative,196,59,f39750755c9c70bd0606e81e9f2c168f47d0cf63fcc5125bd8e1091829c8d108
1c7829o,AskConservatives,centrist,256,242,5bad412dd629d88ed38869abb50367edf3aa14f5087cbef6d4d88865d14f4769
1c76ubm,AskConservatives,conservative,201,1075,f41182d2e1ee071eebc95a5112bf553589ef9469a6df23a772b879cc672aa5ed
1c766hq,AskConservatives,conservative,159,2391,08a84c3a9f2d02e1a608bede584f3bbc7754baec3d68d6aaf823d1e0fe9dd183
1c6m394,AskConservatives,conservative,158,903,c9caa53710a65f48a758b48bf7edabee7b2112ebc245284d1fa1d34f9f784b51
1c6j4qu,AskConservatives,liberal,249,1426,31402f79f706fb0ce51faa004a969f2fe2fd406be4f97e3d6faf34499d33278c
1c6g31m,AskConservatives,conservative,226,288,39681f08b5f9dd7561690fb77f353f856b4543f1de182b3987735b0cfb047578
1c6f6np,AskConservatives,centrist,176,720,d243bc385fe1f3c826bd77dcd9206e023c48dd8cd75cdd4d2e24e75ed0d7bef1
1c6e051,AskConservatives,liberal,226,634,651e58044d7b73483a603418ff7fe6f4181716f38a70d9e74002ab05f1c86ae5
1c6d4pn,AskConservatives,liberal,145,1214,99ba796f1cd66767d6e8b044c45b992efc7e9f2d274e94b0a4750bbb546fd286
1c698nc,AskConservatives,conservative,162,1210,a254ca856f7c7ce0ab38569f164f526b64c4f072fa6f3b5a29363a74c0c63b01
1c60yxr,AskConservatives,liberal,179,666,7bcd6c307583aad7e73fcef6b5e24d202664612dcb7508ff8aeb362a92464033
1c5uwlu,AskConservatives,liberal,114,897,7d88ec7b5e014691726a92de96db731a006aacdf47b530ecd7d14a7d39707b76
1c4sjjn,AskConservatives,liberal,201,2319,4b2845f1986676f24a37f2d51fa7ec5a1c0992a4f928e49885d90b2f2dfab2f7
1c4onx7,AskConservatives,liberal,209,264,97cc6dcc069d6e21ec209d9148e6faefd005fcc2af450fd0ac860f75e27ed9d9
1c4meuz,AskConservatives,liberal,197,3733,6d76ec0bc05c9a3d12491583798e4e8391bed12611240b0d2c1454650e51710f
1c4m7ec,AskConservatives,centrist,249,170,b25e69a9d56632c8033708eb5bbd6ce414a295d65d6b7ff0cd166e321575678c
1c4crqm,AskConservatives,conservative,139,320,3befbddc43faa354c6e39011f8394eb2d187d344baa7de9c712d47968bde114d
1c47xa4,AskConservatives,liberal,237,454,066c52426e883981cb058b5f8bff0e6e771b7c4c8c8d7fe57cb048a54865ee28
1c42mow,AskConservatives,centrist,292,136,ce67c138f9fe5552fddfbc15bb0191250ca513af8df49cd57b369688bceba463
1c3t9zf,AskConservatives,conservative,128,459,574f363d82da72f816cb05bb9265559f91f0b024bc00485b23b50f1bb52f218a
1c3sdgn,AskConservatives,conservative,174,621,dd3b8b2256622e5ffb3314340f7f6f753edf2e5cceca45bb59a389a8fac60077
1c36is1,AskConservatives,liberal,137,790,edc272cf4981cba030a032428f764b0bc1179046e6c5fbeb6ef17f7742628878
1c34x0i,AskConservatives,conservative,175,411,e8ae05292035d3f47839b76ecefff7ba6b936c4f6600695cc7dde042c70bb1c2
1c33fli,AskConservatives,conservative,290,94,1eba91dda1fdd9f607b4ce22196ae77c8cf0609dcd66306c3a5b595655694271
1c2t8ks,AskConservatives,conservative,245,243,01222010ea433e7d551ea129bf861db2ad1a0e20fdd772adfb490dfe38e705b1
1c2olre,AskConservatives,conservative,126,169,f11605f861d951273cfe4452fcc13d023fb41c966b409aaf023617b8d18a9371
1c2f3ky,AskConservatives,liberal,240,1176,295c8a938453868746ec95f7817488b3c8ef69b25998b2006a93bb7e4d64a6f4
1c2c9vl,AskConservatives,conservative,115,554,c25f5bb4b1bccfdd536ff8b9c92e2ff94073b197d4fdc0a33ba152e3b645f9a5
1c1olan,AskConservatives,liberal,151,1218,0afb7227506e1a79276a599b816ddb0ce0b2e2dae664b3a72c317329fe06d992
1c1o0h7,AskConservatives,conservative,167,803,3673a4ab432a13a6db79fa38d570d1e72eab17a8e399b09123d6aa93f07057c5
1c1nd1m,AskConservatives,centrist,123,400,1681765d863388e0c0bdde573aee0bb17ff2800cfba2a6403731746bc3d1dca4
1c1ji4m,AskConservatives,centrist,122,240,9d6001ab1f6fd38b7dfec23bbdb0b871bb50568e568f316921979fcbf3d6ed7b
1c1ernl,AskConservatives,conservative,112,116,86a245a9a3e5a611c6c071748962d7c05ba833916972de6d6bdf2e42cedcdda1
1c1ernc,AskConservatives,conservative,161,630,14004311d1846b01766424cfd8264ec1311f1f46b9e9787460513b99e3b47c1b
1c17q0r,AskConservatives,centrist,236,507,2046b05356c51e7c9b0ad83af22a3ccae16256d3b25952b14a088d8da7016aa0
1c168in,AskConservatives,conservative,295,1313,0672e4904194fc29e0be6dccdb8bb8b7e76cb9dd3424618feef292af047a8e89
1c15spl,AskConservatives,liberal,287,1828,06d1c9f31e766810ed218228e53cc5572e539c887619d789bf0decc01cda7580
1c15gns,AskConservatives,liberal,286,1692,e45717a43c0e28f8132d89b24bc7d44091875d2ae60f4183ea186868a117e3b3
1c0vssj,AskConservatives,conservative,186,1278,3d1b17c6353db51cb53e85534f017873879fb69fe69b219fd2bd6be3283d1556
1c0r16k,AskConservatives,centrist,126,223,ab00e57ef8452fa2900fcc83abe79bb970a08b26c351ec26b58f12bde36e0dcf
1c0m861,AskConservatives,centrist,116,792,25cd6fb0ebf182df5de6ee6ea5179ebcc35fee0a23cc5ddec02d1825cb37c11f
1c07rgt,AskConservatives,liberal,129,129,e630311abcdb35094de3a7827aed876ec5519c186496c3827be7a89b659292df
1c01k94,AskConservatives,centrist,287,85,8a11912be6cfdefda090c8e3aa3a37788f5ca631fe62a45e59b2afd7e3aa5f7b
1c00lky,AskConservatives,liberal,297,488,af3c255a7d4cc253e4fd5a016795defd6140985c0a72e4f0e671ea7f4353b6ed
1bzrvbj,AskConservatives,conservative,180,344,c69520d0cd3665f357ccb7d18bd6cd138d2915b0992d10bc2ff5f90f9aa1007f
1bzqs41,AskConservatives,liberal,137,3438,b2c38ca2b07a56a995d6f8c059dc2664db1b444524cb64ec20123dcb86f02857
1bzop57,AskConservatives,liberal,250,229,cc1fc3ddfd5563e97ee03c144ec81844432a8bdc5cf73f2cc0da5be95806e561
1bzoo20,AskConservatives,liberal,252,229,5f6305b7286b0b03b4f196c78ec7d97940e934b83d477a97d5c0bfe698c6fa6a
1bz5qci,AskConservatives,liberal,250,1080,a57202912573a3f361b3747cff6fdcc60559768c31f9ecef9b0ec9e8669eef7e
1bz0dow,AskConservatives,conservative,286,867,e35e463f22db8c235e75df26d0d5883b64682f2ce1f1fff3b5a739c27fef9c35
1byzun9,AskConservatives,centrist,283,1376,71843ae582420a6fabb4afb92652b959478be0fc2b4f98368b20864b42c5c97a
1byyj86,AskConservatives,conservative,119,211,0869783d7c01f11368075125c1ec055b7d2e92c04bf74385843324f58f3ba4f9
1bywcua,AskConservatives,liberal,279,2990,cf8daea14ba03cfa878856a283758db78320f4c6bfbfd27845f97ecbc6b80703
1byg45o,AskConservatives,centrist,280,204,2a069129a0b09a623e7fbc8b0ebb592d0635f009914b6703a55451f3ed739b5a
1by35or,AskConservatives,conservative,140,695,1bd1beb4292a9815750415c83fd31567538ad7570381871b182ff4fc04a99f1d
1bxiwb9,AskConservatives,liberal,280,1705,e67aff2b46030de958c5268c6ba905d12bd1dcb1e2e4f64f4797254692d70036
1bxfpce,AskConservatives,liberal,289,452,56405c42081e20d4ef8bf4b14956a53c998b072f6a8ae4d8e0de03d129aca952
1bxc7i5,AskConservatives,centrist,166,323,a2d43eaf0d2cfea21476bc6a03b35ff989c172f55942d33570c253ba203e3fcc
1bxbvgu,AskConservatives,liberal,271,571,d184bdc93e711b4360d8ff5e26e4df12918f331d8bd0b0782157a608f678f035
1bxbnib,AskConservatives,centrist,170,3100,391c3f36dba1402e19888b34a915101a6f3dfc01770b7c4e6bdb7f60737ab53e
1bwus7c,AskConservatives,liberal,122,1521,76d0e43723f5581404b2837fba7fb7ad8a8cfdfb3b2cb42f6c409e938b7f6967
1bwtgf7,AskConservatives,conservative,297,624,e024c0a78361ecfb6b511163d21b71141aa166652d87f4c27beb34467b0229e7
1bwkvzl,AskConservatives,liberal,147,862,44cb5ea928c360c2b29db726ae0359f9e8407887e76f7e4f56a0603873701cbc
1bwiyf7,AskConservatives,liberal,149,861,590067000d012238e89b932cd2d789319c75374eae2170ee235e7720bd64db96
1bwhwt0,AskConservatives,liberal,168,1281,5bfb54ba80c6e6f91355e31b887235bb8bc323b66e9cf7d0de5021df577e04a7
1bwhqoj,AskConservatives,liberal,180,117,0ad0987a324c1f678a2098ca8a23cb7d60aeb0fa438f0a4fbf2c00164b7dc720
1bw3eb8,AskConservatives,liberal,284,1426,1925281ff5fcebc191f9bc019ccf7e07e2628b2c0f6a83aebc5d17892a922c0b
1bw2rf1,AskConservatives,centrist,298,441,47dbd4d5bdd5e29312c80f35a3fbc7ed99fcc95c93d69e665858d3f9542fa8b0
1bw1l1i,AskConservatives,liberal,278,1410,922c4597fe0c9ebe512cb70c3be2c4a7034f27c5482c4ca041d955388745e4b9
1bvy078,AskConservatives,centrist,168,169,760d94aa1d2b82ccab1056759c67592fdf613adc4c78cc3eaf39a4491b7a3bbf
1bvrv90,AskConservatives,centrist,140,1339,0723449ff8786eb4978a5e42d5ae2c451e1f135dbcb404734877a12813766d4c
1bv71hv,AskConservatives,conservative,182,1642,cb41e2779d46a79302c7df5cb4a6c7ee98f2467c80a32ec39f55dbb957185203
1bv1m4l,AskConservatives,liberal,128,941,67eda4756e53f7cc6f3a3e33327a7c74e61f77d40049c19cf4503372b46dd155
1bujebt,AskConservatives,conservative,146,339,d7250fc1f11afd98159b0a2377f2b85298c17a4e0018998dd24325c9b03a6891
1buipaw,AskConservatives,liberal,174,354,7caef9af07ac1b5ad006836c5690c243dfce9b21237ff26b17015d66d89ccab8
1bue894,AskConservatives,liberal,180,720,f0ca49e1ce78e30a23497d8e8ecc07f38b9c7819c3ceb1fc069c4a08e6af51e5
1bu060e,AskConservatives,conservative,128,407,d9a575c13b132216b40d51f3fe03a8f8146b4f13914e67306ab56cb107d67250
1btoce5,AskConservatives,conservative,270,369,8f4ee2d038ad1dfd7754e7aabb5ec3d84984dcb51e6ccf680ab0b0b4d9777f12
1btlh8z,AskConservatives,conservative,195,246,26766d5b7d2758d249c536ab46b50c5311b83c7f2955816273cc045894d33078
1btfaw4,AskConservatives,liberal,145,345,6d448c89c2b24de9b8b08232e8cd149e4badb9106e348ca620f381d609c8e4a0
1btcqpn,AskConservatives,centrist,280,98,d54e2936fcf5b2d024717dc81f13aaa58af38a9710ef8b25a02251ae30074a51
1bt8eni,AskConservatives,centrist,194,158,fb634a669e952430a78826eead714944a33ae26385bcb21dc6620770d504333a
1bt7tyx,AskConservatives,conservative,176,296,b692f8caff76b84c4e27c554def541f609db819b521ab0a639e76359e479100f
1bt583s,AskConservatives,conservative,156,5685,47a29761959203b9b4d84b4faabed1c5f0ea23e0fef3082728666f2629b7e09f
1bsh5qu,AskConservatives,liberal,146,403,066034f005bb81514a88d80c4db579dcfd795cd90672d16d2ded5ff8dcb385a9
1bs1nee,AskConservatives,conservative,198,1900,76d9f58956aedd3c214a84b64cebf29ff9c6424835f61fde68487c9d2c92973d
1bs1mvx,AskConservatives,conservative,206,1900,a339d9ee557a8fdf07cb25b01ebe5e1600cc849e200a0ef7bccefd40e580baff
1bry1of,AskConservatives,centrist,270,344,1a14d20f83c4233b28e72ef9d321efe5bee0bdbd94fa6e84093c790ee30adc83
1brxq71,AskConservatives,liberal,211,387,1711c792390f6fd3dd7dc9e0d49d52d0c57cc53f6095e6ec67e88b58f94a9856
1brpqe3,AskConservatives,conservative,174,7351,c3fde9853fe8a1bca6c62fdd25248674804ed301d3e0cad8fcd0341ea4542957
1brkif5,AskConservatives,centrist,163,2440,253660b04d0ff1b15fa1bd3de89a8af69199a002a75eebc1dfd0dd7e737dfc5c
1brhryp,AskConservatives,liberal,182,3082,69d6293ec740b26f96caa5d5c558905e013bcaf3f7cda500f036203d45bab940
1bqug7s,AskConservatives,centrist,191,325,5daa332bccb321482acb13196c2109dc22af6ad662f3f6a1669eddd378647a87
1bqucat,AskConservatives,conservative,209,83,111618056fafa55bc71a35ba38beda04b1258cc5ef4cd391086850d9972fa07a
1bqrlsr,AskConservatives,conservative,295,1360,3d113a6160476e60506442dc5439672af0e0db9067f8983b7697e1787a8b1a2b
1bqqjok,AskConservatives,conservative,163,742,4e9a0bd3b9bc10a416e9eae8d97054dbb31687b6cf2fe12ee98f6250eee4edb9
1bqf4fa,AskConservatives,centrist,140,733,6382cb6e89e13001c3beaa48b804e8d66b24ae2c1a5701e55ca7440633811fdd
1bqb8v6,AskConservatives,liberal,247,960,2d54cfe41231f542e7c1aac83a6bc29054153d0e69dbca11464b07b68e2b12d6
1bqb8v6,AskConservatives,liberal,247,940,2d54cfe41231f542e7c1aac83a6bc29054153d0e69dbca11464b07b68e2b12d6
1bq373e,AskConservatives,conservative,181,720,e9f587cfe528ef704d8cdb760266cee2777017f8f606c07807c4b2c90a266e9d
1bq1whs,AskConservatives,conservative,146,278,984cd5390e916d2baf870562dccd3e9c9fd61fcf1c873176d9f3a8dd685660f8
1bpahua,AskConservatives,liberal,196,413,e5abc72e785127f77b8d0800ea3efed98878894c7b9705f1c02153f4943816b2
1bp5u6w,AskConservatives,conservative,181,130,8bcc4510ba6695770cc3bb8a3188cbd65d8d52740ed397185bcd4ae7a74c42aa
1bp5ch8,AskConservatives,conservative,221,814,c8a2a4c01d76d795d3f7ebbcb7196dd43f4ebfa6204df119f34920532330c6f8
1bp3rac,AskConservatives,conservative,207,450,b2f8fb472714cfebd112a7bd2aa92e9c1a2dfc30289c9de68334d65e02f53bf9
1bp1337,AskConservatives,liberal,177,231,9c6816edc683ba0534538b0da714cf404294178bec5b77b20f024b01985eaa9d
1bp0623,AskConservatives,conservative,216,693,de91370e2a42b36be4d28e637999540f901006fb4c347dbe5e6b62a76bf42765
1bou0sv,AskConservatives,conservative,144,630,d51d2eb45f48e7353e3f9914a9965c3b7a2d0e2efc95b88dc5fde0ab361bb2d2
1both5t,AskConservatives,liberal,143,1371,5754ec09b9517756d9bb36346eeee4786d8a01e46e737d1da2e79e64bff1264a
1bopzgd,AskConservatives,conservative,188,174,f19e1cb34ce30121c6fa9a461fc7fd8ee671c872ad40e9f6b4bb938fcf8267b5
1bo79wj,AskConservatives,liberal,253,1323,5446e73f8bce2548dc725fd1fe44ae889fd4540b2a8fe2a12f8e6c5276df42ac
1bnp71w,AskConservatives,centrist,252,841,51e42d0f099573e581a6bda88d7c0c34a138e9ed7007d15d91686974be9dccbe
1bnj5l7,AskConservatives,conservative,123,991,2e48d7b5f19288d3e55a4b7fd4ab5f598dfb88379c37bd8dc74397376f7e28d7
1bngwfb,AskConservatives,conservative,243,709,d3be9ab568f02841d54e7c99dea10d272d0eee29e9b3823ee797ec8c243cbf21
1bnc4y4,AskConservatives,liberal,251,721,4135188e8584054aafa2b6f2535ea240943f74776840f7e6fe1fa5468d3ff220
1bnc4y4,AskConservatives,conservative,251,711,4135188e8584054aafa2b6f2535ea240943f74776840f7e6fe1fa5468d3ff220
1bmy0nx,AskConservatives,centrist,123,234,8b2260b55c6f6ba25acbdc30785a2bcbcf2b7701ab37593bf501e776cc90c90c
1bm9gev,AskConservatives,conservative,122,166,65d5d6169ff1eb7c409e3dade1ad0932223f540a3b99e6e541aa8098d7694067
1blxa8l,AskConservatives,conservative,107,486,5f815b42b7c5ef85aa41fa3cb606cf3e160cdd91d163b8ac414d8caeb02105d9
1bldx72,AskConservatives,centrist,232,968,82ae35642ebe2256281a6b9ef73dbf2fb7d77b1384c0e777b47d186668317f94
1bl6wh7,AskConservatives,conservative,188,2898,9ec8856cf78978b39c78c21b976a9e25599402399a581649cda48dde4727827f
1bl6tym,AskConservatives,centrist,145,84,c39615236bf3a79904ea0ba2d6a36f613a61e7f009197ae69d26b0a4f3469e01
1bl0leu,AskConservatives,conservative,122,153,13c5c91ab3d7f21f77bbebe407279aa753d02198e6f1f4bff99ddce48fb5e3d9
1bks2ad,AskConservatives,conservative,148,524,9eb0254802321c8aacb8ed715e35a6ff2aafd34fc9901e97f1df42e5b3c30c38
1bklc9l,AskConservatives,centrist,144,109,e10c00f8a4665f0ddf80d19ea7ab9c8a44fd13e92a65aa96966edc7843e1ca72
1bkkiry,AskConservatives,liberal,156,1503,2692e200a6f48047a4c0b25dbf4733c6d57432cb198ea4bf3ce1f2f5816de039
1bk39jh,AskConservatives,conservative,273,111,d9607ef9a915299be1b17777eb64957494afe371e79186314f36db4c550e4183
1bjuekc,AskConservatives,conservative,242,442,159a87845fc790013692c49dc306323cb0c1c9fd5b067ec60cca2bae5fa50228
1bjtwoi,AskConservatives,centrist,279,467,e4727693ae5367df35488f46f67b1afbf0322326816a144263a77bbc1e3202ce
1bjqtrq,AskConservatives,liberal,153,1185,362efc0df9ebccf71998e6f16bb3e0d305f500a7234487a1b6421ee00b6a9a2c
1bjqk5j,AskConservatives,conservative,166,613,f8e1259abdad98d6db8f0c184ba69c24b6549d0d5c4b594c89aef55b25787713
1bjm40w,AskConservatives,conservative,123,673,8d008e9b179c12b3344f78b633237a8ee3cbbbfbdcf0eaea9faf94f2d36694ab
1bjlvub,AskConservatives,conservative,135,195,a93d8946fbbe8ec1c20accd1364d4bea2166cc34712236e58d71346be004bfa1
1bjlvtq,AskConservatives,conservative,120,811,b43e06aaa678900300791606cd1d8eb61d17a28e54249646145c9908de858504
1bjlvtq,AskConservatives,conservative,120,811,b43e06aaa678900300791606cd1d8eb61d17a28e54249646145c9908de858504
1bji943,AskConservatives,conservative,251,1853,70b5d3389349c9a5217f170d5a5c34de20fc1b9ead831e525931ebe69f381a3a
1bjavcw,AskConservatives,liberal,127,162,7c354677614a4f28e7f91138bd0341323573cc145152b264cf3789d1ee6ae8f1
1bj1vx4,AskConservatives,conservative,184,1154,25beb44d514355615ceecd5bc53ce9e3ad2ba30be5d7e03b38079a60efb0ed85
1bixs4t,AskConservatives,centrist,180,585,e65eca70263b51b2d8ace796806a9b2b870133a267a427c7bfd461a4fcf5410e
1biu6pv,AskConservatives,centrist,292,250,116a2d2d7360d740f83b988fa382165eb6296c0601798dd03e24adb82b3dfb6d
1biqha3,AskConservatives,centrist,133,683,1cd0971e62237cdae70c1481a90f3be6ffea0713dc7c8e2561be4100aa56a86d
1biojgo,AskConservatives,liberal,249,380,dbb91c8918914863f21297d1ad43812f64d2b30b199c75e78ff84a38ae6d45ca
1bin36n,AskConservatives,centrist,225,1229,d347c215e2e70a5ad4c8f7f5baea340108c0daba48dde74f0b2f8880d54b3cc3
1bim77r,AskConservatives,centrist,122,192,97bd5f4ed600b5d67170197df99127903e8905c8ee89ae7d9c5e2a62f6745359
1bil58a,AskConservatives,conservative,152,1098,1921f6da9dfd4bce95c7704f0fc61e20b076c725222235e8219f071d32f7a9d2
1bi6a8s,AskConservatives,liberal,159,363,7906760a6953d11881a0ecf708fefcbb4abcf8b7c83c3cb69f4f8978e906e8e3
1bhux4d,AskConservatives,liberal,223,610,db508211611b9fb0a5dc7b7e75753bc0d5b662fad191a52990134d419245fe2d
1bhur9n,AskConservatives,liberal,183,414,dccc690ecb3eab3acc52e6a3f13bc1ca3983a08c8ed04b289723942f1b874f86
1bhrl4r,AskConservatives,centrist,166,5653,0a0a138998ab9cdec01ddcf72677d362227c5e8936a0e4afc3fbc7667d359d1e
1bh9pq6,AskConservatives,liberal,202,776,1ce231525d30fd0d526f810ebe76e78c0adfb5e41911986099ffe9214151a080
1bh6rhx,AskConservatives,conservative,178,340,b4cc621c77671fbc90c8aa122bfea74296fb212bf046931e20016d01be15664b
1bh69n6,AskConservatives,conservative,285,2366,e6a523cf608c615abc45f27585074254fc70ece1fb0c40f7d423e046730a81cc
1bh3aoc,AskConservatives,liberal,124,180,90bad25cfa299e5bc1f5d295233728a098887b77dedf6ac1bb9bce32e371bb2d
1bgzxoh,AskConservatives,conservative,173,206,878b8241ecfbaa86fe66368336a5d363935de59511e1068a37b269147a198c0a
1bgkfdt,AskConservatives,liberal,130,452,5347849188b870e178281e90e18fe4cc394e9341756ac31981748cc89220edeb
1bghigq,AskConservatives,liberal,299,594,d9145f097fb7c46c6eb6a48539e40b02667c66ed9af88e21f2fc194b11910415
1bghea2,AskConservatives,liberal,281,1149,ff6c66f63e9b0ad8b06c735791df4336fb23fb5690c755fc4a903c2bb6a9b4f2
1bgb8xi,AskConservatives,conservative,125,323,854d5a690b6435a4297dcecabe2d10bd92f4db4fc3637c543e418ab9cbdd25fb
1bg7ehv,AskConservatives,conservative,193,384,783272efcdcc22a5eb86c3aaf205f0ede9765ae0b31d3749a711db96f622470f
1bfh97j,AskConservatives,centrist,160,516,ffcd9048c78214e2797fd82bc583a85071617fe29b30cdf2c49d5a7b49fe20ac
1bfan1g,AskConservatives,conservative,158,76,c477b7e76b9d04910cf2cedba45ffba9ca40a3fd06df79944d58289895a1e7c8
1bf7m7h,AskConservatives,conservative,127,478,979b59a1e9f7998d828e5d88badd6e055ab5a42ffc3383cf360e334925b20fd7
1bf72vb,AskConservatives,liberal,204,753,ed177a2fca2f96df6c6f712d03265d7ec55f81b38ec34a213a2faceb15c1b84b
1bews45,AskConservatives,liberal,276,188,e2f722ad2eecf2303413482693057a9afb2eeb8b2b601fea443efba4fd67abdd
1bes6lu,AskConservatives,conservative,123,388,133a58f0954ab06b3f37b1d24af416f7f6a91741749ac60f59b86b1984c5c67f
1beoubw,AskConservatives,conservative,129,445,9378b97bad3329447d1577afdcd21c254aafb30fa371f1e686c0ddeeec614371
1beo7bg,AskConservatives,liberal,159,1118,57c187403dca1137b785cf447c61ce784b5b0f31db3cd1494ec9a27105f265b2
1beo79o,AskConservatives,conservative,120,3904,3a0a7847bf04a7de20d6d287b87c9553336e52eec9ea08ee846a1dd256e0a7a2
1beaq7y,AskConservatives,centrist,162,1054,57ca8f24f3c08a3c95d66a33c4b60639e238a7e721936fe807e1481f208895f8
1be79ui,AskConservatives,conservative,257,476,fc30a3658db2a2d21f0275dc2ace780500e30cce83b066828654a6cedeb6f990
1be3gy6,AskConservatives,liberal,163,2518,bfe0b14fb7460862a0fe9ea542176f88541a15011d9eafec6c6150d1939c9cf6
1bdt9b2,AskConservatives,conservative,129,812,88589ea97dcde98dd11392b602579a87b4499acedb6b2ddf4c8c78c458058d63
1bdjgym,AskConservatives,liberal,193,466,4d3012d1b720c117c697a7f0ef1410808ab124e976a64b7cd4ed07cec994b320
1bdec5q,AskConservatives,conservative,184,1667,ea4945896485e5e905bfe52ef0b0e532495640f426ff851818dc7b77916896a3
1bddnc7,AskConservatives,conservative,254,1210,efe3bffddc15f0e0cee34592c6f35710b4fed2ae5c596ed6dda1dacdf8295b17
1bd481a,AskConservatives,liberal,203,683,48f57138dbba20099963031b30de26c031f9786efaf597b94fd9c794f8776ed6
1bd47oq,AskConservatives,liberal,160,293,fd6008297d3b3104e8ddb86ede5c2cd07fe907264e9aaed27ce69ae09347c9fa
1bd13kx,AskConservatives,conservative,110,734,26dad1bf951699b83a37ea53f7dd9414e0a207db96d8d843bfdf199616eff8b6
1bczydz,AskConservatives,centrist,153,153,b01668cc201b562bc209fe7141039b6f31e0dd35332502c045d58b27eaf196ca
1bcq7q0,AskConservatives,liberal,300,279,475daed9b6b4cea0a7e330e68ba8aa772abbb33cac271efc551106d5a30b7f51
1bcpkz9,AskConservatives,conservative,156,1333,0fcc2a7ef4421319a9b361b423adb7b729fb797564d2ebe599f6fa06a42457c0
1bc32me,AskConservatives,liberal,163,374,f32be938a5c3f3476108ea01c0501c7d1a6fa165b92e106e38171620f22d5744
1bby1ye,AskConservatives,liberal,142,2575,6e00b6be155815e7c40be455d8a504923924b62a420e5e9cec6103429f1bb6f0
1bbrd59,AskConservatives,centrist,167,153,d5016ba8d16e1931a09a0acf35231f74279777facf8c270407c644be709b1973
1bbgqwp,AskConservatives,conservative,180,171,77328dd071019c84c13d00f796b8c16a0d77f7910daa5fb2ad531c0583afbcd9
1bbfr9w,AskConservatives,liberal,296,283,c7a234723e09dace0182965cf421e03262058facd9370925bd81e31cda960f55
1bbd0sh,AskConservatives,liberal,140,242,481fbaeea851442e74bad3ceb324510a0171e0699bb2bb9dd083e3bb7756daab
1bb85on,AskConservatives,centrist,140,722,a7857e42f969301b441b46a88b1e5ed653dfa78f548c1f652d7d2c2d591c22be
1bb4aop,AskConservatives,conservative,188,265,8dd1bb1b91a4353d8dd3cce3f0d8584a53caf8ab23e6bffc61ce1ffc87af8eb2
1bb1y29,AskConservatives,centrist,139,101,2b1d10dbe6789959a5cfa7dce9e2f9a3ed512395a55cfd0a98613e993d3bd0da
1bal595,AskConservatives,liberal,142,403,efcff7777de383fccb1eae265168a33706cd6f3c7ab4983b01e816ca7e86fae4
1bakqu5,AskConservatives,conservative,198,654,b470700a197e451763609ff5a1d4789b635559d52bd6cb9e85180be890422362
1badry5,AskConservatives,liberal,112,274,0ca91115ac73c8055ee4c554fc689d1ae040877ef81dad4f1268970b378d7454
1bacf5h,AskConservatives,liberal,155,580,09f2145e015a9d68d481372d2e91531c5744fa9f3d0866af92a9de55b7886cd1
1ba5i5m,AskConservatives,conservative,117,1334,cbe375e5ef4b107dc0d6fe6cd3e848963e6e5fd1516de1aed30c7ada8bf14370
1b9ggw5,AskConservatives,centrist,99,1060,6cd258e035777b47d1d2477e802fcd3b0779618a82f5e66f93600e17ccda0365
1b98fsf,AskConservatives,liberal,117,4275,7d345f713f318b61aabb82221c3f23a3dd2e72b8fe2e8cc250d20ce616debcf6
1b91o6f,AskConservatives,conservative,155,338,b827b657ea1b4e81f42c6c3530b8b0ecdd2aba5a1d001eb555513bad508f39a2
1b8yjsl,AskConservatives,liberal,212,632,c1c9656cfe877e81c9d01a7508eeccc7c7efda6af659a0320d79e5ef0655ade4
1b8g1ze,AskConservatives,centrist,124,1716,c22766ecfca69466f866de1693a6240118e6b9219a11679a1420a3c11e3c2e43
1b85wy6,AskConservatives,liberal,124,247,6d66cd832ecb6c97aca837e4563fca3b49b54ff2d5a394a35111b70578601367
1b85roh,AskConservatives,conservative,206,689,9441df1a282d55d870f92eef38d3d909bae5d1d1ae16b1177fdca43c0dd22731
1b81fah,AskConservatives,liberal,160,2346,dfa25aa128bfc4afb52c470addd60d6c5fae844ede194bc7d6c67b29ebf7ae4f
1b7cu2a,AskConservatives,conservative,137,242,34fc553c9f4bb93e33be14de07917fd530657e88d7a4788c6f6f885a4d2365d8
1b7aroq,AskConservatives,conservative,226,583,2aa4f855e7699cdc6408f0c6adcae2bd026d41f9ddfd37d438c92e9baf1a9a55
1b77dsc,AskConservatives,liberal,250,416,b2387be385a95958074ed79de0007d15d96cb03aaf97fbeda0fa6a0c50d9ba58
1b69m4b,AskConservatives,liberal,226,4084,f39b61774e258e20b4b9018faed8c889bf5741a69d897f02a6c28813312f87c1
1b5vg0s,AskConservatives,centrist,151,598,a38457b168fcd60ccba85a5417b769a17cd8069e6cd726055a0dd566dd650d60
1b5mm6b,AskConservatives,liberal,255,684,786322ccbde6aa546eb12cdf8f7fe2a2fb4b8670eab4a630140afbd138cc9261
1b5iwud,AskConservatives,liberal,170,307,6d2a1decb6bbda4583afebab935ea1ded252c36791f5b0973cf082e70664f5ca
1b5e9ln,AskConservatives,liberal,128,494,bc26d530cc127a86353459ee89e6c5d23ff806ed3aab10e3d7ad51e39127d0c3
1b58myp,AskConservatives,conservative,141,778,4c4159b76cf5957b927d7a1839ea5c6a99e397c3cee58dae7e6562d6b619be33
1b4ujbg,AskConservatives,conservative,150,106,647063d8acf56dfdc3c22fa2fe87ebc1fa19dd94b9ce4f347678df9ed56f1e68
1b48m6g,AskConservatives,conservative,150,214,54f8565a6555c904a7fad8a2de57155564e5ed09eaa6fdfd41c913cfd9cc212f
1b4493w,AskConservatives,centrist,124,478,63c19fd7b3015f4d10a6c650e4ba4ae0c46d37f8f942ebb0a635c9ce4d8de519
1b43icj,AskConservatives,liberal,226,1184,639e166b32816852726a94fd9cb88a60eac159bf21280244ecefb9de29a2a532
1b42qyj,AskConservatives,conservative,145,332,1898f856c9bda7b647b0703f27ce724f0b0c80889dc4aa7733d2933ed6779566
1b40rc2,AskConservatives,centrist,182,537,d639504139dfed67eb07fbb740cdbf0c35e973cecbb4115bc0ce2829ee53617d
1b3vcwz,AskConservatives,conservative,300,335,8f40111bccc2f43f1f38dcdff3685373f17165ca4e7f9f1df9351aef5c98ccb1
1b3t567,AskConservatives,conservative,166,298,130f265083b7568c3401a8007e413c1d1548a60dd60d3632b79c37354df80dd3
1b3gzoy,AskConservatives,liberal,162,3237,ce33ac3e529bfdc41cefd2e339774a96fb428b16a1612032f8bdd35b1ba3f061
1b3dtrs,AskConservatives,liberal,146,770,837f655000c5aacd1436115246a1df9a4f65b18f805894dcbe6e1f354d0e96de
1b3aftg,AskConservatives,conservative,197,226,2a2e7b062b79da1ebc181cab7979c9e3e14b953031150f1cf882d46568e132fb
1b2k8zb,AskConservatives,conservative,299,1154,52694bfa8865a1e2be7d4c68731a30bf754b4baf71cd1c5c84f5b22d33f60ee6
1b2c7x4,AskConservatives,conservative,179,899,9fff392ee4a2384f6d261876da7719b4d996c2799edaa01bc0f29aec1a963243
1b2c7m2,AskConservatives,liberal,116,899,054e7b18b3f3c4171fc1dfaf1e45c413ea1af8c7d8ede754fcf8f92ae7172661
1b29jd7,AskConservatives,liberal,256,454,b5b3d2a0773220b0453f70be73f7060b9df8c8738ac0596ef5ae0aeec4eb759d
1b1gnf7,AskConservatives,liberal,228,1306,50f7afdff1415121b5452c2822528c9c9502ee0c9773946f573f19a5dad8a7fb
1b0vkny,AskConservatives,conservative,115,605,f2e367f2afa1bc068fc56d40f37d3669ab3d370486cb7efc6c9f7a040d3f30ac
1b0qekw,AskConservatives,centrist,186,81,0ce781d4b599a78999038b5b0e8b4bbebaa5bc22aea289ea4d8f2c33795ed3c8
1b0lm8e,AskConservatives,liberal,161,2289,fc83a2951a266500727601847df17f1bc4ff5cffdcc25bef2e287b6be02e7523
1b0jtqb,AskConservatives,centrist,201,138,f684dde8485923c92f93222fdbdcd4281ebb89ccbaae9eb836b8c3587ade6d0a
1b0iuen,AskConservatives,centrist,192,127,a783016bb6545d6992946e845b74a9554083d7844cfa5ec4327cc3efc77e8563
1azw84x,AskConservatives,liberal,164,398,4533c607734d6442e6c89a9e3f658dfba5dc76cdc2030cf0e0642b4f07ec1e84
1aztlcw,AskConservatives,conservative,225,206,67d2602c274ce358db2d3739fed33c4de8077eae6080fc8a47bb7f2d7038d4f2
1azs9kl,AskConservatives,liberal,130,123,cac9ceb3b9d7561137a96be2629a37336e9e28cd788e651f622365a108e3e9ce
1aze0t3,AskConservatives,conservative,127,2787,1841901ee01b1ae6450fc67b5e32ea1ccebfd56d5e614ccb3bf0c2f185851bf5
1az8kh8,AskConservatives,conservative,165,473,38485979e61dacb631573bd43c4e5d31342811c53f3b6f87ed7a1662928d8b9a
1az5viq,AskConservatives,conservative,212,369,9134a1f768114a679d2e82821b1e1cf1b020c0ab34dc00b5ad951b5c9a782fab
1az5viq,AskConservatives,conservative,212,483,9134a1f768114a679d2e82821b1e1cf1b020c0ab34dc00b5ad951b5c9a782fab
1az2633,AskConservatives,centrist,131,294,d6f4726117a06d1870119dc52f5919c980e8450d49955a0dcf01ba7633847f71
1ayx7ym,AskConservatives,conservative,176,2420,21de69529ccc4be19641374f60a7fe8457bc9d05d759395d04f0a786eae029d8
1ay60d2,AskConservatives,liberal,195,406,54a730c704bacb06890860c3a2facdca7aedce5833bfb908949753a708e75c5f
1ay2oou,AskConservatives,centrist,128,146,c4c37c9ec057ae21f6fa70a7dd9f6c262063cd1f8dbed0d5d983d715fb5a449e
1ay1312,AskConservatives,liberal,209,513,f67a33ee5f12ee28d6b2e0982e32db45852384b9b9324fce043900967905713d
1axhs2h,AskConservatives,liberal,105,487,8af5a6a873bc08b3612b3d07a1e862924b39b1639ed57a904bf2c01162751c11
1axbnzl,AskConservatives,conservative,157,765,43892dc020fafa89b0f0b000bd8dc26a131c9c6af47f17405700262bc99712ac
1axa0oa,AskConservatives,conservative,168,163,dc22361aba848d331bfcdbe288a37a76a933aa0b03a1aabdb600a2b900847af1
1ax66nr,AskConservatives,liberal,223,1669,e7191bb09868c189a3d083ba721a28d6c86edb911815dd2f8e0ad3123b532602
1awrpt1,AskConservatives,conservative,191,1035,dbd6ba014d8b4fbe9b79e1bb6b60165b3c6a2a48edcc2727e709d95e1793b348
1awn1sk,AskConservatives,liberal,141,78,6834ff44f9c4d286de7e60f6b0cca361da180a955eec5f7c11af1f88b9a9113a
1awk5zv,AskConservatives,centrist,131,1602,10e33a204406c3da789d80917cfd0de3a997126d6e29c895ba8a060b8431bcf9
1aw90s2,AskConservatives,liberal,151,200,1c96e0a22ec84f8a8ff6dd3dd1b821e223c0123d73c3a0bc46b745dc2c4d7b8a
1aw0dxd,AskConservatives,conservative,230,1736,cbe2f76573bacb584f654814a3c1fa7bf7d7a4fb547d74c397452bb0cc2338c7
1avz1fj,AskConservatives,liberal,291,698,93ce4bb57ebb9e48d788be8ca1ef93b146da94c61f658407308625189b6f9ad9
1avvqff,AskConservatives,conservative,294,2370,e07bafa2946aa41eef0b76d0e1ce92c91760b096ee9d990559572d5a6485b7d8
1avqh4l,AskConservatives,conservative,149,928,8135fc49cd1584fb26e3707e1c8aa75d02a4a6984446ef779a7a3a124220e7fe
1avpabv,AskConservatives,conservative,298,1984,873faa7088bab29b685d52ed1779cd44026b2e5542a23d0917c7e3add3aee802
1avnszz,AskConservatives,liberal,131,496,0a7a859f9f65cffe564d1ad7342aace0e876ffb85d91911b32430f614417b8db
1avk48j,AskConservatives,conservative,103,785,8276c3144692f1ab361e9428e3dfb07e1ebc763e8eb8ece04a26f4483df315d7
1avjcab,AskConservatives,conservative,125,640,f990345d55bce5f1bdc4281c4f158d8f8c9454a4b66e6a57c9eb9839d9649850
1avhlwt,AskConservatives,conservative,133,291,5856fd63dea482675527f2f14f8e6f0084d99a3cce928df1b2ac72e072491ab8
1av8ts0,AskConservatives,conservative,122,882,e2bf86f10e907c60c242be82297b25d63d6a09242d8a869e4dd33c4a8d3b075b
1ausr0m,AskConservatives,centrist,126,109,b69a5673976efd15bdaacb8f07b5f4958d98481ffb42465ca20287f403451fa6
1auqlzr,AskConservatives,conservative,226,955,b5bdea3f6795a091a9551cd182ef78b72090486d249339836af3c99e7983a18a
1auo8tk,AskConservatives,centrist,127,126,367627fa8dffa8d6b272d8f4550c5aa1d8796aedaf68528e0223df1c219509f1
1aue65h,AskConservatives,liberal,197,798,1fd6727c5f0a3adad45486d460d4b43e767309e3da395989b76a8dd52fff64e5
1audz66,AskConservatives,centrist,118,311,c4059ddce47cbf40dfc5c4f5d68f8d4551548656a2398518592cb5433892c553
1aucmwd,AskConservatives,centrist,129,299,bccf7dd8fd31f07b8465e45b9a57ea5f0542d93bc697b6c15b73a1c7a9717491
1au8qxj,AskConservatives,conservative,141,2638,6188c267f0fad69fca2567ce5d32479cb489d5d39abd027065d9be45bc2d0cb1
1au33ft,AskConservatives,conservative,158,445,1002cec13284a0ff941fd71bb757bfc37f1e0d1d6cc023980688d84f652cef83
1atethd,AskConservatives,conservative,189,639,8917cd186551307592aa00b8b6d312c9a96962a878a51b0cf132bd2317f07c87
1at4c4y,AskConservatives,conservative,179,2555,44b9d62f542881c253565cb0d6af7984714cc747a56ff3cf5d8949736f6bf907
1asr5a9,AskConservatives,liberal,152,708,8285c652fb3041c53c3b0b150a342900cd57e9043a8c41044a69540a04809e49
1aseton,AskConservatives,liberal,179,276,80ecfee158ce675a0ba5fbdec9ccef75129f8300c461238f394c492c4dd022a0
1ascsi7,AskConservatives,conservative,126,521,475ce6d077b48bb634c0ad4750c00a6a49eaf52853b110d7dad9dbeda757e862
1asbioy,AskConservatives,liberal,188,1238,8e1eb513258cf1f784d8c654f59ab17ed244535614d54127125d5436e2906f67
1asa3mp,AskConservatives,liberal,185,4652,d82289d5f666285996aba4048012f5c874e11a9bdfbbd8c32f8b328d03ecd9a6
1as9j1h,AskConservatives,conservative,206,3158,508890e02898884ac45c85e8b8d92327927e51c4b1d0182fceaaf24ede2cf793
1as9iy1,AskConservatives,centrist,142,403,98c16a25cb662d0128a112acf9e268f24390d9b554ca81043a179d4d7574e7d4
1arxq1a,AskConservatives,conservative,270,1107,42a0cf3e0ee8a47574ed044bdb58a7f72f4b91d4bcfbf6346f718dce69c8cc0b
1arw2c2,AskConservatives,liberal,243,2220,fd11bd6b94ba7ed6b3ed83f6ab4c808fb794f1ba334d471fb2944e38e1ab749b
1arun0x,AskConservatives,conservative,236,732,6b9b856f6599c0355cf83e4158b12c73b9fafd5a6d0b6f4553b8a9e6430f9f62
1arpxta,AskConservatives,liberal,178,786,47eb8ef00b0dc0903923b4a5b88f6b8eaccf78515fdc4ea746bd6c32a5765a75
1aro4ch,AskConservatives,conservative,227,330,fcfc7bacbcbddfa61aa42754f18983bfdf541a5e49736e44ebbb5ad1a6584275
1aro4ch,AskConservatives,conservative,227,864,fcfc7bacbcbddfa61aa42754f18983bfdf541a5e49736e44ebbb5ad1a6584275
1arbp47,AskConservatives,liberal,245,223,55fef2996df4f4d8b2d6d84fcf574fdc928ec9824a00a3401673ff70495a76d5
1arbmec,AskConservatives,liberal,163,223,d42efe1db83fd8b5dd1c5a9e3150ef1c8d99240098bcd41bc4545cacb7452f2a
1aqv7bq,AskConservatives,centrist,101,1063,7f9bd7c6e3c24518e96796fd0a3fd9e45360f7a3c8d8c471e113cb5951b81c92
1aqrjac,AskConservatives,liberal,245,1075,36077bb1c426a284a8e0f0371aa629b409bcbc1c40f9b44df4041664a071130f
1aqdvoe,AskConservatives,conservative,181,414,37c734645931bd77e546e95b95b6817e6dd5a1e69ffdca05c60fae4717f658f8
1aq5wp5,AskConservatives,conservative,283,1120,e32a76f59c0d3f125ce4030db5ce37dcf8dbddcbea02fce24dac91f28bb4e718
1aq35bz,AskConservatives,conservative,193,2118,e36d3dfa1353058a2b43e3738015577dcc2776bfb94226bafde010bb77e8688f
1aq1ulo,AskConservatives,conservative,226,265,aea7a37d07d293397228408ec1a101af91dad5012d81f7d056dc0ee8e51d4b37
1apw1k7,AskConservatives,liberal,211,804,e867fe023ddb2105ae21323c9eb121e2543b8e2fbc1f1f783beba40d020df360
1apd59m,AskConservatives,conservative,235,699,83189d0c16b8e319b2953b0246d06e1f52c4e37160e487c8377926a5506e641b
1apbmma,AskConservatives,liberal,254,1124,6aecb0584f1033a671e2c8ba168b8ee15e1bc9aa4e044b52b53ea0345c147bf2
1apaiif,AskConservatives,liberal,152,511,6897c5c916e404991c436b738540b32570a0781581be895b49ff1acf53f4298a
1ap8w0x,AskConservatives,centrist,218,1578,1742067273e9a5a2bb1c6851d136b406a19e40daabfb0588ec0928e0af48fd59
1ap05u9,AskConservatives,liberal,126,170,ae260c41ad0ef1eeceeca71146cfe537c516f766366426ff17d9a1dda07379ef
1aoejh3,AskConservatives,conservative,272,1286,0a2fb3c320033f4a3f9e9646dc5feabd03a6ebbac448c3bcb7825e36a1f40478
1anxsyj,AskConservatives,liberal,189,2270,71f568cec2acdd9048674a5ec5ffd51f34e851a98bc9b076aad2e30eb5a6324d
1anwkd1,AskConservatives,liberal,156,399,3c071c2b3425afbacf3833dd2b95630955ab59dcf3241361dd91546021aa26d8
1anizu9,AskConservatives,liberal,280,431,22bb4e1e19248bb4cbc7164a41bf6d4dc80c33d58619f1594fd15ffb836915dc
1anixye,AskConservatives,liberal,263,433,9285ebf12af27e41409341a2c47b127d79c8d68f69759682ce06a59759170017
1ana4ob,AskConservatives,conservative,141,507,336813971981ad82a2f44c5c060ba9805d4b06e6d0e4a22066c758c5decd6376
1an1k71,AskConservatives,conservative,141,504,5500ef41b0c8d35376706a4a5d6379538fcea11ce387931b0694847cf967fc90
1an04gp,AskConservatives,conservative,197,499,b8b169f196ef93daae3395f57d37f68d2428d620269bb3b66bc2a73cac8f4e08
1an04gp,AskConservatives,conservative,197,509,b8b169f196ef93daae3395f57d37f68d2428d620269bb3b66bc2a73cac8f4e08
1amylr7,AskConservatives,conservative,134,440,d829870178b09379123bebfdc8b84a9211adb1a4a17cb04669659232f50a8b78
1amuy5z,AskConservatives,conservative,172,847,10547987fbfd8907b23c9f6fbb1fd1546ce2f1e546af23e4a859745f496745da
1ampv5n,AskConservatives,liberal,174,1953,a4c8783175a8e290a329fb5898db69510f791b4b203e8422fd08024aeb240ce1
1ampv5n,AskConservatives,liberal,174,1333,a4c8783175a8e290a329fb5898db69510f791b4b203e8422fd08024aeb240ce1
1amj3df,AskConservatives,liberal,114,192,8aba270857cc3254be0e6267f8910ad6e492cb42679172ee6b9ea9bab048858c
1am53vj,AskConservatives,centrist,158,95,5d331a78084b28cf1b6539f60a6fbbdd5f5a2c6b056ff60eb397f9d779fe396f
1am1le7,AskConservatives,conservative,270,1010,1672126500502da92a830c31a71e447b2d9ab8d7fdb32c38c7547d4f8a3adcb2
1alz2ya,AskConservatives,centrist,138,184,527fde712d9c4286ca181af5ee9204e7f2d00f20e060bc10ec1a7e4b76ec0506
1alxe0x,AskConservatives,centrist,138,1375,5d5eb3cd08313f2fa790702230a86d872b0aadfde7e667b74ea40a81ecef776e
1alnb3y,AskConservatives,conservative,171,733,dfe8c19621898baea8166ef03ac4daf4d31560a08a5f0ee8f16b7a56a9ccfe09
1akmk24,AskConservatives,liberal,134,989,3cdf46298ccee6a494a43c1a09585a70e7a7dd28747a372d765af3230e38a95c
1akho5n,AskConservatives,conservative,153,107,27f502a7d51ff53d1fc7605f053fb6476a536b32fe4e9d06a198c5baa461b2f4
1akgl2t,AskConservatives,liberal,145,269,c5f67e0e3a77cfc708e637a075451e5b0e16630e8a770759ecf1c950e44da026
1akd9fx,AskConservatives,conservative,165,1061,3155d75a4852d4b94d493714ff6aa86aa799b5339c1a9d440baccc57ed5f9cc9
1ajxsf3,AskConservatives,liberal,137,322,2849cbbe754edeca801453d68ed21a8b5d7bb482476d2d6c68313c488c8594c1
1ajwfl5,AskConservatives,conservative,227,620,96e04f998ec429e1cbfa3b5c39433af33dd06a2c341fbbeb97a28cd7b1e05738
1ajrz2b,AskConservatives,liberal,131,262,2697a90b340ef962658462312a30aa70b46f3e86f7fc4156551bc841a431a52b
1ajriei,AskConservatives,liberal,223,520,ee79a18081c71f5cbe34a3ebc04970d56295216f1ca3d14c76d02cd2be329bbb
1ajriei,AskConservatives,liberal,223,520,ee79a18081c71f5cbe34a3ebc04970d56295216f1ca3d14c76d02cd2be329bbb
1ajnlmz,AskConservatives,liberal,101,785,00bf5f05399c522e43e2979f4a4d69af5cbdb0189e759b211a140a6c9f446d8a
1aji9ue,AskConservatives,conservative,145,1940,44c8e072ef0a31c75f7db3f4eb946352f65ce2685fa543c95dbfb27267eabda6
1aj9meg,AskConservatives,conservative,176,2895,cfc4db091fe606864672d7aedb7176112f63b0f82df9387efdc90ff443d231df
1aiulsa,AskConservatives,liberal,132,205,76d2db7ff0397e2a3db2e5bf0fdb87cc260170f15c5c885a96c431910deb8128
1ai9oof,AskConservatives,centrist,143,94,808a4c500647472f1361a347e0bda563f566970c660c387641e67fc1b359db5d
1ahx50h,AskConservatives,conservative,250,448,af63ab425d64b83d9b115d2a9ed494a54ab21b607b697d2eb0e01f2922e79508
1ahbaeq,AskConservatives,liberal,111,2233,f37c5f04d2d5a096a82c1005a991973d870368638d5c8ec8ca2b7cbc0dec792f
1agjud2,AskConservatives,liberal,170,358,803020cb7db349dbd8066678587a6d248c44d7f3f080557f019ae4966a32f7bd
1agh9mc,AskConservatives,conservative,249,924,5cf43487f5c779b1128dbddb106884bf9939d9a50d8170036d1d0b6e96fbbfe0
1agfkkl,AskConservatives,conservative,145,256,c5af25ed92a1745a8fb179f939099d3ab32bc85f216497db19937c825f10862a
1agdnbt,AskConservatives,centrist,226,150,8779eb5fc940f3486194b28af1382019aa7d11208a0aa5f4f39adcc4994838c8
1agcnw4,AskConservatives,conservative,152,181,57c0d96fa5a132e304b9b3ec2117047862e7b048cd6e3c6c4fa0629d3e0d7fb9
1ag2ofm,AskConservatives,conservative,133,1073,6308781198d0f342a0f5459284b56bb5f1e66c4b0dc20636ff254f3c45655f25
1afxqh9,AskConservatives,centrist,96,806,b70c3cbaedb32ca1f97e7f59d1a92c2f3d5a4ac6570a11b0acd327447662381f
1afxfgc,AskConservatives,conservative,162,242,2044f5b68190a0e0a152efddfb8609601facc173141fc0f8f75095d3e73aaa46
1afpec7,AskConservatives,centrist,259,4368,35d9b2f92883837f445297784705051922db6857d9dbf607ca640074ef01f927
1afmksp,AskConservatives,liberal,254,748,c094c3291b6a6eb7f9791f22ea22086d5ef410890ace1a60e52a3f4b0bf5ce7c
1af83p5,AskConservatives,conservative,216,639,450ef4a7c67d74319cd1b6062a9b9a68cc3df1e6d5086e893a0dd52111d974e1
1af5e6c,AskConservatives,centrist,190,824,fae7d06a56afe6624d95d07df1978758954c95854e5a6690410fe1119165f99a
1af39pz,AskConservatives,liberal,180,834,cb1cca78b529cdcc2c6aa1608ed941c05cbc7dc1a4e540ae07d6516469b4a19d
1af1l07,AskConservatives,conservative,128,1290,6dc602fb15e06fe3d74fe31de7b09f89d7a5258642db1aed04b8e0a879e97fba
1aevwtg,AskConservatives,centrist,263,6738,d4120b0ac0b61420a868d46bc70e6adb3739d8eeac4809a705f9ccc81eb5f150
1aetjtt,AskConservatives,conservative,158,1866,684c451a53baf8d24fb9e7fcef74fefbcd211e94c0d99463066013afcfc3453c
1aeft34,AskConservatives,centrist,171,2070,cf7e62460aaa093b5dee3d3655923c395173a873666a4bff01a07fb0a6084ef9
1aee5pf,AskConservatives,centrist,161,127,7ea018c5e258f644140909b0cf248e03db47f1d9c7555c38d641c75253bf379b
1ae8621,AskConservatives,centrist,230,371,7cea61c079b954727a6e729318bf9feaa879e3210027e40ecf0301f8314af3be
1advty8,AskConservatives,centrist,126,777,f3f98a9413c99def59d3690b5b544d7d44396d2de4ac3148e1fc8135bc6ff2c2
1ade3lz,AskConservatives,liberal,143,649,eeaf1527dba2bbf646cb22a06239198803df2af23b9e042344972d3e128086b2
1ade3lz,AskConservatives,centrist,143,649,eeaf1527dba2bbf646cb22a06239198803df2af23b9e042344972d3e128086b2
1adazel,AskConservatives,conservative,150,429,1ade24ab972a6f9dc61121b94c1332ae69f7e8ce6a3c2b20fb8c6de74367b315
1acyc28,AskConservatives,liberal,135,720,3ac82ffcbbd8e374dc2c5a3bd10807dceb9de3830a196d948a04dc48608e546a
1acbt8r,AskConservatives,centrist,203,129,fc4a04342c486cac2f38b96b753f1408da6731823b4314d42aac03803b62ac30
1ac1dgk,AskConservatives,centrist,249,4560,1a777dde04329af967cb9300414b0068a41e6c93551e58a5a7f21567f321b937
1ac1dgk,AskConservatives,centrist,249,3996,1a777dde04329af967cb9300414b0068a41e6c93551e58a5a7f21567f321b937
1abupyc,AskConservatives,centrist,187,112,e63ee2ba0cbea19be32cc440868b0a66c3fd62504530f3b7d3a61af7f129fa2c
1absub4,AskConservatives,liberal,293,211,bb2097be537f337fbf9d5763e47044189fefd410312f31472a01952d0e1caf9a
1abneu2,AskConservatives,liberal,190,300,bd2334fbf29459aad3bc470e1f7a9cc333acb21ed18afa7581413626b3c900b6
1abmlds,AskConservatives,centrist,132,93,e0ac8873c239fd4dadbcb35fe708ab6ee25947bc33de0ce985f535b1366b5b1b
1aba2g4,AskConservatives,centrist,160,120,9b81083a21255baa2b9513c51f7114b8bd886ab11537725a55d9de8fde2c16a6
19fh09c,AskConservatives,conservative,145,494,25e01f8b6eaf95df947cef13119f0c42d309081daecbb4c6df5bcf60e84bceb8
19fdczb,AskConservatives,conservative,126,775,356102a290ece28beb0904896147382d2160ea42bf7eb45bea3e7180c2239453
19fanat,AskConservatives,conservative,165,223,908edfb5989df2f9007f21b3fc982a99a9d15a626b26a3f6afa5f07af021df47
19f1j5y,AskConservatives,liberal,216,322,980740d63af48b99ffc809c8a610ed9b0b82eca6f92e5933603d2ea42e9e49a6
19f0d9d,AskConservatives,centrist,139,166,55b50f97dab721da29a17f4f38f74c9856b8e275ed72a8a659be2a887a2f522a
19ev6kx,AskConservatives,centrist,226,626,117668b284a85c9d708499cf29806c0eef5cd6f3deec04a3b07386f32f8dc5c4
19enq02,AskConservatives,liberal,168,195,80e13aa9784f7c98b81a88f14e403e0f40022b2fdac3d4895be7ea89b9fe9560
19em2xn,AskConservatives,conservative,189,183,c8fbecdd09d22e9f81fa2a90fdac923a8229024fdfb3bc882a50e3157ccc624b
19ekzx8,AskConservatives,centrist,286,103,b51eb929064c02ab7fb0918c7a214939a0b8dbe2120caa203c8d6755514e2ad8
19ek9hl,AskConservatives,centrist,197,115,7eed121a41bf3ff9e3e129a499fd352831b87d02f9ea56aa5de476ebbd460269
19eiwt5,AskConservatives,conservative,160,550,112d816587c04c227dbb0adf50824a4203be437c38fb5046967c084ed91e380a
19e4hfi,AskConservatives,centrist,179,854,8cf8103ed59c2833bf26351913ba2f2bb47782103b5753f5bacb482177b56359
19e1x90,AskConservatives,conservative,158,901,c1fe1b02276e4a727467fd20b824cfb0199f234cf6f57e6aa09e1234c23fe025
19e1b1o,AskConservatives,liberal,222,2141,0e1e915346f3e8de413cd48f72696f78b1121134a14368eec1fa43e899226a7f
19e108s,AskConservatives,centrist,144,283,b57fdc36621e5a464ddc61f2434c813e813af8838fb333193f1c10a0590a3f3d
19dzway,AskConservatives,conservative,277,823,34f2712ebd3e1a3d6f81004e2c7b07769e2e9c96620d3ec0e5812d42d81aa102
19dyxmp,AskConservatives,centrist,111,238,0d55d8f669dd086c25aeb28e3d70b29964449e4f88b2d7410b0d9daadd98058a
19dyozx,AskConservatives,conservative,137,673,c68b68d80168bcf4f9d8a0b7d5873dae64dbc019161e03fb5107efd80c35b229
19dymop,AskConservatives,conservative,235,547,dfa1f73de37ed4c04c3f3b9cbb879e2955fd6a7f66e57c90a95abf1de31a0768
19dtayn,AskConservatives,liberal,196,561,6d32a0c8fa341ba834934a9941a108ad33b61e545c7c04f40cbd74e62766e2b1
19da3po,AskConservatives,conservative,119,569,69cbb826e599607d99cce85c3fd3315e5be2a763f4435e61a67a5274fdc2601c
19cjtvj,AskConservatives,conservative,141,829,71b0ab16f6cf40cf624b196a37acecc234d04a3a01284baa179d111a6cad6698
19cilcv,AskConservatives,liberal,209,465,089335da2e0d19a733de5f1369de3ec96a40c3b06a580a82a05db8e7875f9f05
19cgmtq,AskConservatives,conservative,136,86,4c752e4d7d27f1226fde4dbba644d17a25efdba278a7a698a261f917c9ead1e0
19cc87y,AskConservatives,liberal,170,103,890f4cbda7e1a6a84726464191a3f057d0e5c8a7cb761b9e1acc97e90c30a8ac
19ca3qj,AskConservatives,conservative,145,570,002abc902a223a5dde89ce03588c71b6e6f8e7d1ec725a86e705d1b38c25fea4
19c5m8h,AskConservatives,conservative,161,786,26dea1b94d601235f41ed5cd27e74d14d2ba8681ef62e082c8ec2c098f8f984f
19c3o2g,AskConservatives,conservative,173,1543,cbd65b8589ff10e927248ccadc7fde39aed5bccfb45d5ac77134952b81669ef6
19bw3ts,AskConservatives,liberal,135,202,9b183b38002702fab05dff4b9eea4ae7fa08ca55df3ead07986025d03c1c985b
19btgm8,AskConservatives,conservative,126,324,195dc1acdd00a321b03e0fe2484651caa526cc83d0ab3f9c079663b1ed5cd2c5
19bsr7f,AskConservatives,conservative,164,370,7085b5a8767c7ce28c77114b0a219a347441e437e529ffb5f7e1bf3e63ff952f
19bmgsu,AskConservatives,conservative,142,444,e2d6e7d4d9746ce9b87ae77e644dae104b257a7a15f870443e1e31652fde4ee9
19bjqmb,AskConservatives,liberal,136,1957,cd94f7ce3fb9239d104b9584b8b363c3fcead868fdc2c10fed4c0532f8c0ae42
19atssh,AskConservatives,centrist,130,234,095b0c4189a3673bdc3b1ff857a6c7de6765d1040ca932ff0a059ae091902a19
19asiml,AskConservatives,conservative,205,1520,5036e144496f461f8c985aeb1265cbe3f1700ae6abd64ffba1b74e4a604d30ee
19aqexb,AskConservatives,conservative,126,2306,93373dd668d2c8e25ef5ddc4d3840e9acbc6a1d7f33d3861c4d035c810e1efcb
19aqdvb,AskConservatives,centrist,219,3060,b68a3e72e5bc814dd8997e7be494cbd3ff9e0c1d2b2db2763b9762610a6bda00
19abqth,AskConservatives,conservative,167,680,7d088af46cfd1ad7fb0a88e785558cf9b78b8805bb800aecd8a2a409b3c462b1
199zy1j,AskConservatives,liberal,206,91,cec29ac6eb8668769750d1325d0a027fb59cab4d2086fc15f122bc6dd4d5803b
199duzp,AskConservatives,liberal,183,681,24cc7d2724f140e0f7362eb247ae5db44f2358e0faa21120f058b0fee3a177e8
199dr3n,AskConservatives,conservative,244,597,092c768b312ed0495b07f75184ff2944cdb605f25af866a3938fa75552ae6b78
199dlas,AskConservatives,centrist,187,1140,85e12762f36f1ac68af91ec4fed8529512c6f92e2e0a694e5100459dbc1991c6
1997v2l,AskConservatives,conservative,117,131,c04b4d0499aee62ee639356bd45b2293b66b8e121fe30d5f958db8d51316b753
1995x2l,AskConservatives,centrist,246,4459,515808b7a9d5c14abe4a4beb2f54a31e96b9fb3b7103d58fe3f21db0d207dcce
1993n4q,AskConservatives,centrist,118,47,98ecbf02cee085ffd43ac1086e81fd8c794d9bbdadb5b91c8ccff5c46bc9af84
19937fn,AskConservatives,conservative,105,1118,52f7b8ac8b74b39ae830709591a6f88667c583541dc2980a24b782f113d4cdb8
1991t90,AskConservatives,conservative,186,190,9cd917bdfd969e13994d6b206f528fa840268de87520967a12700c48f2d37772
1990ton,AskConservatives,conservative,195,592,4c14099aef862eb4070abbeb4b3e86cf44076db6b4d85d3613b7a2cf686bcca2
198ypj7,AskConservatives,conservative,129,98,d2cbffb07cf031fea082680dc27056a53ce3aa6d046a4f9e8db1165c3e5b62fd
198wkj5,AskConservatives,conservative,178,151,98b324c0f0ee2599a75c5d51e573d9384df4adc58515922672407366e7906866
198c3ls,AskConservatives,conservative,170,1059,b440adadcd4e1bdd88c1c382bd4febff32d4a1043ab98b21903f1d9d27e1fe65
198at70,AskConservatives,conservative,127,539,ff077606a96a8428d6b4abc222b9ff334674886b31004f5fc4236e7312f8eb1f
197t504,AskConservatives,centrist,129,306,6505fa951b27ba724fc57b0d12ad7d11700862289e7d2218076d71d6b12b4ec7
197t504,AskConservatives,centrist,129,296,6505fa951b27ba724fc57b0d12ad7d11700862289e7d2218076d71d6b12b4ec7
197nacj,AskConservatives,conservative,231,1348,c7d9554bc8541df00d4c726d77550025b4d0eef1936bae4f2fa146061497dbcc
197gk0d,AskConservatives,conservative,130,1057,e77e7165900f4ffce6fb13995556cd98fc3593b3417ae1d94ddbff6052e8f915
197e2nq,AskConservatives,liberal,124,451,48d60f919233f0d089d2192ab0c8dbaeb42e5070f13d1737497f95a9d4f5f6d7
197bx9d,AskConservatives,conservative,139,607,6b99103d77e35b99f07b1564c68979c66a77d42e6e326cc35f1fd0c1508f1473
196wvfb,AskConservatives,centrist,150,181,8fd2c3680300a4427df5b291417629dda481dadf99678c6f672e95b0b4215c56
196sl55,AskConservatives,centrist,202,71,3511f7f7ab7d045500f5375ae0442e6240f3f37f6524ffbb63d24a352cd02b4f
196kk2w,AskConservatives,liberal,202,547,f1e325128899d1b5ed98589b8df069ea0d1c2b3561aef815f69978405c55ec34
196geqh,AskConservatives,conservative,141,753,8ab4c2550a7c9fa3093dbf65bb68e6d6ed115941e8b48e8714a08576b171eb80
19670ac,AskConservatives,liberal,124,164,96d70f20394d58ddeadb00f9520eb9bbde9fc138ba86d8f039ad306fef445737
195zhmh,AskConservatives,liberal,153,1379,990b9de8803592af51909a318632eab71bcc7f4adf80611c32502d0633b92a4a
195uu4p,AskConservatives,centrist,207,179,ea01cce26883b4c6e76f71d74267ea45bf31de371ff697854a77f886ceaae3a0
195ue4e,AskConservatives,liberal,120,4796,8d7f369d6a8f8ac1b62342a8c021fcd9f11db9045cfa5ee50a0797a9b8e2ecb0
195tl5o,AskConservatives,conservative,278,643,a4516f826cbcf572a139dd94c0b57b1c253db10737964111a3eada2ba5311cc7
195bjms,AskConservatives,centrist,139,825,73f4483060bf77906ddfd9c60a6b2c67708847f40ff49e4d74124752b59a7698
195aqmz,AskConservatives,liberal,175,283,eba683bf1e2523d0ac0aeb517188f17f70f37a3576a206059930520da5e6177b
19594a4,AskConservatives,centrist,198,437,8de20e3c673eeb427230954155786c172f8eede8f8b9fa7d19afa0d4e68d6bc9
1952mun,AskConservatives,liberal,188,393,49c9aa97e6b64e6dbb58629093363b11b797ee6c812aea3f964b5e78ce7c9089
19524ow,AskConservatives,liberal,132,1258,4852453a56b9209be5c71bd59a9714aa6ba4cb492329b0da3c9dc68ac49df536
194zz4z,AskConservatives,conservative,120,229,10d1e6ab6e4ed34b86adc725f9518577b63bc2b2ae8580d706888ca6ae5b4ae5
194wkpw,AskConservatives,conservative,195,148,c06e6d04c81089db8ca4beb8a82fe32d0abe412dd5d881df7b87cb8c8ea21167
194fciz,AskConservatives,conservative,273,1163,74d75d58d69212f33ef2efc671e44c009e4c423262dcfec7e98b826c88f9081e
194d1bl,AskConservatives,conservative,144,1016,c17f68d108b4503e3fdd7ab8e867f08d99c9c6e0f1e4c40e68d15326fa076098
194a608,AskConservatives,centrist,150,581,a697ebdfd1ddd54352893f0f281ced659dccc25956a6a8ef9a65b89b5837791f
1948qcq,AskConservatives,liberal,161,1231,3e06c5ee5f6c885dceee22224c01998a905eae32255f3a0aa7435f81d7bba4a5
193s23x,AskConservatives,conservative,127,79,2370646cf21f1c40561b51d5f6c6e7cd4d148f322f1874e03d5d428690379326
193ov7x,AskConservatives,conservative,140,692,92f45583b204364c5b9cb8c299c4b82e476ec815f6822d1f7eee10442135da5f
193ca8i,AskConservatives,conservative,130,70,5c1422903ff2033176d09fb8699931c6e034f57210e394df9ba674757bebac02
193b1gh,AskConservatives,centrist,154,605,f2e2eff595b234bc0043923aca0831d2d2ca63fdf6e47ed18e6f2ebfa1dd2cb7
1938fit,AskConservatives,liberal,255,856,35305146946158212c6cd9b7ff9f3ba5e00e58ee2138ee202405d712de544db1
192vstf,AskConservatives,liberal,247,1419,1c9cfeb60991703bd05be0dc8cc335a4fdd4b4c7c1509d84f0ea5153aed79bba
192pl8w,AskConservatives,centrist,178,712,21c476c0e3d3c755cc848a44c9d4b8099b28be338aa525c40373a5880f8549ea
192mjwr,AskConservatives,centrist,186,679,21d2ce96e0c38874d7d47a0d5449b6254eb34679a57b7d27a9b94c3141939db0
192jiic,AskConservatives,liberal,175,121,b2580dd434c47b45e82bd4d9091c41b8b560c4386fd485cfb977eb7191859bd8
191zij4,AskConservatives,conservative,164,655,9a1759f76b59cc55493babce8d82188828a2a1f393b961cf2f63e2e387c375f1
191xrnk,AskConservatives,conservative,166,1228,183086f3cd029bd845a2cc9f5999185da9efbfb043adfa3bd1eae5ea6b0cb2ab
191w51z,AskConservatives,liberal,116,407,e70ecd2e0463d96c9f750c7a5e072303650bba7047902c094cbcdaf7c1abf5e6
191tg9j,AskConservatives,liberal,189,1553,0c4a615b381752b9dce83a3bdbc2e8a15da7b180d408c277dd059b2983e16ff4
191teyg,AskConservatives,liberal,188,1553,ca7e68eaff19027e94f5a22df035b3d15f27000e68b15a73cf525ed1197cd569
191rxor,AskConservatives,conservative,161,2924,359dac1e950009525596407d24ec4835cdcb57e1b61c36958b5d906eec1d25c5
191qa6g,AskConservatives,centrist,158,361,ee3a206a651cd19b6d6c356621ee3341b42c01954f58d0bf20e153d73b753f49
191m7uq,AskConservatives,liberal,182,292,44678aa59a1f9669344d6da03cb9ce6fce7fd5cab473bfadc001903eb031fabd
191gjom,AskConservatives,conservative,134,214,17de2766b7cacb8800355038aa41f26137430aef79a4c5e0ea93d20014a43aac
191ehkj,AskConservatives,liberal,214,489,2cdf81585493b642fc033c48bdec723e0ec9c25cf7668ab349d91ab7d223457e
1915vr1,AskConservatives,centrist,151,102,3dfde3566ead20e70acab04089553f74b1df891bd996621cbe58bb819265e7e9
1912ulz,AskConservatives,liberal,154,112,87a94b1419c0d41fdca6d251f915a845b8c0ed434388318f5402d2a9dae5582b
1912ttm,AskConservatives,centrist,161,112,88c881d2ec673f0d2b02c76472e3d873aee30f08a2050ba0e42a77c8b463c8c1
190yt8e,AskConservatives,conservative,123,508,5ed3130953a0273d90c26d1787ea5f817252cd710114ab63161c76cea631252d
190ius5,AskConservatives,centrist,127,228,dcf2cf5254433174404266a067bc6f90c792453d388afdbe5f1656a6672921bd
190avr8,AskConservatives,liberal,212,476,aa85ff57a8a9a59eb798d23eff1896d5f1a9c2e77aa25b967dced4d57fcc2402
190avr8,AskConservatives,liberal,212,476,aa85ff57a8a9a59eb798d23eff1896d5f1a9c2e77aa25b967dced4d57fcc2402
190aj1k,AskConservatives,conservative,120,367,d861c1af250826a829528fd9ab5ec6da52daa261aa1ad08b1c4b54bf3f0e6bde
1907m26,AskConservatives,liberal,251,716,8d01f0acee2f0f967ff3b93c5f729d48955bf0f3594392cc333a5e8e7806c4d4
18yvbx9,AskConservatives,liberal,149,1792,d055ff91e1e25667df7596e8d40cd77b33c50ada978ba8af32c1252de1795ae3
18yvawy,AskConservatives,liberal,153,1820,93e0aa58b9b576dd10080bf353451a6c4dadc85527b59ac38ef6d44f43406409
18yoz5v,AskConservatives,conservative,202,548,553534a9abcab65e98a5b0324f64362f2a2f9cbc0a3e585481fdc638681c2ddd
18yjhdi,AskConservatives,conservative,215,1714,ef1c9e39869125ce2e1b63f57ee701e15aa8f71d7efd75166144a49e19fe18b4
18y3hw5,AskConservatives,centrist,131,60,19e978eeb478400f6923fd2f08564f5697b5e967952aee325d0330b0b1928449
18y21cb,AskConservatives,conservative,286,401,7992e5b393ddb16cb58acbf624f213fbfc504d42c34dd0f82e9bd872b66a7c9d
18xvh48,AskConservatives,conservative,138,563,c0ab623803644df2475b0dbe694492fb83076983a9a049a62f2da2063db8d698
18xtn5n,AskConservatives,conservative,213,530,06084cba5d38ed8ce45afd8ebba44eb5b5239b16a4bc6ca00afeddb06fa87921
18xkyr7,AskConservatives,conservative,141,318,0b4f8db872b445f063965bb1d3e3e7a8f813b5849a736bc13a76f06e34edca68
18xbwxo,AskConservatives,conservative,162,597,40edc0a011b94a96c6e7645b99cfc2eae2f1d5eee0cbac4928e12f1c3d938e46
18x9tia,AskConservatives,conservative,164,263,8fbded6773fa7467e0f02d48a3c98528e72c84645c56edbb549bbe72675f1da9
18x15jw,AskConservatives,centrist,160,585,8915a60670ef13bd2bf6ec0f5c918e1c5783bf511fc9afd97ac298ca6f56c9de
18wzz9w,AskConservatives,centrist,125,129,85bb5bf9cb3502041db2b296340f8b604e27f9a74993d22cca8ae61fcd8b16b5
18wspd2,AskConservatives,centrist,141,131,d3c4265119d5dba39641d5c01eba114be1e7fa407696b0b17ac10c9c14acc1b3
18wrx45,AskConservatives,centrist,176,209,69b95c2d196435d41b096c1a41197cddb6c8ae1e9a3fcf54050edea945d7900c
18wqngz,AskConservatives,centrist,133,311,b427be8b7c06dc2c7be9d017406f9e0cc823c2f53b59d660c5d63d1150503d3a
18wftzl,AskConservatives,centrist,127,728,59900df9b9c79824eb65ee8b0a41056f22d7954793cd706d61cebce28e6c484d
18w0e2f,AskConservatives,conservative,145,1105,c832cd49d860c40da733eb1ae15bcdddfa02aee8683a6565fa0feb7a257c1b84
18vdi6w,AskConservatives,conservative,199,129,ecc4a88d00473ff3dab3c518bbb406d54fe1ac171589d35fc32d71bd9b79d98a
18v9kd9,AskConservatives,liberal,179,1239,e280c4aef0e603fef5a49989873ed04d8473e6025d246e2027a4f066eca44ef0
18v7wif,AskConservatives,liberal,161,843,f42eb89280c046661c839e63ce96aab2e884fa3f5a9792c97763e9ec7798ef74
18ura5d,AskConservatives,centrist,177,269,1035fc9351acdacd15e9f92366a7bb2c8399171c1f1d97920c7ab89f68a31d2c
18uqrdc,AskConservatives,centrist,289,629,ec6bef60668a125f14695b381567bf5f2b30be4cc22d517fa36a17cbe8fe0070
18uq7rv,AskConservatives,conservative,242,1189,0559a1e6222f28a673e06c88b39f7738edb47403f1c6643a68722c4265bb5ff0
18uosmp,AskConservatives,conservative,189,545,5838758976f2a27f3d0bbf176a847d7a5b6fce9edc3e2c904f201857f9da27a1
18tybkx,AskConservatives,liberal,156,650,93b39fb913e71381acfae894f91dd247dd86247f2e3bc96aafb1595e524f0504
18to8ar,AskConservatives,conservative,111,1502,66ca195cae69f07ebe90771b1137c24c38fd3f3fd973092b1f1596c05bc0d530
18ta3hs,AskConservatives,conservative,174,662,866941082d961596761c44538f373c6a3fe1225cfc0c34c6568dc0578a13da39
18skn7x,AskConservatives,liberal,185,2286,0ede5468c7b8725b35d1cafbb84ed074075adfd9829df384db353bba5650d546
18se2l5,AskConservatives,conservative,131,48,9edcf86ace0a4ee0d80b1734349f65d44e7ccf7b3e562b2fbe1030ed60615bdb
18sczpy,AskConservatives,centrist,161,422,e106e79507be7ffa4eb229d756a3031cd79b40b844235789e64aa1efef8a5b0e
18sc1ad,AskConservatives,liberal,134,411,2947f7e146da37630a1381f018e5cc505229ace187904be9c4f541accc57c7bc
18s3rkj,AskConservatives,conservative,163,305,eb52b1b71940451269c1cb367f073e945743a4b4d2e8eb92c64d5ba32a14125d
18s38yv,AskConservatives,liberal,132,611,320b1ce4970543bc81baf04bf21c4cf42c45866b2aa6ba9e4b564205c395f17b
18rt9zt,AskConservatives,conservative,112,748,3659bcfbeb827a6d90036a02fc9fa6d18464c2c3c6fd4dd60c7b59ce709512b3
18rm4hd,AskConservatives,conservative,181,185,0059db10ccc7c283c24656493e56631c79639a3da8e9e2379d9a765cea924db4
18ri8er,AskConservatives,conservative,151,4097,ea344bf033b3b3a36704ee4ceac2555483e0cdf9fb95381779bd26abf0f1d854
18r9qpe,AskConservatives,conservative,119,2708,b30219950e1530e89efd887087a58f46691fc486e5964e8109b4369adc807612
18r9qpe,AskConservatives,centrist,119,2708,b30219950e1530e89efd887087a58f46691fc486e5964e8109b4369adc807612
18qyy0x,AskConservatives,liberal,133,677,7028dd8bb4d9e8cb9700e7abbd3816dbfd4a235eefcb384e35f7fa3ba8312a41
18qyy0x,AskConservatives,liberal,133,681,7028dd8bb4d9e8cb9700e7abbd3816dbfd4a235eefcb384e35f7fa3ba8312a41
18qnu16,AskConservatives,centrist,234,116,c458ed57e65c993d90c842746a77b7098275455da706ffa69b2daea4c8e109b9
18qj76k,AskConservatives,liberal,131,169,e3411f457963a94e78d702328df0c1ebe2b19deaae5d63635c7c5b0b07bfe88a
18qa3pr,AskConservatives,liberal,232,424,38cf77f316e4971e2dd85b0b3626c98e835ae9e83dca113a8de3c93ae264f6ad
18q3yvp,AskConservatives,liberal,149,978,5657f3410051b7724280370ac738780aeb247371789597a229799a275cfbcf90
18pwzw9,AskConservatives,conservative,165,1120,4536c13c79882a5ccf597aecc64b6f19be79935b56d21a7146b124c8341ecc1f
18pjt7s,AskConservatives,centrist,146,203,9afaa5d565a2b6c1eba6a40c32dde8c1d5bc487ac29be07da2cff61954ae3689
18phi9t,AskConservatives,conservative,132,408,e938dee35d1e0d132a20d9085f2a0572ae2723125efb54d2434358a594fdec1e
18ph1x3,AskConservatives,conservative,136,896,e12f31ac1da49ad4e9b87db139fc3e8e811d27410e60f2e216bd8ab1c7317774
18pbip2,AskConservatives,conservative,169,532,25d2db591b4f32a1cc37b8de78a746604d846d01d267a86375f68bfba59b643f
18p9iat,AskConservatives,conservative,183,269,73c06edae19080f1c9eec84bc7d7a66a6d0278e38373189a1f7dcecb4404fa5a
18ozxi3,AskConservatives,conservative,210,507,89d0e669b6cb034082f4151b127a9320784d7bf01b92c9d2735795c74f4c0a49
18ooggo,AskConservatives,conservative,114,174,25c477048e945e63864d4ebaceb2591cf0a83035d2639adab4e6fc65397de85c
18o74am,AskConservatives,liberal,180,1139,ee3487c9347b6a55e7d56c21f9252e9521bf4b38eddaddbbf6e18de2947492a9
18o0z19,AskConservatives,conservative,230,594,a7dca42e8635859327a2e2114d890e781cd2f0f805f9b1267ed1363cd567146b
18nucnw,AskConservatives,conservative,135,108,dad7dfbfddb7694c20d7c26caec77dd510dcb9fc1891f30c8b8c471af21a25d1
18npw82,AskConservatives,conservative,148,428,fdf96ae25a745e658958549781f54b50812ff6deca38e115141b65c29c153f96
18np510,AskConservatives,centrist,112,95,e2d3018bdb934111c2664a752e87402c30a4c10eb4d6633c9244318de663017e
18noe7a,AskConservatives,conservative,109,137,633023e86862e4b83b4976453511e46e03921577c112a6423e1e16ac15bf4f35
18naz11,AskConservatives,conservative,223,379,cc2e5b214516558d9b10417f233f31f71402a42f08fcafa55b99528d5e164307
18naz11,AskConservatives,conservative,223,379,cc2e5b214516558d9b10417f233f31f71402a42f08fcafa55b99528d5e164307
18n4ney,AskConservatives,centrist,130,127,a755eeb13de6e2b076f8bd0e1dfda1b2383257b550801437fdb3fe7a7395c331
18mxlm2,AskConservatives,liberal,156,219,d6341346135ff804d151d5ccf748ad233d654ab12a1af228c34ebd1d6eedabc2
18m4vbw,AskConservatives,liberal,202,1041,d68d10a6f5a56358ebc2766819a0dea346b0fef4e4f894a3ee038e2602e62350
18lravx,AskConservatives,conservative,243,193,9a4d9e16e9923c6a6e826cd31bb0a15b4ab5c76273fa6da27df50e67341e99e4
18lnige,AskConservatives,liberal,139,610,bb105b2ad3e9f9fc7ab9ee66045ca33049fdacdec250ccdecec8f49a5987b863
18lnige,AskConservatives,liberal,139,677,bb105b2ad3e9f9fc7ab9ee66045ca33049fdacdec250ccdecec8f49a5987b863
18lmsxo,AskConservatives,conservative,144,858,54773d0dec271a668607e06a15f72a8a0607278f90656ca02affac4d2b655c9a
18llg2y,AskConservatives,liberal,214,1277,53752cd679dbee814451f43212746236dd741174d0dc421f66905f343c4bcd0a
18lk7iu,AskConservatives,conservative,155,1415,5eb212ab76c4a4d2c4efb7b4ba2a4fd6c1cd46c20d487c91f2a2af4e68b6dc35
18lfbub,AskConservatives,liberal,241,131,985824063025d50d77122ad246924b72766866e41af4e4bb2beabb742c40640f
18kqj6d,AskConservatives,conservative,172,379,4ac40232ebd4aabf9a4f884772b0a0f18c7f958ff416719071adfdc57bbf2e33
18kot3l,AskConservatives,liberal,236,1115,d31ed6534e59cac4e6e4e4b277ec615c93316162c320d06f9b69d91746b4b0db
18jwi94,AskConservatives,conservative,160,779,cc5f6bb9b56ec2a76c722e15e17a6546c84d2b635c8b290153e25c26c6eafd93
18jewpa,AskConservatives,liberal,216,1986,f488d029a3eb7cc3035f6c19d24c24ba7f3ba89d3962ef6ddaab54ce1065a84b
18iweqz,AskConservatives,centrist,162,130,95d8d35f8b8e7a4bf56222d10bf6d524847c2d77d1c4f27133c788325e9eecac
18iphg6,AskConservatives,conservative,173,447,9df85280e8989fe61c767dce516a65d7d5382f907e0e425a2ed37310ccf1d7e5
18inbpn,AskConservatives,centrist,166,1691,142da5b1bd9bbd3618f9aea1aa3c22b3329bf8077e0a062bd5c927c8d3da0c4f
18iemc1,AskConservatives,liberal,233,1563,0f07d918b1554dc914790cdf88f70f5d71af153331fcd6acd974aa35cacef90e
18i9uen,AskConservatives,liberal,106,372,04a3376b94cee8a65a7e775f8a711d6fe544251713b3381044b17eaf1240f351
