article_id,frame,cell_key,within_cell,within_article_cross_frame,cross_article,has_sibling
qb_003272,legality_constitutionality,qb_003272__legality_constitutionality,0.71137315,0.7525408864021301,0.5028051137924194,True
qb_003272,political,qb_003272__political,0.8355687,0.7516157627105713,0.5616710782051086,True
qb_003272,public_sentiment,qb_003272__public_sentiment,0.8048085,0.6763442158699036,0.5578237771987915,True
qb_003272,crime_and_punishment,qb_003272__crime_and_punishment,0.8199445,0.7416794300079346,0.46681609749794006,True
qb_019519,political,qb_019519__political,0.7301284,0.670250415802002,0.5084506273269653,True
qb_019519,economic,qb_019519__economic,0.7931494,0.7422339916229248,0.4034724831581116,True
qb_019519,policy_prescription,qb_019519__policy_prescription,0.69884217,0.6787080764770508,0.45426154136657715,True
qb_007772,health_and_safety,qb_007772__health_and_safety,0.7365317,0.6780335903167725,0.47490864992141724,True
qb_007772,public_sentiment,qb_007772__public_sentiment,0.9404021,0.8405718803405762,0.4301300644874573,True
qb_007772,political,qb_007772__political,0.79868484,0.7900542616844177,0.47680649161338806,True
qb_009703,cultural_identity,qb_009703__cultural_identity,0.8518957,0.5849146246910095,0.4111061692237854,True
qb_009703,public_sentiment,qb_009703__public_sentiment,0.6992593,0.5227187871932983,0.4562569558620453,True
qb_009703,legality_constitutionality,qb_009703__legality_constitutionality,0.71145755,0.4984050691127777,0.47269147634506226,True
qb_009703,political,qb_009703__political,0.76349795,0.6445744037628174,0.4645049571990967,True
qb_008313,policy_prescription,qb_008313__policy_prescription,0.8197596,0.6892799139022827,0.443836510181427,True
qb_008313,political,qb_008313__political,0.75272876,0.6230186223983765,0.4484464228153229,True
qb_008313,public_sentiment,qb_008313__public_sentiment,0.8372725,0.6509746313095093,0.4701363146305084,True
qb_021261,security_and_defense,qb_021261__security_and_defense,0.7569413,0.7117853164672852,0.4082473814487457,True
qb_021261,external_regulation,qb_021261__external_regulation,0.8503616,0.7235642075538635,0.4119546413421631,True
qb_021261,political,qb_021261__political,0.8087164,0.6997741460800171,0.4390191435813904,True
qb_021261,capacity_and_resources,qb_021261__capacity_and_resources,0.7771834,0.690196692943573,0.43835505843162537,True
qb_021261,health_and_safety,qb_021261__health_and_safety,0.87710166,0.7017331123352051,0.4370812773704529,True
qb_019453,legality_constitutionality,qb_019453__legality_constitutionality,0.80849814,0.7956705093383789,0.4137098789215088,True
qb_019453,political,qb_019453__political,0.82457775,0.7797987461090088,0.48540544509887695,True
qb_020192,legality_constitutionality,qb_020192__legality_constitutionality,0.86262846,0.7600495219230652,0.39614203572273254,True
qb_020192,political,qb_020192__political,0.65930784,0.6529613137245178,0.46661216020584106,True
qb_020192,cultural_identity,qb_020192__cultural_identity,0.90102315,0.745297908782959,0.39190664887428284,True
qb_020192,fairness_and_equality,qb_020192__fairness_and_equality,0.87351286,0.6637354493141174,0.38306182622909546,True
qb_017167,political,qb_017167__political,0.9032311,0.7554221153259277,0.44340354204177856,True
qb_017167,public_sentiment,qb_017167__public_sentiment,0.8447341,0.7928397059440613,0.4204905927181244,True
qb_017167,health_and_safety,qb_017167__health_and_safety,0.9152636,0.6449052095413208,0.4664965569972992,True
qb_017615,economic,qb_017615__economic,0.8628688,0.671390175819397,0.3985116481781006,True
qb_017615,public_sentiment,qb_017615__public_sentiment,0.7248438,0.7048889398574829,0.39546093344688416,True
qb_003828,legality_constitutionality,qb_003828__legality_constitutionality,0.7602391,0.6525850296020508,0.39522483944892883,True
qb_003828,policy_prescription,qb_003828__policy_prescription,0.81628174,0.6670697927474976,0.45699959993362427,True
qb_003828,cultural_identity,qb_003828__cultural_identity,0.8731701,0.7544964551925659,0.4438336491584778,True
qb_003828,political,qb_003828__political,0.8013752,0.6215653419494629,0.5228158235549927,True
qb_003828,fairness_and_equality,qb_003828__fairness_and_equality,0.83951336,0.6950284242630005,0.4493293762207031,True
qb_015003,political,qb_015003__political,0.77325064,0.6977325677871704,0.4383328855037689,True
qb_015003,economic,qb_015003__economic,0.75733864,0.7025378942489624,0.4853852391242981,True
qb_015003,policy_prescription,qb_015003__policy_prescription,0.78537357,0.6661387085914612,0.46498948335647583,True
qb_015003,capacity_and_resources,qb_015003__capacity_and_resources,0.7403356,0.7259653806686401,0.45557719469070435,True
qb_015003,public_sentiment,qb_015003__public_sentiment,0.85210466,0.7061626315116882,0.5033208131790161,True
qb_018511,economic,qb_018511__economic,0.74441075,0.7052057981491089,0.4962282180786133,True
qb_018511,policy_prescription,qb_018511__policy_prescription,0.76583624,0.6653553247451782,0.4585326313972473,True
qb_018511,capacity_and_resources,qb_018511__capacity_and_resources,0.62378126,0.6196144223213196,0.4841005206108093,True
qb_001368,cultural_identity,qb_001368__cultural_identity,0.781999,0.8152703642845154,0.45237675309181213,True
qb_001368,political,qb_001368__political,0.7948166,0.632509171962738,0.43798476457595825,True
qb_001368,fairness_and_equality,qb_001368__fairness_and_equality,0.8855841,0.7572066783905029,0.421201229095459,True
qb_001368,morality,qb_001368__morality,0.8742498,0.7030586004257202,0.3831580579280853,True
qb_001368,public_sentiment,qb_001368__public_sentiment,0.93713826,0.7910079956054688,0.43385404348373413,True
qb_011457,economic,qb_011457__economic,0.85256416,0.8078900575637817,0.46535176038742065,True
qb_011457,political,qb_011457__political,0.83839345,0.835854709148407,0.4879850745201111,True
qb_006925,external_regulation,qb_006925__external_regulation,0.7894274,0.7064722180366516,0.4260365068912506,True
qb_006925,political,qb_006925__political,0.74140733,0.6605641841888428,0.5117323994636536,True
qb_006925,legality_constitutionality,qb_006925__legality_constitutionality,0.8107226,0.7034063339233398,0.46234092116355896,True
qb_006925,crime_and_punishment,qb_006925__crime_and_punishment,0.812974,0.7011928558349609,0.45849737524986267,True
qb_006925,policy_prescription,qb_006925__policy_prescription,0.79275084,0.6555728912353516,0.4488483965396881,True
qb_013655,legality_constitutionality,qb_013655__legality_constitutionality,0.8235777,0.6644275188446045,0.44377923011779785,True
qb_013655,crime_and_punishment,qb_013655__crime_and_punishment,0.8277527,0.6928150653839111,0.4431437849998474,True
qb_013655,political,qb_013655__political,0.8289095,0.7437790632247925,0.41969865560531616,True
qb_001630,policy_prescription,qb_001630__policy_prescription,0.8279933,0.7792673707008362,0.481375128030777,True
qb_001630,health_and_safety,qb_001630__health_and_safety,0.77408665,0.7540190815925598,0.48938530683517456,True
qb_001630,economic,qb_001630__economic,0.7835021,0.7362095713615417,0.48266273736953735,True
qb_001630,political,qb_001630__political,0.84393203,0.7240192890167236,0.45914173126220703,True
qb_001630,fairness_and_equality,qb_001630__fairness_and_equality,0.84456265,0.7334476709365845,0.4305804371833801,True
qb_011948,security_and_defense,qb_011948__security_and_defense,0.7223503,0.6974529027938843,0.4799039363861084,True
qb_011948,crime_and_punishment,qb_011948__crime_and_punishment,0.69693965,0.6383752226829529,0.4879167675971985,True
qb_011948,external_regulation,qb_011948__external_regulation,0.8208746,0.6532958149909973,0.4914095401763916,True
qb_011948,legality_constitutionality,qb_011948__legality_constitutionality,0.8365301,0.6540006399154663,0.5010045170783997,True
qb_011948,political,qb_011948__political,0.8114553,0.546582818031311,0.47674232721328735,True
qb_006606,political,qb_006606__political,0.88663125,0.7172003984451294,0.49893274903297424,True
qb_006606,public_sentiment,qb_006606__public_sentiment,0.8083481,0.6412340402603149,0.45488548278808594,True
qb_006606,capacity_and_resources,qb_006606__capacity_and_resources,0.8258655,0.6875596642494202,0.44931140542030334,True
qb_016127,health_and_safety,qb_016127__health_and_safety,0.70093,0.6088564395904541,0.4144124388694763,True
qb_016127,policy_prescription,qb_016127__policy_prescription,0.79576355,0.7148626446723938,0.41883760690689087,True
qb_016127,political,qb_016127__political,0.77029395,0.7191793918609619,0.4488205313682556,True
qb_019129,policy_prescription,qb_019129__policy_prescription,0.7525464,0.7086899280548096,0.5163565874099731,True
qb_019129,economic,qb_019129__economic,0.7123648,0.7470890879631042,0.4618142247200012,True
qb_019129,quality_of_life,qb_019129__quality_of_life,0.8022402,0.6899855136871338,0.43856191635131836,True
qb_019129,capacity_and_resources,qb_019129__capacity_and_resources,0.7528035,0.7126544117927551,0.44194507598876953,True
qb_007903,legality_constitutionality,qb_007903__legality_constitutionality,0.75115407,0.720159649848938,0.5102207064628601,True
qb_007903,political,qb_007903__political,0.76821876,0.6391956806182861,0.4726654887199402,True
qb_018184,political,qb_018184__political,0.7456548,0.73382967710495,0.49585169553756714,True
qb_018184,fairness_and_equality,qb_018184__fairness_and_equality,0.8289103,0.7586503624916077,0.4598396420478821,True
qb_018184,morality,qb_018184__morality,0.8582284,0.7936999797821045,0.4806303381919861,True
qb_012949,legality_constitutionality,qb_012949__legality_constitutionality,0.8211211,0.7578647136688232,0.4405951499938965,True
qb_012949,economic,qb_012949__economic,0.87560046,0.6934481263160706,0.43266934156417847,True
qb_004499,political,qb_004499__political,0.9158546,0.8909066915512085,0.504503071308136,True
qb_004499,public_sentiment,qb_004499__public_sentiment,0.95308405,0.8975598216056824,0.46252432465553284,True
qb_020948,health_and_safety,qb_020948__health_and_safety,0.867097,0.7692911028862,0.42238134145736694,True
qb_020948,capacity_and_resources,qb_020948__capacity_and_resources,0.7347653,0.7181638479232788,0.4576365053653717,True
qb_020948,policy_prescription,qb_020948__policy_prescription,0.8219968,0.786541759967804,0.44085654616355896,True
qb_020948,economic,qb_020948__economic,0.7710526,0.7085590362548828,0.4339929521083832,True
qb_020948,public_sentiment,qb_020948__public_sentiment,0.9059382,0.7367315888404846,0.46544402837753296,True
qb_020948,fairness_and_equality,qb_020948__fairness_and_equality,0.760764,0.7117014527320862,0.44245782494544983,True
qb_020948,political,qb_020948__political,0.8176706,0.7482670545578003,0.4652663767337799,True
qb_017303,political,qb_017303__political,0.8000548,0.6566524505615234,0.44791489839553833,True
qb_017303,public_sentiment,qb_017303__public_sentiment,0.80047655,0.6614777445793152,0.49487242102622986,True
qb_001971,political,qb_001971__political,0.72811437,0.776884138584137,0.4655575752258301,True
qb_001971,public_sentiment,qb_001971__public_sentiment,0.7781817,0.7158501744270325,0.4019205570220947,True
qb_006315,health_and_safety,qb_006315__health_and_safety,0.83640176,0.748542308807373,0.43358856439590454,True
qb_006315,policy_prescription,qb_006315__policy_prescription,0.7978939,0.6309906840324402,0.45322927832603455,True
qb_006315,crime_and_punishment,qb_006315__crime_and_punishment,0.81001097,0.6440303921699524,0.45392218232154846,True
qb_006315,public_sentiment,qb_006315__public_sentiment,0.8389802,0.7129409909248352,0.38987940549850464,True
qb_006315,capacity_and_resources,qb_006315__capacity_and_resources,0.89868903,0.7723618745803833,0.38480493426322937,True
qb_006315,morality,qb_006315__morality,0.80390084,0.7117658257484436,0.455681174993515,True
qb_006315,political,qb_006315__political,0.7507174,0.6749652624130249,0.4673106074333191,True
qb_006315,cultural_identity,qb_006315__cultural_identity,0.8188704,0.7195091247558594,0.4708191454410553,True
qb_016595,economic,qb_016595__economic,0.79188514,0.6850630044937134,0.47718676924705505,True
qb_016595,policy_prescription,qb_016595__policy_prescription,0.9215536,0.7785451412200928,0.4223930239677429,True
qb_016595,political,qb_016595__political,0.77815783,0.7097295522689819,0.4397270083427429,True
qb_016391,political,qb_016391__political,0.8429593,0.7055025100708008,0.4252512454986572,True
qb_016391,legality_constitutionality,qb_016391__legality_constitutionality,0.80730796,0.7385993003845215,0.5163366198539734,True
qb_016391,policy_prescription,qb_016391__policy_prescription,0.7670468,0.7251491546630859,0.4809492230415344,True
qb_016391,crime_and_punishment,qb_016391__crime_and_punishment,0.83141077,0.7452827095985413,0.4390670359134674,True
qb_016391,morality,qb_016391__morality,0.91119623,0.6667667627334595,0.45984482765197754,True
qb_005134,capacity_and_resources,qb_005134__capacity_and_resources,0.78587157,0.6668267846107483,0.48373469710350037,True
qb_005134,health_and_safety,qb_005134__health_and_safety,0.68956053,0.6743413805961609,0.45449191331863403,True
qb_005134,economic,qb_005134__economic,0.86288536,0.7747786045074463,0.4749833643436432,True
qb_005134,political,qb_005134__political,0.7970766,0.6768560409545898,0.4721054434776306,True
qb_011008,crime_and_punishment,qb_011008__crime_and_punishment,0.7486463,0.6748666167259216,0.4295940399169922,True
qb_011008,political,qb_011008__political,0.8091843,0.7467806339263916,0.47828951478004456,True
qb_011008,external_regulation,qb_011008__external_regulation,0.7846513,0.7373587489128113,0.477260023355484,True
qb_011008,public_sentiment,qb_011008__public_sentiment,0.8237841,0.6800951957702637,0.43515023589134216,True
qb_020841,policy_prescription,qb_020841__policy_prescription,0.82516426,0.7643225193023682,0.4724871516227722,True
qb_020841,security_and_defense,qb_020841__security_and_defense,0.8369862,0.7963137030601501,0.48321643471717834,True
qb_020841,political,qb_020841__political,0.7899803,0.7090834379196167,0.5012165904045105,True
qb_011204,external_regulation,qb_011204__external_regulation,0.6952565,0.637981653213501,0.4452420175075531,True
qb_011204,political,qb_011204__political,0.66131186,0.6473806500434875,0.4324401319026947,True
qb_011204,public_sentiment,qb_011204__public_sentiment,0.8626767,0.6226670742034912,0.40028634667396545,True
qb_011204,security_and_defense,qb_011204__security_and_defense,0.75610316,0.6591236591339111,0.4208277761936188,True
qb_011204,legality_constitutionality,qb_011204__legality_constitutionality,0.69425774,0.5808256268501282,0.43188729882240295,True
qb_007007,legality_constitutionality,qb_007007__legality_constitutionality,0.78435946,0.7850809097290039,0.4155946671962738,True
qb_007007,political,qb_007007__political,0.8448226,0.7521840333938599,0.47082406282424927,True
qb_007007,crime_and_punishment,qb_007007__crime_and_punishment,0.85392034,0.786688506603241,0.42731553316116333,True
qb_019524,political,qb_019524__political,0.7129828,0.6690148711204529,0.4823317527770996,True
qb_019524,economic,qb_019524__economic,0.7143977,0.5725772976875305,0.4231923222541809,True
qb_019524,policy_prescription,qb_019524__policy_prescription,0.749815,0.6695525050163269,0.4566110074520111,True
qb_019524,fairness_and_equality,qb_019524__fairness_and_equality,0.79347545,0.7445120215415955,0.4423375129699707,True
qb_009516,policy_prescription,qb_009516__policy_prescription,0.7390092,0.8149537444114685,0.41194120049476624,True
qb_009516,economic,qb_009516__economic,0.77268463,0.7143505811691284,0.4575124680995941,True
qb_009065,political,qb_009065__political,0.78146976,0.6646864414215088,0.4771674573421478,True
qb_009065,policy_prescription,qb_009065__policy_prescription,0.7482858,0.7378247380256653,0.46591323614120483,True
qb_009065,economic,qb_009065__economic,0.72145915,0.6786802411079407,0.494126558303833,True
qb_009065,security_and_defense,qb_009065__security_and_defense,0.8377166,0.6936051249504089,0.46518731117248535,True
qb_012660,health_and_safety,qb_012660__health_and_safety,0.7762811,0.7522962093353271,0.4036462903022766,True
qb_012660,political,qb_012660__political,0.75440884,0.7153679728507996,0.4242688715457916,True
qb_012660,capacity_and_resources,qb_012660__capacity_and_resources,0.8547047,0.7527764439582825,0.4231882691383362,True
qb_012660,public_sentiment,qb_012660__public_sentiment,0.7977046,0.7729840874671936,0.4775536060333252,True
qb_011647,health_and_safety,qb_011647__health_and_safety,0.8353658,0.6791964173316956,0.4228042662143707,True
qb_011647,capacity_and_resources,qb_011647__capacity_and_resources,0.7587872,0.7416315078735352,0.45256781578063965,True
qb_011647,economic,qb_011647__economic,0.8408361,0.6951940655708313,0.5177390575408936,True
qb_011647,political,qb_011647__political,0.86518234,0.6301960945129395,0.4901552200317383,True
qb_013083,public_sentiment,qb_013083__public_sentiment,0.81822276,0.7608364820480347,0.5178166031837463,True
qb_013083,political,qb_013083__political,0.8159957,0.6150915622711182,0.46279335021972656,True
qb_013083,security_and_defense,qb_013083__security_and_defense,0.7711618,0.7447999119758606,0.5046385526657104,True
qb_013083,policy_prescription,qb_013083__policy_prescription,0.739464,0.6064885854721069,0.48313504457473755,True
qb_013083,economic,qb_013083__economic,0.7446216,0.6950871348381042,0.46319690346717834,True
qb_004334,health_and_safety,qb_004334__health_and_safety,0.7601535,0.7298455834388733,0.4000574052333832,True
qb_004334,legality_constitutionality,qb_004334__legality_constitutionality,0.8094876,0.6808435320854187,0.4902210235595703,True
qb_004334,capacity_and_resources,qb_004334__capacity_and_resources,0.8083496,0.6749259829521179,0.4524995684623718,True
qb_004334,political,qb_004334__political,0.77453506,0.7012247443199158,0.5416511297225952,True
qb_004336,economic,qb_004336__economic,0.77898407,0.6941704154014587,0.4191083312034607,True
qb_004336,quality_of_life,qb_004336__quality_of_life,0.77748007,0.6058355569839478,0.4300735592842102,True
qb_004336,political,qb_004336__political,0.76087976,0.7492566108703613,0.4577926993370056,True
qb_004336,policy_prescription,qb_004336__policy_prescription,0.7262311,0.7052422761917114,0.4553898274898529,True
qb_004336,public_sentiment,qb_004336__public_sentiment,0.85192716,0.6776657104492188,0.4063429832458496,True
qb_011836,political,qb_011836__political,0.9227439,0.8103693127632141,0.4958430230617523,True
qb_011836,capacity_and_resources,qb_011836__capacity_and_resources,0.8692803,0.8536368012428284,0.5100275278091431,True
qb_006904,legality_constitutionality,qb_006904__legality_constitutionality,0.7624237,0.7110117673873901,0.4338601231575012,True
qb_006904,political,qb_006904__political,0.8787329,0.6946586966514587,0.5529494285583496,True
qb_006904,crime_and_punishment,qb_006904__crime_and_punishment,0.8264172,0.6335611343383789,0.44183939695358276,True
qb_016434,legality_constitutionality,qb_016434__legality_constitutionality,0.7825977,0.7175376415252686,0.4455697536468506,True
qb_016434,health_and_safety,qb_016434__health_and_safety,0.8667623,0.7212402820587158,0.39021387696266174,True
qb_016434,capacity_and_resources,qb_016434__capacity_and_resources,0.80677074,0.686851441860199,0.42192596197128296,True
qb_016434,political,qb_016434__political,0.84398615,0.699163556098938,0.4602392613887787,True
qb_016434,policy_prescription,qb_016434__policy_prescription,0.8541218,0.7577770948410034,0.4743192195892334,True
qb_016434,public_sentiment,qb_016434__public_sentiment,0.74661785,0.709700882434845,0.4616941809654236,True
qb_020995,political,qb_020995__political,0.7673396,0.6655929088592529,0.5096374750137329,True
qb_020995,health_and_safety,qb_020995__health_and_safety,0.8146379,0.6297122240066528,0.43000444769859314,True
qb_020995,economic,qb_020995__economic,0.746397,0.7202004790306091,0.44203171133995056,True
qb_020995,capacity_and_resources,qb_020995__capacity_and_resources,0.8050953,0.7221306562423706,0.4384113848209381,True
qb_020995,policy_prescription,qb_020995__policy_prescription,0.79023105,0.7445329427719116,0.4112982749938965,True
qb_006562,political,qb_006562__political,0.68713856,0.5445780158042908,0.4735739827156067,True
qb_006562,public_sentiment,qb_006562__public_sentiment,0.7882421,0.6785719990730286,0.483326256275177,True
qb_006562,security_and_defense,qb_006562__security_and_defense,0.72343653,0.690762996673584,0.4834010601043701,True
qb_006562,crime_and_punishment,qb_006562__crime_and_punishment,0.8125104,0.6304813623428345,0.5085409879684448,True
qb_006562,morality,qb_006562__morality,0.76940835,0.6624855995178223,0.5335736870765686,True
qb_020238,health_and_safety,qb_020238__health_and_safety,0.715176,0.6665708422660828,0.4642409682273865,True
qb_020238,capacity_and_resources,qb_020238__capacity_and_resources,0.8044366,0.6115083694458008,0.4512847065925598,True
qb_020238,public_sentiment,qb_020238__public_sentiment,0.91709,0.6958503127098083,0.48460301756858826,True
qb_015506,political,qb_015506__political,0.71051747,0.6274904012680054,0.4880943298339844,True
qb_015506,public_sentiment,qb_015506__public_sentiment,0.77961975,0.6571487188339233,0.4970881938934326,True
qb_015506,economic,qb_015506__economic,0.74166703,0.6159858703613281,0.454886257648468,True
qb_012587,legality_constitutionality,qb_012587__legality_constitutionality,0.7123405,0.6235818862915039,0.48400694131851196,True
qb_012587,political,qb_012587__political,0.78888726,0.6573724150657654,0.44802984595298767,True
qb_012587,policy_prescription,qb_012587__policy_prescription,0.7956494,0.6721575260162354,0.4533437192440033,True
qb_012587,public_sentiment,qb_012587__public_sentiment,0.8249507,0.6578792333602905,0.4759364724159241,True
qb_012587,fairness_and_equality,qb_012587__fairness_and_equality,0.743275,0.6676005125045776,0.482158362865448,True
qb_008348,political,qb_008348__political,0.65722066,0.5734857320785522,0.43550974130630493,True
qb_008348,economic,qb_008348__economic,0.7135654,0.6595125198364258,0.4590446949005127,True
qb_005116,political,qb_005116__political,0.78977406,0.7166967391967773,0.4710991382598877,True
qb_005116,cultural_identity,qb_005116__cultural_identity,0.898513,0.6772310733795166,0.4493282437324524,True
qb_005116,public_sentiment,qb_005116__public_sentiment,0.7574646,0.7079108953475952,0.4510568678379059,True
qb_021425,legality_constitutionality,qb_021425__legality_constitutionality,0.7401431,0.7649475336074829,0.43232449889183044,True
qb_021425,political,qb_021425__political,0.79462665,0.7523167133331299,0.5007907152175903,True
qb_021425,crime_and_punishment,qb_021425__crime_and_punishment,0.78400385,0.766178548336029,0.4632728695869446,True
qb_016625,cultural_identity,qb_016625__cultural_identity,0.8834837,0.8181121349334717,0.44311636686325073,True
qb_016625,fairness_and_equality,qb_016625__fairness_and_equality,0.86142886,0.7739124298095703,0.43525171279907227,True
qb_016625,political,qb_016625__political,0.88820326,0.8156421184539795,0.42956534028053284,True
qb_019547,public_sentiment,qb_019547__public_sentiment,0.7685539,0.6237964034080505,0.41801485419273376,True
qb_019547,morality,qb_019547__morality,0.83540756,0.5766813158988953,0.46992620825767517,True
qb_001031,political,qb_001031__political,0.80506724,0.6601693630218506,0.4644124507904053,True
qb_001031,policy_prescription,qb_001031__policy_prescription,0.79131174,0.6683478355407715,0.48694974184036255,True
qb_015567,health_and_safety,qb_015567__health_and_safety,0.7089101,0.6863350868225098,0.46515074372291565,True
qb_015567,capacity_and_resources,qb_015567__capacity_and_resources,0.76816034,0.7005308270454407,0.4220309257507324,True
qb_015567,public_sentiment,qb_015567__public_sentiment,0.7131999,0.6481016874313354,0.4565753936767578,True
qb_015567,political,qb_015567__political,0.805836,0.6740120053291321,0.4720143675804138,True
qb_015567,economic,qb_015567__economic,0.7123215,0.6664448380470276,0.4157871603965759,True
qb_015567,policy_prescription,qb_015567__policy_prescription,0.6647006,0.6361681222915649,0.4288792610168457,True
qb_015056,legality_constitutionality,qb_015056__legality_constitutionality,0.7826491,0.7907298803329468,0.46365824341773987,True
qb_015056,political,qb_015056__political,0.78978217,0.7055049538612366,0.45750442147254944,True
qb_015056,crime_and_punishment,qb_015056__crime_and_punishment,0.8519102,0.7702311277389526,0.4327924847602844,True
qb_018222,health_and_safety,qb_018222__health_and_safety,0.79256535,0.7327163219451904,0.4678027629852295,True
qb_018222,policy_prescription,qb_018222__policy_prescription,0.75471056,0.799376368522644,0.4073605537414551,True
qb_013463,security_and_defense,qb_013463__security_and_defense,0.78885376,0.7603764533996582,0.4035097658634186,True
qb_013463,capacity_and_resources,qb_013463__capacity_and_resources,0.8334912,0.7928842902183533,0.41060876846313477,True
qb_013463,morality,qb_013463__morality,0.92549556,0.7075127363204956,0.4187470078468323,True
qb_006160,political,qb_006160__political,0.6493665,0.5924326777458191,0.46603113412857056,True
qb_006160,public_sentiment,qb_006160__public_sentiment,0.7665603,0.6469736099243164,0.4331792891025543,True
qb_014211,health_and_safety,qb_014211__health_and_safety,0.74787736,0.6378806829452515,0.41376614570617676,True
qb_014211,other,qb_014211__other,0.8522534,0.6503350138664246,0.45642781257629395,True
qb_015046,political,qb_015046__political,0.87963176,0.685248613357544,0.5014418363571167,True
qb_015046,policy_prescription,qb_015046__policy_prescription,0.7456811,0.7101446390151978,0.47254571318626404,True
qb_015046,health_and_safety,qb_015046__health_and_safety,0.8501725,0.8028323650360107,0.4985008239746094,True
qb_010073,health_and_safety,qb_010073__health_and_safety,0.7566192,0.7025827765464783,0.515515923500061,True
qb_010073,political,qb_010073__political,0.8483176,0.6845119595527649,0.43760156631469727,True
qb_010073,policy_prescription,qb_010073__policy_prescription,0.7924483,0.6510594487190247,0.5179711580276489,True
qb_010073,capacity_and_resources,qb_010073__capacity_and_resources,0.8259835,0.6475586295127869,0.5048126578330994,True
qb_003988,security_and_defense,qb_003988__security_and_defense,0.74407876,0.5973213911056519,0.45098599791526794,True
qb_003988,health_and_safety,qb_003988__health_and_safety,0.7429712,0.4759036898612976,0.4157700538635254,True
qb_003988,public_sentiment,qb_003988__public_sentiment,0.8588277,0.5606847405433655,0.48046788573265076,True
qb_018729,economic,qb_018729__economic,0.74244267,0.7744931578636169,0.43096819519996643,True
qb_018729,quality_of_life,qb_018729__quality_of_life,0.7972855,0.7615667581558228,0.46731477975845337,True
qb_006108,cultural_identity,qb_006108__cultural_identity,0.9339001,0.8453181982040405,0.4587254524230957,True
qb_006108,public_sentiment,qb_006108__public_sentiment,0.8943684,0.7917874455451965,0.4089357256889343,True
qb_006108,political,qb_006108__political,0.8881911,0.8280158042907715,0.48538121581077576,True
qb_006108,morality,qb_006108__morality,0.9330114,0.8326193690299988,0.4462112486362457,True
qb_006108,economic,qb_006108__economic,0.8182921,0.7675707936286926,0.40291136503219604,True
qb_015837,health_and_safety,qb_015837__health_and_safety,0.8047516,0.7322289347648621,0.43535178899765015,True
qb_015837,policy_prescription,qb_015837__policy_prescription,0.8068817,0.6963874697685242,0.471146821975708,True
qb_015837,external_regulation,qb_015837__external_regulation,0.81069624,0.7269058227539062,0.4201691150665283,True
qb_015837,economic,qb_015837__economic,0.82550097,0.6207130551338196,0.45344939827919006,True
qb_007177,security_and_defense,qb_007177__security_and_defense,0.7978755,0.6826435327529907,0.4599263072013855,True
qb_007177,policy_prescription,qb_007177__policy_prescription,0.81160057,0.7000214457511902,0.47652578353881836,True
qb_007177,legality_constitutionality,qb_007177__legality_constitutionality,0.76073295,0.5000600814819336,0.43248146772384644,True
qb_010762,legality_constitutionality,qb_010762__legality_constitutionality,0.8199917,0.7482067942619324,0.4092177450656891,True
qb_010762,political,qb_010762__political,0.7846471,0.7573018074035645,0.4700677990913391,True
qb_010762,fairness_and_equality,qb_010762__fairness_and_equality,0.7713978,0.6542551517486572,0.433391273021698,True
qb_010762,policy_prescription,qb_010762__policy_prescription,0.8563918,0.8745467066764832,0.4701102674007416,True
qb_019963,legality_constitutionality,qb_019963__legality_constitutionality,0.87978995,,0.46765947341918945,False
qb_000332,public_sentiment,qb_000332__public_sentiment,0.83979416,0.7494766116142273,0.49059024453163147,True
qb_000332,political,qb_000332__political,0.82649565,0.719227135181427,0.4656224846839905,True
qb_000332,policy_prescription,qb_000332__policy_prescription,0.7878688,0.745920717716217,0.4666460454463959,True
qb_000332,health_and_safety,qb_000332__health_and_safety,0.65676415,0.651804506778717,0.4364871084690094,True
qb_016603,political,qb_016603__political,0.71644163,0.6809560060501099,0.4886168837547302,True
qb_016603,legality_constitutionality,qb_016603__legality_constitutionality,0.70952886,0.7266401052474976,0.4106394648551941,True
qb_016603,policy_prescription,qb_016603__policy_prescription,0.8324912,0.7157235145568848,0.4546021521091461,True
qb_016603,morality,qb_016603__morality,0.8706076,0.7267597913742065,0.44964417815208435,True
qb_016603,public_sentiment,qb_016603__public_sentiment,0.87916756,0.6660434007644653,0.4687328338623047,True
qb_016603,cultural_identity,qb_016603__cultural_identity,0.84698224,0.7040301561355591,0.4449014663696289,True
qb_014345,political,qb_014345__political,0.7598777,0.6898168921470642,0.43757158517837524,True
qb_014345,public_sentiment,qb_014345__public_sentiment,0.6944984,0.6803737282752991,0.4720362722873688,True
qb_014345,morality,qb_014345__morality,0.78822863,0.6852023005485535,0.5131856799125671,True
qb_014345,economic,qb_014345__economic,0.75590867,0.6764142513275146,0.48225855827331543,True
qb_003084,public_sentiment,qb_003084__public_sentiment,0.892241,0.7492308616638184,0.41359734535217285,True
qb_003084,crime_and_punishment,qb_003084__crime_and_punishment,0.7791654,0.7283276319503784,0.45804786682128906,True
qb_003084,cultural_identity,qb_003084__cultural_identity,0.867095,0.7428206205368042,0.406012624502182,True
qb_006333,political,qb_006333__political,0.835865,0.6831077933311462,0.44442376494407654,True
qb_006333,policy_prescription,qb_006333__policy_prescription,0.77250886,0.6758232116699219,0.4458172917366028,True
qb_006333,economic,qb_006333__economic,0.83878624,0.6445310115814209,0.4614821970462799,True
qb_006333,health_and_safety,qb_006333__health_and_safety,0.74447143,0.7336714267730713,0.48996520042419434,True
qb_006333,capacity_and_resources,qb_006333__capacity_and_resources,0.8042211,0.6892448663711548,0.4611745774745941,True
qb_006578,political,qb_006578__political,0.8794121,0.8234269022941589,0.4810825288295746,True
qb_006578,fairness_and_equality,qb_006578__fairness_and_equality,0.8741573,0.8342759609222412,0.478828489780426,True
qb_010112,external_regulation,qb_010112__external_regulation,0.76667583,0.7284053564071655,0.43265500664711,True
qb_010112,political,qb_010112__political,0.81231713,0.7047901749610901,0.5115264654159546,True
qb_010112,policy_prescription,qb_010112__policy_prescription,0.8338982,0.7508115768432617,0.44818487763404846,True
qb_010112,health_and_safety,qb_010112__health_and_safety,0.8516309,0.7294603586196899,0.4832537770271301,True
qb_010112,security_and_defense,qb_010112__security_and_defense,0.8266671,0.7231673002243042,0.45209988951683044,True
qb_020378,political,qb_020378__political,0.77092075,0.7284271717071533,0.48239240050315857,True
qb_020378,policy_prescription,qb_020378__policy_prescription,0.8462838,0.857089638710022,0.5576537847518921,True
qb_020378,capacity_and_resources,qb_020378__capacity_and_resources,0.9156312,0.6680744886398315,0.4513484835624695,True
qb_020056,political,qb_020056__political,0.8605031,0.6339945197105408,0.4328378736972809,True
qb_020056,legality_constitutionality,qb_020056__legality_constitutionality,0.7547457,0.6735556721687317,0.4412662088871002,True
qb_020056,public_sentiment,qb_020056__public_sentiment,0.73418254,0.6467218399047852,0.449108362197876,True
qb_001035,legality_constitutionality,qb_001035__legality_constitutionality,0.86850303,0.7599459886550903,0.4719747006893158,True
qb_001035,health_and_safety,qb_001035__health_and_safety,0.774488,0.7685760855674744,0.4209538996219635,True
qb_001035,crime_and_punishment,qb_001035__crime_and_punishment,0.82126397,0.7710840106010437,0.4622148871421814,True
qb_001035,political,qb_001035__political,0.83853906,0.7081979513168335,0.4566190838813782,True
qb_001035,fairness_and_equality,qb_001035__fairness_and_equality,0.8111805,0.7339900135993958,0.4468666911125183,True
qb_013997,political,qb_013997__political,0.9080229,0.8347516059875488,0.4529765248298645,True
qb_013997,policy_prescription,qb_013997__policy_prescription,0.7948393,0.7782392501831055,0.47448453307151794,True
qb_013997,health_and_safety,qb_013997__health_and_safety,0.85020435,0.7613717913627625,0.4079214930534363,True
qb_013997,public_sentiment,qb_013997__public_sentiment,0.83261406,0.7334108948707581,0.4223257899284363,True
qb_019554,security_and_defense,qb_019554__security_and_defense,0.73445815,0.7622665166854858,0.46416473388671875,True
qb_019554,crime_and_punishment,qb_019554__crime_and_punishment,0.7937875,0.6922423839569092,0.45763903856277466,True
qb_004765,political,qb_004765__political,0.7438431,0.718008279800415,0.471013605594635,True
qb_004765,external_regulation,qb_004765__external_regulation,0.7171637,0.5713943839073181,0.5075201988220215,True
qb_004765,public_sentiment,qb_004765__public_sentiment,0.8296336,0.6552698612213135,0.4671178460121155,True
qb_005316,health_and_safety,qb_005316__health_and_safety,0.8671746,0.7371128797531128,0.4071304202079773,True
qb_005316,quality_of_life,qb_005316__quality_of_life,0.7915893,0.7901304364204407,0.41229718923568726,True
qb_005316,political,qb_005316__political,0.7821625,0.652704656124115,0.5336505770683289,True
qb_000233,political,qb_000233__political,0.8244657,0.6792082786560059,0.4376903176307678,True
qb_000233,legality_constitutionality,qb_000233__legality_constitutionality,0.7697972,0.8430059552192688,0.4169677793979645,True
qb_000233,economic,qb_000233__economic,0.8582549,0.7574731707572937,0.46982812881469727,True
qb_000233,public_sentiment,qb_000233__public_sentiment,0.883544,0.7989968657493591,0.43372970819473267,True
qb_016481,economic,qb_016481__economic,0.74199975,0.5861234664916992,0.44239863753318787,True
qb_016481,policy_prescription,qb_016481__policy_prescription,0.8920011,0.6551684141159058,0.4395736753940582,True
qb_016481,political,qb_016481__political,0.84096587,0.6950560808181763,0.4824114739894867,True
qb_012518,crime_and_punishment,qb_012518__crime_and_punishment,0.7435988,0.6536424160003662,0.42254772782325745,True
qb_012518,security_and_defense,qb_012518__security_and_defense,0.82289916,0.6348555684089661,0.4670737385749817,True
qb_012518,capacity_and_resources,qb_012518__capacity_and_resources,0.79722905,0.6087249517440796,0.4252382218837738,True
qb_008817,legality_constitutionality,qb_008817__legality_constitutionality,0.7638618,0.6740488409996033,0.5191949605941772,True
qb_008817,crime_and_punishment,qb_008817__crime_and_punishment,0.7090541,0.7054327130317688,0.4349637031555176,True
qb_008817,public_sentiment,qb_008817__public_sentiment,0.7471835,0.6365422606468201,0.42414483428001404,True
qb_008817,capacity_and_resources,qb_008817__capacity_and_resources,0.8665889,0.7188539505004883,0.4565002918243408,True
qb_008817,morality,qb_008817__morality,0.8066332,0.7355846166610718,0.45387235283851624,True
qb_021011,political,qb_021011__political,0.7547484,0.7213592529296875,0.48616471886634827,True
qb_021011,public_sentiment,qb_021011__public_sentiment,0.8666348,0.7321199178695679,0.48709163069725037,True
qb_014680,economic,qb_014680__economic,0.852924,0.6518211960792542,0.43298035860061646,True
qb_014680,health_and_safety,qb_014680__health_and_safety,0.8466445,0.5918533802032471,0.44895872473716736,True
qb_014680,public_sentiment,qb_014680__public_sentiment,0.8361186,0.6630102396011353,0.5230363607406616,True
qb_009954,political,qb_009954__political,0.8617313,0.6490908861160278,0.4107533395290375,True
qb_009954,public_sentiment,qb_009954__public_sentiment,0.75052524,0.7675241231918335,0.41722002625465393,True
qb_016933,public_sentiment,qb_016933__public_sentiment,0.7683743,0.7454622387886047,0.527002215385437,True
qb_016933,political,qb_016933__political,0.8092261,0.7087650299072266,0.5266515016555786,True
qb_014753,political,qb_014753__political,0.7901258,0.6479575634002686,0.4531891345977783,True
qb_014753,legality_constitutionality,qb_014753__legality_constitutionality,0.695537,0.6116960048675537,0.49955812096595764,True
qb_012025,public_sentiment,qb_012025__public_sentiment,0.8166953,0.7535325288772583,0.4326559603214264,True
qb_012025,fairness_and_equality,qb_012025__fairness_and_equality,0.8944976,0.7596443891525269,0.41898250579833984,True
qb_012025,morality,qb_012025__morality,0.86873335,0.7620276212692261,0.39541083574295044,True
qb_012025,policy_prescription,qb_012025__policy_prescription,0.7891412,0.7438369393348694,0.421358585357666,True
qb_012025,legality_constitutionality,qb_012025__legality_constitutionality,0.7832811,0.7328318953514099,0.39905601739883423,True
qb_012025,cultural_identity,qb_012025__cultural_identity,0.9105722,0.7095199823379517,0.4564213752746582,True
qb_005409,health_and_safety,qb_005409__health_and_safety,0.86119205,0.8128223419189453,0.40184277296066284,True
qb_005409,policy_prescription,qb_005409__policy_prescription,0.85261494,0.7950494885444641,0.4545522630214691,True
qb_018463,political,qb_018463__political,0.84982115,0.7634003162384033,0.45991915464401245,True
qb_018463,legality_constitutionality,qb_018463__legality_constitutionality,0.78548855,0.7362987995147705,0.4774418771266937,True
qb_018463,public_sentiment,qb_018463__public_sentiment,0.8608004,0.7651107311248779,0.40123406052589417,True
qb_018463,morality,qb_018463__morality,0.8715105,0.7843361496925354,0.47130289673805237,True
qb_005655,health_and_safety,qb_005655__health_and_safety,0.8054629,0.7881759405136108,0.501936137676239,True
qb_005655,capacity_and_resources,qb_005655__capacity_and_resources,0.8379093,0.8212958574295044,0.45188650488853455,True
qb_005655,policy_prescription,qb_005655__policy_prescription,0.8221464,0.8168493509292603,0.47778192162513733,True
qb_019592,legality_constitutionality,qb_019592__legality_constitutionality,0.7903276,0.643836498260498,0.4678111970424652,True
qb_019592,policy_prescription,qb_019592__policy_prescription,0.8301281,0.5625665187835693,0.414471298456192,True
qb_019592,political,qb_019592__political,0.70586836,0.7144564390182495,0.4423430562019348,True
qb_015602,morality,qb_015602__morality,0.8239436,0.7398003935813904,0.4465288519859314,True
qb_015602,cultural_identity,qb_015602__cultural_identity,0.68848884,0.6034624576568604,0.4274442195892334,True
qb_015602,public_sentiment,qb_015602__public_sentiment,0.91332483,0.6547384262084961,0.44536787271499634,True
qb_015602,economic,qb_015602__economic,0.7942495,0.7235143780708313,0.4558473527431488,True
qb_019916,security_and_defense,qb_019916__security_and_defense,0.7224734,0.7062038779258728,0.4452601373195648,True
qb_019916,capacity_and_resources,qb_019916__capacity_and_resources,0.7046658,0.678253173828125,0.4232938885688782,True
qb_019916,external_regulation,qb_019916__external_regulation,0.85497916,0.7513447403907776,0.36780592799186707,True
qb_019916,cultural_identity,qb_019916__cultural_identity,0.89657986,0.732859194278717,0.40507999062538147,True
qb_019496,political,qb_019496__political,0.80573606,0.4993997812271118,0.4804670810699463,True
qb_019496,legality_constitutionality,qb_019496__legality_constitutionality,0.801174,0.5148330330848694,0.4868509769439697,True
qb_019496,security_and_defense,qb_019496__security_and_defense,0.7736114,0.48720306158065796,0.46268826723098755,True
qb_019496,external_regulation,qb_019496__external_regulation,0.7893232,0.6116572618484497,0.46416282653808594,True
qb_019496,economic,qb_019496__economic,0.7590062,0.4658220708370209,0.4715045988559723,True
qb_005749,political,qb_005749__political,0.7251154,0.7386462092399597,0.46267566084861755,True
qb_005749,morality,qb_005749__morality,0.8192229,0.5700843930244446,0.4662274718284607,True
qb_005749,public_sentiment,qb_005749__public_sentiment,0.7506928,0.6902260184288025,0.4398701786994934,True
qb_005749,legality_constitutionality,qb_005749__legality_constitutionality,0.70098156,0.5817503333091736,0.4679298400878906,True
qb_006049,security_and_defense,qb_006049__security_and_defense,0.8735422,0.6188116073608398,0.46218428015708923,True
qb_006049,external_regulation,qb_006049__external_regulation,0.68909234,0.6457716822624207,0.4606601595878601,True
qb_006049,political,qb_006049__political,0.87919736,0.6019648909568787,0.457235723733902,True
qb_004230,security_and_defense,qb_004230__security_and_defense,0.82857466,0.789709746837616,0.43140754103660583,True
qb_004230,external_regulation,qb_004230__external_regulation,0.7406031,0.6921424865722656,0.4640966057777405,True
qb_004230,capacity_and_resources,qb_004230__capacity_and_resources,0.87635887,0.7381855845451355,0.49262458086013794,True
qb_004230,policy_prescription,qb_004230__policy_prescription,0.82813066,0.6941009163856506,0.4929988980293274,True
qb_010927,health_and_safety,qb_010927__health_and_safety,0.7167219,0.8025239109992981,0.4307350516319275,True
qb_010927,policy_prescription,qb_010927__policy_prescription,0.8816577,0.7892258763313293,0.5226579904556274,True
qb_010927,morality,qb_010927__morality,0.8779119,0.6898510456085205,0.4629085958003998,True
qb_010927,legality_constitutionality,qb_010927__legality_constitutionality,0.8371401,0.7993833422660828,0.4872837960720062,True
qb_014555,political,qb_014555__political,0.84642255,0.6592063307762146,0.5223537683486938,True
qb_014555,policy_prescription,qb_014555__policy_prescription,0.7924593,0.651129424571991,0.5450906753540039,True
qb_014555,public_sentiment,qb_014555__public_sentiment,0.7690614,0.5458765029907227,0.45210346579551697,True
qb_014555,legality_constitutionality,qb_014555__legality_constitutionality,0.71575665,0.50194251537323,0.46035027503967285,True
qb_000527,political,qb_000527__political,0.8017489,0.6691915988922119,0.41207557916641235,True
qb_000527,cultural_identity,qb_000527__cultural_identity,0.78327376,0.7113956212997437,0.4576984941959381,True
qb_000527,fairness_and_equality,qb_000527__fairness_and_equality,0.7703353,0.7248349189758301,0.4372923970222473,True
qb_018775,economic,qb_018775__economic,0.8522606,0.7627536058425903,0.4247201979160309,True
qb_018775,policy_prescription,qb_018775__policy_prescription,0.70879966,0.6830965280532837,0.45614805817604065,True
qb_018775,political,qb_018775__political,0.8153871,0.6703137159347534,0.4425044655799866,True
qb_018775,fairness_and_equality,qb_018775__fairness_and_equality,0.7883507,0.71241295337677,0.45913323760032654,True
qb_018775,health_and_safety,qb_018775__health_and_safety,0.8981747,0.6959545612335205,0.45788273215293884,True
qb_003070,legality_constitutionality,qb_003070__legality_constitutionality,0.7804662,0.6783804297447205,0.4659765660762787,True
qb_003070,policy_prescription,qb_003070__policy_prescription,0.84509754,0.7120424509048462,0.4691855013370514,True
qb_003070,crime_and_punishment,qb_003070__crime_and_punishment,0.797098,0.7300740480422974,0.4609745442867279,True
qb_003070,health_and_safety,qb_003070__health_and_safety,0.82133126,0.7044745683670044,0.3927331566810608,True
qb_003070,fairness_and_equality,qb_003070__fairness_and_equality,0.84643656,0.7118816375732422,0.43646663427352905,True
qb_003070,political,qb_003070__political,0.8963504,0.6385921239852905,0.4518404006958008,True
qb_013094,legality_constitutionality,qb_013094__legality_constitutionality,0.76707464,0.6446528434753418,0.462808221578598,True
qb_013094,crime_and_punishment,qb_013094__crime_and_punishment,0.73891723,0.6622328758239746,0.4795929789543152,True
qb_013094,public_sentiment,qb_013094__public_sentiment,0.869715,0.6525301933288574,0.4726535677909851,True
qb_013094,capacity_and_resources,qb_013094__capacity_and_resources,0.77961636,0.7084547877311707,0.48977965116500854,True
qb_004167,political,qb_004167__political,0.7457128,0.7320910692214966,0.4680008888244629,True
qb_004167,public_sentiment,qb_004167__public_sentiment,0.8145331,0.6147162914276123,0.47551289200782776,True
qb_009778,political,qb_009778__political,0.8314757,0.7129470109939575,0.4619412422180176,True
qb_009778,public_sentiment,qb_009778__public_sentiment,0.8315202,0.7163865566253662,0.4342656135559082,True
qb_009778,cultural_identity,qb_009778__cultural_identity,0.879122,0.7258356809616089,0.44578543305397034,True
qb_000618,health_and_safety,qb_000618__health_and_safety,0.8023325,0.6698104739189148,0.4160764217376709,True
qb_000618,policy_prescription,qb_000618__policy_prescription,0.72239447,0.6890327334403992,0.436183363199234,True
qb_000618,quality_of_life,qb_000618__quality_of_life,0.79937077,0.6546064019203186,0.38570863008499146,True
qb_000618,capacity_and_resources,qb_000618__capacity_and_resources,0.6574434,0.6200497150421143,0.5005208253860474,True
qb_015793,cultural_identity,qb_015793__cultural_identity,0.75662434,0.6724405884742737,0.4494972229003906,True
qb_015793,public_sentiment,qb_015793__public_sentiment,0.78557545,0.6735744476318359,0.4127418100833893,True
qb_015793,political,qb_015793__political,0.77723885,0.6905491352081299,0.4206991195678711,True
qb_015793,fairness_and_equality,qb_015793__fairness_and_equality,0.82751894,0.6696946024894714,0.4409608840942383,True
qb_015793,morality,qb_015793__morality,0.8260647,0.656002938747406,0.4160729944705963,True
qb_006068,external_regulation,qb_006068__external_regulation,0.8295113,0.7334845066070557,0.44269323348999023,True
qb_006068,security_and_defense,qb_006068__security_and_defense,0.8134396,0.6446813344955444,0.4771461486816406,True
qb_006068,political,qb_006068__political,0.7713066,0.7187163233757019,0.4681370258331299,True
qb_006068,morality,qb_006068__morality,0.8753806,0.669372022151947,0.46963462233543396,True
qb_006068,health_and_safety,qb_006068__health_and_safety,0.8440871,0.6612025499343872,0.4488181173801422,True
qb_018853,political,qb_018853__political,0.7410276,0.7483647465705872,0.49511513113975525,True
qb_018853,public_sentiment,qb_018853__public_sentiment,0.82503545,0.8082970976829529,0.46003466844558716,True
qb_013242,political,qb_013242__political,0.7115337,0.5888040065765381,0.40981465578079224,True
qb_013242,capacity_and_resources,qb_013242__capacity_and_resources,0.8386091,0.5629047751426697,0.41497868299484253,True
qb_013242,public_sentiment,qb_013242__public_sentiment,0.73648775,0.6772568821907043,0.48115795850753784,True
qb_013242,fairness_and_equality,qb_013242__fairness_and_equality,0.80266523,0.6407645344734192,0.4529941976070404,True
qb_012168,political,qb_012168__political,0.82605785,0.7889455556869507,0.45912399888038635,True
qb_012168,health_and_safety,qb_012168__health_and_safety,0.8120204,0.660606861114502,0.427225261926651,True
qb_012168,policy_prescription,qb_012168__policy_prescription,0.7638055,0.5135865211486816,0.37624818086624146,True
qb_012168,security_and_defense,qb_012168__security_and_defense,0.7098571,0.5823785066604614,0.4928859770298004,True
qb_012168,public_sentiment,qb_012168__public_sentiment,0.82025075,0.7414534687995911,0.45760640501976013,True
qb_012715,security_and_defense,qb_012715__security_and_defense,0.7579914,0.6915877461433411,0.4431731104850769,True
qb_012715,external_regulation,qb_012715__external_regulation,0.68079716,0.7113690972328186,0.40420135855674744,True
qb_012715,economic,qb_012715__economic,0.743094,0.644206702709198,0.4187231659889221,True
qb_012715,policy_prescription,qb_012715__policy_prescription,0.66353273,0.6569664478302002,0.48015332221984863,True
qb_003839,health_and_safety,qb_003839__health_and_safety,0.89118123,0.7458928823471069,0.44998130202293396,True
qb_003839,political,qb_003839__political,0.887686,0.7170332670211792,0.4644373953342438,True
qb_003839,policy_prescription,qb_003839__policy_prescription,0.85260177,0.721856415271759,0.42082852125167847,True
qb_003839,external_regulation,qb_003839__external_regulation,0.85377455,0.6943820714950562,0.44811469316482544,True
qb_003839,capacity_and_resources,qb_003839__capacity_and_resources,0.8302936,0.648296058177948,0.410405695438385,True
qb_003839,fairness_and_equality,qb_003839__fairness_and_equality,0.81982833,0.6484187245368958,0.46177753806114197,True
qb_003839,security_and_defense,qb_003839__security_and_defense,0.82978225,0.7152407765388489,0.4854348599910736,True
qb_003839,crime_and_punishment,qb_003839__crime_and_punishment,0.7473411,0.641525387763977,0.5229591727256775,True
qb_014049,legality_constitutionality,qb_014049__legality_constitutionality,0.84874415,0.6569734215736389,0.4066751003265381,True
qb_014049,political,qb_014049__political,0.7870605,0.7445626854896545,0.4419015944004059,True
qb_014049,public_sentiment,qb_014049__public_sentiment,0.8454257,0.7137323617935181,0.5189107656478882,True
qb_003499,external_regulation,qb_003499__external_regulation,0.78872716,0.7261922359466553,0.46073469519615173,True
qb_003499,capacity_and_resources,qb_003499__capacity_and_resources,0.820871,0.7267765402793884,0.4525485038757324,True
qb_003499,health_and_safety,qb_003499__health_and_safety,0.81483096,0.6436541080474854,0.4075238108634949,True
qb_003499,political,qb_003499__political,0.80932695,0.6734165549278259,0.5133622288703918,True
qb_010793,political,qb_010793__political,0.8057972,0.7940303087234497,0.5029394626617432,True
qb_010793,public_sentiment,qb_010793__public_sentiment,0.826357,0.7327118515968323,0.4504896104335785,True
qb_012440,legality_constitutionality,qb_012440__legality_constitutionality,0.7161909,0.7079495787620544,0.4712727665901184,True
qb_012440,policy_prescription,qb_012440__policy_prescription,0.7593496,0.6390824317932129,0.4188970625400543,True
qb_012440,political,qb_012440__political,0.87755287,0.6839508414268494,0.5113780498504639,True
qb_012440,health_and_safety,qb_012440__health_and_safety,0.7600032,0.6198186874389648,0.4635069966316223,True
qb_019776,political,qb_019776__political,0.80763537,0.7296985387802124,0.4510870575904846,True
qb_019776,public_sentiment,qb_019776__public_sentiment,0.7022972,0.7252770662307739,0.4762174189090729,True
qb_019776,crime_and_punishment,qb_019776__crime_and_punishment,0.7478528,0.6843529939651489,0.47651100158691406,True
qb_019776,policy_prescription,qb_019776__policy_prescription,0.8223889,0.6655421853065491,0.47172027826309204,True
qb_019776,cultural_identity,qb_019776__cultural_identity,0.7827106,0.7029805183410645,0.42409414052963257,True
qb_000780,external_regulation,qb_000780__external_regulation,0.66942835,0.687886655330658,0.3767665922641754,True
qb_000780,political,qb_000780__political,0.7238716,0.6207804083824158,0.46587735414505005,True
qb_000780,policy_prescription,qb_000780__policy_prescription,0.67097706,0.6797330975532532,0.5291308760643005,True
qb_000780,crime_and_punishment,qb_000780__crime_and_punishment,0.78562963,0.6835308074951172,0.44595521688461304,True
qb_000121,political,qb_000121__political,0.88247263,0.7661320567131042,0.48014527559280396,True
qb_000121,legality_constitutionality,qb_000121__legality_constitutionality,0.8215933,0.705242931842804,0.4689818322658539,True
qb_003648,security_and_defense,qb_003648__security_and_defense,0.779161,0.688869833946228,0.46830493211746216,True
qb_003648,external_regulation,qb_003648__external_regulation,0.6336099,0.5948729515075684,0.48501625657081604,True
qb_003648,policy_prescription,qb_003648__policy_prescription,0.79769707,0.6484344005584717,0.5016498565673828,True
qb_003648,political,qb_003648__political,0.6964165,0.6659566164016724,0.5012914538383484,True
qb_003648,public_sentiment,qb_003648__public_sentiment,0.77312636,0.6571081280708313,0.4598141610622406,True
qb_005102,health_and_safety,qb_005102__health_and_safety,0.78290516,0.7788126468658447,0.5202426314353943,True
qb_005102,policy_prescription,qb_005102__policy_prescription,0.8394088,0.7351861596107483,0.5126727223396301,True
qb_005102,capacity_and_resources,qb_005102__capacity_and_resources,0.7510053,0.6549988985061646,0.44607096910476685,True
qb_005102,quality_of_life,qb_005102__quality_of_life,0.83839047,0.7332209348678589,0.4389166235923767,True
qb_005102,public_sentiment,qb_005102__public_sentiment,0.9204371,0.7209084033966064,0.48924559354782104,True
qb_013504,political,qb_013504__political,0.8376078,0.6202704906463623,0.5073615312576294,True
qb_013504,security_and_defense,qb_013504__security_and_defense,0.7763657,0.5888829231262207,0.45922666788101196,True
qb_013504,legality_constitutionality,qb_013504__legality_constitutionality,0.79301417,0.6428114771842957,0.4800141453742981,True
qb_013504,external_regulation,qb_013504__external_regulation,0.73342514,0.6414875388145447,0.4820583760738373,True
qb_011054,security_and_defense,qb_011054__security_and_defense,0.778852,0.7250298261642456,0.40765485167503357,True
qb_011054,external_regulation,qb_011054__external_regulation,0.8306514,0.7888169884681702,0.43703919649124146,True
qb_011054,political,qb_011054__political,0.74072915,0.6505769491195679,0.53240567445755,True
qb_011054,capacity_and_resources,qb_011054__capacity_and_resources,0.7312465,0.7109692096710205,0.4668504297733307,True
qb_011054,policy_prescription,qb_011054__policy_prescription,0.71083313,0.6143244504928589,0.4651285707950592,True
qb_019567,political,qb_019567__political,0.7798811,,0.4934297502040863,False
qb_010589,legality_constitutionality,qb_010589__legality_constitutionality,0.8509716,0.7217987179756165,0.42706841230392456,True
qb_010589,fairness_and_equality,qb_010589__fairness_and_equality,0.7343255,0.6916944980621338,0.4353129267692566,True
qb_010589,policy_prescription,qb_010589__policy_prescription,0.79315734,0.7789151668548584,0.4616107940673828,True
qb_010589,cultural_identity,qb_010589__cultural_identity,0.8195578,0.7914376258850098,0.42263785004615784,True
qb_009115,health_and_safety,qb_009115__health_and_safety,0.8216034,0.6731245517730713,0.40786534547805786,True
qb_009115,capacity_and_resources,qb_009115__capacity_and_resources,0.73609346,0.7017303705215454,0.45214933156967163,True
qb_009115,public_sentiment,qb_009115__public_sentiment,0.8200061,0.708949089050293,0.4337072968482971,True
qb_015175,health_and_safety,qb_015175__health_and_safety,0.785823,0.6969699859619141,0.460000216960907,True
qb_015175,policy_prescription,qb_015175__policy_prescription,0.71571344,0.7429678440093994,0.4490182399749756,True
qb_015175,security_and_defense,qb_015175__security_and_defense,0.70030427,0.7361323833465576,0.4311099946498871,True
qb_015175,capacity_and_resources,qb_015175__capacity_and_resources,0.7317509,0.7762105464935303,0.4188019633293152,True
qb_012945,political,qb_012945__political,0.86367923,0.7632512450218201,0.47221922874450684,True
qb_012945,economic,qb_012945__economic,0.85387623,0.786462128162384,0.4547185003757477,True
qb_012945,legality_constitutionality,qb_012945__legality_constitutionality,0.82025266,0.7690451741218567,0.4776860177516937,True
qb_012945,public_sentiment,qb_012945__public_sentiment,0.8283878,0.7069748044013977,0.5298405885696411,True
qb_007857,policy_prescription,qb_007857__policy_prescription,0.77239454,0.6602261662483215,0.4726880192756653,True
qb_007857,security_and_defense,qb_007857__security_and_defense,0.84717935,0.7452092170715332,0.4465600848197937,True
qb_007857,economic,qb_007857__economic,0.7902396,0.6885349154472351,0.4295053482055664,True
qb_007857,crime_and_punishment,qb_007857__crime_and_punishment,0.76996434,0.6993463635444641,0.48554301261901855,True
qb_003173,health_and_safety,qb_003173__health_and_safety,0.7723677,0.7444682717323303,0.4572668969631195,True
qb_003173,policy_prescription,qb_003173__policy_prescription,0.78711563,0.7783870697021484,0.47778433561325073,True
qb_021216,political,qb_021216__political,0.7148893,0.7568792104721069,0.4464259743690491,True
qb_021216,policy_prescription,qb_021216__policy_prescription,0.733161,0.6653542518615723,0.4834086000919342,True
qb_021216,public_sentiment,qb_021216__public_sentiment,0.863988,0.7350516319274902,0.48010826110839844,True
qb_004969,morality,qb_004969__morality,0.7535658,0.635913074016571,0.4302699565887451,True
qb_004969,security_and_defense,qb_004969__security_and_defense,0.7794523,0.7125213146209717,0.5006916522979736,True
qb_004969,political,qb_004969__political,0.71499914,0.645417332649231,0.45541125535964966,True
qb_004969,external_regulation,qb_004969__external_regulation,0.7878703,0.6577423810958862,0.4914129674434662,True
qb_004969,policy_prescription,qb_004969__policy_prescription,0.7633326,0.7039685845375061,0.4340192675590515,True
qb_004969,capacity_and_resources,qb_004969__capacity_and_resources,0.6965997,0.6779725551605225,0.4664955139160156,True
qb_015409,political,qb_015409__political,0.9066045,0.6375440359115601,0.42435961961746216,True
qb_015409,capacity_and_resources,qb_015409__capacity_and_resources,0.8408191,0.7754559516906738,0.45388251543045044,True
qb_015409,public_sentiment,qb_015409__public_sentiment,0.77528095,0.7571054697036743,0.4581800401210785,True
qb_000503,political,qb_000503__political,0.8754627,0.661192774772644,0.48893389105796814,True
qb_000503,capacity_and_resources,qb_000503__capacity_and_resources,0.8530797,0.696053147315979,0.403187096118927,True
qb_000503,health_and_safety,qb_000503__health_and_safety,0.76237327,0.7237488031387329,0.4547354280948639,True
qb_000503,policy_prescription,qb_000503__policy_prescription,0.8308592,0.7229785919189453,0.457899272441864,True
qb_000503,quality_of_life,qb_000503__quality_of_life,0.8043499,0.7046641111373901,0.4301089346408844,True
qb_000503,public_sentiment,qb_000503__public_sentiment,0.8500845,0.6832724213600159,0.4282359182834625,True
qb_019809,political,qb_019809__political,0.8558111,0.7518622875213623,0.45848482847213745,True
qb_019809,economic,qb_019809__economic,0.86076975,0.7521325349807739,0.4817165434360504,True
qb_019809,public_sentiment,qb_019809__public_sentiment,0.86307585,0.7668479084968567,0.48296722769737244,True
qb_010527,health_and_safety,qb_010527__health_and_safety,0.72027797,0.5870673060417175,0.4705240726470947,True
qb_010527,economic,qb_010527__economic,0.7919553,0.6422231197357178,0.3793904781341553,True
qb_010527,capacity_and_resources,qb_010527__capacity_and_resources,0.72759986,0.6642155051231384,0.4373587667942047,True
qb_010527,quality_of_life,qb_010527__quality_of_life,0.8218615,0.7484115362167358,0.3954651355743408,True
qb_010527,morality,qb_010527__morality,0.86342055,0.669138491153717,0.4474709928035736,True
qb_020359,political,qb_020359__political,0.75278497,0.6136988401412964,0.4839487671852112,True
qb_020359,external_regulation,qb_020359__external_regulation,0.75817,0.6451175808906555,0.4591691493988037,True
qb_020359,public_sentiment,qb_020359__public_sentiment,0.80847466,0.533595621585846,0.41018691658973694,True
qb_020359,morality,qb_020359__morality,0.80323136,0.6306793689727783,0.45428481698036194,True
qb_002440,legality_constitutionality,qb_002440__legality_constitutionality,0.82482994,0.7237537503242493,0.417476087808609,True
qb_002440,security_and_defense,qb_002440__security_and_defense,0.86633074,0.7957380414009094,0.48557573556900024,True
qb_002440,crime_and_punishment,qb_002440__crime_and_punishment,0.854597,0.7950800061225891,0.4725217819213867,True
qb_002440,political,qb_002440__political,0.8312179,0.7635820508003235,0.450915664434433,True
qb_009831,economic,qb_009831__economic,0.8763288,0.7988701462745667,0.46974873542785645,True
qb_009831,health_and_safety,qb_009831__health_and_safety,0.87772846,0.7546738386154175,0.4612855017185211,True
qb_016615,policy_prescription,qb_016615__policy_prescription,0.7519752,0.7150379419326782,0.4432048797607422,True
qb_016615,political,qb_016615__political,0.8451683,0.670994758605957,0.4217852056026459,True
qb_016615,economic,qb_016615__economic,0.7329414,0.6318544149398804,0.45236101746559143,True
qb_016615,legality_constitutionality,qb_016615__legality_constitutionality,0.73005223,0.6624903678894043,0.5020651817321777,True
qb_016615,public_sentiment,qb_016615__public_sentiment,0.85096323,0.6337655782699585,0.44545140862464905,True
qb_001947,public_sentiment,qb_001947__public_sentiment,0.77441514,0.7255412936210632,0.48684778809547424,True
qb_001947,health_and_safety,qb_001947__health_and_safety,0.7529317,0.5178341865539551,0.45680880546569824,True
qb_001947,political,qb_001947__political,0.9043678,0.6206431984901428,0.5034613609313965,True
qb_001947,capacity_and_resources,qb_001947__capacity_and_resources,0.8861309,0.6503159999847412,0.4137532711029053,True
qb_005833,external_regulation,qb_005833__external_regulation,0.7238835,0.6670500636100769,0.42789697647094727,True
qb_005833,economic,qb_005833__economic,0.8249896,0.7253466248512268,0.43878254294395447,True
qb_005833,security_and_defense,qb_005833__security_and_defense,0.7792779,0.7412260174751282,0.48314738273620605,True
qb_005833,political,qb_005833__political,0.7535507,0.6655728220939636,0.45708274841308594,True
qb_015123,political,qb_015123__political,0.8643536,0.7017607688903809,0.4960281252861023,True
qb_015123,policy_prescription,qb_015123__policy_prescription,0.7513609,0.7147927284240723,0.5026673078536987,True
qb_015123,security_and_defense,qb_015123__security_and_defense,0.77139926,0.772322952747345,0.488616943359375,True
qb_015123,economic,qb_015123__economic,0.79755944,0.7151342034339905,0.46609169244766235,True
qb_010846,legality_constitutionality,qb_010846__legality_constitutionality,0.7732036,0.7974013686180115,0.45054930448532104,True
qb_010846,economic,qb_010846__economic,0.8170596,0.789280116558075,0.4360586702823639,True
qb_010846,crime_and_punishment,qb_010846__crime_and_punishment,0.8496099,0.8557274341583252,0.4368041455745697,True
qb_014836,political,qb_014836__political,0.7991015,0.7335380911827087,0.5210222005844116,True
qb_014836,morality,qb_014836__morality,0.8694896,0.7039076089859009,0.4954371452331543,True
qb_014836,legality_constitutionality,qb_014836__legality_constitutionality,0.8602643,0.7906608581542969,0.4883449673652649,True
qb_004566,security_and_defense,qb_004566__security_and_defense,0.80121446,0.7826807498931885,0.4239436089992523,True
qb_004566,policy_prescription,qb_004566__policy_prescription,0.7767842,0.7555363774299622,0.42692193388938904,True
qb_004566,health_and_safety,qb_004566__health_and_safety,0.8012651,0.6408125758171082,0.4721659719944,True
qb_004566,political,qb_004566__political,0.74378574,0.6856603622436523,0.42108792066574097,True
qb_017579,economic,qb_017579__economic,0.8109525,0.6643959879875183,0.40064844489097595,True
qb_017579,policy_prescription,qb_017579__policy_prescription,0.8466136,0.6556276082992554,0.43566960096359253,True
qb_017579,capacity_and_resources,qb_017579__capacity_and_resources,0.6661313,0.5642357468605042,0.46096163988113403,True
qb_017579,political,qb_017579__political,0.8295697,0.6418123245239258,0.42342233657836914,True
qb_017579,fairness_and_equality,qb_017579__fairness_and_equality,0.7914548,0.6128435134887695,0.43135538697242737,True
qb_017579,health_and_safety,qb_017579__health_and_safety,0.7722657,0.6461745500564575,0.44711312651634216,True
qb_017579,quality_of_life,qb_017579__quality_of_life,0.7680067,0.6685882806777954,0.4891376495361328,True
qb_008770,political,qb_008770__political,0.80108035,0.8087926506996155,0.44566115736961365,True
qb_008770,morality,qb_008770__morality,0.87146574,0.6996185183525085,0.4558603763580322,True
qb_008770,public_sentiment,qb_008770__public_sentiment,0.89325446,0.743535041809082,0.47668319940567017,True
qb_018800,morality,qb_018800__morality,0.8252658,0.6567783355712891,0.4916115701198578,True
qb_018800,political,qb_018800__political,0.78783464,0.6298798322677612,0.43318429589271545,True
qb_018800,public_sentiment,qb_018800__public_sentiment,0.8328383,0.6443728804588318,0.41596898436546326,True
qb_018800,policy_prescription,qb_018800__policy_prescription,0.8185299,0.6017124652862549,0.5100620985031128,True
qb_018800,crime_and_punishment,qb_018800__crime_and_punishment,0.7439615,0.6468945741653442,0.45241886377334595,True
qb_018800,cultural_identity,qb_018800__cultural_identity,0.775817,0.6631752252578735,0.43925753235816956,True
qb_018800,external_regulation,qb_018800__external_regulation,0.8148817,0.6968326568603516,0.41676220297813416,True
qb_014829,economic,qb_014829__economic,0.84892035,0.8161725997924805,0.3786477744579315,True
qb_014829,political,qb_014829__political,0.88191926,0.8114038705825806,0.479279100894928,True
qb_008804,security_and_defense,qb_008804__security_and_defense,0.7079546,0.7322133183479309,0.468486487865448,True
qb_008804,political,qb_008804__political,0.87120277,0.5851892828941345,0.44648677110671997,True
qb_008804,external_regulation,qb_008804__external_regulation,0.8179174,0.6622572541236877,0.4866858422756195,True
qb_008804,capacity_and_resources,qb_008804__capacity_and_resources,0.82413137,0.6682707667350769,0.43798238039016724,True
qb_004485,political,qb_004485__political,0.8281537,0.7956898808479309,0.46027126908302307,True
qb_004485,public_sentiment,qb_004485__public_sentiment,0.8434634,0.7623392343521118,0.4749104082584381,True
qb_021126,political,qb_021126__political,0.734587,0.691047191619873,0.4635889530181885,True
qb_021126,legality_constitutionality,qb_021126__legality_constitutionality,0.78300536,0.6410925388336182,0.4686843752861023,True
qb_016339,health_and_safety,qb_016339__health_and_safety,0.69279575,0.7549269199371338,0.5110744833946228,True
qb_016339,capacity_and_resources,qb_016339__capacity_and_resources,0.8889037,0.7564987540245056,0.39931029081344604,True
qb_020254,health_and_safety,qb_020254__health_and_safety,0.7195798,0.6941890716552734,0.4573954939842224,True
qb_020254,quality_of_life,qb_020254__quality_of_life,0.82956564,0.7172063589096069,0.5008560419082642,True
qb_020254,cultural_identity,qb_020254__cultural_identity,0.79985666,0.7872471213340759,0.49547600746154785,True
qb_020254,morality,qb_020254__morality,0.80521667,0.7635680437088013,0.4510834217071533,True
qb_020254,public_sentiment,qb_020254__public_sentiment,0.8108219,0.7999314665794373,0.4675232470035553,True
qb_001205,political,qb_001205__political,0.86114264,0.6708776354789734,0.46409597992897034,True
qb_001205,morality,qb_001205__morality,0.81002676,0.6497616767883301,0.49712759256362915,True
qb_001205,security_and_defense,qb_001205__security_and_defense,0.7434715,0.7353553175926208,0.49292224645614624,True
qb_004139,legality_constitutionality,qb_004139__legality_constitutionality,0.80229175,0.7406452894210815,0.4247058928012848,True
qb_004139,political,qb_004139__political,0.82513875,0.725095272064209,0.5340649485588074,True
qb_004139,crime_and_punishment,qb_004139__crime_and_punishment,0.81116176,0.7126696109771729,0.4639367163181305,True
qb_016733,external_regulation,qb_016733__external_regulation,0.79915726,0.6874884366989136,0.4896616041660309,True
qb_016733,policy_prescription,qb_016733__policy_prescription,0.7922467,0.7094563245773315,0.4750153422355652,True
qb_016733,security_and_defense,qb_016733__security_and_defense,0.8371886,0.8072562217712402,0.4735991358757019,True
qb_016733,economic,qb_016733__economic,0.74644697,0.7085761427879333,0.4980972409248352,True
qb_016733,political,qb_016733__political,0.81092954,0.6785491704940796,0.5046197175979614,True
qb_018803,health_and_safety,qb_018803__health_and_safety,0.7707005,0.6685875654220581,0.3941132128238678,True
qb_018803,political,qb_018803__political,0.8484435,0.6861480474472046,0.5042455196380615,True
qb_018803,legality_constitutionality,qb_018803__legality_constitutionality,0.7219218,0.726223349571228,0.41324925422668457,True
qb_002324,legality_constitutionality,qb_002324__legality_constitutionality,0.77500033,0.5803766250610352,0.45744091272354126,True
qb_002324,political,qb_002324__political,0.7118544,0.6985442638397217,0.45451998710632324,True
qb_002324,public_sentiment,qb_002324__public_sentiment,0.7686242,0.7759888172149658,0.4734659790992737,True
qb_016851,legality_constitutionality,qb_016851__legality_constitutionality,0.71743786,0.6980215311050415,0.4295986294746399,True
qb_016851,political,qb_016851__political,0.7594086,0.6541129350662231,0.4775054454803467,True
qb_016851,security_and_defense,qb_016851__security_and_defense,0.7127231,0.6749975681304932,0.42389407753944397,True
qb_015200,security_and_defense,qb_015200__security_and_defense,0.78674185,0.7913687229156494,0.40801581740379333,True
qb_015200,political,qb_015200__political,0.809444,0.7796297073364258,0.4326401352882385,True
qb_015200,public_sentiment,qb_015200__public_sentiment,0.7971139,0.6474475860595703,0.43930983543395996,True
qb_000123,political,qb_000123__political,0.84535015,0.7251930832862854,0.4635678827762604,True
qb_000123,morality,qb_000123__morality,0.7905864,0.7698670625686646,0.4555913805961609,True
qb_008018,economic,qb_008018__economic,0.8455527,0.8210075497627258,0.42595118284225464,True
qb_008018,policy_prescription,qb_008018__policy_prescription,0.90006983,0.6932516098022461,0.42555397748947144,True
qb_008018,fairness_and_equality,qb_008018__fairness_and_equality,0.79894376,0.8311352729797363,0.4402655065059662,True
qb_008018,political,qb_008018__political,0.7849076,0.7104026675224304,0.4924136698246002,True
qb_005148,economic,qb_005148__economic,0.8062224,0.7360661029815674,0.4340415894985199,True
qb_005148,policy_prescription,qb_005148__policy_prescription,0.7900329,0.6376011371612549,0.4585873484611511,True
qb_005148,quality_of_life,qb_005148__quality_of_life,0.72905517,0.7182758450508118,0.43197327852249146,True
qb_015900,economic,qb_015900__economic,0.8911824,0.8178561329841614,0.4673674702644348,True
qb_015900,policy_prescription,qb_015900__policy_prescription,0.80450344,0.767583966255188,0.4223524034023285,True
qb_015900,political,qb_015900__political,0.79716945,0.6747506260871887,0.48591524362564087,True
qb_015900,external_regulation,qb_015900__external_regulation,0.725917,0.7359591126441956,0.5240294337272644,True
qb_015900,capacity_and_resources,qb_015900__capacity_and_resources,0.80160195,0.7051580548286438,0.45407938957214355,True
qb_015900,security_and_defense,qb_015900__security_and_defense,0.7322229,0.7158109545707703,0.4753245711326599,True
qb_018528,economic,qb_018528__economic,0.8603036,0.7293978929519653,0.4060268998146057,True
qb_018528,capacity_and_resources,qb_018528__capacity_and_resources,0.8277622,0.6760861873626709,0.451824426651001,True
qb_018528,quality_of_life,qb_018528__quality_of_life,0.8353007,0.7149991393089294,0.4404488503932953,True
qb_018528,security_and_defense,qb_018528__security_and_defense,0.7741121,0.688951313495636,0.45629221200942993,True
qb_018528,external_regulation,qb_018528__external_regulation,0.6916361,0.705092191696167,0.42154693603515625,True
qb_012793,policy_prescription,qb_012793__policy_prescription,0.81000626,0.7560107707977295,0.4136618971824646,True
qb_012793,security_and_defense,qb_012793__security_and_defense,0.8137746,0.7353261709213257,0.49287357926368713,True
qb_012793,political,qb_012793__political,0.82225263,0.7098662853240967,0.4881947934627533,True
qb_012793,economic,qb_012793__economic,0.79649085,0.7350205183029175,0.420515775680542,True
qb_012793,cultural_identity,qb_012793__cultural_identity,0.85769576,0.7074390649795532,0.42583203315734863,True
qb_009238,policy_prescription,qb_009238__policy_prescription,0.8524741,0.7867818474769592,0.4786618649959564,True
qb_009238,crime_and_punishment,qb_009238__crime_and_punishment,0.89801973,0.7881136536598206,0.4643009305000305,True
qb_009238,political,qb_009238__political,0.82001865,0.576289176940918,0.42568883299827576,True
qb_009238,legality_constitutionality,qb_009238__legality_constitutionality,0.8399729,0.7917978167533875,0.4682716727256775,True
qb_009238,cultural_identity,qb_009238__cultural_identity,0.93036646,0.7761508226394653,0.4859050214290619,True
qb_009238,public_sentiment,qb_009238__public_sentiment,0.77035546,0.7582504749298096,0.5008052587509155,True
qb_017702,political,qb_017702__political,0.7692313,0.7139472961425781,0.44869595766067505,True
qb_017702,public_sentiment,qb_017702__public_sentiment,0.76049256,0.710324764251709,0.4792351722717285,True
qb_021135,political,qb_021135__political,0.79091024,0.7598348259925842,0.4240192770957947,True
qb_021135,public_sentiment,qb_021135__public_sentiment,0.8219373,0.8406181335449219,0.4318774342536926,True
qb_021135,capacity_and_resources,qb_021135__capacity_and_resources,0.8796526,0.8182250261306763,0.47249835729599,True
qb_011099,policy_prescription,qb_011099__policy_prescription,0.8027563,0.7075138092041016,0.44317954778671265,True
qb_011099,health_and_safety,qb_011099__health_and_safety,0.7723614,0.7878223061561584,0.4194229245185852,True
qb_011099,morality,qb_011099__morality,0.8384146,0.7028596997261047,0.5129615068435669,True
qb_011099,public_sentiment,qb_011099__public_sentiment,0.8447275,0.6444977521896362,0.4485783576965332,True
qb_013526,legality_constitutionality,qb_013526__legality_constitutionality,0.72452354,0.6207422018051147,0.4223804473876953,True
qb_013526,political,qb_013526__political,0.8417409,0.6869598031044006,0.48335695266723633,True
qb_013526,policy_prescription,qb_013526__policy_prescription,0.76060724,0.6001408696174622,0.4084492623806,True
qb_013526,public_sentiment,qb_013526__public_sentiment,0.78899044,0.7188911437988281,0.43708372116088867,True
qb_020695,health_and_safety,qb_020695__health_and_safety,0.81789035,0.8214101791381836,0.47276410460472107,True
qb_020695,policy_prescription,qb_020695__policy_prescription,0.71691555,0.7309513092041016,0.4640970230102539,True
qb_020695,legality_constitutionality,qb_020695__legality_constitutionality,0.8409292,0.6777545213699341,0.4434700012207031,True
qb_020695,political,qb_020695__political,0.92110205,0.7422361969947815,0.48558753728866577,True
qb_020695,economic,qb_020695__economic,0.89238024,0.6847892999649048,0.48098936676979065,True
qb_018504,security_and_defense,qb_018504__security_and_defense,0.8340043,0.7440469861030579,0.469208300113678,True
qb_018504,policy_prescription,qb_018504__policy_prescription,0.8392508,0.7396861910820007,0.4708057940006256,True
qb_018504,political,qb_018504__political,0.7193016,0.673865795135498,0.4828159213066101,True
qb_018504,crime_and_punishment,qb_018504__crime_and_punishment,0.74425215,0.7621810436248779,0.5005409121513367,True
qb_000580,economic,qb_000580__economic,0.79854876,0.7848445177078247,0.4520207345485687,True
qb_000580,quality_of_life,qb_000580__quality_of_life,0.738893,0.6325066089630127,0.42794641852378845,True
qb_021027,health_and_safety,qb_021027__health_and_safety,0.8055916,0.7649627923965454,0.46619588136672974,True
qb_021027,public_sentiment,qb_021027__public_sentiment,0.85010767,0.7684197425842285,0.49834656715393066,True
qb_021027,policy_prescription,qb_021027__policy_prescription,0.7787397,0.6712926626205444,0.4632318615913391,True
qb_021027,capacity_and_resources,qb_021027__capacity_and_resources,0.8386701,0.7220407128334045,0.43935078382492065,True
qb_021027,political,qb_021027__political,0.7771794,0.6385679841041565,0.4914301037788391,True
qb_000980,policy_prescription,qb_000980__policy_prescription,0.84462273,0.8668370246887207,0.4752592444419861,True
qb_000980,legality_constitutionality,qb_000980__legality_constitutionality,0.8596891,0.8675200939178467,0.4840478301048279,True
qb_000980,political,qb_000980__political,0.7719653,0.7311702370643616,0.4482882022857666,True
qb_000980,security_and_defense,qb_000980__security_and_defense,0.9109657,0.7905881404876709,0.519977867603302,True
qb_010329,policy_prescription,qb_010329__policy_prescription,0.69239956,0.6293072700500488,0.4131641387939453,True
qb_010329,health_and_safety,qb_010329__health_and_safety,0.8786218,0.668579638004303,0.4575742185115814,True
qb_010329,capacity_and_resources,qb_010329__capacity_and_resources,0.6810312,0.6524659395217896,0.46941059827804565,True
qb_010329,quality_of_life,qb_010329__quality_of_life,0.7536292,0.6890690922737122,0.38784879446029663,True
qb_019098,political,qb_019098__political,0.8274305,0.7247661352157593,0.5276886224746704,True
qb_019098,capacity_and_resources,qb_019098__capacity_and_resources,0.7229389,0.5494856834411621,0.4239886403083801,True
qb_019098,public_sentiment,qb_019098__public_sentiment,0.84577584,0.7619314193725586,0.46080484986305237,True
qb_019098,cultural_identity,qb_019098__cultural_identity,0.8633022,0.7671526670455933,0.42768532037734985,True
qb_019098,economic,qb_019098__economic,0.83882076,0.67989581823349,0.4662749767303467,True
qb_010281,political,qb_010281__political,0.83546656,0.6797011494636536,0.4858894944190979,True
qb_010281,external_regulation,qb_010281__external_regulation,0.8041151,0.7670472860336304,0.49496498703956604,True
qb_010281,economic,qb_010281__economic,0.84227806,0.6923760771751404,0.4921594262123108,True
qb_010281,public_sentiment,qb_010281__public_sentiment,0.88590467,0.7366970777511597,0.45645928382873535,True
qb_010281,policy_prescription,qb_010281__policy_prescription,0.8057597,0.683860719203949,0.4490965008735657,True
qb_018537,political,qb_018537__political,0.8730719,0.6808626651763916,0.5018588304519653,True
qb_018537,morality,qb_018537__morality,0.83240914,0.6929605007171631,0.4747183322906494,True
qb_018537,public_sentiment,qb_018537__public_sentiment,0.7928126,0.6564575433731079,0.5193613767623901,True
qb_018537,policy_prescription,qb_018537__policy_prescription,0.716012,0.6232878565788269,0.4162455201148987,True
qb_018537,fairness_and_equality,qb_018537__fairness_and_equality,0.8385055,0.6760033369064331,0.44794076681137085,True
qb_006084,quality_of_life,qb_006084__quality_of_life,0.8609563,0.7221733927726746,0.47144120931625366,True
qb_006084,public_sentiment,qb_006084__public_sentiment,0.78971964,0.6366256475448608,0.4736551344394684,True
qb_003439,policy_prescription,qb_003439__policy_prescription,0.80870086,0.6939731240272522,0.492260605096817,True
qb_003439,political,qb_003439__political,0.6848693,0.5939790606498718,0.5270422697067261,True
qb_003439,security_and_defense,qb_003439__security_and_defense,0.7635276,0.7584238052368164,0.46809354424476624,True
qb_003439,public_sentiment,qb_003439__public_sentiment,0.82006395,0.6801226735115051,0.4772840142250061,True
qb_000312,policy_prescription,qb_000312__policy_prescription,0.8865682,0.7487661838531494,0.49301648139953613,True
qb_000312,economic,qb_000312__economic,0.7890895,0.7425020337104797,0.41436463594436646,True
qb_000312,political,qb_000312__political,0.8240931,0.7517051696777344,0.4799634516239166,True
qb_000312,health_and_safety,qb_000312__health_and_safety,0.8112356,0.8171152472496033,0.48522239923477173,True
qb_018239,political,qb_018239__political,0.8774359,0.5930492877960205,0.44324398040771484,True
qb_018239,security_and_defense,qb_018239__security_and_defense,0.7441846,0.6376299858093262,0.45737093687057495,True
qb_018239,cultural_identity,qb_018239__cultural_identity,0.79617023,0.5585653185844421,0.475003719329834,True
qb_018239,morality,qb_018239__morality,0.8063962,0.6689460277557373,0.5003849267959595,True
qb_018239,crime_and_punishment,qb_018239__crime_and_punishment,0.7325753,0.6006932854652405,0.4491592049598694,True
qb_006507,fairness_and_equality,qb_006507__fairness_and_equality,0.75759006,0.6940832138061523,0.4692062735557556,True
qb_006507,public_sentiment,qb_006507__public_sentiment,0.77757967,0.7342304587364197,0.4929046630859375,True
qb_006507,political,qb_006507__political,0.7433962,0.7191322445869446,0.5130017995834351,True
qb_006507,economic,qb_006507__economic,0.802233,0.654570460319519,0.4089506268501282,True
qb_006507,policy_prescription,qb_006507__policy_prescription,0.78686905,0.6436483860015869,0.4461118280887604,True
qb_006752,policy_prescription,qb_006752__policy_prescription,0.7532309,0.7300647497177124,0.5059552788734436,True
qb_006752,security_and_defense,qb_006752__security_and_defense,0.8225034,0.7199088335037231,0.4729692041873932,True
qb_006752,political,qb_006752__political,0.8555849,0.6783081293106079,0.4755421280860901,True
qb_006752,crime_and_punishment,qb_006752__crime_and_punishment,0.7838007,0.7436371445655823,0.4675075113773346,True
qb_006752,legality_constitutionality,qb_006752__legality_constitutionality,0.80728495,0.7203315496444702,0.4643171429634094,True
qb_006752,public_sentiment,qb_006752__public_sentiment,0.83237183,0.6780353784561157,0.45509299635887146,True
qb_008173,crime_and_punishment,qb_008173__crime_and_punishment,0.75867194,0.5683412551879883,0.4237557351589203,True
qb_008173,security_and_defense,qb_008173__security_and_defense,0.758541,0.6067144870758057,0.45900988578796387,True
qb_008173,health_and_safety,qb_008173__health_and_safety,0.8344591,0.6481919288635254,0.4180671274662018,True
qb_009775,economic,qb_009775__economic,0.6788458,0.6694720387458801,0.46755775809288025,True
qb_009775,capacity_and_resources,qb_009775__capacity_and_resources,0.82605827,0.5906198024749756,0.418757826089859,True
qb_001153,political,qb_001153__political,0.8877574,0.8229771852493286,0.4697858393192291,True
qb_001153,legality_constitutionality,qb_001153__legality_constitutionality,0.82398266,0.7610216736793518,0.4426959156990051,True
qb_001153,morality,qb_001153__morality,0.9253011,0.8411210179328918,0.44143158197402954,True
qb_001153,crime_and_punishment,qb_001153__crime_and_punishment,0.88280404,0.8403878211975098,0.44006967544555664,True
qb_001153,cultural_identity,qb_001153__cultural_identity,0.883173,0.8799009323120117,0.4767675995826721,True
qb_001153,public_sentiment,qb_001153__public_sentiment,0.8618028,0.8235180974006653,0.5030763149261475,True
qb_001047,legality_constitutionality,qb_001047__legality_constitutionality,0.75578475,0.6727518439292908,0.4650839865207672,True
qb_001047,political,qb_001047__political,0.77459913,0.6887349486351013,0.4746328294277191,True
qb_001047,policy_prescription,qb_001047__policy_prescription,0.7966937,0.7149959206581116,0.45247912406921387,True
qb_001047,security_and_defense,qb_001047__security_and_defense,0.830424,0.7054417133331299,0.4983334541320801,True
qb_012994,health_and_safety,qb_012994__health_and_safety,0.70816886,0.6555724740028381,0.42866283655166626,True
qb_012994,policy_prescription,qb_012994__policy_prescription,0.7100545,0.6246031522750854,0.42727285623550415,True
qb_012994,capacity_and_resources,qb_012994__capacity_and_resources,0.754519,0.5869841575622559,0.46510401368141174,True
qb_012994,economic,qb_012994__economic,0.742496,0.645869255065918,0.5304678678512573,True
qb_012994,quality_of_life,qb_012994__quality_of_life,0.85027564,0.6485995054244995,0.42737284302711487,True
qb_012994,external_regulation,qb_012994__external_regulation,0.6889603,0.6098334789276123,0.43411439657211304,True
qb_018483,health_and_safety,qb_018483__health_and_safety,0.8160903,0.7444766759872437,0.497285932302475,True
qb_018483,policy_prescription,qb_018483__policy_prescription,0.82604194,0.7719917893409729,0.5018540620803833,True
qb_018483,capacity_and_resources,qb_018483__capacity_and_resources,0.82429767,0.6931579113006592,0.46533527970314026,True
qb_001405,external_regulation,qb_001405__external_regulation,0.7537731,0.705197811126709,0.4233878254890442,True
qb_001405,security_and_defense,qb_001405__security_and_defense,0.7565274,0.6838987469673157,0.4492045044898987,True
qb_001405,political,qb_001405__political,0.82099634,0.6755737066268921,0.4353371262550354,True
qb_001405,policy_prescription,qb_001405__policy_prescription,0.7572195,0.6768122315406799,0.41909855604171753,True
qb_001405,morality,qb_001405__morality,0.7644383,0.6713390350341797,0.41542547941207886,True
qb_000946,policy_prescription,qb_000946__policy_prescription,0.871799,0.7540223002433777,0.4689651131629944,True
qb_000946,political,qb_000946__political,0.7858063,0.6938931345939636,0.48025932908058167,True
qb_000946,economic,qb_000946__economic,0.81065917,0.6986333727836609,0.4664462208747864,True
qb_000946,quality_of_life,qb_000946__quality_of_life,0.7189889,0.6836997866630554,0.4706483781337738,True
qb_003792,political,qb_003792__political,0.8025539,0.6326404809951782,0.5121568441390991,True
qb_003792,public_sentiment,qb_003792__public_sentiment,0.82666934,0.6203749179840088,0.4210679531097412,True
qb_004238,economic,qb_004238__economic,0.7730367,0.7417848110198975,0.4923248887062073,True
qb_004238,external_regulation,qb_004238__external_regulation,0.77966344,0.7562963366508484,0.49620765447616577,True
qb_004238,policy_prescription,qb_004238__policy_prescription,0.73797184,0.7191455364227295,0.4764440655708313,True
qb_004238,political,qb_004238__political,0.8311225,0.7397392392158508,0.4831415116786957,True
qb_002283,political,qb_002283__political,0.77172726,,0.426431268453598,False
qb_016898,economic,qb_016898__economic,0.68944883,0.591623067855835,0.39249950647354126,True
qb_016898,policy_prescription,qb_016898__policy_prescription,0.6824024,0.7081208825111389,0.3855210542678833,True
qb_016898,quality_of_life,qb_016898__quality_of_life,0.82879806,0.5926982760429382,0.3775363564491272,True
qb_016898,public_sentiment,qb_016898__public_sentiment,0.7633835,0.6458373665809631,0.47276464104652405,True
qb_015874,political,qb_015874__political,0.7975278,0.7252552509307861,0.5733078122138977,True
qb_015874,policy_prescription,qb_015874__policy_prescription,0.80168897,0.7230553030967712,0.5145041942596436,True
qb_015874,legality_constitutionality,qb_015874__legality_constitutionality,0.79959464,0.6596307754516602,0.49720239639282227,True
qb_015874,public_sentiment,qb_015874__public_sentiment,0.84098685,0.7592876553535461,0.48156824707984924,True
qb_015874,fairness_and_equality,qb_015874__fairness_and_equality,0.66991234,0.643962025642395,0.4935344159603119,True
qb_008486,health_and_safety,qb_008486__health_and_safety,0.79405,,0.4919312596321106,False
qb_012164,crime_and_punishment,qb_012164__crime_and_punishment,0.81146264,0.5840436816215515,0.45533138513565063,True
qb_012164,political,qb_012164__political,0.86812073,0.6624689698219299,0.4810121953487396,True
qb_012164,legality_constitutionality,qb_012164__legality_constitutionality,0.6725696,0.7870359420776367,0.43744391202926636,True
qb_012164,cultural_identity,qb_012164__cultural_identity,0.84646076,0.5824347734451294,0.4727952480316162,True
qb_009145,external_regulation,qb_009145__external_regulation,0.8074222,0.731261670589447,0.44664978981018066,True
qb_009145,political,qb_009145__political,0.8513714,0.715768575668335,0.4567635655403137,True
qb_009145,economic,qb_009145__economic,0.87069976,0.732500433921814,0.4571956992149353,True
qb_009145,security_and_defense,qb_009145__security_and_defense,0.8086051,0.7092433571815491,0.42275795340538025,True
qb_009145,cultural_identity,qb_009145__cultural_identity,0.75502515,0.7122439742088318,0.4392155706882477,True
qb_009145,legality_constitutionality,qb_009145__legality_constitutionality,0.7875456,0.6940337419509888,0.40018925070762634,True
qb_009145,public_sentiment,qb_009145__public_sentiment,0.8913747,0.730022668838501,0.4169444143772125,True
qb_010649,political,qb_010649__political,0.7165459,0.623731255531311,0.4297718405723572,True
qb_010649,morality,qb_010649__morality,0.84757036,0.6288596987724304,0.3917754292488098,True
qb_010649,public_sentiment,qb_010649__public_sentiment,0.81547177,0.6609206199645996,0.37720051407814026,True
qb_010649,security_and_defense,qb_010649__security_and_defense,0.7925724,0.7038983106613159,0.39399608969688416,True
qb_010649,cultural_identity,qb_010649__cultural_identity,0.81372464,0.7188165783882141,0.3982495963573456,True
qb_010649,external_regulation,qb_010649__external_regulation,0.82347,0.7174508571624756,0.4522515833377838,True
qb_010649,capacity_and_resources,qb_010649__capacity_and_resources,0.81570625,0.7001301050186157,0.4161964952945709,True
qb_014822,external_regulation,qb_014822__external_regulation,0.801182,0.8233485221862793,0.4844774603843689,True
qb_014822,political,qb_014822__political,0.8068946,0.8090238571166992,0.502155065536499,True
qb_014822,security_and_defense,qb_014822__security_and_defense,0.8707866,0.8256189227104187,0.46334409713745117,True
qb_014822,public_sentiment,qb_014822__public_sentiment,0.8382555,0.828728973865509,0.48204946517944336,True
qb_008960,economic,qb_008960__economic,0.75563914,0.7460904121398926,0.47231143712997437,True
qb_008960,public_sentiment,qb_008960__public_sentiment,0.8158957,0.7041403651237488,0.4418802261352539,True
qb_019157,political,qb_019157__political,0.86168337,0.749018669128418,0.508051335811615,True
qb_019157,economic,qb_019157__economic,0.8303989,0.8116821050643921,0.43970194458961487,True
qb_019157,fairness_and_equality,qb_019157__fairness_and_equality,0.8390085,0.7803710699081421,0.4670327603816986,True
qb_009891,security_and_defense,qb_009891__security_and_defense,0.75531316,0.5783383846282959,0.42230287194252014,True
qb_009891,political,qb_009891__political,0.7651842,0.5501438975334167,0.5319275259971619,True
qb_017128,legality_constitutionality,qb_017128__legality_constitutionality,0.74566835,0.8183745741844177,0.5002001523971558,True
qb_017128,political,qb_017128__political,0.81121504,0.7273253202438354,0.489250510931015,True
qb_017128,fairness_and_equality,qb_017128__fairness_and_equality,0.80840963,0.7556771039962769,0.49318066239356995,True
qb_010213,health_and_safety,qb_010213__health_and_safety,0.8040043,0.6774067282676697,0.443977028131485,True
qb_010213,political,qb_010213__political,0.733145,0.6860640645027161,0.43961867690086365,True
qb_010213,policy_prescription,qb_010213__policy_prescription,0.8174519,0.6638731360435486,0.43824005126953125,True
qb_010213,legality_constitutionality,qb_010213__legality_constitutionality,0.7664486,0.7573614120483398,0.4340389668941498,True
qb_012083,economic,qb_012083__economic,0.8742578,0.5869678854942322,0.457474946975708,True
qb_012083,policy_prescription,qb_012083__policy_prescription,0.7616814,0.6575271487236023,0.45394277572631836,True
qb_012083,political,qb_012083__political,0.7930476,0.6171584725379944,0.45954734086990356,True
qb_012083,capacity_and_resources,qb_012083__capacity_and_resources,0.8520138,0.5623946785926819,0.46128106117248535,True
qb_008159,economic,qb_008159__economic,0.8830391,0.8391866087913513,0.4622174799442291,True
qb_008159,external_regulation,qb_008159__external_regulation,0.86947584,0.8353428244590759,0.45481568574905396,True
qb_008159,political,qb_008159__political,0.8392762,0.758927047252655,0.4530511498451233,True
qb_008159,capacity_and_resources,qb_008159__capacity_and_resources,0.8727906,0.8117150664329529,0.5116661190986633,True
qb_017540,economic,qb_017540__economic,0.86130244,,0.46154046058654785,False
qb_018217,political,qb_018217__political,0.7765617,0.704605758190155,0.4106592535972595,True
qb_018217,cultural_identity,qb_018217__cultural_identity,0.81004274,0.708627462387085,0.41388240456581116,True
qb_018217,public_sentiment,qb_018217__public_sentiment,0.735741,0.6811025142669678,0.4257994592189789,True
qb_003949,political,qb_003949__political,0.7577878,0.7024900317192078,0.5459845662117004,True
qb_003949,public_sentiment,qb_003949__public_sentiment,0.7810091,0.6796417832374573,0.4127354025840759,True
qb_006529,legality_constitutionality,qb_006529__legality_constitutionality,0.8072195,0.7674071788787842,0.4123750627040863,True
qb_006529,crime_and_punishment,qb_006529__crime_and_punishment,0.81667876,0.7619181275367737,0.47291940450668335,True
qb_006529,political,qb_006529__political,0.82392436,0.689041793346405,0.4760093092918396,True
qb_006529,economic,qb_006529__economic,0.866478,0.7166271209716797,0.44990143179893494,True
qb_011246,political,qb_011246__political,0.7388257,0.5428028106689453,0.46218571066856384,True
qb_011246,economic,qb_011246__economic,0.7378225,0.6583822965621948,0.44923466444015503,True
qb_011246,morality,qb_011246__morality,0.86763304,0.5699917674064636,0.46835798025131226,True
qb_001810,political,qb_001810__political,0.8673792,0.6029118299484253,0.4196833074092865,True
qb_001810,morality,qb_001810__morality,0.8800819,0.7197195291519165,0.4423947334289551,True
qb_001810,public_sentiment,qb_001810__public_sentiment,0.79236525,0.6685332655906677,0.5082034468650818,True
qb_001810,security_and_defense,qb_001810__security_and_defense,0.83026004,0.7329739332199097,0.4034211039543152,True
qb_001810,health_and_safety,qb_001810__health_and_safety,0.8018674,0.6192649602890015,0.4735070765018463,True
qb_001810,economic,qb_001810__economic,0.84186196,0.7060288190841675,0.4605580270290375,True
qb_001810,quality_of_life,qb_001810__quality_of_life,0.8874196,0.7406662702560425,0.4189165234565735,True
qb_021049,political,qb_021049__political,0.8816167,0.6784393787384033,0.5009124279022217,True
qb_021049,health_and_safety,qb_021049__health_and_safety,0.73937535,0.6633033752441406,0.46302399039268494,True
qb_021049,public_sentiment,qb_021049__public_sentiment,0.86768514,0.6868915557861328,0.5061501860618591,True
qb_021049,policy_prescription,qb_021049__policy_prescription,0.84982103,0.7575000524520874,0.46664246916770935,True
qb_021049,capacity_and_resources,qb_021049__capacity_and_resources,0.83050036,0.6209505796432495,0.4675065875053406,True
qb_021300,political,qb_021300__political,0.7648203,0.6555097699165344,0.454834520816803,True
qb_021300,capacity_and_resources,qb_021300__capacity_and_resources,0.84187233,0.7356125712394714,0.4219062924385071,True
qb_021300,health_and_safety,qb_021300__health_and_safety,0.80158657,0.7402341365814209,0.42322444915771484,True
qb_021300,policy_prescription,qb_021300__policy_prescription,0.7803005,0.7506874203681946,0.4287634789943695,True
qb_011243,capacity_and_resources,qb_011243__capacity_and_resources,0.79017913,0.666001558303833,0.46962183713912964,True
qb_011243,economic,qb_011243__economic,0.7661968,0.7032012939453125,0.4480644166469574,True
qb_011243,quality_of_life,qb_011243__quality_of_life,0.78546363,0.6750594973564148,0.40810880064964294,True
qb_011243,security_and_defense,qb_011243__security_and_defense,0.80906886,0.7293005585670471,0.5058429837226868,True
qb_005233,legality_constitutionality,qb_005233__legality_constitutionality,0.87973297,0.8073184490203857,0.5183978080749512,True
qb_005233,health_and_safety,qb_005233__health_and_safety,0.86506855,0.826015055179596,0.4769252836704254,True
qb_005233,political,qb_005233__political,0.8198279,0.688525378704071,0.4327198565006256,True
qb_005233,capacity_and_resources,qb_005233__capacity_and_resources,0.8296443,0.7206615805625916,0.467743456363678,True
qb_020958,cultural_identity,qb_020958__cultural_identity,0.80512273,0.7912742495536804,0.4267275333404541,True
qb_020958,public_sentiment,qb_020958__public_sentiment,0.8495859,0.7591591477394104,0.469400554895401,True
qb_020958,political,qb_020958__political,0.8341471,0.757045567035675,0.46398550271987915,True
qb_020958,security_and_defense,qb_020958__security_and_defense,0.75874454,0.6089102625846863,0.3978598415851593,True
qb_001914,policy_prescription,qb_001914__policy_prescription,0.7927486,0.7443272471427917,0.4461575150489807,True
qb_001914,crime_and_punishment,qb_001914__crime_and_punishment,0.8199567,0.7644788026809692,0.4426073133945465,True
qb_001914,political,qb_001914__political,0.79320127,0.6490402221679688,0.4577959477901459,True
qb_001914,public_sentiment,qb_001914__public_sentiment,0.8118422,0.6896010041236877,0.528817892074585,True
qb_001914,fairness_and_equality,qb_001914__fairness_and_equality,0.7244826,0.6953160762786865,0.461831271648407,True
qb_010980,security_and_defense,qb_010980__security_and_defense,0.82554615,0.7318009734153748,0.42111167311668396,True
qb_010980,political,qb_010980__political,0.8433129,0.7584867477416992,0.4859781265258789,True
qb_016117,political,qb_016117__political,0.7905677,0.7746149301528931,0.4735371172428131,True
qb_016117,policy_prescription,qb_016117__policy_prescription,0.7704662,0.6061291098594666,0.4678162634372711,True
qb_016117,external_regulation,qb_016117__external_regulation,0.85615003,0.6922335028648376,0.4895947575569153,True
qb_016117,cultural_identity,qb_016117__cultural_identity,0.83554304,0.743234395980835,0.5141923427581787,True
qb_016117,public_sentiment,qb_016117__public_sentiment,0.95013595,0.7543056607246399,0.44864097237586975,True
qb_014689,political,qb_014689__political,0.7173163,0.6104864478111267,0.45451587438583374,True
qb_014689,policy_prescription,qb_014689__policy_prescription,0.78974766,0.6868341565132141,0.46711796522140503,True
qb_014689,legality_constitutionality,qb_014689__legality_constitutionality,0.7731713,0.6979960799217224,0.47930389642715454,True
qb_014689,economic,qb_014689__economic,0.6822864,0.6341848969459534,0.48970848321914673,True
qb_002304,policy_prescription,qb_002304__policy_prescription,0.7471831,0.7179977297782898,0.4439147412776947,True
qb_002304,cultural_identity,qb_002304__cultural_identity,0.8107372,0.7333908677101135,0.4850178360939026,True
qb_002304,public_sentiment,qb_002304__public_sentiment,0.86218387,0.8139147758483887,0.46608632802963257,True
qb_002304,political,qb_002304__political,0.84718025,0.7371826171875,0.5122823715209961,True
qb_020811,security_and_defense,qb_020811__security_and_defense,0.86281717,0.7641487121582031,0.4479096531867981,True
qb_020811,political,qb_020811__political,0.8807086,0.7492019534111023,0.49593186378479004,True
qb_020811,external_regulation,qb_020811__external_regulation,0.8029228,0.7529556155204773,0.43261662125587463,True
qb_020811,policy_prescription,qb_020811__policy_prescription,0.8116783,0.7777585387229919,0.4862293303012848,True
qb_017798,political,qb_017798__political,0.8002985,0.7911077737808228,0.49606332182884216,True
qb_017798,legality_constitutionality,qb_017798__legality_constitutionality,0.82456744,0.6990480422973633,0.469463586807251,True
qb_017798,crime_and_punishment,qb_017798__crime_and_punishment,0.8101076,0.7211059331893921,0.48664355278015137,True
qb_017798,security_and_defense,qb_017798__security_and_defense,0.77648747,0.6749352216720581,0.48306187987327576,True
qb_017798,public_sentiment,qb_017798__public_sentiment,0.8677499,0.6715952754020691,0.48559728264808655,True
qb_016363,economic,qb_016363__economic,0.6971068,0.6250042915344238,0.4224260747432709,True
qb_016363,policy_prescription,qb_016363__policy_prescription,0.7581519,0.7309840321540833,0.47270745038986206,True
qb_016363,political,qb_016363__political,0.77835727,0.6890432238578796,0.5009295344352722,True
qb_016363,fairness_and_equality,qb_016363__fairness_and_equality,0.81344604,0.6781441569328308,0.43078938126564026,True
qb_021566,public_sentiment,qb_021566__public_sentiment,0.8608527,0.769477128982544,0.4549267888069153,True
qb_021566,health_and_safety,qb_021566__health_and_safety,0.839216,0.7689557075500488,0.4554758071899414,True
qb_021566,policy_prescription,qb_021566__policy_prescription,0.80692136,0.7436721920967102,0.5182133316993713,True
qb_004962,legality_constitutionality,qb_004962__legality_constitutionality,0.81196177,0.7187187671661377,0.4441046714782715,True
qb_004962,political,qb_004962__political,0.8513944,0.6496931910514832,0.5108004808425903,True
qb_011691,cultural_identity,qb_011691__cultural_identity,0.8732383,0.759928822517395,0.42465487122535706,True
qb_011691,political,qb_011691__political,0.82329905,0.7245169281959534,0.5115888118743896,True
qb_011691,fairness_and_equality,qb_011691__fairness_and_equality,0.8462539,0.7667641043663025,0.4266497492790222,True
qb_011691,legality_constitutionality,qb_011691__legality_constitutionality,0.7535907,0.7003578543663025,0.4142440855503082,True
qb_011691,public_sentiment,qb_011691__public_sentiment,0.8105936,0.6536182761192322,0.47828856110572815,True
qb_011691,policy_prescription,qb_011691__policy_prescription,0.844186,0.7002827525138855,0.4200330674648285,True
qb_001055,public_sentiment,qb_001055__public_sentiment,0.7881329,0.6720269322395325,0.4252708852291107,True
qb_001055,cultural_identity,qb_001055__cultural_identity,0.9187999,0.7420306205749512,0.4048486351966858,True
qb_001055,fairness_and_equality,qb_001055__fairness_and_equality,0.88436663,0.6559475064277649,0.4257904887199402,True
qb_001055,morality,qb_001055__morality,0.7793585,0.6911008358001709,0.4192943572998047,True
qb_006935,political,qb_006935__political,0.7348286,,0.4392183721065521,False
qb_000833,security_and_defense,qb_000833__security_and_defense,0.723333,0.7957099080085754,0.42201414704322815,True
qb_000833,capacity_and_resources,qb_000833__capacity_and_resources,0.89795566,0.6967341303825378,0.4725569784641266,True
qb_000833,health_and_safety,qb_000833__health_and_safety,0.7297137,0.762145459651947,0.39936500787734985,True
qb_000833,political,qb_000833__political,0.82847863,0.6999527812004089,0.4463002681732178,True
qb_021510,external_regulation,qb_021510__external_regulation,0.82517624,0.6875328421592712,0.5294049978256226,True
qb_021510,political,qb_021510__political,0.7526975,0.7667914628982544,0.4804850220680237,True
qb_021510,public_sentiment,qb_021510__public_sentiment,0.89170676,0.699322521686554,0.5678320527076721,True
qb_016953,legality_constitutionality,qb_016953__legality_constitutionality,0.857348,0.7171642780303955,0.4651990830898285,True
qb_016953,political,qb_016953__political,0.76883614,0.587559163570404,0.4647514820098877,True
qb_016953,health_and_safety,qb_016953__health_and_safety,0.72030723,0.6974003911018372,0.4436432421207428,True
qb_016953,policy_prescription,qb_016953__policy_prescription,0.74689275,0.6811228394508362,0.39113324880599976,True
qb_003961,political,qb_003961__political,0.74241495,0.6767576336860657,0.41741299629211426,True
qb_003961,cultural_identity,qb_003961__cultural_identity,0.7663206,0.6739155054092407,0.4313203692436218,True
qb_003961,public_sentiment,qb_003961__public_sentiment,0.82876694,0.6807215213775635,0.5102882385253906,True
qb_003961,fairness_and_equality,qb_003961__fairness_and_equality,0.79051155,0.6686025857925415,0.4685422480106354,True
qb_003961,morality,qb_003961__morality,0.73381245,0.6981969475746155,0.5124832391738892,True
qb_020761,legality_constitutionality,qb_020761__legality_constitutionality,0.7414857,0.6620879173278809,0.5236817598342896,True
qb_020761,morality,qb_020761__morality,0.84922755,0.6787253618240356,0.5371788144111633,True
qb_020761,political,qb_020761__political,0.8512986,0.6593519449234009,0.5190578699111938,True
qb_020761,public_sentiment,qb_020761__public_sentiment,0.8227139,0.7048150300979614,0.4911035895347595,True
qb_020761,cultural_identity,qb_020761__cultural_identity,0.9191596,0.7354316711425781,0.4896191656589508,True
qb_001944,political,qb_001944__political,0.7395551,0.673142671585083,0.4733942151069641,True
qb_001944,policy_prescription,qb_001944__policy_prescription,0.7586225,0.641620397567749,0.48226994276046753,True
qb_001944,economic,qb_001944__economic,0.7670441,0.6927212476730347,0.42873653769493103,True
qb_020879,security_and_defense,qb_020879__security_and_defense,0.81315637,0.7686288952827454,0.4187723994255066,True
qb_020879,cultural_identity,qb_020879__cultural_identity,0.8303587,0.7592735290527344,0.4288497567176819,True
qb_020879,public_sentiment,qb_020879__public_sentiment,0.862988,0.725214421749115,0.43615955114364624,True
qb_020879,quality_of_life,qb_020879__quality_of_life,0.8034077,0.6667984127998352,0.4587953984737396,True
qb_017763,political,qb_017763__political,0.85682666,0.7045331597328186,0.4759427607059479,True
qb_017763,morality,qb_017763__morality,0.7512239,0.7336913347244263,0.4683956503868103,True
qb_017763,public_sentiment,qb_017763__public_sentiment,0.81851584,0.7270203232765198,0.45938214659690857,True
qb_021674,political,qb_021674__political,0.83387315,0.7320483326911926,0.4281151294708252,True
qb_021674,legality_constitutionality,qb_021674__legality_constitutionality,0.83241177,0.714733898639679,0.4678157866001129,True
qb_021674,crime_and_punishment,qb_021674__crime_and_punishment,0.8587057,0.6882827281951904,0.4986429810523987,True
qb_018198,political,qb_018198__political,0.8062883,0.7300390005111694,0.47906598448753357,True
qb_018198,legality_constitutionality,qb_018198__legality_constitutionality,0.8439876,0.7586860656738281,0.4836578369140625,True
qb_018312,health_and_safety,qb_018312__health_and_safety,0.82797956,0.8308644890785217,0.45718592405319214,True
qb_018312,policy_prescription,qb_018312__policy_prescription,0.81644773,0.820239245891571,0.44530177116394043,True
qb_018312,public_sentiment,qb_018312__public_sentiment,0.8872989,0.7688148021697998,0.4161427617073059,True
qb_018312,capacity_and_resources,qb_018312__capacity_and_resources,0.904174,0.8124879002571106,0.5009598731994629,True
qb_003991,political,qb_003991__political,0.8061469,0.722518801689148,0.45995014905929565,True
qb_003991,capacity_and_resources,qb_003991__capacity_and_resources,0.7292073,0.6574625372886658,0.40736308693885803,True
qb_012275,political,qb_012275__political,0.777727,,0.47406283020973206,False
qb_008588,political,qb_008588__political,0.7179699,0.7953553795814514,0.42919492721557617,True
qb_008588,policy_prescription,qb_008588__policy_prescription,0.8787813,0.7732760906219482,0.4524266719818115,True
qb_008588,cultural_identity,qb_008588__cultural_identity,0.89719766,0.7633674740791321,0.4527917802333832,True
qb_008588,fairness_and_equality,qb_008588__fairness_and_equality,0.8482219,0.75179523229599,0.4402287006378174,True
qb_008588,morality,qb_008588__morality,0.8096626,0.7319316864013672,0.4320184290409088,True
qb_015158,political,qb_015158__political,0.85271937,0.617794394493103,0.5002976655960083,True
qb_015158,external_regulation,qb_015158__external_regulation,0.69865406,0.6914592981338501,0.4711707532405853,True
qb_015158,policy_prescription,qb_015158__policy_prescription,0.7367769,0.5648674964904785,0.4539850652217865,True
qb_015158,legality_constitutionality,qb_015158__legality_constitutionality,0.7301376,0.651648998260498,0.472092866897583,True
qb_015158,economic,qb_015158__economic,0.7862854,0.5887472629547119,0.4398960471153259,True
qb_002768,political,qb_002768__political,0.7788511,,0.4526389539241791,False
qb_019446,political,qb_019446__political,0.85698384,0.7543502449989319,0.5085928440093994,True
qb_019446,health_and_safety,qb_019446__health_and_safety,0.7483256,0.6870582699775696,0.47104915976524353,True
qb_019446,legality_constitutionality,qb_019446__legality_constitutionality,0.7607163,0.6649467349052429,0.4485391676425934,True
qb_019446,public_sentiment,qb_019446__public_sentiment,0.9029547,0.7054687142372131,0.48084163665771484,True
qb_020897,legality_constitutionality,qb_020897__legality_constitutionality,0.7730684,0.7451608777046204,0.5111374258995056,True
qb_020897,crime_and_punishment,qb_020897__crime_and_punishment,0.75433856,0.6945479512214661,0.4523264467716217,True
qb_020897,political,qb_020897__political,0.8069232,0.6557469367980957,0.4217868745326996,True
qb_020897,public_sentiment,qb_020897__public_sentiment,0.75519073,0.6615977883338928,0.4848167300224304,True
qb_007769,political,qb_007769__political,0.7606311,0.6454760432243347,0.5111401677131653,True
qb_007769,external_regulation,qb_007769__external_regulation,0.85908014,0.5433828830718994,0.454057514667511,True
qb_007769,economic,qb_007769__economic,0.8021755,0.693303644657135,0.503036618232727,True
qb_007769,capacity_and_resources,qb_007769__capacity_and_resources,0.70494056,0.6192776560783386,0.4399903416633606,True
qb_008399,security_and_defense,qb_008399__security_and_defense,0.8239759,0.7158950567245483,0.46887749433517456,True
qb_008399,policy_prescription,qb_008399__policy_prescription,0.7780676,0.7001050710678101,0.4612519145011902,True
qb_008399,health_and_safety,qb_008399__health_and_safety,0.86331934,0.6562033891677856,0.42596712708473206,True
qb_008399,external_regulation,qb_008399__external_regulation,0.7482853,0.6710523962974548,0.4144163131713867,True
qb_008399,capacity_and_resources,qb_008399__capacity_and_resources,0.82723784,0.6893740892410278,0.4686993956565857,True
qb_008399,political,qb_008399__political,0.79432005,0.6380216479301453,0.4471263885498047,True
qb_017334,political,qb_017334__political,0.7773003,0.5708510875701904,0.5206265449523926,True
qb_017334,legality_constitutionality,qb_017334__legality_constitutionality,0.6971111,0.49705836176872253,0.45604318380355835,True
qb_015695,morality,qb_015695__morality,0.79802155,0.6251839995384216,0.4920131266117096,True
qb_015695,external_regulation,qb_015695__external_regulation,0.7771321,0.6168607473373413,0.4497013986110687,True
qb_015695,economic,qb_015695__economic,0.76800853,0.6304704546928406,0.4382515847682953,True
qb_015695,political,qb_015695__political,0.73612523,0.5789891481399536,0.45065855979919434,True
qb_015695,public_sentiment,qb_015695__public_sentiment,0.7368971,0.530343770980835,0.42701226472854614,True
qb_013745,health_and_safety,qb_013745__health_and_safety,0.7931681,0.6679366827011108,0.530163049697876,True
qb_013745,crime_and_punishment,qb_013745__crime_and_punishment,0.89622474,0.6824008226394653,0.449195921421051,True
qb_013745,political,qb_013745__political,0.69267726,0.6185518503189087,0.3906356692314148,True
qb_013745,policy_prescription,qb_013745__policy_prescription,0.7461157,0.6841408014297485,0.4120059907436371,True
qb_013745,morality,qb_013745__morality,0.83921504,0.6369273662567139,0.4685637354850769,True
qb_013745,public_sentiment,qb_013745__public_sentiment,0.8394873,0.6681731939315796,0.44918137788772583,True
qb_013745,cultural_identity,qb_013745__cultural_identity,0.7421994,0.6598331332206726,0.4703822731971741,True
qb_013745,fairness_and_equality,qb_013745__fairness_and_equality,0.783066,0.661762535572052,0.4534079134464264,True
qb_011680,security_and_defense,qb_011680__security_and_defense,0.88511294,0.7745423913002014,0.49499601125717163,True
qb_011680,external_regulation,qb_011680__external_regulation,0.8083161,0.6642816066741943,0.47236114740371704,True
qb_011680,political,qb_011680__political,0.74441886,0.6540961861610413,0.5354105830192566,True
qb_011680,cultural_identity,qb_011680__cultural_identity,0.8143741,0.7772951722145081,0.45568782091140747,True
qb_010274,legality_constitutionality,qb_010274__legality_constitutionality,0.8605615,0.7126166820526123,0.5031903386116028,True
qb_010274,political,qb_010274__political,0.80194724,0.6678988933563232,0.5322205424308777,True
qb_010274,security_and_defense,qb_010274__security_and_defense,0.840329,0.7635604739189148,0.4890948235988617,True
qb_020943,public_sentiment,qb_020943__public_sentiment,0.8438395,0.7338347434997559,0.3957257568836212,True
qb_020943,quality_of_life,qb_020943__quality_of_life,0.86884284,0.738484263420105,0.37340226769447327,True
qb_020943,morality,qb_020943__morality,0.81461734,0.734250009059906,0.40497317910194397,True
qb_020943,crime_and_punishment,qb_020943__crime_and_punishment,0.7687144,0.6552515625953674,0.4755025804042816,True
qb_020943,economic,qb_020943__economic,0.90639776,0.7134702205657959,0.44306784868240356,True
qb_001555,economic,qb_001555__economic,0.84588045,0.6188529133796692,0.42833271622657776,True
qb_001555,health_and_safety,qb_001555__health_and_safety,0.758322,0.6019476652145386,0.4742096960544586,True
qb_020906,political,qb_020906__political,0.8745743,0.6909109354019165,0.43905648589134216,True
qb_020906,security_and_defense,qb_020906__security_and_defense,0.77598286,0.7177679538726807,0.48079466819763184,True
qb_020906,crime_and_punishment,qb_020906__crime_and_punishment,0.79371417,0.7142809629440308,0.4520198404788971,True
qb_000215,political,qb_000215__political,0.7233329,0.6521961688995361,0.48350128531455994,True
qb_000215,legality_constitutionality,qb_000215__legality_constitutionality,0.7404047,0.5761815309524536,0.4882906377315521,True
qb_000215,public_sentiment,qb_000215__public_sentiment,0.8334921,0.7319392561912537,0.4428953528404236,True
qb_000441,security_and_defense,qb_000441__security_and_defense,0.84800637,0.7904784083366394,0.48281019926071167,True
qb_000441,capacity_and_resources,qb_000441__capacity_and_resources,0.8276138,0.7751482129096985,0.4675080180168152,True
qb_000441,public_sentiment,qb_000441__public_sentiment,0.863293,0.7831663489341736,0.42287302017211914,True
qb_000441,cultural_identity,qb_000441__cultural_identity,0.87312216,0.7620204091072083,0.4312093257904053,True
qb_017585,political,qb_017585__political,0.71355397,0.6232724785804749,0.47266244888305664,True
qb_017585,external_regulation,qb_017585__external_regulation,0.8091128,0.7773414254188538,0.44725513458251953,True
qb_017585,security_and_defense,qb_017585__security_and_defense,0.76651454,0.7097151875495911,0.4487367570400238,True
qb_017585,policy_prescription,qb_017585__policy_prescription,0.71028364,0.8058130145072937,0.48870715498924255,True
qb_008788,capacity_and_resources,qb_008788__capacity_and_resources,0.7562717,0.6039309501647949,0.3687202036380768,True
qb_008788,political,qb_008788__political,0.8428864,0.6007071733474731,0.495579332113266,True
qb_004668,legality_constitutionality,qb_004668__legality_constitutionality,0.8222723,0.7975003123283386,0.46895045042037964,True
qb_004668,political,qb_004668__political,0.84645146,0.7317352294921875,0.5144058465957642,True
qb_004668,crime_and_punishment,qb_004668__crime_and_punishment,0.86335474,0.7657308578491211,0.49653807282447815,True
qb_015223,political,qb_015223__political,0.79998803,0.7688964605331421,0.48197418451309204,True
qb_015223,legality_constitutionality,qb_015223__legality_constitutionality,0.8421048,0.8537176847457886,0.45121726393699646,True
qb_004099,political,qb_004099__political,0.79055923,0.8020450472831726,0.49464455246925354,True
qb_004099,policy_prescription,qb_004099__policy_prescription,0.7128022,0.6932180523872375,0.4538920521736145,True
qb_004099,legality_constitutionality,qb_004099__legality_constitutionality,0.8566653,0.7798261642456055,0.5090049505233765,True
qb_004099,economic,qb_004099__economic,0.8415097,0.7701372504234314,0.5176129341125488,True
qb_011695,economic,qb_011695__economic,0.7150717,0.6942791938781738,0.4343627095222473,True
qb_011695,policy_prescription,qb_011695__policy_prescription,0.8428676,0.6599302291870117,0.47610121965408325,True
qb_011695,health_and_safety,qb_011695__health_and_safety,0.77002573,0.6588721871376038,0.47032323479652405,True
qb_011695,political,qb_011695__political,0.7882772,0.603883683681488,0.45334362983703613,True
qb_006115,external_regulation,qb_006115__external_regulation,0.8454206,0.7096187472343445,0.46850699186325073,True
qb_006115,security_and_defense,qb_006115__security_and_defense,0.8022344,0.7806941270828247,0.5038496255874634,True
qb_006115,political,qb_006115__political,0.77234423,0.7373173832893372,0.4421156048774719,True
qb_004476,legality_constitutionality,qb_004476__legality_constitutionality,0.78112155,0.7152053713798523,0.490870863199234,True
qb_004476,political,qb_004476__political,0.7947528,0.6704320311546326,0.4827609956264496,True
qb_004476,security_and_defense,qb_004476__security_and_defense,0.83481324,0.7605013847351074,0.44563549757003784,True
qb_004476,capacity_and_resources,qb_004476__capacity_and_resources,0.8177135,0.7027848362922668,0.48827967047691345,True
qb_021083,political,qb_021083__political,0.76578224,0.6896443367004395,0.45075875520706177,True
qb_021083,public_sentiment,qb_021083__public_sentiment,0.8497417,0.7045105695724487,0.49347248673439026,True
qb_021083,morality,qb_021083__morality,0.80794406,0.6610428094863892,0.5020239353179932,True
qb_019149,crime_and_punishment,qb_019149__crime_and_punishment,0.72672665,0.6485716104507446,0.42951616644859314,True
qb_019149,security_and_defense,qb_019149__security_and_defense,0.82405895,0.6358627080917358,0.508780837059021,True
qb_010619,legality_constitutionality,qb_010619__legality_constitutionality,0.8464272,0.8237173557281494,0.4627760052680969,True
qb_010619,policy_prescription,qb_010619__policy_prescription,0.8274578,0.8326014876365662,0.48408326506614685,True
qb_010619,political,qb_010619__political,0.79519963,0.7865696549415588,0.5024533867835999,True
qb_000218,legality_constitutionality,qb_000218__legality_constitutionality,0.7445765,0.6809468865394592,0.49573493003845215,True
qb_000218,crime_and_punishment,qb_000218__crime_and_punishment,0.82830906,0.7519815564155579,0.44467267394065857,True
qb_000218,morality,qb_000218__morality,0.762353,0.7310827374458313,0.47157374024391174,True
qb_000218,cultural_identity,qb_000218__cultural_identity,0.81720895,0.7470088005065918,0.43145641684532166,True
qb_020170,policy_prescription,qb_020170__policy_prescription,0.80444753,0.7257058620452881,0.4865110516548157,True
qb_020170,security_and_defense,qb_020170__security_and_defense,0.9391837,0.7237553000450134,0.47531670331954956,True
qb_020170,health_and_safety,qb_020170__health_and_safety,0.8207527,0.7334251999855042,0.49714332818984985,True
qb_020170,political,qb_020170__political,0.776553,0.5580689311027527,0.4505104124546051,True
qb_020170,economic,qb_020170__economic,0.87495077,0.7280207276344299,0.4728637635707855,True
qb_020170,capacity_and_resources,qb_020170__capacity_and_resources,0.80211717,0.7385843992233276,0.4434538781642914,True
qb_020170,legality_constitutionality,qb_020170__legality_constitutionality,0.8438833,0.7303995490074158,0.46137577295303345,True
qb_020170,crime_and_punishment,qb_020170__crime_and_punishment,0.82318264,0.7039028406143188,0.47612810134887695,True
qb_002264,legality_constitutionality,qb_002264__legality_constitutionality,0.8200394,0.7442177534103394,0.5020765066146851,True
qb_002264,policy_prescription,qb_002264__policy_prescription,0.7855617,0.7016720771789551,0.511753261089325,True
qb_002264,political,qb_002264__political,0.8211318,0.7487057447433472,0.476971298456192,True
qb_002264,security_and_defense,qb_002264__security_and_defense,0.8100453,0.7429481744766235,0.5401915311813354,True
qb_002264,capacity_and_resources,qb_002264__capacity_and_resources,0.8313152,0.6449054479598999,0.4419372081756592,True
qb_002264,morality,qb_002264__morality,0.79990965,0.7018784880638123,0.5010272264480591,True
qb_020259,security_and_defense,qb_020259__security_and_defense,0.6964109,0.7473009824752808,0.43534016609191895,True
qb_020259,crime_and_punishment,qb_020259__crime_and_punishment,0.68081325,0.6911343336105347,0.5268729329109192,True
qb_020259,health_and_safety,qb_020259__health_and_safety,0.7615687,0.6558011770248413,0.4919530749320984,True
qb_021610,economic,qb_021610__economic,0.72062,0.6859066486358643,0.4543057382106781,True
qb_021610,capacity_and_resources,qb_021610__capacity_and_resources,0.7819735,0.6577768325805664,0.42980560660362244,True
qb_021610,public_sentiment,qb_021610__public_sentiment,0.68246764,0.6476696729660034,0.5100135207176208,True
qb_020488,morality,qb_020488__morality,0.8237282,0.726211667060852,0.5147696733474731,True
qb_020488,political,qb_020488__political,0.75979066,0.7189766764640808,0.4814860224723816,True
qb_020488,legality_constitutionality,qb_020488__legality_constitutionality,0.80212814,0.677444577217102,0.42830905318260193,True
qb_020488,public_sentiment,qb_020488__public_sentiment,0.791736,0.6878604888916016,0.44537949562072754,True
qb_020488,health_and_safety,qb_020488__health_and_safety,0.76961756,0.6776765584945679,0.4879588484764099,True
qb_020488,policy_prescription,qb_020488__policy_prescription,0.84857607,0.7250857353210449,0.5151052474975586,True
qb_013333,legality_constitutionality,qb_013333__legality_constitutionality,0.818468,0.7295330762863159,0.407479852437973,True
qb_013333,political,qb_013333__political,0.7579424,0.7617663145065308,0.4663930833339691,True
qb_014080,political,qb_014080__political,0.7430376,0.7143875956535339,0.47068366408348083,True
qb_014080,legality_constitutionality,qb_014080__legality_constitutionality,0.77577513,0.6460144519805908,0.4841691851615906,True
qb_014080,fairness_and_equality,qb_014080__fairness_and_equality,0.76344055,0.6678905487060547,0.41549649834632874,True
qb_014080,cultural_identity,qb_014080__cultural_identity,0.75163877,0.6144165992736816,0.47580426931381226,True
qb_014080,morality,qb_014080__morality,0.8180258,0.7114819884300232,0.45792436599731445,True
qb_021668,political,qb_021668__political,0.9215294,0.898600697517395,0.4458353519439697,True
qb_021668,public_sentiment,qb_021668__public_sentiment,0.8622954,0.8294703960418701,0.39038699865341187,True
qb_018539,security_and_defense,qb_018539__security_and_defense,0.64459604,0.7299002408981323,0.4629003405570984,True
qb_018539,political,qb_018539__political,0.88130814,0.6535957455635071,0.43748340010643005,True
qb_018539,external_regulation,qb_018539__external_regulation,0.782762,0.6867696046829224,0.4691028594970703,True
qb_002565,policy_prescription,qb_002565__policy_prescription,0.64084846,0.661913275718689,0.43748635053634644,True
qb_002565,legality_constitutionality,qb_002565__legality_constitutionality,0.78894377,0.6870010495185852,0.4787569046020508,True
qb_002565,external_regulation,qb_002565__external_regulation,0.80448604,0.6861244440078735,0.4851183295249939,True
qb_002565,morality,qb_002565__morality,0.8407663,0.5719234347343445,0.4813527464866638,True
qb_002565,economic,qb_002565__economic,0.68987846,0.6792780160903931,0.4892306327819824,True
qb_002565,political,qb_002565__political,0.81283486,0.657647967338562,0.4693353772163391,True
qb_002565,cultural_identity,qb_002565__cultural_identity,0.8808827,0.6404460668563843,0.4296073317527771,True
qb_011356,political,qb_011356__political,0.7398986,0.7331234216690063,0.44184786081314087,True
qb_011356,policy_prescription,qb_011356__policy_prescription,0.81777596,0.7286084890365601,0.484564870595932,True
qb_011356,economic,qb_011356__economic,0.73908436,0.6694601774215698,0.4236503541469574,True
qb_019622,economic,qb_019622__economic,0.74849296,0.5540713667869568,0.42214781045913696,True
qb_019622,public_sentiment,qb_019622__public_sentiment,0.8641715,0.6322378516197205,0.4169066548347473,True
qb_010162,political,qb_010162__political,0.78935015,0.7478731870651245,0.48003754019737244,True
qb_010162,public_sentiment,qb_010162__public_sentiment,0.76588666,0.7648080587387085,0.44801902770996094,True
qb_006661,health_and_safety,qb_006661__health_and_safety,0.7866138,0.7139616012573242,0.4232701361179352,True
qb_006661,public_sentiment,qb_006661__public_sentiment,0.83168924,0.6239217519760132,0.42150917649269104,True
qb_006661,legality_constitutionality,qb_006661__legality_constitutionality,0.8138106,0.7397002577781677,0.4790172576904297,True
qb_005403,economic,qb_005403__economic,0.7860037,0.8673783540725708,0.4401772618293762,True
qb_005403,policy_prescription,qb_005403__policy_prescription,0.83214176,0.768733561038971,0.48425692319869995,True
qb_005403,political,qb_005403__political,0.82073015,0.6988810896873474,0.41374483704566956,True
qb_018027,policy_prescription,qb_018027__policy_prescription,0.851696,0.7556406259536743,0.439340740442276,True
qb_018027,capacity_and_resources,qb_018027__capacity_and_resources,0.8377332,0.6897068023681641,0.423245906829834,True
qb_018027,security_and_defense,qb_018027__security_and_defense,0.7300596,0.7235019207000732,0.4701007306575775,True
qb_018027,political,qb_018027__political,0.7090665,0.6932615637779236,0.46179431676864624,True
qb_018027,external_regulation,qb_018027__external_regulation,0.8021684,0.6865395307540894,0.4479396343231201,True
qb_006305,cultural_identity,qb_006305__cultural_identity,0.8229841,,0.4136013090610504,False
qb_016231,political,qb_016231__political,0.8724124,0.7758755683898926,0.47907161712646484,True
qb_016231,policy_prescription,qb_016231__policy_prescription,0.79966646,0.6999595761299133,0.4542761445045471,True
qb_016231,public_sentiment,qb_016231__public_sentiment,0.85633105,0.6723683476448059,0.4944268763065338,True
qb_016231,morality,qb_016231__morality,0.78056496,0.6682518124580383,0.4520854949951172,True
qb_017953,legality_constitutionality,qb_017953__legality_constitutionality,0.76948196,0.6724752187728882,0.45256224274635315,True
qb_017953,political,qb_017953__political,0.84238374,0.7531858682632446,0.46150851249694824,True
qb_017953,policy_prescription,qb_017953__policy_prescription,0.8284116,0.6421691179275513,0.4881225526332855,True
qb_017953,economic,qb_017953__economic,0.8242646,0.7717443704605103,0.49260982871055603,True
qb_017953,capacity_and_resources,qb_017953__capacity_and_resources,0.7078934,0.7275422811508179,0.4545266032218933,True
qb_020925,policy_prescription,qb_020925__policy_prescription,0.78671193,0.7795388698577881,0.49902933835983276,True
qb_020925,security_and_defense,qb_020925__security_and_defense,0.8723604,0.8499312400817871,0.4669869542121887,True
qb_020925,economic,qb_020925__economic,0.8213152,0.7650814056396484,0.44800299406051636,True
qb_020925,political,qb_020925__political,0.7540711,0.7905916571617126,0.4782341420650482,True
qb_018122,security_and_defense,qb_018122__security_and_defense,0.75414383,0.78544020652771,0.4431355893611908,True
qb_018122,public_sentiment,qb_018122__public_sentiment,0.87585384,0.6343779563903809,0.3841554522514343,True
qb_018122,political,qb_018122__political,0.8393068,0.7517601847648621,0.46622857451438904,True
qb_014415,political,qb_014415__political,0.80522573,0.7151726484298706,0.4578847885131836,True
qb_014415,economic,qb_014415__economic,0.71280414,0.6934810280799866,0.44768357276916504,True
qb_014415,public_sentiment,qb_014415__public_sentiment,0.79810053,0.7394769191741943,0.49482932686805725,True
qb_014415,policy_prescription,qb_014415__policy_prescription,0.83058643,0.8138790130615234,0.4919556677341461,True
qb_014415,quality_of_life,qb_014415__quality_of_life,0.88763106,0.7316406965255737,0.4556947648525238,True
qb_021702,political,qb_021702__political,0.7739265,0.5814404487609863,0.44561967253685,True
qb_021702,legality_constitutionality,qb_021702__legality_constitutionality,0.77491045,0.697334885597229,0.4621974527835846,True
qb_010547,public_sentiment,qb_010547__public_sentiment,0.7556276,0.7209517359733582,0.4468795657157898,True
qb_010547,political,qb_010547__political,0.757318,0.6118690371513367,0.4825090765953064,True
qb_007350,political,qb_007350__political,0.75194675,0.718487024307251,0.46546125411987305,True
qb_007350,external_regulation,qb_007350__external_regulation,0.8119906,0.6868515014648438,0.5213137865066528,True
qb_010754,legality_constitutionality,qb_010754__legality_constitutionality,0.864769,0.8667039275169373,0.498835951089859,True
qb_010754,external_regulation,qb_010754__external_regulation,0.86652195,0.7832417488098145,0.48488742113113403,True
qb_010754,crime_and_punishment,qb_010754__crime_and_punishment,0.83640605,0.7805354595184326,0.46277308464050293,True
qb_010754,security_and_defense,qb_010754__security_and_defense,0.8159777,0.7661805152893066,0.45759716629981995,True
qb_010754,political,qb_010754__political,0.7467543,0.7506508827209473,0.4925965368747711,True
qb_007703,economic,qb_007703__economic,0.7997745,0.6729303598403931,0.4513219892978668,True
qb_007703,capacity_and_resources,qb_007703__capacity_and_resources,0.78264666,0.7175227403640747,0.42089420557022095,True
qb_007703,quality_of_life,qb_007703__quality_of_life,0.8729675,0.7226649522781372,0.411533921957016,True
qb_001879,security_and_defense,qb_001879__security_and_defense,0.7707797,0.7860680818557739,0.4627489447593689,True
qb_001879,crime_and_punishment,qb_001879__crime_and_punishment,0.79763526,0.726679265499115,0.5382717847824097,True
qb_001879,political,qb_001879__political,0.88948214,0.7357208132743835,0.458731085062027,True
qb_001879,policy_prescription,qb_001879__policy_prescription,0.8087624,0.600644588470459,0.427884042263031,True
qb_001879,public_sentiment,qb_001879__public_sentiment,0.8475621,0.6907120943069458,0.44705742597579956,True
qb_001879,legality_constitutionality,qb_001879__legality_constitutionality,0.86696446,0.7267524003982544,0.47127407789230347,True
qb_013387,political,qb_013387__political,0.8692713,0.8276121616363525,0.4632489085197449,True
qb_013387,public_sentiment,qb_013387__public_sentiment,0.85933334,0.867268443107605,0.42802858352661133,True
qb_000481,political,qb_000481__political,0.7417866,0.5743920803070068,0.4905085563659668,True
qb_000481,policy_prescription,qb_000481__policy_prescription,0.75811994,0.6708012819290161,0.4337080419063568,True
qb_007868,health_and_safety,qb_007868__health_and_safety,0.72063345,0.7133023142814636,0.4347584843635559,True
qb_007868,economic,qb_007868__economic,0.8788625,0.7232012748718262,0.47952914237976074,True
qb_007868,public_sentiment,qb_007868__public_sentiment,0.87652445,0.7205751538276672,0.47370338439941406,True
qb_007868,political,qb_007868__political,0.86608964,0.692122757434845,0.5014182329177856,True
qb_007868,policy_prescription,qb_007868__policy_prescription,0.74197614,0.7203212380409241,0.4685213565826416,True
qb_007868,quality_of_life,qb_007868__quality_of_life,0.8278547,0.7141340970993042,0.41918882727622986,True
qb_007635,political,qb_007635__political,0.86400247,0.6882374286651611,0.4292232096195221,True
qb_007635,policy_prescription,qb_007635__policy_prescription,0.83237994,0.705859899520874,0.46954411268234253,True
qb_007635,security_and_defense,qb_007635__security_and_defense,0.73543835,0.7182868719100952,0.4909653663635254,True
qb_007325,economic,qb_007325__economic,0.7235118,0.64043128490448,0.4253522753715515,True
qb_007325,capacity_and_resources,qb_007325__capacity_and_resources,0.6837088,0.581538736820221,0.43530982732772827,True
qb_004454,legality_constitutionality,qb_004454__legality_constitutionality,0.6993216,0.6723344326019287,0.4556894302368164,True
qb_004454,security_and_defense,qb_004454__security_and_defense,0.73310363,0.6626847982406616,0.4751732349395752,True
qb_000001,crime_and_punishment,qb_000001__crime_and_punishment,0.898219,0.7842594981193542,0.45410338044166565,True
qb_000001,health_and_safety,qb_000001__health_and_safety,0.7870397,0.7414596080780029,0.44549503922462463,True
qb_000001,quality_of_life,qb_000001__quality_of_life,0.85722196,0.7709614634513855,0.43982037901878357,True
qb_000001,public_sentiment,qb_000001__public_sentiment,0.83923626,0.7522135376930237,0.3959296643733978,True
qb_010439,legality_constitutionality,qb_010439__legality_constitutionality,0.852427,0.7347170114517212,0.4759580194950104,True
qb_010439,economic,qb_010439__economic,0.84902793,0.7477580308914185,0.4303179681301117,True
qb_010439,political,qb_010439__political,0.8801768,0.7819035053253174,0.507636547088623,True
qb_002415,economic,qb_002415__economic,0.86410856,0.7642184495925903,0.4414195120334625,True
qb_002415,external_regulation,qb_002415__external_regulation,0.8771102,0.7643715143203735,0.49281400442123413,True
qb_002415,policy_prescription,qb_002415__policy_prescription,0.87889606,0.7868492007255554,0.4617219865322113,True
qb_002415,security_and_defense,qb_002415__security_and_defense,0.81367826,0.7569032311439514,0.4844342768192291,True
qb_002415,health_and_safety,qb_002415__health_and_safety,0.79063493,0.6940294504165649,0.4551841616630554,True
qb_004498,health_and_safety,qb_004498__health_and_safety,0.8489077,0.7048064470291138,0.4756058156490326,True
qb_004498,policy_prescription,qb_004498__policy_prescription,0.6960441,0.8288062810897827,0.5074895620346069,True
qb_010522,economic,qb_010522__economic,0.7352499,0.7810069918632507,0.4649452269077301,True
qb_010522,health_and_safety,qb_010522__health_and_safety,0.86464417,0.7033595442771912,0.44655361771583557,True
qb_010522,capacity_and_resources,qb_010522__capacity_and_resources,0.8826797,0.6742819547653198,0.41882428526878357,True
qb_019531,health_and_safety,qb_019531__health_and_safety,0.7447507,0.597878634929657,0.5025899410247803,True
qb_019531,political,qb_019531__political,0.7226927,0.7327154874801636,0.46549147367477417,True
qb_019531,public_sentiment,qb_019531__public_sentiment,0.73197985,0.6944708824157715,0.4402417242527008,True
qb_016253,political,qb_016253__political,0.87978804,0.6486583352088928,0.4572242200374603,True
qb_016253,capacity_and_resources,qb_016253__capacity_and_resources,0.8800861,0.5788431167602539,0.4327909052371979,True
qb_007892,legality_constitutionality,qb_007892__legality_constitutionality,0.7892173,0.7228540182113647,0.4769078195095062,True
qb_007892,political,qb_007892__political,0.64435685,0.7120713591575623,0.4507904648780823,True
qb_015699,security_and_defense,qb_015699__security_and_defense,0.8002217,0.7189836502075195,0.4944571554660797,True
qb_015699,external_regulation,qb_015699__external_regulation,0.74903226,0.6903883814811707,0.3873474597930908,True
qb_015699,legality_constitutionality,qb_015699__legality_constitutionality,0.75715935,0.6586251854896545,0.44848090410232544,True
qb_015699,capacity_and_resources,qb_015699__capacity_and_resources,0.72781616,0.7112587094306946,0.47755351662635803,True
qb_017459,security_and_defense,qb_017459__security_and_defense,0.6759412,0.6462910771369934,0.49062663316726685,True
qb_017459,policy_prescription,qb_017459__policy_prescription,0.7385229,0.6788214445114136,0.4294520318508148,True
qb_017459,external_regulation,qb_017459__external_regulation,0.78266114,0.6455775499343872,0.4858538508415222,True
qb_017459,political,qb_017459__political,0.7111191,0.6423242688179016,0.49067220091819763,True
qb_017459,economic,qb_017459__economic,0.7484858,0.6815469861030579,0.5156608819961548,True
qb_017459,capacity_and_resources,qb_017459__capacity_and_resources,0.7337202,0.6713293194770813,0.5166404247283936,True
qb_017459,public_sentiment,qb_017459__public_sentiment,0.7678664,0.6727192401885986,0.4791603088378906,True
qb_017459,morality,qb_017459__morality,0.8326267,0.6275397539138794,0.4364994466304779,True
qb_017119,legality_constitutionality,qb_017119__legality_constitutionality,0.8248649,0.7581819891929626,0.530105710029602,True
qb_017119,security_and_defense,qb_017119__security_and_defense,0.85219395,0.7676696181297302,0.5084502696990967,True
qb_009926,policy_prescription,qb_009926__policy_prescription,0.8496329,0.7315378785133362,0.4604939818382263,True
qb_009926,political,qb_009926__political,0.8728315,0.7204009890556335,0.4442119598388672,True
qb_009926,crime_and_punishment,qb_009926__crime_and_punishment,0.8962461,0.7118536829948425,0.47002115845680237,True
qb_009926,morality,qb_009926__morality,0.80766374,0.7084047198295593,0.49055057764053345,True
qb_021185,external_regulation,qb_021185__external_regulation,0.82075864,0.7618172764778137,0.43993639945983887,True
qb_021185,political,qb_021185__political,0.89008844,0.646977424621582,0.44549527764320374,True
qb_011481,political,qb_011481__political,0.6979298,0.5994508862495422,0.4650627672672272,True
qb_011481,public_sentiment,qb_011481__public_sentiment,0.79307985,0.6035506725311279,0.4392715096473694,True
qb_009654,security_and_defense,qb_009654__security_and_defense,0.76483506,0.6754737496376038,0.45724669098854065,True
qb_009654,political,qb_009654__political,0.7542441,0.6799920797348022,0.4743043780326843,True
qb_009654,policy_prescription,qb_009654__policy_prescription,0.7308156,0.6518834233283997,0.4644485116004944,True
qb_009654,capacity_and_resources,qb_009654__capacity_and_resources,0.84200627,0.710810124874115,0.4714873433113098,True
qb_009654,public_sentiment,qb_009654__public_sentiment,0.9142732,0.7078477740287781,0.46188268065452576,True
qb_009654,economic,qb_009654__economic,0.6846731,0.6540734171867371,0.40501341223716736,True
qb_009654,morality,qb_009654__morality,0.8788525,0.712260365486145,0.4991043210029602,True
qb_005533,fairness_and_equality,qb_005533__fairness_and_equality,0.857695,0.5965880155563354,0.39333564043045044,True
qb_005533,cultural_identity,qb_005533__cultural_identity,0.8247192,0.656928539276123,0.4093802571296692,True
qb_005533,morality,qb_005533__morality,0.87572914,0.7843420505523682,0.39862146973609924,True
qb_008006,legality_constitutionality,qb_008006__legality_constitutionality,0.7874087,0.5756865739822388,0.38910460472106934,True
qb_008006,morality,qb_008006__morality,0.7210667,0.6428382396697998,0.4531734883785248,True
qb_008006,health_and_safety,qb_008006__health_and_safety,0.77328014,0.6135908961296082,0.4384459853172302,True
qb_008006,economic,qb_008006__economic,0.7955141,0.685930073261261,0.410848468542099,True
qb_016839,legality_constitutionality,qb_016839__legality_constitutionality,0.77985626,0.5024072527885437,0.48040905594825745,True
qb_016839,political,qb_016839__political,0.8321111,0.548071026802063,0.4751577377319336,True
qb_016839,security_and_defense,qb_016839__security_and_defense,0.75223583,0.5142760276794434,0.46299704909324646,True
qb_016839,public_sentiment,qb_016839__public_sentiment,0.79016316,0.5653372406959534,0.4199838638305664,True
qb_016839,crime_and_punishment,qb_016839__crime_and_punishment,0.7852154,0.5453640222549438,0.44028910994529724,True
qb_006784,political,qb_006784__political,0.8049104,0.6856107711791992,0.43378132581710815,True
qb_006784,legality_constitutionality,qb_006784__legality_constitutionality,0.6893023,0.6389682292938232,0.5519892573356628,True
qb_006784,external_regulation,qb_006784__external_regulation,0.75858593,0.6872997283935547,0.534637987613678,True
qb_006784,morality,qb_006784__morality,0.8382509,0.6337683796882629,0.4954902231693268,True
qb_006784,crime_and_punishment,qb_006784__crime_and_punishment,0.74074566,0.6612680554389954,0.50334233045578,True
qb_002112,policy_prescription,qb_002112__policy_prescription,0.75585186,0.6881774067878723,0.45600199699401855,True
qb_002112,public_sentiment,qb_002112__public_sentiment,0.8962414,0.8609819412231445,0.4522264003753662,True
qb_002112,fairness_and_equality,qb_002112__fairness_and_equality,0.8793687,0.7912075519561768,0.4312674403190613,True
qb_002112,political,qb_002112__political,0.8430165,0.8131377696990967,0.4894857406616211,True
qb_012486,security_and_defense,qb_012486__security_and_defense,0.75170726,0.7191160321235657,0.43858498334884644,True
qb_012486,crime_and_punishment,qb_012486__crime_and_punishment,0.75279367,0.6897575855255127,0.46643775701522827,True
qb_012486,capacity_and_resources,qb_012486__capacity_and_resources,0.73687106,0.7060439586639404,0.4237578809261322,True
qb_012486,health_and_safety,qb_012486__health_and_safety,0.8392634,0.6845816373825073,0.4286273121833801,True
qb_012486,cultural_identity,qb_012486__cultural_identity,0.7193718,0.7020093202590942,0.4863160252571106,True
qb_007797,political,qb_007797__political,0.8164278,0.7560328245162964,0.42128777503967285,True
qb_007797,public_sentiment,qb_007797__public_sentiment,0.8610139,0.7532100677490234,0.4040256142616272,True
qb_012656,legality_constitutionality,qb_012656__legality_constitutionality,0.82647395,0.7632992267608643,0.47989344596862793,True
qb_012656,policy_prescription,qb_012656__policy_prescription,0.81961226,0.7148292064666748,0.4623989462852478,True
qb_021323,health_and_safety,qb_021323__health_and_safety,0.78305745,0.785969614982605,0.4473990797996521,True
qb_021323,capacity_and_resources,qb_021323__capacity_and_resources,0.7533543,0.7442060112953186,0.4546341896057129,True
qb_020709,policy_prescription,qb_020709__policy_prescription,0.72286916,0.7007825374603271,0.3981578052043915,True
qb_020709,economic,qb_020709__economic,0.73402196,0.7520511150360107,0.44216471910476685,True
qb_020709,public_sentiment,qb_020709__public_sentiment,0.80090487,0.673989474773407,0.43054264783859253,True
qb_020709,capacity_and_resources,qb_020709__capacity_and_resources,0.78264153,0.724764347076416,0.37507522106170654,True
qb_012431,political,qb_012431__political,0.83624864,0.7718896865844727,0.4506074786186218,True
qb_012431,fairness_and_equality,qb_012431__fairness_and_equality,0.7461988,0.742351233959198,0.5199966430664062,True
qb_012431,morality,qb_012431__morality,0.83869445,0.8203250765800476,0.4518187940120697,True
qb_012431,health_and_safety,qb_012431__health_and_safety,0.8018695,0.6873524188995361,0.4331642687320709,True
qb_007775,political,qb_007775__political,0.83673096,0.7413659691810608,0.5262508988380432,True
qb_007775,legality_constitutionality,qb_007775__legality_constitutionality,0.7447824,0.7184661030769348,0.4354773163795471,True
qb_007775,security_and_defense,qb_007775__security_and_defense,0.9038363,0.776843249797821,0.5125126838684082,True
qb_007775,economic,qb_007775__economic,0.7521282,0.6270576119422913,0.465247243642807,True
qb_016683,external_regulation,qb_016683__external_regulation,0.7781985,0.6919538378715515,0.44268837571144104,True
qb_016683,policy_prescription,qb_016683__policy_prescription,0.865106,0.7434175610542297,0.5498719811439514,True
qb_016683,economic,qb_016683__economic,0.80906916,0.70903080701828,0.45402511954307556,True
qb_016683,political,qb_016683__political,0.86873114,0.6606619358062744,0.47448453307151794,True
qb_015220,political,qb_015220__political,0.8120105,0.7465742230415344,0.43887796998023987,True
qb_015220,economic,qb_015220__economic,0.79376847,0.7889044880867004,0.4677078127861023,True
qb_015220,capacity_and_resources,qb_015220__capacity_and_resources,0.81349427,0.7458797097206116,0.44284719228744507,True
qb_009059,political,qb_009059__political,0.70768774,0.5885738730430603,0.45837754011154175,True
qb_009059,legality_constitutionality,qb_009059__legality_constitutionality,0.8241781,0.6944324970245361,0.40658172965049744,True
qb_009059,public_sentiment,qb_009059__public_sentiment,0.8210869,0.6905571222305298,0.4695815443992615,True
qb_001732,political,qb_001732__political,0.79118633,0.5425868034362793,0.44460806250572205,True
qb_001732,legality_constitutionality,qb_001732__legality_constitutionality,0.7178875,0.5942792892456055,0.48838678002357483,True
qb_019712,economic,qb_019712__economic,0.8378402,0.7917352318763733,0.3740553855895996,True
qb_019712,quality_of_life,qb_019712__quality_of_life,0.84294343,0.8209561109542847,0.4260427951812744,True
qb_007375,political,qb_007375__political,0.8057492,0.6277775764465332,0.47606295347213745,True
qb_007375,policy_prescription,qb_007375__policy_prescription,0.76669836,0.6175194978713989,0.4925874173641205,True
qb_007375,capacity_and_resources,qb_007375__capacity_and_resources,0.71963143,0.6969764232635498,0.46269840002059937,True
qb_007375,economic,qb_007375__economic,0.7680261,0.672305703163147,0.4494563937187195,True
qb_007375,health_and_safety,qb_007375__health_and_safety,0.7447171,0.6612043380737305,0.4552208483219147,True
qb_007375,public_sentiment,qb_007375__public_sentiment,0.8064593,0.5936833620071411,0.4984132647514343,True
qb_017925,economic,qb_017925__economic,0.8209357,,0.4513806402683258,False
qb_019135,legality_constitutionality,qb_019135__legality_constitutionality,0.7616069,0.6676192283630371,0.4928814768791199,True
qb_019135,political,qb_019135__political,0.77228355,0.6413580775260925,0.4782732427120209,True
qb_019135,crime_and_punishment,qb_019135__crime_and_punishment,0.78312933,0.632552981376648,0.4370638430118561,True
qb_019135,public_sentiment,qb_019135__public_sentiment,0.7660411,0.5881271362304688,0.5130519866943359,True
qb_019135,capacity_and_resources,qb_019135__capacity_and_resources,0.8046427,0.6354047656059265,0.47353601455688477,True
qb_006708,political,qb_006708__political,0.8071846,0.7364521026611328,0.46608224511146545,True
qb_006708,legality_constitutionality,qb_006708__legality_constitutionality,0.7631523,0.8292964696884155,0.47728800773620605,True
qb_006708,policy_prescription,qb_006708__policy_prescription,0.8323111,0.7729381322860718,0.48448190093040466,True
qb_010718,health_and_safety,qb_010718__health_and_safety,0.77806765,0.6997780799865723,0.40920743346214294,True
qb_010718,capacity_and_resources,qb_010718__capacity_and_resources,0.823745,0.7327781319618225,0.4418756365776062,True
qb_010718,quality_of_life,qb_010718__quality_of_life,0.6792723,0.6124622821807861,0.38227981328964233,True
qb_010718,public_sentiment,qb_010718__public_sentiment,0.7977449,0.6116032600402832,0.4743625223636627,True
qb_009552,morality,qb_009552__morality,0.8911991,0.7061296701431274,0.49502959847450256,True
qb_009552,legality_constitutionality,qb_009552__legality_constitutionality,0.71810913,0.6665109992027283,0.4541548192501068,True
qb_009552,economic,qb_009552__economic,0.7268337,0.6093045473098755,0.449554443359375,True
qb_009552,public_sentiment,qb_009552__public_sentiment,0.7612946,0.6759837865829468,0.5341922044754028,True
qb_009552,quality_of_life,qb_009552__quality_of_life,0.8015201,0.6657043099403381,0.4816215932369232,True
qb_014370,legality_constitutionality,qb_014370__legality_constitutionality,0.8480399,0.657822847366333,0.4855191707611084,True
qb_014370,political,qb_014370__political,0.7040643,0.6216109991073608,0.5199588537216187,True
qb_001867,political,qb_001867__political,0.8664623,0.7452577352523804,0.46700319647789,True
qb_001867,crime_and_punishment,qb_001867__crime_and_punishment,0.8020582,0.7693327069282532,0.4718545079231262,True
qb_001867,cultural_identity,qb_001867__cultural_identity,0.81521,0.7243475914001465,0.4419911801815033,True
qb_001867,public_sentiment,qb_001867__public_sentiment,0.897756,0.7846298217773438,0.4715147912502289,True
qb_001867,security_and_defense,qb_001867__security_and_defense,0.8281516,0.7680162191390991,0.4986584186553955,True
qb_001867,fairness_and_equality,qb_001867__fairness_and_equality,0.9086605,0.7011246681213379,0.4671751856803894,True
qb_011216,political,qb_011216__political,0.74910706,0.7056045532226562,0.49089017510414124,True
qb_011216,public_sentiment,qb_011216__public_sentiment,0.859005,0.7077627778053284,0.406208336353302,True
qb_011216,legality_constitutionality,qb_011216__legality_constitutionality,0.7590362,0.5860490202903748,0.4520883560180664,True
qb_011216,external_regulation,qb_011216__external_regulation,0.78627324,0.6581695079803467,0.5169837474822998,True
qb_011216,capacity_and_resources,qb_011216__capacity_and_resources,0.8161469,0.694248616695404,0.508664608001709,True
qb_003665,security_and_defense,qb_003665__security_and_defense,0.8881089,0.7854213118553162,0.46540045738220215,True
qb_003665,political,qb_003665__political,0.74722385,0.66588294506073,0.4731315076351166,True
qb_003665,capacity_and_resources,qb_003665__capacity_and_resources,0.79170495,0.729702353477478,0.4723834991455078,True
qb_003665,health_and_safety,qb_003665__health_and_safety,0.77071023,0.6656731963157654,0.46728625893592834,True
qb_003665,public_sentiment,qb_003665__public_sentiment,0.7891484,0.7606993317604065,0.4939073920249939,True
qb_003665,policy_prescription,qb_003665__policy_prescription,0.82201713,0.7362208366394043,0.47845467925071716,True
qb_011848,security_and_defense,qb_011848__security_and_defense,0.72424126,0.7098290920257568,0.47350946068763733,True
qb_011848,political,qb_011848__political,0.84064305,0.7228860259056091,0.47519272565841675,True
qb_011848,policy_prescription,qb_011848__policy_prescription,0.7863476,0.6721081733703613,0.43239134550094604,True
qb_011848,public_sentiment,qb_011848__public_sentiment,0.81859726,0.7093737721443176,0.4839704632759094,True
qb_011848,cultural_identity,qb_011848__cultural_identity,0.8438753,0.6983097791671753,0.4306717813014984,True
qb_004676,political,qb_004676__political,0.8488892,0.6881843209266663,0.4828060269355774,True
qb_004676,cultural_identity,qb_004676__cultural_identity,0.8639904,0.696431040763855,0.4310835003852844,True
qb_004676,policy_prescription,qb_004676__policy_prescription,0.85464954,0.5625125169754028,0.48892244696617126,True
qb_004676,capacity_and_resources,qb_004676__capacity_and_resources,0.85821605,0.6406120657920837,0.4715011715888977,True
qb_004676,morality,qb_004676__morality,0.8752453,0.6353863477706909,0.45422273874282837,True
qb_004676,public_sentiment,qb_004676__public_sentiment,0.8039664,0.7001340985298157,0.457025945186615,True
qb_016483,health_and_safety,qb_016483__health_and_safety,0.7951082,0.6778279542922974,0.45683297514915466,True
qb_016483,capacity_and_resources,qb_016483__capacity_and_resources,0.76349616,0.638332724571228,0.4377899765968323,True
qb_016483,public_sentiment,qb_016483__public_sentiment,0.83377385,0.715017557144165,0.5429913401603699,True
qb_007716,security_and_defense,qb_007716__security_and_defense,0.7958653,0.6376481056213379,0.4316694140434265,True
qb_007716,external_regulation,qb_007716__external_regulation,0.6750605,0.5400238633155823,0.4202824532985687,True
qb_020024,security_and_defense,qb_020024__security_and_defense,0.77283764,0.7873494625091553,0.4365626275539398,True
qb_020024,external_regulation,qb_020024__external_regulation,0.76111096,0.7340264320373535,0.42258986830711365,True
qb_020024,policy_prescription,qb_020024__policy_prescription,0.83048105,0.7714528441429138,0.48456722497940063,True
qb_020717,political,qb_020717__political,0.7679191,0.7122988700866699,0.45041412115097046,True
qb_020717,public_sentiment,qb_020717__public_sentiment,0.85338116,0.6682058572769165,0.4798608720302582,True
qb_012238,crime_and_punishment,qb_012238__crime_and_punishment,0.8509864,0.6759072542190552,0.4859911799430847,True
qb_012238,legality_constitutionality,qb_012238__legality_constitutionality,0.74212766,0.771979570388794,0.4772351384162903,True
qb_012238,political,qb_012238__political,0.79390347,0.7219576239585876,0.515440821647644,True
qb_003747,legality_constitutionality,qb_003747__legality_constitutionality,0.78765845,0.5816010236740112,0.41346994042396545,True
qb_003747,crime_and_punishment,qb_003747__crime_and_punishment,0.7830751,0.6292200684547424,0.4784078598022461,True
qb_003747,economic,qb_003747__economic,0.7309922,0.5952816009521484,0.4318044185638428,True
qb_003747,fairness_and_equality,qb_003747__fairness_and_equality,0.920708,0.6253241300582886,0.4252682626247406,True
qb_003747,political,qb_003747__political,0.7281575,0.5706180930137634,0.48888272047042847,True
qb_007314,political,qb_007314__political,0.7605443,0.5688547492027283,0.47217708826065063,True
qb_007314,public_sentiment,qb_007314__public_sentiment,0.7841141,0.6242827773094177,0.427825927734375,True
qb_007314,security_and_defense,qb_007314__security_and_defense,0.76463187,0.6306815147399902,0.47120779752731323,True
qb_007314,policy_prescription,qb_007314__policy_prescription,0.7197334,0.577916145324707,0.4401824474334717,True
qb_017430,health_and_safety,qb_017430__health_and_safety,0.7599998,0.6004323959350586,0.4779995083808899,True
qb_017430,political,qb_017430__political,0.7612352,0.7524677515029907,0.49078965187072754,True
qb_017430,public_sentiment,qb_017430__public_sentiment,0.81275517,0.7453097105026245,0.46028637886047363,True
qb_012930,public_sentiment,qb_012930__public_sentiment,0.8912307,0.7674363255500793,0.3963800072669983,True
qb_012930,quality_of_life,qb_012930__quality_of_life,0.8637899,0.7399024963378906,0.434558242559433,True
qb_012930,economic,qb_012930__economic,0.7298614,0.8107810616493225,0.44095295667648315,True
qb_012930,legality_constitutionality,qb_012930__legality_constitutionality,0.75607306,0.573345959186554,0.4406874179840088,True
qb_000433,political,qb_000433__political,0.7714391,0.7706066370010376,0.48477301001548767,True
qb_000433,morality,qb_000433__morality,0.87517595,0.7135452032089233,0.432666152715683,True
qb_000433,public_sentiment,qb_000433__public_sentiment,0.7917223,0.7164750695228577,0.522934079170227,True
qb_015881,security_and_defense,qb_015881__security_and_defense,0.85388064,0.746201753616333,0.4477134346961975,True
qb_015881,public_sentiment,qb_015881__public_sentiment,0.8075657,0.6364901661872864,0.43703120946884155,True
qb_015881,political,qb_015881__political,0.69296044,0.6978899836540222,0.44967013597488403,True
qb_015881,crime_and_punishment,qb_015881__crime_and_punishment,0.86404604,0.6498240232467651,0.4431760907173157,True
qb_015881,legality_constitutionality,qb_015881__legality_constitutionality,0.7210952,0.6769570112228394,0.4024690091609955,True
qb_003060,health_and_safety,qb_003060__health_and_safety,0.80774486,0.6036680340766907,0.4255625605583191,True
qb_003060,policy_prescription,qb_003060__policy_prescription,0.7614602,0.6882144808769226,0.5207782983779907,True
qb_003060,political,qb_003060__political,0.7815634,0.6202139258384705,0.48785361647605896,True
qb_003060,economic,qb_003060__economic,0.66641307,0.6725372672080994,0.47016555070877075,True
qb_001815,legality_constitutionality,qb_001815__legality_constitutionality,0.77703136,0.7201352119445801,0.38916492462158203,True
qb_001815,political,qb_001815__political,0.827739,0.8042199611663818,0.4700050354003906,True
qb_001815,economic,qb_001815__economic,0.8261819,0.6560309529304504,0.46404996514320374,True
qb_003153,security_and_defense,qb_003153__security_and_defense,0.77562684,0.7869184017181396,0.447579562664032,True
qb_003153,capacity_and_resources,qb_003153__capacity_and_resources,0.8323097,0.8013260364532471,0.42272430658340454,True
qb_011654,health_and_safety,qb_011654__health_and_safety,0.8037558,0.679350733757019,0.4990610182285309,True
qb_011654,capacity_and_resources,qb_011654__capacity_and_resources,0.84849524,0.7309067249298096,0.44274193048477173,True
qb_011654,policy_prescription,qb_011654__policy_prescription,0.7556537,0.8124635219573975,0.45341259241104126,True
qb_011515,political,qb_011515__political,0.77911675,0.6782690286636353,0.5258077383041382,True
qb_011515,external_regulation,qb_011515__external_regulation,0.73580873,0.6869239211082458,0.43671807646751404,True
qb_011515,security_and_defense,qb_011515__security_and_defense,0.77269936,0.670590341091156,0.47234758734703064,True
qb_011515,capacity_and_resources,qb_011515__capacity_and_resources,0.82575333,0.6345952153205872,0.4906335473060608,True
qb_011515,policy_prescription,qb_011515__policy_prescription,0.7831187,0.6221864819526672,0.44562554359436035,True
qb_011515,morality,qb_011515__morality,0.811121,0.6915398836135864,0.49723944067955017,True
qb_011515,public_sentiment,qb_011515__public_sentiment,0.6579981,0.6571237444877625,0.45949405431747437,True
qb_007312,political,qb_007312__political,0.85541105,0.7041653990745544,0.4200299382209778,True
qb_007312,morality,qb_007312__morality,0.78490764,0.6386262774467468,0.47562098503112793,True
qb_007312,public_sentiment,qb_007312__public_sentiment,0.82530075,0.6715645790100098,0.45256519317626953,True
qb_020582,crime_and_punishment,qb_020582__crime_and_punishment,0.71086115,0.6522899270057678,0.4594356417655945,True
qb_020582,public_sentiment,qb_020582__public_sentiment,0.89529663,0.7006707191467285,0.4475681781768799,True
qb_020582,legality_constitutionality,qb_020582__legality_constitutionality,0.77828187,0.6230968236923218,0.45572298765182495,True
qb_020582,fairness_and_equality,qb_020582__fairness_and_equality,0.73832566,0.6456550359725952,0.4728492796421051,True
qb_020582,political,qb_020582__political,0.6782275,0.5763657093048096,0.47946786880493164,True
qb_020582,security_and_defense,qb_020582__security_and_defense,0.82499135,0.6582328081130981,0.46884408593177795,True
qb_000405,security_and_defense,qb_000405__security_and_defense,0.84543324,0.7782450318336487,0.4573117196559906,True
qb_000405,political,qb_000405__political,0.7905164,0.6458154320716858,0.4490973949432373,True
qb_000405,policy_prescription,qb_000405__policy_prescription,0.8485112,0.7344884276390076,0.4771483838558197,True
qb_000405,capacity_and_resources,qb_000405__capacity_and_resources,0.7661866,0.7194140553474426,0.4619467258453369,True
qb_006969,health_and_safety,qb_006969__health_and_safety,0.7298846,0.5862764716148376,0.47873109579086304,True
qb_006969,political,qb_006969__political,0.7578257,0.6639088988304138,0.46779194474220276,True
qb_006969,public_sentiment,qb_006969__public_sentiment,0.8239319,0.6493929624557495,0.4760500490665436,True
qb_006969,policy_prescription,qb_006969__policy_prescription,0.7548724,0.6141415238380432,0.46443700790405273,True
qb_006969,economic,qb_006969__economic,0.73914856,0.6501595377922058,0.43674078583717346,True
qb_019540,legality_constitutionality,qb_019540__legality_constitutionality,0.8111837,0.690780520439148,0.42488059401512146,True
qb_019540,crime_and_punishment,qb_019540__crime_and_punishment,0.81001955,0.7429994344711304,0.4515201449394226,True
qb_019540,political,qb_019540__political,0.7861122,0.6905777454376221,0.45687341690063477,True
qb_016798,economic,qb_016798__economic,0.7696809,0.7587633728981018,0.3791210949420929,True
qb_016798,public_sentiment,qb_016798__public_sentiment,0.84512526,0.6558919548988342,0.5037946701049805,True
qb_010138,legality_constitutionality,qb_010138__legality_constitutionality,0.8502631,0.7188438177108765,0.43516749143600464,True
qb_010138,economic,qb_010138__economic,0.8312906,0.7077114582061768,0.42231711745262146,True
qb_010138,morality,qb_010138__morality,0.79236495,0.6260462403297424,0.43719083070755005,True
qb_010138,public_sentiment,qb_010138__public_sentiment,0.81673515,0.6514542102813721,0.4633018970489502,True
qb_010138,quality_of_life,qb_010138__quality_of_life,0.7819289,0.6519759893417358,0.433127224445343,True
qb_007387,security_and_defense,qb_007387__security_and_defense,0.8224088,0.6646554470062256,0.441687673330307,True
qb_007387,political,qb_007387__political,0.723092,0.6002944111824036,0.4356871247291565,True
qb_007387,capacity_and_resources,qb_007387__capacity_and_resources,0.6505227,0.6327676177024841,0.39847853779792786,True
qb_007387,policy_prescription,qb_007387__policy_prescription,0.8046867,0.7077798843383789,0.46682262420654297,True
qb_007387,morality,qb_007387__morality,0.8716425,0.6270947456359863,0.43527889251708984,True
qb_009379,economic,qb_009379__economic,0.73691785,0.656887412071228,0.4628521800041199,True
qb_009379,political,qb_009379__political,0.81885016,0.6040317416191101,0.49824896454811096,True
qb_009379,capacity_and_resources,qb_009379__capacity_and_resources,0.7927688,0.6484390497207642,0.4508468210697174,True
qb_011176,legality_constitutionality,qb_011176__legality_constitutionality,0.81586254,0.6557495594024658,0.4872879087924957,True
qb_011176,policy_prescription,qb_011176__policy_prescription,0.8329128,0.6713876724243164,0.5032724142074585,True
qb_011176,security_and_defense,qb_011176__security_and_defense,0.84812903,0.7827057242393494,0.482625812292099,True
qb_011176,public_sentiment,qb_011176__public_sentiment,0.81659865,0.678435742855072,0.47375860810279846,True
qb_002787,political,qb_002787__political,0.7666322,0.7128060460090637,0.4822973608970642,True
qb_002787,policy_prescription,qb_002787__policy_prescription,0.7691588,0.7313694357872009,0.45805543661117554,True
qb_002787,security_and_defense,qb_002787__security_and_defense,0.80187726,0.7220568656921387,0.4504760205745697,True
qb_002787,external_regulation,qb_002787__external_regulation,0.77264494,0.6953207850456238,0.433174192905426,True
qb_000273,health_and_safety,qb_000273__health_and_safety,0.66329414,,0.39074259996414185,False
qb_014860,security_and_defense,qb_014860__security_and_defense,0.72203857,0.6946603655815125,0.4993721842765808,True
qb_014860,external_regulation,qb_014860__external_regulation,0.7358786,0.7239977717399597,0.42191535234451294,True
qb_014860,policy_prescription,qb_014860__policy_prescription,0.8447503,0.7069098949432373,0.40699106454849243,True
qb_014860,political,qb_014860__political,0.73461485,0.7100784778594971,0.4455484449863434,True
qb_006574,legality_constitutionality,qb_006574__legality_constitutionality,0.66211975,0.6067162752151489,0.5111646056175232,True
qb_006574,crime_and_punishment,qb_006574__crime_and_punishment,0.81054175,0.6659336090087891,0.495091050863266,True
qb_006574,political,qb_006574__political,0.826315,0.7127981185913086,0.4452914297580719,True
qb_006574,security_and_defense,qb_006574__security_and_defense,0.8007369,0.7283264398574829,0.5061948895454407,True
qb_006574,public_sentiment,qb_006574__public_sentiment,0.8632089,0.7258936166763306,0.5089112520217896,True
qb_013758,legality_constitutionality,qb_013758__legality_constitutionality,0.7426708,0.6657149791717529,0.4873168468475342,True
qb_013758,political,qb_013758__political,0.8501401,0.716537356376648,0.4684688448905945,True
qb_013758,crime_and_punishment,qb_013758__crime_and_punishment,0.81146336,0.7691711187362671,0.4774550795555115,True
qb_014665,legality_constitutionality,qb_014665__legality_constitutionality,0.8166556,0.704005241394043,0.43274134397506714,True
qb_014665,health_and_safety,qb_014665__health_and_safety,0.7888973,0.7026713490486145,0.3905176520347595,True
qb_000799,security_and_defense,qb_000799__security_and_defense,0.7116081,0.6717084646224976,0.5092111825942993,True
qb_000799,political,qb_000799__political,0.72094154,0.7286049127578735,0.5064647197723389,True
qb_000799,external_regulation,qb_000799__external_regulation,0.82831067,0.7617896795272827,0.4504563808441162,True
qb_000799,capacity_and_resources,qb_000799__capacity_and_resources,0.73315644,0.6697709560394287,0.47790640592575073,True
qb_000799,policy_prescription,qb_000799__policy_prescription,0.8047607,0.7368188500404358,0.47711309790611267,True
qb_000799,crime_and_punishment,qb_000799__crime_and_punishment,0.73902315,0.6812941431999207,0.43966007232666016,True
qb_014657,political,qb_014657__political,0.8961129,0.7684955596923828,0.4504152238368988,True
qb_014657,public_sentiment,qb_014657__public_sentiment,0.87302244,0.7338152527809143,0.484318345785141,True
qb_014283,crime_and_punishment,qb_014283__crime_and_punishment,0.6350542,0.5792252421379089,0.4414767622947693,True
qb_014283,legality_constitutionality,qb_014283__legality_constitutionality,0.7819652,0.6518710851669312,0.41902709007263184,True
qb_014283,public_sentiment,qb_014283__public_sentiment,0.80366486,0.6325488090515137,0.47195562720298767,True
qb_014283,morality,qb_014283__morality,0.81584895,0.623166561126709,0.3882436454296112,True
qb_000880,health_and_safety,qb_000880__health_and_safety,0.8220211,0.7437832951545715,0.4587736129760742,True
qb_000880,policy_prescription,qb_000880__policy_prescription,0.83764774,0.7562763094902039,0.4333699345588684,True
qb_000880,capacity_and_resources,qb_000880__capacity_and_resources,0.84027785,0.7962417602539062,0.4243370592594147,True
qb_000880,economic,qb_000880__economic,0.85877883,0.7822800874710083,0.4692176878452301,True
qb_000880,quality_of_life,qb_000880__quality_of_life,0.8375392,0.7914270162582397,0.5472344160079956,True
qb_000880,political,qb_000880__political,0.8916098,0.7769973278045654,0.5336045026779175,True
qb_000880,security_and_defense,qb_000880__security_and_defense,0.8221376,0.7792825698852539,0.45245417952537537,True
qb_000880,cultural_identity,qb_000880__cultural_identity,0.90957856,0.7288745045661926,0.5138787627220154,True
qb_021024,external_regulation,qb_021024__external_regulation,0.8979871,0.7641645669937134,0.43528231978416443,True
qb_021024,political,qb_021024__political,0.8487574,0.68646240234375,0.4348994791507721,True
qb_013479,cultural_identity,qb_013479__cultural_identity,0.8075268,0.6375720500946045,0.42371195554733276,True
qb_013479,public_sentiment,qb_013479__public_sentiment,0.8555341,0.7420798540115356,0.45138007402420044,True
qb_013479,fairness_and_equality,qb_013479__fairness_and_equality,0.7850343,0.7019092440605164,0.41802555322647095,True
qb_013479,crime_and_punishment,qb_013479__crime_and_punishment,0.7995454,0.7339664697647095,0.4749726355075836,True
qb_013479,security_and_defense,qb_013479__security_and_defense,0.76947963,0.7093747854232788,0.46669310331344604,True
qb_021006,crime_and_punishment,qb_021006__crime_and_punishment,0.7434863,0.6217836141586304,0.41574040055274963,True
qb_021006,legality_constitutionality,qb_021006__legality_constitutionality,0.8309649,0.6475244760513306,0.39876478910446167,True
qb_021006,security_and_defense,qb_021006__security_and_defense,0.800849,0.631972074508667,0.4543790817260742,True
qb_016572,political,qb_016572__political,0.76084435,0.6914918422698975,0.46350088715553284,True
qb_016572,policy_prescription,qb_016572__policy_prescription,0.75899744,0.6538562178611755,0.4715501368045807,True
qb_016572,morality,qb_016572__morality,0.7973614,0.6354547739028931,0.4760422110557556,True
qb_006350,economic,qb_006350__economic,0.8479171,0.7884426116943359,0.45635348558425903,True
qb_006350,quality_of_life,qb_006350__quality_of_life,0.8791877,0.780217170715332,0.4892050623893738,True
qb_003967,legality_constitutionality,qb_003967__legality_constitutionality,0.851287,0.728175938129425,0.4482755661010742,True
qb_003967,economic,qb_003967__economic,0.75942695,0.7661333680152893,0.4303213059902191,True
qb_003967,cultural_identity,qb_003967__cultural_identity,0.85308486,0.7085981369018555,0.3760603666305542,True
qb_003967,public_sentiment,qb_003967__public_sentiment,0.88427997,0.6968690752983093,0.4588465690612793,True
qb_021019,economic,qb_021019__economic,0.7515836,,0.41957125067710876,False
qb_012001,policy_prescription,qb_012001__policy_prescription,0.7985319,0.740239143371582,0.4343002438545227,True
qb_012001,legality_constitutionality,qb_012001__legality_constitutionality,0.7610055,0.6963147521018982,0.4650498330593109,True
qb_012001,political,qb_012001__political,0.75282997,0.7094675898551941,0.4888334274291992,True
qb_012001,security_and_defense,qb_012001__security_and_defense,0.8361442,0.6827995777130127,0.44844740629196167,True
qb_021366,political,qb_021366__political,0.8654536,0.7258992195129395,0.49673137068748474,True
qb_021366,policy_prescription,qb_021366__policy_prescription,0.7175567,0.6741499900817871,0.41435354948043823,True
qb_021366,public_sentiment,qb_021366__public_sentiment,0.8405941,0.6960070729255676,0.4884282946586609,True
qb_021366,health_and_safety,qb_021366__health_and_safety,0.79951435,0.6752805113792419,0.4715680181980133,True
qb_007404,economic,qb_007404__economic,0.7402279,0.6305707097053528,0.39868107438087463,True
qb_007404,political,qb_007404__political,0.76698077,0.6816847324371338,0.48689237236976624,True
qb_007404,capacity_and_resources,qb_007404__capacity_and_resources,0.7643684,0.6565090417861938,0.40272846817970276,True
qb_007404,public_sentiment,qb_007404__public_sentiment,0.82265174,0.6566375494003296,0.475128173828125,True
qb_007404,policy_prescription,qb_007404__policy_prescription,0.7290408,0.666247546672821,0.45462003350257874,True
qb_007404,morality,qb_007404__morality,0.76780176,0.63245689868927,0.48366403579711914,True
qb_005623,legality_constitutionality,qb_005623__legality_constitutionality,0.8090861,0.8695216178894043,0.5090988278388977,True
qb_005623,political,qb_005623__political,0.8487691,0.665314793586731,0.5144380331039429,True
qb_009740,legality_constitutionality,qb_009740__legality_constitutionality,0.87283564,0.6534739136695862,0.46049055457115173,True
qb_009740,political,qb_009740__political,0.89772475,0.8578698039054871,0.4814470708370209,True
qb_009740,crime_and_punishment,qb_009740__crime_and_punishment,0.8698898,0.7192477583885193,0.4621652066707611,True
qb_009740,security_and_defense,qb_009740__security_and_defense,0.8783076,0.7627896666526794,0.511408269405365,True
qb_009829,political,qb_009829__political,0.9008554,0.8046562075614929,0.468874990940094,True
qb_009829,public_sentiment,qb_009829__public_sentiment,0.81072944,0.7610896825790405,0.4564446806907654,True
qb_009829,policy_prescription,qb_009829__policy_prescription,0.86530656,0.8057370185852051,0.5079678297042847,True
qb_009829,capacity_and_resources,qb_009829__capacity_and_resources,0.8955712,0.788256049156189,0.44691261649131775,True
qb_009829,security_and_defense,qb_009829__security_and_defense,0.9278605,0.7927772998809814,0.49433284997940063,True
qb_007231,legality_constitutionality,qb_007231__legality_constitutionality,0.7218496,0.6712615489959717,0.43671149015426636,True
qb_007231,policy_prescription,qb_007231__policy_prescription,0.84157354,0.7336242198944092,0.4836474061012268,True
qb_007231,political,qb_007231__political,0.72800577,0.6485294103622437,0.5053521394729614,True
qb_017878,public_sentiment,qb_017878__public_sentiment,0.7716382,0.8956090807914734,0.47822055220603943,True
qb_017878,political,qb_017878__political,0.82058585,0.669407308101654,0.4855669140815735,True
qb_003103,political,qb_003103__political,0.79135156,0.7518323659896851,0.5750252604484558,True
qb_003103,external_regulation,qb_003103__external_regulation,0.7499574,0.7781373262405396,0.5463454723358154,True
qb_003103,security_and_defense,qb_003103__security_and_defense,0.8556,0.7839957475662231,0.5049973130226135,True
qb_012021,health_and_safety,qb_012021__health_and_safety,0.8012741,0.7865167856216431,0.4144950807094574,True
qb_012021,fairness_and_equality,qb_012021__fairness_and_equality,0.9037788,0.7965129017829895,0.4801110625267029,True
qb_012021,external_regulation,qb_012021__external_regulation,0.84709823,0.8367664217948914,0.46167629957199097,True
qb_012021,capacity_and_resources,qb_012021__capacity_and_resources,0.79382145,0.7713654041290283,0.4466647207736969,True
qb_012021,public_sentiment,qb_012021__public_sentiment,0.8292775,0.7203952670097351,0.4736414849758148,True
qb_015491,health_and_safety,qb_015491__health_and_safety,0.8218773,0.7526496052742004,0.4702485501766205,True
qb_015491,capacity_and_resources,qb_015491__capacity_and_resources,0.76048034,0.6548566222190857,0.416645348072052,True
qb_015491,policy_prescription,qb_015491__policy_prescription,0.7916099,0.7790310382843018,0.4292878210544586,True
qb_015491,quality_of_life,qb_015491__quality_of_life,0.75875616,0.718615710735321,0.4406309723854065,True
qb_010739,legality_constitutionality,qb_010739__legality_constitutionality,0.7947623,0.6886557936668396,0.4521995484828949,True
qb_010739,policy_prescription,qb_010739__policy_prescription,0.7905965,0.6991270184516907,0.46714720129966736,True
qb_010739,crime_and_punishment,qb_010739__crime_and_punishment,0.584257,0.7756316661834717,0.51027512550354,True
qb_010739,political,qb_010739__political,0.77070546,0.6694443821907043,0.48594531416893005,True
qb_009402,external_regulation,qb_009402__external_regulation,0.7036179,0.6644757390022278,0.4853125214576721,True
qb_009402,political,qb_009402__political,0.8282958,0.5756317377090454,0.4856501519680023,True
qb_001857,health_and_safety,qb_001857__health_and_safety,0.8201281,0.7827119827270508,0.4332246780395508,True
qb_001857,capacity_and_resources,qb_001857__capacity_and_resources,0.8565961,0.8144466876983643,0.4468415379524231,True
qb_001857,security_and_defense,qb_001857__security_and_defense,0.8572532,0.8091321587562561,0.40797048807144165,True
qb_011139,legality_constitutionality,qb_011139__legality_constitutionality,0.78729224,0.7042213678359985,0.4469027519226074,True
qb_011139,political,qb_011139__political,0.7562065,0.6502562165260315,0.4798469543457031,True
qb_011139,public_sentiment,qb_011139__public_sentiment,0.72535247,0.6917636394500732,0.48936691880226135,True
qb_001997,policy_prescription,qb_001997__policy_prescription,0.779957,0.7547780871391296,0.4425817131996155,True
qb_001997,political,qb_001997__political,0.82557046,0.6714866757392883,0.4835757613182068,True
qb_001997,economic,qb_001997__economic,0.82229775,0.6883465647697449,0.4607432782649994,True
qb_001997,health_and_safety,qb_001997__health_and_safety,0.8187797,0.7089623808860779,0.45366501808166504,True
qb_017682,security_and_defense,qb_017682__security_and_defense,0.8092334,0.7172082662582397,0.4612259864807129,True
qb_017682,external_regulation,qb_017682__external_regulation,0.80436814,0.6691358089447021,0.4699775278568268,True
qb_017682,political,qb_017682__political,0.8482878,0.634246826171875,0.4943728446960449,True
qb_017682,capacity_and_resources,qb_017682__capacity_and_resources,0.81099606,0.6522650718688965,0.46139925718307495,True
qb_017682,health_and_safety,qb_017682__health_and_safety,0.8405083,0.586725115776062,0.39309191703796387,True
qb_016811,political,qb_016811__political,0.76936936,0.6927324533462524,0.5041986107826233,True
qb_016811,legality_constitutionality,qb_016811__legality_constitutionality,0.7757421,0.6280617117881775,0.45424240827560425,True
qb_016811,public_sentiment,qb_016811__public_sentiment,0.75476766,0.6748654246330261,0.5043264627456665,True
qb_013355,health_and_safety,qb_013355__health_and_safety,0.83390117,0.6863190531730652,0.45226573944091797,True
qb_013355,capacity_and_resources,qb_013355__capacity_and_resources,0.76648325,0.657724916934967,0.43605366349220276,True
qb_013355,legality_constitutionality,qb_013355__legality_constitutionality,0.74193263,0.7611178755760193,0.43026089668273926,True
qb_013355,political,qb_013355__political,0.7994199,0.6627482771873474,0.4622666835784912,True
qb_014337,political,qb_014337__political,0.75881386,0.7176085710525513,0.49113932251930237,True
qb_014337,security_and_defense,qb_014337__security_and_defense,0.8018882,0.7165160179138184,0.41553130745887756,True
qb_020112,political,qb_020112__political,0.79810536,0.6515403389930725,0.44595208764076233,True
qb_020112,policy_prescription,qb_020112__policy_prescription,0.7297929,0.6197445392608643,0.48678499460220337,True
qb_020112,health_and_safety,qb_020112__health_and_safety,0.682012,0.6381456255912781,0.42064982652664185,True
qb_020112,public_sentiment,qb_020112__public_sentiment,0.73581463,0.6745566725730896,0.471543550491333,True
qb_007912,policy_prescription,qb_007912__policy_prescription,0.9205665,0.8083372116088867,0.41884198784828186,True
qb_007912,fairness_and_equality,qb_007912__fairness_and_equality,0.8739878,0.838179886341095,0.4113197326660156,True
qb_007912,cultural_identity,qb_007912__cultural_identity,0.8851512,0.8237717747688293,0.4358857274055481,True
qb_007912,public_sentiment,qb_007912__public_sentiment,0.844272,0.7930817604064941,0.41631489992141724,True
qb_013811,economic,qb_013811__economic,0.7259946,0.7189267873764038,0.5091598629951477,True
qb_013811,policy_prescription,qb_013811__policy_prescription,0.8544463,0.7273346781730652,0.5035855174064636,True
qb_013811,capacity_and_resources,qb_013811__capacity_and_resources,0.80496395,0.7182077169418335,0.47235068678855896,True
qb_013811,political,qb_013811__political,0.8694042,0.7286193370819092,0.504671037197113,True
qb_013811,public_sentiment,qb_013811__public_sentiment,0.7916798,0.7342647910118103,0.47588855028152466,True
qb_008444,political,qb_008444__political,0.7258029,0.6082122921943665,0.44177573919296265,True
qb_008444,capacity_and_resources,qb_008444__capacity_and_resources,0.6447941,0.6131108999252319,0.4408246576786041,True
qb_008444,public_sentiment,qb_008444__public_sentiment,0.8177135,0.7294288873672485,0.41331395506858826,True
qb_012352,legality_constitutionality,qb_012352__legality_constitutionality,0.8300687,0.7508642673492432,0.5227965116500854,True
qb_012352,crime_and_punishment,qb_012352__crime_and_punishment,0.88625133,0.7112681269645691,0.4255536198616028,True
qb_012352,political,qb_012352__political,0.8345238,0.7048484683036804,0.4757046699523926,True
qb_012352,external_regulation,qb_012352__external_regulation,0.8180441,0.7132933139801025,0.49769362807273865,True
qb_004548,security_and_defense,qb_004548__security_and_defense,0.7769359,0.688908040523529,0.472660630941391,True
qb_004548,external_regulation,qb_004548__external_regulation,0.7698392,0.7145867347717285,0.48113369941711426,True
qb_004548,economic,qb_004548__economic,0.72133964,0.6425430178642273,0.43887001276016235,True
qb_004548,policy_prescription,qb_004548__policy_prescription,0.76216227,0.70245760679245,0.4732363820075989,True
qb_004548,legality_constitutionality,qb_004548__legality_constitutionality,0.69236904,0.661155104637146,0.5092049837112427,True
qb_004548,political,qb_004548__political,0.864161,0.7069078683853149,0.5150114297866821,True
qb_009185,political,qb_009185__political,0.83478576,0.7063297033309937,0.49709558486938477,True
qb_009185,legality_constitutionality,qb_009185__legality_constitutionality,0.8043809,0.721848726272583,0.4373408257961273,True
qb_009185,crime_and_punishment,qb_009185__crime_and_punishment,0.7786172,0.7733428478240967,0.5107687711715698,True
qb_010133,health_and_safety,qb_010133__health_and_safety,0.8896824,0.8497994542121887,0.499403715133667,True
qb_010133,public_sentiment,qb_010133__public_sentiment,0.88020265,0.8106816411018372,0.4957740902900696,True
qb_010133,political,qb_010133__political,0.8969821,0.8670535087585449,0.44010457396507263,True
qb_010133,policy_prescription,qb_010133__policy_prescription,0.9024788,0.8552058339118958,0.4613373279571533,True
qb_002573,policy_prescription,qb_002573__policy_prescription,0.7771982,0.7762263417243958,0.4388616681098938,True
qb_002573,legality_constitutionality,qb_002573__legality_constitutionality,0.8841517,0.7167335748672485,0.44913655519485474,True
qb_002573,political,qb_002573__political,0.7882605,0.7699057459831238,0.4862383306026459,True
qb_002573,fairness_and_equality,qb_002573__fairness_and_equality,0.7313553,0.7087977528572083,0.4683322012424469,True
qb_002573,economic,qb_002573__economic,0.8027898,0.6892364621162415,0.5152716040611267,True
qb_008540,legality_constitutionality,qb_008540__legality_constitutionality,0.8519175,0.8588634729385376,0.4424235224723816,True
qb_008540,political,qb_008540__political,0.82561904,0.7497463226318359,0.5060217976570129,True
qb_012198,economic,qb_012198__economic,0.73808825,0.7745720148086548,0.5013893842697144,True
qb_012198,external_regulation,qb_012198__external_regulation,0.743248,0.7529610395431519,0.4961302876472473,True
qb_012198,policy_prescription,qb_012198__policy_prescription,0.75639045,0.6973844766616821,0.4942067265510559,True
qb_004362,capacity_and_resources,qb_004362__capacity_and_resources,0.759976,0.675285279750824,0.4467141628265381,True
qb_004362,health_and_safety,qb_004362__health_and_safety,0.8270652,0.8103095889091492,0.4646127223968506,True
qb_004362,economic,qb_004362__economic,0.9026818,0.7708085775375366,0.3906521201133728,True
qb_002881,economic,qb_002881__economic,0.7337254,0.6583550572395325,0.39454740285873413,True
qb_002881,public_sentiment,qb_002881__public_sentiment,0.83312523,0.6640771627426147,0.41866645216941833,True
qb_007498,economic,qb_007498__economic,0.70965034,0.6949761509895325,0.5025515556335449,True
qb_007498,health_and_safety,qb_007498__health_and_safety,0.73524773,0.6006847023963928,0.44790440797805786,True
qb_007498,policy_prescription,qb_007498__policy_prescription,0.8543043,0.6473686099052429,0.43696504831314087,True
qb_007498,quality_of_life,qb_007498__quality_of_life,0.7252977,0.7297918200492859,0.48296481370925903,True
qb_014289,economic,qb_014289__economic,0.66708577,0.649212121963501,0.47264498472213745,True
qb_014289,policy_prescription,qb_014289__policy_prescription,0.7541914,0.6865424513816833,0.5441411733627319,True
qb_014289,fairness_and_equality,qb_014289__fairness_and_equality,0.7948741,0.6929877996444702,0.42988795042037964,True
qb_014289,political,qb_014289__political,0.76667905,0.6115942001342773,0.48206591606140137,True
qb_014289,health_and_safety,qb_014289__health_and_safety,0.82747763,0.6144912838935852,0.504257082939148,True
qb_000304,political,qb_000304__political,0.8814257,0.8071110844612122,0.4933016896247864,True
qb_000304,policy_prescription,qb_000304__policy_prescription,0.91591847,0.7681102752685547,0.49118199944496155,True
qb_000304,health_and_safety,qb_000304__health_and_safety,0.8625614,0.7392526865005493,0.5014984011650085,True
qb_000304,public_sentiment,qb_000304__public_sentiment,0.8791165,0.750480055809021,0.46697959303855896,True
qb_000304,legality_constitutionality,qb_000304__legality_constitutionality,0.9062536,0.6832491755485535,0.5207867622375488,True
qb_008563,legality_constitutionality,qb_008563__legality_constitutionality,0.8445204,0.7640420198440552,0.4183885455131531,True
qb_008563,crime_and_punishment,qb_008563__crime_and_punishment,0.8914895,0.6395047903060913,0.4570687711238861,True
qb_010337,security_and_defense,qb_010337__security_and_defense,0.83550096,0.7738102078437805,0.4457551836967468,True
qb_010337,external_regulation,qb_010337__external_regulation,0.7787211,0.7590392231941223,0.4594969153404236,True
qb_010337,crime_and_punishment,qb_010337__crime_and_punishment,0.81143236,0.6782249808311462,0.4549398422241211,True
qb_010337,policy_prescription,qb_010337__policy_prescription,0.6842551,0.6926390528678894,0.4978589415550232,True
qb_014455,legality_constitutionality,qb_014455__legality_constitutionality,0.8072047,0.7436407208442688,0.4481123387813568,True
qb_014455,policy_prescription,qb_014455__policy_prescription,0.8248558,0.7539928555488586,0.441373735666275,True
qb_014455,security_and_defense,qb_014455__security_and_defense,0.84426856,0.6997455954551697,0.4669837951660156,True
qb_014455,political,qb_014455__political,0.7290224,0.7217926979064941,0.4886862337589264,True
qb_007731,economic,qb_007731__economic,0.80840456,0.689105749130249,0.47372063994407654,True
qb_007731,external_regulation,qb_007731__external_regulation,0.73757863,0.6483909487724304,0.42286595702171326,True
qb_007731,policy_prescription,qb_007731__policy_prescription,0.828892,0.7022213935852051,0.42972880601882935,True
qb_007731,political,qb_007731__political,0.8332839,0.6985954642295837,0.5110799074172974,True
qb_013219,political,qb_013219__political,0.8738696,0.8531339168548584,0.46017199754714966,True
qb_013219,crime_and_punishment,qb_013219__crime_and_punishment,0.9031383,0.8391697406768799,0.45189690589904785,True
qb_010824,security_and_defense,qb_010824__security_and_defense,0.76537883,0.6305981874465942,0.4432833790779114,True
qb_010824,external_regulation,qb_010824__external_regulation,0.8394779,0.747894287109375,0.5208838582038879,True
qb_010824,political,qb_010824__political,0.8223171,0.6771097779273987,0.42440280318260193,True
qb_010824,capacity_and_resources,qb_010824__capacity_and_resources,0.79037195,0.7191898822784424,0.4363551139831543,True
qb_010824,morality,qb_010824__morality,0.8486506,0.6708183884620667,0.4656071662902832,True
qb_000130,policy_prescription,qb_000130__policy_prescription,0.8207066,0.7024649381637573,0.47018760442733765,True
qb_000130,political,qb_000130__political,0.7876626,0.6280914545059204,0.4321201741695404,True
qb_000130,legality_constitutionality,qb_000130__legality_constitutionality,0.7811338,0.8447861075401306,0.5160542130470276,True
qb_020092,security_and_defense,qb_020092__security_and_defense,0.78593624,0.7418971061706543,0.48099908232688904,True
qb_020092,external_regulation,qb_020092__external_regulation,0.8494095,0.7131657004356384,0.4598627984523773,True
qb_020092,policy_prescription,qb_020092__policy_prescription,0.77398896,0.7623076438903809,0.4801956117153168,True
qb_020092,political,qb_020092__political,0.8066627,0.6952353119850159,0.5083342790603638,True
qb_018514,cultural_identity,qb_018514__cultural_identity,0.78846276,0.7563896775245667,0.39327767491340637,True
qb_018514,legality_constitutionality,qb_018514__legality_constitutionality,0.86502135,0.7285298109054565,0.4738893508911133,True
qb_018514,political,qb_018514__political,0.8497108,0.6837711930274963,0.4557505249977112,True
qb_015469,political,qb_015469__political,0.77648485,0.6919594407081604,0.5262058973312378,True
qb_015469,policy_prescription,qb_015469__policy_prescription,0.7659328,0.7521618604660034,0.4816921651363373,True
qb_015469,health_and_safety,qb_015469__health_and_safety,0.7297015,0.6894344091415405,0.47642412781715393,True
qb_002913,political,qb_002913__political,0.7591819,0.6740168929100037,0.47317761182785034,True
qb_002913,legality_constitutionality,qb_002913__legality_constitutionality,0.79592806,0.7194576263427734,0.4691365659236908,True
qb_002913,fairness_and_equality,qb_002913__fairness_and_equality,0.7681465,0.6655772924423218,0.5201998949050903,True
qb_007003,health_and_safety,qb_007003__health_and_safety,0.8376528,0.7726178169250488,0.44188418984413147,True
qb_007003,policy_prescription,qb_007003__policy_prescription,0.8095391,0.8638051748275757,0.4133250117301941,True
qb_007003,political,qb_007003__political,0.8231255,0.7185502052307129,0.5190383195877075,True
qb_019323,legality_constitutionality,qb_019323__legality_constitutionality,0.8934139,0.8146321773529053,0.49126482009887695,True
qb_019323,political,qb_019323__political,0.8260621,0.8328604102134705,0.4609561562538147,True
qb_021411,security_and_defense,qb_021411__security_and_defense,0.79463404,0.7436671853065491,0.44896841049194336,True
qb_021411,crime_and_punishment,qb_021411__crime_and_punishment,0.776196,0.6990854144096375,0.49349546432495117,True
qb_021411,public_sentiment,qb_021411__public_sentiment,0.82515657,0.7142910957336426,0.41259512305259705,True
qb_021411,morality,qb_021411__morality,0.85391736,0.6700952053070068,0.41806769371032715,True
qb_019236,political,qb_019236__political,0.84020317,0.8509507775306702,0.44469135999679565,True
qb_019236,public_sentiment,qb_019236__public_sentiment,0.8739216,0.8202502727508545,0.42424511909484863,True
qb_008843,political,qb_008843__political,0.8545028,0.7820569276809692,0.4566899836063385,True
qb_008843,morality,qb_008843__morality,0.87282145,0.7241357564926147,0.5408516526222229,True
qb_008843,legality_constitutionality,qb_008843__legality_constitutionality,0.7696153,0.6747889518737793,0.42503827810287476,True
qb_018422,external_regulation,qb_018422__external_regulation,0.7955694,0.801261305809021,0.44862404465675354,True
qb_018422,security_and_defense,qb_018422__security_and_defense,0.75817436,0.7604222297668457,0.44868022203445435,True
qb_018422,political,qb_018422__political,0.8275615,0.5460793375968933,0.5050972700119019,True
qb_004775,economic,qb_004775__economic,0.7391,0.6778117418289185,0.48050808906555176,True
qb_004775,political,qb_004775__political,0.86000764,0.651286244392395,0.5056002140045166,True
qb_004775,policy_prescription,qb_004775__policy_prescription,0.8038166,0.7118717432022095,0.47933363914489746,True
qb_001374,legality_constitutionality,qb_001374__legality_constitutionality,0.81829804,0.881614089012146,0.47829046845436096,True
qb_001374,crime_and_punishment,qb_001374__crime_and_punishment,0.8019041,0.7702845335006714,0.4726651608943939,True
qb_001374,fairness_and_equality,qb_001374__fairness_and_equality,0.7943742,0.6680029034614563,0.4177928864955902,True
qb_001374,morality,qb_001374__morality,0.7690568,0.6950377821922302,0.4516211152076721,True
qb_001374,economic,qb_001374__economic,0.7426678,0.6833598613739014,0.41942572593688965,True
qb_017250,legality_constitutionality,qb_017250__legality_constitutionality,0.81085026,0.7066347002983093,0.4007069170475006,True
qb_017250,crime_and_punishment,qb_017250__crime_and_punishment,0.8020381,0.781697690486908,0.4680846631526947,True
qb_017250,policy_prescription,qb_017250__policy_prescription,0.69020504,0.6935077905654907,0.43228164315223694,True
qb_017250,political,qb_017250__political,0.76493603,0.7434911727905273,0.48486989736557007,True
qb_017250,external_regulation,qb_017250__external_regulation,0.7587518,0.7116662263870239,0.48091036081314087,True
qb_007063,legality_constitutionality,qb_007063__legality_constitutionality,0.8923029,0.7301458120346069,0.4889427125453949,True
qb_007063,crime_and_punishment,qb_007063__crime_and_punishment,0.78212273,0.7700648903846741,0.4570242762565613,True
qb_007063,political,qb_007063__political,0.75571215,0.6952215433120728,0.4174048900604248,True
qb_002903,economic,qb_002903__economic,0.77155304,0.8003620505332947,0.4061739444732666,True
qb_002903,capacity_and_resources,qb_002903__capacity_and_resources,0.8708935,0.8089139461517334,0.42222070693969727,True
qb_002903,policy_prescription,qb_002903__policy_prescription,0.8574128,0.8118367195129395,0.4739519953727722,True
qb_002903,quality_of_life,qb_002903__quality_of_life,0.9116621,0.7989075779914856,0.4063888192176819,True
qb_017394,political,qb_017394__political,0.76788175,0.6453508138656616,0.4551444947719574,True
qb_017394,security_and_defense,qb_017394__security_and_defense,0.830269,0.7449976801872253,0.49821457266807556,True
qb_017394,crime_and_punishment,qb_017394__crime_and_punishment,0.78679425,0.6767971515655518,0.48749274015426636,True
qb_002008,security_and_defense,qb_002008__security_and_defense,0.707026,0.7030858397483826,0.43855705857276917,True
qb_002008,public_sentiment,qb_002008__public_sentiment,0.80733967,0.7113704681396484,0.4653874337673187,True
qb_002008,crime_and_punishment,qb_002008__crime_and_punishment,0.78251076,0.762304425239563,0.45151060819625854,True
qb_017046,security_and_defense,qb_017046__security_and_defense,0.65172017,0.6783491969108582,0.4708924889564514,True
qb_017046,policy_prescription,qb_017046__policy_prescription,0.800086,0.741917610168457,0.42974400520324707,True
qb_017046,political,qb_017046__political,0.6820545,0.731245756149292,0.5087267160415649,True
qb_017046,external_regulation,qb_017046__external_regulation,0.8070661,0.7242578268051147,0.4946642816066742,True
qb_017046,legality_constitutionality,qb_017046__legality_constitutionality,0.83335376,0.7945702075958252,0.44869813323020935,True
qb_019419,policy_prescription,qb_019419__policy_prescription,0.7329147,0.6562882661819458,0.4532857835292816,True
qb_019419,security_and_defense,qb_019419__security_and_defense,0.75751305,0.6994024515151978,0.49920281767845154,True
qb_019419,capacity_and_resources,qb_019419__capacity_and_resources,0.72269285,0.6179941296577454,0.4786868095397949,True
qb_019419,political,qb_019419__political,0.8649676,0.6646530628204346,0.5052534341812134,True
qb_019419,legality_constitutionality,qb_019419__legality_constitutionality,0.7161399,0.6172946691513062,0.4959714412689209,True
qb_019419,cultural_identity,qb_019419__cultural_identity,0.88716316,0.6139276027679443,0.4149297773838043,True
qb_002093,public_sentiment,qb_002093__public_sentiment,0.8567617,0.7270488739013672,0.4611321985721588,True
qb_002093,cultural_identity,qb_002093__cultural_identity,0.75959307,0.7327100038528442,0.4301425516605377,True
qb_002961,capacity_and_resources,qb_002961__capacity_and_resources,0.8563167,0.7421426773071289,0.39135050773620605,True
qb_002961,other,qb_002961__other,0.77829957,0.7041806578636169,0.395353764295578,True
qb_006513,public_sentiment,qb_006513__public_sentiment,0.79195595,0.6668233275413513,0.5262590646743774,True
qb_006513,political,qb_006513__political,0.80185205,0.6875929236412048,0.5307281613349915,True
qb_006513,crime_and_punishment,qb_006513__crime_and_punishment,0.8593139,0.724396288394928,0.44773682951927185,True
qb_006513,policy_prescription,qb_006513__policy_prescription,0.83209383,0.7388379573822021,0.47416672110557556,True
qb_015782,political,qb_015782__political,0.865659,0.7084457278251648,0.5043696165084839,True
qb_015782,legality_constitutionality,qb_015782__legality_constitutionality,0.7228527,0.7574722170829773,0.5336962938308716,True
qb_015782,external_regulation,qb_015782__external_regulation,0.7353681,0.6585981845855713,0.49283313751220703,True
qb_015782,public_sentiment,qb_015782__public_sentiment,0.7604862,0.7542904019355774,0.49988454580307007,True
qb_010566,political,qb_010566__political,0.77268934,0.6252296566963196,0.4524150788784027,True
qb_010566,legality_constitutionality,qb_010566__legality_constitutionality,0.71762145,0.7731986045837402,0.43727627396583557,True
qb_010566,policy_prescription,qb_010566__policy_prescription,0.828021,0.7445447444915771,0.45385608077049255,True
qb_013964,legality_constitutionality,qb_013964__legality_constitutionality,0.80651516,0.7892854809761047,0.5180556178092957,True
qb_013964,security_and_defense,qb_013964__security_and_defense,0.7957853,0.7911479473114014,0.460335910320282,True
qb_013964,crime_and_punishment,qb_013964__crime_and_punishment,0.7709855,0.7517571449279785,0.47474175691604614,True
qb_013964,policy_prescription,qb_013964__policy_prescription,0.85310423,0.7888813018798828,0.4849209189414978,True
qb_013964,external_regulation,qb_013964__external_regulation,0.8159807,0.8178874254226685,0.4999343752861023,True
qb_005506,cultural_identity,qb_005506__cultural_identity,0.8144864,0.8344950675964355,0.45265164971351624,True
qb_005506,political,qb_005506__political,0.8841162,0.7644835710525513,0.4339359402656555,True
qb_005506,fairness_and_equality,qb_005506__fairness_and_equality,0.88714314,0.8169513940811157,0.4545348286628723,True
qb_004298,security_and_defense,qb_004298__security_and_defense,0.78900373,0.7417165637016296,0.4581511914730072,True
qb_004298,policy_prescription,qb_004298__policy_prescription,0.764467,0.7396648526191711,0.45077624917030334,True
qb_004298,fairness_and_equality,qb_004298__fairness_and_equality,0.7568808,0.6930912733078003,0.41418296098709106,True
qb_004298,capacity_and_resources,qb_004298__capacity_and_resources,0.73414385,0.7287384271621704,0.42698192596435547,True
qb_004298,economic,qb_004298__economic,0.7935314,0.7178052067756653,0.44246822595596313,True
qb_004298,health_and_safety,qb_004298__health_and_safety,0.75461084,0.753657341003418,0.4198715090751648,True
qb_004298,political,qb_004298__political,0.8268944,0.6516922116279602,0.4413083493709564,True
qb_004298,cultural_identity,qb_004298__cultural_identity,0.80652165,0.7202059626579285,0.45107632875442505,True
qb_000602,legality_constitutionality,qb_000602__legality_constitutionality,0.73172164,0.7070670127868652,0.43463006615638733,True
qb_000602,economic,qb_000602__economic,0.8428086,0.613921582698822,0.43950948119163513,True
qb_000602,political,qb_000602__political,0.8088677,0.652673602104187,0.4819372594356537,True
qb_000602,policy_prescription,qb_000602__policy_prescription,0.7009629,0.5598737597465515,0.46852701902389526,True
qb_004504,legality_constitutionality,qb_004504__legality_constitutionality,0.7561401,0.7455664873123169,0.46688351035118103,True
qb_004504,economic,qb_004504__economic,0.7364497,0.7057030200958252,0.4441449046134949,True
qb_004504,health_and_safety,qb_004504__health_and_safety,0.80271816,0.6824007034301758,0.47012171149253845,True
qb_004504,crime_and_punishment,qb_004504__crime_and_punishment,0.71857584,0.7338359951972961,0.436478853225708,True
qb_004504,public_sentiment,qb_004504__public_sentiment,0.74386036,0.6848692893981934,0.4789358079433441,True
qb_012039,political,qb_012039__political,0.8286928,0.7849335074424744,0.45115581154823303,True
qb_012039,morality,qb_012039__morality,0.8176006,0.7905741333961487,0.47805213928222656,True
qb_000088,political,qb_000088__political,0.68056107,0.6230777502059937,0.5266926884651184,True
qb_000088,external_regulation,qb_000088__external_regulation,0.7915982,0.709456205368042,0.48204517364501953,True
qb_000088,policy_prescription,qb_000088__policy_prescription,0.7754153,0.7811561226844788,0.5307959914207458,True
qb_000088,economic,qb_000088__economic,0.9095314,0.7114921808242798,0.4813896119594574,True
qb_000088,public_sentiment,qb_000088__public_sentiment,0.82800853,0.6810595989227295,0.474090576171875,True
qb_001527,external_regulation,qb_001527__external_regulation,0.87387204,0.8088366985321045,0.4501304030418396,True
qb_001527,security_and_defense,qb_001527__security_and_defense,0.85688674,0.7553204298019409,0.4821396470069885,True
qb_001527,political,qb_001527__political,0.8351096,0.7513424754142761,0.48309287428855896,True
qb_000241,political,qb_000241__political,0.9032098,0.7460809946060181,0.5235754251480103,True
qb_000241,legality_constitutionality,qb_000241__legality_constitutionality,0.729794,0.727501630783081,0.4406113028526306,True
qb_000241,public_sentiment,qb_000241__public_sentiment,0.81007195,0.722912073135376,0.4929268956184387,True
qb_013010,policy_prescription,qb_013010__policy_prescription,0.7636383,0.6251522898674011,0.4366878569126129,True
qb_013010,economic,qb_013010__economic,0.7491859,0.6237257122993469,0.4209667146205902,True
qb_013010,political,qb_013010__political,0.8335705,0.5467071533203125,0.4554561674594879,True
qb_013010,capacity_and_resources,qb_013010__capacity_and_resources,0.76504195,0.6472897529602051,0.4466124176979065,True
qb_013010,quality_of_life,qb_013010__quality_of_life,0.79738736,0.6093342900276184,0.44720882177352905,True
qb_013010,health_and_safety,qb_013010__health_and_safety,0.7840962,0.5964611172676086,0.44102397561073303,True
qb_014378,political,qb_014378__political,0.8241831,0.6305599808692932,0.45711296796798706,True
qb_014378,security_and_defense,qb_014378__security_and_defense,0.73863447,0.6417802572250366,0.445243775844574,True
qb_014378,policy_prescription,qb_014378__policy_prescription,0.7489636,0.6156606078147888,0.43745413422584534,True
qb_014378,public_sentiment,qb_014378__public_sentiment,0.7824271,0.6660372018814087,0.5353558659553528,True
qb_014378,capacity_and_resources,qb_014378__capacity_and_resources,0.7527864,0.5620882511138916,0.42853957414627075,True
qb_011931,health_and_safety,qb_011931__health_and_safety,0.81275076,0.6694740056991577,0.48361772298812866,True
qb_011931,capacity_and_resources,qb_011931__capacity_and_resources,0.8783809,0.618075966835022,0.4757147431373596,True
qb_011931,political,qb_011931__political,0.8449314,0.6629191637039185,0.4372027516365051,True
qb_002285,economic,qb_002285__economic,0.8129737,0.6296162009239197,0.5007082223892212,True
qb_002285,external_regulation,qb_002285__external_regulation,0.71274865,0.6587408185005188,0.46830540895462036,True
qb_002285,policy_prescription,qb_002285__policy_prescription,0.82870245,0.6463651657104492,0.4600587487220764,True
qb_002285,political,qb_002285__political,0.8341616,0.5697575211524963,0.5161110162734985,True
qb_003494,crime_and_punishment,qb_003494__crime_and_punishment,0.8097447,0.6454247832298279,0.41582077741622925,True
qb_003494,security_and_defense,qb_003494__security_and_defense,0.81476283,0.6524032950401306,0.45726481080055237,True
qb_003494,legality_constitutionality,qb_003494__legality_constitutionality,0.7953286,0.628047525882721,0.4056629538536072,True
qb_003494,health_and_safety,qb_003494__health_and_safety,0.72287524,0.6585339903831482,0.45467957854270935,True
qb_009002,health_and_safety,qb_009002__health_and_safety,0.77965736,0.7277414202690125,0.4700191020965576,True
qb_009002,capacity_and_resources,qb_009002__capacity_and_resources,0.89342153,0.7965924739837646,0.5286625623703003,True
qb_009002,security_and_defense,qb_009002__security_and_defense,0.76410747,0.7341485023498535,0.4779685139656067,True
qb_009002,political,qb_009002__political,0.86891705,0.7593631148338318,0.5254162549972534,True
qb_020612,political,qb_020612__political,0.8139999,0.6845636367797852,0.4684339165687561,True
qb_020612,public_sentiment,qb_020612__public_sentiment,0.86866534,0.7208648920059204,0.4579439163208008,True
qb_008875,political,qb_008875__political,0.8287767,0.758929967880249,0.3999207019805908,True
qb_008875,public_sentiment,qb_008875__public_sentiment,0.79410696,0.8315755128860474,0.4358024597167969,True
qb_001115,political,qb_001115__political,0.7195129,0.6157614588737488,0.48824015259742737,True
qb_001115,public_sentiment,qb_001115__public_sentiment,0.6708162,0.6049044728279114,0.44172605872154236,True
qb_001115,morality,qb_001115__morality,0.82223344,0.5852073431015015,0.5295314788818359,True
qb_019240,health_and_safety,qb_019240__health_and_safety,0.7465471,0.7847707867622375,0.4736510217189789,True
qb_019240,policy_prescription,qb_019240__policy_prescription,0.87757444,0.7864868640899658,0.5092442631721497,True
qb_019240,political,qb_019240__political,0.8208305,0.746181309223175,0.49555015563964844,True
qb_019240,legality_constitutionality,qb_019240__legality_constitutionality,0.7901801,0.8071829676628113,0.480114221572876,True
qb_016204,legality_constitutionality,qb_016204__legality_constitutionality,0.761201,0.6737878322601318,0.47991886734962463,True
qb_016204,political,qb_016204__political,0.81552243,0.5960241556167603,0.4057444632053375,True
qb_016204,health_and_safety,qb_016204__health_and_safety,0.7560964,0.5978442430496216,0.43868961930274963,True
qb_003607,legality_constitutionality,qb_003607__legality_constitutionality,0.78256434,0.6891547441482544,0.43708229064941406,True
qb_003607,political,qb_003607__political,0.7823205,0.7406073808670044,0.5390812158584595,True
qb_007758,policy_prescription,qb_007758__policy_prescription,0.83660823,0.7994768023490906,0.4434846043586731,True
qb_007758,legality_constitutionality,qb_007758__legality_constitutionality,0.8445884,0.8074180483818054,0.4381111264228821,True
qb_007758,morality,qb_007758__morality,0.79851925,0.7965310215950012,0.3647203743457794,True
qb_007758,fairness_and_equality,qb_007758__fairness_and_equality,0.8524538,0.8073232769966125,0.4285854399204254,True
qb_007758,cultural_identity,qb_007758__cultural_identity,0.89549077,0.7789225578308105,0.4224390387535095,True
qb_020645,policy_prescription,qb_020645__policy_prescription,0.8013362,0.7708717584609985,0.4508701264858246,True
qb_020645,security_and_defense,qb_020645__security_and_defense,0.7632463,0.7486143708229065,0.5209097862243652,True
qb_020645,political,qb_020645__political,0.8670236,0.6759348511695862,0.4500819146633148,True
qb_009657,cultural_identity,qb_009657__cultural_identity,0.8592657,0.561540424823761,0.40729260444641113,True
qb_009657,health_and_safety,qb_009657__health_and_safety,0.8731832,0.5274077653884888,0.4564531743526459,True
qb_004157,capacity_and_resources,qb_004157__capacity_and_resources,0.7640262,0.723279595375061,0.44369015097618103,True
qb_004157,public_sentiment,qb_004157__public_sentiment,0.84672475,0.5980817079544067,0.3612842559814453,True
qb_004157,political,qb_004157__political,0.84403884,0.7135800123214722,0.41138869524002075,True
qb_004157,quality_of_life,qb_004157__quality_of_life,0.82761604,0.74947589635849,0.4208778738975525,True
qb_004157,security_and_defense,qb_004157__security_and_defense,0.8273697,0.6992637515068054,0.4363895356655121,True
qb_004157,economic,qb_004157__economic,0.7666147,0.6953302621841431,0.41732922196388245,True
qb_009019,political,qb_009019__political,0.67977166,0.6526527404785156,0.49111461639404297,True
qb_009019,policy_prescription,qb_009019__policy_prescription,0.7522226,0.7146916389465332,0.4828058183193207,True
qb_009019,legality_constitutionality,qb_009019__legality_constitutionality,0.73668647,0.6946737170219421,0.4560721516609192,True
qb_009019,public_sentiment,qb_009019__public_sentiment,0.78352094,0.6716868877410889,0.43333953619003296,True
qb_009019,fairness_and_equality,qb_009019__fairness_and_equality,0.7628638,0.6499295234680176,0.43275460600852966,True
qb_009019,morality,qb_009019__morality,0.8327139,0.6466231346130371,0.49602586030960083,True
qb_010898,legality_constitutionality,qb_010898__legality_constitutionality,0.7205491,0.7287195920944214,0.4168217182159424,True
qb_010898,political,qb_010898__political,0.7494805,0.6699519753456116,0.4600018560886383,True
qb_010898,policy_prescription,qb_010898__policy_prescription,0.8273397,0.6555862426757812,0.4453250467777252,True
qb_010898,morality,qb_010898__morality,0.83704466,0.6635802984237671,0.5191236734390259,True
qb_010898,public_sentiment,qb_010898__public_sentiment,0.72787106,0.6617118716239929,0.4892875552177429,True
qb_009601,political,qb_009601__political,0.824258,0.679923415184021,0.4429561197757721,True
qb_009601,public_sentiment,qb_009601__public_sentiment,0.7801256,0.6580116748809814,0.38532331585884094,True
qb_017595,political,qb_017595__political,0.8892417,0.741950511932373,0.46458911895751953,True
qb_017595,public_sentiment,qb_017595__public_sentiment,0.8100349,0.713284432888031,0.5003519654273987,True
qb_017595,cultural_identity,qb_017595__cultural_identity,0.7916591,0.6931079030036926,0.4330820143222809,True
qb_017595,fairness_and_equality,qb_017595__fairness_and_equality,0.74451387,0.739790141582489,0.4231608510017395,True
qb_017595,morality,qb_017595__morality,0.82369405,0.7091107964515686,0.4838184416294098,True
qb_017595,legality_constitutionality,qb_017595__legality_constitutionality,0.8273796,0.7483544945716858,0.4944825768470764,True
qb_003264,political,qb_003264__political,0.8669562,0.8265886306762695,0.500517725944519,True
qb_003264,fairness_and_equality,qb_003264__fairness_and_equality,0.86836046,0.796396017074585,0.45858198404312134,True
qb_008782,political,qb_008782__political,0.82253605,0.6553322076797485,0.46319884061813354,True
qb_008782,economic,qb_008782__economic,0.7654367,0.6864770650863647,0.4413216710090637,True
qb_012623,health_and_safety,qb_012623__health_and_safety,0.796135,0.6882907152175903,0.4661242365837097,True
qb_012623,policy_prescription,qb_012623__policy_prescription,0.72005033,0.7248591780662537,0.4597652554512024,True
qb_012623,political,qb_012623__political,0.7064277,0.6040339469909668,0.49599331617355347,True
qb_012540,political,qb_012540__political,0.7877317,0.7061092257499695,0.5037967562675476,True
qb_012540,legality_constitutionality,qb_012540__legality_constitutionality,0.8198888,0.6289210319519043,0.4267740845680237,True
qb_012540,security_and_defense,qb_012540__security_and_defense,0.88334286,0.7667851448059082,0.49225226044654846,True
qb_012540,external_regulation,qb_012540__external_regulation,0.7759456,0.6929445862770081,0.46446484327316284,True
qb_008108,political,qb_008108__political,0.7811209,0.7863065600395203,0.42315444350242615,True
qb_008108,public_sentiment,qb_008108__public_sentiment,0.84930074,0.7087748646736145,0.498090922832489,True
qb_008108,health_and_safety,qb_008108__health_and_safety,0.78791344,0.669468104839325,0.4355648159980774,True
qb_008108,cultural_identity,qb_008108__cultural_identity,0.79759943,0.5920534729957581,0.47169241309165955,True
qb_004623,political,qb_004623__political,0.8494775,0.6291749477386475,0.4643647074699402,True
qb_004623,policy_prescription,qb_004623__policy_prescription,0.785429,0.6238803267478943,0.4841846823692322,True
qb_004623,fairness_and_equality,qb_004623__fairness_and_equality,0.8230651,0.7064656615257263,0.4309360384941101,True
qb_004623,economic,qb_004623__economic,0.80339587,0.6631003618240356,0.4234252870082855,True
qb_004623,public_sentiment,qb_004623__public_sentiment,0.8318047,0.6851922869682312,0.48949527740478516,True
qb_004623,morality,qb_004623__morality,0.7674285,0.7160736918449402,0.435126930475235,True
qb_006760,political,qb_006760__political,0.8415961,0.662514865398407,0.46564140915870667,True
qb_006760,legality_constitutionality,qb_006760__legality_constitutionality,0.7865434,0.6200745701789856,0.501752495765686,True
qb_006760,public_sentiment,qb_006760__public_sentiment,0.75507176,0.6711710095405579,0.4215371608734131,True
qb_006760,policy_prescription,qb_006760__policy_prescription,0.7009431,0.6336353421211243,0.5197179913520813,True
qb_013423,economic,qb_013423__economic,0.7760316,0.7145851850509644,0.4792146682739258,True
qb_013423,policy_prescription,qb_013423__policy_prescription,0.769856,0.6141864061355591,0.4917634129524231,True
qb_013423,political,qb_013423__political,0.83763456,0.7972882986068726,0.4583974778652191,True
qb_016319,political,qb_016319__political,0.81218684,0.7990448474884033,0.4506533741950989,True
qb_016319,economic,qb_016319__economic,0.70376045,0.5456114411354065,0.4626309871673584,True
qb_016319,capacity_and_resources,qb_016319__capacity_and_resources,0.8413472,0.7367588877677917,0.42233285307884216,True
qb_016319,public_sentiment,qb_016319__public_sentiment,0.8257681,0.8015568852424622,0.4444144368171692,True
qb_021246,quality_of_life,qb_021246__quality_of_life,0.7859602,0.6391617655754089,0.43970951437950134,True
qb_021246,public_sentiment,qb_021246__public_sentiment,0.83473265,0.6300063133239746,0.46726006269454956,True
qb_021246,political,qb_021246__political,0.704198,0.5915302038192749,0.48343425989151,True
qb_021246,cultural_identity,qb_021246__cultural_identity,0.8599193,0.5248569846153259,0.45472580194473267,True
qb_021246,economic,qb_021246__economic,0.7722738,0.7071862816810608,0.4658270478248596,True
qb_021246,fairness_and_equality,qb_021246__fairness_and_equality,0.77788574,0.6725993752479553,0.4721454083919525,True
qb_021246,morality,qb_021246__morality,0.74849737,0.6370328664779663,0.4458445608615875,True
qb_021246,health_and_safety,qb_021246__health_and_safety,0.7812435,0.6131058931350708,0.4546450972557068,True
qb_018996,political,qb_018996__political,0.8301017,0.46332281827926636,0.4729321599006653,True
qb_018996,economic,qb_018996__economic,0.72232795,0.644305944442749,0.49231958389282227,True
qb_018996,external_regulation,qb_018996__external_regulation,0.7578753,0.6349563598632812,0.4425234794616699,True
qb_011266,health_and_safety,qb_011266__health_and_safety,0.78679156,0.7478923797607422,0.548614501953125,True
qb_011266,policy_prescription,qb_011266__policy_prescription,0.76720685,0.7105064392089844,0.5027413964271545,True
qb_011266,political,qb_011266__political,0.8507595,0.7862439155578613,0.505401611328125,True
qb_002742,capacity_and_resources,qb_002742__capacity_and_resources,0.74677676,0.731949508190155,0.413846492767334,True
qb_002742,economic,qb_002742__economic,0.853961,0.6978785395622253,0.42720121145248413,True
qb_002742,public_sentiment,qb_002742__public_sentiment,0.84962875,0.7098317742347717,0.4397028982639313,True
qb_002742,health_and_safety,qb_002742__health_and_safety,0.7589249,0.667255699634552,0.4889618456363678,True
qb_020680,economic,qb_020680__economic,0.6817904,0.6556239724159241,0.420186847448349,True
qb_020680,health_and_safety,qb_020680__health_and_safety,0.6630018,0.5210015773773193,0.445690393447876,True
qb_020680,policy_prescription,qb_020680__policy_prescription,0.75875884,0.6807810068130493,0.45629510283470154,True
qb_015310,external_regulation,qb_015310__external_regulation,0.8361381,0.6935147643089294,0.5021873712539673,True
qb_015310,public_sentiment,qb_015310__public_sentiment,0.8681068,0.7263149619102478,0.4826100766658783,True
qb_015310,political,qb_015310__political,0.64726156,0.6911656856536865,0.4997848868370056,True
qb_015310,morality,qb_015310__morality,0.77180827,0.6410459876060486,0.5039294958114624,True
qb_002058,security_and_defense,qb_002058__security_and_defense,0.7832557,0.6740071177482605,0.43894147872924805,True
qb_002058,capacity_and_resources,qb_002058__capacity_and_resources,0.85628724,0.7821279168128967,0.4671911299228668,True
qb_002058,external_regulation,qb_002058__external_regulation,0.8343921,0.7002031207084656,0.42919835448265076,True
qb_002058,political,qb_002058__political,0.7870151,0.6992249488830566,0.49268022179603577,True
qb_011512,economic,qb_011512__economic,0.85959625,0.8619348406791687,0.41247159242630005,True
qb_011512,cultural_identity,qb_011512__cultural_identity,0.8118334,0.8059031963348389,0.44364938139915466,True
qb_011512,public_sentiment,qb_011512__public_sentiment,0.78266907,0.7531387209892273,0.47034063935279846,True
qb_011512,quality_of_life,qb_011512__quality_of_life,0.8632613,0.7697194218635559,0.4832141399383545,True
qb_013992,cultural_identity,qb_013992__cultural_identity,0.86247766,0.6729164123535156,0.44362443685531616,True
qb_013992,public_sentiment,qb_013992__public_sentiment,0.8738885,0.7107897400856018,0.4236740469932556,True
qb_013992,political,qb_013992__political,0.7580017,0.6925937533378601,0.425322949886322,True
qb_013992,fairness_and_equality,qb_013992__fairness_and_equality,0.75914943,0.5541553497314453,0.4082513451576233,True
qb_003014,health_and_safety,qb_003014__health_and_safety,0.80776346,0.7548916935920715,0.505393385887146,True
qb_003014,policy_prescription,qb_003014__policy_prescription,0.85583067,0.7953866124153137,0.45513051748275757,True
qb_003014,capacity_and_resources,qb_003014__capacity_and_resources,0.8658519,0.7419610023498535,0.45206308364868164,True
qb_003014,public_sentiment,qb_003014__public_sentiment,0.828208,0.818343460559845,0.4337175786495209,True
qb_011489,economic,qb_011489__economic,0.80574083,0.7178517580032349,0.44864439964294434,True
qb_011489,political,qb_011489__political,0.76974225,0.7615455389022827,0.49283847212791443,True
qb_011489,capacity_and_resources,qb_011489__capacity_and_resources,0.77072936,0.6864240765571594,0.43644094467163086,True
qb_000764,political,qb_000764__political,0.7869847,0.7302685379981995,0.4556499123573303,True
qb_000764,public_sentiment,qb_000764__public_sentiment,0.8888429,0.7357312440872192,0.4337076246738434,True
qb_004926,legality_constitutionality,qb_004926__legality_constitutionality,0.8781735,0.6418049335479736,0.45437732338905334,True
qb_004926,political,qb_004926__political,0.7506952,0.6521775722503662,0.5165243744850159,True
qb_004926,crime_and_punishment,qb_004926__crime_and_punishment,0.7902418,0.6833786964416504,0.46844372153282166,True
qb_004926,public_sentiment,qb_004926__public_sentiment,0.7658434,0.6508987545967102,0.45334282517433167,True
qb_011112,legality_constitutionality,qb_011112__legality_constitutionality,0.8611324,0.7034709453582764,0.46784910559654236,True
qb_011112,political,qb_011112__political,0.8128878,0.7261356115341187,0.4681552052497864,True
qb_011112,public_sentiment,qb_011112__public_sentiment,0.8280555,0.716099202632904,0.45544251799583435,True
qb_000648,policy_prescription,qb_000648__policy_prescription,0.74221694,0.7512004971504211,0.47390589118003845,True
qb_000648,health_and_safety,qb_000648__health_and_safety,0.91267,0.7659063935279846,0.43388158082962036,True
qb_000648,fairness_and_equality,qb_000648__fairness_and_equality,0.82567537,0.7893738746643066,0.5106075406074524,True
qb_000648,political,qb_000648__political,0.8217735,0.6253997683525085,0.47678375244140625,True
qb_000648,economic,qb_000648__economic,0.84493315,0.7804515957832336,0.44552189111709595,True
qb_020128,policy_prescription,qb_020128__policy_prescription,0.8210713,0.6770761609077454,0.4623622000217438,True
qb_020128,security_and_defense,qb_020128__security_and_defense,0.8394631,0.6772121787071228,0.4724726676940918,True
qb_020128,political,qb_020128__political,0.7038597,0.5944963693618774,0.4976264536380768,True
qb_020128,crime_and_punishment,qb_020128__crime_and_punishment,0.78969926,0.6993681192398071,0.5029799938201904,True
qb_020128,legality_constitutionality,qb_020128__legality_constitutionality,0.8291323,0.7078572511672974,0.502639889717102,True
qb_015271,political,qb_015271__political,0.73155683,0.6551222801208496,0.44104018807411194,True
qb_015271,public_sentiment,qb_015271__public_sentiment,0.8524117,0.7002968192100525,0.5449631214141846,True
qb_015271,economic,qb_015271__economic,0.79957104,0.6821555495262146,0.4973359704017639,True
qb_015271,cultural_identity,qb_015271__cultural_identity,0.7109004,0.6728532910346985,0.47759637236595154,True
qb_000651,economic,qb_000651__economic,0.8366314,0.7170672416687012,0.4965972900390625,True
qb_000651,policy_prescription,qb_000651__policy_prescription,0.78136855,0.6671951413154602,0.46284714341163635,True
qb_000651,political,qb_000651__political,0.83084565,0.6866872310638428,0.5512403249740601,True
qb_000651,external_regulation,qb_000651__external_regulation,0.8021025,0.6681552529335022,0.4844333529472351,True
qb_000651,crime_and_punishment,qb_000651__crime_and_punishment,0.79724616,0.6436479687690735,0.4251343309879303,True
qb_000651,quality_of_life,qb_000651__quality_of_life,0.9102838,0.7553552985191345,0.4806303083896637,True
qb_000651,capacity_and_resources,qb_000651__capacity_and_resources,0.8544571,0.7064604759216309,0.49580469727516174,True
qb_016620,political,qb_016620__political,0.84327894,0.7075079083442688,0.4575131833553314,True
qb_016620,cultural_identity,qb_016620__cultural_identity,0.862268,0.8109257817268372,0.4529450535774231,True
qb_016620,morality,qb_016620__morality,0.8516883,0.734714686870575,0.5061545968055725,True
qb_016620,public_sentiment,qb_016620__public_sentiment,0.8380307,0.7432229518890381,0.49306273460388184,True
qb_008148,economic,qb_008148__economic,0.6478251,0.6208035349845886,0.4365994334220886,True
qb_008148,policy_prescription,qb_008148__policy_prescription,0.8296534,0.6966678500175476,0.4620180130004883,True
qb_008148,capacity_and_resources,qb_008148__capacity_and_resources,0.81444865,0.6231389045715332,0.45561084151268005,True
qb_008148,political,qb_008148__political,0.8387988,0.5988025665283203,0.4614286422729492,True
qb_004090,political,qb_004090__political,0.82122016,0.6636121869087219,0.43737491965293884,True
qb_004090,capacity_and_resources,qb_004090__capacity_and_resources,0.77036405,0.7467918992042542,0.4418347477912903,True
qb_001597,legality_constitutionality,qb_001597__legality_constitutionality,0.7918893,0.7463715672492981,0.5163652896881104,True
qb_001597,political,qb_001597__political,0.86435914,0.8527283072471619,0.4796264171600342,True
qb_001597,crime_and_punishment,qb_001597__crime_and_punishment,0.75005907,0.7721164226531982,0.43353620171546936,True
qb_001597,security_and_defense,qb_001597__security_and_defense,0.8854263,0.7757652401924133,0.5101525187492371,True
qb_020278,external_regulation,qb_020278__external_regulation,0.85958576,0.8229886293411255,0.42245036363601685,True
qb_020278,security_and_defense,qb_020278__security_and_defense,0.8246507,0.8110815286636353,0.4446188509464264,True
qb_020278,political,qb_020278__political,0.83579576,0.7547029256820679,0.5161454677581787,True
qb_003052,political,qb_003052__political,0.72833335,0.7046716213226318,0.5368706583976746,True
qb_003052,public_sentiment,qb_003052__public_sentiment,0.845093,0.694872260093689,0.5000761151313782,True
qb_016140,political,qb_016140__political,0.824904,0.5428480505943298,0.47938093543052673,True
qb_016140,health_and_safety,qb_016140__health_and_safety,0.7070597,0.6669909954071045,0.44346413016319275,True
qb_016140,policy_prescription,qb_016140__policy_prescription,0.74411714,0.6217653751373291,0.4583422541618347,True
qb_016140,fairness_and_equality,qb_016140__fairness_and_equality,0.8673396,0.676136314868927,0.46827998757362366,True
qb_016140,cultural_identity,qb_016140__cultural_identity,0.8760673,0.7297043800354004,0.4320700764656067,True
qb_017395,policy_prescription,qb_017395__policy_prescription,0.7151681,0.6911137104034424,0.44770097732543945,True
qb_017395,economic,qb_017395__economic,0.7998373,0.6104689836502075,0.41958147287368774,True
qb_017395,capacity_and_resources,qb_017395__capacity_and_resources,0.7054963,0.6709785461425781,0.40955719351768494,True
qb_018972,legality_constitutionality,qb_018972__legality_constitutionality,0.7568252,0.6474276781082153,0.4004270136356354,True
qb_018972,fairness_and_equality,qb_018972__fairness_and_equality,0.76075065,0.632426917552948,0.4433131217956543,True
qb_018972,cultural_identity,qb_018972__cultural_identity,0.7684312,0.6747183799743652,0.4631570875644684,True
qb_019636,external_regulation,qb_019636__external_regulation,0.63710666,0.6807295680046082,0.4335852563381195,True
qb_019636,security_and_defense,qb_019636__security_and_defense,0.7662286,0.7041544914245605,0.5191494226455688,True
qb_019636,economic,qb_019636__economic,0.8094528,0.6969857215881348,0.462362676858902,True
qb_019636,political,qb_019636__political,0.80436516,0.6705760359764099,0.4711345136165619,True
qb_004097,economic,qb_004097__economic,0.75947404,0.7077473402023315,0.40086984634399414,True
qb_004097,capacity_and_resources,qb_004097__capacity_and_resources,0.81118363,0.7575815320014954,0.4246474802494049,True
qb_004097,quality_of_life,qb_004097__quality_of_life,0.7985096,0.7324363589286804,0.4570087492465973,True
qb_001695,policy_prescription,qb_001695__policy_prescription,0.8143285,0.7744414210319519,0.4479962885379791,True
qb_001695,legality_constitutionality,qb_001695__legality_constitutionality,0.6987178,0.5849916338920593,0.48522692918777466,True
qb_001695,political,qb_001695__political,0.744133,0.7642080783843994,0.4743650555610657,True
qb_001695,cultural_identity,qb_001695__cultural_identity,0.8769171,0.7384647727012634,0.49248427152633667,True
qb_012645,political,qb_012645__political,0.80559456,0.7344808578491211,0.4841640889644623,True
qb_012645,economic,qb_012645__economic,0.797014,0.716656506061554,0.42444515228271484,True
qb_012645,public_sentiment,qb_012645__public_sentiment,0.8213315,0.7919491529464722,0.45376157760620117,True
qb_018354,health_and_safety,qb_018354__health_and_safety,0.79108536,0.6996636986732483,0.4932876229286194,True
qb_018354,capacity_and_resources,qb_018354__capacity_and_resources,0.8391296,0.616644561290741,0.40407466888427734,True
qb_018354,policy_prescription,qb_018354__policy_prescription,0.8480976,0.7162513732910156,0.5025168657302856,True
qb_018354,quality_of_life,qb_018354__quality_of_life,0.7715832,0.6145533919334412,0.4441830515861511,True
qb_001418,political,qb_001418__political,0.8638866,0.674416720867157,0.43486300110816956,True
qb_001418,legality_constitutionality,qb_001418__legality_constitutionality,0.656706,0.5171792507171631,0.47491949796676636,True
qb_001418,cultural_identity,qb_001418__cultural_identity,0.79015636,0.5276198983192444,0.41449180245399475,True
qb_001418,public_sentiment,qb_001418__public_sentiment,0.82545286,0.5521206855773926,0.46340781450271606,True
qb_007850,political,qb_007850__political,0.92889005,0.7200877070426941,0.44224992394447327,True
qb_007850,legality_constitutionality,qb_007850__legality_constitutionality,0.7918195,0.6483268737792969,0.5041764974594116,True
qb_007850,external_regulation,qb_007850__external_regulation,0.7635534,0.640964686870575,0.42544645071029663,True
qb_007850,policy_prescription,qb_007850__policy_prescription,0.7397691,0.652622640132904,0.4724367558956146,True
qb_014586,policy_prescription,qb_014586__policy_prescription,0.80789554,0.738153338432312,0.4955523908138275,True
qb_014586,security_and_defense,qb_014586__security_and_defense,0.7281362,0.6612952947616577,0.47680336236953735,True
qb_014586,political,qb_014586__political,0.82439494,0.7158563137054443,0.46984362602233887,True
qb_015658,policy_prescription,qb_015658__policy_prescription,0.6855652,0.699866533279419,0.4318219721317291,True
qb_015658,health_and_safety,qb_015658__health_and_safety,0.8606044,0.728352963924408,0.44249191880226135,True
qb_015658,economic,qb_015658__economic,0.79277205,0.7472087740898132,0.4921762943267822,True
qb_015658,political,qb_015658__political,0.87680113,0.8018924593925476,0.5074549913406372,True
qb_003713,economic,qb_003713__economic,0.8826475,0.8014745712280273,0.4834659695625305,True
qb_003713,capacity_and_resources,qb_003713__capacity_and_resources,0.8045825,0.7476987838745117,0.4660874009132385,True
qb_003713,health_and_safety,qb_003713__health_and_safety,0.7252475,0.7329837679862976,0.4899922013282776,True
qb_003713,political,qb_003713__political,0.8312276,0.7892678380012512,0.4935140609741211,True
qb_015095,policy_prescription,qb_015095__policy_prescription,0.78751063,0.7736566662788391,0.4440339207649231,True
qb_015095,legality_constitutionality,qb_015095__legality_constitutionality,0.74978185,0.7347334623336792,0.46342843770980835,True
qb_015095,public_sentiment,qb_015095__public_sentiment,0.78280294,0.633880615234375,0.39888209104537964,True
qb_015095,health_and_safety,qb_015095__health_and_safety,0.7805345,0.6454852819442749,0.41133928298950195,True
qb_015095,political,qb_015095__political,0.80530024,0.7760591506958008,0.4613564610481262,True
qb_007115,economic,qb_007115__economic,0.73804104,0.6630555391311646,0.4648844301700592,True
qb_007115,public_sentiment,qb_007115__public_sentiment,0.8547159,0.6463640928268433,0.45279794931411743,True
qb_007115,capacity_and_resources,qb_007115__capacity_and_resources,0.80291194,0.604331910610199,0.4314665198326111,True
qb_015502,legality_constitutionality,qb_015502__legality_constitutionality,0.8703893,0.7086966633796692,0.46865028142929077,True
qb_015502,crime_and_punishment,qb_015502__crime_and_punishment,0.8332077,0.7185478210449219,0.47156673669815063,True
qb_015502,security_and_defense,qb_015502__security_and_defense,0.8151898,0.7994604110717773,0.5016381144523621,True
qb_015502,political,qb_015502__political,0.84617263,0.7668746113777161,0.5005179643630981,True
qb_015825,morality,qb_015825__morality,0.89403886,0.7467637658119202,0.49002161622047424,True
qb_015825,crime_and_punishment,qb_015825__crime_and_punishment,0.8024187,0.5630717873573303,0.45531630516052246,True
qb_015825,cultural_identity,qb_015825__cultural_identity,0.8461393,0.651805579662323,0.4713577330112457,True
qb_015825,political,qb_015825__political,0.84816706,0.7036026120185852,0.5001794099807739,True
qb_021114,political,qb_021114__political,0.72522366,0.7072751522064209,0.48345136642456055,True
qb_021114,health_and_safety,qb_021114__health_and_safety,0.8666005,0.6497966051101685,0.47804537415504456,True
qb_021114,legality_constitutionality,qb_021114__legality_constitutionality,0.8147217,0.6045296788215637,0.4339396357536316,True
qb_012507,economic,qb_012507__economic,0.7905365,0.7857334017753601,0.46677714586257935,True
qb_012507,policy_prescription,qb_012507__policy_prescription,0.8263256,0.7484771013259888,0.41570180654525757,True
qb_012507,fairness_and_equality,qb_012507__fairness_and_equality,0.888687,0.7476802468299866,0.4691193699836731,True
qb_012507,political,qb_012507__political,0.8430635,0.7449330687522888,0.4709722101688385,True
qb_012507,quality_of_life,qb_012507__quality_of_life,0.7542771,0.7555283308029175,0.4279078543186188,True
qb_009905,public_sentiment,qb_009905__public_sentiment,0.90875775,0.76008141040802,0.43981465697288513,True
qb_009905,morality,qb_009905__morality,0.8672073,0.7358773350715637,0.4286973476409912,True
qb_007106,policy_prescription,qb_007106__policy_prescription,0.8670622,0.773670494556427,0.46808117628097534,True
qb_007106,political,qb_007106__political,0.832454,0.7922368049621582,0.503900408744812,True
qb_007106,public_sentiment,qb_007106__public_sentiment,0.8542465,0.7284999489784241,0.46725863218307495,True
qb_007106,security_and_defense,qb_007106__security_and_defense,0.7930035,0.7705954909324646,0.4668750762939453,True
qb_018041,capacity_and_resources,qb_018041__capacity_and_resources,0.7874238,0.7530789971351624,0.4687843918800354,True
qb_018041,quality_of_life,qb_018041__quality_of_life,0.86961627,0.77251136302948,0.404689222574234,True
qb_008050,economic,qb_008050__economic,0.7217922,0.6102373600006104,0.43762698769569397,True
qb_008050,political,qb_008050__political,0.76785016,0.6248706579208374,0.4823945164680481,True
qb_012191,legality_constitutionality,qb_012191__legality_constitutionality,0.7339812,0.7232377529144287,0.46142464876174927,True
qb_012191,cultural_identity,qb_012191__cultural_identity,0.78000104,0.6594496369361877,0.41908302903175354,True
qb_012191,political,qb_012191__political,0.81302834,0.6492236256599426,0.5093973278999329,True
qb_016989,policy_prescription,qb_016989__policy_prescription,0.86909336,0.8356059789657593,0.45278239250183105,True
qb_016989,economic,qb_016989__economic,0.88355327,0.7916674017906189,0.40331974625587463,True
qb_016989,political,qb_016989__political,0.8934036,0.7564202547073364,0.47249895334243774,True
qb_010992,political,qb_010992__political,0.68512577,0.7332870364189148,0.5042139291763306,True
qb_010992,economic,qb_010992__economic,0.76797104,0.6584477424621582,0.39613038301467896,True
qb_010992,fairness_and_equality,qb_010992__fairness_and_equality,0.7713864,0.7365484237670898,0.4437231421470642,True
qb_010992,morality,qb_010992__morality,0.81869125,0.6977798938751221,0.4383677840232849,True
qb_020013,political,qb_020013__political,0.8793738,0.8186081647872925,0.4431752562522888,True
qb_020013,public_sentiment,qb_020013__public_sentiment,0.7746426,0.8141272068023682,0.5114219784736633,True
qb_005307,legality_constitutionality,qb_005307__legality_constitutionality,0.8278351,0.7434566020965576,0.4780313968658447,True
qb_005307,political,qb_005307__political,0.79193634,0.7337233424186707,0.4614529609680176,True
qb_005307,security_and_defense,qb_005307__security_and_defense,0.7476939,0.7423304915428162,0.5152698755264282,True
qb_005307,crime_and_punishment,qb_005307__crime_and_punishment,0.8477842,0.7122647166252136,0.4704243540763855,True
qb_004358,crime_and_punishment,qb_004358__crime_and_punishment,0.78374463,0.6902467012405396,0.4338562488555908,True
qb_004358,policy_prescription,qb_004358__policy_prescription,0.87005943,0.740841269493103,0.4794227182865143,True
qb_004358,legality_constitutionality,qb_004358__legality_constitutionality,0.7349629,0.6002516746520996,0.4652242660522461,True
qb_004358,fairness_and_equality,qb_004358__fairness_and_equality,0.8218974,0.6607446074485779,0.4506344199180603,True
qb_004358,public_sentiment,qb_004358__public_sentiment,0.88591254,0.7150768041610718,0.5020769238471985,True
qb_004358,political,qb_004358__political,0.77064073,0.6821849942207336,0.48805302381515503,True
qb_010524,policy_prescription,qb_010524__policy_prescription,0.88870645,0.7218617796897888,0.5210121273994446,True
qb_010524,political,qb_010524__political,0.86280644,0.6433197855949402,0.5039657354354858,True
qb_010524,health_and_safety,qb_010524__health_and_safety,0.7747798,0.5039461255073547,0.43875861167907715,True
qb_010524,crime_and_punishment,qb_010524__crime_and_punishment,0.8066416,0.6618908643722534,0.4991949200630188,True
qb_011604,economic,qb_011604__economic,0.8535706,0.7530148029327393,0.4768642783164978,True
qb_011604,policy_prescription,qb_011604__policy_prescription,0.88696957,0.8444214463233948,0.531931459903717,True
qb_011604,external_regulation,qb_011604__external_regulation,0.84014827,0.7359092831611633,0.4802301526069641,True
qb_011604,legality_constitutionality,qb_011604__legality_constitutionality,0.7388382,0.7578839659690857,0.4931502342224121,True
qb_016725,legality_constitutionality,qb_016725__legality_constitutionality,0.7547412,0.7073919773101807,0.42831307649612427,True
qb_016725,policy_prescription,qb_016725__policy_prescription,0.79172736,0.5894846320152283,0.5129762887954712,True
qb_016725,political,qb_016725__political,0.7441067,0.6029666662216187,0.4956088066101074,True
qb_018042,health_and_safety,qb_018042__health_and_safety,0.7729376,0.6776261925697327,0.3887908458709717,True
qb_018042,public_sentiment,qb_018042__public_sentiment,0.83054155,0.6503737568855286,0.4372618794441223,True
qb_018042,policy_prescription,qb_018042__policy_prescription,0.8274066,0.6657845377922058,0.4032396674156189,True
qb_018042,capacity_and_resources,qb_018042__capacity_and_resources,0.7642987,0.6487548351287842,0.4309356212615967,True
qb_018042,quality_of_life,qb_018042__quality_of_life,0.7671963,0.6988807916641235,0.38389843702316284,True
qb_018220,political,qb_018220__political,0.848299,0.7841767072677612,0.5103212594985962,True
qb_018220,policy_prescription,qb_018220__policy_prescription,0.8294089,0.7436121702194214,0.4843701422214508,True
qb_018220,morality,qb_018220__morality,0.90304023,0.7513556480407715,0.4623446464538574,True
qb_013927,security_and_defense,qb_013927__security_and_defense,0.7750331,0.7156932353973389,0.45329514145851135,True
qb_013927,external_regulation,qb_013927__external_regulation,0.81997883,0.7126744985580444,0.44467753171920776,True
qb_013927,political,qb_013927__political,0.76454145,0.7183705568313599,0.4556885361671448,True
qb_003166,political,qb_003166__political,0.8448366,0.4475821256637573,0.4326837956905365,True
qb_003166,legality_constitutionality,qb_003166__legality_constitutionality,0.7187321,0.6031007766723633,0.46638840436935425,True
qb_003166,public_sentiment,qb_003166__public_sentiment,0.8058721,0.5851537585258484,0.4631163477897644,True
qb_001786,political,qb_001786__political,0.8283003,0.5646862983703613,0.4290701746940613,True
qb_001786,policy_prescription,qb_001786__policy_prescription,0.85931146,0.6927443742752075,0.4416705071926117,True
qb_001786,economic,qb_001786__economic,0.77959406,0.6330769062042236,0.4498909115791321,True
qb_009900,legality_constitutionality,qb_009900__legality_constitutionality,0.79226005,0.798276960849762,0.44886231422424316,True
qb_009900,political,qb_009900__political,0.7693825,0.7124139666557312,0.4698624014854431,True
qb_009900,policy_prescription,qb_009900__policy_prescription,0.758909,0.6059085726737976,0.47610458731651306,True
qb_004790,economic,qb_004790__economic,0.7160043,0.7639152407646179,0.44321781396865845,True
qb_004790,health_and_safety,qb_004790__health_and_safety,0.77442724,0.746420681476593,0.4076596796512604,True
qb_004790,policy_prescription,qb_004790__policy_prescription,0.87308633,0.7162662744522095,0.4197722375392914,True
qb_004790,public_sentiment,qb_004790__public_sentiment,0.7728741,0.7004508376121521,0.4560880661010742,True
qb_004790,capacity_and_resources,qb_004790__capacity_and_resources,0.7923658,0.7428649663925171,0.4671100676059723,True
qb_004790,fairness_and_equality,qb_004790__fairness_and_equality,0.77274406,0.758348822593689,0.4415460526943207,True
qb_004790,quality_of_life,qb_004790__quality_of_life,0.75705355,0.7518214583396912,0.4316893517971039,True
qb_011345,fairness_and_equality,qb_011345__fairness_and_equality,0.7606499,0.6788407564163208,0.4092031419277191,True
qb_011345,policy_prescription,qb_011345__policy_prescription,0.73425555,0.7193773984909058,0.42501646280288696,True
qb_011345,economic,qb_011345__economic,0.80649614,0.68770432472229,0.4225233495235443,True
qb_011345,crime_and_punishment,qb_011345__crime_and_punishment,0.88172424,0.7097368240356445,0.4191860258579254,True
qb_011345,political,qb_011345__political,0.82981694,0.7365655899047852,0.4658934473991394,True
qb_011345,public_sentiment,qb_011345__public_sentiment,0.8665303,0.7611379027366638,0.42461785674095154,True
qb_011345,morality,qb_011345__morality,0.8672309,0.7187589406967163,0.43893712759017944,True
qb_011345,cultural_identity,qb_011345__cultural_identity,0.80104315,0.6859310865402222,0.3674785792827606,True
qb_011507,political,qb_011507__political,0.8158361,0.7423540353775024,0.5737125277519226,True
qb_011507,legality_constitutionality,qb_011507__legality_constitutionality,0.7937099,0.7629318237304688,0.43676120042800903,True
qb_011507,policy_prescription,qb_011507__policy_prescription,0.74594355,0.7705467939376831,0.45081180334091187,True
qb_011507,morality,qb_011507__morality,0.78691345,0.6877529621124268,0.5060623288154602,True
qb_011507,public_sentiment,qb_011507__public_sentiment,0.8038661,0.6320825815200806,0.49333494901657104,True
qb_020540,policy_prescription,qb_020540__policy_prescription,0.8384118,0.7666031122207642,0.4637187421321869,True
qb_020540,crime_and_punishment,qb_020540__crime_and_punishment,0.8407279,0.744667112827301,0.4585549235343933,True
qb_020540,political,qb_020540__political,0.83073664,0.5927702188491821,0.5466249585151672,True
qb_020540,legality_constitutionality,qb_020540__legality_constitutionality,0.6878083,0.6234060525894165,0.4787295460700989,True
qb_020540,public_sentiment,qb_020540__public_sentiment,0.8489374,0.5988432168960571,0.46662598848342896,True
qb_020540,economic,qb_020540__economic,0.7797307,0.7330626249313354,0.44239145517349243,True
qb_020540,capacity_and_resources,qb_020540__capacity_and_resources,0.83158076,0.7275639772415161,0.5121248364448547,True
qb_015831,political,qb_015831__political,0.8588556,0.562227189540863,0.45872488617897034,True
qb_015831,public_sentiment,qb_015831__public_sentiment,0.86877155,0.6830291748046875,0.5153676271438599,True
qb_015831,health_and_safety,qb_015831__health_and_safety,0.7839302,0.6355898380279541,0.4759907126426697,True
qb_003917,political,qb_003917__political,0.7943912,0.7340206503868103,0.5215315818786621,True
qb_003917,security_and_defense,qb_003917__security_and_defense,0.65758264,0.5743751525878906,0.44406938552856445,True
qb_003917,policy_prescription,qb_003917__policy_prescription,0.7003904,0.6559739708900452,0.49086886644363403,True
qb_006746,legality_constitutionality,qb_006746__legality_constitutionality,0.8648678,0.5634234547615051,0.45937857031822205,True
qb_006746,political,qb_006746__political,0.77505624,0.7499696612358093,0.4826420843601227,True
qb_006746,fairness_and_equality,qb_006746__fairness_and_equality,0.827565,0.6919563412666321,0.5127059817314148,True
qb_006746,public_sentiment,qb_006746__public_sentiment,0.7373637,0.5328691005706787,0.482673704624176,True
qb_007546,crime_and_punishment,qb_007546__crime_and_punishment,0.76615334,0.7421724796295166,0.4372057318687439,True
qb_007546,legality_constitutionality,qb_007546__legality_constitutionality,0.7034958,0.756472110748291,0.442462295293808,True
qb_007546,security_and_defense,qb_007546__security_and_defense,0.7487741,0.6742867231369019,0.4412058889865875,True
qb_011687,political,qb_011687__political,0.7645726,0.4478079676628113,0.4674617350101471,True
qb_011687,legality_constitutionality,qb_011687__legality_constitutionality,0.82658243,0.6180281639099121,0.45567479729652405,True
qb_011687,public_sentiment,qb_011687__public_sentiment,0.84322095,0.7477801442146301,0.46855050325393677,True
qb_012764,health_and_safety,qb_012764__health_and_safety,0.7845402,0.7300889492034912,0.4688432216644287,True
qb_012764,capacity_and_resources,qb_012764__capacity_and_resources,0.8611311,0.7052498459815979,0.4301334023475647,True
qb_012764,policy_prescription,qb_012764__policy_prescription,0.82127,0.7088926434516907,0.409604549407959,True
qb_012764,quality_of_life,qb_012764__quality_of_life,0.716407,0.7562010884284973,0.41911640763282776,True
qb_012764,public_sentiment,qb_012764__public_sentiment,0.88070965,0.7306947112083435,0.46811825037002563,True
qb_012764,morality,qb_012764__morality,0.82859313,0.7434388399124146,0.4451278746128082,True
qb_003791,policy_prescription,qb_003791__policy_prescription,0.8786305,0.8150686025619507,0.4264999032020569,True
qb_003791,political,qb_003791__political,0.80442286,0.7817630767822266,0.3798573613166809,True
qb_003791,cultural_identity,qb_003791__cultural_identity,0.8510883,0.756438136100769,0.39298999309539795,True
qb_018838,legality_constitutionality,qb_018838__legality_constitutionality,0.83759564,0.7937746047973633,0.49930399656295776,True
qb_018838,political,qb_018838__political,0.8644426,0.766489565372467,0.4883001446723938,True
qb_018838,policy_prescription,qb_018838__policy_prescription,0.8275006,0.7873261570930481,0.5091476440429688,True
qb_018838,security_and_defense,qb_018838__security_and_defense,0.88234174,0.7736479043960571,0.4801361560821533,True
qb_018838,crime_and_punishment,qb_018838__crime_and_punishment,0.8768972,0.7689791917800903,0.46313348412513733,True
qb_003737,legality_constitutionality,qb_003737__legality_constitutionality,0.915548,0.7647225260734558,0.4429359436035156,True
qb_003737,morality,qb_003737__morality,0.8680694,0.7735649943351746,0.4521588683128357,True
qb_003737,health_and_safety,qb_003737__health_and_safety,0.75137186,0.7715454697608948,0.47093144059181213,True
qb_003737,policy_prescription,qb_003737__policy_prescription,0.8014493,0.7267250418663025,0.45813751220703125,True
qb_003737,economic,qb_003737__economic,0.86496675,0.7220636606216431,0.43838638067245483,True
qb_002477,political,qb_002477__political,0.80574447,,0.45974206924438477,False
qb_003651,legality_constitutionality,qb_003651__legality_constitutionality,0.8632301,0.8426831960678101,0.4429891109466553,True
qb_003651,political,qb_003651__political,0.84639454,0.7341524362564087,0.4828520715236664,True
qb_003651,economic,qb_003651__economic,0.85774183,0.8217916488647461,0.4563923478126526,True
qb_006170,legality_constitutionality,qb_006170__legality_constitutionality,0.71185327,0.6858908534049988,0.4728657305240631,True
qb_006170,capacity_and_resources,qb_006170__capacity_and_resources,0.8261892,0.7145645618438721,0.4284787178039551,True
qb_006170,political,qb_006170__political,0.6849118,0.678119957447052,0.4729520380496979,True
qb_006170,crime_and_punishment,qb_006170__crime_and_punishment,0.7520209,0.6396811008453369,0.43349403142929077,True
qb_006170,morality,qb_006170__morality,0.79967415,0.6929675340652466,0.4944596290588379,True
qb_012157,political,qb_012157__political,0.84584117,0.7807266712188721,0.452314555644989,True
qb_012157,capacity_and_resources,qb_012157__capacity_and_resources,0.82451713,0.7291289567947388,0.46540147066116333,True
qb_017711,political,qb_017711__political,0.7002112,0.5231896638870239,0.4182470440864563,True
qb_017711,policy_prescription,qb_017711__policy_prescription,0.6629765,0.5238713026046753,0.49237099289894104,True
qb_015303,policy_prescription,qb_015303__policy_prescription,0.7927373,0.7260909080505371,0.477861225605011,True
qb_015303,health_and_safety,qb_015303__health_and_safety,0.8294902,0.7372906804084778,0.4122041165828705,True
qb_015303,political,qb_015303__political,0.8093874,0.5915895700454712,0.4706937372684479,True
qb_015303,legality_constitutionality,qb_015303__legality_constitutionality,0.77172506,0.7485323548316956,0.4810657501220703,True
qb_015303,economic,qb_015303__economic,0.78147966,0.7378575801849365,0.4626253545284271,True
qb_018162,security_and_defense,qb_018162__security_and_defense,0.80767214,0.7723010778427124,0.5157126784324646,True
qb_018162,political,qb_018162__political,0.8085377,0.7351686954498291,0.49441275000572205,True
qb_018162,policy_prescription,qb_018162__policy_prescription,0.8189204,0.7520702481269836,0.46126788854599,True
qb_018162,capacity_and_resources,qb_018162__capacity_and_resources,0.77567726,0.7106460332870483,0.43547558784484863,True
qb_018162,cultural_identity,qb_018162__cultural_identity,0.7871659,0.7319782972335815,0.45636600255966187,True
qb_014773,political,qb_014773__political,0.7773292,0.6861245632171631,0.4775156080722809,True
qb_014773,policy_prescription,qb_014773__policy_prescription,0.6840327,0.6069923639297485,0.4540652334690094,True
qb_014773,capacity_and_resources,qb_014773__capacity_and_resources,0.7892205,0.7059392929077148,0.4652181565761566,True
qb_006644,security_and_defense,qb_006644__security_and_defense,0.7200391,0.6891537308692932,0.43592819571495056,True
qb_006644,political,qb_006644__political,0.7382481,0.6677968502044678,0.3939915597438812,True
qb_006644,external_regulation,qb_006644__external_regulation,0.78884524,0.6775332689285278,0.46283721923828125,True
qb_006644,cultural_identity,qb_006644__cultural_identity,0.8735361,0.6586108207702637,0.3998562693595886,True
qb_006644,capacity_and_resources,qb_006644__capacity_and_resources,0.76566964,0.6073501110076904,0.41343602538108826,True
qb_001848,policy_prescription,qb_001848__policy_prescription,0.8319934,0.7795149683952332,0.49674710631370544,True
qb_001848,legality_constitutionality,qb_001848__legality_constitutionality,0.7726889,0.7805235981941223,0.4967837333679199,True
qb_001848,health_and_safety,qb_001848__health_and_safety,0.7918899,0.7099266648292542,0.47304803133010864,True
qb_001848,political,qb_001848__political,0.81919444,0.7170407176017761,0.5039097666740417,True
qb_001694,legality_constitutionality,qb_001694__legality_constitutionality,0.7946762,0.5970395803451538,0.4793683886528015,True
qb_001694,political,qb_001694__political,0.7336043,0.6427888870239258,0.5074293613433838,True
qb_009307,policy_prescription,qb_009307__policy_prescription,0.7722354,0.6559329032897949,0.43630391359329224,True
qb_009307,fairness_and_equality,qb_009307__fairness_and_equality,0.77964884,0.7262789607048035,0.4543197751045227,True
qb_009307,political,qb_009307__political,0.7189614,0.7233325839042664,0.445528119802475,True
qb_009307,public_sentiment,qb_009307__public_sentiment,0.67148674,0.7021898031234741,0.4683803617954254,True
qb_009307,health_and_safety,qb_009307__health_and_safety,0.7911613,0.6708658337593079,0.42577800154685974,True
qb_000775,political,qb_000775__political,0.82384866,0.7070128917694092,0.4930846095085144,True
qb_000775,policy_prescription,qb_000775__policy_prescription,0.7665343,0.6790091395378113,0.4640878736972809,True
qb_000775,economic,qb_000775__economic,0.749119,0.6880422234535217,0.46669310331344604,True
qb_000775,external_regulation,qb_000775__external_regulation,0.81478477,0.7567324042320251,0.43880319595336914,True
qb_020486,security_and_defense,qb_020486__security_and_defense,0.74294424,0.6879653930664062,0.46291857957839966,True
qb_020486,policy_prescription,qb_020486__policy_prescription,0.69067514,0.6516793370246887,0.4251375198364258,True
qb_020486,political,qb_020486__political,0.8120632,0.68296879529953,0.4951394200325012,True
qb_020486,public_sentiment,qb_020486__public_sentiment,0.8208361,0.7341593503952026,0.49773159623146057,True
qb_020486,external_regulation,qb_020486__external_regulation,0.8322738,0.6993464231491089,0.47574687004089355,True
qb_020486,morality,qb_020486__morality,0.6991961,0.5943783521652222,0.4732810854911804,True
qb_015423,capacity_and_resources,qb_015423__capacity_and_resources,0.7765937,0.7009599208831787,0.4540706276893616,True
qb_015423,legality_constitutionality,qb_015423__legality_constitutionality,0.7925914,0.6834592819213867,0.4446924328804016,True
qb_002260,political,qb_002260__political,0.86602503,0.7206497192382812,0.5083754658699036,True
qb_002260,legality_constitutionality,qb_002260__legality_constitutionality,0.6802726,0.7252522706985474,0.4507216811180115,True
qb_002260,public_sentiment,qb_002260__public_sentiment,0.83984727,0.7176096439361572,0.5079554915428162,True
qb_002260,external_regulation,qb_002260__external_regulation,0.8528614,0.7033882141113281,0.5628955960273743,True
qb_002260,crime_and_punishment,qb_002260__crime_and_punishment,0.82913864,0.7397960424423218,0.5202161073684692,True
qb_021078,fairness_and_equality,qb_021078__fairness_and_equality,0.78761435,0.6074693202972412,0.4843774735927582,True
qb_021078,political,qb_021078__political,0.8791784,0.8031511306762695,0.5099180340766907,True
qb_021078,public_sentiment,qb_021078__public_sentiment,0.6473862,0.7828242778778076,0.44828280806541443,True
qb_007296,political,qb_007296__political,0.8971217,0.7162858247756958,0.446066677570343,True
qb_007296,morality,qb_007296__morality,0.7237078,0.674932062625885,0.5004437565803528,True
qb_007296,public_sentiment,qb_007296__public_sentiment,0.88460565,0.7604396343231201,0.4756649136543274,True
qb_014243,policy_prescription,qb_014243__policy_prescription,0.7928745,0.7268993854522705,0.4494631886482239,True
qb_014243,legality_constitutionality,qb_014243__legality_constitutionality,0.8008667,0.743258535861969,0.5508241653442383,True
qb_014243,economic,qb_014243__economic,0.77742064,0.7263141870498657,0.4612649083137512,True
qb_014243,political,qb_014243__political,0.84760135,0.6855878233909607,0.48899394273757935,True
qb_014243,health_and_safety,qb_014243__health_and_safety,0.85888994,0.7095977067947388,0.4838860034942627,True
qb_012526,political,qb_012526__political,0.8791789,0.6978583931922913,0.4673340320587158,True
qb_012526,security_and_defense,qb_012526__security_and_defense,0.8372184,0.7693578004837036,0.3967670500278473,True
qb_019709,political,qb_019709__political,0.81849504,0.771247148513794,0.464158833026886,True
qb_019709,morality,qb_019709__morality,0.7901985,0.6688021421432495,0.507050096988678,True
qb_019709,security_and_defense,qb_019709__security_and_defense,0.8169944,0.721234917640686,0.5068410038948059,True
qb_007040,legality_constitutionality,qb_007040__legality_constitutionality,0.7430059,0.7691006660461426,0.4425390660762787,True
qb_007040,crime_and_punishment,qb_007040__crime_and_punishment,0.8281359,0.741127073764801,0.45665794610977173,True
qb_007040,economic,qb_007040__economic,0.8253027,0.7819280028343201,0.5013893842697144,True
qb_007040,political,qb_007040__political,0.81370544,0.722527801990509,0.46040549874305725,True
qb_004491,security_and_defense,qb_004491__security_and_defense,0.83426666,0.8041527271270752,0.40589776635169983,True
qb_004491,policy_prescription,qb_004491__policy_prescription,0.76993746,0.7289760112762451,0.43098872900009155,True
qb_004491,legality_constitutionality,qb_004491__legality_constitutionality,0.8349576,0.7196509838104248,0.44580191373825073,True
qb_004491,political,qb_004491__political,0.8467259,0.7411289811134338,0.5091012716293335,True
qb_004491,external_regulation,qb_004491__external_regulation,0.7829421,0.7622866034507751,0.48052453994750977,True
qb_003304,political,qb_003304__political,0.8244022,0.6263585090637207,0.4939252436161041,True
qb_003304,legality_constitutionality,qb_003304__legality_constitutionality,0.85420585,0.6373127102851868,0.42990046739578247,True
qb_003304,policy_prescription,qb_003304__policy_prescription,0.70837307,0.6286233067512512,0.4172610342502594,True
qb_003304,public_sentiment,qb_003304__public_sentiment,0.9067021,0.6816464066505432,0.48959118127822876,True
qb_017477,political,qb_017477__political,0.77629864,0.6783727407455444,0.5143125653266907,True
qb_017477,health_and_safety,qb_017477__health_and_safety,0.6381407,0.597678005695343,0.4725854992866516,True
qb_017477,capacity_and_resources,qb_017477__capacity_and_resources,0.83809304,0.7422858476638794,0.5461869239807129,True
qb_017477,public_sentiment,qb_017477__public_sentiment,0.8306137,0.751727283000946,0.47777995467185974,True
qb_017477,policy_prescription,qb_017477__policy_prescription,0.68943214,0.653179943561554,0.4499080777168274,True
qb_002097,political,qb_002097__political,0.8490299,0.7111141085624695,0.46812567114830017,True
qb_002097,legality_constitutionality,qb_002097__legality_constitutionality,0.81866026,0.7289738059043884,0.48544907569885254,True
qb_002097,external_regulation,qb_002097__external_regulation,0.6478352,0.6461687088012695,0.5046737790107727,True
qb_002097,policy_prescription,qb_002097__policy_prescription,0.7764429,0.71153324842453,0.5044087171554565,True
qb_002097,security_and_defense,qb_002097__security_and_defense,0.8300963,0.7438808679580688,0.5321670770645142,True
qb_010600,cultural_identity,qb_010600__cultural_identity,0.8517573,0.6311968564987183,0.4295475482940674,True
qb_010600,public_sentiment,qb_010600__public_sentiment,0.8779099,0.6375620365142822,0.45596012473106384,True
qb_010600,fairness_and_equality,qb_010600__fairness_and_equality,0.82067883,0.6020712852478027,0.4925662577152252,True
qb_010600,policy_prescription,qb_010600__policy_prescription,0.8550111,0.6371581554412842,0.46090561151504517,True
qb_010600,crime_and_punishment,qb_010600__crime_and_punishment,0.7639829,0.5643656253814697,0.44541940093040466,True
qb_017820,economic,qb_017820__economic,0.6987165,0.6400325894355774,0.4283086359500885,True
qb_017820,capacity_and_resources,qb_017820__capacity_and_resources,0.78362787,0.7216478586196899,0.4350945055484772,True
qb_017820,health_and_safety,qb_017820__health_and_safety,0.7284379,0.6185728311538696,0.4491717219352722,True
qb_001199,legality_constitutionality,qb_001199__legality_constitutionality,0.8488075,0.8212223649024963,0.4982089400291443,True
qb_001199,political,qb_001199__political,0.8736185,0.8169381022453308,0.4468226432800293,True
qb_001199,external_regulation,qb_001199__external_regulation,0.86474514,0.8299222588539124,0.43407097458839417,True
qb_001199,crime_and_punishment,qb_001199__crime_and_punishment,0.8372997,0.8267623782157898,0.4380970597267151,True
qb_003725,political,qb_003725__political,0.8057048,0.6935145854949951,0.48495787382125854,True
qb_003725,crime_and_punishment,qb_003725__crime_and_punishment,0.80633277,0.7637561559677124,0.47714757919311523,True
qb_003725,legality_constitutionality,qb_003725__legality_constitutionality,0.83826745,0.6665939092636108,0.4755472242832184,True
qb_007433,economic,qb_007433__economic,0.8164732,0.5326783061027527,0.4052800238132477,True
qb_007433,political,qb_007433__political,0.8298349,0.7028985023498535,0.44814008474349976,True
qb_007433,legality_constitutionality,qb_007433__legality_constitutionality,0.7634484,0.5327659845352173,0.4798622131347656,True
qb_007433,cultural_identity,qb_007433__cultural_identity,0.9438822,0.5882753729820251,0.40239253640174866,True
qb_010901,crime_and_punishment,qb_010901__crime_and_punishment,0.7486435,0.6439358592033386,0.40969204902648926,True
qb_010901,security_and_defense,qb_010901__security_and_defense,0.7804234,0.7533820271492004,0.44327467679977417,True
qb_010901,capacity_and_resources,qb_010901__capacity_and_resources,0.74643123,0.6791321635246277,0.4210577607154846,True
qb_010901,public_sentiment,qb_010901__public_sentiment,0.7838049,0.637634813785553,0.4507220685482025,True
qb_002918,political,qb_002918__political,0.9009845,0.7613711953163147,0.504803478717804,True
qb_002918,external_regulation,qb_002918__external_regulation,0.8115336,0.5226608514785767,0.4786873459815979,True
qb_002918,security_and_defense,qb_002918__security_and_defense,0.7864065,0.6704938411712646,0.4413405954837799,True
qb_002918,legality_constitutionality,qb_002918__legality_constitutionality,0.79957104,0.5545341968536377,0.5356264114379883,True
qb_017055,capacity_and_resources,qb_017055__capacity_and_resources,0.83042073,0.750423014163971,0.4171397089958191,True
qb_017055,legality_constitutionality,qb_017055__legality_constitutionality,0.6774496,0.6021530032157898,0.41216763854026794,True
qb_017055,fairness_and_equality,qb_017055__fairness_and_equality,0.8693537,0.779010534286499,0.408627986907959,True
qb_010750,economic,qb_010750__economic,0.7284841,0.62651127576828,0.43365177512168884,True
qb_010750,policy_prescription,qb_010750__policy_prescription,0.8426316,0.7631929516792297,0.4393998086452484,True
qb_010750,capacity_and_resources,qb_010750__capacity_and_resources,0.72395205,0.5499803423881531,0.4328271448612213,True
qb_009045,security_and_defense,qb_009045__security_and_defense,0.72741044,0.7149770259857178,0.43915724754333496,True
qb_009045,capacity_and_resources,qb_009045__capacity_and_resources,0.8614672,0.7304733991622925,0.44270840287208557,True
qb_009045,political,qb_009045__political,0.7394691,0.683020293712616,0.45025864243507385,True
qb_015786,economic,qb_015786__economic,0.8690979,0.799495279788971,0.441964715719223,True
qb_015786,public_sentiment,qb_015786__public_sentiment,0.8179219,0.8104782104492188,0.4547761082649231,True
qb_015786,morality,qb_015786__morality,0.92134553,0.7802373766899109,0.4222400188446045,True
qb_015786,political,qb_015786__political,0.8706404,0.7334347367286682,0.45889750123023987,True
qb_007239,health_and_safety,qb_007239__health_and_safety,0.8451731,0.7216575741767883,0.43076586723327637,True
qb_007239,policy_prescription,qb_007239__policy_prescription,0.82484734,0.7646832466125488,0.4772282540798187,True
qb_007239,legality_constitutionality,qb_007239__legality_constitutionality,0.8172437,0.7477800846099854,0.4175270199775696,True
qb_021599,public_sentiment,qb_021599__public_sentiment,0.60737985,0.6245653629302979,0.45313921570777893,True
qb_021599,policy_prescription,qb_021599__policy_prescription,0.7681962,0.608363687992096,0.4510166049003601,True
qb_021599,political,qb_021599__political,0.71546626,0.6166887283325195,0.4681107997894287,True
qb_021599,economic,qb_021599__economic,0.8336736,0.4713527262210846,0.4322952330112457,True
qb_011105,legality_constitutionality,qb_011105__legality_constitutionality,0.7793436,0.7683993577957153,0.47520628571510315,True
qb_011105,political,qb_011105__political,0.79389346,0.7502115368843079,0.5094656348228455,True
qb_011105,economic,qb_011105__economic,0.8744907,0.7371832132339478,0.5254572629928589,True
qb_004528,political,qb_004528__political,0.66610646,0.6119741797447205,0.4427918493747711,True
qb_004528,public_sentiment,qb_004528__public_sentiment,0.69355404,0.6994645595550537,0.45606890320777893,True
qb_004528,policy_prescription,qb_004528__policy_prescription,0.8462044,0.6099196672439575,0.41422075033187866,True
qb_004528,morality,qb_004528__morality,0.8227297,0.65428626537323,0.4260597229003906,True
qb_004528,legality_constitutionality,qb_004528__legality_constitutionality,0.7669897,0.6926588416099548,0.42865046858787537,True
qb_020157,capacity_and_resources,qb_020157__capacity_and_resources,0.8737874,0.7509958148002625,0.4765722155570984,True
qb_020157,policy_prescription,qb_020157__policy_prescription,0.7899527,0.7601388692855835,0.43523868918418884,True
qb_020157,political,qb_020157__political,0.7239065,0.580262303352356,0.4504455029964447,True
qb_020157,health_and_safety,qb_020157__health_and_safety,0.7734861,0.6934226751327515,0.4505370557308197,True
qb_020157,economic,qb_020157__economic,0.7612554,0.7092995047569275,0.43007850646972656,True
qb_020157,security_and_defense,qb_020157__security_and_defense,0.879637,0.6746152639389038,0.514290452003479,True
qb_008301,fairness_and_equality,qb_008301__fairness_and_equality,0.8669567,0.7677019238471985,0.48120516538619995,True
qb_008301,policy_prescription,qb_008301__policy_prescription,0.8603029,0.9093429446220398,0.44153204560279846,True
qb_008301,political,qb_008301__political,0.80804133,0.7825086712837219,0.5365976691246033,True
qb_008301,cultural_identity,qb_008301__cultural_identity,0.91163194,0.8215827345848083,0.4791050851345062,True
qb_000266,political,qb_000266__political,0.881708,0.8264034986495972,0.5173103213310242,True
qb_000266,security_and_defense,qb_000266__security_and_defense,0.87632906,0.8765907883644104,0.43889373540878296,True
qb_009874,legality_constitutionality,qb_009874__legality_constitutionality,0.8021615,0.8232533931732178,0.4967646598815918,True
qb_009874,political,qb_009874__political,0.80602187,0.7707613706588745,0.41989558935165405,True
qb_000902,political,qb_000902__political,0.78256446,0.6482541561126709,0.5246959328651428,True
qb_000902,policy_prescription,qb_000902__policy_prescription,0.8065681,0.6883324384689331,0.4664894640445709,True
qb_000902,legality_constitutionality,qb_000902__legality_constitutionality,0.80386615,0.6356774568557739,0.46511855721473694,True
qb_001922,morality,qb_001922__morality,0.94451916,0.711770236492157,0.44746679067611694,True
qb_001922,fairness_and_equality,qb_001922__fairness_and_equality,0.7451391,0.5844767689704895,0.45401111245155334,True
qb_001922,public_sentiment,qb_001922__public_sentiment,0.7536576,0.6692379117012024,0.44407278299331665,True
qb_001922,cultural_identity,qb_001922__cultural_identity,0.77500033,0.6775920391082764,0.46370258927345276,True
qb_019653,capacity_and_resources,qb_019653__capacity_and_resources,0.896163,0.7885771989822388,0.4502665102481842,True
qb_019653,policy_prescription,qb_019653__policy_prescription,0.7698963,0.8648107051849365,0.4270041882991791,True
qb_019653,quality_of_life,qb_019653__quality_of_life,0.88229287,0.8183420896530151,0.45366930961608887,True
qb_016904,capacity_and_resources,qb_016904__capacity_and_resources,0.8152839,0.64836186170578,0.46418094635009766,True
qb_016904,political,qb_016904__political,0.78116393,0.7334156036376953,0.4887676239013672,True
qb_016904,policy_prescription,qb_016904__policy_prescription,0.68613964,0.6930246949195862,0.45705002546310425,True
qb_016904,public_sentiment,qb_016904__public_sentiment,0.8226711,0.8109402060508728,0.4479314386844635,True
qb_021163,health_and_safety,qb_021163__health_and_safety,0.80858546,0.7032280564308167,0.46070536971092224,True
qb_021163,morality,qb_021163__morality,0.841721,0.7847415208816528,0.4493136405944824,True
qb_021163,quality_of_life,qb_021163__quality_of_life,0.82148236,0.7023252248764038,0.43425649404525757,True
qb_003795,security_and_defense,qb_003795__security_and_defense,0.7122319,0.6801533699035645,0.439749538898468,True
qb_003795,external_regulation,qb_003795__external_regulation,0.7941897,0.7156157493591309,0.45465388894081116,True
qb_003795,political,qb_003795__political,0.85202736,0.617021918296814,0.508660614490509,True
qb_019673,policy_prescription,qb_019673__policy_prescription,0.7413775,0.6972250938415527,0.43081846833229065,True
qb_019673,legality_constitutionality,qb_019673__legality_constitutionality,0.8441089,0.7972400784492493,0.4547622799873352,True
qb_019673,health_and_safety,qb_019673__health_and_safety,0.75994873,0.6509886980056763,0.4667325019836426,True
qb_019673,morality,qb_019673__morality,0.7969948,0.7014511227607727,0.4121021330356598,True
qb_019673,public_sentiment,qb_019673__public_sentiment,0.82715034,0.7850890755653381,0.5037099719047546,True
qb_007750,economic,qb_007750__economic,0.760581,0.6805340647697449,0.470147043466568,True
qb_007750,policy_prescription,qb_007750__policy_prescription,0.7554246,0.6374222040176392,0.44787341356277466,True
qb_007750,health_and_safety,qb_007750__health_and_safety,0.8973704,0.6533900499343872,0.4778672158718109,True
qb_007750,quality_of_life,qb_007750__quality_of_life,0.8505963,0.6119009852409363,0.4116486608982086,True
qb_007750,capacity_and_resources,qb_007750__capacity_and_resources,0.7507299,0.7326579093933105,0.4860095977783203,True
qb_000223,political,qb_000223__political,0.7855191,0.7030854821205139,0.4294823110103607,True
qb_000223,health_and_safety,qb_000223__health_and_safety,0.7798593,0.7025258541107178,0.40161171555519104,True
qb_000223,policy_prescription,qb_000223__policy_prescription,0.7045888,0.6039786338806152,0.40961331129074097,True
qb_009672,security_and_defense,qb_009672__security_and_defense,0.82349455,0.7718029022216797,0.4606142044067383,True
qb_009672,capacity_and_resources,qb_009672__capacity_and_resources,0.83481383,0.7277487516403198,0.41184020042419434,True
qb_009672,political,qb_009672__political,0.8359169,0.698216438293457,0.46877193450927734,True
qb_014962,political,qb_014962__political,0.80071354,0.765025794506073,0.46203476190567017,True
qb_014962,public_sentiment,qb_014962__public_sentiment,0.8304415,0.7422052025794983,0.43074995279312134,True
qb_014962,legality_constitutionality,qb_014962__legality_constitutionality,0.81114227,0.5069474577903748,0.44816821813583374,True
qb_014962,security_and_defense,qb_014962__security_and_defense,0.81754184,0.6729227900505066,0.5272272825241089,True
qb_010172,policy_prescription,qb_010172__policy_prescription,0.76047844,0.6609328985214233,0.43784722685813904,True
qb_010172,external_regulation,qb_010172__external_regulation,0.7848257,0.6944811940193176,0.4221785068511963,True
qb_010172,fairness_and_equality,qb_010172__fairness_and_equality,0.8180468,0.6539541482925415,0.4248553216457367,True
qb_010172,political,qb_010172__political,0.79431295,0.6536899209022522,0.4469928741455078,True
qb_010172,security_and_defense,qb_010172__security_and_defense,0.8076751,0.7059426307678223,0.42329463362693787,True
qb_010172,public_sentiment,qb_010172__public_sentiment,0.8365212,0.691611647605896,0.4241582453250885,True
qb_012910,crime_and_punishment,qb_012910__crime_and_punishment,0.82453126,0.7451345324516296,0.44176000356674194,True
qb_012910,fairness_and_equality,qb_012910__fairness_and_equality,0.7900657,0.7940578460693359,0.4584169387817383,True
qb_012910,legality_constitutionality,qb_012910__legality_constitutionality,0.72171444,0.7127017378807068,0.4684720039367676,True
qb_012910,external_regulation,qb_012910__external_regulation,0.79933095,0.7067446708679199,0.4270508289337158,True
qb_002154,legality_constitutionality,qb_002154__legality_constitutionality,0.8442178,0.7607582807540894,0.4334183633327484,True
qb_002154,crime_and_punishment,qb_002154__crime_and_punishment,0.7509472,0.6605439186096191,0.44039908051490784,True
qb_002154,political,qb_002154__political,0.86027133,0.6668584942817688,0.47874021530151367,True
qb_010667,crime_and_punishment,qb_010667__crime_and_punishment,0.72174525,0.6963717341423035,0.4103219509124756,True
qb_010667,legality_constitutionality,qb_010667__legality_constitutionality,0.8727435,0.7433501482009888,0.43014082312583923,True
qb_010667,public_sentiment,qb_010667__public_sentiment,0.8431586,0.6784777641296387,0.446748822927475,True
qb_010667,health_and_safety,qb_010667__health_and_safety,0.9163451,0.650436282157898,0.4037468433380127,True
qb_010667,cultural_identity,qb_010667__cultural_identity,0.91388905,0.6930504441261292,0.4075632095336914,True
qb_010667,fairness_and_equality,qb_010667__fairness_and_equality,0.76905495,0.7029485106468201,0.4633604884147644,True
qb_010667,morality,qb_010667__morality,0.8319347,0.7430490851402283,0.4230004847049713,True
qb_013895,economic,qb_013895__economic,0.7957305,0.8688839077949524,0.4428092837333679,True
qb_013895,policy_prescription,qb_013895__policy_prescription,0.8404819,0.7855021357536316,0.43014320731163025,True
qb_013895,political,qb_013895__political,0.75753325,0.7099701762199402,0.44545239210128784,True
qb_013895,fairness_and_equality,qb_013895__fairness_and_equality,0.823786,0.7227380871772766,0.4672049880027771,True
qb_013017,capacity_and_resources,qb_013017__capacity_and_resources,0.83756775,0.6932486295700073,0.4786375164985657,True
qb_013017,political,qb_013017__political,0.8161488,0.6918418407440186,0.5084479451179504,True
qb_013017,crime_and_punishment,qb_013017__crime_and_punishment,0.8369919,0.7799475193023682,0.4513970911502838,True
qb_013017,legality_constitutionality,qb_013017__legality_constitutionality,0.7241035,0.6429938077926636,0.4642244875431061,True
qb_013017,security_and_defense,qb_013017__security_and_defense,0.8056003,0.7642111778259277,0.4778018891811371,True
qb_020330,political,qb_020330__political,0.71906227,0.7069938778877258,0.44807958602905273,True
qb_020330,security_and_defense,qb_020330__security_and_defense,0.78866255,0.7092262506484985,0.4500334858894348,True
qb_020330,legality_constitutionality,qb_020330__legality_constitutionality,0.8168428,0.6039031147956848,0.4246291220188141,True
qb_020330,morality,qb_020330__morality,0.80648506,0.5904889702796936,0.44969791173934937,True
qb_020330,cultural_identity,qb_020330__cultural_identity,0.92437637,0.727512001991272,0.4077095091342926,True
qb_015888,economic,qb_015888__economic,0.6658902,0.5879048705101013,0.47952836751937866,True
qb_015888,capacity_and_resources,qb_015888__capacity_and_resources,0.77177095,0.6281909942626953,0.43259724974632263,True
qb_004792,security_and_defense,qb_004792__security_and_defense,0.7770772,0.6844371557235718,0.4550040662288666,True
qb_004792,policy_prescription,qb_004792__policy_prescription,0.7372516,0.6252459287643433,0.4090350270271301,True
qb_004792,political,qb_004792__political,0.7379751,0.6133090853691101,0.4496205449104309,True
qb_004792,health_and_safety,qb_004792__health_and_safety,0.69878435,0.5958525538444519,0.3978865146636963,True
qb_004792,cultural_identity,qb_004792__cultural_identity,0.83138424,0.6188427209854126,0.4110652506351471,True
qb_004792,public_sentiment,qb_004792__public_sentiment,0.7246518,0.626236617565155,0.46701258420944214,True
qb_013668,political,qb_013668__political,0.7890239,0.6433907747268677,0.48140841722488403,True
qb_013668,economic,qb_013668__economic,0.7356978,0.5703197717666626,0.3864893913269043,True
qb_013668,public_sentiment,qb_013668__public_sentiment,0.7309735,0.7287003993988037,0.4677378535270691,True
qb_014103,political,qb_014103__political,0.82524216,0.7710410356521606,0.45418229699134827,True
qb_014103,security_and_defense,qb_014103__security_and_defense,0.69539624,0.6733951568603516,0.45908960700035095,True
qb_014103,public_sentiment,qb_014103__public_sentiment,0.7757817,0.6915140151977539,0.46919387578964233,True
qb_014103,fairness_and_equality,qb_014103__fairness_and_equality,0.87510496,0.6210394501686096,0.4348742961883545,True
qb_014103,legality_constitutionality,qb_014103__legality_constitutionality,0.8068336,0.6904611587524414,0.4551009237766266,True
qb_015474,security_and_defense,qb_015474__security_and_defense,0.80160415,0.7557824850082397,0.4338616728782654,True
qb_015474,external_regulation,qb_015474__external_regulation,0.78603613,0.6841500401496887,0.46769699454307556,True
qb_015474,public_sentiment,qb_015474__public_sentiment,0.8148757,0.6645023822784424,0.45434898138046265,True
qb_001305,political,qb_001305__political,0.77507305,,0.4562733769416809,False
qb_015972,policy_prescription,qb_015972__policy_prescription,0.7794218,0.7078118920326233,0.425741970539093,True
qb_015972,legality_constitutionality,qb_015972__legality_constitutionality,0.86493975,0.7284150123596191,0.48408985137939453,True
qb_015972,security_and_defense,qb_015972__security_and_defense,0.7218088,0.7858095169067383,0.4341692328453064,True
qb_015972,political,qb_015972__political,0.9001838,0.6673178672790527,0.49871379137039185,True
qb_016646,policy_prescription,qb_016646__policy_prescription,0.75150067,0.853164553642273,0.45463427901268005,True
qb_016646,political,qb_016646__political,0.8306343,0.7015935182571411,0.5295566320419312,True
qb_016646,health_and_safety,qb_016646__health_and_safety,0.86320126,0.7489855289459229,0.4928123354911804,True
qb_014029,legality_constitutionality,qb_014029__legality_constitutionality,0.79491407,0.797263503074646,0.45932087302207947,True
qb_014029,political,qb_014029__political,0.8758164,0.7987083196640015,0.43676820397377014,True
qb_013071,legality_constitutionality,qb_013071__legality_constitutionality,0.9079175,0.6761752963066101,0.4821486473083496,True
qb_013071,external_regulation,qb_013071__external_regulation,0.7238717,0.7227472066879272,0.4284636080265045,True
qb_013071,political,qb_013071__political,0.8289846,0.6867198348045349,0.42073965072631836,True
qb_013071,policy_prescription,qb_013071__policy_prescription,0.75635195,0.7075971364974976,0.45341333746910095,True
qb_013071,security_and_defense,qb_013071__security_and_defense,0.7868586,0.6927109360694885,0.4409558176994324,True
qb_005719,political,qb_005719__political,0.8328442,,0.4199812412261963,False
qb_016132,legality_constitutionality,qb_016132__legality_constitutionality,0.7876319,0.7564339637756348,0.38399773836135864,True
qb_016132,health_and_safety,qb_016132__health_and_safety,0.8155323,0.700451135635376,0.4519660472869873,True
qb_016132,political,qb_016132__political,0.8275447,0.7007692456245422,0.4826006293296814,True
qb_016132,capacity_and_resources,qb_016132__capacity_and_resources,0.8467418,0.704476535320282,0.46574538946151733,True
qb_016132,public_sentiment,qb_016132__public_sentiment,0.82890034,0.6755079030990601,0.47623252868652344,True
qb_016132,policy_prescription,qb_016132__policy_prescription,0.7493092,0.7201868295669556,0.5140008926391602,True
qb_021132,legality_constitutionality,qb_021132__legality_constitutionality,0.80725944,0.5516203045845032,0.4164939522743225,True
qb_021132,public_sentiment,qb_021132__public_sentiment,0.8881918,0.647533118724823,0.4303739666938782,True
qb_021132,cultural_identity,qb_021132__cultural_identity,0.8306864,0.5595855116844177,0.38032516837120056,True
qb_021132,political,qb_021132__political,0.8643569,0.7379670739173889,0.47147661447525024,True
qb_008055,economic,qb_008055__economic,0.74739504,0.5894536972045898,0.40198102593421936,True
qb_008055,health_and_safety,qb_008055__health_and_safety,0.8613775,0.6317921280860901,0.5122476816177368,True
qb_014815,health_and_safety,qb_014815__health_and_safety,0.8225127,0.7803859710693359,0.4276813566684723,True
qb_014815,capacity_and_resources,qb_014815__capacity_and_resources,0.82162577,0.8016605377197266,0.4275464117527008,True
qb_014815,policy_prescription,qb_014815__policy_prescription,0.86748666,0.8288204073905945,0.45450013875961304,True
qb_014815,public_sentiment,qb_014815__public_sentiment,0.85786057,0.7801229357719421,0.46434450149536133,True
qb_018321,security_and_defense,qb_018321__security_and_defense,0.7906934,0.662625253200531,0.4559643864631653,True
qb_018321,legality_constitutionality,qb_018321__legality_constitutionality,0.74854577,0.5914874076843262,0.4430178105831146,True
qb_018321,crime_and_punishment,qb_018321__crime_and_punishment,0.8590911,0.6533797979354858,0.4930592477321625,True
qb_018321,public_sentiment,qb_018321__public_sentiment,0.84241235,0.66660475730896,0.5513241291046143,True
qb_018321,political,qb_018321__political,0.8063469,0.7394242286682129,0.4582644999027252,True
qb_000157,legality_constitutionality,qb_000157__legality_constitutionality,0.7628719,0.7480365037918091,0.5197715163230896,True
qb_000157,political,qb_000157__political,0.7605368,0.702316403388977,0.48194751143455505,True
qb_000157,policy_prescription,qb_000157__policy_prescription,0.7905872,0.6241011619567871,0.48525673151016235,True
qb_005484,economic,qb_005484__economic,0.7998097,0.6837505102157593,0.3723159432411194,True
qb_005484,policy_prescription,qb_005484__policy_prescription,0.76551473,0.7297684550285339,0.4774196743965149,True
qb_005484,political,qb_005484__political,0.7907424,0.6252610087394714,0.4342031478881836,True
qb_005484,health_and_safety,qb_005484__health_and_safety,0.74204004,0.6254167556762695,0.47982102632522583,True
qb_005484,quality_of_life,qb_005484__quality_of_life,0.8154075,0.6963080167770386,0.43380823731422424,True
qb_009742,fairness_and_equality,qb_009742__fairness_and_equality,0.9149164,0.7384189367294312,0.41294145584106445,True
qb_009742,policy_prescription,qb_009742__policy_prescription,0.6881368,0.7012688517570496,0.4488113820552826,True
qb_009742,public_sentiment,qb_009742__public_sentiment,0.85933286,0.7124255895614624,0.3959760069847107,True
qb_009742,cultural_identity,qb_009742__cultural_identity,0.89985263,0.711295485496521,0.3720049560070038,True
qb_009742,legality_constitutionality,qb_009742__legality_constitutionality,0.83887255,0.7275625467300415,0.4564243257045746,True
qb_009742,morality,qb_009742__morality,0.8680133,0.7295123338699341,0.42187899351119995,True
qb_009742,political,qb_009742__political,0.8598162,0.7024387121200562,0.4436322748661041,True
qb_019823,political,qb_019823__political,0.76417595,0.5598684549331665,0.4491352438926697,True
qb_019823,legality_constitutionality,qb_019823__legality_constitutionality,0.7518843,0.6683061122894287,0.4927511215209961,True
qb_018687,legality_constitutionality,qb_018687__legality_constitutionality,0.85460037,0.7372257113456726,0.47588270902633667,True
qb_018687,political,qb_018687__political,0.89554304,0.7590705752372742,0.5041517019271851,True
qb_018687,fairness_and_equality,qb_018687__fairness_and_equality,0.8230721,0.7704475522041321,0.5231011509895325,True
qb_018687,economic,qb_018687__economic,0.7745732,0.7129256725311279,0.4739440977573395,True
qb_001080,legality_constitutionality,qb_001080__legality_constitutionality,0.8136648,0.6582568287849426,0.42212390899658203,True
qb_001080,crime_and_punishment,qb_001080__crime_and_punishment,0.7780512,0.7141637206077576,0.4215971827507019,True
qb_001080,external_regulation,qb_001080__external_regulation,0.7416439,0.7102953195571899,0.45778578519821167,True
qb_001080,security_and_defense,qb_001080__security_and_defense,0.7760509,0.6981671452522278,0.4323844015598297,True
qb_001080,political,qb_001080__political,0.71781284,0.648233950138092,0.47481006383895874,True
qb_001080,morality,qb_001080__morality,0.84955245,0.7050472497940063,0.4727887213230133,True
qb_001080,public_sentiment,qb_001080__public_sentiment,0.811772,0.677583634853363,0.4471813142299652,True
qb_001080,health_and_safety,qb_001080__health_and_safety,0.7896776,0.6712958216667175,0.45657020807266235,True
qb_018254,political,qb_018254__political,0.91163975,0.7453811764717102,0.4935317039489746,True
qb_018254,policy_prescription,qb_018254__policy_prescription,0.6737647,0.6240437626838684,0.5014855861663818,True
qb_018254,cultural_identity,qb_018254__cultural_identity,0.8080385,0.8028969764709473,0.5243254899978638,True
qb_018254,public_sentiment,qb_018254__public_sentiment,0.8794502,0.7348509430885315,0.44284528493881226,True
qb_000635,policy_prescription,qb_000635__policy_prescription,0.76407254,0.6075524687767029,0.3939516842365265,True
qb_000635,morality,qb_000635__morality,0.8852829,0.7875686287879944,0.445831298828125,True
qb_000635,cultural_identity,qb_000635__cultural_identity,0.89515066,0.766017735004425,0.4228787422180176,True
qb_000635,fairness_and_equality,qb_000635__fairness_and_equality,0.8934927,0.7921306490898132,0.45614928007125854,True
qb_000635,political,qb_000635__political,0.8403047,0.7267106771469116,0.46383270621299744,True
qb_000635,public_sentiment,qb_000635__public_sentiment,0.91845894,0.7885509133338928,0.4104573130607605,True
qb_014662,health_and_safety,qb_014662__health_and_safety,0.7258824,0.7523966431617737,0.45529693365097046,True
qb_014662,public_sentiment,qb_014662__public_sentiment,0.8045777,0.6911450028419495,0.5005437135696411,True
qb_008965,security_and_defense,qb_008965__security_and_defense,0.8238785,0.7289437651634216,0.5082030892372131,True
qb_008965,capacity_and_resources,qb_008965__capacity_and_resources,0.76436126,0.7269018292427063,0.4913863241672516,True
qb_008965,external_regulation,qb_008965__external_regulation,0.72364384,0.7666494250297546,0.454216867685318,True
qb_008965,political,qb_008965__political,0.8512952,0.7254180312156677,0.48711079359054565,True
qb_015693,legality_constitutionality,qb_015693__legality_constitutionality,0.82137954,0.7286258339881897,0.5011417269706726,True
qb_015693,political,qb_015693__political,0.7413101,0.7533139586448669,0.4082871079444885,True
qb_015693,crime_and_punishment,qb_015693__crime_and_punishment,0.80712456,0.7290546894073486,0.47095346450805664,True
qb_015693,economic,qb_015693__economic,0.790119,0.7493410110473633,0.46100959181785583,True
qb_014101,policy_prescription,qb_014101__policy_prescription,0.8325373,0.7720419764518738,0.4411737024784088,True
qb_014101,political,qb_014101__political,0.76467437,0.6819069981575012,0.48994946479797363,True
qb_014101,security_and_defense,qb_014101__security_and_defense,0.8411192,0.7365711331367493,0.5008817911148071,True
qb_014101,health_and_safety,qb_014101__health_and_safety,0.81474805,0.7773593068122864,0.4212528169155121,True
qb_011549,political,qb_011549__political,0.72299874,0.5318924784660339,0.47059375047683716,True
qb_011549,external_regulation,qb_011549__external_regulation,0.7388772,0.6771262288093567,0.46153172850608826,True
qb_011549,policy_prescription,qb_011549__policy_prescription,0.7646009,0.5887172818183899,0.4032058119773865,True
qb_011549,health_and_safety,qb_011549__health_and_safety,0.7209801,0.5230128765106201,0.4627583920955658,True
qb_011549,economic,qb_011549__economic,0.75770485,0.6870979070663452,0.4672364592552185,True
qb_014732,policy_prescription,qb_014732__policy_prescription,0.7898476,0.6439589262008667,0.4535120129585266,True
qb_014732,external_regulation,qb_014732__external_regulation,0.86928546,0.6033370494842529,0.5049539804458618,True
qb_014732,health_and_safety,qb_014732__health_and_safety,0.77892506,0.6113927364349365,0.4313066005706787,True
qb_014732,political,qb_014732__political,0.82175946,0.6428200602531433,0.49177035689353943,True
qb_014732,public_sentiment,qb_014732__public_sentiment,0.7730421,0.6199134588241577,0.5049059391021729,True
qb_014732,security_and_defense,qb_014732__security_and_defense,0.8554158,0.5794986486434937,0.4861571788787842,True
qb_017800,crime_and_punishment,qb_017800__crime_and_punishment,0.6835625,0.7643651962280273,0.3969997763633728,True
qb_017800,security_and_defense,qb_017800__security_and_defense,0.7697412,0.6740248203277588,0.4143455922603607,True
qb_017800,economic,qb_017800__economic,0.8178786,0.6853644251823425,0.4613036513328552,True
qb_017800,external_regulation,qb_017800__external_regulation,0.86028916,0.7465416789054871,0.48020538687705994,True
qb_008362,legality_constitutionality,qb_008362__legality_constitutionality,0.8271221,0.7335911989212036,0.44357332587242126,True
qb_008362,policy_prescription,qb_008362__policy_prescription,0.8344318,0.7507786750793457,0.4786834120750427,True
qb_008362,political,qb_008362__political,0.815266,0.6133444309234619,0.4965764880180359,True
qb_008362,fairness_and_equality,qb_008362__fairness_and_equality,0.7850188,0.7827548384666443,0.45864057540893555,True
qb_008362,cultural_identity,qb_008362__cultural_identity,0.7555164,0.7934647798538208,0.47489556670188904,True
qb_015462,health_and_safety,qb_015462__health_and_safety,0.880781,0.7452136278152466,0.5089397430419922,True
qb_015462,policy_prescription,qb_015462__policy_prescription,0.82754993,0.7364116311073303,0.4461662173271179,True
qb_015462,quality_of_life,qb_015462__quality_of_life,0.7761972,0.7316161394119263,0.41984477639198303,True
qb_016397,political,qb_016397__political,0.9637459,0.799843430519104,0.4430559277534485,True
qb_016397,public_sentiment,qb_016397__public_sentiment,0.8451029,0.8109219670295715,0.4298996329307556,True
qb_019355,political,qb_019355__political,0.8486562,0.7469722628593445,0.43108946084976196,True
qb_019355,public_sentiment,qb_019355__public_sentiment,0.8107991,0.7340347170829773,0.42240142822265625,True
qb_019901,political,qb_019901__political,0.8326226,0.7892510890960693,0.48842376470565796,True
qb_019901,capacity_and_resources,qb_019901__capacity_and_resources,0.8446729,0.680772066116333,0.4445268511772156,True
qb_018497,policy_prescription,qb_018497__policy_prescription,0.7681355,0.7733912467956543,0.4561733305454254,True
qb_018497,capacity_and_resources,qb_018497__capacity_and_resources,0.7853825,0.7234349250793457,0.4910348057746887,True
qb_018497,health_and_safety,qb_018497__health_and_safety,0.8910048,0.7442665696144104,0.46872037649154663,True
qb_018497,morality,qb_018497__morality,0.8475569,0.8045369386672974,0.534198522567749,True
qb_018497,political,qb_018497__political,0.8848301,0.776439905166626,0.539652407169342,True
qb_001703,legality_constitutionality,qb_001703__legality_constitutionality,0.8527426,0.7396761178970337,0.490290105342865,True
qb_001703,political,qb_001703__political,0.8498131,0.6233301162719727,0.47272101044654846,True
qb_001703,morality,qb_001703__morality,0.8895852,0.7744531035423279,0.4990015923976898,True
qb_015742,crime_and_punishment,qb_015742__crime_and_punishment,0.68702924,0.8015897274017334,0.46842336654663086,True
qb_015742,legality_constitutionality,qb_015742__legality_constitutionality,0.86771774,0.6724862456321716,0.460336297750473,True
qb_015742,morality,qb_015742__morality,0.7860776,0.6024471521377563,0.43658798933029175,True
qb_020352,policy_prescription,qb_020352__policy_prescription,0.73213536,0.6325896978378296,0.4467686712741852,True
qb_020352,economic,qb_020352__economic,0.776874,0.7039638161659241,0.4781293272972107,True
qb_020352,health_and_safety,qb_020352__health_and_safety,0.7300564,0.7027671933174133,0.41577237844467163,True
qb_020352,quality_of_life,qb_020352__quality_of_life,0.7965531,0.6976560950279236,0.45200252532958984,True
qb_020352,public_sentiment,qb_020352__public_sentiment,0.83429104,0.7075287699699402,0.48225754499435425,True
qb_011739,economic,qb_011739__economic,0.68263084,0.7014549970626831,0.456355482339859,True
qb_011739,capacity_and_resources,qb_011739__capacity_and_resources,0.7051251,0.6846338510513306,0.39077869057655334,True
qb_011739,policy_prescription,qb_011739__policy_prescription,0.606809,0.7255027294158936,0.4210245609283447,True
qb_011739,political,qb_011739__political,0.87297845,0.6836138963699341,0.4800287187099457,True
qb_011739,quality_of_life,qb_011739__quality_of_life,0.8304543,0.6620676517486572,0.43540310859680176,True
qb_020866,security_and_defense,qb_020866__security_and_defense,0.7505877,0.718950629234314,0.4521208703517914,True
qb_020866,external_regulation,qb_020866__external_regulation,0.8153409,0.6911288499832153,0.5205443501472473,True
qb_020866,policy_prescription,qb_020866__policy_prescription,0.8230029,0.731074333190918,0.5009714365005493,True
qb_020866,economic,qb_020866__economic,0.7790649,0.7163642644882202,0.4524882435798645,True
qb_020866,capacity_and_resources,qb_020866__capacity_and_resources,0.8026216,0.7489662170410156,0.5244721174240112,True
qb_004881,political,qb_004881__political,0.77063334,0.5031434893608093,0.3881584107875824,True
qb_004881,legality_constitutionality,qb_004881__legality_constitutionality,0.8028532,0.6074675917625427,0.4325105547904968,True
qb_004881,cultural_identity,qb_004881__cultural_identity,0.7973026,0.6506666541099548,0.4118281304836273,True
qb_004881,fairness_and_equality,qb_004881__fairness_and_equality,0.8132751,0.704303503036499,0.4899715483188629,True
qb_000725,political,qb_000725__political,0.72744703,0.6257261633872986,0.43129339814186096,True
qb_000725,crime_and_punishment,qb_000725__crime_and_punishment,0.7435946,0.6745808124542236,0.4599344730377197,True
qb_000725,security_and_defense,qb_000725__security_and_defense,0.81862414,0.701629102230072,0.48786216974258423,True
qb_000725,legality_constitutionality,qb_000725__legality_constitutionality,0.8869479,0.6716538667678833,0.4631687104701996,True
qb_000725,cultural_identity,qb_000725__cultural_identity,0.83623147,0.6739646792411804,0.4585345685482025,True
qb_000725,public_sentiment,qb_000725__public_sentiment,0.7504096,0.6136767268180847,0.5121855735778809,True
qb_003895,legality_constitutionality,qb_003895__legality_constitutionality,0.8773365,0.8024654388427734,0.47334760427474976,True
qb_003895,economic,qb_003895__economic,0.8211467,0.6944253444671631,0.4632813334465027,True
qb_003895,health_and_safety,qb_003895__health_and_safety,0.80079895,0.7849178314208984,0.4644126892089844,True
qb_003895,political,qb_003895__political,0.8770534,0.7238752245903015,0.5119749903678894,True
qb_021141,health_and_safety,qb_021141__health_and_safety,0.7989484,0.6991248726844788,0.45508337020874023,True
qb_021141,policy_prescription,qb_021141__policy_prescription,0.76495934,0.7596510648727417,0.5054908990859985,True
qb_012582,health_and_safety,qb_012582__health_and_safety,0.8505013,0.8136000633239746,0.4640713334083557,True
qb_012582,policy_prescription,qb_012582__policy_prescription,0.79958797,0.7581185102462769,0.45470064878463745,True
qb_012582,political,qb_012582__political,0.8506395,0.7454627752304077,0.4758462905883789,True
qb_001798,security_and_defense,qb_001798__security_and_defense,0.8081948,0.7638838291168213,0.44528859853744507,True
qb_001798,external_regulation,qb_001798__external_regulation,0.725297,0.629348874092102,0.4472865164279938,True
qb_001798,political,qb_001798__political,0.7700861,0.7023612260818481,0.4790056347846985,True
qb_013155,political,qb_013155__political,0.7674253,0.784397304058075,0.4642826020717621,True
qb_013155,security_and_defense,qb_013155__security_and_defense,0.8894063,0.7680655717849731,0.46150413155555725,True
qb_013155,policy_prescription,qb_013155__policy_prescription,0.8714022,0.7623070478439331,0.4436754286289215,True
qb_013155,public_sentiment,qb_013155__public_sentiment,0.89264536,0.6983944177627563,0.4668729305267334,True
qb_013155,crime_and_punishment,qb_013155__crime_and_punishment,0.7536845,0.6770401000976562,0.43919381499290466,True
qb_008297,security_and_defense,qb_008297__security_and_defense,0.86349016,0.7577856779098511,0.4592898488044739,True
qb_008297,capacity_and_resources,qb_008297__capacity_and_resources,0.8824843,0.6787118911743164,0.4461734890937805,True
qb_008297,public_sentiment,qb_008297__public_sentiment,0.7879035,0.6647283434867859,0.4633968770503998,True
qb_005381,security_and_defense,qb_005381__security_and_defense,0.67715657,0.594206690788269,0.41779351234436035,True
qb_005381,policy_prescription,qb_005381__policy_prescription,0.8294174,0.6801616549491882,0.49720460176467896,True
qb_005381,external_regulation,qb_005381__external_regulation,0.881294,0.7052198052406311,0.5185986757278442,True
qb_005381,health_and_safety,qb_005381__health_and_safety,0.8056158,0.5019659399986267,0.5191081166267395,True
qb_005381,political,qb_005381__political,0.7550793,0.6813603639602661,0.527274489402771,True
qb_005381,legality_constitutionality,qb_005381__legality_constitutionality,0.7622175,0.6948155164718628,0.46978840231895447,True
qb_010212,political,qb_010212__political,0.7548702,0.5747842192649841,0.5100005269050598,True
qb_010212,policy_prescription,qb_010212__policy_prescription,0.8348408,0.6872740387916565,0.45920857787132263,True
qb_010212,economic,qb_010212__economic,0.9136159,0.8894439339637756,0.4658721089363098,True
qb_010212,health_and_safety,qb_010212__health_and_safety,0.8439313,0.7078434824943542,0.44521188735961914,True
qb_001793,policy_prescription,qb_001793__policy_prescription,0.82983947,0.6762005686759949,0.46178919076919556,True
qb_001793,legality_constitutionality,qb_001793__legality_constitutionality,0.8471429,0.7034433484077454,0.4154191017150879,True
qb_001793,political,qb_001793__political,0.6958008,0.5248753428459167,0.48773321509361267,True
qb_001793,morality,qb_001793__morality,0.8278576,0.7339606285095215,0.46328797936439514,True
qb_013362,policy_prescription,qb_013362__policy_prescription,0.75255823,0.695690393447876,0.5104750394821167,True
qb_013362,political,qb_013362__political,0.8242986,0.6652643084526062,0.5088158845901489,True
qb_013362,economic,qb_013362__economic,0.7373857,0.6553127765655518,0.48661884665489197,True
qb_013294,policy_prescription,qb_013294__policy_prescription,0.8383979,0.5999274253845215,0.4017309546470642,True
qb_013294,political,qb_013294__political,0.80644774,0.6710180640220642,0.4842795729637146,True
qb_013294,legality_constitutionality,qb_013294__legality_constitutionality,0.88718927,0.6717996001243591,0.479642391204834,True
qb_016574,cultural_identity,qb_016574__cultural_identity,0.8162687,0.7503830194473267,0.4032934308052063,True
qb_016574,political,qb_016574__political,0.8373185,0.7465035319328308,0.47668129205703735,True
qb_016574,public_sentiment,qb_016574__public_sentiment,0.82236505,0.7080428600311279,0.5405014157295227,True
qb_016574,fairness_and_equality,qb_016574__fairness_and_equality,0.78977644,0.7641298770904541,0.4559716284275055,True
qb_016574,external_regulation,qb_016574__external_regulation,0.73728096,0.7723632454872131,0.4413142800331116,True
qb_016574,health_and_safety,qb_016574__health_and_safety,0.79726154,0.7391434907913208,0.4784235954284668,True
qb_020630,political,qb_020630__political,0.85766417,0.7563717365264893,0.4405129849910736,True
qb_020630,policy_prescription,qb_020630__policy_prescription,0.7708938,0.7071042060852051,0.4763360619544983,True
qb_020630,capacity_and_resources,qb_020630__capacity_and_resources,0.7441725,0.7358951568603516,0.460088312625885,True
qb_020630,public_sentiment,qb_020630__public_sentiment,0.841511,0.7407159805297852,0.46309083700180054,True
qb_020630,economic,qb_020630__economic,0.8346597,0.7660552263259888,0.45754098892211914,True
qb_020630,fairness_and_equality,qb_020630__fairness_and_equality,0.8240044,0.7598519325256348,0.5020485520362854,True
qb_019697,capacity_and_resources,qb_019697__capacity_and_resources,0.7917639,0.7718088626861572,0.38856959342956543,True
qb_019697,other,qb_019697__other,0.84960854,0.6824674606323242,0.4381953179836273,True
qb_012860,economic,qb_012860__economic,0.77169704,0.8052648305892944,0.43536657094955444,True
qb_012860,policy_prescription,qb_012860__policy_prescription,0.83252203,0.7371286153793335,0.4708748459815979,True
qb_007152,legality_constitutionality,qb_007152__legality_constitutionality,0.8411963,,0.4144449234008789,False
qb_005930,policy_prescription,qb_005930__policy_prescription,0.88205653,0.8050779104232788,0.4809326231479645,True
qb_005930,legality_constitutionality,qb_005930__legality_constitutionality,0.78832436,0.7141164541244507,0.4902292788028717,True
qb_005930,morality,qb_005930__morality,0.865649,0.7488932609558105,0.4342304766178131,True
qb_005930,political,qb_005930__political,0.72412395,0.671278178691864,0.49120908975601196,True
qb_005930,health_and_safety,qb_005930__health_and_safety,0.8411238,0.770060658454895,0.4860340654850006,True
qb_016342,political,qb_016342__political,0.8640541,0.7752879858016968,0.45543020963668823,True
qb_016342,legality_constitutionality,qb_016342__legality_constitutionality,0.80121195,0.7373597621917725,0.45495253801345825,True
qb_015526,economic,qb_015526__economic,0.72726953,0.6798380017280579,0.44029122591018677,True
qb_015526,policy_prescription,qb_015526__policy_prescription,0.8538323,0.856296181678772,0.43448391556739807,True
qb_015526,political,qb_015526__political,0.84360695,0.7612091302871704,0.45968055725097656,True
qb_008855,legality_constitutionality,qb_008855__legality_constitutionality,0.77495193,0.8120643496513367,0.4778478741645813,True
qb_008855,political,qb_008855__political,0.8747152,0.7454283237457275,0.5264688730239868,True
qb_008855,crime_and_punishment,qb_008855__crime_and_punishment,0.8537018,0.7981540560722351,0.46306943893432617,True
qb_008855,morality,qb_008855__morality,0.79372793,0.7189488410949707,0.5086222887039185,True
qb_004319,security_and_defense,qb_004319__security_and_defense,0.7787856,0.795071005821228,0.45915231108665466,True
qb_004319,external_regulation,qb_004319__external_regulation,0.83291686,0.7595997452735901,0.43907982110977173,True
qb_001358,legality_constitutionality,qb_001358__legality_constitutionality,0.84980094,0.7888205647468567,0.43118399381637573,True
qb_001358,policy_prescription,qb_001358__policy_prescription,0.7884464,0.7475557327270508,0.43586522340774536,True
qb_001358,fairness_and_equality,qb_001358__fairness_and_equality,0.8072729,0.7465367317199707,0.465782105922699,True
qb_001358,cultural_identity,qb_001358__cultural_identity,0.83812237,0.7847051620483398,0.4131160378456116,True
qb_004831,legality_constitutionality,qb_004831__legality_constitutionality,0.7664214,0.7121315002441406,0.43215131759643555,True
qb_004831,policy_prescription,qb_004831__policy_prescription,0.73755836,0.7067988514900208,0.3988935947418213,True
qb_004831,crime_and_punishment,qb_004831__crime_and_punishment,0.7914145,0.7754082679748535,0.458331823348999,True
qb_004831,economic,qb_004831__economic,0.8827357,0.7576383948326111,0.42271071672439575,True
qb_004578,policy_prescription,qb_004578__policy_prescription,0.8909442,0.807478129863739,0.46071475744247437,True
qb_004578,morality,qb_004578__morality,0.79639995,0.7005919814109802,0.4704006612300873,True
qb_004578,political,qb_004578__political,0.8372474,0.6941853761672974,0.4769999086856842,True
qb_004578,fairness_and_equality,qb_004578__fairness_and_equality,0.88582265,0.7595769166946411,0.4454561769962311,True
qb_004578,economic,qb_004578__economic,0.7805768,0.7026857137680054,0.4339984953403473,True
qb_004578,public_sentiment,qb_004578__public_sentiment,0.6519934,0.6800585985183716,0.4654492735862732,True
qb_020651,political,qb_020651__political,0.74374694,0.7582030296325684,0.4937143325805664,True
qb_020651,policy_prescription,qb_020651__policy_prescription,0.73792577,0.7459049224853516,0.5255396366119385,True
qb_020651,crime_and_punishment,qb_020651__crime_and_punishment,0.80180895,0.7213197350502014,0.4370366930961609,True
qb_020651,legality_constitutionality,qb_020651__legality_constitutionality,0.85510606,0.7526932954788208,0.4425462782382965,True
qb_020651,security_and_defense,qb_020651__security_and_defense,0.7853053,0.7351151704788208,0.42992696166038513,True
qb_020651,morality,qb_020651__morality,0.81927913,0.7208445072174072,0.4738822877407074,True
qb_004568,public_sentiment,qb_004568__public_sentiment,0.7550348,0.5135071873664856,0.4520520567893982,True
qb_004568,cultural_identity,qb_004568__cultural_identity,0.8466229,0.6744648218154907,0.4537259042263031,True
qb_004568,quality_of_life,qb_004568__quality_of_life,0.79492724,0.6295636892318726,0.4432790279388428,True
qb_008808,political,qb_008808__political,0.7712028,0.6274455189704895,0.4474100172519684,True
qb_008808,economic,qb_008808__economic,0.711073,0.6343400478363037,0.4128468632698059,True
qb_008808,security_and_defense,qb_008808__security_and_defense,0.796724,0.6995600461959839,0.4007799029350281,True
qb_008808,quality_of_life,qb_008808__quality_of_life,0.7681794,0.6592503786087036,0.4966564178466797,True
qb_008808,public_sentiment,qb_008808__public_sentiment,0.80751556,0.6256884932518005,0.500637412071228,True
qb_008808,capacity_and_resources,qb_008808__capacity_and_resources,0.72065127,0.6566764116287231,0.4468594193458557,True
qb_016992,economic,qb_016992__economic,0.8002817,0.7240769863128662,0.42303887009620667,True
qb_016992,policy_prescription,qb_016992__policy_prescription,0.73268014,0.6969507336616516,0.4379940629005432,True
qb_016992,political,qb_016992__political,0.7952745,0.6979200839996338,0.5544328689575195,True
qb_016992,fairness_and_equality,qb_016992__fairness_and_equality,0.79669845,0.6974236369132996,0.47664934396743774,True
qb_002379,political,qb_002379__political,0.8260456,0.6367880702018738,0.48279184103012085,True
qb_002379,crime_and_punishment,qb_002379__crime_and_punishment,0.7192491,0.6307104229927063,0.4192240834236145,True
qb_002379,public_sentiment,qb_002379__public_sentiment,0.75688726,0.6142410039901733,0.45455560088157654,True
qb_002379,cultural_identity,qb_002379__cultural_identity,0.7567478,0.6592906713485718,0.5004783868789673,True
qb_011164,public_sentiment,qb_011164__public_sentiment,0.7781752,0.746852457523346,0.41939157247543335,True
qb_011164,political,qb_011164__political,0.69286966,0.6108030676841736,0.41425982117652893,True
qb_011164,morality,qb_011164__morality,0.79984117,0.6939430832862854,0.49119019508361816,True
qb_011164,economic,qb_011164__economic,0.81804335,0.7220738530158997,0.4328266978263855,True
qb_006422,cultural_identity,qb_006422__cultural_identity,0.89089584,0.8652600049972534,0.40016818046569824,True
qb_006422,fairness_and_equality,qb_006422__fairness_and_equality,0.9419334,0.8951964378356934,0.4515204429626465,True
qb_006422,policy_prescription,qb_006422__policy_prescription,0.88266003,0.8597322702407837,0.46171465516090393,True
qb_006422,political,qb_006422__political,0.75986564,0.8106786608695984,0.4307336211204529,True
qb_006422,morality,qb_006422__morality,0.9313246,0.8466465473175049,0.4400762915611267,True
qb_020364,political,qb_020364__political,0.84942025,0.5934898853302002,0.4784955382347107,True
qb_020364,policy_prescription,qb_020364__policy_prescription,0.64304113,0.7240369319915771,0.4436400830745697,True
qb_020364,capacity_and_resources,qb_020364__capacity_and_resources,0.8688307,0.5971301198005676,0.4326820373535156,True
qb_020364,economic,qb_020364__economic,0.7048367,0.6858633160591125,0.4756019711494446,True
qb_007533,political,qb_007533__political,0.902082,0.8165155649185181,0.4652132987976074,True
qb_007533,policy_prescription,qb_007533__policy_prescription,0.89988583,0.8428024053573608,0.45316481590270996,True
qb_007533,public_sentiment,qb_007533__public_sentiment,0.8970998,0.8407049179077148,0.4807167053222656,True
qb_007533,health_and_safety,qb_007533__health_and_safety,0.82981557,0.7760250568389893,0.40050655603408813,True
qb_007533,quality_of_life,qb_007533__quality_of_life,0.8828403,0.8156715631484985,0.471238911151886,True
qb_008498,legality_constitutionality,qb_008498__legality_constitutionality,0.8042319,0.7201799154281616,0.392095148563385,True
qb_008498,economic,qb_008498__economic,0.78840345,0.6717574596405029,0.34688639640808105,True
qb_011928,public_sentiment,qb_011928__public_sentiment,0.8397469,0.739825427532196,0.41340112686157227,True
qb_011928,policy_prescription,qb_011928__policy_prescription,0.78420925,0.7471467852592468,0.45737704634666443,True
qb_011928,morality,qb_011928__morality,0.87212515,0.8088477253913879,0.4771983027458191,True
qb_011928,cultural_identity,qb_011928__cultural_identity,0.87433386,0.7178266048431396,0.38947224617004395,True
qb_001455,political,qb_001455__political,0.8524587,0.7677212953567505,0.43077510595321655,True
qb_001455,public_sentiment,qb_001455__public_sentiment,0.9251569,0.7340031266212463,0.4390830397605896,True
qb_001455,cultural_identity,qb_001455__cultural_identity,0.74404013,0.7626747488975525,0.44460242986679077,True
qb_000749,political,qb_000749__political,0.72936344,0.6861425042152405,0.4547661244869232,True
qb_000749,policy_prescription,qb_000749__policy_prescription,0.89263636,0.6521101593971252,0.4579976499080658,True
qb_000749,public_sentiment,qb_000749__public_sentiment,0.86099243,0.6185842156410217,0.42962735891342163,True
qb_000749,fairness_and_equality,qb_000749__fairness_and_equality,0.8713101,0.7290700078010559,0.4387335181236267,True
qb_009297,security_and_defense,qb_009297__security_and_defense,0.80661964,0.7210327982902527,0.4216157793998718,True
qb_009297,health_and_safety,qb_009297__health_and_safety,0.81746435,0.7479419708251953,0.4194604754447937,True
qb_009297,external_regulation,qb_009297__external_regulation,0.7343818,0.6426395177841187,0.4409262239933014,True
qb_012468,political,qb_012468__political,0.906252,0.6344847679138184,0.5152420997619629,True
qb_012468,economic,qb_012468__economic,0.79720235,0.6419961452484131,0.4904375970363617,True
qb_012468,policy_prescription,qb_012468__policy_prescription,0.69714034,0.6863470077514648,0.4591420292854309,True
qb_012468,health_and_safety,qb_012468__health_and_safety,0.5915445,0.5943330526351929,0.47436094284057617,True
qb_012468,public_sentiment,qb_012468__public_sentiment,0.8376104,0.6212060451507568,0.485572874546051,True
qb_019834,legality_constitutionality,qb_019834__legality_constitutionality,0.7716686,0.7484735250473022,0.5454577207565308,True
qb_019834,political,qb_019834__political,0.9109237,0.7270932793617249,0.471247136592865,True
qb_019834,crime_and_punishment,qb_019834__crime_and_punishment,0.78601396,0.6759468913078308,0.4401082396507263,True
qb_019834,security_and_defense,qb_019834__security_and_defense,0.8057989,0.7295086979866028,0.5331343412399292,True
qb_019834,fairness_and_equality,qb_019834__fairness_and_equality,0.8067651,0.7199519276618958,0.46775493025779724,True
qb_019834,morality,qb_019834__morality,0.7031212,0.643328845500946,0.4937790334224701,True
qb_005386,legality_constitutionality,qb_005386__legality_constitutionality,0.76624095,0.7273923754692078,0.5377298593521118,True
qb_005386,political,qb_005386__political,0.82038313,0.6933618187904358,0.5296363830566406,True
qb_005386,external_regulation,qb_005386__external_regulation,0.8446312,0.7309494018554688,0.4885199964046478,True
qb_015329,legality_constitutionality,qb_015329__legality_constitutionality,0.8125946,0.7801889181137085,0.4401368498802185,True
qb_015329,crime_and_punishment,qb_015329__crime_and_punishment,0.7700257,0.6450308561325073,0.48046860098838806,True
qb_015329,political,qb_015329__political,0.8610208,0.5095961689949036,0.45146751403808594,True
qb_013405,political,qb_013405__political,0.8855264,0.6013243198394775,0.43843287229537964,True
qb_013405,legality_constitutionality,qb_013405__legality_constitutionality,0.77982116,0.6302152276039124,0.5269965529441833,True
qb_013405,public_sentiment,qb_013405__public_sentiment,0.83177805,0.537763237953186,0.45737648010253906,True
qb_013405,security_and_defense,qb_013405__security_and_defense,0.7720906,0.6348698735237122,0.4677795469760895,True
qb_013405,capacity_and_resources,qb_013405__capacity_and_resources,0.7924043,0.6976796984672546,0.4599672257900238,True
qb_012819,external_regulation,qb_012819__external_regulation,0.7279645,0.6429458260536194,0.4771396517753601,True
qb_012819,economic,qb_012819__economic,0.7700347,0.6343827247619629,0.3756257891654968,True
qb_012819,policy_prescription,qb_012819__policy_prescription,0.67639506,0.674557089805603,0.43821126222610474,True
qb_012819,political,qb_012819__political,0.7444202,0.6756649017333984,0.4605258107185364,True
qb_012819,capacity_and_resources,qb_012819__capacity_and_resources,0.78953713,0.6594032049179077,0.4432310163974762,True
qb_012819,security_and_defense,qb_012819__security_and_defense,0.8034444,0.6430573463439941,0.43883341550827026,True
qb_019767,political,qb_019767__political,0.84000516,0.5925782918930054,0.5062314867973328,True
qb_019767,public_sentiment,qb_019767__public_sentiment,0.76502943,0.5876525640487671,0.48322758078575134,True
qb_019767,policy_prescription,qb_019767__policy_prescription,0.7559085,0.5714927911758423,0.4603962302207947,True
qb_019767,health_and_safety,qb_019767__health_and_safety,0.8898301,0.5785962343215942,0.46981796622276306,True
qb_019767,fairness_and_equality,qb_019767__fairness_and_equality,0.84489393,0.5729269981384277,0.5117714405059814,True
qb_019767,legality_constitutionality,qb_019767__legality_constitutionality,0.8183587,0.5782225728034973,0.4621254801750183,True
qb_019767,economic,qb_019767__economic,0.80330133,0.6051335334777832,0.48750385642051697,True
qb_019767,capacity_and_resources,qb_019767__capacity_and_resources,0.6954295,0.5279078483581543,0.4518972337245941,True
qb_008186,policy_prescription,qb_008186__policy_prescription,0.8299395,0.7133389115333557,0.46686047315597534,True
qb_008186,security_and_defense,qb_008186__security_and_defense,0.8235191,0.7348913550376892,0.4575733542442322,True
qb_008186,legality_constitutionality,qb_008186__legality_constitutionality,0.80251014,0.7146233320236206,0.44507941603660583,True
qb_008186,crime_and_punishment,qb_008186__crime_and_punishment,0.6975908,0.6746683716773987,0.4718236029148102,True
qb_008186,public_sentiment,qb_008186__public_sentiment,0.904793,0.7328388094902039,0.4463368356227875,True
qb_008186,health_and_safety,qb_008186__health_and_safety,0.7700874,0.6864885091781616,0.4381544589996338,True
qb_007428,public_sentiment,qb_007428__public_sentiment,0.8468448,0.6838752627372742,0.44729870557785034,True
qb_007428,external_regulation,qb_007428__external_regulation,0.77252185,0.726904571056366,0.4470338821411133,True
qb_007428,political,qb_007428__political,0.8573533,0.6982309222221375,0.45266008377075195,True
qb_007428,quality_of_life,qb_007428__quality_of_life,0.8146745,0.7128749489784241,0.44053131341934204,True
qb_013788,security_and_defense,qb_013788__security_and_defense,0.81907827,0.6966437101364136,0.42562276124954224,True
qb_013788,capacity_and_resources,qb_013788__capacity_and_resources,0.68597126,0.6740111112594604,0.4428158700466156,True
qb_011720,economic,qb_011720__economic,0.8493796,0.6220743060112,0.4492258131504059,True
qb_011720,political,qb_011720__political,0.7681342,0.6452889442443848,0.44762057065963745,True
qb_011720,external_regulation,qb_011720__external_regulation,0.7361896,0.5925713777542114,0.41737374663352966,True
qb_011720,capacity_and_resources,qb_011720__capacity_and_resources,0.7668612,0.6248959302902222,0.4490848183631897,True
qb_011720,policy_prescription,qb_011720__policy_prescription,0.72697604,0.6338745951652527,0.45665106177330017,True
qb_011720,quality_of_life,qb_011720__quality_of_life,0.7034101,0.613547682762146,0.42559775710105896,True
qb_015106,economic,qb_015106__economic,0.7375711,0.6665832996368408,0.4345058500766754,True
qb_015106,health_and_safety,qb_015106__health_and_safety,0.78672737,0.5728389620780945,0.4906720221042633,True
qb_015106,capacity_and_resources,qb_015106__capacity_and_resources,0.78540385,0.5685299634933472,0.43857869505882263,True
qb_015106,political,qb_015106__political,0.7650863,0.6301705837249756,0.4848550856113434,True
qb_005777,legality_constitutionality,qb_005777__legality_constitutionality,0.71385187,0.672627329826355,0.43907690048217773,True
qb_005777,crime_and_punishment,qb_005777__crime_and_punishment,0.8644168,0.7487208843231201,0.4486151337623596,True
qb_005777,public_sentiment,qb_005777__public_sentiment,0.7755152,0.6598396301269531,0.44728145003318787,True
qb_005777,capacity_and_resources,qb_005777__capacity_and_resources,0.79128075,0.6843758821487427,0.41702279448509216,True
qb_005777,morality,qb_005777__morality,0.83965933,0.7348525524139404,0.45244917273521423,True
qb_018079,political,qb_018079__political,0.703535,0.6693918108940125,0.4615286886692047,True
qb_018079,cultural_identity,qb_018079__cultural_identity,0.74437964,0.5845345258712769,0.43934836983680725,True
qb_018079,public_sentiment,qb_018079__public_sentiment,0.7787111,0.6263415813446045,0.4406003952026367,True
qb_019440,public_sentiment,qb_019440__public_sentiment,0.8834115,0.7867653369903564,0.4169389605522156,True
qb_019440,economic,qb_019440__economic,0.77014756,0.7661740779876709,0.44373488426208496,True
qb_019440,capacity_and_resources,qb_019440__capacity_and_resources,0.7614474,0.7394056916236877,0.4420205056667328,True
qb_009324,security_and_defense,qb_009324__security_and_defense,0.8058765,0.7558040618896484,0.4678523540496826,True
qb_009324,public_sentiment,qb_009324__public_sentiment,0.82463133,0.6333369612693787,0.45014315843582153,True
qb_009324,legality_constitutionality,qb_009324__legality_constitutionality,0.84155846,0.7382734417915344,0.48053574562072754,True
qb_009324,capacity_and_resources,qb_009324__capacity_and_resources,0.8329333,0.7513486742973328,0.4749380052089691,True
qb_015156,legality_constitutionality,qb_015156__legality_constitutionality,0.84240746,0.755770206451416,0.4725818634033203,True
qb_015156,political,qb_015156__political,0.7192329,0.6283592581748962,0.5145097970962524,True
qb_015156,health_and_safety,qb_015156__health_and_safety,0.7424906,0.5962822437286377,0.438312292098999,True
qb_019458,security_and_defense,qb_019458__security_and_defense,0.74914986,0.6888667345046997,0.4004221558570862,True
qb_019458,health_and_safety,qb_019458__health_and_safety,0.838571,0.6562754511833191,0.5218774080276489,True
qb_019458,capacity_and_resources,qb_019458__capacity_and_resources,0.7326387,0.6795334219932556,0.441892147064209,True
qb_019458,political,qb_019458__political,0.7246382,0.6094924211502075,0.4404416084289551,True
qb_019458,quality_of_life,qb_019458__quality_of_life,0.7397,0.6470999121665955,0.3916630148887634,True
qb_019458,economic,qb_019458__economic,0.77739143,0.6501885652542114,0.395294189453125,True
qb_003135,legality_constitutionality,qb_003135__legality_constitutionality,0.8437563,0.8425707817077637,0.4475720524787903,True
qb_003135,fairness_and_equality,qb_003135__fairness_and_equality,0.9291824,0.8615329265594482,0.3895858824253082,True
qb_003135,cultural_identity,qb_003135__cultural_identity,0.85816777,0.8314395546913147,0.4315681457519531,True
qb_009471,health_and_safety,qb_009471__health_and_safety,0.84440327,0.7999392747879028,0.5029623508453369,True
qb_009471,capacity_and_resources,qb_009471__capacity_and_resources,0.8247742,0.7609372138977051,0.4650309979915619,True
qb_000513,political,qb_000513__political,0.7697513,0.6922444105148315,0.4713525176048279,True
qb_000513,morality,qb_000513__morality,0.81372726,0.6716488599777222,0.4996228814125061,True
qb_021482,political,qb_021482__political,0.77030075,0.6484296321868896,0.437600702047348,True
qb_021482,security_and_defense,qb_021482__security_and_defense,0.8265551,0.6020581126213074,0.5077193975448608,True
qb_021482,cultural_identity,qb_021482__cultural_identity,0.8043166,0.6621084213256836,0.4221286177635193,True
qb_021482,morality,qb_021482__morality,0.77741677,0.709564208984375,0.4680847227573395,True
qb_021482,fairness_and_equality,qb_021482__fairness_and_equality,0.70827997,0.6934560537338257,0.46410125494003296,True
qb_005814,economic,qb_005814__economic,0.80481905,0.43052053451538086,0.44342559576034546,True
qb_005814,external_regulation,qb_005814__external_regulation,0.77928364,0.5917245149612427,0.4668731689453125,True
qb_005814,health_and_safety,qb_005814__health_and_safety,0.8545339,0.4158605933189392,0.4836493134498596,True
qb_015984,health_and_safety,qb_015984__health_and_safety,0.9222269,0.6546309590339661,0.4945138096809387,True
qb_015984,political,qb_015984__political,0.87789655,0.7035555243492126,0.47807031869888306,True
qb_019939,political,qb_019939__political,0.8340313,0.7783646583557129,0.5067267417907715,True
qb_019939,policy_prescription,qb_019939__policy_prescription,0.76856065,0.7263769507408142,0.45076292753219604,True
qb_019939,morality,qb_019939__morality,0.83192873,0.693256676197052,0.4266616404056549,True
qb_019939,public_sentiment,qb_019939__public_sentiment,0.80913055,0.7402782440185547,0.43574047088623047,True
qb_003150,political,qb_003150__political,0.7795208,0.6433292627334595,0.45985960960388184,True
qb_003150,policy_prescription,qb_003150__policy_prescription,0.894429,0.7263139486312866,0.45917320251464844,True
qb_003150,economic,qb_003150__economic,0.8279898,0.7600284814834595,0.4834032952785492,True
qb_016473,legality_constitutionality,qb_016473__legality_constitutionality,0.70541203,0.7009985446929932,0.4655781388282776,True
qb_016473,crime_and_punishment,qb_016473__crime_and_punishment,0.7415124,0.6961500644683838,0.45468053221702576,True
qb_016473,political,qb_016473__political,0.7506069,0.636005699634552,0.45589113235473633,True
qb_015560,political,qb_015560__political,0.7706588,0.5416665077209473,0.4478929042816162,True
qb_015560,legality_constitutionality,qb_015560__legality_constitutionality,0.7015957,0.7260817289352417,0.43901243805885315,True
qb_010853,cultural_identity,qb_010853__cultural_identity,0.7950212,0.7088088393211365,0.45261693000793457,True
qb_010853,political,qb_010853__political,0.7463686,0.6774512529373169,0.4438188076019287,True
qb_010853,fairness_and_equality,qb_010853__fairness_and_equality,0.7903969,0.6911104321479797,0.4097338318824768,True
qb_010853,security_and_defense,qb_010853__security_and_defense,0.72536767,0.7365462183952332,0.4186827540397644,True
qb_010853,crime_and_punishment,qb_010853__crime_and_punishment,0.8673576,0.664777398109436,0.40796709060668945,True
qb_010853,public_sentiment,qb_010853__public_sentiment,0.7253674,0.7219470739364624,0.36860400438308716,True
qb_010853,legality_constitutionality,qb_010853__legality_constitutionality,0.8804085,0.6973329782485962,0.41484886407852173,True
qb_010853,policy_prescription,qb_010853__policy_prescription,0.71641105,0.6954671144485474,0.48098763823509216,True
qb_013280,morality,qb_013280__morality,0.83043635,0.7544934153556824,0.4383840560913086,True
qb_013280,public_sentiment,qb_013280__public_sentiment,0.777759,0.6367872357368469,0.3831638991832733,True
qb_013280,security_and_defense,qb_013280__security_and_defense,0.72959423,0.6950821876525879,0.4161490797996521,True
qb_013280,cultural_identity,qb_013280__cultural_identity,0.80614233,0.6678025126457214,0.431669145822525,True
qb_010232,morality,qb_010232__morality,0.7984562,0.8126804828643799,0.4849480092525482,True
qb_010232,political,qb_010232__political,0.76370084,0.5964071750640869,0.48701420426368713,True
qb_000712,political,qb_000712__political,0.78975177,0.7014479041099548,0.4656388759613037,True
qb_000712,legality_constitutionality,qb_000712__legality_constitutionality,0.7608834,0.6302456855773926,0.4413956105709076,True
qb_000712,policy_prescription,qb_000712__policy_prescription,0.78455204,0.6832441091537476,0.4286695420742035,True
qb_000712,fairness_and_equality,qb_000712__fairness_and_equality,0.7928982,0.6762336492538452,0.44010066986083984,True
qb_000712,cultural_identity,qb_000712__cultural_identity,0.87554044,0.682102382183075,0.437966525554657,True
qb_000712,public_sentiment,qb_000712__public_sentiment,0.8061299,0.6818780899047852,0.43952473998069763,True
qb_009545,legality_constitutionality,qb_009545__legality_constitutionality,0.8690835,0.6550124883651733,0.49429136514663696,True
qb_009545,policy_prescription,qb_009545__policy_prescription,0.7390474,0.7850081920623779,0.4605135917663574,True
qb_009545,political,qb_009545__political,0.8949169,0.7140099406242371,0.4905431866645813,True
qb_014032,political,qb_014032__political,0.8466506,0.7861931920051575,0.5015236139297485,True
qb_014032,security_and_defense,qb_014032__security_and_defense,0.865443,0.7312724590301514,0.43343448638916016,True
qb_014032,public_sentiment,qb_014032__public_sentiment,0.7984569,0.6604896187782288,0.508496105670929,True
qb_014032,external_regulation,qb_014032__external_regulation,0.84255385,0.7524998188018799,0.44952574372291565,True
qb_006398,security_and_defense,qb_006398__security_and_defense,0.8098032,0.7267364263534546,0.471834272146225,True
qb_006398,legality_constitutionality,qb_006398__legality_constitutionality,0.73365146,0.6327546834945679,0.4700516164302826,True
qb_006398,crime_and_punishment,qb_006398__crime_and_punishment,0.79337865,0.7026668787002563,0.4580565392971039,True
qb_006398,external_regulation,qb_006398__external_regulation,0.7828134,0.7048092484474182,0.4651722013950348,True
qb_006398,economic,qb_006398__economic,0.70778847,0.6169434785842896,0.4497361183166504,True
qb_006398,political,qb_006398__political,0.7207315,0.6433025002479553,0.5054572820663452,True
qb_002433,legality_constitutionality,qb_002433__legality_constitutionality,0.8037597,0.6518070101737976,0.4602935314178467,True
qb_002433,policy_prescription,qb_002433__policy_prescription,0.8669264,0.8243969082832336,0.42508888244628906,True
qb_002433,political,qb_002433__political,0.6507591,0.642979621887207,0.4336172938346863,True
qb_002433,health_and_safety,qb_002433__health_and_safety,0.79513,0.8073978424072266,0.45577311515808105,True
qb_016583,legality_constitutionality,qb_016583__legality_constitutionality,0.79523563,0.7130547761917114,0.46092939376831055,True
qb_016583,political,qb_016583__political,0.7382092,0.633931040763855,0.49994802474975586,True
qb_016583,health_and_safety,qb_016583__health_and_safety,0.81647,0.6934347152709961,0.4359596371650696,True
qb_000026,legality_constitutionality,qb_000026__legality_constitutionality,0.7083888,0.6893355250358582,0.4480857849121094,True
qb_000026,security_and_defense,qb_000026__security_and_defense,0.81463933,0.7292436361312866,0.46734219789505005,True
qb_000026,cultural_identity,qb_000026__cultural_identity,0.82358146,0.579207181930542,0.41654735803604126,True
qb_011717,legality_constitutionality,qb_011717__legality_constitutionality,0.79782045,0.761205792427063,0.43123292922973633,True
qb_011717,capacity_and_resources,qb_011717__capacity_and_resources,0.6113935,0.5876151323318481,0.4210668206214905,True
qb_011717,security_and_defense,qb_011717__security_and_defense,0.8719288,0.7508828043937683,0.447824090719223,True
qb_011083,cultural_identity,qb_011083__cultural_identity,0.91633457,0.8113791942596436,0.42511487007141113,True
qb_011083,political,qb_011083__political,0.8552868,0.8375063538551331,0.4529697299003601,True
qb_009918,legality_constitutionality,qb_009918__legality_constitutionality,0.7445143,0.6677980422973633,0.4238533079624176,True
qb_009918,political,qb_009918__political,0.76738715,0.6404902935028076,0.51207435131073,True
qb_009918,crime_and_punishment,qb_009918__crime_and_punishment,0.71471417,0.668160617351532,0.4808715879917145,True
qb_009918,morality,qb_009918__morality,0.76913834,0.5866658091545105,0.46659940481185913,True
qb_001729,legality_constitutionality,qb_001729__legality_constitutionality,0.86602634,0.6399601697921753,0.4491172432899475,True
qb_001729,political,qb_001729__political,0.78048295,0.7542021870613098,0.472966730594635,True
qb_001729,public_sentiment,qb_001729__public_sentiment,0.72361165,0.6380818486213684,0.4966420531272888,True
qb_009151,policy_prescription,qb_009151__policy_prescription,0.8184353,0.790368378162384,0.46133309602737427,True
qb_009151,health_and_safety,qb_009151__health_and_safety,0.7687845,0.7189109921455383,0.4316485524177551,True
qb_009151,economic,qb_009151__economic,0.8144994,0.7980074882507324,0.4623141884803772,True
qb_009151,capacity_and_resources,qb_009151__capacity_and_resources,0.7604889,0.6874966621398926,0.44819602370262146,True
qb_005042,external_regulation,qb_005042__external_regulation,0.7966186,0.7510356903076172,0.4696989953517914,True
qb_005042,policy_prescription,qb_005042__policy_prescription,0.7706801,0.7416165471076965,0.4492504596710205,True
qb_005042,legality_constitutionality,qb_005042__legality_constitutionality,0.8609096,0.696299135684967,0.4659699499607086,True
qb_005042,cultural_identity,qb_005042__cultural_identity,0.91383576,0.750656008720398,0.4397149980068207,True
qb_005042,morality,qb_005042__morality,0.7968694,0.5772413611412048,0.4965365529060364,True
qb_005042,economic,qb_005042__economic,0.74149144,0.6059649586677551,0.4684712886810303,True
qb_006907,political,qb_006907__political,0.7179171,0.5637676119804382,0.4873952269554138,True
qb_006907,policy_prescription,qb_006907__policy_prescription,0.7143636,0.6615177392959595,0.48257550597190857,True
qb_006907,security_and_defense,qb_006907__security_and_defense,0.8525517,0.744500994682312,0.4893309473991394,True
qb_006907,economic,qb_006907__economic,0.6577353,0.5883423089981079,0.47949114441871643,True
qb_006907,capacity_and_resources,qb_006907__capacity_and_resources,0.716676,0.6800928115844727,0.45954570174217224,True
qb_019017,political,qb_019017__political,0.8181658,0.6678268909454346,0.47990870475769043,True
qb_019017,legality_constitutionality,qb_019017__legality_constitutionality,0.8370994,0.6458407640457153,0.4700252115726471,True
qb_003973,legality_constitutionality,qb_003973__legality_constitutionality,0.8901028,0.7631745338439941,0.42946657538414,True
qb_003973,security_and_defense,qb_003973__security_and_defense,0.89354634,0.758367121219635,0.43004435300827026,True
qb_003973,political,qb_003973__political,0.8154803,0.7513399720191956,0.4795769155025482,True
qb_003973,crime_and_punishment,qb_003973__crime_and_punishment,0.7924032,0.7292395234107971,0.5268779993057251,True
qb_008919,political,qb_008919__political,0.875819,0.6864779591560364,0.4102540910243988,True
qb_008919,legality_constitutionality,qb_008919__legality_constitutionality,0.8447008,0.7257996201515198,0.4458356499671936,True
qb_017622,political,qb_017622__political,0.75881624,0.7291997671127319,0.44880756735801697,True
qb_017622,public_sentiment,qb_017622__public_sentiment,0.8273568,0.7320652008056641,0.4921415448188782,True
qb_005901,security_and_defense,qb_005901__security_and_defense,0.8261605,0.735313355922699,0.4983794093132019,True
qb_005901,external_regulation,qb_005901__external_regulation,0.80520153,0.7615126967430115,0.4966006278991699,True
qb_005901,policy_prescription,qb_005901__policy_prescription,0.8178558,0.7291027903556824,0.4390970766544342,True
qb_005901,political,qb_005901__political,0.79114914,0.6768361926078796,0.5231925249099731,True
qb_012854,legality_constitutionality,qb_012854__legality_constitutionality,0.84377277,0.7902856469154358,0.46681660413742065,True
qb_012854,crime_and_punishment,qb_012854__crime_and_punishment,0.8020914,0.7589409351348877,0.5254238247871399,True
qb_012854,political,qb_012854__political,0.79540586,0.7543107271194458,0.42593246698379517,True
qb_014848,political,qb_014848__political,0.73858845,0.6071734428405762,0.48857012391090393,True
qb_014848,policy_prescription,qb_014848__policy_prescription,0.7663034,0.601068913936615,0.4648350775241852,True
qb_003979,capacity_and_resources,qb_003979__capacity_and_resources,0.81608707,0.7512823939323425,0.45447784662246704,True
qb_003979,public_sentiment,qb_003979__public_sentiment,0.7791798,0.7563299536705017,0.4725387692451477,True
qb_003979,economic,qb_003979__economic,0.86830306,0.7402269244194031,0.415677934885025,True
qb_003979,quality_of_life,qb_003979__quality_of_life,0.8381288,0.7208385467529297,0.4883434772491455,True
qb_001323,morality,qb_001323__morality,0.7488073,0.684307336807251,0.4373956322669983,True
qb_001323,public_sentiment,qb_001323__public_sentiment,0.7506428,0.7160592675209045,0.44304341077804565,True
qb_001323,quality_of_life,qb_001323__quality_of_life,0.79657644,0.6685813069343567,0.46746665239334106,True
qb_011762,crime_and_punishment,qb_011762__crime_and_punishment,0.77874684,0.7675743103027344,0.41574326157569885,True
qb_011762,security_and_defense,qb_011762__security_and_defense,0.838268,0.7515854239463806,0.47902458906173706,True
qb_011762,legality_constitutionality,qb_011762__legality_constitutionality,0.77568513,0.6815445423126221,0.45544594526290894,True
qb_009920,legality_constitutionality,qb_009920__legality_constitutionality,0.70603055,0.6477910876274109,0.4415302872657776,True
qb_009920,political,qb_009920__political,0.8185562,0.6897783279418945,0.4495759904384613,True
qb_009920,crime_and_punishment,qb_009920__crime_and_punishment,0.6955068,0.6812966465950012,0.4259556829929352,True
qb_009920,external_regulation,qb_009920__external_regulation,0.80844027,0.6155946850776672,0.4765329360961914,True
qb_011032,security_and_defense,qb_011032__security_and_defense,0.7880032,0.8995450735092163,0.4552066922187805,True
qb_011032,external_regulation,qb_011032__external_regulation,0.85642576,0.7483410239219666,0.47187790274620056,True
qb_011032,policy_prescription,qb_011032__policy_prescription,0.82579756,0.7815152406692505,0.42173251509666443,True
qb_013248,security_and_defense,qb_013248__security_and_defense,0.81401956,0.693963885307312,0.37861132621765137,True
qb_013248,health_and_safety,qb_013248__health_and_safety,0.7716047,0.705926239490509,0.45487532019615173,True
qb_013248,political,qb_013248__political,0.7724371,0.6351287364959717,0.44519346952438354,True
qb_013248,external_regulation,qb_013248__external_regulation,0.7938125,0.7235565781593323,0.4230971336364746,True
qb_013248,public_sentiment,qb_013248__public_sentiment,0.80311763,0.6711519360542297,0.4667273163795471,True
qb_010416,crime_and_punishment,qb_010416__crime_and_punishment,0.8247509,0.7718632817268372,0.4624425768852234,True
qb_010416,public_sentiment,qb_010416__public_sentiment,0.8402433,0.7639200091362,0.45118480920791626,True
qb_010416,legality_constitutionality,qb_010416__legality_constitutionality,0.86877567,0.6800357699394226,0.397808313369751,True
qb_005867,external_regulation,qb_005867__external_regulation,0.85099727,0.7186391353607178,0.46916359663009644,True
qb_005867,economic,qb_005867__economic,0.81289685,0.7143847942352295,0.45054835081100464,True
qb_005867,political,qb_005867__political,0.7709236,0.5930231809616089,0.4677967429161072,True
qb_011959,policy_prescription,qb_011959__policy_prescription,0.765466,0.6871094703674316,0.5213059186935425,True
qb_011959,crime_and_punishment,qb_011959__crime_and_punishment,0.8957964,0.7629204988479614,0.5093646049499512,True
qb_011959,health_and_safety,qb_011959__health_and_safety,0.6919341,0.6005560755729675,0.43921947479248047,True
qb_011959,public_sentiment,qb_011959__public_sentiment,0.8418928,0.7007559537887573,0.4654029309749603,True
qb_011959,political,qb_011959__political,0.8244822,0.7141565084457397,0.523985743522644,True
qb_008832,legality_constitutionality,qb_008832__legality_constitutionality,0.803541,0.7750248908996582,0.481708824634552,True
qb_008832,political,qb_008832__political,0.8641125,0.7838013172149658,0.49520620703697205,True
qb_001015,legality_constitutionality,qb_001015__legality_constitutionality,0.797631,0.6829869747161865,0.4046698212623596,True
qb_001015,political,qb_001015__political,0.7957013,0.6732106804847717,0.45911160111427307,True
qb_001015,capacity_and_resources,qb_001015__capacity_and_resources,0.7967057,0.7416410446166992,0.4148002564907074,True
qb_012974,economic,qb_012974__economic,0.8367251,0.8055766820907593,0.4443143308162689,True
qb_012974,quality_of_life,qb_012974__quality_of_life,0.8210479,0.7782648801803589,0.41911229491233826,True
qb_002026,political,qb_002026__political,0.81225365,0.7503856420516968,0.4869743287563324,True
qb_002026,public_sentiment,qb_002026__public_sentiment,0.80508995,0.617957353591919,0.384581983089447,True
qb_021479,security_and_defense,qb_021479__security_and_defense,0.72747785,0.7095566987991333,0.4220137596130371,True
qb_021479,public_sentiment,qb_021479__public_sentiment,0.85316867,0.5510626435279846,0.3855718672275543,True
qb_001925,political,qb_001925__political,0.81195366,0.7085322141647339,0.468099981546402,True
qb_001925,policy_prescription,qb_001925__policy_prescription,0.80248207,0.7022646069526672,0.4757622182369232,True
qb_011799,political,qb_011799__political,0.8374491,0.6542003154754639,0.47430387139320374,True
qb_011799,security_and_defense,qb_011799__security_and_defense,0.8078947,0.6655160188674927,0.47938528656959534,True
qb_011799,policy_prescription,qb_011799__policy_prescription,0.7003671,0.6526549458503723,0.4808489680290222,True
qb_011799,legality_constitutionality,qb_011799__legality_constitutionality,0.767682,0.6749780774116516,0.5026160478591919,True
qb_011799,crime_and_punishment,qb_011799__crime_and_punishment,0.6983488,0.6590930223464966,0.4623093605041504,True
qb_011799,public_sentiment,qb_011799__public_sentiment,0.851195,0.6634170413017273,0.45551586151123047,True
qb_005415,policy_prescription,qb_005415__policy_prescription,0.75304556,0.6777158379554749,0.4462784230709076,True
qb_005415,political,qb_005415__political,0.83166814,0.7411701679229736,0.4461718499660492,True
qb_005415,economic,qb_005415__economic,0.91907305,0.7034112215042114,0.4511432647705078,True
qb_005948,policy_prescription,qb_005948__policy_prescription,0.81017673,0.7217563390731812,0.4825960099697113,True
qb_005948,capacity_and_resources,qb_005948__capacity_and_resources,0.8337292,0.6606462001800537,0.4952141344547272,True
qb_005948,political,qb_005948__political,0.79237914,0.6389447450637817,0.47718000411987305,True
qb_005948,crime_and_punishment,qb_005948__crime_and_punishment,0.78915495,0.6516439318656921,0.48482829332351685,True
qb_005948,legality_constitutionality,qb_005948__legality_constitutionality,0.7630023,0.6742817759513855,0.49750933051109314,True
qb_004366,political,qb_004366__political,0.7304667,0.6813279986381531,0.49394258856773376,True
qb_004366,legality_constitutionality,qb_004366__legality_constitutionality,0.8099228,0.6635853052139282,0.5022163391113281,True
qb_004366,public_sentiment,qb_004366__public_sentiment,0.8059971,0.6108520030975342,0.42551493644714355,True
qb_011875,political,qb_011875__political,0.77538383,0.6068592071533203,0.4463270306587219,True
qb_011875,public_sentiment,qb_011875__public_sentiment,0.8194632,0.6992496252059937,0.3610058128833771,True
qb_011875,morality,qb_011875__morality,0.81424165,0.634713351726532,0.4376038610935211,True
qb_007488,health_and_safety,qb_007488__health_and_safety,0.72193694,0.6859403848648071,0.4366292953491211,True
qb_007488,policy_prescription,qb_007488__policy_prescription,0.70320565,0.6589230298995972,0.43415775895118713,True
qb_007488,public_sentiment,qb_007488__public_sentiment,0.82572407,0.6484835147857666,0.4908432364463806,True
qb_000178,economic,qb_000178__economic,0.80249393,0.6779792308807373,0.3828989863395691,True
qb_000178,policy_prescription,qb_000178__policy_prescription,0.79382783,0.6362031698226929,0.48702603578567505,True
qb_000178,political,qb_000178__political,0.7575301,0.6709679365158081,0.46359318494796753,True
qb_020047,health_and_safety,qb_020047__health_and_safety,0.8319538,0.6846634745597839,0.42785415053367615,True
qb_020047,economic,qb_020047__economic,0.7731321,0.6327720284461975,0.40109291672706604,True
qb_020047,policy_prescription,qb_020047__policy_prescription,0.7443149,0.602918267250061,0.4275580942630768,True
qb_020047,political,qb_020047__political,0.78021806,0.6596425771713257,0.4366872310638428,True
qb_020047,capacity_and_resources,qb_020047__capacity_and_resources,0.71245575,0.6842621564865112,0.40359535813331604,True
qb_014507,political,qb_014507__political,0.7362367,0.503494143486023,0.41218075156211853,True
qb_014507,security_and_defense,qb_014507__security_and_defense,0.6780709,0.4669543504714966,0.45280709862709045,True
qb_014507,legality_constitutionality,qb_014507__legality_constitutionality,0.7694945,0.4925265312194824,0.4351392686367035,True
qb_014507,public_sentiment,qb_014507__public_sentiment,0.76497686,0.5337736010551453,0.47005921602249146,True
qb_016664,political,qb_016664__political,0.72180843,0.6162833571434021,0.530715823173523,True
qb_016664,fairness_and_equality,qb_016664__fairness_and_equality,0.80905217,0.7990783452987671,0.4638303816318512,True
qb_016664,crime_and_punishment,qb_016664__crime_and_punishment,0.71201026,0.5641170740127563,0.45172372460365295,True
qb_008645,policy_prescription,qb_008645__policy_prescription,0.67679733,0.6554756164550781,0.45745038986206055,True
qb_008645,economic,qb_008645__economic,0.71513426,0.5713343024253845,0.44342970848083496,True
qb_008645,quality_of_life,qb_008645__quality_of_life,0.8511175,0.6221122145652771,0.42525655031204224,True
qb_008645,capacity_and_resources,qb_008645__capacity_and_resources,0.66535777,0.6917685270309448,0.4319036602973938,True
qb_008645,political,qb_008645__political,0.82100487,0.6009885668754578,0.5074170827865601,True
qb_008645,health_and_safety,qb_008645__health_and_safety,0.74511623,0.59327232837677,0.40722641348838806,True
qb_021268,political,qb_021268__political,0.8086972,0.6475690603256226,0.49976521730422974,True
qb_021268,policy_prescription,qb_021268__policy_prescription,0.7807653,0.6855262517929077,0.5004341006278992,True
qb_021268,capacity_and_resources,qb_021268__capacity_and_resources,0.7509682,0.5799241065979004,0.43846338987350464,True
qb_003384,policy_prescription,qb_003384__policy_prescription,0.81617016,0.7684015035629272,0.5157110095024109,True
qb_003384,political,qb_003384__political,0.80662656,0.7134300470352173,0.53101646900177,True
qb_003384,security_and_defense,qb_003384__security_and_defense,0.74721265,0.6633325815200806,0.4555562138557434,True
qb_015588,political,qb_015588__political,0.8244053,,0.4924464821815491,False
qb_000457,political,qb_000457__political,0.81694317,0.7681792378425598,0.4481033384799957,True
qb_000457,policy_prescription,qb_000457__policy_prescription,0.74489856,0.7112596035003662,0.4227285385131836,True
qb_000457,capacity_and_resources,qb_000457__capacity_and_resources,0.7318949,0.6841206550598145,0.4659794270992279,True
qb_020286,political,qb_020286__political,0.7129783,0.6360797882080078,0.5056329965591431,True
qb_020286,fairness_and_equality,qb_020286__fairness_and_equality,0.7992116,0.5293893814086914,0.46456795930862427,True
qb_020286,public_sentiment,qb_020286__public_sentiment,0.70077145,0.6268609762191772,0.4657049775123596,True
qb_008292,legality_constitutionality,qb_008292__legality_constitutionality,0.76947784,0.6938156485557556,0.5014568567276001,True
qb_008292,economic,qb_008292__economic,0.67376167,0.6317693591117859,0.4484463632106781,True
qb_008292,capacity_and_resources,qb_008292__capacity_and_resources,0.8828573,0.8055055141448975,0.43390950560569763,True
qb_017708,political,qb_017708__political,0.7879284,0.7273251414299011,0.4515388607978821,True
qb_017708,economic,qb_017708__economic,0.7092482,0.696568489074707,0.4398159980773926,True
qb_017708,capacity_and_resources,qb_017708__capacity_and_resources,0.8404316,0.7112221717834473,0.4854462146759033,True
qb_017708,policy_prescription,qb_017708__policy_prescription,0.8036865,0.6220006942749023,0.4628806710243225,True
qb_012530,political,qb_012530__political,0.8339463,0.7239862084388733,0.46160173416137695,True
qb_012530,legality_constitutionality,qb_012530__legality_constitutionality,0.8200537,0.7777161598205566,0.49394550919532776,True
qb_012530,public_sentiment,qb_012530__public_sentiment,0.7500094,0.692664384841919,0.49267226457595825,True
qb_012530,policy_prescription,qb_012530__policy_prescription,0.8220611,0.711272120475769,0.49412816762924194,True
qb_012530,morality,qb_012530__morality,0.8367481,0.7552540302276611,0.5018268823623657,True
qb_019868,political,qb_019868__political,0.8226272,0.5595913529396057,0.4258438050746918,True
qb_019868,policy_prescription,qb_019868__policy_prescription,0.5931057,0.5364023447036743,0.466785728931427,True
qb_019868,capacity_and_resources,qb_019868__capacity_and_resources,0.8164891,0.6311023831367493,0.46467170119285583,True
qb_004170,health_and_safety,qb_004170__health_and_safety,0.74892354,0.6249697208404541,0.49933677911758423,True
qb_004170,policy_prescription,qb_004170__policy_prescription,0.844502,0.64007967710495,0.4619782865047455,True
qb_004170,capacity_and_resources,qb_004170__capacity_and_resources,0.78378797,0.6572150588035583,0.4302641749382019,True
qb_004170,political,qb_004170__political,0.8366899,0.6709142327308655,0.49941498041152954,True
qb_002833,legality_constitutionality,qb_002833__legality_constitutionality,0.8960947,0.7583880424499512,0.467060387134552,True
qb_002833,morality,qb_002833__morality,0.80212903,0.7166948914527893,0.4537953734397888,True
qb_002833,health_and_safety,qb_002833__health_and_safety,0.8237,0.7515180706977844,0.4448704123497009,True
qb_002833,policy_prescription,qb_002833__policy_prescription,0.8309241,0.745954155921936,0.4714207053184509,True
qb_002833,fairness_and_equality,qb_002833__fairness_and_equality,0.8410565,0.7629951238632202,0.45231837034225464,True
qb_002833,political,qb_002833__political,0.8460699,0.6416229009628296,0.48095083236694336,True
qb_002833,cultural_identity,qb_002833__cultural_identity,0.88255715,0.7886794805526733,0.4274861812591553,True
qb_014116,security_and_defense,qb_014116__security_and_defense,0.82337135,0.778195858001709,0.5348482728004456,True
qb_014116,political,qb_014116__political,0.79226524,0.7385798692703247,0.47584953904151917,True
qb_014116,external_regulation,qb_014116__external_regulation,0.7571682,0.7927829027175903,0.4770508408546448,True
qb_009667,legality_constitutionality,qb_009667__legality_constitutionality,0.7641628,0.8187229037284851,0.46122318506240845,True
qb_009667,crime_and_punishment,qb_009667__crime_and_punishment,0.83872926,0.6966084241867065,0.4736155569553375,True
qb_009667,political,qb_009667__political,0.770994,0.7766245603561401,0.4682043492794037,True
qb_019630,political,qb_019630__political,0.8939902,0.6767885684967041,0.4681733250617981,True
qb_019630,health_and_safety,qb_019630__health_and_safety,0.9043429,0.7545401453971863,0.4552628993988037,True
qb_019630,policy_prescription,qb_019630__policy_prescription,0.850276,0.7102251052856445,0.46642595529556274,True
qb_019630,capacity_and_resources,qb_019630__capacity_and_resources,0.87264395,0.7249485850334167,0.45882415771484375,True
qb_004411,legality_constitutionality,qb_004411__legality_constitutionality,0.7608417,0.8604958653450012,0.5031335949897766,True
qb_004411,political,qb_004411__political,0.8528643,0.6942165493965149,0.4864027500152588,True
qb_014053,policy_prescription,qb_014053__policy_prescription,0.8633682,0.7198001146316528,0.47003990411758423,True
qb_014053,economic,qb_014053__economic,0.8277812,0.6869341135025024,0.36743825674057007,True
qb_014053,public_sentiment,qb_014053__public_sentiment,0.8058418,0.7326294183731079,0.485637366771698,True
qb_014053,morality,qb_014053__morality,0.8832036,0.7317047715187073,0.522375226020813,True
qb_014053,capacity_and_resources,qb_014053__capacity_and_resources,0.8287494,0.7947289347648621,0.48154109716415405,True
qb_014053,political,qb_014053__political,0.82855207,0.7357994914054871,0.47507143020629883,True
qb_016547,security_and_defense,qb_016547__security_and_defense,0.6693792,0.6427026391029358,0.4756110608577728,True
qb_016547,political,qb_016547__political,0.71879137,0.6454985737800598,0.48968029022216797,True
qb_016547,external_regulation,qb_016547__external_regulation,0.72511065,0.5975580215454102,0.49886876344680786,True
qb_016547,health_and_safety,qb_016547__health_and_safety,0.6989263,0.5853733420372009,0.4198773503303528,True
qb_019205,political,qb_019205__political,0.9024501,0.6710560321807861,0.48636165261268616,True
qb_019205,morality,qb_019205__morality,0.76665056,0.7256834506988525,0.4503077566623688,True
qb_019205,cultural_identity,qb_019205__cultural_identity,0.8280335,0.7199246883392334,0.48557978868484497,True
qb_007535,legality_constitutionality,qb_007535__legality_constitutionality,0.80612147,0.6638551354408264,0.4865897297859192,True
qb_007535,political,qb_007535__political,0.7837666,0.7045616507530212,0.4816492199897766,True
qb_007535,public_sentiment,qb_007535__public_sentiment,0.740304,0.6394927501678467,0.4659532606601715,True
qb_007535,external_regulation,qb_007535__external_regulation,0.76774246,0.7290287017822266,0.5243745446205139,True
qb_010726,quality_of_life,qb_010726__quality_of_life,0.8688545,0.7503213882446289,0.40409478545188904,True
qb_010726,capacity_and_resources,qb_010726__capacity_and_resources,0.75718856,0.732002854347229,0.43261194229125977,True
qb_010726,health_and_safety,qb_010726__health_and_safety,0.7660332,0.7399807572364807,0.4670228362083435,True
qb_003064,political,qb_003064__political,0.72565794,0.7308489084243774,0.4677773416042328,True
qb_003064,legality_constitutionality,qb_003064__legality_constitutionality,0.8322071,0.775151252746582,0.44458550214767456,True
qb_013494,crime_and_punishment,qb_013494__crime_and_punishment,0.85061425,0.724166989326477,0.44048866629600525,True
qb_013494,policy_prescription,qb_013494__policy_prescription,0.76335114,0.7618468999862671,0.48197227716445923,True
qb_013494,political,qb_013494__political,0.78046703,0.7127180099487305,0.49894341826438904,True
qb_008606,policy_prescription,qb_008606__policy_prescription,0.7870703,0.7083315849304199,0.45136362314224243,True
qb_008606,health_and_safety,qb_008606__health_and_safety,0.80006343,0.6909976005554199,0.458303838968277,True
qb_008606,political,qb_008606__political,0.8962475,0.6738961935043335,0.48987889289855957,True
qb_008606,capacity_and_resources,qb_008606__capacity_and_resources,0.76910067,0.7678813934326172,0.49249473214149475,True
qb_008606,legality_constitutionality,qb_008606__legality_constitutionality,0.750415,0.7362408638000488,0.5290339589118958,True
qb_014278,security_and_defense,qb_014278__security_and_defense,0.69275975,0.684424102306366,0.46610260009765625,True
qb_014278,crime_and_punishment,qb_014278__crime_and_punishment,0.7909266,0.7045790553092957,0.43436774611473083,True
qb_014278,morality,qb_014278__morality,0.7758384,0.6148935556411743,0.43744415044784546,True
qb_014278,legality_constitutionality,qb_014278__legality_constitutionality,0.7288765,0.6853721141815186,0.39426591992378235,True
qb_014278,public_sentiment,qb_014278__public_sentiment,0.8146945,0.7001197934150696,0.4068211615085602,True
qb_014278,political,qb_014278__political,0.74335563,0.6407744288444519,0.42663413286209106,True
qb_004974,public_sentiment,qb_004974__public_sentiment,0.85756326,0.7629680633544922,0.4371078908443451,True
qb_004974,security_and_defense,qb_004974__security_and_defense,0.85640395,0.7116185426712036,0.4160359501838684,True
qb_004974,quality_of_life,qb_004974__quality_of_life,0.85419035,0.7138910293579102,0.4511774182319641,True
qb_019278,political,qb_019278__political,0.8270006,0.7282677888870239,0.5047217011451721,True
qb_019278,policy_prescription,qb_019278__policy_prescription,0.76181287,0.7327719926834106,0.48658090829849243,True
qb_019278,fairness_and_equality,qb_019278__fairness_and_equality,0.83794403,0.701683521270752,0.468242883682251,True
qb_019278,public_sentiment,qb_019278__public_sentiment,0.85995483,0.6955066919326782,0.43835020065307617,True
qb_019278,legality_constitutionality,qb_019278__legality_constitutionality,0.7781076,0.6211991310119629,0.46849146485328674,True
qb_013643,legality_constitutionality,qb_013643__legality_constitutionality,0.8339896,0.5005396008491516,0.4558074474334717,True
qb_013643,external_regulation,qb_013643__external_regulation,0.8276397,0.5803674459457397,0.46415814757347107,True
qb_013643,security_and_defense,qb_013643__security_and_defense,0.74158436,0.6687259078025818,0.4709559381008148,True
qb_013643,political,qb_013643__political,0.8345921,0.5895084142684937,0.4551791548728943,True
qb_013643,policy_prescription,qb_013643__policy_prescription,0.81068695,0.6702185273170471,0.44794946908950806,True
qb_006617,political,qb_006617__political,0.7404399,0.6419599652290344,0.45146578550338745,True
qb_006617,economic,qb_006617__economic,0.8148961,0.6975589990615845,0.455811083316803,True
qb_006617,capacity_and_resources,qb_006617__capacity_and_resources,0.755828,0.6590300798416138,0.4510726034641266,True
qb_006617,security_and_defense,qb_006617__security_and_defense,0.849703,0.6730000376701355,0.4665347635746002,True
qb_006617,public_sentiment,qb_006617__public_sentiment,0.85561764,0.7302302122116089,0.4940705895423889,True
qb_006617,fairness_and_equality,qb_006617__fairness_and_equality,0.832517,0.7129972577095032,0.43739691376686096,True
qb_014505,legality_constitutionality,qb_014505__legality_constitutionality,0.78162587,0.735724687576294,0.47253042459487915,True
qb_014505,political,qb_014505__political,0.83882344,0.811880350112915,0.5083591341972351,True
qb_014505,economic,qb_014505__economic,0.80013776,0.795505702495575,0.4565524160861969,True
qb_014505,fairness_and_equality,qb_014505__fairness_and_equality,0.76929665,0.793416440486908,0.4776405692100525,True
qb_014505,cultural_identity,qb_014505__cultural_identity,0.8345405,0.7406477332115173,0.4440435469150543,True
qb_017974,economic,qb_017974__economic,0.84854066,0.7497885227203369,0.44999179244041443,True
qb_017974,capacity_and_resources,qb_017974__capacity_and_resources,0.85536087,0.8295764923095703,0.40764302015304565,True
qb_017974,quality_of_life,qb_017974__quality_of_life,0.84600514,0.7995412945747375,0.4352355897426605,True
qb_017974,political,qb_017974__political,0.8235596,0.7442296147346497,0.5116693377494812,True
qb_013216,political,qb_013216__political,0.8548156,0.8077434301376343,0.4393380582332611,True
qb_013216,public_sentiment,qb_013216__public_sentiment,0.87112594,0.7367100119590759,0.4375678598880768,True
qb_013216,legality_constitutionality,qb_013216__legality_constitutionality,0.85375476,0.5465703010559082,0.3974703252315521,True
qb_013216,fairness_and_equality,qb_013216__fairness_and_equality,0.91550463,0.8080911636352539,0.44869083166122437,True
qb_013216,morality,qb_013216__morality,0.8003688,0.7201541662216187,0.4146231710910797,True
qb_013216,cultural_identity,qb_013216__cultural_identity,0.87305534,0.797084629535675,0.48761361837387085,True
qb_013216,economic,qb_013216__economic,0.8453145,0.7901759147644043,0.46156415343284607,True
qb_003976,economic,qb_003976__economic,0.83302116,,0.42349666357040405,False
qb_007663,policy_prescription,qb_007663__policy_prescription,0.79492474,0.7370569109916687,0.4137710928916931,True
qb_007663,cultural_identity,qb_007663__cultural_identity,0.9085144,0.7004770040512085,0.4224700927734375,True
qb_013109,legality_constitutionality,qb_013109__legality_constitutionality,0.69062847,0.6553215980529785,0.4549477696418762,True
qb_013109,political,qb_013109__political,0.82587504,0.633928120136261,0.5170078277587891,True
qb_013109,public_sentiment,qb_013109__public_sentiment,0.74090743,0.6182140111923218,0.5048004984855652,True
qb_015716,economic,qb_015716__economic,0.77157503,0.751189649105072,0.3901362419128418,True
qb_015716,policy_prescription,qb_015716__policy_prescription,0.7137238,0.6594070792198181,0.4449780583381653,True
qb_015716,external_regulation,qb_015716__external_regulation,0.8157979,0.6777842044830322,0.4223717749118805,True
qb_015716,political,qb_015716__political,0.6819112,0.618582010269165,0.47568026185035706,True
qb_009911,legality_constitutionality,qb_009911__legality_constitutionality,0.72476715,0.7517977952957153,0.4532089829444885,True
qb_009911,economic,qb_009911__economic,0.8701538,0.7646200656890869,0.44094735383987427,True
qb_009911,crime_and_punishment,qb_009911__crime_and_punishment,0.89639115,0.795174241065979,0.4567151963710785,True
qb_010425,economic,qb_010425__economic,0.7932811,,0.3907701373100281,False
qb_006263,legality_constitutionality,qb_006263__legality_constitutionality,0.747313,0.7716427445411682,0.5101121068000793,True
qb_006263,security_and_defense,qb_006263__security_and_defense,0.7384234,0.6315739154815674,0.4354754388332367,True
qb_006263,crime_and_punishment,qb_006263__crime_and_punishment,0.74185956,0.7448827624320984,0.41762351989746094,True
qb_010747,political,qb_010747__political,0.8555652,0.704227089881897,0.49361085891723633,True
qb_010747,public_sentiment,qb_010747__public_sentiment,0.81879735,0.6968846917152405,0.46779337525367737,True
qb_013628,political,qb_013628__political,0.81110156,0.6861693263053894,0.42939162254333496,True
qb_013628,legality_constitutionality,qb_013628__legality_constitutionality,0.8787167,0.625557005405426,0.44158482551574707,True
qb_013628,public_sentiment,qb_013628__public_sentiment,0.7542678,0.5950919985771179,0.44624558091163635,True
qb_008041,political,qb_008041__political,0.88054883,,0.5292178392410278,False
qb_013671,economic,qb_013671__economic,0.74374837,0.7724425792694092,0.4461304545402527,True
qb_013671,political,qb_013671__political,0.8356318,0.694034218788147,0.47289401292800903,True
qb_013671,capacity_and_resources,qb_013671__capacity_and_resources,0.8269691,0.6791457533836365,0.44038376212120056,True
qb_003178,policy_prescription,qb_003178__policy_prescription,0.8186988,0.6809925436973572,0.4569198191165924,True
qb_003178,legality_constitutionality,qb_003178__legality_constitutionality,0.7752533,0.7450677156448364,0.4394967555999756,True
qb_003178,morality,qb_003178__morality,0.8896042,0.799079418182373,0.47683125734329224,True
qb_003178,health_and_safety,qb_003178__health_and_safety,0.8395344,0.7384921312332153,0.46634817123413086,True
qb_003178,public_sentiment,qb_003178__public_sentiment,0.80207145,0.6602103114128113,0.4252793788909912,True
qb_018386,political,qb_018386__political,0.6253529,0.5912263989448547,0.5101649761199951,True
qb_018386,legality_constitutionality,qb_018386__legality_constitutionality,0.7905702,0.6711969375610352,0.5015966892242432,True
qb_018386,public_sentiment,qb_018386__public_sentiment,0.7198207,0.6551101803779602,0.4744448661804199,True
qb_018386,crime_and_punishment,qb_018386__crime_and_punishment,0.7096839,0.5797855854034424,0.42954331636428833,True
qb_020181,political,qb_020181__political,0.782236,0.7216565608978271,0.48304563760757446,True
qb_020181,legality_constitutionality,qb_020181__legality_constitutionality,0.72012514,0.6380882859230042,0.5248069167137146,True
qb_020181,crime_and_punishment,qb_020181__crime_and_punishment,0.8122684,0.7259034514427185,0.5552849769592285,True
qb_008663,political,qb_008663__political,0.82545674,0.7786652445793152,0.44897207617759705,True
qb_008663,legality_constitutionality,qb_008663__legality_constitutionality,0.8433697,0.8009814023971558,0.45786982774734497,True
qb_008663,capacity_and_resources,qb_008663__capacity_and_resources,0.7910608,0.7886995077133179,0.48953977227211,True
qb_008663,security_and_defense,qb_008663__security_and_defense,0.8269031,0.8137615323066711,0.4803372323513031,True
qb_008663,morality,qb_008663__morality,0.8165549,0.7586221098899841,0.44954705238342285,True
qb_012697,public_sentiment,qb_012697__public_sentiment,0.93894184,0.7136369347572327,0.433321475982666,True
qb_012697,health_and_safety,qb_012697__health_and_safety,0.87280524,0.7274745106697083,0.40515440702438354,True
qb_012697,policy_prescription,qb_012697__policy_prescription,0.8069942,0.8240216374397278,0.45727968215942383,True
qb_012697,crime_and_punishment,qb_012697__crime_and_punishment,0.88994765,0.7475547194480896,0.45083293318748474,True
qb_008371,legality_constitutionality,qb_008371__legality_constitutionality,0.81297207,0.5210431814193726,0.4690762460231781,True
qb_008371,political,qb_008371__political,0.83433056,0.6741068363189697,0.4489895701408386,True
qb_008371,fairness_and_equality,qb_008371__fairness_and_equality,0.8665454,0.723535418510437,0.48252296447753906,True
qb_006396,political,qb_006396__political,0.8506731,0.6640399694442749,0.4914253354072571,True
qb_006396,public_sentiment,qb_006396__public_sentiment,0.8894644,0.5386980772018433,0.4380732476711273,True
qb_006396,legality_constitutionality,qb_006396__legality_constitutionality,0.82621694,0.5138490200042725,0.5037558674812317,True
qb_016913,health_and_safety,qb_016913__health_and_safety,0.87668467,0.7375945448875427,0.4333930015563965,True
qb_016913,policy_prescription,qb_016913__policy_prescription,0.8493479,0.758798360824585,0.43431034684181213,True
qb_016913,legality_constitutionality,qb_016913__legality_constitutionality,0.89403844,0.800394594669342,0.4432790279388428,True
qb_016913,political,qb_016913__political,0.8651593,0.7315022349357605,0.5098127722740173,True
qb_003191,health_and_safety,qb_003191__health_and_safety,0.71170485,,0.44623392820358276,False
qb_006252,health_and_safety,qb_006252__health_and_safety,0.8113413,,0.42233020067214966,False
qb_001143,security_and_defense,qb_001143__security_and_defense,0.81597984,0.7080984115600586,0.4615226686000824,True
qb_001143,public_sentiment,qb_001143__public_sentiment,0.82100475,0.6687273979187012,0.4403828978538513,True
qb_001143,political,qb_001143__political,0.8572812,0.596836507320404,0.4287264943122864,True
qb_001143,crime_and_punishment,qb_001143__crime_and_punishment,0.82666594,0.6245564818382263,0.4483019709587097,True
qb_016782,legality_constitutionality,qb_016782__legality_constitutionality,0.7631464,0.7101700305938721,0.5043641328811646,True
qb_016782,crime_and_punishment,qb_016782__crime_and_punishment,0.8464421,0.7493689060211182,0.4853842854499817,True
qb_016782,political,qb_016782__political,0.83710086,0.7856131792068481,0.48418888449668884,True
qb_000253,economic,qb_000253__economic,0.7497274,0.6443379521369934,0.44880780577659607,True
qb_000253,quality_of_life,qb_000253__quality_of_life,0.7674068,0.6643983125686646,0.44635263085365295,True
qb_000253,political,qb_000253__political,0.81706136,0.5536727905273438,0.4610690176486969,True
qb_002998,cultural_identity,qb_002998__cultural_identity,0.79900026,0.7847503423690796,0.4087144732475281,True
qb_002998,political,qb_002998__political,0.7944286,0.707659125328064,0.4675748944282532,True
qb_002998,public_sentiment,qb_002998__public_sentiment,0.7888483,0.7395319938659668,0.39596810936927795,True
qb_002998,morality,qb_002998__morality,0.88261294,0.7156270146369934,0.4194224774837494,True
qb_002998,fairness_and_equality,qb_002998__fairness_and_equality,0.8074791,0.6775546073913574,0.4538218080997467,True
qb_015372,policy_prescription,qb_015372__policy_prescription,0.88273466,0.8218738436698914,0.4791029393672943,True
qb_015372,economic,qb_015372__economic,0.81214404,0.7699859738349915,0.4385567605495453,True
qb_015372,political,qb_015372__political,0.8603616,0.8066005110740662,0.49089527130126953,True
qb_015372,health_and_safety,qb_015372__health_and_safety,0.8762014,0.8314440846443176,0.4699048399925232,True
qb_009321,economic,qb_009321__economic,0.7841978,0.7593927383422852,0.4708033502101898,True
qb_009321,external_regulation,qb_009321__external_regulation,0.77958786,0.7206290364265442,0.49009886384010315,True
qb_009321,capacity_and_resources,qb_009321__capacity_and_resources,0.6879387,0.5876796841621399,0.43662840127944946,True
qb_009321,public_sentiment,qb_009321__public_sentiment,0.79025257,0.6471059322357178,0.5173967480659485,True
qb_009321,security_and_defense,qb_009321__security_and_defense,0.8296898,0.7527923583984375,0.4521961212158203,True
qb_001789,public_sentiment,qb_001789__public_sentiment,0.8203619,0.7935543060302734,0.4169023931026459,True
qb_001789,political,qb_001789__political,0.82823193,0.7497811913490295,0.48512697219848633,True
qb_004372,economic,qb_004372__economic,0.7834365,0.6753578186035156,0.385206937789917,True
qb_004372,policy_prescription,qb_004372__policy_prescription,0.84068906,0.6792811155319214,0.5072994232177734,True
qb_004372,legality_constitutionality,qb_004372__legality_constitutionality,0.8291013,0.7401914596557617,0.4202253818511963,True
qb_009010,legality_constitutionality,qb_009010__legality_constitutionality,0.79941684,0.671344518661499,0.46655887365341187,True
qb_009010,policy_prescription,qb_009010__policy_prescription,0.7664107,0.7187883257865906,0.4614935517311096,True
qb_009010,political,qb_009010__political,0.81583536,0.7881312370300293,0.5100871324539185,True
qb_009010,public_sentiment,qb_009010__public_sentiment,0.8773842,0.7171530723571777,0.46667352318763733,True
qb_016184,health_and_safety,qb_016184__health_and_safety,0.7054365,0.7221561670303345,0.48162269592285156,True
qb_016184,policy_prescription,qb_016184__policy_prescription,0.7526882,0.6361637711524963,0.434460312128067,True
qb_016184,economic,qb_016184__economic,0.7784147,0.6856449842453003,0.4175346791744232,True
qb_016184,morality,qb_016184__morality,0.8719261,0.698760986328125,0.4705286920070648,True
qb_016184,political,qb_016184__political,0.9371118,0.6946167945861816,0.5430899858474731,True
qb_012309,health_and_safety,qb_012309__health_and_safety,0.8548756,0.6938338875770569,0.4999098777770996,True
qb_012309,political,qb_012309__political,0.64653826,0.8114954829216003,0.4866297245025635,True
qb_012309,public_sentiment,qb_012309__public_sentiment,0.86382306,0.7030810117721558,0.5069321990013123,True
qb_005491,health_and_safety,qb_005491__health_and_safety,0.7472647,0.7093453407287598,0.43523091077804565,True
qb_005491,capacity_and_resources,qb_005491__capacity_and_resources,0.84567034,0.735217273235321,0.41980892419815063,True
qb_005491,political,qb_005491__political,0.77371657,0.6969184875488281,0.4906626343727112,True
qb_014698,security_and_defense,qb_014698__security_and_defense,0.7827369,0.6899687051773071,0.4781133234500885,True
qb_014698,external_regulation,qb_014698__external_regulation,0.86304384,0.7700854539871216,0.4542141854763031,True
qb_014698,economic,qb_014698__economic,0.795685,0.7072409391403198,0.45776382088661194,True
qb_014698,policy_prescription,qb_014698__policy_prescription,0.7958381,0.7267228364944458,0.48185381293296814,True
qb_014698,capacity_and_resources,qb_014698__capacity_and_resources,0.8061694,0.7826047539710999,0.43641066551208496,True
qb_014698,political,qb_014698__political,0.75407606,0.7150107026100159,0.4351743757724762,True
qb_014698,public_sentiment,qb_014698__public_sentiment,0.7794685,0.7006769180297852,0.4232390820980072,True
qb_014698,legality_constitutionality,qb_014698__legality_constitutionality,0.753694,0.6839472055435181,0.41784366965293884,True
qb_010586,political,qb_010586__political,0.8497466,0.7269508242607117,0.4213288426399231,True
qb_010586,crime_and_punishment,qb_010586__crime_and_punishment,0.74484664,0.61855548620224,0.4773561358451843,True
qb_010586,morality,qb_010586__morality,0.8322274,0.6481276154518127,0.4581058919429779,True
qb_010586,public_sentiment,qb_010586__public_sentiment,0.87070966,0.7345826029777527,0.4433416724205017,True
qb_019049,legality_constitutionality,qb_019049__legality_constitutionality,0.8371923,,0.4753904342651367,False
qb_008394,health_and_safety,qb_008394__health_and_safety,0.66498846,0.6578951478004456,0.40663212537765503,True
qb_008394,public_sentiment,qb_008394__public_sentiment,0.85832095,0.6257203221321106,0.4551721215248108,True
qb_012737,political,qb_012737__political,0.7915455,0.6730890274047852,0.4385611116886139,True
qb_012737,public_sentiment,qb_012737__public_sentiment,0.73154044,0.6943441033363342,0.4460546374320984,True
qb_012737,cultural_identity,qb_012737__cultural_identity,0.84790325,0.7042132019996643,0.42676979303359985,True
qb_012737,fairness_and_equality,qb_012737__fairness_and_equality,0.85615796,0.6741152405738831,0.447725772857666,True
qb_011004,policy_prescription,qb_011004__policy_prescription,0.83495045,0.646790623664856,0.4441453516483307,True
qb_011004,public_sentiment,qb_011004__public_sentiment,0.8910421,0.8001143336296082,0.47272127866744995,True
qb_011004,economic,qb_011004__economic,0.72497064,0.6262302398681641,0.44097965955734253,True
qb_002638,security_and_defense,qb_002638__security_and_defense,0.86364055,0.7990685105323792,0.4755759835243225,True
qb_002638,political,qb_002638__political,0.88015056,0.7539082169532776,0.48656797409057617,True
qb_002638,external_regulation,qb_002638__external_regulation,0.7540633,0.8313523530960083,0.4819924235343933,True
qb_003125,security_and_defense,qb_003125__security_and_defense,0.74876404,0.7196742296218872,0.4422803521156311,True
qb_003125,capacity_and_resources,qb_003125__capacity_and_resources,0.8644884,0.7052053213119507,0.4801221787929535,True
qb_003125,policy_prescription,qb_003125__policy_prescription,0.77487826,0.6911492943763733,0.47747236490249634,True
qb_016948,economic,qb_016948__economic,0.7683431,0.6523540616035461,0.4036743640899658,True
qb_016948,quality_of_life,qb_016948__quality_of_life,0.810743,0.6143925189971924,0.4374597668647766,True
qb_007053,crime_and_punishment,qb_007053__crime_and_punishment,0.79236305,0.7654116153717041,0.4324166774749756,True
qb_007053,legality_constitutionality,qb_007053__legality_constitutionality,0.8519473,0.6755412220954895,0.39598971605300903,True
qb_007053,cultural_identity,qb_007053__cultural_identity,0.8253354,0.670682966709137,0.39193546772003174,True
qb_007053,morality,qb_007053__morality,0.87322867,0.7445085644721985,0.4397129416465759,True
qb_013581,political,qb_013581__political,0.80198306,0.6912553310394287,0.4652945399284363,True
qb_013581,legality_constitutionality,qb_013581__legality_constitutionality,0.8587227,0.7977873086929321,0.4839904308319092,True
qb_013581,policy_prescription,qb_013581__policy_prescription,0.8612505,0.8043797612190247,0.4600140452384949,True
qb_000532,cultural_identity,qb_000532__cultural_identity,0.8537122,0.6694738268852234,0.45563119649887085,True
qb_000532,quality_of_life,qb_000532__quality_of_life,0.8199449,0.6218992471694946,0.42767754197120667,True
qb_000532,capacity_and_resources,qb_000532__capacity_and_resources,0.7035469,0.5905331969261169,0.4462242126464844,True
qb_000532,public_sentiment,qb_000532__public_sentiment,0.7898365,0.6608988046646118,0.45180240273475647,True
qb_009072,security_and_defense,qb_009072__security_and_defense,0.8020855,0.8041432499885559,0.42102059721946716,True
qb_009072,external_regulation,qb_009072__external_regulation,0.82061327,0.7434700131416321,0.4689496159553528,True
qb_009072,policy_prescription,qb_009072__policy_prescription,0.7553644,0.7065957188606262,0.4582623839378357,True
qb_009072,capacity_and_resources,qb_009072__capacity_and_resources,0.8757237,0.7911921739578247,0.4240788519382477,True
qb_009072,political,qb_009072__political,0.71314,0.6383793354034424,0.4952189028263092,True
qb_009072,economic,qb_009072__economic,0.838223,0.7558357119560242,0.47865524888038635,True
qb_009072,health_and_safety,qb_009072__health_and_safety,0.7175454,0.6183617115020752,0.4718155264854431,True
qb_009072,morality,qb_009072__morality,0.78231514,0.6544072031974792,0.5027530193328857,True
qb_007449,political,qb_007449__political,0.79521775,0.6139678955078125,0.4851769804954529,True
qb_007449,legality_constitutionality,qb_007449__legality_constitutionality,0.7213484,0.6464488506317139,0.4515395164489746,True
qb_007449,fairness_and_equality,qb_007449__fairness_and_equality,0.81202126,0.6524722576141357,0.4647335410118103,True
qb_007610,political,qb_007610__political,0.725404,0.7002321481704712,0.41246309876441956,True
qb_007610,public_sentiment,qb_007610__public_sentiment,0.83828413,0.758025586605072,0.43024635314941406,True
qb_007610,cultural_identity,qb_007610__cultural_identity,0.8456638,0.768196702003479,0.46087828278541565,True
qb_004739,external_regulation,qb_004739__external_regulation,0.82111615,0.658350944519043,0.41518068313598633,True
qb_004739,political,qb_004739__political,0.8639779,0.6715730428695679,0.45710650086402893,True
qb_004739,security_and_defense,qb_004739__security_and_defense,0.7740469,0.7625786662101746,0.42765650153160095,True
qb_021052,policy_prescription,qb_021052__policy_prescription,0.7638459,0.7645332217216492,0.4487382471561432,True
qb_021052,economic,qb_021052__economic,0.8225324,0.7265118956565857,0.4721584916114807,True
qb_021052,legality_constitutionality,qb_021052__legality_constitutionality,0.8333051,0.7378630638122559,0.5081858038902283,True
qb_021052,fairness_and_equality,qb_021052__fairness_and_equality,0.90698284,0.6992906332015991,0.4220067858695984,True
qb_021052,political,qb_021052__political,0.79936445,0.7025418281555176,0.43693986535072327,True
qb_021052,morality,qb_021052__morality,0.8089487,0.7508336305618286,0.48537054657936096,True
qb_008435,morality,qb_008435__morality,0.95825446,,0.47138261795043945,False
qb_021438,crime_and_punishment,qb_021438__crime_and_punishment,0.77491736,0.7272784113883972,0.46768537163734436,True
qb_021438,security_and_defense,qb_021438__security_and_defense,0.7330506,0.7327553033828735,0.49688419699668884,True
qb_021438,public_sentiment,qb_021438__public_sentiment,0.88204575,0.7407785654067993,0.4628086984157562,True
qb_011923,security_and_defense,qb_011923__security_and_defense,0.81766915,0.7478947043418884,0.46414604783058167,True
qb_011923,capacity_and_resources,qb_011923__capacity_and_resources,0.8469329,0.801381528377533,0.44062501192092896,True
qb_011923,economic,qb_011923__economic,0.74077535,0.6849386692047119,0.41796183586120605,True
qb_011923,external_regulation,qb_011923__external_regulation,0.8534565,0.7309934496879578,0.46412190794944763,True
qb_021068,legality_constitutionality,qb_021068__legality_constitutionality,0.8694565,0.719514787197113,0.47673624753952026,True
qb_021068,political,qb_021068__political,0.7640175,0.6415804028511047,0.4514006972312927,True
qb_021068,economic,qb_021068__economic,0.79738945,0.5438450574874878,0.4481869637966156,True
qb_015430,political,qb_015430__political,0.7592684,0.7132192850112915,0.4840325713157654,True
qb_015430,public_sentiment,qb_015430__public_sentiment,0.78853416,0.6935875415802002,0.48003166913986206,True
qb_015430,morality,qb_015430__morality,0.8428035,0.6723429560661316,0.4622000753879547,True
qb_015839,health_and_safety,qb_015839__health_and_safety,0.74220777,0.8034919500350952,0.4439682960510254,True
qb_015839,policy_prescription,qb_015839__policy_prescription,0.78792423,0.7794978618621826,0.4223725199699402,True
qb_013115,policy_prescription,qb_013115__policy_prescription,0.7700521,0.8058921694755554,0.47025400400161743,True
qb_013115,external_regulation,qb_013115__external_regulation,0.8045629,0.7554446458816528,0.4819740653038025,True
qb_013115,economic,qb_013115__economic,0.77061343,0.7568644285202026,0.42891258001327515,True
qb_013115,crime_and_punishment,qb_013115__crime_and_punishment,0.7877525,0.7554988861083984,0.4365432858467102,True
qb_013115,quality_of_life,qb_013115__quality_of_life,0.8091003,0.7149630784988403,0.4344111979007721,True
qb_013115,political,qb_013115__political,0.85249996,0.7282325029373169,0.44435057044029236,True
qb_011551,policy_prescription,qb_011551__policy_prescription,0.7445133,0.7406466007232666,0.43557843565940857,True
qb_011551,health_and_safety,qb_011551__health_and_safety,0.7850486,0.7389716506004333,0.41176262497901917,True
qb_011551,capacity_and_resources,qb_011551__capacity_and_resources,0.7301685,0.7262210845947266,0.3822172284126282,True
qb_011551,quality_of_life,qb_011551__quality_of_life,0.7566948,0.7187669277191162,0.44305935502052307,True
qb_003183,economic,qb_003183__economic,0.8310571,0.6792171597480774,0.4981651306152344,True
qb_003183,policy_prescription,qb_003183__policy_prescription,0.80638266,0.7665988802909851,0.4339866042137146,True
qb_003183,political,qb_003183__political,0.8404903,0.7179139256477356,0.495474249124527,True
qb_003183,legality_constitutionality,qb_003183__legality_constitutionality,0.82058334,0.6985337138175964,0.41261768341064453,True
qb_015022,political,qb_015022__political,0.7460753,0.5913746356964111,0.463198721408844,True
qb_015022,economic,qb_015022__economic,0.80472475,0.6282390356063843,0.38893142342567444,True
qb_015022,capacity_and_resources,qb_015022__capacity_and_resources,0.85976034,0.6766486763954163,0.4295973777770996,True
qb_015022,security_and_defense,qb_015022__security_and_defense,0.75970966,0.6818808317184448,0.49010124802589417,True
qb_015022,fairness_and_equality,qb_015022__fairness_and_equality,0.85440356,0.6886236071586609,0.5112819671630859,True
qb_002200,political,qb_002200__political,0.8154953,0.6401602029800415,0.4348159730434418,True
qb_002200,public_sentiment,qb_002200__public_sentiment,0.80321395,0.6391491293907166,0.5297149419784546,True
qb_002200,health_and_safety,qb_002200__health_and_safety,0.78884435,0.5879826545715332,0.4942208230495453,True
qb_006816,political,qb_006816__political,0.815344,0.7252647876739502,0.5133549571037292,True
qb_006816,morality,qb_006816__morality,0.8609576,0.7438328266143799,0.49074453115463257,True
qb_006816,policy_prescription,qb_006816__policy_prescription,0.81040806,0.743649423122406,0.495023638010025,True
qb_009026,political,qb_009026__political,0.7788712,0.6385785937309265,0.49261465668678284,True
qb_009026,security_and_defense,qb_009026__security_and_defense,0.7813418,0.7480854392051697,0.5173207521438599,True
qb_009026,legality_constitutionality,qb_009026__legality_constitutionality,0.8495523,0.7870634198188782,0.44670286774635315,True
qb_009026,external_regulation,qb_009026__external_regulation,0.732293,0.7399954795837402,0.5155795216560364,True
qb_018950,policy_prescription,qb_018950__policy_prescription,0.86440027,0.7556960582733154,0.5175105333328247,True
qb_018950,health_and_safety,qb_018950__health_and_safety,0.84635305,0.7740784883499146,0.45308202505111694,True
qb_018950,political,qb_018950__political,0.85575986,0.7542651891708374,0.4677577614784241,True
qb_016305,security_and_defense,qb_016305__security_and_defense,0.78462565,0.6748394966125488,0.4024958610534668,True
qb_016305,external_regulation,qb_016305__external_regulation,0.8293067,0.7022954225540161,0.43160074949264526,True
qb_016305,policy_prescription,qb_016305__policy_prescription,0.84432006,0.7044572234153748,0.4336670935153961,True
qb_016305,political,qb_016305__political,0.6962495,0.6435781121253967,0.4883461892604828,True
qb_016305,economic,qb_016305__economic,0.79654765,0.6922670602798462,0.4855298101902008,True
qb_016305,capacity_and_resources,qb_016305__capacity_and_resources,0.80037594,0.6663171052932739,0.45924386382102966,True
qb_017936,political,qb_017936__political,0.78836703,0.7497628927230835,0.4677336812019348,True
qb_017936,public_sentiment,qb_017936__public_sentiment,0.8298531,0.7708519101142883,0.4549269676208496,True
qb_017936,morality,qb_017936__morality,0.84811777,0.6231550574302673,0.48745760321617126,True
qb_001918,security_and_defense,qb_001918__security_and_defense,0.8199589,0.7333014607429504,0.44231978058815,True
qb_001918,external_regulation,qb_001918__external_regulation,0.75638133,0.6676360368728638,0.46883726119995117,True
qb_001918,policy_prescription,qb_001918__policy_prescription,0.8238686,0.7461727857589722,0.46156540513038635,True
qb_001918,political,qb_001918__political,0.7755171,0.6847602725028992,0.47346287965774536,True
qb_001918,public_sentiment,qb_001918__public_sentiment,0.82941025,0.624362587928772,0.5161319971084595,True
qb_004525,political,qb_004525__political,0.809421,0.6802859306335449,0.5303792953491211,True
qb_004525,legality_constitutionality,qb_004525__legality_constitutionality,0.7744261,0.746375560760498,0.4409164786338806,True
qb_020523,fairness_and_equality,qb_020523__fairness_and_equality,0.7978437,0.8083326816558838,0.4264737069606781,True
qb_020523,public_sentiment,qb_020523__public_sentiment,0.88152754,0.7572020292282104,0.4123550355434418,True
qb_020523,morality,qb_020523__morality,0.8728895,0.7018579244613647,0.4534498155117035,True
qb_014572,security_and_defense,qb_014572__security_and_defense,0.8506539,0.725204586982727,0.417184442281723,True
qb_014572,external_regulation,qb_014572__external_regulation,0.7880645,0.7193393111228943,0.4501168131828308,True
qb_014572,capacity_and_resources,qb_014572__capacity_and_resources,0.87280095,0.7385426759719849,0.4468863010406494,True
qb_014572,policy_prescription,qb_014572__policy_prescription,0.8254621,0.7099084854125977,0.46175509691238403,True
qb_014572,political,qb_014572__political,0.8349288,0.562828004360199,0.44332876801490784,True
qb_012020,political,qb_012020__political,0.76624316,0.7018789052963257,0.4690823554992676,True
qb_012020,public_sentiment,qb_012020__public_sentiment,0.83529043,0.7473141551017761,0.5043095946311951,True
qb_001041,political,qb_001041__political,0.82476395,0.8213183879852295,0.4620647430419922,True
qb_001041,cultural_identity,qb_001041__cultural_identity,0.8733058,0.7340784668922424,0.4817255437374115,True
qb_001041,morality,qb_001041__morality,0.8865115,0.6994857788085938,0.465897798538208,True
qb_015486,economic,qb_015486__economic,0.82015675,0.7819187641143799,0.449613094329834,True
qb_015486,political,qb_015486__political,0.7923029,0.7624090313911438,0.5094079971313477,True
qb_015486,legality_constitutionality,qb_015486__legality_constitutionality,0.7663177,0.6982319951057434,0.4603256583213806,True
qb_015486,morality,qb_015486__morality,0.9042051,0.7626021504402161,0.4920651912689209,True
qb_013462,legality_constitutionality,qb_013462__legality_constitutionality,0.7584761,0.6446657180786133,0.49279671907424927,True
qb_013462,policy_prescription,qb_013462__policy_prescription,0.76123893,0.6825942993164062,0.44952392578125,True
qb_013462,political,qb_013462__political,0.69450897,0.6224006414413452,0.4717409610748291,True
qb_013462,fairness_and_equality,qb_013462__fairness_and_equality,0.7646504,0.6457300186157227,0.510231614112854,True
qb_005333,security_and_defense,qb_005333__security_and_defense,0.66256154,0.7709131240844727,0.49633845686912537,True
qb_005333,morality,qb_005333__morality,0.85330755,0.6466946601867676,0.4288943409919739,True
qb_005333,capacity_and_resources,qb_005333__capacity_and_resources,0.86342597,0.7870982885360718,0.4220852255821228,True
qb_000544,legality_constitutionality,qb_000544__legality_constitutionality,0.7759974,0.6564295291900635,0.469681978225708,True
qb_000544,crime_and_punishment,qb_000544__crime_and_punishment,0.83990514,0.6715893745422363,0.4134414792060852,True
qb_000544,economic,qb_000544__economic,0.8824042,0.45441770553588867,0.44897550344467163,True
qb_000544,security_and_defense,qb_000544__security_and_defense,0.7868141,0.7786415219306946,0.4849621653556824,True
qb_000544,external_regulation,qb_000544__external_regulation,0.83764863,0.6101980805397034,0.5299037098884583,True
qb_011049,political,qb_011049__political,0.82052547,0.7644892930984497,0.4963873326778412,True
qb_011049,policy_prescription,qb_011049__policy_prescription,0.70145583,0.7878292202949524,0.5093038082122803,True
qb_011049,capacity_and_resources,qb_011049__capacity_and_resources,0.87476957,0.732741117477417,0.5034454464912415,True
qb_011049,economic,qb_011049__economic,0.84090334,0.7230777144432068,0.5048902630805969,True
qb_011049,legality_constitutionality,qb_011049__legality_constitutionality,0.7393794,0.7087775468826294,0.4856814742088318,True
qb_008741,policy_prescription,qb_008741__policy_prescription,0.80057627,0.6715900301933289,0.44445890188217163,True
qb_008741,legality_constitutionality,qb_008741__legality_constitutionality,0.8062987,0.7143543362617493,0.5239309668540955,True
qb_008741,political,qb_008741__political,0.75832784,0.6028856039047241,0.4880393147468567,True
qb_008741,capacity_and_resources,qb_008741__capacity_and_resources,0.7885984,0.6755630373954773,0.4396205544471741,True
qb_008741,crime_and_punishment,qb_008741__crime_and_punishment,0.84521896,0.6781206130981445,0.4887222349643707,True
qb_011794,morality,qb_011794__morality,0.87819606,0.712635338306427,0.4735806882381439,True
qb_011794,cultural_identity,qb_011794__cultural_identity,0.8504557,0.7392368912696838,0.40675896406173706,True
qb_011794,political,qb_011794__political,0.86638165,0.7639179825782776,0.4550657272338867,True
qb_011794,public_sentiment,qb_011794__public_sentiment,0.82740855,0.7763206958770752,0.4107908308506012,True
qb_011261,health_and_safety,qb_011261__health_and_safety,0.7735188,0.7624679207801819,0.44509029388427734,True
qb_011261,capacity_and_resources,qb_011261__capacity_and_resources,0.7852106,0.6688975691795349,0.44558805227279663,True
qb_011261,policy_prescription,qb_011261__policy_prescription,0.84447396,0.775766134262085,0.4763760566711426,True
qb_011261,public_sentiment,qb_011261__public_sentiment,0.8802699,0.6444283723831177,0.4503982663154602,True
qb_016597,security_and_defense,qb_016597__security_and_defense,0.77319765,0.7997006773948669,0.46442288160324097,True
qb_016597,crime_and_punishment,qb_016597__crime_and_punishment,0.830924,0.8487322926521301,0.4404295086860657,True
qb_016597,cultural_identity,qb_016597__cultural_identity,0.87550044,0.7859384417533875,0.4483354985713959,True
qb_016597,capacity_and_resources,qb_016597__capacity_and_resources,0.83835065,0.7490348219871521,0.4766453802585602,True
qb_007480,political,qb_007480__political,0.8243518,0.7309108376502991,0.43154701590538025,True
qb_007480,public_sentiment,qb_007480__public_sentiment,0.8794409,0.7119983434677124,0.4535265862941742,True
qb_007480,cultural_identity,qb_007480__cultural_identity,0.8101645,0.7028323411941528,0.4266177713871002,True
qb_004512,security_and_defense,qb_004512__security_and_defense,0.71503276,0.7714188098907471,0.45804792642593384,True
qb_004512,external_regulation,qb_004512__external_regulation,0.80286896,0.756325900554657,0.4248746931552887,True
qb_002855,crime_and_punishment,qb_002855__crime_and_punishment,0.7646556,0.6497886776924133,0.4409883916378021,True
qb_002855,legality_constitutionality,qb_002855__legality_constitutionality,0.83769006,0.6223055124282837,0.4458305835723877,True
qb_002855,political,qb_002855__political,0.7738491,0.6881324648857117,0.4640278220176697,True
qb_002855,public_sentiment,qb_002855__public_sentiment,0.9200757,0.6196972131729126,0.48119163513183594,True
qb_012125,political,qb_012125__political,0.881626,0.8390918374061584,0.431816965341568,True
qb_012125,cultural_identity,qb_012125__cultural_identity,0.8902103,0.8296802043914795,0.40404701232910156,True
qb_012125,public_sentiment,qb_012125__public_sentiment,0.9110646,0.7863383293151855,0.42287182807922363,True
qb_013673,political,qb_013673__political,0.77829087,0.5796771049499512,0.41461724042892456,True
qb_013673,legality_constitutionality,qb_013673__legality_constitutionality,0.79612017,0.5820214748382568,0.432155042886734,True
qb_013673,cultural_identity,qb_013673__cultural_identity,0.79686487,0.5860303640365601,0.3673010468482971,True
qb_003040,security_and_defense,qb_003040__security_and_defense,0.75175786,0.6857420802116394,0.5123372077941895,True
qb_003040,capacity_and_resources,qb_003040__capacity_and_resources,0.779261,0.6395013332366943,0.438105970621109,True
qb_003040,public_sentiment,qb_003040__public_sentiment,0.7844913,0.6555614471435547,0.5001534819602966,True
qb_003040,political,qb_003040__political,0.75353575,0.6727105975151062,0.48199567198753357,True
qb_013212,legality_constitutionality,qb_013212__legality_constitutionality,0.8413539,0.7945951819419861,0.48628419637680054,True
qb_013212,policy_prescription,qb_013212__policy_prescription,0.89189976,0.8168658018112183,0.4783939719200134,True
qb_013212,fairness_and_equality,qb_013212__fairness_and_equality,0.9175134,0.7863091230392456,0.48173755407333374,True
qb_013212,capacity_and_resources,qb_013212__capacity_and_resources,0.8192089,0.6544994711875916,0.4451037347316742,True
qb_013212,political,qb_013212__political,0.8348774,0.7084158658981323,0.498843252658844,True
qb_013212,cultural_identity,qb_013212__cultural_identity,0.8461185,0.7628396153450012,0.4905589520931244,True
qb_009229,political,qb_009229__political,0.8378924,0.6142938137054443,0.480724960565567,True
qb_009229,external_regulation,qb_009229__external_regulation,0.8473542,0.6885778307914734,0.4833511710166931,True
qb_009229,legality_constitutionality,qb_009229__legality_constitutionality,0.8578142,0.673328697681427,0.42261481285095215,True
qb_009229,policy_prescription,qb_009229__policy_prescription,0.7992884,0.7209171652793884,0.43438977003097534,True
qb_008819,political,qb_008819__political,0.71931237,,0.46708592772483826,False
qb_000107,fairness_and_equality,qb_000107__fairness_and_equality,0.89961183,0.7908410429954529,0.3942531943321228,True
qb_000107,legality_constitutionality,qb_000107__legality_constitutionality,0.80259407,0.7233019471168518,0.4703092575073242,True
qb_000107,policy_prescription,qb_000107__policy_prescription,0.8286835,0.7632200121879578,0.4600446820259094,True
qb_000107,economic,qb_000107__economic,0.8422114,0.7757592797279358,0.42779770493507385,True
qb_000107,capacity_and_resources,qb_000107__capacity_and_resources,0.745159,0.7827708721160889,0.40250182151794434,True
qb_000107,morality,qb_000107__morality,0.85744536,0.7677565217018127,0.4285178780555725,True
qb_000072,political,qb_000072__political,0.8578497,0.7797170877456665,0.45959359407424927,True
qb_000072,external_regulation,qb_000072__external_regulation,0.8368969,0.7865084409713745,0.4739570617675781,True
qb_000072,public_sentiment,qb_000072__public_sentiment,0.84238327,0.7278857231140137,0.43771010637283325,True
qb_011969,security_and_defense,qb_011969__security_and_defense,0.79588294,0.7467325925827026,0.47076719999313354,True
qb_011969,external_regulation,qb_011969__external_regulation,0.8350152,0.73377525806427,0.4481510519981384,True
qb_011969,political,qb_011969__political,0.7759023,0.6973432302474976,0.44443073868751526,True
qb_011969,health_and_safety,qb_011969__health_and_safety,0.81044203,0.747978150844574,0.4894484579563141,True
qb_011969,legality_constitutionality,qb_011969__legality_constitutionality,0.8181534,0.7742838859558105,0.5056540369987488,True
qb_011969,public_sentiment,qb_011969__public_sentiment,0.79520273,0.7010496854782104,0.4268616735935211,True
qb_011969,capacity_and_resources,qb_011969__capacity_and_resources,0.8255964,0.7110258936882019,0.44727984070777893,True
qb_012838,security_and_defense,qb_012838__security_and_defense,0.6762126,0.7097709774971008,0.4229399263858795,True
qb_012838,crime_and_punishment,qb_012838__crime_and_punishment,0.75293946,0.7293798327445984,0.4622545838356018,True
qb_012838,health_and_safety,qb_012838__health_and_safety,0.7196481,0.5846720933914185,0.37824684381484985,True
qb_012838,cultural_identity,qb_012838__cultural_identity,0.77117383,0.7279924750328064,0.46128639578819275,True
qb_012838,quality_of_life,qb_012838__quality_of_life,0.79541385,0.7472374439239502,0.40720319747924805,True
qb_003012,crime_and_punishment,qb_003012__crime_and_punishment,0.76157045,0.6385877132415771,0.46677741408348083,True
qb_003012,security_and_defense,qb_003012__security_and_defense,0.7537441,0.7310037612915039,0.4866026043891907,True
qb_003012,cultural_identity,qb_003012__cultural_identity,0.7390915,0.5331552028656006,0.4048074781894684,True
qb_005475,fairness_and_equality,qb_005475__fairness_and_equality,0.8343207,0.7700402140617371,0.4847852289676666,True
qb_005475,political,qb_005475__political,0.8184404,0.7345972061157227,0.47689828276634216,True
qb_005475,morality,qb_005475__morality,0.7992469,0.6947399377822876,0.4670030176639557,True
qb_005475,public_sentiment,qb_005475__public_sentiment,0.86979306,0.753250002861023,0.46158504486083984,True
qb_005475,economic,qb_005475__economic,0.8197649,0.7075144648551941,0.4502948820590973,True
qb_005475,health_and_safety,qb_005475__health_and_safety,0.77418554,0.7329676747322083,0.4330345094203949,True
qb_013337,political,qb_013337__political,0.76299274,0.5829203724861145,0.4540112614631653,True
qb_013337,morality,qb_013337__morality,0.7899704,0.6406522989273071,0.5062806606292725,True
qb_013337,cultural_identity,qb_013337__cultural_identity,0.8326179,0.6693848371505737,0.4742867946624756,True
qb_013337,health_and_safety,qb_013337__health_and_safety,0.85097516,0.4387566149234772,0.4723512530326843,True
qb_013337,public_sentiment,qb_013337__public_sentiment,0.8590897,0.5993455648422241,0.43032774329185486,True
qb_013337,fairness_and_equality,qb_013337__fairness_and_equality,0.836356,0.6239863038063049,0.4518429636955261,True
qb_002748,fairness_and_equality,qb_002748__fairness_and_equality,0.74061835,0.6835835576057434,0.4171777367591858,True
qb_002748,cultural_identity,qb_002748__cultural_identity,0.83636093,0.7413201332092285,0.39794594049453735,True
qb_002748,public_sentiment,qb_002748__public_sentiment,0.8145578,0.7252208590507507,0.4409748613834381,True
qb_002748,morality,qb_002748__morality,0.8663931,0.7499428391456604,0.4094848036766052,True
qb_014098,political,qb_014098__political,0.7974844,0.6093190312385559,0.5007913708686829,True
qb_014098,fairness_and_equality,qb_014098__fairness_and_equality,0.8076584,0.6492797136306763,0.4883345663547516,True
qb_014098,legality_constitutionality,qb_014098__legality_constitutionality,0.8320755,0.750700056552887,0.47958773374557495,True
qb_015897,public_sentiment,qb_015897__public_sentiment,0.8966073,0.7408585548400879,0.4675191342830658,True
qb_015897,legality_constitutionality,qb_015897__legality_constitutionality,0.82053274,0.7323346734046936,0.4169766902923584,True
qb_015897,crime_and_punishment,qb_015897__crime_and_punishment,0.8655971,0.8242190480232239,0.45962563157081604,True
qb_015897,security_and_defense,qb_015897__security_and_defense,0.88296247,0.7932486534118652,0.45062604546546936,True
qb_015897,political,qb_015897__political,0.8558636,0.7528623342514038,0.45351919531822205,True
qb_005068,political,qb_005068__political,0.73065114,0.6416313052177429,0.5238093733787537,True
qb_005068,capacity_and_resources,qb_005068__capacity_and_resources,0.7540047,0.6066057682037354,0.4930347502231598,True
qb_005068,public_sentiment,qb_005068__public_sentiment,0.746094,0.6117070913314819,0.4427401125431061,True
qb_010542,external_regulation,qb_010542__external_regulation,0.7874328,0.8087160587310791,0.472575843334198,True
qb_010542,political,qb_010542__political,0.91319555,0.8796762228012085,0.439404159784317,True
qb_009155,crime_and_punishment,qb_009155__crime_and_punishment,0.8473947,0.7491531372070312,0.48764172196388245,True
qb_009155,legality_constitutionality,qb_009155__legality_constitutionality,0.80865234,0.745201587677002,0.44845184683799744,True
qb_021738,security_and_defense,qb_021738__security_and_defense,0.70732135,0.6955862641334534,0.44271430373191833,True
qb_021738,external_regulation,qb_021738__external_regulation,0.8367135,0.7015805244445801,0.4052969813346863,True
qb_021738,political,qb_021738__political,0.7530681,0.6397122144699097,0.4221641421318054,True
qb_013376,political,qb_013376__political,0.8393555,,0.454617440700531,False
qb_000343,political,qb_000343__political,0.8598474,0.7001098394393921,0.515487015247345,True
qb_000343,morality,qb_000343__morality,0.8585335,0.680718183517456,0.5096511840820312,True
qb_000343,public_sentiment,qb_000343__public_sentiment,0.8325494,0.7765344381332397,0.497992604970932,True
qb_017378,policy_prescription,qb_017378__policy_prescription,0.82764953,0.7305541038513184,0.42408591508865356,True
qb_017378,economic,qb_017378__economic,0.7978939,0.6848955154418945,0.3870619237422943,True
qb_017378,political,qb_017378__political,0.7552634,0.6783046722412109,0.4845826029777527,True
qb_007782,external_regulation,qb_007782__external_regulation,0.828064,0.7380706667900085,0.4263269901275635,True
qb_007782,security_and_defense,qb_007782__security_and_defense,0.82555294,0.7926502823829651,0.46955156326293945,True
qb_007782,political,qb_007782__political,0.8149564,0.6545877456665039,0.4545552134513855,True
qb_007782,policy_prescription,qb_007782__policy_prescription,0.8691591,0.7438655495643616,0.4557982385158539,True
qb_014356,political,qb_014356__political,0.8304966,0.6753230094909668,0.45255884528160095,True
qb_014356,policy_prescription,qb_014356__policy_prescription,0.7197598,0.6956617832183838,0.43732595443725586,True
qb_014356,legality_constitutionality,qb_014356__legality_constitutionality,0.7883312,0.7059540748596191,0.45635443925857544,True
qb_014356,morality,qb_014356__morality,0.81541306,0.7591916918754578,0.4751462936401367,True
qb_017576,political,qb_017576__political,0.75300574,0.7545868158340454,0.4263409972190857,True
qb_017576,economic,qb_017576__economic,0.87804663,0.8209466934204102,0.4795568585395813,True
qb_017576,capacity_and_resources,qb_017576__capacity_and_resources,0.77008235,0.7693222761154175,0.4368947446346283,True
qb_000053,economic,qb_000053__economic,0.81636095,0.7243629693984985,0.42991575598716736,True
qb_000053,policy_prescription,qb_000053__policy_prescription,0.793312,0.7495390176773071,0.42581695318222046,True
qb_011392,crime_and_punishment,qb_011392__crime_and_punishment,0.80327106,0.6184923052787781,0.4421164095401764,True
qb_011392,legality_constitutionality,qb_011392__legality_constitutionality,0.8282049,0.6640525460243225,0.49145299196243286,True
qb_011392,political,qb_011392__political,0.84300566,0.5584090352058411,0.43140625953674316,True
qb_011392,morality,qb_011392__morality,0.77786374,0.6169244647026062,0.46159619092941284,True
qb_003955,policy_prescription,qb_003955__policy_prescription,0.8157774,0.7065905928611755,0.45999279618263245,True
qb_003955,economic,qb_003955__economic,0.8748015,0.7453211545944214,0.47193360328674316,True
qb_003955,capacity_and_resources,qb_003955__capacity_and_resources,0.7450524,0.6752336621284485,0.4716795086860657,True
qb_003955,external_regulation,qb_003955__external_regulation,0.7971902,0.6799761652946472,0.44423213601112366,True
qb_003955,political,qb_003955__political,0.851432,0.7165558934211731,0.4626946449279785,True
qb_003955,quality_of_life,qb_003955__quality_of_life,0.83054185,0.7073594331741333,0.4253184199333191,True
qb_000416,security_and_defense,qb_000416__security_and_defense,0.84683645,0.7118154168128967,0.4162351191043854,True
qb_000416,external_regulation,qb_000416__external_regulation,0.77818096,0.6959198713302612,0.4853336811065674,True
qb_000416,political,qb_000416__political,0.58713806,0.7293239831924438,0.496847003698349,True
qb_000416,public_sentiment,qb_000416__public_sentiment,0.9031547,0.7049802541732788,0.5158887505531311,True
qb_000416,policy_prescription,qb_000416__policy_prescription,0.8602176,0.6938855648040771,0.4000076651573181,True
qb_000416,capacity_and_resources,qb_000416__capacity_and_resources,0.8063319,0.6902856826782227,0.4584493041038513,True
qb_001238,political,qb_001238__political,0.85331005,0.8054518103599548,0.4569884240627289,True
qb_001238,legality_constitutionality,qb_001238__legality_constitutionality,0.85572696,0.662399172782898,0.47336941957473755,True
qb_001238,public_sentiment,qb_001238__public_sentiment,0.7954848,0.7777359485626221,0.4944083094596863,True
qb_003525,economic,qb_003525__economic,0.8312211,0.6720318794250488,0.46698933839797974,True
qb_003525,external_regulation,qb_003525__external_regulation,0.8582333,0.7595531344413757,0.43879738450050354,True
qb_003525,policy_prescription,qb_003525__policy_prescription,0.83077693,0.8026986122131348,0.4841076731681824,True
qb_003525,political,qb_003525__political,0.8351126,0.7557629942893982,0.5487163662910461,True
qb_018916,political,qb_018916__political,0.8752171,0.5733441114425659,0.4911807179450989,True
qb_018916,legality_constitutionality,qb_018916__legality_constitutionality,0.7459074,0.6738651990890503,0.4868074953556061,True
qb_018916,policy_prescription,qb_018916__policy_prescription,0.8446748,0.6706010699272156,0.4532098174095154,True
qb_000742,external_regulation,qb_000742__external_regulation,0.78395176,0.8109839558601379,0.5190388560295105,True
qb_000742,public_sentiment,qb_000742__public_sentiment,0.8126923,0.6004917025566101,0.4828483462333679,True
qb_000742,political,qb_000742__political,0.8884331,0.7213451266288757,0.5283061265945435,True
qb_000742,capacity_and_resources,qb_000742__capacity_and_resources,0.7014992,0.644375205039978,0.49984225630760193,True
qb_014434,economic,qb_014434__economic,0.7950486,0.6801206469535828,0.4338168501853943,True
qb_014434,health_and_safety,qb_014434__health_and_safety,0.6614751,0.59547358751297,0.4018532633781433,True
qb_014434,policy_prescription,qb_014434__policy_prescription,0.60598487,0.5879920125007629,0.4680076539516449,True
qb_014434,quality_of_life,qb_014434__quality_of_life,0.76682204,0.6648442149162292,0.5227633714675903,True
qb_014970,political,qb_014970__political,0.83610165,0.780889630317688,0.4376758933067322,True
qb_014970,policy_prescription,qb_014970__policy_prescription,0.8741913,0.8061319589614868,0.4351470470428467,True
qb_014970,economic,qb_014970__economic,0.8579051,0.7920423150062561,0.4850730895996094,True
qb_014970,security_and_defense,qb_014970__security_and_defense,0.88075924,0.8187618255615234,0.46031635999679565,True
qb_014970,public_sentiment,qb_014970__public_sentiment,0.8547138,0.7684407830238342,0.4678134322166443,True
qb_016146,health_and_safety,qb_016146__health_and_safety,0.89452124,0.8367212414741516,0.5375970005989075,True
qb_016146,policy_prescription,qb_016146__policy_prescription,0.8508644,0.8272499442100525,0.4880954623222351,True
qb_016146,political,qb_016146__political,0.8714092,0.7565149068832397,0.49435967206954956,True
qb_000282,economic,qb_000282__economic,0.7996024,0.7037329077720642,0.43858280777931213,True
qb_000282,political,qb_000282__political,0.852964,0.6758873462677002,0.444584459066391,True
qb_000282,public_sentiment,qb_000282__public_sentiment,0.82407343,0.7259734869003296,0.4739281237125397,True
qb_003722,legality_constitutionality,qb_003722__legality_constitutionality,0.8316269,0.7228546142578125,0.44805780053138733,True
qb_003722,political,qb_003722__political,0.7367744,0.6753857135772705,0.4700286388397217,True
qb_003722,public_sentiment,qb_003722__public_sentiment,0.78705966,0.6779270172119141,0.45176273584365845,True
qb_020553,legality_constitutionality,qb_020553__legality_constitutionality,0.8140509,0.6398021578788757,0.4661428928375244,True
qb_020553,public_sentiment,qb_020553__public_sentiment,0.7275058,0.6487370729446411,0.47236186265945435,True
qb_020553,policy_prescription,qb_020553__policy_prescription,0.76314884,0.6982052326202393,0.45963606238365173,True
qb_020553,political,qb_020553__political,0.7852701,0.6588027477264404,0.4575144350528717,True
qb_020553,security_and_defense,qb_020553__security_and_defense,0.74183786,0.6733987331390381,0.4516289234161377,True
qb_020499,legality_constitutionality,qb_020499__legality_constitutionality,0.9026254,0.8272746205329895,0.4393046498298645,True
qb_020499,health_and_safety,qb_020499__health_and_safety,0.82839155,0.7129374146461487,0.48593783378601074,True
qb_020499,public_sentiment,qb_020499__public_sentiment,0.8263245,0.6862675547599792,0.47497057914733887,True
qb_020499,capacity_and_resources,qb_020499__capacity_and_resources,0.7544284,0.7004429697990417,0.4148683547973633,True
qb_020108,morality,qb_020108__morality,0.8417582,0.6987622976303101,0.4305447041988373,True
qb_020108,crime_and_punishment,qb_020108__crime_and_punishment,0.795601,0.7467042207717896,0.43828263878822327,True
qb_006450,economic,qb_006450__economic,0.81516266,0.7731673717498779,0.43716225028038025,True
qb_006450,public_sentiment,qb_006450__public_sentiment,0.88546157,0.7500805258750916,0.44031423330307007,True
qb_006450,quality_of_life,qb_006450__quality_of_life,0.9281387,0.7432928085327148,0.45513567328453064,True
qb_010779,policy_prescription,qb_010779__policy_prescription,0.7972219,0.6713138222694397,0.47223085165023804,True
qb_010779,health_and_safety,qb_010779__health_and_safety,0.86627066,0.6028951406478882,0.46612340211868286,True
qb_010779,political,qb_010779__political,0.86263084,0.7116943001747131,0.4303474426269531,True
qb_010779,public_sentiment,qb_010779__public_sentiment,0.656085,0.7227041721343994,0.5307246446609497,True
qb_010779,morality,qb_010779__morality,0.8456064,0.7111759185791016,0.45889949798583984,True
qb_007860,political,qb_007860__political,0.83715904,0.7231436967849731,0.5018651485443115,True
qb_007860,crime_and_punishment,qb_007860__crime_and_punishment,0.8572132,0.6794214248657227,0.4649192690849304,True
qb_007860,security_and_defense,qb_007860__security_and_defense,0.79475284,0.6781755089759827,0.4639120101928711,True
qb_007860,legality_constitutionality,qb_007860__legality_constitutionality,0.71761155,0.6627188920974731,0.4883294105529785,True
qb_007860,morality,qb_007860__morality,0.8329581,0.6946394443511963,0.4429091513156891,True
qb_009513,security_and_defense,qb_009513__security_and_defense,0.8085456,0.7668036818504333,0.4315217435359955,True
qb_009513,external_regulation,qb_009513__external_regulation,0.68523765,0.6801369786262512,0.40500593185424805,True
qb_009513,political,qb_009513__political,0.8005265,0.6879984140396118,0.46188148856163025,True
qb_009513,capacity_and_resources,qb_009513__capacity_and_resources,0.83533,0.7966092824935913,0.42092353105545044,True
qb_009513,economic,qb_009513__economic,0.89394957,0.7618460655212402,0.43866419792175293,True
qb_014515,political,qb_014515__political,0.84802043,0.8198213577270508,0.46137315034866333,True
qb_014515,legality_constitutionality,qb_014515__legality_constitutionality,0.85664254,0.8018516302108765,0.4612300992012024,True
qb_019895,policy_prescription,qb_019895__policy_prescription,0.83198285,0.7521868944168091,0.4629836082458496,True
qb_019895,legality_constitutionality,qb_019895__legality_constitutionality,0.7931638,0.741428554058075,0.48927417397499084,True
qb_019895,political,qb_019895__political,0.8704808,0.7280697226524353,0.521281898021698,True
qb_019895,security_and_defense,qb_019895__security_and_defense,0.94455475,0.7809607982635498,0.49737244844436646,True
qb_019895,external_regulation,qb_019895__external_regulation,0.84558105,0.7622886300086975,0.49835920333862305,True
qb_019895,economic,qb_019895__economic,0.75013953,0.6494930982589722,0.4664803445339203,True
qb_007371,policy_prescription,qb_007371__policy_prescription,0.80289775,0.7293786406517029,0.509490966796875,True
qb_007371,legality_constitutionality,qb_007371__legality_constitutionality,0.79824424,0.7156578302383423,0.45807409286499023,True
qb_007371,security_and_defense,qb_007371__security_and_defense,0.8148774,0.6836185455322266,0.467134952545166,True
qb_007371,health_and_safety,qb_007371__health_and_safety,0.84645736,0.6954144239425659,0.4830687642097473,True
qb_007371,political,qb_007371__political,0.76582617,0.6617535948753357,0.49514085054397583,True
qb_004939,political,qb_004939__political,0.75515294,0.6241520047187805,0.4606831669807434,True
qb_004939,public_sentiment,qb_004939__public_sentiment,0.85417604,0.5057781934738159,0.44784194231033325,True
qb_004939,cultural_identity,qb_004939__cultural_identity,0.82458556,0.5523792505264282,0.4533320963382721,True
qb_020966,legality_constitutionality,qb_020966__legality_constitutionality,0.85831547,0.7392141222953796,0.44071120023727417,True
qb_020966,policy_prescription,qb_020966__policy_prescription,0.8219309,0.7717719078063965,0.4680148959159851,True
qb_020966,public_sentiment,qb_020966__public_sentiment,0.9196227,0.7767849564552307,0.4261549413204193,True
qb_020966,security_and_defense,qb_020966__security_and_defense,0.8936321,0.7719293236732483,0.47115635871887207,True
qb_014146,economic,qb_014146__economic,0.82155585,0.7500643134117126,0.4553520083427429,True
qb_014146,external_regulation,qb_014146__external_regulation,0.80070996,0.7242617607116699,0.4788042902946472,True
qb_014146,policy_prescription,qb_014146__policy_prescription,0.82492125,0.7374228835105896,0.4947986602783203,True
qb_014146,political,qb_014146__political,0.7761637,0.7165723443031311,0.47978782653808594,True
qb_014607,economic,qb_014607__economic,0.7726803,0.6028125286102295,0.4426185190677643,True
qb_014607,public_sentiment,qb_014607__public_sentiment,0.7989805,0.7233549356460571,0.414484441280365,True
qb_011436,economic,qb_011436__economic,0.8638537,0.7973715662956238,0.43369707465171814,True
qb_011436,policy_prescription,qb_011436__policy_prescription,0.77162856,0.7583628296852112,0.44723397493362427,True
qb_011436,fairness_and_equality,qb_011436__fairness_and_equality,0.8478453,0.8215957283973694,0.45881566405296326,True
qb_011436,capacity_and_resources,qb_011436__capacity_and_resources,0.7977941,0.7250228524208069,0.46509331464767456,True
qb_005652,crime_and_punishment,qb_005652__crime_and_punishment,0.88351536,0.7497712969779968,0.4677439332008362,True
qb_005652,public_sentiment,qb_005652__public_sentiment,0.87469405,0.6625906229019165,0.45848172903060913,True
qb_005652,security_and_defense,qb_005652__security_and_defense,0.8441407,0.7554593682289124,0.44254857301712036,True
qb_005652,health_and_safety,qb_005652__health_and_safety,0.81749225,0.7450067400932312,0.4244782328605652,True
qb_000759,political,qb_000759__political,0.77296716,0.6670891642570496,0.5075670480728149,True
qb_000759,crime_and_punishment,qb_000759__crime_and_punishment,0.8363176,0.6624864339828491,0.3940127193927765,True
qb_014439,political,qb_014439__political,0.75144875,0.6045743227005005,0.41801509261131287,True
qb_014439,public_sentiment,qb_014439__public_sentiment,0.8454937,0.6407486200332642,0.4335343837738037,True
qb_007161,political,qb_007161__political,0.74422854,0.6902576088905334,0.43015924096107483,True
qb_007161,external_regulation,qb_007161__external_regulation,0.83055687,0.7486615180969238,0.4679078161716461,True
qb_007161,policy_prescription,qb_007161__policy_prescription,0.8720924,0.7219460010528564,0.43117254972457886,True
qb_007161,public_sentiment,qb_007161__public_sentiment,0.81270623,0.6295070648193359,0.46573954820632935,True
qb_007161,legality_constitutionality,qb_007161__legality_constitutionality,0.8164513,0.6267667412757874,0.43757539987564087,True
qb_020403,political,qb_020403__political,0.83060503,0.7790641784667969,0.5208630561828613,True
qb_020403,fairness_and_equality,qb_020403__fairness_and_equality,0.838193,0.7816469669342041,0.4912864565849304,True
qb_020403,public_sentiment,qb_020403__public_sentiment,0.8519725,0.7596591114997864,0.48544034361839294,True
qb_020403,cultural_identity,qb_020403__cultural_identity,0.8876046,0.8020628094673157,0.4729534983634949,True
qb_021441,security_and_defense,qb_021441__security_and_defense,0.84911346,0.6954822540283203,0.40369462966918945,True
qb_021441,external_regulation,qb_021441__external_regulation,0.7041661,0.7094016075134277,0.44700518250465393,True
qb_021441,policy_prescription,qb_021441__policy_prescription,0.7287034,0.7005825042724609,0.46436554193496704,True
qb_021441,cultural_identity,qb_021441__cultural_identity,0.7623395,0.6409024596214294,0.4184776842594147,True
qb_000909,health_and_safety,qb_000909__health_and_safety,0.7432417,0.6903019547462463,0.4162311553955078,True
qb_000909,capacity_and_resources,qb_000909__capacity_and_resources,0.8644984,0.7654808163642883,0.4465941786766052,True
qb_000909,policy_prescription,qb_000909__policy_prescription,0.7587762,0.6433214545249939,0.4539511799812317,True
qb_000909,public_sentiment,qb_000909__public_sentiment,0.88263386,0.7807193398475647,0.449899822473526,True
qb_012147,security_and_defense,qb_012147__security_and_defense,0.89076734,0.7976133227348328,0.42347249388694763,True
qb_012147,political,qb_012147__political,0.76482415,0.7267528176307678,0.5107483863830566,True
qb_012147,external_regulation,qb_012147__external_regulation,0.84311354,0.8322792053222656,0.48391038179397583,True
qb_012147,policy_prescription,qb_012147__policy_prescription,0.86520565,0.7509738206863403,0.42595815658569336,True
qb_012147,capacity_and_resources,qb_012147__capacity_and_resources,0.87504566,0.8348740935325623,0.4326778054237366,True
qb_002761,political,qb_002761__political,0.77636504,0.6886301636695862,0.46824678778648376,True
qb_002761,legality_constitutionality,qb_002761__legality_constitutionality,0.8104795,0.6899331212043762,0.46412116289138794,True
qb_002761,crime_and_punishment,qb_002761__crime_and_punishment,0.80209064,0.7572785019874573,0.5032869577407837,True
qb_002761,security_and_defense,qb_002761__security_and_defense,0.75497013,0.7191365361213684,0.5176206827163696,True
qb_002761,public_sentiment,qb_002761__public_sentiment,0.83432424,0.6780182123184204,0.4782133102416992,True
qb_004144,legality_constitutionality,qb_004144__legality_constitutionality,0.7830982,0.6082273721694946,0.4774605333805084,True
qb_004144,political,qb_004144__political,0.8396062,0.6979525685310364,0.4599076211452484,True
qb_004144,morality,qb_004144__morality,0.78851116,0.7434966564178467,0.44149747490882874,True
qb_011629,legality_constitutionality,qb_011629__legality_constitutionality,0.7252899,0.6790997982025146,0.43885594606399536,True
qb_011629,crime_and_punishment,qb_011629__crime_and_punishment,0.76672435,0.7327136993408203,0.40090686082839966,True
qb_011629,health_and_safety,qb_011629__health_and_safety,0.70276403,0.6253892183303833,0.4895837903022766,True
qb_006677,crime_and_punishment,qb_006677__crime_and_punishment,0.837818,0.6152194142341614,0.42866262793540955,True
qb_006677,legality_constitutionality,qb_006677__legality_constitutionality,0.73052776,0.6348366141319275,0.44685977697372437,True
qb_006677,economic,qb_006677__economic,0.7031523,0.6674913763999939,0.45035767555236816,True
qb_006677,public_sentiment,qb_006677__public_sentiment,0.80987304,0.625034511089325,0.47371912002563477,True
qb_014206,legality_constitutionality,qb_014206__legality_constitutionality,0.761728,0.7655330896377563,0.45926064252853394,True
qb_014206,crime_and_punishment,qb_014206__crime_and_punishment,0.6563598,0.7637441158294678,0.4278070032596588,True
qb_014206,public_sentiment,qb_014206__public_sentiment,0.7546594,0.6686827540397644,0.41961193084716797,True
qb_014206,cultural_identity,qb_014206__cultural_identity,0.8080837,0.6399821043014526,0.45197683572769165,True
qb_014206,fairness_and_equality,qb_014206__fairness_and_equality,0.8245753,0.7039746642112732,0.41852283477783203,True
qb_014206,morality,qb_014206__morality,0.8204906,0.7091906666755676,0.41707104444503784,True
qb_020271,policy_prescription,qb_020271__policy_prescription,0.8144375,0.7345079183578491,0.474921852350235,True
qb_020271,crime_and_punishment,qb_020271__crime_and_punishment,0.78308916,0.8065963983535767,0.4885333180427551,True
qb_020271,security_and_defense,qb_020271__security_and_defense,0.82707614,0.695879340171814,0.4459332823753357,True
qb_020271,political,qb_020271__political,0.8610768,0.6160324811935425,0.46286311745643616,True
qb_020271,capacity_and_resources,qb_020271__capacity_and_resources,0.8190934,0.8288946151733398,0.44238704442977905,True
qb_009156,security_and_defense,qb_009156__security_and_defense,0.7779223,0.7739707231521606,0.4637914299964905,True
qb_009156,health_and_safety,qb_009156__health_and_safety,0.77681917,0.6636897921562195,0.44023197889328003,True
qb_009156,external_regulation,qb_009156__external_regulation,0.8085511,0.668056070804596,0.44035810232162476,True
