article_id,frame,cell_key,within_cell,within_article_cross_frame,cross_article,has_sibling
qb_003272,legality_constitutionality,qb_003272__legality_constitutionality,0.6384066,0.5959791541099548,0.28400468826293945,True
qb_003272,political,qb_003272__political,0.64376944,0.5825619101524353,0.3233725428581238,True
qb_003272,public_sentiment,qb_003272__public_sentiment,0.6479808,0.520355761051178,0.38333290815353394,True
qb_003272,crime_and_punishment,qb_003272__crime_and_punishment,0.7352687,0.5741156935691833,0.2497255802154541,True
qb_019519,political,qb_019519__political,0.6915267,0.5175299644470215,0.2779185473918915,True
qb_019519,economic,qb_019519__economic,0.59715617,0.5673241019248962,0.12970279157161713,True
qb_019519,policy_prescription,qb_019519__policy_prescription,0.64095485,0.6310445070266724,0.25692206621170044,True
qb_007772,health_and_safety,qb_007772__health_and_safety,0.64024514,0.5703226327896118,0.17491033673286438,True
qb_007772,public_sentiment,qb_007772__public_sentiment,0.82826906,0.6905052065849304,0.1578080952167511,True
qb_007772,political,qb_007772__political,0.7421943,0.6437286138534546,0.2338929921388626,True
qb_009703,cultural_identity,qb_009703__cultural_identity,0.81801397,0.44807037711143494,0.1739433854818344,True
qb_009703,public_sentiment,qb_009703__public_sentiment,0.6513746,0.3996140658855438,0.20087306201457977,True
qb_009703,legality_constitutionality,qb_009703__legality_constitutionality,0.6486614,0.4227240979671478,0.2175169438123703,True
qb_009703,political,qb_009703__political,0.7599996,0.5074172616004944,0.21641047298908234,True
qb_008313,policy_prescription,qb_008313__policy_prescription,0.72544986,0.5199579000473022,0.22242653369903564,True
qb_008313,political,qb_008313__political,0.68415016,0.5143758058547974,0.2612770199775696,True
qb_008313,public_sentiment,qb_008313__public_sentiment,0.80722487,0.5372332334518433,0.2691379189491272,True
qb_021261,security_and_defense,qb_021261__security_and_defense,0.6931032,0.6309698820114136,0.1579388529062271,True
qb_021261,external_regulation,qb_021261__external_regulation,0.78248775,0.6132134199142456,0.17005367577075958,True
qb_021261,political,qb_021261__political,0.78697044,0.6507225632667542,0.20931780338287354,True
qb_021261,capacity_and_resources,qb_021261__capacity_and_resources,0.63328743,0.5823575258255005,0.19896328449249268,True
qb_021261,health_and_safety,qb_021261__health_and_safety,0.7738937,0.5174682140350342,0.11065636575222015,True
qb_019453,legality_constitutionality,qb_019453__legality_constitutionality,0.71916676,0.5839961767196655,0.13194355368614197,True
qb_019453,political,qb_019453__political,0.6510879,0.588198721408844,0.22421510517597198,True
qb_020192,legality_constitutionality,qb_020192__legality_constitutionality,0.786114,0.6865819096565247,0.1417272388935089,True
qb_020192,political,qb_020192__political,0.640452,0.4698983132839203,0.2538541853427887,True
qb_020192,cultural_identity,qb_020192__cultural_identity,0.79599804,0.6081540584564209,0.1288069188594818,True
qb_020192,fairness_and_equality,qb_020192__fairness_and_equality,0.8031561,0.6188837885856628,0.18215881288051605,True
qb_017167,political,qb_017167__political,0.84106314,0.5809953212738037,0.17021772265434265,True
qb_017167,public_sentiment,qb_017167__public_sentiment,0.79917145,0.6862645149230957,0.21938517689704895,True
qb_017167,health_and_safety,qb_017167__health_and_safety,0.718675,0.4751947820186615,0.21574828028678894,True
qb_017615,economic,qb_017615__economic,0.78356457,0.4811406135559082,0.16094796359539032,True
qb_017615,public_sentiment,qb_017615__public_sentiment,0.6222888,0.6092610359191895,0.15736903250217438,True
qb_003828,legality_constitutionality,qb_003828__legality_constitutionality,0.7174691,0.6199060082435608,0.1424868404865265,True
qb_003828,policy_prescription,qb_003828__policy_prescription,0.69210684,0.5609287023544312,0.2333085536956787,True
qb_003828,cultural_identity,qb_003828__cultural_identity,0.8510689,0.6435341835021973,0.2565048336982727,True
qb_003828,political,qb_003828__political,0.69626856,0.5076959133148193,0.2865310609340668,True
qb_003828,fairness_and_equality,qb_003828__fairness_and_equality,0.83918273,0.6303361058235168,0.23158612847328186,True
qb_015003,political,qb_015003__political,0.6950999,0.5350478887557983,0.1627499759197235,True
qb_015003,economic,qb_015003__economic,0.64284074,0.5410505533218384,0.2444167584180832,True
qb_015003,policy_prescription,qb_015003__policy_prescription,0.67352676,0.5487228631973267,0.24356810748577118,True
qb_015003,capacity_and_resources,qb_015003__capacity_and_resources,0.6041696,0.5790472030639648,0.22380109131336212,True
qb_015003,public_sentiment,qb_015003__public_sentiment,0.7386724,0.5564436912536621,0.3202723264694214,True
qb_018511,economic,qb_018511__economic,0.65503,0.5809478163719177,0.2504044771194458,True
qb_018511,policy_prescription,qb_018511__policy_prescription,0.7114133,0.541797399520874,0.18788056075572968,True
qb_018511,capacity_and_resources,qb_018511__capacity_and_resources,0.60243785,0.5723596811294556,0.2666354179382324,True
qb_001368,cultural_identity,qb_001368__cultural_identity,0.7588537,0.7136063575744629,0.2180788516998291,True
qb_001368,political,qb_001368__political,0.77283967,0.601832926273346,0.23701322078704834,True
qb_001368,fairness_and_equality,qb_001368__fairness_and_equality,0.8155565,0.7069282531738281,0.22595207393169403,True
qb_001368,morality,qb_001368__morality,0.81884044,0.6677067279815674,0.16691669821739197,True
qb_001368,public_sentiment,qb_001368__public_sentiment,0.8490776,0.7306645512580872,0.18286557495594025,True
qb_011457,economic,qb_011457__economic,0.7248228,0.7143950462341309,0.208282470703125,True
qb_011457,political,qb_011457__political,0.82096434,0.7665148973464966,0.2591759264469147,True
qb_006925,external_regulation,qb_006925__external_regulation,0.66779834,0.5631945729255676,0.18388959765434265,True
qb_006925,political,qb_006925__political,0.61708784,0.48553431034088135,0.25219470262527466,True
qb_006925,legality_constitutionality,qb_006925__legality_constitutionality,0.74777526,0.6053147912025452,0.18536145985126495,True
qb_006925,crime_and_punishment,qb_006925__crime_and_punishment,0.7704204,0.5962938070297241,0.2239644080400467,True
qb_006925,policy_prescription,qb_006925__policy_prescription,0.7640925,0.5333238840103149,0.23773474991321564,True
qb_013655,legality_constitutionality,qb_013655__legality_constitutionality,0.674076,0.45557472109794617,0.16229894757270813,True
qb_013655,crime_and_punishment,qb_013655__crime_and_punishment,0.72147,0.5698698163032532,0.17334985733032227,True
qb_013655,political,qb_013655__political,0.73117805,0.5597022771835327,0.18903787434101105,True
qb_001630,policy_prescription,qb_001630__policy_prescription,0.6883364,0.6499617099761963,0.2842772901058197,True
qb_001630,health_and_safety,qb_001630__health_and_safety,0.7022866,0.627212405204773,0.272148072719574,True
qb_001630,economic,qb_001630__economic,0.61150897,0.6004464626312256,0.21573862433433533,True
qb_001630,political,qb_001630__political,0.7088634,0.5773417949676514,0.2420756071805954,True
qb_001630,fairness_and_equality,qb_001630__fairness_and_equality,0.76309043,0.6134001016616821,0.21251726150512695,True
qb_011948,security_and_defense,qb_011948__security_and_defense,0.61328256,0.6108629107475281,0.28025540709495544,True
qb_011948,crime_and_punishment,qb_011948__crime_and_punishment,0.6642853,0.5628570914268494,0.26105648279190063,True
qb_011948,external_regulation,qb_011948__external_regulation,0.8357477,0.5455118417739868,0.21590645611286163,True
qb_011948,legality_constitutionality,qb_011948__legality_constitutionality,0.6983141,0.5405436754226685,0.2512570321559906,True
qb_011948,political,qb_011948__political,0.7504215,0.43545401096343994,0.2823781371116638,True
qb_006606,political,qb_006606__political,0.7935258,0.626729428768158,0.27717289328575134,True
qb_006606,public_sentiment,qb_006606__public_sentiment,0.79248595,0.5383487939834595,0.19559244811534882,True
qb_006606,capacity_and_resources,qb_006606__capacity_and_resources,0.76451004,0.6271650195121765,0.2239495813846588,True
qb_016127,health_and_safety,qb_016127__health_and_safety,0.6495406,0.4808182418346405,0.16453078389167786,True
qb_016127,policy_prescription,qb_016127__policy_prescription,0.7517599,0.5523760914802551,0.18945130705833435,True
qb_016127,political,qb_016127__political,0.73503745,0.5467232465744019,0.1568048894405365,True
qb_019129,policy_prescription,qb_019129__policy_prescription,0.67782325,0.58442622423172,0.3195497989654541,True
qb_019129,economic,qb_019129__economic,0.53654027,0.6256400942802429,0.20312316715717316,True
qb_019129,quality_of_life,qb_019129__quality_of_life,0.6449304,0.5293504595756531,0.17800258100032806,True
qb_019129,capacity_and_resources,qb_019129__capacity_and_resources,0.6519461,0.5142103433609009,0.19464942812919617,True
qb_007903,legality_constitutionality,qb_007903__legality_constitutionality,0.66209966,0.6042937636375427,0.2360456883907318,True
qb_007903,political,qb_007903__political,0.7369429,0.5117101073265076,0.23352983593940735,True
qb_018184,political,qb_018184__political,0.5870937,0.6215831637382507,0.17762281000614166,True
qb_018184,fairness_and_equality,qb_018184__fairness_and_equality,0.7371262,0.701376736164093,0.20926816761493683,True
qb_018184,morality,qb_018184__morality,0.7562714,0.689586877822876,0.19875985383987427,True
qb_012949,legality_constitutionality,qb_012949__legality_constitutionality,0.7316689,0.5970107316970825,0.16406182944774628,True
qb_012949,economic,qb_012949__economic,0.77089417,0.55121910572052,0.187617227435112,True
qb_004499,political,qb_004499__political,0.8549937,0.7497375011444092,0.2375456988811493,True
qb_004499,public_sentiment,qb_004499__public_sentiment,0.9012598,0.7915456295013428,0.18945160508155823,True
qb_020948,health_and_safety,qb_020948__health_and_safety,0.785743,0.6362878680229187,0.15724511444568634,True
qb_020948,capacity_and_resources,qb_020948__capacity_and_resources,0.70600796,0.5771874785423279,0.2224159687757492,True
qb_020948,policy_prescription,qb_020948__policy_prescription,0.7636875,0.6866598129272461,0.20174439251422882,True
qb_020948,economic,qb_020948__economic,0.6814864,0.6316034197807312,0.19858655333518982,True
qb_020948,public_sentiment,qb_020948__public_sentiment,0.8331326,0.6223472952842712,0.23463332653045654,True
qb_020948,fairness_and_equality,qb_020948__fairness_and_equality,0.7353294,0.5735177993774414,0.18582706153392792,True
qb_020948,political,qb_020948__political,0.76432407,0.6677197217941284,0.22230008244514465,True
qb_017303,political,qb_017303__political,0.7829211,0.5513913631439209,0.27636247873306274,True
qb_017303,public_sentiment,qb_017303__public_sentiment,0.6489326,0.5515466928482056,0.24487408995628357,True
qb_001971,political,qb_001971__political,0.6004187,0.6325657367706299,0.23877640068531036,True
qb_001971,public_sentiment,qb_001971__public_sentiment,0.63542575,0.6497991681098938,0.141697958111763,True
qb_006315,health_and_safety,qb_006315__health_and_safety,0.7779208,0.6052730679512024,0.16299621760845184,True
qb_006315,policy_prescription,qb_006315__policy_prescription,0.73804116,0.4853452146053314,0.232242614030838,True
qb_006315,crime_and_punishment,qb_006315__crime_and_punishment,0.7968885,0.5600057244300842,0.24674060940742493,True
qb_006315,public_sentiment,qb_006315__public_sentiment,0.7527524,0.591425895690918,0.17254327237606049,True
qb_006315,capacity_and_resources,qb_006315__capacity_and_resources,0.7705375,0.6515554189682007,0.1757870763540268,True
qb_006315,morality,qb_006315__morality,0.6850482,0.594506561756134,0.22888067364692688,True
qb_006315,political,qb_006315__political,0.6549945,0.548304557800293,0.23055371642112732,True
qb_006315,cultural_identity,qb_006315__cultural_identity,0.7301003,0.5987569093704224,0.22340956330299377,True
qb_016595,economic,qb_016595__economic,0.7632756,0.606712818145752,0.22904172539710999,True
qb_016595,policy_prescription,qb_016595__policy_prescription,0.86622256,0.7601715326309204,0.2101626694202423,True
qb_016595,political,qb_016595__political,0.8139334,0.580314040184021,0.16795162856578827,True
qb_016391,political,qb_016391__political,0.7633139,0.6348287463188171,0.25017982721328735,True
qb_016391,legality_constitutionality,qb_016391__legality_constitutionality,0.72052735,0.6179366707801819,0.2805911898612976,True
qb_016391,policy_prescription,qb_016391__policy_prescription,0.682576,0.620401918888092,0.2676003575325012,True
qb_016391,crime_and_punishment,qb_016391__crime_and_punishment,0.75662065,0.6124222874641418,0.21527521312236786,True
qb_016391,morality,qb_016391__morality,0.8479892,0.5897547006607056,0.2335265576839447,True
qb_005134,capacity_and_resources,qb_005134__capacity_and_resources,0.7199543,0.5110480189323425,0.23664596676826477,True
qb_005134,health_and_safety,qb_005134__health_and_safety,0.55485445,0.5616968274116516,0.17350983619689941,True
qb_005134,economic,qb_005134__economic,0.7304177,0.6080140471458435,0.22950983047485352,True
qb_005134,political,qb_005134__political,0.6635021,0.5876596570014954,0.2131042778491974,True
qb_011008,crime_and_punishment,qb_011008__crime_and_punishment,0.6924602,0.5070335268974304,0.1936647593975067,True
qb_011008,political,qb_011008__political,0.7805134,0.6230666637420654,0.27633875608444214,True
qb_011008,external_regulation,qb_011008__external_regulation,0.7158993,0.5731542110443115,0.23334315419197083,True
qb_011008,public_sentiment,qb_011008__public_sentiment,0.7697191,0.5453954339027405,0.1947505623102188,True
qb_020841,policy_prescription,qb_020841__policy_prescription,0.75951254,0.6504064798355103,0.22140100598335266,True
qb_020841,security_and_defense,qb_020841__security_and_defense,0.727211,0.7291750907897949,0.23394691944122314,True
qb_020841,political,qb_020841__political,0.6843742,0.5690734386444092,0.2870466113090515,True
qb_011204,external_regulation,qb_011204__external_regulation,0.64261836,0.5267273187637329,0.2529568076133728,True
qb_011204,political,qb_011204__political,0.5939826,0.5282435417175293,0.2229727804660797,True
qb_011204,public_sentiment,qb_011204__public_sentiment,0.7359344,0.43995654582977295,0.13974903523921967,True
qb_011204,security_and_defense,qb_011204__security_and_defense,0.70827925,0.5019097328186035,0.1884339153766632,True
qb_011204,legality_constitutionality,qb_011204__legality_constitutionality,0.60492516,0.4392615556716919,0.17898264527320862,True
qb_007007,legality_constitutionality,qb_007007__legality_constitutionality,0.7226101,0.7064900398254395,0.17914354801177979,True
qb_007007,political,qb_007007__political,0.7270746,0.6258251070976257,0.25786834955215454,True
qb_007007,crime_and_punishment,qb_007007__crime_and_punishment,0.776505,0.6799722909927368,0.1389186680316925,True
qb_019524,political,qb_019524__political,0.66163164,0.6206033825874329,0.2419300377368927,True
qb_019524,economic,qb_019524__economic,0.66387933,0.39626941084861755,0.1645539104938507,True
qb_019524,policy_prescription,qb_019524__policy_prescription,0.7048574,0.5684656500816345,0.26501035690307617,True
qb_019524,fairness_and_equality,qb_019524__fairness_and_equality,0.709068,0.6434770226478577,0.1953723132610321,True
qb_009516,policy_prescription,qb_009516__policy_prescription,0.70608443,0.7262264490127563,0.16883355379104614,True
qb_009516,economic,qb_009516__economic,0.7143334,0.7010312080383301,0.19431929290294647,True
qb_009065,political,qb_009065__political,0.62840647,0.48343563079833984,0.2133869230747223,True
qb_009065,policy_prescription,qb_009065__policy_prescription,0.6888813,0.6040453910827637,0.2363978922367096,True
qb_009065,economic,qb_009065__economic,0.6277996,0.5185875296592712,0.24729129672050476,True
qb_009065,security_and_defense,qb_009065__security_and_defense,0.7347509,0.5579710006713867,0.28092336654663086,True
qb_012660,health_and_safety,qb_012660__health_and_safety,0.7238339,0.7010855674743652,0.1272655576467514,True
qb_012660,political,qb_012660__political,0.6171969,0.612045168876648,0.1898757368326187,True
qb_012660,capacity_and_resources,qb_012660__capacity_and_resources,0.825649,0.674651563167572,0.1723279505968094,True
qb_012660,public_sentiment,qb_012660__public_sentiment,0.762273,0.6566535830497742,0.2436356246471405,True
qb_011647,health_and_safety,qb_011647__health_and_safety,0.76371133,0.5389184355735779,0.1468336582183838,True
qb_011647,capacity_and_resources,qb_011647__capacity_and_resources,0.69064516,0.6112766265869141,0.18789978325366974,True
qb_011647,economic,qb_011647__economic,0.789985,0.5611702799797058,0.2600645422935486,True
qb_011647,political,qb_011647__political,0.7488818,0.48096275329589844,0.278964102268219,True
qb_013083,public_sentiment,qb_013083__public_sentiment,0.71638453,0.6709741353988647,0.2937691807746887,True
qb_013083,political,qb_013083__political,0.7093549,0.4918110966682434,0.24508066475391388,True
qb_013083,security_and_defense,qb_013083__security_and_defense,0.6849747,0.685936450958252,0.27629998326301575,True
qb_013083,policy_prescription,qb_013083__policy_prescription,0.73641896,0.4835609197616577,0.2966315746307373,True
qb_013083,economic,qb_013083__economic,0.69016325,0.5422105193138123,0.2198093682527542,True
qb_004334,health_and_safety,qb_004334__health_and_safety,0.6145935,0.5346919894218445,0.17190615832805634,True
qb_004334,legality_constitutionality,qb_004334__legality_constitutionality,0.64753926,0.5237659215927124,0.22712421417236328,True
qb_004334,capacity_and_resources,qb_004334__capacity_and_resources,0.65261567,0.49927639961242676,0.17830118536949158,True
qb_004334,political,qb_004334__political,0.6626569,0.5547537803649902,0.2987038791179657,True
qb_004336,economic,qb_004336__economic,0.64534307,0.5192112922668457,0.13613280653953552,True
qb_004336,quality_of_life,qb_004336__quality_of_life,0.6933056,0.4349946677684784,0.1884426325559616,True
qb_004336,political,qb_004336__political,0.6155877,0.5876927375793457,0.25256040692329407,True
qb_004336,policy_prescription,qb_004336__policy_prescription,0.5799355,0.5769243836402893,0.1662970334291458,True
qb_004336,public_sentiment,qb_004336__public_sentiment,0.7807206,0.5157721638679504,0.14281776547431946,True
qb_011836,political,qb_011836__political,0.86680084,0.6501966714859009,0.2591345012187958,True
qb_011836,capacity_and_resources,qb_011836__capacity_and_resources,0.71831495,0.6969894766807556,0.2738201320171356,True
qb_006904,legality_constitutionality,qb_006904__legality_constitutionality,0.67854327,0.6099653244018555,0.22085097432136536,True
qb_006904,political,qb_006904__political,0.72052795,0.3849342167377472,0.28329578042030334,True
qb_006904,crime_and_punishment,qb_006904__crime_and_punishment,0.6849896,0.4861624240875244,0.21061325073242188,True
qb_016434,legality_constitutionality,qb_016434__legality_constitutionality,0.7007437,0.585774838924408,0.15845346450805664,True
qb_016434,health_and_safety,qb_016434__health_and_safety,0.7128016,0.6216303706169128,0.14567580819129944,True
qb_016434,capacity_and_resources,qb_016434__capacity_and_resources,0.71028703,0.5971738696098328,0.16202852129936218,True
qb_016434,political,qb_016434__political,0.68631786,0.5450796484947205,0.1554667353630066,True
qb_016434,policy_prescription,qb_016434__policy_prescription,0.7345257,0.6207864284515381,0.23934762179851532,True
qb_016434,public_sentiment,qb_016434__public_sentiment,0.7292689,0.5887487530708313,0.2540012001991272,True
qb_020995,political,qb_020995__political,0.66523093,0.5785660743713379,0.2610678970813751,True
qb_020995,health_and_safety,qb_020995__health_and_safety,0.75726086,0.48453861474990845,0.175665944814682,True
qb_020995,economic,qb_020995__economic,0.6705602,0.6729681491851807,0.2333163321018219,True
qb_020995,capacity_and_resources,qb_020995__capacity_and_resources,0.76801956,0.6081898808479309,0.204044371843338,True
qb_020995,policy_prescription,qb_020995__policy_prescription,0.7190254,0.6682938933372498,0.1683119833469391,True
qb_006562,political,qb_006562__political,0.6831584,0.3961544632911682,0.26093554496765137,True
qb_006562,public_sentiment,qb_006562__public_sentiment,0.68860877,0.5474646687507629,0.22833919525146484,True
qb_006562,security_and_defense,qb_006562__security_and_defense,0.6765242,0.626664400100708,0.2858331799507141,True
qb_006562,crime_and_punishment,qb_006562__crime_and_punishment,0.67778033,0.510057270526886,0.3057236671447754,True
qb_006562,morality,qb_006562__morality,0.68187773,0.5086466073989868,0.27508747577667236,True
qb_020238,health_and_safety,qb_020238__health_and_safety,0.6764692,0.5111954212188721,0.20851656794548035,True
qb_020238,capacity_and_resources,qb_020238__capacity_and_resources,0.7684746,0.46640655398368835,0.25152212381362915,True
qb_020238,public_sentiment,qb_020238__public_sentiment,0.84257925,0.5983560085296631,0.2717438042163849,True
qb_015506,political,qb_015506__political,0.58942366,0.39244502782821655,0.2650548815727234,True
qb_015506,public_sentiment,qb_015506__public_sentiment,0.6385462,0.46591001749038696,0.26610931754112244,True
qb_015506,economic,qb_015506__economic,0.6372961,0.4445057809352875,0.20022408664226532,True
qb_012587,legality_constitutionality,qb_012587__legality_constitutionality,0.6018437,0.42398563027381897,0.19556285440921783,True
qb_012587,political,qb_012587__political,0.7185113,0.5061975121498108,0.20787402987480164,True
qb_012587,policy_prescription,qb_012587__policy_prescription,0.7600963,0.47429388761520386,0.18649347126483917,True
qb_012587,public_sentiment,qb_012587__public_sentiment,0.744745,0.5108577609062195,0.23442856967449188,True
qb_012587,fairness_and_equality,qb_012587__fairness_and_equality,0.66817176,0.5146540403366089,0.2212299406528473,True
qb_008348,political,qb_008348__political,0.6613662,0.5199464559555054,0.21258513629436493,True
qb_008348,economic,qb_008348__economic,0.6082441,0.5563050508499146,0.21724191308021545,True
qb_005116,political,qb_005116__political,0.70580363,0.54522705078125,0.23746612668037415,True
qb_005116,cultural_identity,qb_005116__cultural_identity,0.89202243,0.5471293926239014,0.21954545378684998,True
qb_005116,public_sentiment,qb_005116__public_sentiment,0.6651892,0.5923163294792175,0.19740846753120422,True
qb_021425,legality_constitutionality,qb_021425__legality_constitutionality,0.7021581,0.7389473915100098,0.19663898646831512,True
qb_021425,political,qb_021425__political,0.6785462,0.6363718509674072,0.26790326833724976,True
qb_021425,crime_and_punishment,qb_021425__crime_and_punishment,0.7750758,0.7084887623786926,0.2002568542957306,True
qb_016625,cultural_identity,qb_016625__cultural_identity,0.81451315,0.6903032064437866,0.18667155504226685,True
qb_016625,fairness_and_equality,qb_016625__fairness_and_equality,0.88465244,0.7128915786743164,0.18415871262550354,True
qb_016625,political,qb_016625__political,0.8327061,0.7447668313980103,0.20704646408557892,True
qb_019547,public_sentiment,qb_019547__public_sentiment,0.6566572,0.4737212061882019,0.21059751510620117,True
qb_019547,morality,qb_019547__morality,0.7266191,0.3721611499786377,0.20762959122657776,True
qb_001031,political,qb_001031__political,0.78530955,0.5844500660896301,0.21913674473762512,True
qb_001031,policy_prescription,qb_001031__policy_prescription,0.7411454,0.5351166725158691,0.22524814307689667,True
qb_015567,health_and_safety,qb_015567__health_and_safety,0.621011,0.5685538649559021,0.22120694816112518,True
qb_015567,capacity_and_resources,qb_015567__capacity_and_resources,0.7700691,0.5870335698127747,0.16918884217739105,True
qb_015567,public_sentiment,qb_015567__public_sentiment,0.6481588,0.5387700796127319,0.2255764901638031,True
qb_015567,political,qb_015567__political,0.6396662,0.5714278221130371,0.24876324832439423,True
qb_015567,economic,qb_015567__economic,0.63777053,0.44184741377830505,0.13670341670513153,True
qb_015567,policy_prescription,qb_015567__policy_prescription,0.5881627,0.5191969871520996,0.2050926238298416,True
qb_015056,legality_constitutionality,qb_015056__legality_constitutionality,0.7051207,0.7191978693008423,0.20020386576652527,True
qb_015056,political,qb_015056__political,0.7148198,0.6135096549987793,0.2328963279724121,True
qb_015056,crime_and_punishment,qb_015056__crime_and_punishment,0.73804057,0.6424201726913452,0.2188565731048584,True
qb_018222,health_and_safety,qb_018222__health_and_safety,0.52277225,0.5995054841041565,0.1902168244123459,True
qb_018222,policy_prescription,qb_018222__policy_prescription,0.6101967,0.608670711517334,0.13641461730003357,True
qb_013463,security_and_defense,qb_013463__security_and_defense,0.7313287,0.7412765026092529,0.163991779088974,True
qb_013463,capacity_and_resources,qb_013463__capacity_and_resources,0.7857598,0.7641588449478149,0.2045823037624359,True
qb_013463,morality,qb_013463__morality,0.8873058,0.6570197343826294,0.1760062873363495,True
qb_006160,political,qb_006160__political,0.6521258,0.5814068913459778,0.2740972638130188,True
qb_006160,public_sentiment,qb_006160__public_sentiment,0.7092321,0.5842798948287964,0.20010168850421906,True
qb_014211,health_and_safety,qb_014211__health_and_safety,0.68591,0.45675957202911377,0.1394001543521881,True
qb_014211,other,qb_014211__other,0.75419533,0.5464949607849121,0.14508017897605896,True
qb_015046,political,qb_015046__political,0.799126,0.5033265352249146,0.26990169286727905,True
qb_015046,policy_prescription,qb_015046__policy_prescription,0.63685673,0.5331759452819824,0.2048775851726532,True
qb_015046,health_and_safety,qb_015046__health_and_safety,0.6595176,0.6555873155593872,0.2451065480709076,True
qb_010073,health_and_safety,qb_010073__health_and_safety,0.6833996,0.5581371188163757,0.2568935751914978,True
qb_010073,political,qb_010073__political,0.7595719,0.5261864066123962,0.20307417213916779,True
qb_010073,policy_prescription,qb_010073__policy_prescription,0.66692466,0.5658971667289734,0.30275529623031616,True
qb_010073,capacity_and_resources,qb_010073__capacity_and_resources,0.69263154,0.45953163504600525,0.2517750859260559,True
qb_003988,security_and_defense,qb_003988__security_and_defense,0.6617595,0.5162081122398376,0.20112240314483643,True
qb_003988,health_and_safety,qb_003988__health_and_safety,0.72595215,0.28070876002311707,0.17602425813674927,True
qb_003988,public_sentiment,qb_003988__public_sentiment,0.84101534,0.40440282225608826,0.26736053824424744,True
qb_018729,economic,qb_018729__economic,0.61471343,0.6586369276046753,0.20992426574230194,True
qb_018729,quality_of_life,qb_018729__quality_of_life,0.7531494,0.6916150450706482,0.2008703649044037,True
qb_006108,cultural_identity,qb_006108__cultural_identity,0.84641147,0.7228606939315796,0.21605345606803894,True
qb_006108,public_sentiment,qb_006108__public_sentiment,0.79484713,0.6554775238037109,0.15835033357143402,True
qb_006108,political,qb_006108__political,0.7918745,0.6916486024856567,0.26259666681289673,True
qb_006108,morality,qb_006108__morality,0.8696877,0.6781848073005676,0.24646422266960144,True
qb_006108,economic,qb_006108__economic,0.79861844,0.6607668399810791,0.18177112936973572,True
qb_015837,health_and_safety,qb_015837__health_and_safety,0.7464509,0.6274263858795166,0.22207948565483093,True
qb_015837,policy_prescription,qb_015837__policy_prescription,0.77542186,0.6000087857246399,0.15220659971237183,True
qb_015837,external_regulation,qb_015837__external_regulation,0.70284796,0.5998464226722717,0.14575406908988953,True
qb_015837,economic,qb_015837__economic,0.7533358,0.43847155570983887,0.20269818603992462,True
qb_007177,security_and_defense,qb_007177__security_and_defense,0.7472386,0.5297906398773193,0.20260271430015564,True
qb_007177,policy_prescription,qb_007177__policy_prescription,0.735095,0.5418089032173157,0.2689654231071472,True
qb_007177,legality_constitutionality,qb_007177__legality_constitutionality,0.64208305,0.25613006949424744,0.17025437951087952,True
qb_010762,legality_constitutionality,qb_010762__legality_constitutionality,0.7707561,0.626092255115509,0.19786350429058075,True
qb_010762,political,qb_010762__political,0.70058525,0.6637840270996094,0.23613305389881134,True
qb_010762,fairness_and_equality,qb_010762__fairness_and_equality,0.69166493,0.5451385378837585,0.19064119458198547,True
qb_010762,policy_prescription,qb_010762__policy_prescription,0.70131123,0.7728298306465149,0.22084829211235046,True
qb_019963,legality_constitutionality,qb_019963__legality_constitutionality,0.73571825,,0.19501133263111115,False
qb_000332,public_sentiment,qb_000332__public_sentiment,0.73140734,0.601970374584198,0.23304753005504608,True
qb_000332,political,qb_000332__political,0.7593508,0.5508167147636414,0.24044013023376465,True
qb_000332,policy_prescription,qb_000332__policy_prescription,0.7725149,0.6401364803314209,0.2708892226219177,True
qb_000332,health_and_safety,qb_000332__health_and_safety,0.51268893,0.4721853733062744,0.203575998544693,True
qb_016603,political,qb_016603__political,0.6970962,0.6826108694076538,0.296659916639328,True
qb_016603,legality_constitutionality,qb_016603__legality_constitutionality,0.70917994,0.6309430003166199,0.17443545162677765,True
qb_016603,policy_prescription,qb_016603__policy_prescription,0.7940276,0.6660058498382568,0.24912765622138977,True
qb_016603,morality,qb_016603__morality,0.84546494,0.6725527048110962,0.2285488098859787,True
qb_016603,public_sentiment,qb_016603__public_sentiment,0.80445933,0.5585136413574219,0.20937871932983398,True
qb_016603,cultural_identity,qb_016603__cultural_identity,0.74493086,0.5946385264396667,0.24610307812690735,True
qb_014345,political,qb_014345__political,0.6815964,0.5694356560707092,0.22450704872608185,True
qb_014345,public_sentiment,qb_014345__public_sentiment,0.66195714,0.5876662135124207,0.22679543495178223,True
qb_014345,morality,qb_014345__morality,0.62967443,0.6218969821929932,0.2366223782300949,True
qb_014345,economic,qb_014345__economic,0.74623245,0.608881413936615,0.29110977053642273,True
qb_003084,public_sentiment,qb_003084__public_sentiment,0.81431556,0.6678844094276428,0.19306263327598572,True
qb_003084,crime_and_punishment,qb_003084__crime_and_punishment,0.6853605,0.6262505650520325,0.22901026904582977,True
qb_003084,cultural_identity,qb_003084__cultural_identity,0.80611163,0.6593231558799744,0.18923528492450714,True
qb_006333,political,qb_006333__political,0.74673074,0.5636028051376343,0.2149476557970047,True
qb_006333,policy_prescription,qb_006333__policy_prescription,0.56897604,0.5049086809158325,0.19240537285804749,True
qb_006333,economic,qb_006333__economic,0.73248,0.5238497257232666,0.19374266266822815,True
qb_006333,health_and_safety,qb_006333__health_and_safety,0.67081064,0.58399897813797,0.2576175630092621,True
qb_006333,capacity_and_resources,qb_006333__capacity_and_resources,0.7053549,0.48682910203933716,0.18442676961421967,True
qb_006578,political,qb_006578__political,0.79020476,0.7413948774337769,0.23559609055519104,True
qb_006578,fairness_and_equality,qb_006578__fairness_and_equality,0.838812,0.7813889384269714,0.24054822325706482,True
qb_010112,external_regulation,qb_010112__external_regulation,0.7247347,0.6314519643783569,0.22184422612190247,True
qb_010112,political,qb_010112__political,0.76459706,0.5656989216804504,0.3067675232887268,True
qb_010112,policy_prescription,qb_010112__policy_prescription,0.7749638,0.6250991821289062,0.22001636028289795,True
qb_010112,health_and_safety,qb_010112__health_and_safety,0.7557158,0.6478583812713623,0.25813668966293335,True
qb_010112,security_and_defense,qb_010112__security_and_defense,0.76791716,0.5962911248207092,0.23464350402355194,True
qb_020378,political,qb_020378__political,0.59967333,0.533033013343811,0.22623780369758606,True
qb_020378,policy_prescription,qb_020378__policy_prescription,0.721969,0.7089513540267944,0.2832004725933075,True
qb_020378,capacity_and_resources,qb_020378__capacity_and_resources,0.8777906,0.4347452223300934,0.21960291266441345,True
qb_020056,political,qb_020056__political,0.7780336,0.4598073363304138,0.2526558041572571,True
qb_020056,legality_constitutionality,qb_020056__legality_constitutionality,0.63921666,0.5191676616668701,0.17736434936523438,True
qb_020056,public_sentiment,qb_020056__public_sentiment,0.61032784,0.45227372646331787,0.20418500900268555,True
qb_001035,legality_constitutionality,qb_001035__legality_constitutionality,0.7973422,0.6442251205444336,0.20797881484031677,True
qb_001035,health_and_safety,qb_001035__health_and_safety,0.70486283,0.6817580461502075,0.1965053379535675,True
qb_001035,crime_and_punishment,qb_001035__crime_and_punishment,0.676721,0.6048296689987183,0.23197674751281738,True
qb_001035,political,qb_001035__political,0.827595,0.5704777240753174,0.21648085117340088,True
qb_001035,fairness_and_equality,qb_001035__fairness_and_equality,0.769081,0.5895912647247314,0.22785449028015137,True
qb_013997,political,qb_013997__political,0.85299146,0.7440192699432373,0.20618069171905518,True
qb_013997,policy_prescription,qb_013997__policy_prescription,0.7394115,0.6705462336540222,0.20404136180877686,True
qb_013997,health_and_safety,qb_013997__health_and_safety,0.7953712,0.7258239388465881,0.14898060262203217,True
qb_013997,public_sentiment,qb_013997__public_sentiment,0.7250427,0.6126654744148254,0.14349882304668427,True
qb_019554,security_and_defense,qb_019554__security_and_defense,0.59187555,0.6966965198516846,0.26169008016586304,True
qb_019554,crime_and_punishment,qb_019554__crime_and_punishment,0.7005308,0.6011064052581787,0.20772206783294678,True
qb_004765,political,qb_004765__political,0.62149894,0.6467243432998657,0.2200738489627838,True
qb_004765,external_regulation,qb_004765__external_regulation,0.694583,0.43995773792266846,0.2444758117198944,True
qb_004765,public_sentiment,qb_004765__public_sentiment,0.78592074,0.5465960502624512,0.25783771276474,True
qb_005316,health_and_safety,qb_005316__health_and_safety,0.7652782,0.5576028823852539,0.14005863666534424,True
qb_005316,quality_of_life,qb_005316__quality_of_life,0.6707765,0.642911434173584,0.1846521645784378,True
qb_005316,political,qb_005316__political,0.63878155,0.4689067006111145,0.32617276906967163,True
qb_000233,political,qb_000233__political,0.77937627,0.6114808917045593,0.18381929397583008,True
qb_000233,legality_constitutionality,qb_000233__legality_constitutionality,0.7431567,0.7117908596992493,0.1718469262123108,True
qb_000233,economic,qb_000233__economic,0.8494645,0.7016684412956238,0.28112316131591797,True
qb_000233,public_sentiment,qb_000233__public_sentiment,0.78030306,0.734172523021698,0.20186011493206024,True
qb_016481,economic,qb_016481__economic,0.6521872,0.4249570965766907,0.18163546919822693,True
qb_016481,policy_prescription,qb_016481__policy_prescription,0.8525476,0.4952627718448639,0.18082067370414734,True
qb_016481,political,qb_016481__political,0.75523233,0.5595440864562988,0.21103458106517792,True
qb_012518,crime_and_punishment,qb_012518__crime_and_punishment,0.71711016,0.6133726835250854,0.15246666967868805,True
qb_012518,security_and_defense,qb_012518__security_and_defense,0.7870491,0.6376322507858276,0.24027740955352783,True
qb_012518,capacity_and_resources,qb_012518__capacity_and_resources,0.7412778,0.6255325078964233,0.16690118610858917,True
qb_008817,legality_constitutionality,qb_008817__legality_constitutionality,0.68278545,0.6098990440368652,0.2928740680217743,True
qb_008817,crime_and_punishment,qb_008817__crime_and_punishment,0.641255,0.6506582498550415,0.21028776466846466,True
qb_008817,public_sentiment,qb_008817__public_sentiment,0.6274589,0.5414377450942993,0.2010602205991745,True
qb_008817,capacity_and_resources,qb_008817__capacity_and_resources,0.85979694,0.545373797416687,0.23898229002952576,True
qb_008817,morality,qb_008817__morality,0.77237743,0.6197687387466431,0.20556068420410156,True
qb_021011,political,qb_021011__political,0.66670704,0.6157872080802917,0.28102976083755493,True
qb_021011,public_sentiment,qb_021011__public_sentiment,0.73761535,0.5532383322715759,0.22346551716327667,True
qb_014680,economic,qb_014680__economic,0.7151873,0.4960519075393677,0.1760488897562027,True
qb_014680,health_and_safety,qb_014680__health_and_safety,0.7319225,0.48045510053634644,0.1902615875005722,True
qb_014680,public_sentiment,qb_014680__public_sentiment,0.78868985,0.5321089625358582,0.2693035900592804,True
qb_009954,political,qb_009954__political,0.81176305,0.5384438037872314,0.15679436922073364,True
qb_009954,public_sentiment,qb_009954__public_sentiment,0.6611757,0.5762101411819458,0.15343204140663147,True
qb_016933,public_sentiment,qb_016933__public_sentiment,0.7588239,0.5301685929298401,0.29012709856033325,True
qb_016933,political,qb_016933__political,0.65053093,0.6244890689849854,0.33165866136550903,True
qb_014753,political,qb_014753__political,0.8054484,0.5237427949905396,0.18244123458862305,True
qb_014753,legality_constitutionality,qb_014753__legality_constitutionality,0.6199529,0.4442947506904602,0.2957232892513275,True
qb_012025,public_sentiment,qb_012025__public_sentiment,0.7595718,0.6248378157615662,0.19756510853767395,True
qb_012025,fairness_and_equality,qb_012025__fairness_and_equality,0.8155441,0.6700611710548401,0.2107461392879486,True
qb_012025,morality,qb_012025__morality,0.8410629,0.6971258521080017,0.1430836170911789,True
qb_012025,policy_prescription,qb_012025__policy_prescription,0.69680893,0.6491212844848633,0.1923304796218872,True
qb_012025,legality_constitutionality,qb_012025__legality_constitutionality,0.6866286,0.6501792669296265,0.1495518982410431,True
qb_012025,cultural_identity,qb_012025__cultural_identity,0.82944626,0.5941267013549805,0.21092486381530762,True
qb_005409,health_and_safety,qb_005409__health_and_safety,0.6821385,0.6147814989089966,0.13644197583198547,True
qb_005409,policy_prescription,qb_005409__policy_prescription,0.7139084,0.6234792470932007,0.2088126838207245,True
qb_018463,political,qb_018463__political,0.7336102,0.5539615750312805,0.26285070180892944,True
qb_018463,legality_constitutionality,qb_018463__legality_constitutionality,0.7107741,0.5950374603271484,0.21262821555137634,True
qb_018463,public_sentiment,qb_018463__public_sentiment,0.8074895,0.5955804586410522,0.1418941617012024,True
qb_018463,morality,qb_018463__morality,0.77607214,0.6406351923942566,0.23182359337806702,True
qb_005655,health_and_safety,qb_005655__health_and_safety,0.7378766,0.6535953283309937,0.26379361748695374,True
qb_005655,capacity_and_resources,qb_005655__capacity_and_resources,0.7212087,0.6831395626068115,0.18283453583717346,True
qb_005655,policy_prescription,qb_005655__policy_prescription,0.70772254,0.655131995677948,0.22039587795734406,True
qb_019592,legality_constitutionality,qb_019592__legality_constitutionality,0.74293315,0.6023586392402649,0.22888144850730896,True
qb_019592,policy_prescription,qb_019592__policy_prescription,0.7885518,0.45928651094436646,0.21380624175071716,True
qb_019592,political,qb_019592__political,0.59760916,0.6336404085159302,0.20390188694000244,True
qb_015602,morality,qb_015602__morality,0.7882334,0.6891298890113831,0.16966302692890167,True
qb_015602,cultural_identity,qb_015602__cultural_identity,0.575757,0.515369713306427,0.21147899329662323,True
qb_015602,public_sentiment,qb_015602__public_sentiment,0.8603612,0.5733748078346252,0.1588534414768219,True
qb_015602,economic,qb_015602__economic,0.78129715,0.6124201416969299,0.18230654299259186,True
qb_019916,security_and_defense,qb_019916__security_and_defense,0.6647154,0.6323128938674927,0.20638792216777802,True
qb_019916,capacity_and_resources,qb_019916__capacity_and_resources,0.59922373,0.5816948413848877,0.1848839372396469,True
qb_019916,external_regulation,qb_019916__external_regulation,0.79245627,0.6677870750427246,0.1362077295780182,True
qb_019916,cultural_identity,qb_019916__cultural_identity,0.7896124,0.5745877623558044,0.182698056101799,True
qb_019496,political,qb_019496__political,0.6442634,0.1957000494003296,0.23910602927207947,True
qb_019496,legality_constitutionality,qb_019496__legality_constitutionality,0.69374806,0.2619919180870056,0.23405161499977112,True
qb_019496,security_and_defense,qb_019496__security_and_defense,0.6353695,0.23526042699813843,0.25480085611343384,True
qb_019496,external_regulation,qb_019496__external_regulation,0.6873168,0.3936447203159332,0.2545311152935028,True
qb_019496,economic,qb_019496__economic,0.5920615,0.21350567042827606,0.2664969563484192,True
qb_005749,political,qb_005749__political,0.6880478,0.6150705218315125,0.2673393785953522,True
qb_005749,morality,qb_005749__morality,0.6666831,0.3760018050670624,0.215220645070076,True
qb_005749,public_sentiment,qb_005749__public_sentiment,0.6379081,0.5291219353675842,0.18585500121116638,True
qb_005749,legality_constitutionality,qb_005749__legality_constitutionality,0.62818444,0.44096803665161133,0.26110953092575073,True
qb_006049,security_and_defense,qb_006049__security_and_defense,0.7664795,0.4966267943382263,0.20367483794689178,True
qb_006049,external_regulation,qb_006049__external_regulation,0.5967473,0.511891782283783,0.25207120180130005,True
qb_006049,political,qb_006049__political,0.79771954,0.4493241608142853,0.19849082827568054,True
qb_004230,security_and_defense,qb_004230__security_and_defense,0.7928874,0.7379153370857239,0.18600398302078247,True
qb_004230,external_regulation,qb_004230__external_regulation,0.65493006,0.5585686564445496,0.212655708193779,True
qb_004230,capacity_and_resources,qb_004230__capacity_and_resources,0.80620944,0.6651643514633179,0.29244691133499146,True
qb_004230,policy_prescription,qb_004230__policy_prescription,0.83654666,0.6165284514427185,0.2938140332698822,True
qb_010927,health_and_safety,qb_010927__health_and_safety,0.63293767,0.6205664277076721,0.20351485908031464,True
qb_010927,policy_prescription,qb_010927__policy_prescription,0.72772217,0.5666809678077698,0.2535020709037781,True
qb_010927,morality,qb_010927__morality,0.79797935,0.5551624298095703,0.2044997662305832,True
qb_010927,legality_constitutionality,qb_010927__legality_constitutionality,0.68779397,0.6233789920806885,0.18038101494312286,True
qb_014555,political,qb_014555__political,0.78412473,0.5711014866828918,0.3226737976074219,True
qb_014555,policy_prescription,qb_014555__policy_prescription,0.7949104,0.4746297299861908,0.3206247389316559,True
qb_014555,public_sentiment,qb_014555__public_sentiment,0.67033714,0.3212989270687103,0.1932598501443863,True
qb_014555,legality_constitutionality,qb_014555__legality_constitutionality,0.6003386,0.27892330288887024,0.16572387516498566,True
qb_000527,political,qb_000527__political,0.8022435,0.6397589445114136,0.14811280369758606,True
qb_000527,cultural_identity,qb_000527__cultural_identity,0.70761776,0.7009009122848511,0.16770479083061218,True
qb_000527,fairness_and_equality,qb_000527__fairness_and_equality,0.7414435,0.6968437433242798,0.22373083233833313,True
qb_018775,economic,qb_018775__economic,0.66075706,0.639961838722229,0.20156307518482208,True
qb_018775,policy_prescription,qb_018775__policy_prescription,0.6339717,0.5358147621154785,0.23937733471393585,True
qb_018775,political,qb_018775__political,0.76577127,0.5105919241905212,0.1814199537038803,True
qb_018775,fairness_and_equality,qb_018775__fairness_and_equality,0.7146662,0.5971274375915527,0.2041243314743042,True
qb_018775,health_and_safety,qb_018775__health_and_safety,0.80179083,0.5589532852172852,0.24516049027442932,True
qb_003070,legality_constitutionality,qb_003070__legality_constitutionality,0.70676804,0.5445908308029175,0.18262401223182678,True
qb_003070,policy_prescription,qb_003070__policy_prescription,0.8572773,0.6433273553848267,0.22885656356811523,True
qb_003070,crime_and_punishment,qb_003070__crime_and_punishment,0.66072893,0.6526731252670288,0.16276423633098602,True
qb_003070,health_and_safety,qb_003070__health_and_safety,0.73491496,0.5694214105606079,0.11385204643011093,True
qb_003070,fairness_and_equality,qb_003070__fairness_and_equality,0.7500267,0.600841760635376,0.17779487371444702,True
qb_003070,political,qb_003070__political,0.8158448,0.5400080680847168,0.20708882808685303,True
qb_013094,legality_constitutionality,qb_013094__legality_constitutionality,0.6695394,0.5514352321624756,0.2478647232055664,True
qb_013094,crime_and_punishment,qb_013094__crime_and_punishment,0.6649406,0.5318282246589661,0.23468299210071564,True
qb_013094,public_sentiment,qb_013094__public_sentiment,0.76041394,0.5337682366371155,0.20968131721019745,True
qb_013094,capacity_and_resources,qb_013094__capacity_and_resources,0.7468769,0.5287495851516724,0.2761995792388916,True
qb_004167,political,qb_004167__political,0.7138033,0.5808669328689575,0.24454474449157715,True
qb_004167,public_sentiment,qb_004167__public_sentiment,0.7575145,0.4826900362968445,0.23177698254585266,True
qb_009778,political,qb_009778__political,0.8031752,0.6036146879196167,0.20718057453632355,True
qb_009778,public_sentiment,qb_009778__public_sentiment,0.80026996,0.6099007725715637,0.1479869782924652,True
qb_009778,cultural_identity,qb_009778__cultural_identity,0.83334947,0.5709950923919678,0.18344005942344666,True
qb_000618,health_and_safety,qb_000618__health_and_safety,0.6761472,0.5827596783638,0.18180544674396515,True
qb_000618,policy_prescription,qb_000618__policy_prescription,0.71884805,0.5811793208122253,0.20244188606739044,True
qb_000618,quality_of_life,qb_000618__quality_of_life,0.72388434,0.6116393208503723,0.10941668599843979,True
qb_000618,capacity_and_resources,qb_000618__capacity_and_resources,0.5540528,0.513438880443573,0.2501612901687622,True
qb_015793,cultural_identity,qb_015793__cultural_identity,0.70220715,0.5655075311660767,0.2303696870803833,True
qb_015793,public_sentiment,qb_015793__public_sentiment,0.72476315,0.5850805044174194,0.1680578887462616,True
qb_015793,political,qb_015793__political,0.7142392,0.6019371747970581,0.17485979199409485,True
qb_015793,fairness_and_equality,qb_015793__fairness_and_equality,0.7711009,0.5701979398727417,0.16689053177833557,True
qb_015793,morality,qb_015793__morality,0.7789893,0.5843372941017151,0.20357970893383026,True
qb_006068,external_regulation,qb_006068__external_regulation,0.7699276,0.6302295923233032,0.19871613383293152,True
qb_006068,security_and_defense,qb_006068__security_and_defense,0.7697252,0.5375646948814392,0.17512479424476624,True
qb_006068,political,qb_006068__political,0.69173795,0.6483158469200134,0.2002118080854416,True
qb_006068,morality,qb_006068__morality,0.83752376,0.5243881940841675,0.20935401320457458,True
qb_006068,health_and_safety,qb_006068__health_and_safety,0.81784123,0.5955434441566467,0.18597231805324554,True
qb_018853,political,qb_018853__political,0.55342305,0.599892258644104,0.25235241651535034,True
qb_018853,public_sentiment,qb_018853__public_sentiment,0.7528789,0.6446752548217773,0.1748824119567871,True
qb_013242,political,qb_013242__political,0.6331759,0.3768845498561859,0.14768800139427185,True
qb_013242,capacity_and_resources,qb_013242__capacity_and_resources,0.82150257,0.38476404547691345,0.19246923923492432,True
qb_013242,public_sentiment,qb_013242__public_sentiment,0.667895,0.5450563430786133,0.2480355203151703,True
qb_013242,fairness_and_equality,qb_013242__fairness_and_equality,0.7367726,0.4318411350250244,0.18386104702949524,True
qb_012168,political,qb_012168__political,0.75146955,0.6139196157455444,0.19834968447685242,True
qb_012168,health_and_safety,qb_012168__health_and_safety,0.6877064,0.5102325081825256,0.1954275667667389,True
qb_012168,policy_prescription,qb_012168__policy_prescription,0.658211,0.3574337363243103,0.14027708768844604,True
qb_012168,security_and_defense,qb_012168__security_and_defense,0.6664393,0.4095633625984192,0.2531734108924866,True
qb_012168,public_sentiment,qb_012168__public_sentiment,0.7110989,0.5596013069152832,0.16182897984981537,True
qb_012715,security_and_defense,qb_012715__security_and_defense,0.59691215,0.555543839931488,0.18746867775917053,True
qb_012715,external_regulation,qb_012715__external_regulation,0.5901141,0.5738067030906677,0.18714025616645813,True
qb_012715,economic,qb_012715__economic,0.60914135,0.4928239583969116,0.16913065314292908,True
qb_012715,policy_prescription,qb_012715__policy_prescription,0.6786454,0.622340738773346,0.22445416450500488,True
qb_003839,health_and_safety,qb_003839__health_and_safety,0.7690109,0.5799048542976379,0.18284770846366882,True
qb_003839,political,qb_003839__political,0.72345036,0.5687185525894165,0.1979176104068756,True
qb_003839,policy_prescription,qb_003839__policy_prescription,0.82996464,0.5635288953781128,0.16946981847286224,True
qb_003839,external_regulation,qb_003839__external_regulation,0.74279296,0.4954060912132263,0.22237320244312286,True
qb_003839,capacity_and_resources,qb_003839__capacity_and_resources,0.8144306,0.5499573945999146,0.15140415728092194,True
qb_003839,fairness_and_equality,qb_003839__fairness_and_equality,0.70274514,0.5310879349708557,0.24452385306358337,True
qb_003839,security_and_defense,qb_003839__security_and_defense,0.67994624,0.5493239164352417,0.2505703568458557,True
qb_003839,crime_and_punishment,qb_003839__crime_and_punishment,0.58394206,0.4255661070346832,0.2658662796020508,True
qb_014049,legality_constitutionality,qb_014049__legality_constitutionality,0.65862674,0.5713445544242859,0.2080674171447754,True
qb_014049,political,qb_014049__political,0.6441096,0.5604069232940674,0.23055657744407654,True
qb_014049,public_sentiment,qb_014049__public_sentiment,0.7326548,0.5349330902099609,0.2679833471775055,True
qb_003499,external_regulation,qb_003499__external_regulation,0.7438295,0.6198506951332092,0.18695048987865448,True
qb_003499,capacity_and_resources,qb_003499__capacity_and_resources,0.65924776,0.6086229681968689,0.21424910426139832,True
qb_003499,health_and_safety,qb_003499__health_and_safety,0.7288486,0.56443852186203,0.16610005497932434,True
qb_003499,political,qb_003499__political,0.72463787,0.5424001812934875,0.2334986925125122,True
qb_010793,political,qb_010793__political,0.75586075,0.6580002903938293,0.25097692012786865,True
qb_010793,public_sentiment,qb_010793__public_sentiment,0.7261915,0.6514201164245605,0.2194301187992096,True
qb_012440,legality_constitutionality,qb_012440__legality_constitutionality,0.67772055,0.5939658284187317,0.20851817727088928,True
qb_012440,policy_prescription,qb_012440__policy_prescription,0.7332313,0.6159585118293762,0.15637661516666412,True
qb_012440,political,qb_012440__political,0.73812574,0.5281584858894348,0.2768300473690033,True
qb_012440,health_and_safety,qb_012440__health_and_safety,0.6907269,0.5726259350776672,0.2465476542711258,True
qb_019776,political,qb_019776__political,0.6656568,0.570309579372406,0.24296943843364716,True
qb_019776,public_sentiment,qb_019776__public_sentiment,0.58266586,0.5635508894920349,0.23458483815193176,True
qb_019776,crime_and_punishment,qb_019776__crime_and_punishment,0.63403434,0.5176187753677368,0.2301042526960373,True
qb_019776,policy_prescription,qb_019776__policy_prescription,0.64662635,0.39128577709198,0.23345036804676056,True
qb_019776,cultural_identity,qb_019776__cultural_identity,0.70243454,0.5963053107261658,0.2754629850387573,True
qb_000780,external_regulation,qb_000780__external_regulation,0.61143345,0.5924046635627747,0.14868097007274628,True
qb_000780,political,qb_000780__political,0.68054545,0.5637263655662537,0.22807057201862335,True
qb_000780,policy_prescription,qb_000780__policy_prescription,0.6172667,0.5848373770713806,0.32370179891586304,True
qb_000780,crime_and_punishment,qb_000780__crime_and_punishment,0.7031673,0.5814351439476013,0.19906894862651825,True
qb_000121,political,qb_000121__political,0.8021092,0.6345173120498657,0.27114081382751465,True
qb_000121,legality_constitutionality,qb_000121__legality_constitutionality,0.75707626,0.6604834794998169,0.235539510846138,True
qb_003648,security_and_defense,qb_003648__security_and_defense,0.7133585,0.537112832069397,0.22045953571796417,True
qb_003648,external_regulation,qb_003648__external_regulation,0.615806,0.48790502548217773,0.24639108777046204,True
qb_003648,policy_prescription,qb_003648__policy_prescription,0.6773877,0.5639752745628357,0.27782487869262695,True
qb_003648,political,qb_003648__political,0.6045165,0.5259848237037659,0.22027072310447693,True
qb_003648,public_sentiment,qb_003648__public_sentiment,0.6904401,0.5294386744499207,0.22103023529052734,True
qb_005102,health_and_safety,qb_005102__health_and_safety,0.6899319,0.5971571207046509,0.2689322829246521,True
qb_005102,policy_prescription,qb_005102__policy_prescription,0.75253165,0.5874379873275757,0.29276445508003235,True
qb_005102,capacity_and_resources,qb_005102__capacity_and_resources,0.6536941,0.4860069453716278,0.18521350622177124,True
qb_005102,quality_of_life,qb_005102__quality_of_life,0.74495006,0.5876054763793945,0.20286789536476135,True
qb_005102,public_sentiment,qb_005102__public_sentiment,0.86250657,0.5792388319969177,0.21493282914161682,True
qb_013504,political,qb_013504__political,0.76162803,0.4724448621273041,0.2578663229942322,True
qb_013504,security_and_defense,qb_013504__security_and_defense,0.6813545,0.46759915351867676,0.20083169639110565,True
qb_013504,legality_constitutionality,qb_013504__legality_constitutionality,0.75793576,0.4258298873901367,0.24340620636940002,True
qb_013504,external_regulation,qb_013504__external_regulation,0.7045497,0.4822193682193756,0.23132681846618652,True
qb_011054,security_and_defense,qb_011054__security_and_defense,0.69303095,0.6655365228652954,0.16779984533786774,True
qb_011054,external_regulation,qb_011054__external_regulation,0.70714945,0.6068201065063477,0.1468023806810379,True
qb_011054,political,qb_011054__political,0.60192287,0.45527029037475586,0.31757014989852905,True
qb_011054,capacity_and_resources,qb_011054__capacity_and_resources,0.61869633,0.5330380201339722,0.22025969624519348,True
qb_011054,policy_prescription,qb_011054__policy_prescription,0.61478585,0.45393282175064087,0.19084647297859192,True
qb_019567,political,qb_019567__political,0.78376126,,0.2750842571258545,False
qb_010589,legality_constitutionality,qb_010589__legality_constitutionality,0.75947773,0.5511166453361511,0.22343802452087402,True
qb_010589,fairness_and_equality,qb_010589__fairness_and_equality,0.5988234,0.5314608216285706,0.1780826449394226,True
qb_010589,policy_prescription,qb_010589__policy_prescription,0.6077844,0.6424967646598816,0.2373850792646408,True
qb_010589,cultural_identity,qb_010589__cultural_identity,0.70051336,0.6925399899482727,0.15987958014011383,True
qb_009115,health_and_safety,qb_009115__health_and_safety,0.63131124,0.4790574312210083,0.16096210479736328,True
qb_009115,capacity_and_resources,qb_009115__capacity_and_resources,0.6446228,0.5849164724349976,0.22822245955467224,True
qb_009115,public_sentiment,qb_009115__public_sentiment,0.7712678,0.561072826385498,0.23578736186027527,True
qb_015175,health_and_safety,qb_015175__health_and_safety,0.7249015,0.5439602136611938,0.22606897354125977,True
qb_015175,policy_prescription,qb_015175__policy_prescription,0.53102386,0.5601370930671692,0.2141827791929245,True
qb_015175,security_and_defense,qb_015175__security_and_defense,0.5819433,0.6000229716300964,0.18974211812019348,True
qb_015175,capacity_and_resources,qb_015175__capacity_and_resources,0.5802108,0.5719509124755859,0.19906719028949738,True
qb_012945,political,qb_012945__political,0.68377036,0.5437221527099609,0.23636078834533691,True
qb_012945,economic,qb_012945__economic,0.74085224,0.5964186191558838,0.2020806074142456,True
qb_012945,legality_constitutionality,qb_012945__legality_constitutionality,0.69725233,0.5853183269500732,0.23191753029823303,True
qb_012945,public_sentiment,qb_012945__public_sentiment,0.7044983,0.44930005073547363,0.2869402766227722,True
qb_007857,policy_prescription,qb_007857__policy_prescription,0.66446066,0.5184118151664734,0.24693766236305237,True
qb_007857,security_and_defense,qb_007857__security_and_defense,0.7135689,0.6013334393501282,0.20526853203773499,True
qb_007857,economic,qb_007857__economic,0.7001046,0.4729834794998169,0.1363496482372284,True
qb_007857,crime_and_punishment,qb_007857__crime_and_punishment,0.62557125,0.5157168507575989,0.26924797892570496,True
qb_003173,health_and_safety,qb_003173__health_and_safety,0.64611834,0.5966650247573853,0.21481862664222717,True
qb_003173,policy_prescription,qb_003173__policy_prescription,0.686802,0.5987052321434021,0.23018574714660645,True
qb_021216,political,qb_021216__political,0.62376046,0.5962193012237549,0.20553186535835266,True
qb_021216,policy_prescription,qb_021216__policy_prescription,0.63969874,0.5562737584114075,0.28001871705055237,True
qb_021216,public_sentiment,qb_021216__public_sentiment,0.80815303,0.6089448928833008,0.24495694041252136,True
qb_004969,morality,qb_004969__morality,0.6970016,0.5356529355049133,0.1874774992465973,True
qb_004969,security_and_defense,qb_004969__security_and_defense,0.6893489,0.6172405481338501,0.24191904067993164,True
qb_004969,political,qb_004969__political,0.61062586,0.5430036187171936,0.2535308301448822,True
qb_004969,external_regulation,qb_004969__external_regulation,0.76394665,0.5632882714271545,0.2641250491142273,True
qb_004969,policy_prescription,qb_004969__policy_prescription,0.66551906,0.6211034059524536,0.18241086602210999,True
qb_004969,capacity_and_resources,qb_004969__capacity_and_resources,0.70437086,0.5477270483970642,0.1825198084115982,True
qb_015409,political,qb_015409__political,0.74575186,0.5540845394134521,0.18694543838500977,True
qb_015409,capacity_and_resources,qb_015409__capacity_and_resources,0.7375823,0.664658784866333,0.1642836630344391,True
qb_015409,public_sentiment,qb_015409__public_sentiment,0.7228656,0.631203293800354,0.20574171841144562,True
qb_000503,political,qb_000503__political,0.77104914,0.45349082350730896,0.24908995628356934,True
qb_000503,capacity_and_resources,qb_000503__capacity_and_resources,0.725188,0.5370250940322876,0.1524636149406433,True
qb_000503,health_and_safety,qb_000503__health_and_safety,0.64872396,0.552868664264679,0.20313894748687744,True
qb_000503,policy_prescription,qb_000503__policy_prescription,0.7268051,0.5786240696907043,0.2214764654636383,True
qb_000503,quality_of_life,qb_000503__quality_of_life,0.69472206,0.5297977924346924,0.1679251343011856,True
qb_000503,public_sentiment,qb_000503__public_sentiment,0.77184457,0.5170091390609741,0.23305387794971466,True
qb_019809,political,qb_019809__political,0.770715,0.5494018793106079,0.16455140709877014,True
qb_019809,economic,qb_019809__economic,0.6881137,0.5403258204460144,0.2186439037322998,True
qb_019809,public_sentiment,qb_019809__public_sentiment,0.758981,0.5666568279266357,0.1944451630115509,True
qb_010527,health_and_safety,qb_010527__health_and_safety,0.60618794,0.4890776574611664,0.18598446249961853,True
qb_010527,economic,qb_010527__economic,0.7505339,0.548102617263794,0.09685738384723663,True
qb_010527,capacity_and_resources,qb_010527__capacity_and_resources,0.6992514,0.554686963558197,0.19919630885124207,True
qb_010527,quality_of_life,qb_010527__quality_of_life,0.7503752,0.6725238561630249,0.11546478420495987,True
qb_010527,morality,qb_010527__morality,0.77084976,0.649816632270813,0.19787390530109406,True
qb_020359,political,qb_020359__political,0.6441549,0.4571095407009125,0.22864985466003418,True
qb_020359,external_regulation,qb_020359__external_regulation,0.64829135,0.4799743890762329,0.2039634883403778,True
qb_020359,public_sentiment,qb_020359__public_sentiment,0.73722106,0.3948601186275482,0.16604752838611603,True
qb_020359,morality,qb_020359__morality,0.69727516,0.4637797176837921,0.24920654296875,True
qb_002440,legality_constitutionality,qb_002440__legality_constitutionality,0.7213819,0.551205039024353,0.18299785256385803,True
qb_002440,security_and_defense,qb_002440__security_and_defense,0.783232,0.6167173385620117,0.19050060212612152,True
qb_002440,crime_and_punishment,qb_002440__crime_and_punishment,0.7833256,0.6624906659126282,0.2594956159591675,True
qb_002440,political,qb_002440__political,0.76002634,0.5316498279571533,0.2316989004611969,True
qb_009831,economic,qb_009831__economic,0.78770006,0.5905076265335083,0.1920918971300125,True
qb_009831,health_and_safety,qb_009831__health_and_safety,0.78499746,0.5322423577308655,0.1983577460050583,True
qb_016615,policy_prescription,qb_016615__policy_prescription,0.6166613,0.6035082340240479,0.20425765216350555,True
qb_016615,political,qb_016615__political,0.7347504,0.5227250456809998,0.16990943253040314,True
qb_016615,economic,qb_016615__economic,0.72304934,0.5275721549987793,0.18904490768909454,True
qb_016615,legality_constitutionality,qb_016615__legality_constitutionality,0.67473805,0.5642533302307129,0.2674773633480072,True
qb_016615,public_sentiment,qb_016615__public_sentiment,0.8082254,0.5376759767532349,0.1703789234161377,True
qb_001947,public_sentiment,qb_001947__public_sentiment,0.8334696,0.5678961277008057,0.24074426293373108,True
qb_001947,health_and_safety,qb_001947__health_and_safety,0.62340474,0.4364143908023834,0.2377329170703888,True
qb_001947,political,qb_001947__political,0.8475497,0.38664472103118896,0.24295291304588318,True
qb_001947,capacity_and_resources,qb_001947__capacity_and_resources,0.8469793,0.4949030578136444,0.17060847580432892,True
qb_005833,external_regulation,qb_005833__external_regulation,0.70449495,0.5571308732032776,0.20530538260936737,True
qb_005833,economic,qb_005833__economic,0.6818573,0.5696666240692139,0.1977037489414215,True
qb_005833,security_and_defense,qb_005833__security_and_defense,0.6392216,0.5998818874359131,0.2317270040512085,True
qb_005833,political,qb_005833__political,0.6597549,0.5452505350112915,0.17616911232471466,True
qb_015123,political,qb_015123__political,0.8176565,0.6560045480728149,0.26191049814224243,True
qb_015123,policy_prescription,qb_015123__policy_prescription,0.7204696,0.6358692049980164,0.26005712151527405,True
qb_015123,security_and_defense,qb_015123__security_and_defense,0.64938796,0.6695418357849121,0.2289581596851349,True
qb_015123,economic,qb_015123__economic,0.662936,0.5536200404167175,0.21062405407428741,True
qb_010846,legality_constitutionality,qb_010846__legality_constitutionality,0.7230363,0.7336996793746948,0.20234432816505432,True
qb_010846,economic,qb_010846__economic,0.73171973,0.7300190925598145,0.19685164093971252,True
qb_010846,crime_and_punishment,qb_010846__crime_and_punishment,0.81714344,0.8003705739974976,0.21360421180725098,True
qb_014836,political,qb_014836__political,0.64061,0.5706948041915894,0.27364978194236755,True
qb_014836,morality,qb_014836__morality,0.7753633,0.5518180727958679,0.21412742137908936,True
qb_014836,legality_constitutionality,qb_014836__legality_constitutionality,0.6527707,0.5852233171463013,0.22781822085380554,True
qb_004566,security_and_defense,qb_004566__security_and_defense,0.7364475,0.6871170997619629,0.1257394701242447,True
qb_004566,policy_prescription,qb_004566__policy_prescription,0.66546965,0.6400496363639832,0.2156609296798706,True
qb_004566,health_and_safety,qb_004566__health_and_safety,0.62510717,0.5204018950462341,0.19408884644508362,True
qb_004566,political,qb_004566__political,0.6171567,0.5964486002922058,0.17259584367275238,True
qb_017579,economic,qb_017579__economic,0.6757936,0.48644909262657166,0.1845005750656128,True
qb_017579,policy_prescription,qb_017579__policy_prescription,0.7044612,0.4929622709751129,0.2435288429260254,True
qb_017579,capacity_and_resources,qb_017579__capacity_and_resources,0.6246755,0.4317607879638672,0.2612287104129791,True
qb_017579,political,qb_017579__political,0.7220987,0.4232247769832611,0.15590475499629974,True
qb_017579,fairness_and_equality,qb_017579__fairness_and_equality,0.7000127,0.5058993101119995,0.2015465497970581,True
qb_017579,health_and_safety,qb_017579__health_and_safety,0.6811689,0.48292773962020874,0.2150586098432541,True
qb_017579,quality_of_life,qb_017579__quality_of_life,0.568162,0.4994204640388489,0.21947379410266876,True
qb_008770,political,qb_008770__political,0.68291473,0.6644278764724731,0.21786952018737793,True
qb_008770,morality,qb_008770__morality,0.780079,0.554789662361145,0.19163814187049866,True
qb_008770,public_sentiment,qb_008770__public_sentiment,0.7416058,0.5891937017440796,0.21849003434181213,True
qb_018800,morality,qb_018800__morality,0.769717,0.5627351999282837,0.21708175539970398,True
qb_018800,political,qb_018800__political,0.708326,0.5572928786277771,0.267350971698761,True
qb_018800,public_sentiment,qb_018800__public_sentiment,0.67632705,0.5313634872436523,0.20567671954631805,True
qb_018800,policy_prescription,qb_018800__policy_prescription,0.700663,0.56817227602005,0.31718799471855164,True
qb_018800,crime_and_punishment,qb_018800__crime_and_punishment,0.628108,0.5447720885276794,0.2079658955335617,True
qb_018800,cultural_identity,qb_018800__cultural_identity,0.66305983,0.5261408090591431,0.17513923346996307,True
qb_018800,external_regulation,qb_018800__external_regulation,0.765126,0.5911954045295715,0.19029660522937775,True
qb_014829,economic,qb_014829__economic,0.6894372,0.6773738265037537,0.1295963078737259,True
qb_014829,political,qb_014829__political,0.7807436,0.6408720016479492,0.23829934000968933,True
qb_008804,security_and_defense,qb_008804__security_and_defense,0.66003495,0.616710901260376,0.23453664779663086,True
qb_008804,political,qb_008804__political,0.7893261,0.4366869628429413,0.20107805728912354,True
qb_008804,external_regulation,qb_008804__external_regulation,0.77826774,0.558999240398407,0.22523078322410583,True
qb_008804,capacity_and_resources,qb_008804__capacity_and_resources,0.7114414,0.5284748077392578,0.15917477011680603,True
qb_004485,political,qb_004485__political,0.71230894,0.7101404666900635,0.21307604014873505,True
qb_004485,public_sentiment,qb_004485__public_sentiment,0.80041873,0.6335933804512024,0.2532949149608612,True
qb_021126,political,qb_021126__political,0.6341895,0.5362535715103149,0.2573288381099701,True
qb_021126,legality_constitutionality,qb_021126__legality_constitutionality,0.7611464,0.5640864372253418,0.2110363245010376,True
qb_016339,health_and_safety,qb_016339__health_and_safety,0.6203717,0.6096821427345276,0.25883397459983826,True
qb_016339,capacity_and_resources,qb_016339__capacity_and_resources,0.77807045,0.6720951795578003,0.198349267244339,True
qb_020254,health_and_safety,qb_020254__health_and_safety,0.61530834,0.6147686839103699,0.1894427239894867,True
qb_020254,quality_of_life,qb_020254__quality_of_life,0.7739055,0.6836506724357605,0.2726594805717468,True
qb_020254,cultural_identity,qb_020254__cultural_identity,0.7483305,0.6250432729721069,0.16096368432044983,True
qb_020254,morality,qb_020254__morality,0.77537084,0.6986287236213684,0.1827266663312912,True
qb_020254,public_sentiment,qb_020254__public_sentiment,0.80068755,0.6692485213279724,0.18059004843235016,True
qb_001205,political,qb_001205__political,0.81679404,0.5880278944969177,0.20725028216838837,True
qb_001205,morality,qb_001205__morality,0.7595551,0.56351637840271,0.2705495059490204,True
qb_001205,security_and_defense,qb_001205__security_and_defense,0.70652294,0.5793508887290955,0.25491803884506226,True
qb_004139,legality_constitutionality,qb_004139__legality_constitutionality,0.7204513,0.6394945383071899,0.19700025022029877,True
qb_004139,political,qb_004139__political,0.5928074,0.5603172779083252,0.28983810544013977,True
qb_004139,crime_and_punishment,qb_004139__crime_and_punishment,0.67906475,0.5920995473861694,0.2434847056865692,True
qb_016733,external_regulation,qb_016733__external_regulation,0.6873139,0.5604561567306519,0.22291162610054016,True
qb_016733,policy_prescription,qb_016733__policy_prescription,0.7247009,0.5696984529495239,0.2075192928314209,True
qb_016733,security_and_defense,qb_016733__security_and_defense,0.7634008,0.7142712473869324,0.201405331492424,True
qb_016733,economic,qb_016733__economic,0.7115327,0.6223430633544922,0.22240038216114044,True
qb_016733,political,qb_016733__political,0.65283805,0.5935064554214478,0.3122573494911194,True
qb_018803,health_and_safety,qb_018803__health_and_safety,0.69917375,0.6076294779777527,0.17096908390522003,True
qb_018803,political,qb_018803__political,0.67632717,0.4903300404548645,0.25207194685935974,True
qb_018803,legality_constitutionality,qb_018803__legality_constitutionality,0.67769814,0.5856553912162781,0.15648145973682404,True
qb_002324,legality_constitutionality,qb_002324__legality_constitutionality,0.61189723,0.4036867022514343,0.23758181929588318,True
qb_002324,political,qb_002324__political,0.67769784,0.6014872789382935,0.23280367255210876,True
qb_002324,public_sentiment,qb_002324__public_sentiment,0.7670542,0.6141511797904968,0.18337127566337585,True
qb_016851,legality_constitutionality,qb_016851__legality_constitutionality,0.6261043,0.5782355070114136,0.11227874457836151,True
qb_016851,political,qb_016851__political,0.67701,0.56890469789505,0.23195192217826843,True
qb_016851,security_and_defense,qb_016851__security_and_defense,0.60905576,0.5657566785812378,0.19385530054569244,True
qb_015200,security_and_defense,qb_015200__security_and_defense,0.67081773,0.7020672559738159,0.16117537021636963,True
qb_015200,political,qb_015200__political,0.77207893,0.6443743705749512,0.18080082535743713,True
qb_015200,public_sentiment,qb_015200__public_sentiment,0.7339339,0.5310034155845642,0.18291524052619934,True
qb_000123,political,qb_000123__political,0.7880055,0.6703312993049622,0.23614344000816345,True
qb_000123,morality,qb_000123__morality,0.689741,0.732018232345581,0.22110509872436523,True
qb_008018,economic,qb_008018__economic,0.7564358,0.7442066073417664,0.15852904319763184,True
qb_008018,policy_prescription,qb_008018__policy_prescription,0.79607254,0.5159785747528076,0.19034942984580994,True
qb_008018,fairness_and_equality,qb_008018__fairness_and_equality,0.7079419,0.7802550196647644,0.206274151802063,True
qb_008018,political,qb_008018__political,0.73619986,0.5846508145332336,0.18307259678840637,True
qb_005148,economic,qb_005148__economic,0.6911699,0.6207833290100098,0.1861869990825653,True
qb_005148,policy_prescription,qb_005148__policy_prescription,0.74098945,0.5825710296630859,0.24099349975585938,True
qb_005148,quality_of_life,qb_005148__quality_of_life,0.6397058,0.6150850057601929,0.16170063614845276,True
qb_015900,economic,qb_015900__economic,0.7963203,0.7447500228881836,0.19685082137584686,True
qb_015900,policy_prescription,qb_015900__policy_prescription,0.7635134,0.6919881105422974,0.18414297699928284,True
qb_015900,political,qb_015900__political,0.69491136,0.5628577470779419,0.23672422766685486,True
qb_015900,external_regulation,qb_015900__external_regulation,0.6305624,0.6060234904289246,0.2695041298866272,True
qb_015900,capacity_and_resources,qb_015900__capacity_and_resources,0.78673995,0.6252247095108032,0.196851447224617,True
qb_015900,security_and_defense,qb_015900__security_and_defense,0.65187645,0.6322987079620361,0.21637597680091858,True
qb_018528,economic,qb_018528__economic,0.8027707,0.6382206678390503,0.13547742366790771,True
qb_018528,capacity_and_resources,qb_018528__capacity_and_resources,0.76508665,0.5561559200286865,0.1829439103603363,True
qb_018528,quality_of_life,qb_018528__quality_of_life,0.74249256,0.6081578135490417,0.1285991370677948,True
qb_018528,security_and_defense,qb_018528__security_and_defense,0.72648424,0.6023861169815063,0.1849810779094696,True
qb_018528,external_regulation,qb_018528__external_regulation,0.6288112,0.5889699459075928,0.1665310114622116,True
qb_012793,policy_prescription,qb_012793__policy_prescription,0.7746978,0.6969504952430725,0.188534215092659,True
qb_012793,security_and_defense,qb_012793__security_and_defense,0.7313839,0.6654014587402344,0.2686689496040344,True
qb_012793,political,qb_012793__political,0.7482738,0.6476329565048218,0.29462188482284546,True
qb_012793,economic,qb_012793__economic,0.71116966,0.6763899326324463,0.1740717589855194,True
qb_012793,cultural_identity,qb_012793__cultural_identity,0.8523942,0.6561557054519653,0.18023927509784698,True
qb_009238,policy_prescription,qb_009238__policy_prescription,0.7338582,0.6420540809631348,0.23550644516944885,True
qb_009238,crime_and_punishment,qb_009238__crime_and_punishment,0.8263251,0.6246943473815918,0.27875909209251404,True
qb_009238,political,qb_009238__political,0.7661878,0.4221673905849457,0.22029876708984375,True
qb_009238,legality_constitutionality,qb_009238__legality_constitutionality,0.7428632,0.6368772387504578,0.21983817219734192,True
qb_009238,cultural_identity,qb_009238__cultural_identity,0.80304563,0.5719736814498901,0.2112700492143631,True
qb_009238,public_sentiment,qb_009238__public_sentiment,0.6217571,0.5644280314445496,0.2602750360965729,True
qb_017702,political,qb_017702__political,0.7326468,0.6114169359207153,0.23126301169395447,True
qb_017702,public_sentiment,qb_017702__public_sentiment,0.66817564,0.6171659827232361,0.24353604018688202,True
qb_021135,political,qb_021135__political,0.7303219,0.657077431678772,0.1605370193719864,True
qb_021135,public_sentiment,qb_021135__public_sentiment,0.76983225,0.6614937782287598,0.2159799039363861,True
qb_021135,capacity_and_resources,qb_021135__capacity_and_resources,0.8026378,0.7157446146011353,0.21427443623542786,True
qb_011099,policy_prescription,qb_011099__policy_prescription,0.7137188,0.5848114490509033,0.24864506721496582,True
qb_011099,health_and_safety,qb_011099__health_and_safety,0.69039863,0.6770682334899902,0.17281903326511383,True
qb_011099,morality,qb_011099__morality,0.67362803,0.4999880790710449,0.30078360438346863,True
qb_011099,public_sentiment,qb_011099__public_sentiment,0.7132915,0.492292195558548,0.21187439560890198,True
qb_013526,legality_constitutionality,qb_013526__legality_constitutionality,0.64692867,0.4628678560256958,0.19578345119953156,True
qb_013526,political,qb_013526__political,0.74494785,0.46803486347198486,0.2583248019218445,True
qb_013526,policy_prescription,qb_013526__policy_prescription,0.6834132,0.460608571767807,0.1749744713306427,True
qb_013526,public_sentiment,qb_013526__public_sentiment,0.678961,0.4892265498638153,0.179269477725029,True
qb_020695,health_and_safety,qb_020695__health_and_safety,0.67665184,0.6858762502670288,0.24809157848358154,True
qb_020695,policy_prescription,qb_020695__policy_prescription,0.6022373,0.5180847644805908,0.2524464726448059,True
qb_020695,legality_constitutionality,qb_020695__legality_constitutionality,0.6789223,0.4683046340942383,0.21683725714683533,True
qb_020695,political,qb_020695__political,0.79581296,0.5696123838424683,0.27773457765579224,True
qb_020695,economic,qb_020695__economic,0.800609,0.5433862209320068,0.2565446197986603,True
qb_018504,security_and_defense,qb_018504__security_and_defense,0.80312014,0.6905357241630554,0.29103782773017883,True
qb_018504,policy_prescription,qb_018504__policy_prescription,0.74429166,0.642239511013031,0.3076363205909729,True
qb_018504,political,qb_018504__political,0.71256125,0.5451198220252991,0.2686004042625427,True
qb_018504,crime_and_punishment,qb_018504__crime_and_punishment,0.62204385,0.7044618129730225,0.2834629714488983,True
qb_000580,economic,qb_000580__economic,0.6478069,0.6947725415229797,0.2073073387145996,True
qb_000580,quality_of_life,qb_000580__quality_of_life,0.63913137,0.5381912589073181,0.17505665123462677,True
qb_021027,health_and_safety,qb_021027__health_and_safety,0.69123065,0.6583150625228882,0.18650445342063904,True
qb_021027,public_sentiment,qb_021027__public_sentiment,0.6586834,0.5733234286308289,0.24474044144153595,True
qb_021027,policy_prescription,qb_021027__policy_prescription,0.6819856,0.5699598789215088,0.20850920677185059,True
qb_021027,capacity_and_resources,qb_021027__capacity_and_resources,0.6749242,0.6081864237785339,0.1815417855978012,True
qb_021027,political,qb_021027__political,0.6908102,0.5754880905151367,0.2546834945678711,True
qb_000980,policy_prescription,qb_000980__policy_prescription,0.77016556,0.7485931515693665,0.23100093007087708,True
qb_000980,legality_constitutionality,qb_000980__legality_constitutionality,0.8063239,0.7553763389587402,0.2522302269935608,True
qb_000980,political,qb_000980__political,0.6088298,0.6182317733764648,0.2235148847103119,True
qb_000980,security_and_defense,qb_000980__security_and_defense,0.8965848,0.6547504663467407,0.22379222512245178,True
qb_010329,policy_prescription,qb_010329__policy_prescription,0.68543714,0.5877342820167542,0.1892586201429367,True
qb_010329,health_and_safety,qb_010329__health_and_safety,0.8129343,0.631990909576416,0.18211717903614044,True
qb_010329,capacity_and_resources,qb_010329__capacity_and_resources,0.7022935,0.641165554523468,0.23112721741199493,True
qb_010329,quality_of_life,qb_010329__quality_of_life,0.72946507,0.729388415813446,0.195262148976326,True
qb_019098,political,qb_019098__political,0.74505293,0.6087654829025269,0.30686742067337036,True
qb_019098,capacity_and_resources,qb_019098__capacity_and_resources,0.6537173,0.4231998920440674,0.15335865318775177,True
qb_019098,public_sentiment,qb_019098__public_sentiment,0.77583426,0.6136058568954468,0.21509487926959991,True
qb_019098,cultural_identity,qb_019098__cultural_identity,0.80723536,0.6228312253952026,0.1800011694431305,True
qb_019098,economic,qb_019098__economic,0.7762098,0.5665593147277832,0.27015501260757446,True
qb_010281,political,qb_010281__political,0.73541707,0.4491463303565979,0.2322274148464203,True
qb_010281,external_regulation,qb_010281__external_regulation,0.6525825,0.5804401636123657,0.1996314972639084,True
qb_010281,economic,qb_010281__economic,0.7594527,0.5011366605758667,0.2415301352739334,True
qb_010281,public_sentiment,qb_010281__public_sentiment,0.8036206,0.5461544990539551,0.2278856784105301,True
qb_010281,policy_prescription,qb_010281__policy_prescription,0.75869423,0.5136702060699463,0.22723045945167542,True
qb_018537,political,qb_018537__political,0.8121613,0.5308431386947632,0.2948097288608551,True
qb_018537,morality,qb_018537__morality,0.73308694,0.557126522064209,0.23828430473804474,True
qb_018537,public_sentiment,qb_018537__public_sentiment,0.68623984,0.43911212682724,0.24376225471496582,True
qb_018537,policy_prescription,qb_018537__policy_prescription,0.7239714,0.4819633960723877,0.23914989829063416,True
qb_018537,fairness_and_equality,qb_018537__fairness_and_equality,0.7679343,0.5756320953369141,0.21656087040901184,True
qb_006084,quality_of_life,qb_006084__quality_of_life,0.70487034,0.5138859748840332,0.21602439880371094,True
qb_006084,public_sentiment,qb_006084__public_sentiment,0.77059233,0.5493412017822266,0.24528726935386658,True
qb_003439,policy_prescription,qb_003439__policy_prescription,0.6868105,0.5464867949485779,0.22531366348266602,True
qb_003439,political,qb_003439__political,0.605914,0.42481449246406555,0.29922014474868774,True
qb_003439,security_and_defense,qb_003439__security_and_defense,0.6788291,0.6508997082710266,0.2612786293029785,True
qb_003439,public_sentiment,qb_003439__public_sentiment,0.71880186,0.5117368102073669,0.23486599326133728,True
qb_000312,policy_prescription,qb_000312__policy_prescription,0.80225563,0.6015099883079529,0.2804787755012512,True
qb_000312,economic,qb_000312__economic,0.656958,0.6111928820610046,0.14954647421836853,True
qb_000312,political,qb_000312__political,0.6994984,0.5641461610794067,0.2635045647621155,True
qb_000312,health_and_safety,qb_000312__health_and_safety,0.7939214,0.6429176926612854,0.2871292233467102,True
qb_018239,political,qb_018239__political,0.7869289,0.4240744709968567,0.20633140206336975,True
qb_018239,security_and_defense,qb_018239__security_and_defense,0.6792321,0.41065096855163574,0.26166874170303345,True
qb_018239,cultural_identity,qb_018239__cultural_identity,0.63657475,0.4128625690937042,0.24464884400367737,True
qb_018239,morality,qb_018239__morality,0.6807262,0.4913276731967926,0.29048988223075867,True
qb_018239,crime_and_punishment,qb_018239__crime_and_punishment,0.68686336,0.4504372477531433,0.23517301678657532,True
qb_006507,fairness_and_equality,qb_006507__fairness_and_equality,0.6535738,0.5888136625289917,0.20836083590984344,True
qb_006507,public_sentiment,qb_006507__public_sentiment,0.6858269,0.5820525884628296,0.2380400151014328,True
qb_006507,political,qb_006507__political,0.639341,0.5792438387870789,0.25250083208084106,True
qb_006507,economic,qb_006507__economic,0.7539791,0.5002703666687012,0.18108400702476501,True
qb_006507,policy_prescription,qb_006507__policy_prescription,0.7207718,0.5079847574234009,0.205238938331604,True
qb_006752,policy_prescription,qb_006752__policy_prescription,0.6939098,0.6355279684066772,0.26069894433021545,True
qb_006752,security_and_defense,qb_006752__security_and_defense,0.7815497,0.6485244631767273,0.22586782276630402,True
qb_006752,political,qb_006752__political,0.80313694,0.6170463562011719,0.27482739090919495,True
qb_006752,crime_and_punishment,qb_006752__crime_and_punishment,0.69179934,0.644164502620697,0.2605183720588684,True
qb_006752,legality_constitutionality,qb_006752__legality_constitutionality,0.77238137,0.6541157364845276,0.29231318831443787,True
qb_006752,public_sentiment,qb_006752__public_sentiment,0.8264934,0.5801965594291687,0.2012823522090912,True
qb_008173,crime_and_punishment,qb_008173__crime_and_punishment,0.7052662,0.4879632592201233,0.14977413415908813,True
qb_008173,security_and_defense,qb_008173__security_and_defense,0.6289868,0.4903995394706726,0.1642531156539917,True
qb_008173,health_and_safety,qb_008173__health_and_safety,0.79821503,0.5740494728088379,0.17163781821727753,True
qb_009775,economic,qb_009775__economic,0.5846245,0.6185170412063599,0.2269231081008911,True
qb_009775,capacity_and_resources,qb_009775__capacity_and_resources,0.7496704,0.5275832414627075,0.15429654717445374,True
qb_001153,political,qb_001153__political,0.7728059,0.6793478727340698,0.25169339776039124,True
qb_001153,legality_constitutionality,qb_001153__legality_constitutionality,0.71018213,0.6251763701438904,0.19119906425476074,True
qb_001153,morality,qb_001153__morality,0.819976,0.7191373109817505,0.1807941198348999,True
qb_001153,crime_and_punishment,qb_001153__crime_and_punishment,0.7651599,0.7233352065086365,0.19138845801353455,True
qb_001153,cultural_identity,qb_001153__cultural_identity,0.7383629,0.7688384056091309,0.20497560501098633,True
qb_001153,public_sentiment,qb_001153__public_sentiment,0.794384,0.6888348460197449,0.29951533675193787,True
qb_001047,legality_constitutionality,qb_001047__legality_constitutionality,0.6437481,0.47290322184562683,0.22167277336120605,True
qb_001047,political,qb_001047__political,0.72142416,0.5429461598396301,0.3044542372226715,True
qb_001047,policy_prescription,qb_001047__policy_prescription,0.65414155,0.5671172142028809,0.19662709534168243,True
qb_001047,security_and_defense,qb_001047__security_and_defense,0.7170832,0.5717529654502869,0.2214706391096115,True
qb_012994,health_and_safety,qb_012994__health_and_safety,0.6675337,0.4987303614616394,0.23041971027851105,True
qb_012994,policy_prescription,qb_012994__policy_prescription,0.5640093,0.49353188276290894,0.20901913940906525,True
qb_012994,capacity_and_resources,qb_012994__capacity_and_resources,0.66309154,0.43054676055908203,0.18722915649414062,True
qb_012994,economic,qb_012994__economic,0.59627295,0.5195413827896118,0.2753834128379822,True
qb_012994,quality_of_life,qb_012994__quality_of_life,0.78068626,0.5568521022796631,0.2039409577846527,True
qb_012994,external_regulation,qb_012994__external_regulation,0.6722152,0.4199405312538147,0.16511186957359314,True
qb_018483,health_and_safety,qb_018483__health_and_safety,0.6224146,0.5463310480117798,0.2661001980304718,True
qb_018483,policy_prescription,qb_018483__policy_prescription,0.685411,0.6446703672409058,0.24564877152442932,True
qb_018483,capacity_and_resources,qb_018483__capacity_and_resources,0.6714816,0.47761285305023193,0.2150074541568756,True
qb_001405,external_regulation,qb_001405__external_regulation,0.72070885,0.5957984328269958,0.21559838950634003,True
qb_001405,security_and_defense,qb_001405__security_and_defense,0.69610494,0.542595624923706,0.2209070473909378,True
qb_001405,political,qb_001405__political,0.688398,0.5463361144065857,0.1936790645122528,True
qb_001405,policy_prescription,qb_001405__policy_prescription,0.686383,0.540533185005188,0.13980500400066376,True
qb_001405,morality,qb_001405__morality,0.66706306,0.4980648159980774,0.14343947172164917,True
qb_000946,policy_prescription,qb_000946__policy_prescription,0.767074,0.6949784159660339,0.1875552535057068,True
qb_000946,political,qb_000946__political,0.6524346,0.6074878573417664,0.2181544303894043,True
qb_000946,economic,qb_000946__economic,0.660933,0.5449570417404175,0.20456676185131073,True
qb_000946,quality_of_life,qb_000946__quality_of_life,0.6538789,0.5680001974105835,0.21879804134368896,True
qb_003792,political,qb_003792__political,0.67801857,0.5630655288696289,0.3386506140232086,True
qb_003792,public_sentiment,qb_003792__public_sentiment,0.70422894,0.5498669147491455,0.18071569502353668,True
qb_004238,economic,qb_004238__economic,0.7083092,0.6453918218612671,0.26956653594970703,True
qb_004238,external_regulation,qb_004238__external_regulation,0.7678131,0.6592857837677002,0.2722914516925812,True
qb_004238,policy_prescription,qb_004238__policy_prescription,0.61469865,0.5572083592414856,0.2506742775440216,True
qb_004238,political,qb_004238__political,0.6965655,0.5301298499107361,0.24440345168113708,True
qb_002283,political,qb_002283__political,0.6184195,,0.16090650856494904,False
qb_016898,economic,qb_016898__economic,0.51970655,0.38725531101226807,0.10351411253213882,True
qb_016898,policy_prescription,qb_016898__policy_prescription,0.6108614,0.5338141918182373,0.15426352620124817,True
qb_016898,quality_of_life,qb_016898__quality_of_life,0.69939065,0.4437572956085205,0.12907512485980988,True
qb_016898,public_sentiment,qb_016898__public_sentiment,0.7041731,0.46556219458580017,0.21665513515472412,True
qb_015874,political,qb_015874__political,0.6843703,0.6127557754516602,0.34613651037216187,True
qb_015874,policy_prescription,qb_015874__policy_prescription,0.76423573,0.6175938248634338,0.30931076407432556,True
qb_015874,legality_constitutionality,qb_015874__legality_constitutionality,0.7016582,0.5128904581069946,0.2657126486301422,True
qb_015874,public_sentiment,qb_015874__public_sentiment,0.7830243,0.5897767543792725,0.2382005751132965,True
qb_015874,fairness_and_equality,qb_015874__fairness_and_equality,0.54131097,0.5015491247177124,0.2427653968334198,True
qb_008486,health_and_safety,qb_008486__health_and_safety,0.7193951,,0.21164445579051971,False
qb_012164,crime_and_punishment,qb_012164__crime_and_punishment,0.71773577,0.4897828996181488,0.26798903942108154,True
qb_012164,political,qb_012164__political,0.7466153,0.5302882790565491,0.3193401098251343,True
qb_012164,legality_constitutionality,qb_012164__legality_constitutionality,0.55350506,0.7079446911811829,0.18193212151527405,True
qb_012164,cultural_identity,qb_012164__cultural_identity,0.67782295,0.44313132762908936,0.23424962162971497,True
qb_009145,external_regulation,qb_009145__external_regulation,0.71793705,0.6142995953559875,0.20248758792877197,True
qb_009145,political,qb_009145__political,0.773746,0.5686105489730835,0.1849995106458664,True
qb_009145,economic,qb_009145__economic,0.7616559,0.6196901202201843,0.2265394628047943,True
qb_009145,security_and_defense,qb_009145__security_and_defense,0.73817277,0.5984176397323608,0.19696703553199768,True
qb_009145,cultural_identity,qb_009145__cultural_identity,0.7536475,0.5784543752670288,0.21913814544677734,True
qb_009145,legality_constitutionality,qb_009145__legality_constitutionality,0.7379869,0.5970911979675293,0.16000886261463165,True
qb_009145,public_sentiment,qb_009145__public_sentiment,0.83019525,0.5608755350112915,0.1697118878364563,True
qb_010649,political,qb_010649__political,0.5948586,0.5405282974243164,0.18391968309879303,True
qb_010649,morality,qb_010649__morality,0.8468208,0.5340949892997742,0.13372981548309326,True
qb_010649,public_sentiment,qb_010649__public_sentiment,0.7362319,0.5660352110862732,0.1491028368473053,True
qb_010649,security_and_defense,qb_010649__security_and_defense,0.7933339,0.6209503412246704,0.15878593921661377,True
qb_010649,cultural_identity,qb_010649__cultural_identity,0.77937245,0.627827525138855,0.1683986783027649,True
qb_010649,external_regulation,qb_010649__external_regulation,0.7665354,0.6078022122383118,0.2487718164920807,True
qb_010649,capacity_and_resources,qb_010649__capacity_and_resources,0.8042686,0.5809231996536255,0.17601703107357025,True
qb_014822,external_regulation,qb_014822__external_regulation,0.72747314,0.7634449005126953,0.2778591811656952,True
qb_014822,political,qb_014822__political,0.7650488,0.7472763657569885,0.31712478399276733,True
qb_014822,security_and_defense,qb_014822__security_and_defense,0.80559206,0.7254137396812439,0.21472926437854767,True
qb_014822,public_sentiment,qb_014822__public_sentiment,0.77395713,0.7405865788459778,0.28027471899986267,True
qb_008960,economic,qb_008960__economic,0.6815471,0.608941912651062,0.252275675535202,True
qb_008960,public_sentiment,qb_008960__public_sentiment,0.7312394,0.6156603693962097,0.18785138428211212,True
qb_019157,political,qb_019157__political,0.70910823,0.6087539792060852,0.25969433784484863,True
qb_019157,economic,qb_019157__economic,0.6939078,0.6689835786819458,0.20509739220142365,True
qb_019157,fairness_and_equality,qb_019157__fairness_and_equality,0.72483623,0.6266607046127319,0.2280043363571167,True
qb_009891,security_and_defense,qb_009891__security_and_defense,0.62901455,0.3470889925956726,0.17846810817718506,True
qb_009891,political,qb_009891__political,0.64821935,0.33366864919662476,0.2298661172389984,True
qb_017128,legality_constitutionality,qb_017128__legality_constitutionality,0.5736538,0.6331619024276733,0.2265063226222992,True
qb_017128,political,qb_017128__political,0.7492293,0.5888544917106628,0.26128774881362915,True
qb_017128,fairness_and_equality,qb_017128__fairness_and_equality,0.730168,0.6261551380157471,0.28342562913894653,True
qb_010213,health_and_safety,qb_010213__health_and_safety,0.55065924,0.5461101531982422,0.1665753871202469,True
qb_010213,political,qb_010213__political,0.62671816,0.5445629954338074,0.23602275550365448,True
qb_010213,policy_prescription,qb_010213__policy_prescription,0.65316135,0.5101432204246521,0.14321482181549072,True
qb_010213,legality_constitutionality,qb_010213__legality_constitutionality,0.6862726,0.5676741600036621,0.22672100365161896,True
qb_012083,economic,qb_012083__economic,0.642905,0.41697415709495544,0.13129016757011414,True
qb_012083,policy_prescription,qb_012083__policy_prescription,0.63846666,0.46382394433021545,0.21181413531303406,True
qb_012083,political,qb_012083__political,0.7325379,0.47864747047424316,0.19114628434181213,True
qb_012083,capacity_and_resources,qb_012083__capacity_and_resources,0.7563975,0.3718472719192505,0.2326507270336151,True
qb_008159,economic,qb_008159__economic,0.7414699,0.7154104709625244,0.205068901181221,True
qb_008159,external_regulation,qb_008159__external_regulation,0.7807127,0.7095632553100586,0.23579256236553192,True
qb_008159,political,qb_008159__political,0.72302616,0.6369408965110779,0.20631380379199982,True
qb_008159,capacity_and_resources,qb_008159__capacity_and_resources,0.7569882,0.7558441758155823,0.2650339603424072,True
qb_017540,economic,qb_017540__economic,0.8289351,,0.19282661378383636,False
qb_018217,political,qb_018217__political,0.75681925,0.6319108009338379,0.1904529631137848,True
qb_018217,cultural_identity,qb_018217__cultural_identity,0.7196234,0.563562273979187,0.19767221808433533,True
qb_018217,public_sentiment,qb_018217__public_sentiment,0.6660865,0.6230189800262451,0.2051999866962433,True
qb_003949,political,qb_003949__political,0.6944528,0.6173728704452515,0.36750760674476624,True
qb_003949,public_sentiment,qb_003949__public_sentiment,0.738954,0.5610123872756958,0.18951229751110077,True
qb_006529,legality_constitutionality,qb_006529__legality_constitutionality,0.7743465,0.6337607502937317,0.18524818122386932,True
qb_006529,crime_and_punishment,qb_006529__crime_and_punishment,0.75697905,0.648586630821228,0.24651429057121277,True
qb_006529,political,qb_006529__political,0.6900049,0.47370341420173645,0.1945926696062088,True
qb_006529,economic,qb_006529__economic,0.7730592,0.6237755417823792,0.19383667409420013,True
qb_011246,political,qb_011246__political,0.75170475,0.36486661434173584,0.22248384356498718,True
qb_011246,economic,qb_011246__economic,0.5900542,0.5195118188858032,0.16709724068641663,True
qb_011246,morality,qb_011246__morality,0.80195,0.41101890802383423,0.19260115921497345,True
qb_001810,political,qb_001810__political,0.8577459,0.49904900789260864,0.14528687298297882,True
qb_001810,morality,qb_001810__morality,0.84586036,0.5843393206596375,0.18673351407051086,True
qb_001810,public_sentiment,qb_001810__public_sentiment,0.7583979,0.537388801574707,0.23154275119304657,True
qb_001810,security_and_defense,qb_001810__security_and_defense,0.81081843,0.6359313726425171,0.1665872037410736,True
qb_001810,health_and_safety,qb_001810__health_and_safety,0.8338754,0.50428307056427,0.1952524185180664,True
qb_001810,economic,qb_001810__economic,0.83736956,0.5962275266647339,0.2196873426437378,True
qb_001810,quality_of_life,qb_001810__quality_of_life,0.8317725,0.6248335838317871,0.20041951537132263,True
qb_021049,political,qb_021049__political,0.7826636,0.51314377784729,0.27223584055900574,True
qb_021049,health_and_safety,qb_021049__health_and_safety,0.6055633,0.484142929315567,0.20711413025856018,True
qb_021049,public_sentiment,qb_021049__public_sentiment,0.7861458,0.5014104247093201,0.2805399000644684,True
qb_021049,policy_prescription,qb_021049__policy_prescription,0.65459144,0.5667239427566528,0.2524243891239166,True
qb_021049,capacity_and_resources,qb_021049__capacity_and_resources,0.76866484,0.4252282977104187,0.21817222237586975,True
qb_021300,political,qb_021300__political,0.71471035,0.5761715769767761,0.2276899814605713,True
qb_021300,capacity_and_resources,qb_021300__capacity_and_resources,0.76881194,0.6121281981468201,0.1832427829504013,True
qb_021300,health_and_safety,qb_021300__health_and_safety,0.73289037,0.6614783406257629,0.1742725372314453,True
qb_021300,policy_prescription,qb_021300__policy_prescription,0.7554387,0.684243381023407,0.21141929924488068,True
qb_011243,capacity_and_resources,qb_011243__capacity_and_resources,0.68510044,0.5249742865562439,0.23050598800182343,True
qb_011243,economic,qb_011243__economic,0.657192,0.5487274527549744,0.19061626493930817,True
qb_011243,quality_of_life,qb_011243__quality_of_life,0.6643106,0.527012050151825,0.14142589271068573,True
qb_011243,security_and_defense,qb_011243__security_and_defense,0.79873085,0.6260533928871155,0.24179017543792725,True
qb_005233,legality_constitutionality,qb_005233__legality_constitutionality,0.78477013,0.6673178672790527,0.22516286373138428,True
qb_005233,health_and_safety,qb_005233__health_and_safety,0.74606663,0.7289133071899414,0.20453080534934998,True
qb_005233,political,qb_005233__political,0.76481175,0.5161409974098206,0.22582240402698517,True
qb_005233,capacity_and_resources,qb_005233__capacity_and_resources,0.7991278,0.6189634799957275,0.20343413949012756,True
qb_020958,cultural_identity,qb_020958__cultural_identity,0.7469158,0.7110000252723694,0.16007237136363983,True
qb_020958,public_sentiment,qb_020958__public_sentiment,0.7516163,0.7047813534736633,0.23361018300056458,True
qb_020958,political,qb_020958__political,0.7481928,0.6293362975120544,0.2639463543891907,True
qb_020958,security_and_defense,qb_020958__security_and_defense,0.6980729,0.47759732604026794,0.18685834109783173,True
qb_001914,policy_prescription,qb_001914__policy_prescription,0.6814037,0.5919796824455261,0.19888657331466675,True
qb_001914,crime_and_punishment,qb_001914__crime_and_punishment,0.7139099,0.573517382144928,0.22216153144836426,True
qb_001914,political,qb_001914__political,0.6288998,0.4838854670524597,0.23408861458301544,True
qb_001914,public_sentiment,qb_001914__public_sentiment,0.710819,0.5678683519363403,0.27817124128341675,True
qb_001914,fairness_and_equality,qb_001914__fairness_and_equality,0.748924,0.5771239995956421,0.23029565811157227,True
qb_010980,security_and_defense,qb_010980__security_and_defense,0.720611,0.6664168834686279,0.21756219863891602,True
qb_010980,political,qb_010980__political,0.74063754,0.6429319977760315,0.25096264481544495,True
qb_016117,political,qb_016117__political,0.7712352,0.6730583906173706,0.2203987091779709,True
qb_016117,policy_prescription,qb_016117__policy_prescription,0.6810508,0.43655550479888916,0.2138001173734665,True
qb_016117,external_regulation,qb_016117__external_regulation,0.8361656,0.603631854057312,0.25069254636764526,True
qb_016117,cultural_identity,qb_016117__cultural_identity,0.78577083,0.6718895435333252,0.24022284150123596,True
qb_016117,public_sentiment,qb_016117__public_sentiment,0.91243297,0.6811032891273499,0.2432411015033722,True
qb_014689,political,qb_014689__political,0.5330444,0.40223851799964905,0.19700844585895538,True
qb_014689,policy_prescription,qb_014689__policy_prescription,0.7372434,0.5494903922080994,0.27697980403900146,True
qb_014689,legality_constitutionality,qb_014689__legality_constitutionality,0.7251551,0.5395165681838989,0.27301225066185,True
qb_014689,economic,qb_014689__economic,0.5169279,0.3869333565235138,0.23009634017944336,True
qb_002304,policy_prescription,qb_002304__policy_prescription,0.6771178,0.5912300944328308,0.18692521750926971,True
qb_002304,cultural_identity,qb_002304__cultural_identity,0.79576707,0.6314101219177246,0.2623169422149658,True
qb_002304,public_sentiment,qb_002304__public_sentiment,0.79444945,0.6982330679893494,0.23625576496124268,True
qb_002304,political,qb_002304__political,0.76939964,0.6147683262825012,0.26249146461486816,True
qb_020811,security_and_defense,qb_020811__security_and_defense,0.7063943,0.6220342516899109,0.2504899203777313,True
qb_020811,political,qb_020811__political,0.79195964,0.6008437275886536,0.25934651494026184,True
qb_020811,external_regulation,qb_020811__external_regulation,0.75102174,0.6616634726524353,0.252070814371109,True
qb_020811,policy_prescription,qb_020811__policy_prescription,0.758354,0.6921363472938538,0.26025667786598206,True
qb_017798,political,qb_017798__political,0.7151444,0.6594586372375488,0.26620206236839294,True
qb_017798,legality_constitutionality,qb_017798__legality_constitutionality,0.722527,0.5291875600814819,0.22807610034942627,True
qb_017798,crime_and_punishment,qb_017798__crime_and_punishment,0.69212604,0.5529362559318542,0.18782326579093933,True
qb_017798,security_and_defense,qb_017798__security_and_defense,0.6095552,0.4887380003929138,0.18659821152687073,True
qb_017798,public_sentiment,qb_017798__public_sentiment,0.7256229,0.5069303512573242,0.19478049874305725,True
qb_016363,economic,qb_016363__economic,0.651863,0.5346570611000061,0.14672473073005676,True
qb_016363,policy_prescription,qb_016363__policy_prescription,0.72481835,0.6076228618621826,0.21211233735084534,True
qb_016363,political,qb_016363__political,0.682294,0.5918300747871399,0.25357523560523987,True
qb_016363,fairness_and_equality,qb_016363__fairness_and_equality,0.82389796,0.5946074724197388,0.22003702819347382,True
qb_021566,public_sentiment,qb_021566__public_sentiment,0.69306326,0.5572383403778076,0.1900215893983841,True
qb_021566,health_and_safety,qb_021566__health_and_safety,0.74691033,0.5888805389404297,0.22739346325397491,True
qb_021566,policy_prescription,qb_021566__policy_prescription,0.7000585,0.5155088901519775,0.24600684642791748,True
qb_004962,legality_constitutionality,qb_004962__legality_constitutionality,0.67547,0.4595268666744232,0.17105308175086975,True
qb_004962,political,qb_004962__political,0.6587628,0.4271869659423828,0.28162890672683716,True
qb_011691,cultural_identity,qb_011691__cultural_identity,0.8012326,0.6049039959907532,0.20496389269828796,True
qb_011691,political,qb_011691__political,0.71015304,0.5589584708213806,0.24915187060832977,True
qb_011691,fairness_and_equality,qb_011691__fairness_and_equality,0.75039077,0.6146713495254517,0.18822407722473145,True
qb_011691,legality_constitutionality,qb_011691__legality_constitutionality,0.59929943,0.5572360157966614,0.16704703867435455,True
qb_011691,public_sentiment,qb_011691__public_sentiment,0.67870414,0.5039175748825073,0.24456138908863068,True
qb_011691,policy_prescription,qb_011691__policy_prescription,0.77456725,0.5613124370574951,0.18096908926963806,True
qb_001055,public_sentiment,qb_001055__public_sentiment,0.7493092,0.5332936644554138,0.15055304765701294,True
qb_001055,cultural_identity,qb_001055__cultural_identity,0.84849966,0.6707196831703186,0.16566681861877441,True
qb_001055,fairness_and_equality,qb_001055__fairness_and_equality,0.7884002,0.5399560928344727,0.20820252597332,True
qb_001055,morality,qb_001055__morality,0.6573484,0.6054227352142334,0.17788943648338318,True
qb_006935,political,qb_006935__political,0.71327406,,0.2362707555294037,False
qb_000833,security_and_defense,qb_000833__security_and_defense,0.6555334,0.6469905972480774,0.1575395166873932,True
qb_000833,capacity_and_resources,qb_000833__capacity_and_resources,0.78528625,0.5906383395195007,0.2050573080778122,True
qb_000833,health_and_safety,qb_000833__health_and_safety,0.7057626,0.6151472926139832,0.13690288364887238,True
qb_000833,political,qb_000833__political,0.74856144,0.573805570602417,0.18821510672569275,True
qb_021510,external_regulation,qb_021510__external_regulation,0.76385874,0.47209465503692627,0.2800385653972626,True
qb_021510,political,qb_021510__political,0.5994767,0.5746768712997437,0.26065585017204285,True
qb_021510,public_sentiment,qb_021510__public_sentiment,0.8258836,0.5234885215759277,0.31604743003845215,True
qb_016953,legality_constitutionality,qb_016953__legality_constitutionality,0.7109835,0.6774613261222839,0.2462788075208664,True
qb_016953,political,qb_016953__political,0.69627607,0.46705272793769836,0.24168768525123596,True
qb_016953,health_and_safety,qb_016953__health_and_safety,0.62516534,0.5395171046257019,0.2046092301607132,True
qb_016953,policy_prescription,qb_016953__policy_prescription,0.69869494,0.5075938105583191,0.2047812044620514,True
qb_003961,political,qb_003961__political,0.70030975,0.5614629983901978,0.1834869682788849,True
qb_003961,cultural_identity,qb_003961__cultural_identity,0.6298394,0.5891520977020264,0.21947281062602997,True
qb_003961,public_sentiment,qb_003961__public_sentiment,0.8086419,0.5568314790725708,0.30247965455055237,True
qb_003961,fairness_and_equality,qb_003961__fairness_and_equality,0.6342646,0.497219979763031,0.22317537665367126,True
qb_003961,morality,qb_003961__morality,0.7212302,0.5252372622489929,0.24263222515583038,True
qb_020761,legality_constitutionality,qb_020761__legality_constitutionality,0.6046897,0.3713897466659546,0.24789831042289734,True
qb_020761,morality,qb_020761__morality,0.70016944,0.47044914960861206,0.3090302348136902,True
qb_020761,political,qb_020761__political,0.7501798,0.4695318937301636,0.28556349873542786,True
qb_020761,public_sentiment,qb_020761__public_sentiment,0.6764067,0.5136502981185913,0.24796943366527557,True
qb_020761,cultural_identity,qb_020761__cultural_identity,0.83249485,0.5727465152740479,0.21630096435546875,True
qb_001944,political,qb_001944__political,0.6712534,0.5027339458465576,0.16322042047977448,True
qb_001944,policy_prescription,qb_001944__policy_prescription,0.6149272,0.498147189617157,0.2692359983921051,True
qb_001944,economic,qb_001944__economic,0.70563537,0.5576037168502808,0.1813114881515503,True
qb_020879,security_and_defense,qb_020879__security_and_defense,0.7565712,0.6684680581092834,0.19939076900482178,True
qb_020879,cultural_identity,qb_020879__cultural_identity,0.8106846,0.6829656958580017,0.17821326851844788,True
qb_020879,public_sentiment,qb_020879__public_sentiment,0.80321646,0.5715699791908264,0.2100658416748047,True
qb_020879,quality_of_life,qb_020879__quality_of_life,0.7344501,0.600281298160553,0.21481016278266907,True
qb_017763,political,qb_017763__political,0.84171724,0.6686099767684937,0.2780873775482178,True
qb_017763,morality,qb_017763__morality,0.6982363,0.6245116591453552,0.22667375206947327,True
qb_017763,public_sentiment,qb_017763__public_sentiment,0.8112296,0.6509473919868469,0.2802109122276306,True
qb_021674,political,qb_021674__political,0.8134399,0.6265279650688171,0.22918660938739777,True
qb_021674,legality_constitutionality,qb_021674__legality_constitutionality,0.7778877,0.6741217970848083,0.21542350947856903,True
qb_021674,crime_and_punishment,qb_021674__crime_and_punishment,0.7992067,0.6313456296920776,0.27863097190856934,True
qb_018198,political,qb_018198__political,0.7324114,0.576570987701416,0.25405552983283997,True
qb_018198,legality_constitutionality,qb_018198__legality_constitutionality,0.745669,0.651146411895752,0.19980831444263458,True
qb_018312,health_and_safety,qb_018312__health_and_safety,0.80993944,0.7492578029632568,0.21901006996631622,True
qb_018312,policy_prescription,qb_018312__policy_prescription,0.79430616,0.7556910514831543,0.2438078373670578,True
qb_018312,public_sentiment,qb_018312__public_sentiment,0.7863412,0.6173234581947327,0.14337468147277832,True
qb_018312,capacity_and_resources,qb_018312__capacity_and_resources,0.807621,0.7117480635643005,0.3046153783798218,True
qb_003991,political,qb_003991__political,0.7828796,0.5076016783714294,0.19322240352630615,True
qb_003991,capacity_and_resources,qb_003991__capacity_and_resources,0.6554059,0.5762568712234497,0.17829176783561707,True
qb_012275,political,qb_012275__political,0.6848115,,0.19864876568317413,False
qb_008588,political,qb_008588__political,0.6457371,0.6532025337219238,0.20189857482910156,True
qb_008588,policy_prescription,qb_008588__policy_prescription,0.78158975,0.6031363606452942,0.22723086178302765,True
qb_008588,cultural_identity,qb_008588__cultural_identity,0.7385024,0.5944213271141052,0.21188299357891083,True
qb_008588,fairness_and_equality,qb_008588__fairness_and_equality,0.75104344,0.6202313899993896,0.19701454043388367,True
qb_008588,morality,qb_008588__morality,0.66658974,0.5850721597671509,0.19269734621047974,True
qb_015158,political,qb_015158__political,0.82196,0.43091803789138794,0.31335166096687317,True
qb_015158,external_regulation,qb_015158__external_regulation,0.5554426,0.5027140974998474,0.19620540738105774,True
qb_015158,policy_prescription,qb_015158__policy_prescription,0.6216624,0.41520124673843384,0.19328126311302185,True
qb_015158,legality_constitutionality,qb_015158__legality_constitutionality,0.6716797,0.5716659426689148,0.2201409786939621,True
qb_015158,economic,qb_015158__economic,0.7132299,0.43676793575286865,0.1729956418275833,True
qb_002768,political,qb_002768__political,0.6952612,,0.15003475546836853,False
qb_019446,political,qb_019446__political,0.81011236,0.6053048968315125,0.256754606962204,True
qb_019446,health_and_safety,qb_019446__health_and_safety,0.63306975,0.6016457080841064,0.2134648561477661,True
qb_019446,legality_constitutionality,qb_019446__legality_constitutionality,0.7386142,0.5067486763000488,0.22231197357177734,True
qb_019446,public_sentiment,qb_019446__public_sentiment,0.8453814,0.5658786296844482,0.23643872141838074,True
qb_020897,legality_constitutionality,qb_020897__legality_constitutionality,0.6435827,0.5707768201828003,0.28991827368736267,True
qb_020897,crime_and_punishment,qb_020897__crime_and_punishment,0.63150376,0.5199337601661682,0.2068333923816681,True
qb_020897,political,qb_020897__political,0.64180535,0.5377113819122314,0.15982551872730255,True
qb_020897,public_sentiment,qb_020897__public_sentiment,0.68746454,0.49153730273246765,0.22902357578277588,True
qb_007769,political,qb_007769__political,0.68181634,0.4816712439060211,0.2522406280040741,True
qb_007769,external_regulation,qb_007769__external_regulation,0.7937535,0.42947158217430115,0.18059185147285461,True
qb_007769,economic,qb_007769__economic,0.65802777,0.529191792011261,0.25195926427841187,True
qb_007769,capacity_and_resources,qb_007769__capacity_and_resources,0.6145333,0.4538695812225342,0.1936664879322052,True
qb_008399,security_and_defense,qb_008399__security_and_defense,0.72492254,0.5907711982727051,0.19863633811473846,True
qb_008399,policy_prescription,qb_008399__policy_prescription,0.75104463,0.5846710205078125,0.1826818287372589,True
qb_008399,health_and_safety,qb_008399__health_and_safety,0.8025859,0.5175704956054688,0.12182903289794922,True
qb_008399,external_regulation,qb_008399__external_regulation,0.70294976,0.5679548382759094,0.1814114898443222,True
qb_008399,capacity_and_resources,qb_008399__capacity_and_resources,0.7584634,0.5617693066596985,0.22290842235088348,True
qb_008399,political,qb_008399__political,0.75248396,0.5026291012763977,0.1941526234149933,True
qb_017334,political,qb_017334__political,0.7406914,0.32968223094940186,0.2483202964067459,True
qb_017334,legality_constitutionality,qb_017334__legality_constitutionality,0.5248046,0.2731972336769104,0.21694675087928772,True
qb_015695,morality,qb_015695__morality,0.67216176,0.5508754253387451,0.26722216606140137,True
qb_015695,external_regulation,qb_015695__external_regulation,0.7136439,0.46138516068458557,0.22305870056152344,True
qb_015695,economic,qb_015695__economic,0.7307264,0.4639352858066559,0.18622395396232605,True
qb_015695,political,qb_015695__political,0.63506794,0.471026211977005,0.1801152527332306,True
qb_015695,public_sentiment,qb_015695__public_sentiment,0.71289474,0.39360281825065613,0.2255464494228363,True
qb_013745,health_and_safety,qb_013745__health_and_safety,0.73183936,0.5580379366874695,0.3086600601673126,True
qb_013745,crime_and_punishment,qb_013745__crime_and_punishment,0.8091978,0.5861843824386597,0.2575931251049042,True
qb_013745,political,qb_013745__political,0.6833232,0.47631150484085083,0.16758686304092407,True
qb_013745,policy_prescription,qb_013745__policy_prescription,0.6858836,0.5885903835296631,0.19718332588672638,True
qb_013745,morality,qb_013745__morality,0.7714472,0.48785004019737244,0.2200857698917389,True
qb_013745,public_sentiment,qb_013745__public_sentiment,0.77784437,0.5483216047286987,0.20509576797485352,True
qb_013745,cultural_identity,qb_013745__cultural_identity,0.7023712,0.5260792970657349,0.2425888031721115,True
qb_013745,fairness_and_equality,qb_013745__fairness_and_equality,0.6943342,0.5391925573348999,0.18640124797821045,True
qb_011680,security_and_defense,qb_011680__security_and_defense,0.8017218,0.6801921725273132,0.22606229782104492,True
qb_011680,external_regulation,qb_011680__external_regulation,0.669624,0.5431529879570007,0.2605268955230713,True
qb_011680,political,qb_011680__political,0.6693646,0.5509790778160095,0.2594408392906189,True
qb_011680,cultural_identity,qb_011680__cultural_identity,0.79799175,0.7307965755462646,0.21249258518218994,True
qb_010274,legality_constitutionality,qb_010274__legality_constitutionality,0.79035574,0.5939121246337891,0.28138476610183716,True
qb_010274,political,qb_010274__political,0.66353905,0.46541351079940796,0.2913202941417694,True
qb_010274,security_and_defense,qb_010274__security_and_defense,0.73004866,0.6434124708175659,0.2724420428276062,True
qb_020943,public_sentiment,qb_020943__public_sentiment,0.7939583,0.6101551055908203,0.1567220687866211,True
qb_020943,quality_of_life,qb_020943__quality_of_life,0.7332525,0.5274681448936462,0.10417391359806061,True
qb_020943,morality,qb_020943__morality,0.7147093,0.5540004372596741,0.15528614819049835,True
qb_020943,crime_and_punishment,qb_020943__crime_and_punishment,0.67739534,0.5199533700942993,0.20568501949310303,True
qb_020943,economic,qb_020943__economic,0.8452952,0.5559561252593994,0.14520616829395294,True
qb_001555,economic,qb_001555__economic,0.72004765,0.5280988216400146,0.19342438876628876,True
qb_001555,health_and_safety,qb_001555__health_and_safety,0.73361444,0.5253458023071289,0.21526846289634705,True
qb_020906,political,qb_020906__political,0.7728318,0.5473964214324951,0.20717501640319824,True
qb_020906,security_and_defense,qb_020906__security_and_defense,0.661103,0.6208609342575073,0.2173374891281128,True
qb_020906,crime_and_punishment,qb_020906__crime_and_punishment,0.7365184,0.569412350654602,0.22815242409706116,True
qb_000215,political,qb_000215__political,0.68198866,0.5476808547973633,0.21980948746204376,True
qb_000215,legality_constitutionality,qb_000215__legality_constitutionality,0.70540535,0.5136034488677979,0.26680153608322144,True
qb_000215,public_sentiment,qb_000215__public_sentiment,0.8211348,0.5278838872909546,0.2163129299879074,True
qb_000441,security_and_defense,qb_000441__security_and_defense,0.78761023,0.6458206176757812,0.232331320643425,True
qb_000441,capacity_and_resources,qb_000441__capacity_and_resources,0.7204296,0.6404990553855896,0.22938330471515656,True
qb_000441,public_sentiment,qb_000441__public_sentiment,0.73803985,0.6746842861175537,0.18651585280895233,True
qb_000441,cultural_identity,qb_000441__cultural_identity,0.86091256,0.6309567093849182,0.14938755333423615,True
qb_017585,political,qb_017585__political,0.6920485,0.5456122756004333,0.23732805252075195,True
qb_017585,external_regulation,qb_017585__external_regulation,0.74356604,0.7256662845611572,0.19574600458145142,True
qb_017585,security_and_defense,qb_017585__security_and_defense,0.723973,0.6402490139007568,0.194634348154068,True
qb_017585,policy_prescription,qb_017585__policy_prescription,0.70500743,0.6964693069458008,0.23925423622131348,True
qb_008788,capacity_and_resources,qb_008788__capacity_and_resources,0.6260178,0.41493546962738037,0.1345703899860382,True
qb_008788,political,qb_008788__political,0.5955879,0.518632709980011,0.2643797993659973,True
qb_004668,legality_constitutionality,qb_004668__legality_constitutionality,0.7337435,0.6776502132415771,0.2545256018638611,True
qb_004668,political,qb_004668__political,0.7403226,0.6561257243156433,0.288457453250885,True
qb_004668,crime_and_punishment,qb_004668__crime_and_punishment,0.71778524,0.6619845628738403,0.28168779611587524,True
qb_015223,political,qb_015223__political,0.7362236,0.6151717901229858,0.20721952617168427,True
qb_015223,legality_constitutionality,qb_015223__legality_constitutionality,0.7283044,0.7923994064331055,0.17995254695415497,True
qb_004099,political,qb_004099__political,0.67448425,0.5809099674224854,0.21538448333740234,True
qb_004099,policy_prescription,qb_004099__policy_prescription,0.64350927,0.5285083055496216,0.22399166226387024,True
qb_004099,legality_constitutionality,qb_004099__legality_constitutionality,0.73360574,0.5919036269187927,0.26570215821266174,True
qb_004099,economic,qb_004099__economic,0.73351216,0.5588834285736084,0.2576511800289154,True
qb_011695,economic,qb_011695__economic,0.6383664,0.5688419342041016,0.18360845744609833,True
qb_011695,policy_prescription,qb_011695__policy_prescription,0.7490587,0.4939992129802704,0.2270248830318451,True
qb_011695,health_and_safety,qb_011695__health_and_safety,0.699057,0.5120353698730469,0.20373252034187317,True
qb_011695,political,qb_011695__political,0.7439991,0.5159431099891663,0.2317151576280594,True
qb_006115,external_regulation,qb_006115__external_regulation,0.754819,0.5648317337036133,0.2237430065870285,True
qb_006115,security_and_defense,qb_006115__security_and_defense,0.7289313,0.6486726403236389,0.3056923747062683,True
qb_006115,political,qb_006115__political,0.6802918,0.5744729042053223,0.18057021498680115,True
qb_004476,legality_constitutionality,qb_004476__legality_constitutionality,0.64810693,0.5360619425773621,0.20747239887714386,True
qb_004476,political,qb_004476__political,0.7876147,0.5374321937561035,0.231654554605484,True
qb_004476,security_and_defense,qb_004476__security_and_defense,0.7365446,0.672463595867157,0.24574264883995056,True
qb_004476,capacity_and_resources,qb_004476__capacity_and_resources,0.65487254,0.5066307187080383,0.2706989645957947,True
qb_021083,political,qb_021083__political,0.7432137,0.5992546081542969,0.22646376490592957,True
qb_021083,public_sentiment,qb_021083__public_sentiment,0.7813356,0.6212544441223145,0.26581263542175293,True
qb_021083,morality,qb_021083__morality,0.6940574,0.5418352484703064,0.26441484689712524,True
qb_019149,crime_and_punishment,qb_019149__crime_and_punishment,0.63694614,0.4991399645805359,0.16638502478599548,True
qb_019149,security_and_defense,qb_019149__security_and_defense,0.7345747,0.44566860795021057,0.2407027781009674,True
qb_010619,legality_constitutionality,qb_010619__legality_constitutionality,0.7244092,0.7238187193870544,0.19202820956707,True
qb_010619,policy_prescription,qb_010619__policy_prescription,0.66585606,0.6966083645820618,0.2327040433883667,True
qb_010619,political,qb_010619__political,0.7058672,0.6404063701629639,0.2782824635505676,True
qb_000218,legality_constitutionality,qb_000218__legality_constitutionality,0.6860507,0.5959727168083191,0.25939860939979553,True
qb_000218,crime_and_punishment,qb_000218__crime_and_punishment,0.6715876,0.6179407238960266,0.17974741756916046,True
qb_000218,morality,qb_000218__morality,0.68037575,0.6397430300712585,0.21162429451942444,True
qb_000218,cultural_identity,qb_000218__cultural_identity,0.7464474,0.673681914806366,0.2394920289516449,True
qb_020170,policy_prescription,qb_020170__policy_prescription,0.7043617,0.6226149201393127,0.21812978386878967,True
qb_020170,security_and_defense,qb_020170__security_and_defense,0.92742217,0.6750771999359131,0.273021399974823,True
qb_020170,health_and_safety,qb_020170__health_and_safety,0.77296996,0.644720196723938,0.2634742856025696,True
qb_020170,political,qb_020170__political,0.7192678,0.41426143050193787,0.21837496757507324,True
qb_020170,economic,qb_020170__economic,0.8119905,0.6810153722763062,0.21105468273162842,True
qb_020170,capacity_and_resources,qb_020170__capacity_and_resources,0.7604604,0.6497400999069214,0.2083754539489746,True
qb_020170,legality_constitutionality,qb_020170__legality_constitutionality,0.7839683,0.6451277136802673,0.21406212449073792,True
qb_020170,crime_and_punishment,qb_020170__crime_and_punishment,0.7593793,0.6047024726867676,0.2383599728345871,True
qb_002264,legality_constitutionality,qb_002264__legality_constitutionality,0.7042428,0.6443524360656738,0.2528369724750519,True
qb_002264,policy_prescription,qb_002264__policy_prescription,0.69515085,0.6168512105941772,0.31153935194015503,True
qb_002264,political,qb_002264__political,0.7252452,0.6198895573616028,0.2634466588497162,True
qb_002264,security_and_defense,qb_002264__security_and_defense,0.69091105,0.6371036767959595,0.3026680648326874,True
qb_002264,capacity_and_resources,qb_002264__capacity_and_resources,0.77673435,0.5374234914779663,0.24108567833900452,True
qb_002264,morality,qb_002264__morality,0.6604223,0.5817219018936157,0.26022300124168396,True
qb_020259,security_and_defense,qb_020259__security_and_defense,0.5496837,0.694800615310669,0.15190455317497253,True
qb_020259,crime_and_punishment,qb_020259__crime_and_punishment,0.61004597,0.5520695447921753,0.24313655495643616,True
qb_020259,health_and_safety,qb_020259__health_and_safety,0.60879254,0.5844984650611877,0.2318136990070343,True
qb_021610,economic,qb_021610__economic,0.56081927,0.46731072664260864,0.20241335034370422,True
qb_021610,capacity_and_resources,qb_021610__capacity_and_resources,0.68658346,0.49696165323257446,0.17160362005233765,True
qb_021610,public_sentiment,qb_021610__public_sentiment,0.5793421,0.5001407265663147,0.22743090987205505,True
qb_020488,morality,qb_020488__morality,0.62846315,0.583670973777771,0.2353244572877884,True
qb_020488,political,qb_020488__political,0.6416743,0.5501939654350281,0.23015455901622772,True
qb_020488,legality_constitutionality,qb_020488__legality_constitutionality,0.6917206,0.5201278328895569,0.15988636016845703,True
qb_020488,public_sentiment,qb_020488__public_sentiment,0.71379906,0.5079625248908997,0.19264312088489532,True
qb_020488,health_and_safety,qb_020488__health_and_safety,0.61347365,0.47563639283180237,0.25164708495140076,True
qb_020488,policy_prescription,qb_020488__policy_prescription,0.7460023,0.5280742645263672,0.21713528037071228,True
qb_013333,legality_constitutionality,qb_013333__legality_constitutionality,0.6847971,0.5702712535858154,0.12818945944309235,True
qb_013333,political,qb_013333__political,0.6436149,0.5958938002586365,0.21911165118217468,True
qb_014080,political,qb_014080__political,0.6096741,0.5506806373596191,0.21463897824287415,True
qb_014080,legality_constitutionality,qb_014080__legality_constitutionality,0.64165914,0.48387789726257324,0.26081737875938416,True
qb_014080,fairness_and_equality,qb_014080__fairness_and_equality,0.7300254,0.5342981815338135,0.1812029331922531,True
qb_014080,cultural_identity,qb_014080__cultural_identity,0.58268005,0.46831992268562317,0.21899232268333435,True
qb_014080,morality,qb_014080__morality,0.7250943,0.5794982314109802,0.20365016162395477,True
qb_021668,political,qb_021668__political,0.8476443,0.8105829954147339,0.2167600691318512,True
qb_021668,public_sentiment,qb_021668__public_sentiment,0.7955191,0.7424813508987427,0.17067964375019073,True
qb_018539,security_and_defense,qb_018539__security_and_defense,0.5996103,0.6686076521873474,0.21095141768455505,True
qb_018539,political,qb_018539__political,0.9203731,0.5978406667709351,0.22106079757213593,True
qb_018539,external_regulation,qb_018539__external_regulation,0.71340597,0.5968410968780518,0.2401198148727417,True
qb_002565,policy_prescription,qb_002565__policy_prescription,0.5411519,0.5998190641403198,0.2263023406267166,True
qb_002565,legality_constitutionality,qb_002565__legality_constitutionality,0.71704364,0.6177941560745239,0.25324851274490356,True
qb_002565,external_regulation,qb_002565__external_regulation,0.7160901,0.5943745970726013,0.24924466013908386,True
qb_002565,morality,qb_002565__morality,0.70655715,0.4510436952114105,0.1874259114265442,True
qb_002565,economic,qb_002565__economic,0.6259872,0.547675371170044,0.20006541907787323,True
qb_002565,political,qb_002565__political,0.8400539,0.5522133111953735,0.2241123914718628,True
qb_002565,cultural_identity,qb_002565__cultural_identity,0.8362973,0.5841007232666016,0.20724599063396454,True
qb_011356,political,qb_011356__political,0.6968484,0.5613162517547607,0.1996729075908661,True
qb_011356,policy_prescription,qb_011356__policy_prescription,0.65955234,0.5832415819168091,0.22821466624736786,True
qb_011356,economic,qb_011356__economic,0.5801563,0.5830963850021362,0.14460253715515137,True
qb_019622,economic,qb_019622__economic,0.7073277,0.635087251663208,0.19744373857975006,True
qb_019622,public_sentiment,qb_019622__public_sentiment,0.8355162,0.6629769206047058,0.18358175456523895,True
qb_010162,political,qb_010162__political,0.69592637,0.6119175553321838,0.30452919006347656,True
qb_010162,public_sentiment,qb_010162__public_sentiment,0.70906186,0.596508264541626,0.19578015804290771,True
qb_006661,health_and_safety,qb_006661__health_and_safety,0.5614328,0.44634491205215454,0.1318294256925583,True
qb_006661,public_sentiment,qb_006661__public_sentiment,0.79274935,0.46990418434143066,0.16076575219631195,True
qb_006661,legality_constitutionality,qb_006661__legality_constitutionality,0.74219745,0.508563220500946,0.21424241364002228,True
qb_005403,economic,qb_005403__economic,0.6521426,0.7885392904281616,0.18692311644554138,True
qb_005403,policy_prescription,qb_005403__policy_prescription,0.7175735,0.6060246229171753,0.22073344886302948,True
qb_005403,political,qb_005403__political,0.7247565,0.5357816219329834,0.1638174057006836,True
qb_018027,policy_prescription,qb_018027__policy_prescription,0.7174981,0.6513851881027222,0.21216686069965363,True
qb_018027,capacity_and_resources,qb_018027__capacity_and_resources,0.7518641,0.5285951495170593,0.15409882366657257,True
qb_018027,security_and_defense,qb_018027__security_and_defense,0.6302763,0.5478174686431885,0.20591910183429718,True
qb_018027,political,qb_018027__political,0.6181278,0.565401017665863,0.222571462392807,True
qb_018027,external_regulation,qb_018027__external_regulation,0.7372209,0.5169800519943237,0.16778287291526794,True
qb_006305,cultural_identity,qb_006305__cultural_identity,0.7479815,,0.17549198865890503,False
qb_016231,political,qb_016231__political,0.7887695,0.6385017037391663,0.24795646965503693,True
qb_016231,policy_prescription,qb_016231__policy_prescription,0.7294962,0.5261528491973877,0.20970168709754944,True
qb_016231,public_sentiment,qb_016231__public_sentiment,0.8263936,0.5954523086547852,0.2565995156764984,True
qb_016231,morality,qb_016231__morality,0.63838816,0.5089406371116638,0.2218157947063446,True
qb_017953,legality_constitutionality,qb_017953__legality_constitutionality,0.6606016,0.6095241904258728,0.19702783226966858,True
qb_017953,political,qb_017953__political,0.76348245,0.6367912888526917,0.2077336311340332,True
qb_017953,policy_prescription,qb_017953__policy_prescription,0.75510305,0.562782883644104,0.2231019288301468,True
qb_017953,economic,qb_017953__economic,0.69226515,0.60085129737854,0.23410895466804504,True
qb_017953,capacity_and_resources,qb_017953__capacity_and_resources,0.6562229,0.640529453754425,0.22308096289634705,True
qb_020925,policy_prescription,qb_020925__policy_prescription,0.730096,0.6943190693855286,0.33507806062698364,True
qb_020925,security_and_defense,qb_020925__security_and_defense,0.77669865,0.7709062099456787,0.28394266963005066,True
qb_020925,economic,qb_020925__economic,0.6948772,0.6347371935844421,0.2352341115474701,True
qb_020925,political,qb_020925__political,0.709773,0.6653666496276855,0.2827337980270386,True
qb_018122,security_and_defense,qb_018122__security_and_defense,0.6996619,0.630275309085846,0.16162613034248352,True
qb_018122,public_sentiment,qb_018122__public_sentiment,0.73230815,0.4543492794036865,0.10991070419549942,True
qb_018122,political,qb_018122__political,0.7349707,0.6114374399185181,0.19636699557304382,True
qb_014415,political,qb_014415__political,0.72077966,0.5419396162033081,0.20460490882396698,True
qb_014415,economic,qb_014415__economic,0.54803896,0.5117927193641663,0.1893792599439621,True
qb_014415,public_sentiment,qb_014415__public_sentiment,0.6266312,0.4962002635002136,0.24150097370147705,True
qb_014415,policy_prescription,qb_014415__policy_prescription,0.68513936,0.6274731159210205,0.24619297683238983,True
qb_014415,quality_of_life,qb_014415__quality_of_life,0.7380724,0.5512994527816772,0.19278748333454132,True
qb_021702,political,qb_021702__political,0.7297545,0.4760783314704895,0.16217303276062012,True
qb_021702,legality_constitutionality,qb_021702__legality_constitutionality,0.6070237,0.6127369403839111,0.19379310309886932,True
qb_010547,public_sentiment,qb_010547__public_sentiment,0.6304553,0.5739177465438843,0.211781308054924,True
qb_010547,political,qb_010547__political,0.7430972,0.50795578956604,0.2753600776195526,True
qb_007350,political,qb_007350__political,0.67402375,0.57215815782547,0.20844396948814392,True
qb_007350,external_regulation,qb_007350__external_regulation,0.7288704,0.5426195859909058,0.27755481004714966,True
qb_010754,legality_constitutionality,qb_010754__legality_constitutionality,0.72867674,0.7921115159988403,0.3078491687774658,True
qb_010754,external_regulation,qb_010754__external_regulation,0.8268367,0.6914287805557251,0.2850273549556732,True
qb_010754,crime_and_punishment,qb_010754__crime_and_punishment,0.7512195,0.6205805540084839,0.2076793611049652,True
qb_010754,security_and_defense,qb_010754__security_and_defense,0.6590899,0.6259702444076538,0.217502161860466,True
qb_010754,political,qb_010754__political,0.6418722,0.6423508524894714,0.2575790286064148,True
qb_007703,economic,qb_007703__economic,0.7545476,0.5945194363594055,0.20247988402843475,True
qb_007703,capacity_and_resources,qb_007703__capacity_and_resources,0.7215642,0.6311633586883545,0.22562122344970703,True
qb_007703,quality_of_life,qb_007703__quality_of_life,0.80707353,0.5912453532218933,0.13939544558525085,True
qb_001879,security_and_defense,qb_001879__security_and_defense,0.6078556,0.635664701461792,0.20527033507823944,True
qb_001879,crime_and_punishment,qb_001879__crime_and_punishment,0.7151514,0.605474591255188,0.30381423234939575,True
qb_001879,political,qb_001879__political,0.8520746,0.6105676889419556,0.21743862330913544,True
qb_001879,policy_prescription,qb_001879__policy_prescription,0.6736657,0.48594966530799866,0.20240254700183868,True
qb_001879,public_sentiment,qb_001879__public_sentiment,0.8126961,0.5532886981964111,0.21958260238170624,True
qb_001879,legality_constitutionality,qb_001879__legality_constitutionality,0.74052626,0.5920785665512085,0.24048909544944763,True
qb_013387,political,qb_013387__political,0.7833042,0.7584264278411865,0.20137839019298553,True
qb_013387,public_sentiment,qb_013387__public_sentiment,0.77158797,0.7641686201095581,0.1927417516708374,True
qb_000481,political,qb_000481__political,0.6721457,0.40139055252075195,0.23883947730064392,True
qb_000481,policy_prescription,qb_000481__policy_prescription,0.6525108,0.47717493772506714,0.19874335825443268,True
qb_007868,health_and_safety,qb_007868__health_and_safety,0.6758364,0.5907217264175415,0.17853280901908875,True
qb_007868,economic,qb_007868__economic,0.7359332,0.5858920812606812,0.2270391434431076,True
qb_007868,public_sentiment,qb_007868__public_sentiment,0.7851171,0.5559480786323547,0.19085976481437683,True
qb_007868,political,qb_007868__political,0.7772796,0.5334587097167969,0.23586508631706238,True
qb_007868,policy_prescription,qb_007868__policy_prescription,0.6960074,0.5985212326049805,0.23755857348442078,True
qb_007868,quality_of_life,qb_007868__quality_of_life,0.775612,0.5888800621032715,0.1870725303888321,True
qb_007635,political,qb_007635__political,0.6968055,0.5022584199905396,0.24476242065429688,True
qb_007635,policy_prescription,qb_007635__policy_prescription,0.693697,0.5526049733161926,0.26086553931236267,True
qb_007635,security_and_defense,qb_007635__security_and_defense,0.68180585,0.5565067529678345,0.27145129442214966,True
qb_007325,economic,qb_007325__economic,0.6177403,0.5184620022773743,0.22080330550670624,True
qb_007325,capacity_and_resources,qb_007325__capacity_and_resources,0.57144487,0.4378661513328552,0.2233310490846634,True
qb_004454,legality_constitutionality,qb_004454__legality_constitutionality,0.65891653,0.6242725849151611,0.20034651458263397,True
qb_004454,security_and_defense,qb_004454__security_and_defense,0.6501025,0.6197640895843506,0.2419481724500656,True
qb_000001,crime_and_punishment,qb_000001__crime_and_punishment,0.82906085,0.6652674078941345,0.1760120689868927,True
qb_000001,health_and_safety,qb_000001__health_and_safety,0.7242856,0.6207789778709412,0.19062697887420654,True
qb_000001,quality_of_life,qb_000001__quality_of_life,0.7844386,0.664688766002655,0.18223077058792114,True
qb_000001,public_sentiment,qb_000001__public_sentiment,0.7590543,0.6443308591842651,0.1374066174030304,True
qb_010439,legality_constitutionality,qb_010439__legality_constitutionality,0.8151599,0.6767815947532654,0.21943363547325134,True
qb_010439,economic,qb_010439__economic,0.77696896,0.6409538984298706,0.19802720844745636,True
qb_010439,political,qb_010439__political,0.8191242,0.6429290771484375,0.2692697048187256,True
qb_002415,economic,qb_002415__economic,0.75111175,0.579447865486145,0.18590395152568817,True
qb_002415,external_regulation,qb_002415__external_regulation,0.7907263,0.6143561601638794,0.22020992636680603,True
qb_002415,policy_prescription,qb_002415__policy_prescription,0.69181395,0.618973970413208,0.20461110770702362,True
qb_002415,security_and_defense,qb_002415__security_and_defense,0.72964305,0.6419904232025146,0.2429395616054535,True
qb_002415,health_and_safety,qb_002415__health_and_safety,0.71568406,0.49817150831222534,0.20551137626171112,True
qb_004498,health_and_safety,qb_004498__health_and_safety,0.7186365,0.6062121987342834,0.18778184056282043,True
qb_004498,policy_prescription,qb_004498__policy_prescription,0.59532654,0.7129490375518799,0.29036569595336914,True
qb_010522,economic,qb_010522__economic,0.72184,0.5078827142715454,0.21195194125175476,True
qb_010522,health_and_safety,qb_010522__health_and_safety,0.68508565,0.5086569786071777,0.18715956807136536,True
qb_010522,capacity_and_resources,qb_010522__capacity_and_resources,0.8332703,0.5068734884262085,0.16977988183498383,True
qb_019531,health_and_safety,qb_019531__health_and_safety,0.6040988,0.4671398997306824,0.30628085136413574,True
qb_019531,political,qb_019531__political,0.6741972,0.5880045890808105,0.22746548056602478,True
qb_019531,public_sentiment,qb_019531__public_sentiment,0.6591525,0.5940709114074707,0.22860212624073029,True
qb_016253,political,qb_016253__political,0.7554649,0.47628432512283325,0.25244197249412537,True
qb_016253,capacity_and_resources,qb_016253__capacity_and_resources,0.79321563,0.434173583984375,0.19098487496376038,True
qb_007892,legality_constitutionality,qb_007892__legality_constitutionality,0.7153072,0.7102493047714233,0.18922074139118195,True
qb_007892,political,qb_007892__political,0.5098102,0.5374563336372375,0.19865456223487854,True
qb_015699,security_and_defense,qb_015699__security_and_defense,0.70166385,0.629352867603302,0.22830887138843536,True
qb_015699,external_regulation,qb_015699__external_regulation,0.67892003,0.5416266322135925,0.16782446205615997,True
qb_015699,legality_constitutionality,qb_015699__legality_constitutionality,0.73291117,0.5872622132301331,0.19534027576446533,True
qb_015699,capacity_and_resources,qb_015699__capacity_and_resources,0.5962929,0.631230890750885,0.19555294513702393,True
qb_017459,security_and_defense,qb_017459__security_and_defense,0.6770264,0.5533791780471802,0.302141934633255,True
qb_017459,policy_prescription,qb_017459__policy_prescription,0.6801546,0.5895410776138306,0.2032633274793625,True
qb_017459,external_regulation,qb_017459__external_regulation,0.6710033,0.5128827095031738,0.2003336250782013,True
qb_017459,political,qb_017459__political,0.64644027,0.5140708684921265,0.21358565986156464,True
qb_017459,economic,qb_017459__economic,0.6641961,0.5319212079048157,0.2640071511268616,True
qb_017459,capacity_and_resources,qb_017459__capacity_and_resources,0.65537024,0.5428850054740906,0.2451276332139969,True
qb_017459,public_sentiment,qb_017459__public_sentiment,0.6987674,0.5575132369995117,0.26346099376678467,True
qb_017459,morality,qb_017459__morality,0.7371899,0.4926833212375641,0.1524735391139984,True
qb_017119,legality_constitutionality,qb_017119__legality_constitutionality,0.76693773,0.7035344839096069,0.3229804039001465,True
qb_017119,security_and_defense,qb_017119__security_and_defense,0.75563425,0.6797978281974792,0.2954951226711273,True
qb_009926,policy_prescription,qb_009926__policy_prescription,0.7355164,0.5714434385299683,0.22262242436408997,True
qb_009926,political,qb_009926__political,0.76436055,0.5481968522071838,0.18446308374404907,True
qb_009926,crime_and_punishment,qb_009926__crime_and_punishment,0.8432082,0.5735074877738953,0.21824128925800323,True
qb_009926,morality,qb_009926__morality,0.7142421,0.5138673186302185,0.26698607206344604,True
qb_021185,external_regulation,qb_021185__external_regulation,0.7819941,0.6460869312286377,0.24452205002307892,True
qb_021185,political,qb_021185__political,0.8179053,0.5937715768814087,0.1894339621067047,True
qb_011481,political,qb_011481__political,0.5927104,0.4659137427806854,0.271737277507782,True
qb_011481,public_sentiment,qb_011481__public_sentiment,0.6752415,0.4816805422306061,0.17427393794059753,True
qb_009654,security_and_defense,qb_009654__security_and_defense,0.7032964,0.5808679461479187,0.23867055773735046,True
qb_009654,political,qb_009654__political,0.60580444,0.5573034882545471,0.2646208107471466,True
qb_009654,policy_prescription,qb_009654__policy_prescription,0.71808577,0.5061137080192566,0.24274715781211853,True
qb_009654,capacity_and_resources,qb_009654__capacity_and_resources,0.81627315,0.5958129167556763,0.19894784688949585,True
qb_009654,public_sentiment,qb_009654__public_sentiment,0.8485284,0.5158218741416931,0.22619667649269104,True
qb_009654,economic,qb_009654__economic,0.6233841,0.5417240858078003,0.1692691296339035,True
qb_009654,morality,qb_009654__morality,0.7397443,0.5671395063400269,0.2463996410369873,True
qb_005533,fairness_and_equality,qb_005533__fairness_and_equality,0.83854306,0.5183737874031067,0.14680132269859314,True
qb_005533,cultural_identity,qb_005533__cultural_identity,0.7758523,0.5278631448745728,0.1399136185646057,True
qb_005533,morality,qb_005533__morality,0.795207,0.7615196704864502,0.14644554257392883,True
qb_008006,legality_constitutionality,qb_008006__legality_constitutionality,0.715562,0.3957158625125885,0.1443217396736145,True
qb_008006,morality,qb_008006__morality,0.5907536,0.5670413970947266,0.21253648400306702,True
qb_008006,health_and_safety,qb_008006__health_and_safety,0.7031703,0.5326568484306335,0.19377844035625458,True
qb_008006,economic,qb_008006__economic,0.70344436,0.6228320002555847,0.20930132269859314,True
qb_016839,legality_constitutionality,qb_016839__legality_constitutionality,0.7250709,0.3481420874595642,0.2196459025144577,True
qb_016839,political,qb_016839__political,0.79065007,0.32660287618637085,0.2317129671573639,True
qb_016839,security_and_defense,qb_016839__security_and_defense,0.7073996,0.31921595335006714,0.20228438079357147,True
qb_016839,public_sentiment,qb_016839__public_sentiment,0.73704445,0.38366803526878357,0.18748003244400024,True
qb_016839,crime_and_punishment,qb_016839__crime_and_punishment,0.6928973,0.3994760811328888,0.19264408946037292,True
qb_006784,political,qb_006784__political,0.59566516,0.49728503823280334,0.19342365860939026,True
qb_006784,legality_constitutionality,qb_006784__legality_constitutionality,0.5720367,0.46550893783569336,0.273014098405838,True
qb_006784,external_regulation,qb_006784__external_regulation,0.6289393,0.5292957425117493,0.30993396043777466,True
qb_006784,morality,qb_006784__morality,0.6710501,0.45094335079193115,0.2570110857486725,True
qb_006784,crime_and_punishment,qb_006784__crime_and_punishment,0.6631423,0.5439177751541138,0.31094592809677124,True
qb_002112,policy_prescription,qb_002112__policy_prescription,0.5914967,0.5809583067893982,0.16713598370552063,True
qb_002112,public_sentiment,qb_002112__public_sentiment,0.8086718,0.7519779205322266,0.18022766709327698,True
qb_002112,fairness_and_equality,qb_002112__fairness_and_equality,0.8484657,0.6054122447967529,0.21289081871509552,True
qb_002112,political,qb_002112__political,0.7605901,0.6314507126808167,0.2309107780456543,True
qb_012486,security_and_defense,qb_012486__security_and_defense,0.7217932,0.6954070329666138,0.16298270225524902,True
qb_012486,crime_and_punishment,qb_012486__crime_and_punishment,0.661385,0.5781862139701843,0.1432100087404251,True
qb_012486,capacity_and_resources,qb_012486__capacity_and_resources,0.6512896,0.6064214706420898,0.16833628714084625,True
qb_012486,health_and_safety,qb_012486__health_and_safety,0.83953846,0.5720573663711548,0.17010876536369324,True
qb_012486,cultural_identity,qb_012486__cultural_identity,0.6115999,0.4965980052947998,0.25170499086380005,True
qb_007797,political,qb_007797__political,0.75681114,0.6658664345741272,0.15398868918418884,True
qb_007797,public_sentiment,qb_007797__public_sentiment,0.825064,0.6544873714447021,0.16742776334285736,True
qb_012656,legality_constitutionality,qb_012656__legality_constitutionality,0.70988905,0.6983100175857544,0.23876555263996124,True
qb_012656,policy_prescription,qb_012656__policy_prescription,0.8069556,0.5182826519012451,0.22086557745933533,True
qb_021323,health_and_safety,qb_021323__health_and_safety,0.76669735,0.6625407934188843,0.20428916811943054,True
qb_021323,capacity_and_resources,qb_021323__capacity_and_resources,0.69829524,0.6018613576889038,0.1981973499059677,True
qb_020709,policy_prescription,qb_020709__policy_prescription,0.71559244,0.6252738833427429,0.15990717709064484,True
qb_020709,economic,qb_020709__economic,0.64367956,0.6556972861289978,0.19609110057353973,True
qb_020709,public_sentiment,qb_020709__public_sentiment,0.7124639,0.6289758682250977,0.21953900158405304,True
qb_020709,capacity_and_resources,qb_020709__capacity_and_resources,0.7071272,0.6255400776863098,0.15928924083709717,True
qb_012431,political,qb_012431__political,0.80446535,0.6566916704177856,0.22787992656230927,True
qb_012431,fairness_and_equality,qb_012431__fairness_and_equality,0.66639686,0.5676889419555664,0.23476850986480713,True
qb_012431,morality,qb_012431__morality,0.7189133,0.6987693309783936,0.20051398873329163,True
qb_012431,health_and_safety,qb_012431__health_and_safety,0.6446394,0.5432664752006531,0.17266586422920227,True
qb_007775,political,qb_007775__political,0.689389,0.5757875442504883,0.33185920119285583,True
qb_007775,legality_constitutionality,qb_007775__legality_constitutionality,0.6138892,0.5675368309020996,0.19135317206382751,True
qb_007775,security_and_defense,qb_007775__security_and_defense,0.76470166,0.601316511631012,0.23713941872119904,True
qb_007775,economic,qb_007775__economic,0.66594577,0.4683476388454437,0.2307450771331787,True
qb_016683,external_regulation,qb_016683__external_regulation,0.6872434,0.5835214257240295,0.19124753773212433,True
qb_016683,policy_prescription,qb_016683__policy_prescription,0.817775,0.6101083755493164,0.2924198806285858,True
qb_016683,economic,qb_016683__economic,0.7257184,0.6196603775024414,0.23506398499011993,True
qb_016683,political,qb_016683__political,0.767457,0.5822061896324158,0.22277235984802246,True
qb_015220,political,qb_015220__political,0.75412285,0.7595897316932678,0.19648967683315277,True
qb_015220,economic,qb_015220__economic,0.66110265,0.6134399175643921,0.1660427749156952,True
qb_015220,capacity_and_resources,qb_015220__capacity_and_resources,0.8502733,0.6734200716018677,0.222110778093338,True
qb_009059,political,qb_009059__political,0.5594239,0.4176466166973114,0.16617439687252045,True
qb_009059,legality_constitutionality,qb_009059__legality_constitutionality,0.7995353,0.7086957693099976,0.13471250236034393,True
qb_009059,public_sentiment,qb_009059__public_sentiment,0.7476947,0.6029800176620483,0.20452404022216797,True
qb_001732,political,qb_001732__political,0.75153315,0.3975311815738678,0.16486047208309174,True
qb_001732,legality_constitutionality,qb_001732__legality_constitutionality,0.6334066,0.48285555839538574,0.26494795083999634,True
qb_019712,economic,qb_019712__economic,0.7152511,0.640159010887146,0.13052122294902802,True
qb_019712,quality_of_life,qb_019712__quality_of_life,0.6591044,0.6641063094139099,0.14984722435474396,True
qb_007375,political,qb_007375__political,0.7501053,0.5699595808982849,0.24501493573188782,True
qb_007375,policy_prescription,qb_007375__policy_prescription,0.6906384,0.5795274376869202,0.29287680983543396,True
qb_007375,capacity_and_resources,qb_007375__capacity_and_resources,0.7280185,0.6148682236671448,0.24529388546943665,True
qb_007375,economic,qb_007375__economic,0.65940964,0.6187528371810913,0.24354417622089386,True
qb_007375,health_and_safety,qb_007375__health_and_safety,0.6788462,0.5577579736709595,0.24740645289421082,True
qb_007375,public_sentiment,qb_007375__public_sentiment,0.7376006,0.46448197960853577,0.24724626541137695,True
qb_017925,economic,qb_017925__economic,0.68644845,,0.21555647253990173,False
qb_019135,legality_constitutionality,qb_019135__legality_constitutionality,0.6342305,0.44398030638694763,0.26195716857910156,True
qb_019135,political,qb_019135__political,0.6018672,0.41933178901672363,0.23986847698688507,True
qb_019135,crime_and_punishment,qb_019135__crime_and_punishment,0.72576433,0.46242544054985046,0.2703975737094879,True
qb_019135,public_sentiment,qb_019135__public_sentiment,0.61898077,0.3651220500469208,0.24895210564136505,True
qb_019135,capacity_and_resources,qb_019135__capacity_and_resources,0.6934147,0.48518502712249756,0.26592057943344116,True
qb_006708,political,qb_006708__political,0.57286376,0.5736117362976074,0.21217040717601776,True
qb_006708,legality_constitutionality,qb_006708__legality_constitutionality,0.6325581,0.6791746616363525,0.21959641575813293,True
qb_006708,policy_prescription,qb_006708__policy_prescription,0.7091267,0.6404056549072266,0.2588765621185303,True
qb_010718,health_and_safety,qb_010718__health_and_safety,0.70610154,0.5355478525161743,0.17496386170387268,True
qb_010718,capacity_and_resources,qb_010718__capacity_and_resources,0.7358194,0.623500645160675,0.19057714939117432,True
qb_010718,quality_of_life,qb_010718__quality_of_life,0.66304076,0.5067964792251587,0.19025051593780518,True
qb_010718,public_sentiment,qb_010718__public_sentiment,0.70421976,0.5830708146095276,0.294755756855011,True
qb_009552,morality,qb_009552__morality,0.78962195,0.5406817197799683,0.20705077052116394,True
qb_009552,legality_constitutionality,qb_009552__legality_constitutionality,0.6463916,0.5611919164657593,0.2254018485546112,True
qb_009552,economic,qb_009552__economic,0.6231148,0.4226110577583313,0.21506169438362122,True
qb_009552,public_sentiment,qb_009552__public_sentiment,0.68993145,0.5097918510437012,0.2497381716966629,True
qb_009552,quality_of_life,qb_009552__quality_of_life,0.7640398,0.5648325681686401,0.26302382349967957,True
qb_014370,legality_constitutionality,qb_014370__legality_constitutionality,0.72889686,0.5431439280509949,0.21196317672729492,True
qb_014370,political,qb_014370__political,0.5810703,0.37067413330078125,0.26433926820755005,True
qb_001867,political,qb_001867__political,0.78848636,0.5817974805831909,0.23009124398231506,True
qb_001867,crime_and_punishment,qb_001867__crime_and_punishment,0.6699488,0.6364734172821045,0.21977007389068604,True
qb_001867,cultural_identity,qb_001867__cultural_identity,0.69139326,0.5755687355995178,0.2242860049009323,True
qb_001867,public_sentiment,qb_001867__public_sentiment,0.79313457,0.6110571622848511,0.2433057278394699,True
qb_001867,security_and_defense,qb_001867__security_and_defense,0.7694488,0.6297684907913208,0.20189352333545685,True
qb_001867,fairness_and_equality,qb_001867__fairness_and_equality,0.8877163,0.5683397054672241,0.23114462196826935,True
qb_011216,political,qb_011216__political,0.75427276,0.6055669784545898,0.2194950133562088,True
qb_011216,public_sentiment,qb_011216__public_sentiment,0.7888509,0.6356082558631897,0.17015540599822998,True
qb_011216,legality_constitutionality,qb_011216__legality_constitutionality,0.70167744,0.4448215961456299,0.18948441743850708,True
qb_011216,external_regulation,qb_011216__external_regulation,0.6900978,0.554509162902832,0.34487006068229675,True
qb_011216,capacity_and_resources,qb_011216__capacity_and_resources,0.7211696,0.6048495769500732,0.277391254901886,True
qb_003665,security_and_defense,qb_003665__security_and_defense,0.7927669,0.6246027946472168,0.2150484025478363,True
qb_003665,political,qb_003665__political,0.6403985,0.48860830068588257,0.22395434975624084,True
qb_003665,capacity_and_resources,qb_003665__capacity_and_resources,0.7175065,0.5985932350158691,0.2122972458600998,True
qb_003665,health_and_safety,qb_003665__health_and_safety,0.6830816,0.5176286101341248,0.23721268773078918,True
qb_003665,public_sentiment,qb_003665__public_sentiment,0.6461818,0.5986140966415405,0.2571864426136017,True
qb_003665,policy_prescription,qb_003665__policy_prescription,0.71243775,0.5696016550064087,0.23524804413318634,True
qb_011848,security_and_defense,qb_011848__security_and_defense,0.64699936,0.6022917628288269,0.22152671217918396,True
qb_011848,political,qb_011848__political,0.8239383,0.6387140154838562,0.22105011343955994,True
qb_011848,policy_prescription,qb_011848__policy_prescription,0.8247379,0.6105208396911621,0.2180078774690628,True
qb_011848,public_sentiment,qb_011848__public_sentiment,0.7356062,0.6197232604026794,0.20145316421985626,True
qb_011848,cultural_identity,qb_011848__cultural_identity,0.7521828,0.577716588973999,0.16612210869789124,True
qb_004676,political,qb_004676__political,0.7284833,0.5117054581642151,0.21671108901500702,True
qb_004676,cultural_identity,qb_004676__cultural_identity,0.7784785,0.55460125207901,0.23829655349254608,True
qb_004676,policy_prescription,qb_004676__policy_prescription,0.80122614,0.40195178985595703,0.2538156509399414,True
qb_004676,capacity_and_resources,qb_004676__capacity_and_resources,0.8079553,0.4950632154941559,0.22022488713264465,True
qb_004676,morality,qb_004676__morality,0.7763905,0.47945356369018555,0.23740358650684357,True
qb_004676,public_sentiment,qb_004676__public_sentiment,0.72624564,0.5059292316436768,0.2461560219526291,True
qb_016483,health_and_safety,qb_016483__health_and_safety,0.6883626,0.4927908182144165,0.19856934249401093,True
qb_016483,capacity_and_resources,qb_016483__capacity_and_resources,0.6660119,0.4015920162200928,0.15441188216209412,True
qb_016483,public_sentiment,qb_016483__public_sentiment,0.74230415,0.5175681114196777,0.32389283180236816,True
qb_007716,security_and_defense,qb_007716__security_and_defense,0.6555054,0.5253886580467224,0.15857429802417755,True
qb_007716,external_regulation,qb_007716__external_regulation,0.6449035,0.5387188196182251,0.1871601641178131,True
qb_020024,security_and_defense,qb_020024__security_and_defense,0.73041135,0.692116379737854,0.19524842500686646,True
qb_020024,external_regulation,qb_020024__external_regulation,0.71098065,0.6992087364196777,0.16063861548900604,True
qb_020024,policy_prescription,qb_020024__policy_prescription,0.7883003,0.7338489294052124,0.2803470492362976,True
qb_020717,political,qb_020717__political,0.6358962,0.5786173343658447,0.2194877415895462,True
qb_020717,public_sentiment,qb_020717__public_sentiment,0.7147771,0.4753795862197876,0.24092137813568115,True
qb_012238,crime_and_punishment,qb_012238__crime_and_punishment,0.7468711,0.5295775532722473,0.2428964078426361,True
qb_012238,legality_constitutionality,qb_012238__legality_constitutionality,0.6613096,0.6516129970550537,0.26841574907302856,True
qb_012238,political,qb_012238__political,0.7744778,0.6510637998580933,0.2669127583503723,True
qb_003747,legality_constitutionality,qb_003747__legality_constitutionality,0.71431327,0.4326991140842438,0.1433633714914322,True
qb_003747,crime_and_punishment,qb_003747__crime_and_punishment,0.69646126,0.5042721629142761,0.2750711441040039,True
qb_003747,economic,qb_003747__economic,0.64903176,0.5091273784637451,0.20222647488117218,True
qb_003747,fairness_and_equality,qb_003747__fairness_and_equality,0.87729913,0.5319581031799316,0.1872694045305252,True
qb_003747,political,qb_003747__political,0.6788877,0.440213680267334,0.27907949686050415,True
qb_007314,political,qb_007314__political,0.7123261,0.5297084450721741,0.2550056576728821,True
qb_007314,public_sentiment,qb_007314__public_sentiment,0.6611714,0.5328091979026794,0.18670430779457092,True
qb_007314,security_and_defense,qb_007314__security_and_defense,0.69109464,0.5462472438812256,0.2195623219013214,True
qb_007314,policy_prescription,qb_007314__policy_prescription,0.6458597,0.44076278805732727,0.20190902054309845,True
qb_017430,health_and_safety,qb_017430__health_and_safety,0.6854983,0.5058394074440002,0.20472626388072968,True
qb_017430,political,qb_017430__political,0.7207361,0.6247951984405518,0.2821682095527649,True
qb_017430,public_sentiment,qb_017430__public_sentiment,0.6959392,0.5615585446357727,0.21783789992332458,True
qb_012930,public_sentiment,qb_012930__public_sentiment,0.755689,0.5652908086776733,0.14393116533756256,True
qb_012930,quality_of_life,qb_012930__quality_of_life,0.7841843,0.5510693192481995,0.14789649844169617,True
qb_012930,economic,qb_012930__economic,0.5656781,0.5831089615821838,0.17699024081230164,True
qb_012930,legality_constitutionality,qb_012930__legality_constitutionality,0.73730874,0.4174729287624359,0.17206914722919464,True
qb_000433,political,qb_000433__political,0.66929483,0.7061831951141357,0.20711922645568848,True
qb_000433,morality,qb_000433__morality,0.8056371,0.5849617123603821,0.16022644937038422,True
qb_000433,public_sentiment,qb_000433__public_sentiment,0.71462,0.6467275023460388,0.29720017313957214,True
qb_015881,security_and_defense,qb_015881__security_and_defense,0.7981617,0.6490028500556946,0.16807229816913605,True
qb_015881,public_sentiment,qb_015881__public_sentiment,0.7237475,0.500063955783844,0.20985949039459229,True
qb_015881,political,qb_015881__political,0.6662233,0.6059964299201965,0.20428626239299774,True
qb_015881,crime_and_punishment,qb_015881__crime_and_punishment,0.8090265,0.5473201274871826,0.18687093257904053,True
qb_015881,legality_constitutionality,qb_015881__legality_constitutionality,0.6628784,0.5947573184967041,0.15763327479362488,True
qb_003060,health_and_safety,qb_003060__health_and_safety,0.6653108,0.4400949478149414,0.1954779326915741,True
qb_003060,policy_prescription,qb_003060__policy_prescription,0.7136326,0.6181625723838806,0.31102997064590454,True
qb_003060,political,qb_003060__political,0.789877,0.5295155644416809,0.26490551233291626,True
qb_003060,economic,qb_003060__economic,0.59965765,0.502291202545166,0.2385229617357254,True
qb_001815,legality_constitutionality,qb_001815__legality_constitutionality,0.7026572,0.6376399993896484,0.14177647233009338,True
qb_001815,political,qb_001815__political,0.7889831,0.7046993374824524,0.28843820095062256,True
qb_001815,economic,qb_001815__economic,0.74293107,0.5512968301773071,0.2098270207643509,True
qb_003153,security_and_defense,qb_003153__security_and_defense,0.70910406,0.6609346866607666,0.21939125657081604,True
qb_003153,capacity_and_resources,qb_003153__capacity_and_resources,0.7650788,0.7041394710540771,0.18965332210063934,True
qb_011654,health_and_safety,qb_011654__health_and_safety,0.6008962,0.5139996409416199,0.21773147583007812,True
qb_011654,capacity_and_resources,qb_011654__capacity_and_resources,0.73722905,0.5411858558654785,0.20409438014030457,True
qb_011654,policy_prescription,qb_011654__policy_prescription,0.7396579,0.6732519865036011,0.22379669547080994,True
qb_011515,political,qb_011515__political,0.6721298,0.4824722707271576,0.29394078254699707,True
qb_011515,external_regulation,qb_011515__external_regulation,0.603777,0.5467913150787354,0.20068052411079407,True
qb_011515,security_and_defense,qb_011515__security_and_defense,0.6367402,0.5523782968521118,0.20475101470947266,True
qb_011515,capacity_and_resources,qb_011515__capacity_and_resources,0.75410664,0.4375982880592346,0.1885155290365219,True
qb_011515,policy_prescription,qb_011515__policy_prescription,0.66769105,0.48942214250564575,0.19848193228244781,True
qb_011515,morality,qb_011515__morality,0.66768426,0.4802402853965759,0.20813743770122528,True
qb_011515,public_sentiment,qb_011515__public_sentiment,0.591382,0.5576702356338501,0.23472514748573303,True
qb_007312,political,qb_007312__political,0.82586837,0.654646635055542,0.1741289347410202,True
qb_007312,morality,qb_007312__morality,0.77149016,0.5355331301689148,0.23908157646656036,True
qb_007312,public_sentiment,qb_007312__public_sentiment,0.80311364,0.5930560231208801,0.19583389163017273,True
qb_020582,crime_and_punishment,qb_020582__crime_and_punishment,0.6561419,0.5216811895370483,0.21174952387809753,True
qb_020582,public_sentiment,qb_020582__public_sentiment,0.8209224,0.5635629892349243,0.2265031337738037,True
qb_020582,legality_constitutionality,qb_020582__legality_constitutionality,0.6963118,0.44430646300315857,0.1893445998430252,True
qb_020582,fairness_and_equality,qb_020582__fairness_and_equality,0.66924083,0.5397284626960754,0.24509885907173157,True
qb_020582,political,qb_020582__political,0.5795958,0.4537838101387024,0.31138676404953003,True
qb_020582,security_and_defense,qb_020582__security_and_defense,0.745767,0.5675644874572754,0.23932507634162903,True
qb_000405,security_and_defense,qb_000405__security_and_defense,0.76404655,0.646021842956543,0.21931865811347961,True
qb_000405,political,qb_000405__political,0.65626085,0.4702160656452179,0.2045634239912033,True
qb_000405,policy_prescription,qb_000405__policy_prescription,0.8136115,0.5275254845619202,0.24318961799144745,True
qb_000405,capacity_and_resources,qb_000405__capacity_and_resources,0.68984467,0.6131165027618408,0.1970278024673462,True
qb_006969,health_and_safety,qb_006969__health_and_safety,0.74379647,0.4550216495990753,0.24225178360939026,True
qb_006969,political,qb_006969__political,0.6507361,0.4977527856826782,0.18785980343818665,True
qb_006969,public_sentiment,qb_006969__public_sentiment,0.7456079,0.47929149866104126,0.2193467617034912,True
qb_006969,policy_prescription,qb_006969__policy_prescription,0.71616924,0.49132436513900757,0.25643882155418396,True
qb_006969,economic,qb_006969__economic,0.54804736,0.48031455278396606,0.20352888107299805,True
qb_019540,legality_constitutionality,qb_019540__legality_constitutionality,0.75434923,0.6513875722885132,0.17826545238494873,True
qb_019540,crime_and_punishment,qb_019540__crime_and_punishment,0.72949797,0.6013793349266052,0.20869724452495575,True
qb_019540,political,qb_019540__political,0.6708471,0.5050593614578247,0.20663058757781982,True
qb_016798,economic,qb_016798__economic,0.7081667,0.6349239349365234,0.16353744268417358,True
qb_016798,public_sentiment,qb_016798__public_sentiment,0.7298798,0.5065696239471436,0.22467434406280518,True
qb_010138,legality_constitutionality,qb_010138__legality_constitutionality,0.7220211,0.6089486479759216,0.20967712998390198,True
qb_010138,economic,qb_010138__economic,0.7044982,0.5358514189720154,0.13904252648353577,True
qb_010138,morality,qb_010138__morality,0.7490448,0.4884622097015381,0.20816633105278015,True
qb_010138,public_sentiment,qb_010138__public_sentiment,0.73319936,0.42520982027053833,0.20802119374275208,True
qb_010138,quality_of_life,qb_010138__quality_of_life,0.7345736,0.4823911190032959,0.1700764000415802,True
qb_007387,security_and_defense,qb_007387__security_and_defense,0.7627041,0.5951931476593018,0.18955954909324646,True
qb_007387,political,qb_007387__political,0.6481919,0.47431933879852295,0.23538628220558167,True
qb_007387,capacity_and_resources,qb_007387__capacity_and_resources,0.49968582,0.48787206411361694,0.12958924472332,True
qb_007387,policy_prescription,qb_007387__policy_prescription,0.7169159,0.5615901947021484,0.24840672314167023,True
qb_007387,morality,qb_007387__morality,0.80495286,0.499076247215271,0.18395230174064636,True
qb_009379,economic,qb_009379__economic,0.63332355,0.48639148473739624,0.2482634037733078,True
qb_009379,political,qb_009379__political,0.6817774,0.49755334854125977,0.2611657977104187,True
qb_009379,capacity_and_resources,qb_009379__capacity_and_resources,0.7430674,0.4124325215816498,0.23552580177783966,True
qb_011176,legality_constitutionality,qb_011176__legality_constitutionality,0.76588607,0.5054352283477783,0.18731677532196045,True
qb_011176,policy_prescription,qb_011176__policy_prescription,0.7630118,0.4557379186153412,0.24901621043682098,True
qb_011176,security_and_defense,qb_011176__security_and_defense,0.66634965,0.6308128237724304,0.21693532168865204,True
qb_011176,public_sentiment,qb_011176__public_sentiment,0.7212866,0.49785980582237244,0.21575815975666046,True
qb_002787,political,qb_002787__political,0.70394385,0.6223413944244385,0.24181446433067322,True
qb_002787,policy_prescription,qb_002787__policy_prescription,0.69884574,0.5964412689208984,0.19638842344284058,True
qb_002787,security_and_defense,qb_002787__security_and_defense,0.7689905,0.6504575610160828,0.23027420043945312,True
qb_002787,external_regulation,qb_002787__external_regulation,0.6752483,0.6023067831993103,0.1783263385295868,True
qb_000273,health_and_safety,qb_000273__health_and_safety,0.5291132,,0.10283216089010239,False
qb_014860,security_and_defense,qb_014860__security_and_defense,0.676299,0.5665112137794495,0.24525408446788788,True
qb_014860,external_regulation,qb_014860__external_regulation,0.67463326,0.5925541520118713,0.1499454528093338,True
qb_014860,policy_prescription,qb_014860__policy_prescription,0.74632037,0.5739626884460449,0.15097755193710327,True
qb_014860,political,qb_014860__political,0.5818574,0.5247704982757568,0.15792988240718842,True
qb_006574,legality_constitutionality,qb_006574__legality_constitutionality,0.52360344,0.42609697580337524,0.25901859998703003,True
qb_006574,crime_and_punishment,qb_006574__crime_and_punishment,0.7136608,0.6013674736022949,0.31373003125190735,True
qb_006574,political,qb_006574__political,0.663645,0.5135915279388428,0.2460331916809082,True
qb_006574,security_and_defense,qb_006574__security_and_defense,0.6891985,0.5385796427726746,0.260977178812027,True
qb_006574,public_sentiment,qb_006574__public_sentiment,0.72772527,0.5339721441268921,0.31667834520339966,True
qb_013758,legality_constitutionality,qb_013758__legality_constitutionality,0.65789413,0.5764991044998169,0.21954596042633057,True
qb_013758,political,qb_013758__political,0.80406857,0.6050624847412109,0.2490297555923462,True
qb_013758,crime_and_punishment,qb_013758__crime_and_punishment,0.6928001,0.6869263648986816,0.2442079484462738,True
qb_014665,legality_constitutionality,qb_014665__legality_constitutionality,0.7313468,0.5978862047195435,0.15985631942749023,True
qb_014665,health_and_safety,qb_014665__health_and_safety,0.7405125,0.6066499948501587,0.12930044531822205,True
qb_000799,security_and_defense,qb_000799__security_and_defense,0.6577202,0.597618818283081,0.2740127742290497,True
qb_000799,political,qb_000799__political,0.6330457,0.6069654226303101,0.29035571217536926,True
qb_000799,external_regulation,qb_000799__external_regulation,0.7666238,0.6653892397880554,0.2361466884613037,True
qb_000799,capacity_and_resources,qb_000799__capacity_and_resources,0.74543995,0.556653618812561,0.24839551746845245,True
qb_000799,policy_prescription,qb_000799__policy_prescription,0.7036887,0.6725637316703796,0.2518923878669739,True
qb_000799,crime_and_punishment,qb_000799__crime_and_punishment,0.7014598,0.605893611907959,0.21745534241199493,True
qb_014657,political,qb_014657__political,0.873433,0.6473473310470581,0.19948449730873108,True
qb_014657,public_sentiment,qb_014657__public_sentiment,0.74581283,0.5523576736450195,0.24534277617931366,True
qb_014283,crime_and_punishment,qb_014283__crime_and_punishment,0.5454085,0.41695526242256165,0.20113828778266907,True
qb_014283,legality_constitutionality,qb_014283__legality_constitutionality,0.6754248,0.5243244171142578,0.1648942530155182,True
qb_014283,public_sentiment,qb_014283__public_sentiment,0.76628184,0.44112446904182434,0.2020900994539261,True
qb_014283,morality,qb_014283__morality,0.7163254,0.43197426199913025,0.13763272762298584,True
qb_000880,health_and_safety,qb_000880__health_and_safety,0.74803925,0.566673755645752,0.1910705268383026,True
qb_000880,policy_prescription,qb_000880__policy_prescription,0.73331285,0.5754003524780273,0.1894645392894745,True
qb_000880,capacity_and_resources,qb_000880__capacity_and_resources,0.7093734,0.5734626650810242,0.19278943538665771,True
qb_000880,economic,qb_000880__economic,0.6921611,0.6032708883285522,0.20025749504566193,True
qb_000880,quality_of_life,qb_000880__quality_of_life,0.76220834,0.5965183973312378,0.28750354051589966,True
qb_000880,political,qb_000880__political,0.81208515,0.5579636096954346,0.23816975951194763,True
qb_000880,security_and_defense,qb_000880__security_and_defense,0.69320476,0.5937137603759766,0.221853107213974,True
qb_000880,cultural_identity,qb_000880__cultural_identity,0.812626,0.4617367386817932,0.22160938382148743,True
qb_021024,external_regulation,qb_021024__external_regulation,0.80611616,0.5897846221923828,0.1839766800403595,True
qb_021024,political,qb_021024__political,0.77671087,0.5267196893692017,0.20166301727294922,True
qb_013479,cultural_identity,qb_013479__cultural_identity,0.73281103,0.5208439230918884,0.19830764830112457,True
qb_013479,public_sentiment,qb_013479__public_sentiment,0.8113017,0.6262400150299072,0.2482578307390213,True
qb_013479,fairness_and_equality,qb_013479__fairness_and_equality,0.72562873,0.5571163296699524,0.1915496587753296,True
qb_013479,crime_and_punishment,qb_013479__crime_and_punishment,0.6224265,0.5768283605575562,0.23673231899738312,True
qb_013479,security_and_defense,qb_013479__security_and_defense,0.71478844,0.595932126045227,0.21810881793498993,True
qb_021006,crime_and_punishment,qb_021006__crime_and_punishment,0.6886823,0.5246084928512573,0.17529551684856415,True
qb_021006,legality_constitutionality,qb_021006__legality_constitutionality,0.7213671,0.5577787160873413,0.153961181640625,True
qb_021006,security_and_defense,qb_021006__security_and_defense,0.72600013,0.4715964198112488,0.23883220553398132,True
qb_016572,political,qb_016572__political,0.63660705,0.5630577802658081,0.22162823379039764,True
qb_016572,policy_prescription,qb_016572__policy_prescription,0.62550783,0.46952024102211,0.2587045729160309,True
qb_016572,morality,qb_016572__morality,0.6359722,0.49377351999282837,0.22042760252952576,True
qb_006350,economic,qb_006350__economic,0.71274924,0.604089081287384,0.23185768723487854,True
qb_006350,quality_of_life,qb_006350__quality_of_life,0.7461356,0.5985876321792603,0.20942094922065735,True
qb_003967,legality_constitutionality,qb_003967__legality_constitutionality,0.6969229,0.6409849524497986,0.18355023860931396,True
qb_003967,economic,qb_003967__economic,0.7202122,0.599398672580719,0.15590333938598633,True
qb_003967,cultural_identity,qb_003967__cultural_identity,0.8094277,0.59427410364151,0.13149172067642212,True
qb_003967,public_sentiment,qb_003967__public_sentiment,0.8447328,0.4827826917171478,0.21599304676055908,True
qb_021019,economic,qb_021019__economic,0.6196257,,0.1778249442577362,False
qb_012001,policy_prescription,qb_012001__policy_prescription,0.7321029,0.5987239480018616,0.20933254063129425,True
qb_012001,legality_constitutionality,qb_012001__legality_constitutionality,0.66155744,0.5708240866661072,0.23893778026103973,True
qb_012001,political,qb_012001__political,0.64244586,0.5839130282402039,0.28598669171333313,True
qb_012001,security_and_defense,qb_012001__security_and_defense,0.70466304,0.5503872036933899,0.24936875700950623,True
qb_021366,political,qb_021366__political,0.7842942,0.5788781642913818,0.22967223823070526,True
qb_021366,policy_prescription,qb_021366__policy_prescription,0.66607255,0.5215033292770386,0.16036131978034973,True
qb_021366,public_sentiment,qb_021366__public_sentiment,0.7368289,0.5421891212463379,0.22654978930950165,True
qb_021366,health_and_safety,qb_021366__health_and_safety,0.61955535,0.504380464553833,0.22347192466259003,True
qb_007404,economic,qb_007404__economic,0.6812726,0.5333229899406433,0.17328616976737976,True
qb_007404,political,qb_007404__political,0.6020818,0.5000095367431641,0.28338152170181274,True
qb_007404,capacity_and_resources,qb_007404__capacity_and_resources,0.6989509,0.5337406992912292,0.1603023111820221,True
qb_007404,public_sentiment,qb_007404__public_sentiment,0.70518607,0.45586681365966797,0.267767995595932,True
qb_007404,policy_prescription,qb_007404__policy_prescription,0.6882034,0.5641888380050659,0.22369644045829773,True
qb_007404,morality,qb_007404__morality,0.6715722,0.5536645650863647,0.19759799540042877,True
qb_005623,legality_constitutionality,qb_005623__legality_constitutionality,0.6547947,0.6965921521186829,0.22165167331695557,True
qb_005623,political,qb_005623__political,0.7853323,0.5360826253890991,0.2779512405395508,True
qb_009740,legality_constitutionality,qb_009740__legality_constitutionality,0.7904924,0.49415329098701477,0.19482098519802094,True
qb_009740,political,qb_009740__political,0.7159325,0.6656169295310974,0.21390604972839355,True
qb_009740,crime_and_punishment,qb_009740__crime_and_punishment,0.73821336,0.5424869060516357,0.24188046157360077,True
qb_009740,security_and_defense,qb_009740__security_and_defense,0.8091004,0.6035850644111633,0.24992279708385468,True
qb_009829,political,qb_009829__political,0.80290544,0.697899580001831,0.22375862300395966,True
qb_009829,public_sentiment,qb_009829__public_sentiment,0.73423135,0.6578951478004456,0.22482354938983917,True
qb_009829,policy_prescription,qb_009829__policy_prescription,0.82429886,0.6817824244499207,0.2681521475315094,True
qb_009829,capacity_and_resources,qb_009829__capacity_and_resources,0.85260683,0.6462959051132202,0.20266088843345642,True
qb_009829,security_and_defense,qb_009829__security_and_defense,0.8292698,0.6764984130859375,0.25225141644477844,True
qb_007231,legality_constitutionality,qb_007231__legality_constitutionality,0.5350586,0.469467431306839,0.21208667755126953,True
qb_007231,policy_prescription,qb_007231__policy_prescription,0.78699446,0.5856488943099976,0.23901376128196716,True
qb_007231,political,qb_007231__political,0.7012235,0.47622156143188477,0.24436351656913757,True
qb_017878,public_sentiment,qb_017878__public_sentiment,0.6735793,0.8131594657897949,0.20434913039207458,True
qb_017878,political,qb_017878__political,0.65935206,0.5324738025665283,0.21182489395141602,True
qb_003103,political,qb_003103__political,0.77519196,0.5122389197349548,0.34380146861076355,True
qb_003103,external_regulation,qb_003103__external_regulation,0.6248143,0.6145368218421936,0.33012571930885315,True
qb_003103,security_and_defense,qb_003103__security_and_defense,0.7990163,0.7106815576553345,0.27239829301834106,True
qb_012021,health_and_safety,qb_012021__health_and_safety,0.68799365,0.6395511627197266,0.15949352085590363,True
qb_012021,fairness_and_equality,qb_012021__fairness_and_equality,0.84043133,0.5962610840797424,0.2127731740474701,True
qb_012021,external_regulation,qb_012021__external_regulation,0.74221003,0.6714961528778076,0.193452388048172,True
qb_012021,capacity_and_resources,qb_012021__capacity_and_resources,0.7638104,0.648814857006073,0.21096882224082947,True
qb_012021,public_sentiment,qb_012021__public_sentiment,0.7765385,0.5786393880844116,0.25191107392311096,True
qb_015491,health_and_safety,qb_015491__health_and_safety,0.78685284,0.5906054377555847,0.23866479098796844,True
qb_015491,capacity_and_resources,qb_015491__capacity_and_resources,0.61907864,0.4618273079395294,0.1356365978717804,True
qb_015491,policy_prescription,qb_015491__policy_prescription,0.75530076,0.7091246247291565,0.20768482983112335,True
qb_015491,quality_of_life,qb_015491__quality_of_life,0.5893241,0.6359750628471375,0.23799987137317657,True
qb_010739,legality_constitutionality,qb_010739__legality_constitutionality,0.72269917,0.581365168094635,0.22751088440418243,True
qb_010739,policy_prescription,qb_010739__policy_prescription,0.6709482,0.619284987449646,0.19973382353782654,True
qb_010739,crime_and_punishment,qb_010739__crime_and_punishment,0.4879375,0.6886491179466248,0.28739529848098755,True
qb_010739,political,qb_010739__political,0.6101598,0.4950806796550751,0.2437725067138672,True
qb_009402,external_regulation,qb_009402__external_regulation,0.6666647,0.39555275440216064,0.21269941329956055,True
qb_009402,political,qb_009402__political,0.7462884,0.3851279020309448,0.28827422857284546,True
qb_001857,health_and_safety,qb_001857__health_and_safety,0.725934,0.6659115552902222,0.17650273442268372,True
qb_001857,capacity_and_resources,qb_001857__capacity_and_resources,0.7163915,0.6411210894584656,0.22495846450328827,True
qb_001857,security_and_defense,qb_001857__security_and_defense,0.7779689,0.7094554901123047,0.12872938811779022,True
qb_011139,legality_constitutionality,qb_011139__legality_constitutionality,0.6036237,0.49244624376296997,0.18263594806194305,True
qb_011139,political,qb_011139__political,0.6467673,0.4766445457935333,0.23360010981559753,True
qb_011139,public_sentiment,qb_011139__public_sentiment,0.60684735,0.503471314907074,0.23467795550823212,True
qb_001997,policy_prescription,qb_001997__policy_prescription,0.7513292,0.7092569470405579,0.1872922033071518,True
qb_001997,political,qb_001997__political,0.82040894,0.568541407585144,0.2619778513908386,True
qb_001997,economic,qb_001997__economic,0.809327,0.6009132266044617,0.21039040386676788,True
qb_001997,health_and_safety,qb_001997__health_and_safety,0.7062416,0.6120386123657227,0.21233494579792023,True
qb_017682,security_and_defense,qb_017682__security_and_defense,0.79959166,0.6115140318870544,0.15733060240745544,True
qb_017682,external_regulation,qb_017682__external_regulation,0.71680975,0.5098502039909363,0.25885382294654846,True
qb_017682,political,qb_017682__political,0.7668153,0.4563269019126892,0.23025350272655487,True
qb_017682,capacity_and_resources,qb_017682__capacity_and_resources,0.7328395,0.5263816118240356,0.22279539704322815,True
qb_017682,health_and_safety,qb_017682__health_and_safety,0.7654088,0.4418194890022278,0.12317974865436554,True
qb_016811,political,qb_016811__political,0.65310466,0.4740418791770935,0.28118833899497986,True
qb_016811,legality_constitutionality,qb_016811__legality_constitutionality,0.646814,0.4355199933052063,0.19504475593566895,True
qb_016811,public_sentiment,qb_016811__public_sentiment,0.68193847,0.49037885665893555,0.25500136613845825,True
qb_013355,health_and_safety,qb_013355__health_and_safety,0.7537724,0.554821789264679,0.1494329273700714,True
qb_013355,capacity_and_resources,qb_013355__capacity_and_resources,0.6377066,0.5201132893562317,0.19741372764110565,True
qb_013355,legality_constitutionality,qb_013355__legality_constitutionality,0.69445616,0.6319138407707214,0.1738501787185669,True
qb_013355,political,qb_013355__political,0.67640483,0.5799012780189514,0.22720308601856232,True
qb_014337,political,qb_014337__political,0.66753,0.6548706293106079,0.2673855423927307,True
qb_014337,security_and_defense,qb_014337__security_and_defense,0.7559477,0.5633753538131714,0.2061871588230133,True
qb_020112,political,qb_020112__political,0.6988232,0.5919251441955566,0.23310787975788116,True
qb_020112,policy_prescription,qb_020112__policy_prescription,0.6659354,0.5170292258262634,0.23368367552757263,True
qb_020112,health_and_safety,qb_020112__health_and_safety,0.6266897,0.4842837154865265,0.18036790192127228,True
qb_020112,public_sentiment,qb_020112__public_sentiment,0.64375424,0.5310900807380676,0.22923989593982697,True
qb_007912,policy_prescription,qb_007912__policy_prescription,0.8607129,0.7014254927635193,0.1948925256729126,True
qb_007912,fairness_and_equality,qb_007912__fairness_and_equality,0.856027,0.727243185043335,0.1833631694316864,True
qb_007912,cultural_identity,qb_007912__cultural_identity,0.8114923,0.7331330180168152,0.19418206810951233,True
qb_007912,public_sentiment,qb_007912__public_sentiment,0.7359746,0.6686455607414246,0.18681907653808594,True
qb_013811,economic,qb_013811__economic,0.6200428,0.5041586756706238,0.30183619260787964,True
qb_013811,policy_prescription,qb_013811__policy_prescription,0.7414458,0.532063901424408,0.2582891285419464,True
qb_013811,capacity_and_resources,qb_013811__capacity_and_resources,0.6733311,0.5653132200241089,0.25959813594818115,True
qb_013811,political,qb_013811__political,0.7648982,0.5546345114707947,0.31785669922828674,True
qb_013811,public_sentiment,qb_013811__public_sentiment,0.66724443,0.5158475637435913,0.26347002387046814,True
qb_008444,political,qb_008444__political,0.55115926,0.43322882056236267,0.19343504309654236,True
qb_008444,capacity_and_resources,qb_008444__capacity_and_resources,0.6264811,0.5543380975723267,0.16839705407619476,True
qb_008444,public_sentiment,qb_008444__public_sentiment,0.687078,0.5748652219772339,0.15715554356575012,True
qb_012352,legality_constitutionality,qb_012352__legality_constitutionality,0.7713378,0.6538546681404114,0.291317343711853,True
qb_012352,crime_and_punishment,qb_012352__crime_and_punishment,0.79936403,0.6364218592643738,0.15731856226921082,True
qb_012352,political,qb_012352__political,0.7523959,0.6094655394554138,0.26503580808639526,True
qb_012352,external_regulation,qb_012352__external_regulation,0.789431,0.5870797038078308,0.2747308313846588,True
qb_004548,security_and_defense,qb_004548__security_and_defense,0.6909963,0.6140677332878113,0.29919755458831787,True
qb_004548,external_regulation,qb_004548__external_regulation,0.7063159,0.6386114954948425,0.26696744561195374,True
qb_004548,economic,qb_004548__economic,0.7095178,0.5439599752426147,0.2140440046787262,True
qb_004548,policy_prescription,qb_004548__policy_prescription,0.75105655,0.6003338098526001,0.20883497595787048,True
qb_004548,legality_constitutionality,qb_004548__legality_constitutionality,0.55813015,0.5183392763137817,0.2883961498737335,True
qb_004548,political,qb_004548__political,0.81026334,0.6386568546295166,0.3024067282676697,True
qb_009185,political,qb_009185__political,0.77775276,0.5378149151802063,0.29058533906936646,True
qb_009185,legality_constitutionality,qb_009185__legality_constitutionality,0.673051,0.5872368216514587,0.17899450659751892,True
qb_009185,crime_and_punishment,qb_009185__crime_and_punishment,0.61697984,0.6201192140579224,0.28194576501846313,True
qb_010133,health_and_safety,qb_010133__health_and_safety,0.806713,0.704168975353241,0.25758975744247437,True
qb_010133,public_sentiment,qb_010133__public_sentiment,0.7202166,0.6422128081321716,0.2575816512107849,True
qb_010133,political,qb_010133__political,0.7636594,0.799826443195343,0.19508472084999084,True
qb_010133,policy_prescription,qb_010133__policy_prescription,0.8040025,0.6713916659355164,0.2331990748643875,True
qb_002573,policy_prescription,qb_002573__policy_prescription,0.80116427,0.7311155796051025,0.21690674126148224,True
qb_002573,legality_constitutionality,qb_002573__legality_constitutionality,0.7808737,0.6261764168739319,0.21101431548595428,True
qb_002573,political,qb_002573__political,0.7561716,0.7426456212997437,0.25912147760391235,True
qb_002573,fairness_and_equality,qb_002573__fairness_and_equality,0.6837758,0.5501104593276978,0.20016229152679443,True
qb_002573,economic,qb_002573__economic,0.7807562,0.6968411803245544,0.25248903036117554,True
qb_008540,legality_constitutionality,qb_008540__legality_constitutionality,0.67847204,0.6207219362258911,0.21714600920677185,True
qb_008540,political,qb_008540__political,0.6857053,0.5676265358924866,0.25436344742774963,True
qb_012198,economic,qb_012198__economic,0.5494436,0.6206479668617249,0.2647239565849304,True
qb_012198,external_regulation,qb_012198__external_regulation,0.65848863,0.5843930840492249,0.2619224190711975,True
qb_012198,policy_prescription,qb_012198__policy_prescription,0.6934932,0.6045202612876892,0.2530260980129242,True
qb_004362,capacity_and_resources,qb_004362__capacity_and_resources,0.782047,0.6339287757873535,0.1925208866596222,True
qb_004362,health_and_safety,qb_004362__health_and_safety,0.72088826,0.6576732397079468,0.20100459456443787,True
qb_004362,economic,qb_004362__economic,0.8073906,0.6045302152633667,0.13416185975074768,True
qb_002881,economic,qb_002881__economic,0.64091146,0.45710501074790955,0.12612466514110565,True
qb_002881,public_sentiment,qb_002881__public_sentiment,0.75412774,0.4849129915237427,0.14578893780708313,True
qb_007498,economic,qb_007498__economic,0.5495421,0.485745906829834,0.28126683831214905,True
qb_007498,health_and_safety,qb_007498__health_and_safety,0.6820752,0.5110284686088562,0.17474250495433807,True
qb_007498,policy_prescription,qb_007498__policy_prescription,0.83207154,0.5309799909591675,0.2048298418521881,True
qb_007498,quality_of_life,qb_007498__quality_of_life,0.58614826,0.5942686200141907,0.2755785286426544,True
qb_014289,economic,qb_014289__economic,0.55223984,0.550159215927124,0.19805988669395447,True
qb_014289,policy_prescription,qb_014289__policy_prescription,0.6273631,0.5716716647148132,0.2811346650123596,True
qb_014289,fairness_and_equality,qb_014289__fairness_and_equality,0.6789952,0.6088001132011414,0.1880098581314087,True
qb_014289,political,qb_014289__political,0.6804798,0.5059512257575989,0.25136297941207886,True
qb_014289,health_and_safety,qb_014289__health_and_safety,0.6779175,0.4836846590042114,0.2256610095500946,True
qb_000304,political,qb_000304__political,0.71586466,0.6084825992584229,0.2223704755306244,True
qb_000304,policy_prescription,qb_000304__policy_prescription,0.80068505,0.6383348107337952,0.22574906051158905,True
qb_000304,health_and_safety,qb_000304__health_and_safety,0.69818664,0.5450924634933472,0.19144278764724731,True
qb_000304,public_sentiment,qb_000304__public_sentiment,0.73477566,0.5677657723426819,0.1932917982339859,True
qb_000304,legality_constitutionality,qb_000304__legality_constitutionality,0.8386296,0.4781404137611389,0.28154072165489197,True
qb_008563,legality_constitutionality,qb_008563__legality_constitutionality,0.74167347,0.5984781980514526,0.14938436448574066,True
qb_008563,crime_and_punishment,qb_008563__crime_and_punishment,0.82074714,0.45209044218063354,0.2507340908050537,True
qb_010337,security_and_defense,qb_010337__security_and_defense,0.7565855,0.6808764338493347,0.17493601143360138,True
qb_010337,external_regulation,qb_010337__external_regulation,0.7086334,0.6905978322029114,0.20070520043373108,True
qb_010337,crime_and_punishment,qb_010337__crime_and_punishment,0.7803034,0.6212995648384094,0.2221793234348297,True
qb_010337,policy_prescription,qb_010337__policy_prescription,0.70920736,0.7058412432670593,0.30457422137260437,True
qb_014455,legality_constitutionality,qb_014455__legality_constitutionality,0.7777163,0.7101224064826965,0.257116436958313,True
qb_014455,policy_prescription,qb_014455__policy_prescription,0.802992,0.6684791445732117,0.23148417472839355,True
qb_014455,security_and_defense,qb_014455__security_and_defense,0.8002838,0.6315067410469055,0.231131911277771,True
qb_014455,political,qb_014455__political,0.7186589,0.5729262828826904,0.2523910403251648,True
qb_007731,economic,qb_007731__economic,0.7308899,0.5000896453857422,0.23930037021636963,True
qb_007731,external_regulation,qb_007731__external_regulation,0.70104116,0.5117883086204529,0.19981180131435394,True
qb_007731,policy_prescription,qb_007731__policy_prescription,0.8177531,0.5629855990409851,0.19539424777030945,True
qb_007731,political,qb_007731__political,0.7880068,0.45733165740966797,0.2631756663322449,True
qb_013219,political,qb_013219__political,0.8907148,0.7576152682304382,0.1810750961303711,True
qb_013219,crime_and_punishment,qb_013219__crime_and_punishment,0.78427863,0.8243179321289062,0.22237654030323029,True
qb_010824,security_and_defense,qb_010824__security_and_defense,0.7270743,0.5583857893943787,0.2088187038898468,True
qb_010824,external_regulation,qb_010824__external_regulation,0.8192029,0.6541693210601807,0.2984067499637604,True
qb_010824,political,qb_010824__political,0.79547584,0.5427790880203247,0.18591080605983734,True
qb_010824,capacity_and_resources,qb_010824__capacity_and_resources,0.76750314,0.590222954750061,0.18009385466575623,True
qb_010824,morality,qb_010824__morality,0.76326156,0.5516263246536255,0.19640323519706726,True
qb_000130,policy_prescription,qb_000130__policy_prescription,0.76136076,0.6053564548492432,0.24608688056468964,True
qb_000130,political,qb_000130__political,0.682789,0.47599416971206665,0.17183971405029297,True
qb_000130,legality_constitutionality,qb_000130__legality_constitutionality,0.72043407,0.6934171915054321,0.27702614665031433,True
qb_020092,security_and_defense,qb_020092__security_and_defense,0.74112034,0.6217453479766846,0.21724562346935272,True
qb_020092,external_regulation,qb_020092__external_regulation,0.702444,0.6269209384918213,0.17453406751155853,True
qb_020092,policy_prescription,qb_020092__policy_prescription,0.6498895,0.6199579238891602,0.2627336382865906,True
qb_020092,political,qb_020092__political,0.75020915,0.5618443489074707,0.25257742404937744,True
qb_018514,cultural_identity,qb_018514__cultural_identity,0.72432184,0.6700482964515686,0.1909034550189972,True
qb_018514,legality_constitutionality,qb_018514__legality_constitutionality,0.8449371,0.673050045967102,0.2704319655895233,True
qb_018514,political,qb_018514__political,0.8423002,0.663979172706604,0.22922596335411072,True
qb_015469,political,qb_015469__political,0.74583554,0.49058568477630615,0.3104844391345978,True
qb_015469,policy_prescription,qb_015469__policy_prescription,0.7004039,0.6566734313964844,0.2537858486175537,True
qb_015469,health_and_safety,qb_015469__health_and_safety,0.6550019,0.545742392539978,0.24477434158325195,True
qb_002913,political,qb_002913__political,0.61339164,0.5127861499786377,0.2327834665775299,True
qb_002913,legality_constitutionality,qb_002913__legality_constitutionality,0.7097212,0.5372948050498962,0.19661054015159607,True
qb_002913,fairness_and_equality,qb_002913__fairness_and_equality,0.68858784,0.4620774984359741,0.28810355067253113,True
qb_007003,health_and_safety,qb_007003__health_and_safety,0.73702604,0.6214607357978821,0.18719162046909332,True
qb_007003,policy_prescription,qb_007003__policy_prescription,0.8033464,0.8264009952545166,0.20123820006847382,True
qb_007003,political,qb_007003__political,0.7441821,0.6323127150535583,0.32338300347328186,True
qb_019323,legality_constitutionality,qb_019323__legality_constitutionality,0.78479564,0.7060708999633789,0.21162109076976776,True
qb_019323,political,qb_019323__political,0.71476865,0.674757719039917,0.21139934659004211,True
qb_021411,security_and_defense,qb_021411__security_and_defense,0.70270956,0.7003807425498962,0.18947753310203552,True
qb_021411,crime_and_punishment,qb_021411__crime_and_punishment,0.7234111,0.5929139256477356,0.28458210825920105,True
qb_021411,public_sentiment,qb_021411__public_sentiment,0.7849331,0.5740035176277161,0.16481295228004456,True
qb_021411,morality,qb_021411__morality,0.7593439,0.6162416338920593,0.16351310908794403,True
qb_019236,political,qb_019236__political,0.78147507,0.7418999671936035,0.22155222296714783,True
qb_019236,public_sentiment,qb_019236__public_sentiment,0.8188641,0.7283128499984741,0.21449652314186096,True
qb_008843,political,qb_008843__political,0.7072127,0.6305421590805054,0.23350921273231506,True
qb_008843,morality,qb_008843__morality,0.79755276,0.567507803440094,0.26022225618362427,True
qb_008843,legality_constitutionality,qb_008843__legality_constitutionality,0.60756063,0.5709124803543091,0.16480699181556702,True
qb_018422,external_regulation,qb_018422__external_regulation,0.7130545,0.6127000451087952,0.19500748813152313,True
qb_018422,security_and_defense,qb_018422__security_and_defense,0.7083259,0.5912263989448547,0.1646856963634491,True
qb_018422,political,qb_018422__political,0.7242077,0.4384835362434387,0.2837435305118561,True
qb_004775,economic,qb_004775__economic,0.6823803,0.566135048866272,0.21792364120483398,True
qb_004775,political,qb_004775__political,0.7988293,0.467471182346344,0.31847843527793884,True
qb_004775,policy_prescription,qb_004775__policy_prescription,0.7326926,0.613370954990387,0.2507708966732025,True
qb_001374,legality_constitutionality,qb_001374__legality_constitutionality,0.71768594,0.8211090564727783,0.23995649814605713,True
qb_001374,crime_and_punishment,qb_001374__crime_and_punishment,0.7014652,0.6862930655479431,0.21512524783611298,True
qb_001374,fairness_and_equality,qb_001374__fairness_and_equality,0.6672808,0.5100858807563782,0.13806846737861633,True
qb_001374,morality,qb_001374__morality,0.7069849,0.5006230473518372,0.18402616679668427,True
qb_001374,economic,qb_001374__economic,0.5303141,0.5416414737701416,0.12090395390987396,True
qb_017250,legality_constitutionality,qb_017250__legality_constitutionality,0.7784767,0.6906043291091919,0.12720069289207458,True
qb_017250,crime_and_punishment,qb_017250__crime_and_punishment,0.74834967,0.7727013230323792,0.2316572368144989,True
qb_017250,policy_prescription,qb_017250__policy_prescription,0.58548355,0.5423039197921753,0.21018123626708984,True
qb_017250,political,qb_017250__political,0.71715456,0.7278162837028503,0.2445354014635086,True
qb_017250,external_regulation,qb_017250__external_regulation,0.7041336,0.6215440630912781,0.2263130247592926,True
qb_007063,legality_constitutionality,qb_007063__legality_constitutionality,0.7965379,0.5889898538589478,0.23200619220733643,True
qb_007063,crime_and_punishment,qb_007063__crime_and_punishment,0.6466578,0.6858474016189575,0.1916908323764801,True
qb_007063,political,qb_007063__political,0.64185286,0.5973845720291138,0.1892862766981125,True
qb_002903,economic,qb_002903__economic,0.7009354,0.7594534754753113,0.19974598288536072,True
qb_002903,capacity_and_resources,qb_002903__capacity_and_resources,0.75659883,0.7291228175163269,0.17305493354797363,True
qb_002903,policy_prescription,qb_002903__policy_prescription,0.83198386,0.7571056485176086,0.26430341601371765,True
qb_002903,quality_of_life,qb_002903__quality_of_life,0.87228256,0.7421198487281799,0.1556924432516098,True
qb_017394,political,qb_017394__political,0.6841412,0.4549039900302887,0.2229681760072708,True
qb_017394,security_and_defense,qb_017394__security_and_defense,0.826714,0.59989333152771,0.26821112632751465,True
qb_017394,crime_and_punishment,qb_017394__crime_and_punishment,0.7844119,0.5390485525131226,0.2878277599811554,True
qb_002008,security_and_defense,qb_002008__security_and_defense,0.7632083,0.6379072666168213,0.21936509013175964,True
qb_002008,public_sentiment,qb_002008__public_sentiment,0.7441459,0.6201889514923096,0.22369293868541718,True
qb_002008,crime_and_punishment,qb_002008__crime_and_punishment,0.7171763,0.667887806892395,0.250481516122818,True
qb_017046,security_and_defense,qb_017046__security_and_defense,0.5925327,0.5639166831970215,0.2622625231742859,True
qb_017046,policy_prescription,qb_017046__policy_prescription,0.66957474,0.6217148303985596,0.22171854972839355,True
qb_017046,political,qb_017046__political,0.6467611,0.5797645449638367,0.3103349804878235,True
qb_017046,external_regulation,qb_017046__external_regulation,0.72916025,0.6142273545265198,0.2619186043739319,True
qb_017046,legality_constitutionality,qb_017046__legality_constitutionality,0.7851717,0.710997998714447,0.24766290187835693,True
qb_019419,policy_prescription,qb_019419__policy_prescription,0.6630736,0.52504563331604,0.22866025567054749,True
qb_019419,security_and_defense,qb_019419__security_and_defense,0.6001432,0.5443446040153503,0.2941822111606598,True
qb_019419,capacity_and_resources,qb_019419__capacity_and_resources,0.6696123,0.49768391251564026,0.2459324598312378,True
qb_019419,political,qb_019419__political,0.80761623,0.49362531304359436,0.2418946921825409,True
qb_019419,legality_constitutionality,qb_019419__legality_constitutionality,0.6660982,0.4446879029273987,0.24042578041553497,True
qb_019419,cultural_identity,qb_019419__cultural_identity,0.7001916,0.3775658905506134,0.1398683488368988,True
qb_002093,public_sentiment,qb_002093__public_sentiment,0.7829137,0.6247369050979614,0.1936652958393097,True
qb_002093,cultural_identity,qb_002093__cultural_identity,0.71261156,0.6589562892913818,0.15665310621261597,True
qb_002961,capacity_and_resources,qb_002961__capacity_and_resources,0.7981161,0.5857647657394409,0.1270189732313156,True
qb_002961,other,qb_002961__other,0.743341,0.4674775004386902,0.1306852400302887,True
qb_006513,public_sentiment,qb_006513__public_sentiment,0.7164496,0.572062075138092,0.3420564532279968,True
qb_006513,political,qb_006513__political,0.6260829,0.5337437987327576,0.3034275472164154,True
qb_006513,crime_and_punishment,qb_006513__crime_and_punishment,0.75600874,0.6360800862312317,0.21569640934467316,True
qb_006513,policy_prescription,qb_006513__policy_prescription,0.79033244,0.6102283596992493,0.2456611692905426,True
qb_015782,political,qb_015782__political,0.8319472,0.630864143371582,0.2652740478515625,True
qb_015782,legality_constitutionality,qb_015782__legality_constitutionality,0.7013998,0.6540684700012207,0.28837820887565613,True
qb_015782,external_regulation,qb_015782__external_regulation,0.6246595,0.5577967762947083,0.27064433693885803,True
qb_015782,public_sentiment,qb_015782__public_sentiment,0.6715414,0.6024558544158936,0.2928115129470825,True
qb_010566,political,qb_010566__political,0.6707964,0.5433770418167114,0.23422761261463165,True
qb_010566,legality_constitutionality,qb_010566__legality_constitutionality,0.6015202,0.5784693956375122,0.16081328690052032,True
qb_010566,policy_prescription,qb_010566__policy_prescription,0.70864487,0.582247257232666,0.2182941883802414,True
qb_013964,legality_constitutionality,qb_013964__legality_constitutionality,0.71331,0.7146852016448975,0.2392837107181549,True
qb_013964,security_and_defense,qb_013964__security_and_defense,0.7638413,0.6992042064666748,0.172816663980484,True
qb_013964,crime_and_punishment,qb_013964__crime_and_punishment,0.79347646,0.7194108366966248,0.22963061928749084,True
qb_013964,policy_prescription,qb_013964__policy_prescription,0.7716301,0.7058743834495544,0.2335093915462494,True
qb_013964,external_regulation,qb_013964__external_regulation,0.71104014,0.7871346473693848,0.26135411858558655,True
qb_005506,cultural_identity,qb_005506__cultural_identity,0.65913266,0.6944952011108398,0.24033351242542267,True
qb_005506,political,qb_005506__political,0.7901037,0.6086264252662659,0.21579217910766602,True
qb_005506,fairness_and_equality,qb_005506__fairness_and_equality,0.808448,0.6493401527404785,0.17443576455116272,True
qb_004298,security_and_defense,qb_004298__security_and_defense,0.7143622,0.6322461366653442,0.22993126511573792,True
qb_004298,policy_prescription,qb_004298__policy_prescription,0.7192719,0.6392365097999573,0.21366813778877258,True
qb_004298,fairness_and_equality,qb_004298__fairness_and_equality,0.6226766,0.5350651144981384,0.19065093994140625,True
qb_004298,capacity_and_resources,qb_004298__capacity_and_resources,0.6206506,0.6182760000228882,0.16755372285842896,True
qb_004298,economic,qb_004298__economic,0.75429773,0.578643798828125,0.19470524787902832,True
qb_004298,health_and_safety,qb_004298__health_and_safety,0.620553,0.6422345042228699,0.231699138879776,True
qb_004298,political,qb_004298__political,0.75401664,0.5126058459281921,0.2296038120985031,True
qb_004298,cultural_identity,qb_004298__cultural_identity,0.7248056,0.5943108797073364,0.2129170149564743,True
qb_000602,legality_constitutionality,qb_000602__legality_constitutionality,0.65305555,0.5951430797576904,0.19517721235752106,True
qb_000602,economic,qb_000602__economic,0.6791742,0.4353197515010834,0.1597612202167511,True
qb_000602,political,qb_000602__political,0.74129665,0.48351481556892395,0.23951177299022675,True
qb_000602,policy_prescription,qb_000602__policy_prescription,0.7081653,0.4736798107624054,0.27349504828453064,True
qb_004504,legality_constitutionality,qb_004504__legality_constitutionality,0.6207446,0.6290961503982544,0.19511190056800842,True
qb_004504,economic,qb_004504__economic,0.70802236,0.5764103531837463,0.21300271153450012,True
qb_004504,health_and_safety,qb_004504__health_and_safety,0.74041265,0.5830259323120117,0.26323527097702026,True
qb_004504,crime_and_punishment,qb_004504__crime_and_punishment,0.6569007,0.6710293292999268,0.1881663054227829,True
qb_004504,public_sentiment,qb_004504__public_sentiment,0.65315664,0.5475351810455322,0.26347655057907104,True
qb_012039,political,qb_012039__political,0.73851913,0.6827197074890137,0.1736893206834793,True
qb_012039,morality,qb_012039__morality,0.7990885,0.7221873998641968,0.2476520836353302,True
qb_000088,political,qb_000088__political,0.6161736,0.5072565674781799,0.27588242292404175,True
qb_000088,external_regulation,qb_000088__external_regulation,0.72447276,0.607044517993927,0.20328371226787567,True
qb_000088,policy_prescription,qb_000088__policy_prescription,0.58705884,0.642646074295044,0.3050374388694763,True
qb_000088,economic,qb_000088__economic,0.82067484,0.5714626908302307,0.1905103176832199,True
qb_000088,public_sentiment,qb_000088__public_sentiment,0.7205003,0.501757800579071,0.20829319953918457,True
qb_001527,external_regulation,qb_001527__external_regulation,0.7608988,0.6095958948135376,0.23733024299144745,True
qb_001527,security_and_defense,qb_001527__security_and_defense,0.6694361,0.6550785303115845,0.27863624691963196,True
qb_001527,political,qb_001527__political,0.7589104,0.5342691540718079,0.24521370232105255,True
qb_000241,political,qb_000241__political,0.79846716,0.6084408760070801,0.21449287235736847,True
qb_000241,legality_constitutionality,qb_000241__legality_constitutionality,0.7415525,0.6230326890945435,0.1880345493555069,True
qb_000241,public_sentiment,qb_000241__public_sentiment,0.7720448,0.562725305557251,0.27139711380004883,True
qb_013010,policy_prescription,qb_013010__policy_prescription,0.70191884,0.5091673731803894,0.2616002857685089,True
qb_013010,economic,qb_013010__economic,0.6636802,0.47547540068626404,0.1823093295097351,True
qb_013010,political,qb_013010__political,0.7747059,0.3801249861717224,0.18359792232513428,True
qb_013010,capacity_and_resources,qb_013010__capacity_and_resources,0.72943455,0.5179990530014038,0.2217855155467987,True
qb_013010,quality_of_life,qb_013010__quality_of_life,0.7095471,0.46170487999916077,0.17031872272491455,True
qb_013010,health_and_safety,qb_013010__health_and_safety,0.7506011,0.43144291639328003,0.18564994633197784,True
qb_014378,political,qb_014378__political,0.6769863,0.41465723514556885,0.2147233486175537,True
qb_014378,security_and_defense,qb_014378__security_and_defense,0.62607765,0.4180418848991394,0.14418283104896545,True
qb_014378,policy_prescription,qb_014378__policy_prescription,0.59831107,0.4169135093688965,0.2201233208179474,True
qb_014378,public_sentiment,qb_014378__public_sentiment,0.68182236,0.4904966652393341,0.27549368143081665,True
qb_014378,capacity_and_resources,qb_014378__capacity_and_resources,0.66725683,0.41402822732925415,0.2256382405757904,True
qb_011931,health_and_safety,qb_011931__health_and_safety,0.739017,0.4518384337425232,0.2188521921634674,True
qb_011931,capacity_and_resources,qb_011931__capacity_and_resources,0.7483998,0.462488055229187,0.21317560970783234,True
qb_011931,political,qb_011931__political,0.72987735,0.5759218335151672,0.14597608149051666,True
qb_002285,economic,qb_002285__economic,0.7573177,0.5029500722885132,0.24713334441184998,True
qb_002285,external_regulation,qb_002285__external_regulation,0.6947993,0.5714828372001648,0.2306666076183319,True
qb_002285,policy_prescription,qb_002285__policy_prescription,0.8223598,0.4926795959472656,0.23864683508872986,True
qb_002285,political,qb_002285__political,0.76637775,0.44974052906036377,0.24976615607738495,True
qb_003494,crime_and_punishment,qb_003494__crime_and_punishment,0.74038,0.5227406024932861,0.13812419772148132,True
qb_003494,security_and_defense,qb_003494__security_and_defense,0.80920136,0.5581812858581543,0.2039029896259308,True
qb_003494,legality_constitutionality,qb_003494__legality_constitutionality,0.7156527,0.5526458621025085,0.22451749444007874,True
qb_003494,health_and_safety,qb_003494__health_and_safety,0.68558306,0.6248481273651123,0.21365945041179657,True
qb_009002,health_and_safety,qb_009002__health_and_safety,0.6187252,0.5065496563911438,0.19884712994098663,True
qb_009002,capacity_and_resources,qb_009002__capacity_and_resources,0.7598055,0.6938307881355286,0.2676350474357605,True
qb_009002,security_and_defense,qb_009002__security_and_defense,0.71205735,0.6447951197624207,0.20814470946788788,True
qb_009002,political,qb_009002__political,0.76577294,0.6135258078575134,0.27916768193244934,True
qb_020612,political,qb_020612__political,0.8099649,0.6309249401092529,0.25771206617355347,True
qb_020612,public_sentiment,qb_020612__public_sentiment,0.79728574,0.7186484336853027,0.22625353932380676,True
qb_008875,political,qb_008875__political,0.8071728,0.7478504180908203,0.18472380936145782,True
qb_008875,public_sentiment,qb_008875__public_sentiment,0.8142992,0.7919692397117615,0.18750593066215515,True
qb_001115,political,qb_001115__political,0.67970514,0.4985232353210449,0.2707846760749817,True
qb_001115,public_sentiment,qb_001115__public_sentiment,0.66215426,0.5191549062728882,0.14844337105751038,True
qb_001115,morality,qb_001115__morality,0.77759266,0.5207759737968445,0.2993250787258148,True
qb_019240,health_and_safety,qb_019240__health_and_safety,0.59919894,0.6928360462188721,0.28134089708328247,True
qb_019240,policy_prescription,qb_019240__policy_prescription,0.77682066,0.655623733997345,0.28820300102233887,True
qb_019240,political,qb_019240__political,0.7352209,0.50166916847229,0.2197602242231369,True
qb_019240,legality_constitutionality,qb_019240__legality_constitutionality,0.7270807,0.6475924253463745,0.19960036873817444,True
qb_016204,legality_constitutionality,qb_016204__legality_constitutionality,0.6090907,0.5568528175354004,0.20076262950897217,True
qb_016204,political,qb_016204__political,0.79489356,0.42644715309143066,0.17800715565681458,True
qb_016204,health_and_safety,qb_016204__health_and_safety,0.6544354,0.4750031530857086,0.16296491026878357,True
qb_003607,legality_constitutionality,qb_003607__legality_constitutionality,0.6571146,0.5526273250579834,0.1980564296245575,True
qb_003607,political,qb_003607__political,0.73726594,0.6131867170333862,0.33668822050094604,True
qb_007758,policy_prescription,qb_007758__policy_prescription,0.71501625,0.6912444233894348,0.17928080260753632,True
qb_007758,legality_constitutionality,qb_007758__legality_constitutionality,0.72885036,0.7197367548942566,0.21159501373767853,True
qb_007758,morality,qb_007758__morality,0.7524902,0.7578708529472351,0.11425509303808212,True
qb_007758,fairness_and_equality,qb_007758__fairness_and_equality,0.7791381,0.7350014448165894,0.2017356902360916,True
qb_007758,cultural_identity,qb_007758__cultural_identity,0.8078964,0.7131333947181702,0.19975905120372772,True
qb_020645,policy_prescription,qb_020645__policy_prescription,0.7383358,0.6766933798789978,0.2558358907699585,True
qb_020645,security_and_defense,qb_020645__security_and_defense,0.6893235,0.7038198113441467,0.3402290344238281,True
qb_020645,political,qb_020645__political,0.78759444,0.5752396583557129,0.21650297939777374,True
qb_009657,cultural_identity,qb_009657__cultural_identity,0.79010177,0.45194071531295776,0.1843309849500656,True
qb_009657,health_and_safety,qb_009657__health_and_safety,0.7137126,0.3712262511253357,0.262865275144577,True
qb_004157,capacity_and_resources,qb_004157__capacity_and_resources,0.6923396,0.6237586140632629,0.17185856401920319,True
qb_004157,public_sentiment,qb_004157__public_sentiment,0.76775646,0.5084308981895447,0.1320951133966446,True
qb_004157,political,qb_004157__political,0.72879153,0.5618784427642822,0.20054379105567932,True
qb_004157,quality_of_life,qb_004157__quality_of_life,0.7765553,0.6406030654907227,0.19082626700401306,True
qb_004157,security_and_defense,qb_004157__security_and_defense,0.7769041,0.6064766645431519,0.21881084144115448,True
qb_004157,economic,qb_004157__economic,0.7088453,0.5584246516227722,0.12190362066030502,True
qb_009019,political,qb_009019__political,0.60873663,0.5265079736709595,0.2474631369113922,True
qb_009019,policy_prescription,qb_009019__policy_prescription,0.666531,0.5707959532737732,0.23534385859966278,True
qb_009019,legality_constitutionality,qb_009019__legality_constitutionality,0.63802546,0.5586506724357605,0.19311758875846863,True
qb_009019,public_sentiment,qb_009019__public_sentiment,0.6654699,0.49860984086990356,0.18945923447608948,True
qb_009019,fairness_and_equality,qb_009019__fairness_and_equality,0.7369515,0.5127167105674744,0.18635182082653046,True
qb_009019,morality,qb_009019__morality,0.7235893,0.5039875507354736,0.2864498496055603,True
qb_010898,legality_constitutionality,qb_010898__legality_constitutionality,0.6293724,0.57761549949646,0.1513943374156952,True
qb_010898,political,qb_010898__political,0.6786033,0.49423831701278687,0.23057229816913605,True
qb_010898,policy_prescription,qb_010898__policy_prescription,0.733583,0.5242140293121338,0.2283705174922943,True
qb_010898,morality,qb_010898__morality,0.74320924,0.5298675298690796,0.2687299847602844,True
qb_010898,public_sentiment,qb_010898__public_sentiment,0.6807864,0.564579963684082,0.2520025670528412,True
qb_009601,political,qb_009601__political,0.67771685,0.5079128742218018,0.15490370988845825,True
qb_009601,public_sentiment,qb_009601__public_sentiment,0.6483823,0.5300080180168152,0.12469514459371567,True
qb_017595,political,qb_017595__political,0.80587,0.5600299835205078,0.2319870889186859,True
qb_017595,public_sentiment,qb_017595__public_sentiment,0.6620945,0.48771411180496216,0.22834520041942596,True
qb_017595,cultural_identity,qb_017595__cultural_identity,0.60188043,0.49243006110191345,0.18983349204063416,True
qb_017595,fairness_and_equality,qb_017595__fairness_and_equality,0.59671724,0.5758723616600037,0.22107529640197754,True
qb_017595,morality,qb_017595__morality,0.63897085,0.5147269368171692,0.24122872948646545,True
qb_017595,legality_constitutionality,qb_017595__legality_constitutionality,0.67706317,0.5344312191009521,0.20394420623779297,True
qb_003264,political,qb_003264__political,0.75504667,0.6654192805290222,0.2768609821796417,True
qb_003264,fairness_and_equality,qb_003264__fairness_and_equality,0.8169882,0.7158535718917847,0.240578293800354,True
qb_008782,political,qb_008782__political,0.7428582,0.5268133878707886,0.23554153740406036,True
qb_008782,economic,qb_008782__economic,0.728951,0.6390683054924011,0.22060993313789368,True
qb_012623,health_and_safety,qb_012623__health_and_safety,0.7030808,0.5663880705833435,0.2095564305782318,True
qb_012623,policy_prescription,qb_012623__policy_prescription,0.6363063,0.5914202928543091,0.24546711146831512,True
qb_012623,political,qb_012623__political,0.60050076,0.41126760840415955,0.2942953109741211,True
qb_012540,political,qb_012540__political,0.7875217,0.5763087272644043,0.22574491798877716,True
qb_012540,legality_constitutionality,qb_012540__legality_constitutionality,0.76615524,0.5291474461555481,0.18521742522716522,True
qb_012540,security_and_defense,qb_012540__security_and_defense,0.79124,0.6533968448638916,0.19444938004016876,True
qb_012540,external_regulation,qb_012540__external_regulation,0.65522003,0.5267175436019897,0.2458861619234085,True
qb_008108,political,qb_008108__political,0.7034354,0.6123628616333008,0.14373929798603058,True
qb_008108,public_sentiment,qb_008108__public_sentiment,0.7726438,0.5583324432373047,0.2594040036201477,True
qb_008108,health_and_safety,qb_008108__health_and_safety,0.6693548,0.5065575838088989,0.20697322487831116,True
qb_008108,cultural_identity,qb_008108__cultural_identity,0.72219086,0.4182620942592621,0.22907273471355438,True
qb_004623,political,qb_004623__political,0.77042145,0.5215088129043579,0.23527924716472626,True
qb_004623,policy_prescription,qb_004623__policy_prescription,0.607899,0.387493759393692,0.2189440280199051,True
qb_004623,fairness_and_equality,qb_004623__fairness_and_equality,0.7393026,0.5438562631607056,0.12513914704322815,True
qb_004623,economic,qb_004623__economic,0.6736044,0.5719810724258423,0.17296093702316284,True
qb_004623,public_sentiment,qb_004623__public_sentiment,0.72088873,0.5492680668830872,0.23759455978870392,True
qb_004623,morality,qb_004623__morality,0.6798099,0.5632847547531128,0.15946902334690094,True
qb_006760,political,qb_006760__political,0.7043393,0.5552012920379639,0.22612741589546204,True
qb_006760,legality_constitutionality,qb_006760__legality_constitutionality,0.6953627,0.49021315574645996,0.22006866335868835,True
qb_006760,public_sentiment,qb_006760__public_sentiment,0.66510046,0.5148828625679016,0.19877395033836365,True
qb_006760,policy_prescription,qb_006760__policy_prescription,0.5964461,0.5041348934173584,0.3448907732963562,True
qb_013423,economic,qb_013423__economic,0.7274372,0.596763014793396,0.21561309695243835,True
qb_013423,policy_prescription,qb_013423__policy_prescription,0.7412561,0.47999313473701477,0.23615434765815735,True
qb_013423,political,qb_013423__political,0.75104934,0.6716183423995972,0.19964173436164856,True
qb_016319,political,qb_016319__political,0.65961015,0.6768606305122375,0.1828601062297821,True
qb_016319,economic,qb_016319__economic,0.70981044,0.4557216465473175,0.19556957483291626,True
qb_016319,capacity_and_resources,qb_016319__capacity_and_resources,0.7974739,0.6104952096939087,0.2099865972995758,True
qb_016319,public_sentiment,qb_016319__public_sentiment,0.7426406,0.6736199259757996,0.21718895435333252,True
qb_021246,quality_of_life,qb_021246__quality_of_life,0.61168635,0.4554367959499359,0.17827217280864716,True
qb_021246,public_sentiment,qb_021246__public_sentiment,0.72313297,0.4630957543849945,0.2054387629032135,True
qb_021246,political,qb_021246__political,0.686942,0.48043179512023926,0.2562106251716614,True
qb_021246,cultural_identity,qb_021246__cultural_identity,0.79997236,0.35017651319503784,0.22132353484630585,True
qb_021246,economic,qb_021246__economic,0.5857548,0.5071352124214172,0.1602478325366974,True
qb_021246,fairness_and_equality,qb_021246__fairness_and_equality,0.68149877,0.513789713382721,0.17791247367858887,True
qb_021246,morality,qb_021246__morality,0.65928906,0.49885302782058716,0.17878413200378418,True
qb_021246,health_and_safety,qb_021246__health_and_safety,0.71576047,0.45190778374671936,0.20500779151916504,True
qb_018996,political,qb_018996__political,0.7594912,0.28826797008514404,0.21123537421226501,True
qb_018996,economic,qb_018996__economic,0.6002598,0.39996835589408875,0.2161114662885666,True
qb_018996,external_regulation,qb_018996__external_regulation,0.63637143,0.4111722409725189,0.19844336807727814,True
qb_011266,health_and_safety,qb_011266__health_and_safety,0.6229122,0.538299560546875,0.2510836720466614,True
qb_011266,policy_prescription,qb_011266__policy_prescription,0.6056633,0.5403808355331421,0.21369831264019012,True
qb_011266,political,qb_011266__political,0.6855029,0.4695436954498291,0.25371474027633667,True
qb_002742,capacity_and_resources,qb_002742__capacity_and_resources,0.64043105,0.6227079629898071,0.15461117029190063,True
qb_002742,economic,qb_002742__economic,0.74168587,0.5294228196144104,0.17290933430194855,True
qb_002742,public_sentiment,qb_002742__public_sentiment,0.75325453,0.5392830967903137,0.204396054148674,True
qb_002742,health_and_safety,qb_002742__health_and_safety,0.6735759,0.5225445628166199,0.2427002638578415,True
qb_020680,economic,qb_020680__economic,0.65857655,0.5479817390441895,0.17292362451553345,True
qb_020680,health_and_safety,qb_020680__health_and_safety,0.6237083,0.42028969526290894,0.19842612743377686,True
qb_020680,policy_prescription,qb_020680__policy_prescription,0.6406969,0.5713720917701721,0.23207633197307587,True
qb_015310,external_regulation,qb_015310__external_regulation,0.7981022,0.6083124279975891,0.2687668800354004,True
qb_015310,public_sentiment,qb_015310__public_sentiment,0.8206687,0.5570521950721741,0.2632177174091339,True
qb_015310,political,qb_015310__political,0.6053736,0.569725751876831,0.29873254895210266,True
qb_015310,morality,qb_015310__morality,0.7115718,0.5712535977363586,0.2718967795372009,True
qb_002058,security_and_defense,qb_002058__security_and_defense,0.7237387,0.5614442825317383,0.1906626671552658,True
qb_002058,capacity_and_resources,qb_002058__capacity_and_resources,0.7558129,0.6205646991729736,0.22944530844688416,True
qb_002058,external_regulation,qb_002058__external_regulation,0.7869113,0.5169785618782043,0.20220747590065002,True
qb_002058,political,qb_002058__political,0.6546122,0.5672714114189148,0.2438480406999588,True
qb_011512,economic,qb_011512__economic,0.77329206,0.7818803787231445,0.14125075936317444,True
qb_011512,cultural_identity,qb_011512__cultural_identity,0.7466115,0.6980588436126709,0.2543371915817261,True
qb_011512,public_sentiment,qb_011512__public_sentiment,0.7764323,0.6879906058311462,0.19975392520427704,True
qb_011512,quality_of_life,qb_011512__quality_of_life,0.77827054,0.6709471344947815,0.23553256690502167,True
qb_013992,cultural_identity,qb_013992__cultural_identity,0.8087466,0.6183012127876282,0.21818265318870544,True
qb_013992,public_sentiment,qb_013992__public_sentiment,0.79680467,0.6038527488708496,0.18568244576454163,True
qb_013992,political,qb_013992__political,0.74740624,0.578825831413269,0.17623041570186615,True
qb_013992,fairness_and_equality,qb_013992__fairness_and_equality,0.6702831,0.5149807333946228,0.18776758015155792,True
qb_003014,health_and_safety,qb_003014__health_and_safety,0.64763474,0.6094845533370972,0.2617723345756531,True
qb_003014,policy_prescription,qb_003014__policy_prescription,0.73059136,0.6632964015007019,0.17495378851890564,True
qb_003014,capacity_and_resources,qb_003014__capacity_and_resources,0.8556,0.6701857447624207,0.2289211004972458,True
qb_003014,public_sentiment,qb_003014__public_sentiment,0.742131,0.6934564709663391,0.20550434291362762,True
qb_011489,economic,qb_011489__economic,0.69339764,0.6455516815185547,0.20024576783180237,True
qb_011489,political,qb_011489__political,0.7053852,0.5880511999130249,0.2846113443374634,True
qb_011489,capacity_and_resources,qb_011489__capacity_and_resources,0.6618084,0.5500693321228027,0.19185321033000946,True
qb_000764,political,qb_000764__political,0.72464406,0.6715569496154785,0.2271953523159027,True
qb_000764,public_sentiment,qb_000764__public_sentiment,0.83175683,0.6280538439750671,0.162472203373909,True
qb_004926,legality_constitutionality,qb_004926__legality_constitutionality,0.80064774,0.5117508769035339,0.1975511610507965,True
qb_004926,political,qb_004926__political,0.6960372,0.5183315873146057,0.26658469438552856,True
qb_004926,crime_and_punishment,qb_004926__crime_and_punishment,0.6908409,0.5891985297203064,0.2286335527896881,True
qb_004926,public_sentiment,qb_004926__public_sentiment,0.7812208,0.5465009808540344,0.22203895449638367,True
qb_011112,legality_constitutionality,qb_011112__legality_constitutionality,0.74950135,0.5729093551635742,0.20503804087638855,True
qb_011112,political,qb_011112__political,0.7027366,0.5773959159851074,0.19261868298053741,True
qb_011112,public_sentiment,qb_011112__public_sentiment,0.7529497,0.5801438093185425,0.2039138376712799,True
qb_000648,policy_prescription,qb_000648__policy_prescription,0.66259396,0.6229574680328369,0.22666466236114502,True
qb_000648,health_and_safety,qb_000648__health_and_safety,0.80647284,0.6460182666778564,0.1636575609445572,True
qb_000648,fairness_and_equality,qb_000648__fairness_and_equality,0.69586104,0.6953085660934448,0.3001113831996918,True
qb_000648,political,qb_000648__political,0.7216949,0.5099417567253113,0.23447008430957794,True
qb_000648,economic,qb_000648__economic,0.7201527,0.6494402885437012,0.16975446045398712,True
qb_020128,policy_prescription,qb_020128__policy_prescription,0.7034168,0.49534374475479126,0.2307237684726715,True
qb_020128,security_and_defense,qb_020128__security_and_defense,0.7434479,0.5081681609153748,0.22192780673503876,True
qb_020128,political,qb_020128__political,0.678815,0.4511467218399048,0.28247132897377014,True
qb_020128,crime_and_punishment,qb_020128__crime_and_punishment,0.64747685,0.566959798336029,0.24110642075538635,True
qb_020128,legality_constitutionality,qb_020128__legality_constitutionality,0.761461,0.5712745785713196,0.24490347504615784,True
qb_015271,political,qb_015271__political,0.64536417,0.5916929841041565,0.255889892578125,True
qb_015271,public_sentiment,qb_015271__public_sentiment,0.7846338,0.5598612427711487,0.3167372941970825,True
qb_015271,economic,qb_015271__economic,0.7311342,0.5664730072021484,0.24547430872917175,True
qb_015271,cultural_identity,qb_015271__cultural_identity,0.6613896,0.5507804751396179,0.26501181721687317,True
qb_000651,economic,qb_000651__economic,0.73384726,0.5669209361076355,0.25637659430503845,True
qb_000651,policy_prescription,qb_000651__policy_prescription,0.6872382,0.4756777882575989,0.2571943402290344,True
qb_000651,political,qb_000651__political,0.7295766,0.5023502111434937,0.3382468819618225,True
qb_000651,external_regulation,qb_000651__external_regulation,0.6720588,0.47321319580078125,0.2669702172279358,True
qb_000651,crime_and_punishment,qb_000651__crime_and_punishment,0.6733482,0.46902403235435486,0.21072538197040558,True
qb_000651,quality_of_life,qb_000651__quality_of_life,0.8108079,0.5896095633506775,0.27801284193992615,True
qb_000651,capacity_and_resources,qb_000651__capacity_and_resources,0.7332314,0.558376669883728,0.29452770948410034,True
qb_016620,political,qb_016620__political,0.6937003,0.5620144009590149,0.2007521688938141,True
qb_016620,cultural_identity,qb_016620__cultural_identity,0.7505499,0.6843569278717041,0.18579596281051636,True
qb_016620,morality,qb_016620__morality,0.73642397,0.5266141295433044,0.2531762719154358,True
qb_016620,public_sentiment,qb_016620__public_sentiment,0.7558959,0.5357553958892822,0.2283056676387787,True
qb_008148,economic,qb_008148__economic,0.5359573,0.4132555425167084,0.1669575273990631,True
qb_008148,policy_prescription,qb_008148__policy_prescription,0.7145473,0.5602337718009949,0.23486360907554626,True
qb_008148,capacity_and_resources,qb_008148__capacity_and_resources,0.7110202,0.5060039162635803,0.2069411277770996,True
qb_008148,political,qb_008148__political,0.7930607,0.43429556488990784,0.22440913319587708,True
qb_004090,political,qb_004090__political,0.7766523,0.7287639379501343,0.1825883388519287,True
qb_004090,capacity_and_resources,qb_004090__capacity_and_resources,0.80958706,0.6991621255874634,0.19037291407585144,True
qb_001597,legality_constitutionality,qb_001597__legality_constitutionality,0.72470635,0.6611452102661133,0.27562907338142395,True
qb_001597,political,qb_001597__political,0.8234353,0.7731710076332092,0.2459360808134079,True
qb_001597,crime_and_punishment,qb_001597__crime_and_punishment,0.64737165,0.635218620300293,0.17509612441062927,True
qb_001597,security_and_defense,qb_001597__security_and_defense,0.8253231,0.7157373428344727,0.2962997257709503,True
qb_020278,external_regulation,qb_020278__external_regulation,0.76162827,0.7110772132873535,0.18800529837608337,True
qb_020278,security_and_defense,qb_020278__security_and_defense,0.7028314,0.6481298208236694,0.1957606077194214,True
qb_020278,political,qb_020278__political,0.772117,0.6481941938400269,0.28392279148101807,True
qb_003052,political,qb_003052__political,0.63018024,0.49074697494506836,0.35414883494377136,True
qb_003052,public_sentiment,qb_003052__public_sentiment,0.77204365,0.5133159160614014,0.27250027656555176,True
qb_016140,political,qb_016140__political,0.70365965,0.3210333287715912,0.22857633233070374,True
qb_016140,health_and_safety,qb_016140__health_and_safety,0.6236576,0.5764147639274597,0.23719128966331482,True
qb_016140,policy_prescription,qb_016140__policy_prescription,0.68750453,0.5167601108551025,0.25407445430755615,True
qb_016140,fairness_and_equality,qb_016140__fairness_and_equality,0.7329813,0.5652390718460083,0.21575692296028137,True
qb_016140,cultural_identity,qb_016140__cultural_identity,0.7521594,0.6386630535125732,0.19016258418560028,True
qb_017395,policy_prescription,qb_017395__policy_prescription,0.6330812,0.5651267766952515,0.21380563080310822,True
qb_017395,economic,qb_017395__economic,0.7294933,0.4618632197380066,0.1722080558538437,True
qb_017395,capacity_and_resources,qb_017395__capacity_and_resources,0.5966625,0.5153735876083374,0.186386376619339,True
qb_018972,legality_constitutionality,qb_018972__legality_constitutionality,0.6533854,0.5069273114204407,0.1159883365035057,True
qb_018972,fairness_and_equality,qb_018972__fairness_and_equality,0.64282733,0.5073935389518738,0.1653110682964325,True
qb_018972,cultural_identity,qb_018972__cultural_identity,0.6732371,0.5586084127426147,0.21059289574623108,True
qb_019636,external_regulation,qb_019636__external_regulation,0.57334125,0.5633776187896729,0.20029215514659882,True
qb_019636,security_and_defense,qb_019636__security_and_defense,0.5700624,0.5391902327537537,0.23396706581115723,True
qb_019636,economic,qb_019636__economic,0.72846884,0.5835204720497131,0.22316697239875793,True
qb_019636,political,qb_019636__political,0.6338298,0.5231061577796936,0.20120558142662048,True
qb_004097,economic,qb_004097__economic,0.696532,0.5807353854179382,0.1484898179769516,True
qb_004097,capacity_and_resources,qb_004097__capacity_and_resources,0.71004736,0.6292064785957336,0.15883329510688782,True
qb_004097,quality_of_life,qb_004097__quality_of_life,0.75621116,0.6342750191688538,0.2094232589006424,True
qb_001695,policy_prescription,qb_001695__policy_prescription,0.7030884,0.6084502339363098,0.2247534692287445,True
qb_001695,legality_constitutionality,qb_001695__legality_constitutionality,0.63307124,0.5047047734260559,0.2529277205467224,True
qb_001695,political,qb_001695__political,0.6019226,0.5751644968986511,0.23529812693595886,True
qb_001695,cultural_identity,qb_001695__cultural_identity,0.77633363,0.5697223544120789,0.2920859754085541,True
qb_012645,political,qb_012645__political,0.63735306,0.563636064529419,0.26867493987083435,True
qb_012645,economic,qb_012645__economic,0.78537726,0.5734618306159973,0.23698019981384277,True
qb_012645,public_sentiment,qb_012645__public_sentiment,0.7413218,0.6910433769226074,0.25309818983078003,True
qb_018354,health_and_safety,qb_018354__health_and_safety,0.64572775,0.5162158608436584,0.221597820520401,True
qb_018354,capacity_and_resources,qb_018354__capacity_and_resources,0.68547326,0.5004127621650696,0.22639493644237518,True
qb_018354,policy_prescription,qb_018354__policy_prescription,0.7538217,0.5730897784233093,0.24268165230751038,True
qb_018354,quality_of_life,qb_018354__quality_of_life,0.7283418,0.5101922154426575,0.21889236569404602,True
qb_001418,political,qb_001418__political,0.800628,0.5442484617233276,0.22065310180187225,True
qb_001418,legality_constitutionality,qb_001418__legality_constitutionality,0.43710122,0.31168949604034424,0.18435919284820557,True
qb_001418,cultural_identity,qb_001418__cultural_identity,0.6644263,0.2846622169017792,0.19317898154258728,True
qb_001418,public_sentiment,qb_001418__public_sentiment,0.8070893,0.3323915898799896,0.24411630630493164,True
qb_007850,political,qb_007850__political,0.8866142,0.6063048839569092,0.1741470843553543,True
qb_007850,legality_constitutionality,qb_007850__legality_constitutionality,0.64270574,0.4807773530483246,0.23585942387580872,True
qb_007850,external_regulation,qb_007850__external_regulation,0.6246983,0.5113014578819275,0.16334323585033417,True
qb_007850,policy_prescription,qb_007850__policy_prescription,0.66538954,0.48026975989341736,0.2232200801372528,True
qb_014586,policy_prescription,qb_014586__policy_prescription,0.7249752,0.6088913679122925,0.2751140892505646,True
qb_014586,security_and_defense,qb_014586__security_and_defense,0.5518677,0.46943777799606323,0.23777684569358826,True
qb_014586,political,qb_014586__political,0.7198467,0.5893244743347168,0.23468947410583496,True
qb_015658,policy_prescription,qb_015658__policy_prescription,0.51442516,0.5621070265769958,0.1757192313671112,True
qb_015658,health_and_safety,qb_015658__health_and_safety,0.77891785,0.5905854105949402,0.22513096034526825,True
qb_015658,economic,qb_015658__economic,0.70082414,0.6191443800926208,0.2580297589302063,True
qb_015658,political,qb_015658__political,0.7820123,0.6999833583831787,0.2678951919078827,True
qb_003713,economic,qb_003713__economic,0.7205641,0.6433359980583191,0.23705819249153137,True
qb_003713,capacity_and_resources,qb_003713__capacity_and_resources,0.70130515,0.6349909901618958,0.1922016441822052,True
qb_003713,health_and_safety,qb_003713__health_and_safety,0.6524224,0.6277896761894226,0.25948819518089294,True
qb_003713,political,qb_003713__political,0.75986874,0.6897907853126526,0.20806977152824402,True
qb_015095,policy_prescription,qb_015095__policy_prescription,0.827628,0.6639590263366699,0.2214556187391281,True
qb_015095,legality_constitutionality,qb_015095__legality_constitutionality,0.6703353,0.6610872745513916,0.2364060878753662,True
qb_015095,public_sentiment,qb_015095__public_sentiment,0.72916275,0.4661242663860321,0.2040622979402542,True
qb_015095,health_and_safety,qb_015095__health_and_safety,0.64082104,0.43440383672714233,0.13509321212768555,True
qb_015095,political,qb_015095__political,0.75308335,0.6783872246742249,0.20911061763763428,True
qb_007115,economic,qb_007115__economic,0.5707197,0.5070801973342896,0.21496042609214783,True
qb_007115,public_sentiment,qb_007115__public_sentiment,0.74509984,0.47668391466140747,0.19321224093437195,True
qb_007115,capacity_and_resources,qb_007115__capacity_and_resources,0.66833246,0.40575093030929565,0.19423966109752655,True
qb_015502,legality_constitutionality,qb_015502__legality_constitutionality,0.75820696,0.6190539002418518,0.283394992351532,True
qb_015502,crime_and_punishment,qb_015502__crime_and_punishment,0.6869597,0.6035376191139221,0.2163395881652832,True
qb_015502,security_and_defense,qb_015502__security_and_defense,0.7068441,0.6946607232093811,0.2445419728755951,True
qb_015502,political,qb_015502__political,0.7501011,0.6237781643867493,0.2992018461227417,True
qb_015825,morality,qb_015825__morality,0.80203474,0.5616825222969055,0.23199427127838135,True
qb_015825,crime_and_punishment,qb_015825__crime_and_punishment,0.78620434,0.4389396905899048,0.20555134117603302,True
qb_015825,cultural_identity,qb_015825__cultural_identity,0.808551,0.546840488910675,0.25627782940864563,True
qb_015825,political,qb_015825__political,0.69442844,0.5638315081596375,0.24763086438179016,True
qb_021114,political,qb_021114__political,0.6768392,0.5538980960845947,0.19903159141540527,True
qb_021114,health_and_safety,qb_021114__health_and_safety,0.6682627,0.5625500082969666,0.19483643770217896,True
qb_021114,legality_constitutionality,qb_021114__legality_constitutionality,0.6662721,0.42724156379699707,0.1583281010389328,True
qb_012507,economic,qb_012507__economic,0.6606997,0.6568825244903564,0.1907135248184204,True
qb_012507,policy_prescription,qb_012507__policy_prescription,0.6821832,0.5977851152420044,0.17945818603038788,True
qb_012507,fairness_and_equality,qb_012507__fairness_and_equality,0.823413,0.62651526927948,0.2520866394042969,True
qb_012507,political,qb_012507__political,0.73830646,0.5808272957801819,0.26071515679359436,True
qb_012507,quality_of_life,qb_012507__quality_of_life,0.6238542,0.6050693392753601,0.17454802989959717,True
qb_009905,public_sentiment,qb_009905__public_sentiment,0.8729038,0.6287639737129211,0.21086812019348145,True
qb_009905,morality,qb_009905__morality,0.79549277,0.6065058708190918,0.18117733299732208,True
qb_007106,policy_prescription,qb_007106__policy_prescription,0.77680755,0.6454879641532898,0.239914208650589,True
qb_007106,political,qb_007106__political,0.7567903,0.6938994526863098,0.2891245186328888,True
qb_007106,public_sentiment,qb_007106__public_sentiment,0.7789372,0.5792568325996399,0.25542888045310974,True
qb_007106,security_and_defense,qb_007106__security_and_defense,0.72894853,0.6479735374450684,0.22376278042793274,True
qb_018041,capacity_and_resources,qb_018041__capacity_and_resources,0.72497094,0.6796700954437256,0.18059062957763672,True
qb_018041,quality_of_life,qb_018041__quality_of_life,0.7857325,0.6704035401344299,0.1667904555797577,True
qb_008050,economic,qb_008050__economic,0.6418221,0.5123538970947266,0.21406444907188416,True
qb_008050,political,qb_008050__political,0.6357322,0.40180861949920654,0.23560436069965363,True
qb_012191,legality_constitutionality,qb_012191__legality_constitutionality,0.6839021,0.5573629140853882,0.21480576694011688,True
qb_012191,cultural_identity,qb_012191__cultural_identity,0.66250974,0.5486087203025818,0.17323781549930573,True
qb_012191,political,qb_012191__political,0.7158104,0.4775378406047821,0.2973766624927521,True
qb_016989,policy_prescription,qb_016989__policy_prescription,0.8225819,0.7226278781890869,0.16182471811771393,True
qb_016989,economic,qb_016989__economic,0.80538416,0.6680001020431519,0.15259134769439697,True
qb_016989,political,qb_016989__political,0.86863786,0.6076147556304932,0.25028544664382935,True
qb_010992,political,qb_010992__political,0.62353635,0.6598711013793945,0.2636403739452362,True
qb_010992,economic,qb_010992__economic,0.71785367,0.5430229902267456,0.17063505947589874,True
qb_010992,fairness_and_equality,qb_010992__fairness_and_equality,0.73120224,0.6674028038978577,0.2224721610546112,True
qb_010992,morality,qb_010992__morality,0.7923176,0.6128303408622742,0.2165573537349701,True
qb_020013,political,qb_020013__political,0.8342383,0.7647334337234497,0.18601973354816437,True
qb_020013,public_sentiment,qb_020013__public_sentiment,0.7310958,0.7173309922218323,0.2739010453224182,True
qb_005307,legality_constitutionality,qb_005307__legality_constitutionality,0.67861575,0.5634265542030334,0.19717048108577728,True
qb_005307,political,qb_005307__political,0.6483388,0.5480683445930481,0.21926212310791016,True
qb_005307,security_and_defense,qb_005307__security_and_defense,0.5419109,0.5736638903617859,0.25428056716918945,True
qb_005307,crime_and_punishment,qb_005307__crime_and_punishment,0.7212486,0.6010239720344543,0.2396264374256134,True
qb_004358,crime_and_punishment,qb_004358__crime_and_punishment,0.5917889,0.556892991065979,0.17867806553840637,True
qb_004358,policy_prescription,qb_004358__policy_prescription,0.84333843,0.5591267347335815,0.25493544340133667,True
qb_004358,legality_constitutionality,qb_004358__legality_constitutionality,0.686015,0.4832778871059418,0.21157117187976837,True
qb_004358,fairness_and_equality,qb_004358__fairness_and_equality,0.78774303,0.49142521619796753,0.1634574681520462,True
qb_004358,public_sentiment,qb_004358__public_sentiment,0.7239859,0.5317317247390747,0.23161788284778595,True
qb_004358,political,qb_004358__political,0.6051952,0.5255622863769531,0.2710541784763336,True
qb_010524,policy_prescription,qb_010524__policy_prescription,0.7344197,0.5056424140930176,0.2687833905220032,True
qb_010524,political,qb_010524__political,0.76946574,0.4277573823928833,0.20164582133293152,True
qb_010524,health_and_safety,qb_010524__health_and_safety,0.7178851,0.3688281774520874,0.2613755464553833,True
qb_010524,crime_and_punishment,qb_010524__crime_and_punishment,0.6165077,0.48624667525291443,0.24585875868797302,True
qb_011604,economic,qb_011604__economic,0.77513456,0.5945376753807068,0.22079601883888245,True
qb_011604,policy_prescription,qb_011604__policy_prescription,0.8107847,0.717143714427948,0.3166453242301941,True
qb_011604,external_regulation,qb_011604__external_regulation,0.71058595,0.6306595802307129,0.20262224972248077,True
qb_011604,legality_constitutionality,qb_011604__legality_constitutionality,0.72342384,0.6409738063812256,0.22509554028511047,True
qb_016725,legality_constitutionality,qb_016725__legality_constitutionality,0.59616256,0.6047611236572266,0.16692014038562775,True
qb_016725,policy_prescription,qb_016725__policy_prescription,0.7433129,0.5835875868797302,0.27987784147262573,True
qb_016725,political,qb_016725__political,0.70327115,0.4560376703739166,0.23076823353767395,True
qb_018042,health_and_safety,qb_018042__health_and_safety,0.7212094,0.5542088747024536,0.1528671383857727,True
qb_018042,public_sentiment,qb_018042__public_sentiment,0.6898932,0.5613337159156799,0.21238622069358826,True
qb_018042,policy_prescription,qb_018042__policy_prescription,0.78336734,0.5801570415496826,0.21664126217365265,True
qb_018042,capacity_and_resources,qb_018042__capacity_and_resources,0.62146956,0.5504878759384155,0.1901273876428604,True
qb_018042,quality_of_life,qb_018042__quality_of_life,0.7108054,0.6049381494522095,0.13667432963848114,True
qb_018220,political,qb_018220__political,0.7419066,0.6707755327224731,0.32944855093955994,True
qb_018220,policy_prescription,qb_018220__policy_prescription,0.6881752,0.6385314464569092,0.25517067313194275,True
qb_018220,morality,qb_018220__morality,0.82684326,0.6430726051330566,0.23982104659080505,True
qb_013927,security_and_defense,qb_013927__security_and_defense,0.7074052,0.6210822463035583,0.18949224054813385,True
qb_013927,external_regulation,qb_013927__external_regulation,0.7514768,0.5985730886459351,0.17050698399543762,True
qb_013927,political,qb_013927__political,0.6386913,0.5835849046707153,0.2398434579372406,True
qb_003166,political,qb_003166__political,0.8052497,0.18901416659355164,0.18183963000774384,True
qb_003166,legality_constitutionality,qb_003166__legality_constitutionality,0.6244084,0.39766448736190796,0.19761891663074493,True
qb_003166,public_sentiment,qb_003166__public_sentiment,0.81305337,0.4480164647102356,0.22603687644004822,True
qb_001786,political,qb_001786__political,0.7767199,0.40099990367889404,0.15121427178382874,True
qb_001786,policy_prescription,qb_001786__policy_prescription,0.7486604,0.484316349029541,0.17613564431667328,True
qb_001786,economic,qb_001786__economic,0.63141465,0.3986380100250244,0.18683293461799622,True
qb_009900,legality_constitutionality,qb_009900__legality_constitutionality,0.66921985,0.6156256794929504,0.17389512062072754,True
qb_009900,political,qb_009900__political,0.6700536,0.5590567588806152,0.26894083619117737,True
qb_009900,policy_prescription,qb_009900__policy_prescription,0.72532666,0.5265070796012878,0.21423038840293884,True
qb_004790,economic,qb_004790__economic,0.63877994,0.7021213173866272,0.22803838551044464,True
qb_004790,health_and_safety,qb_004790__health_and_safety,0.76194245,0.688486635684967,0.1743970364332199,True
qb_004790,policy_prescription,qb_004790__policy_prescription,0.7619822,0.6127610206604004,0.16822680830955505,True
qb_004790,public_sentiment,qb_004790__public_sentiment,0.6905878,0.6156696677207947,0.1888657808303833,True
qb_004790,capacity_and_resources,qb_004790__capacity_and_resources,0.78506196,0.7035418748855591,0.21288952231407166,True
qb_004790,fairness_and_equality,qb_004790__fairness_and_equality,0.76712835,0.678565502166748,0.1800466775894165,True
qb_004790,quality_of_life,qb_004790__quality_of_life,0.76540506,0.6912459135055542,0.2332523614168167,True
qb_011345,fairness_and_equality,qb_011345__fairness_and_equality,0.73648024,0.5646079778671265,0.16335809230804443,True
qb_011345,policy_prescription,qb_011345__policy_prescription,0.71850574,0.6082677841186523,0.2207249402999878,True
qb_011345,economic,qb_011345__economic,0.78437555,0.609276294708252,0.1643381267786026,True
qb_011345,crime_and_punishment,qb_011345__crime_and_punishment,0.78879523,0.5676580667495728,0.1408682018518448,True
qb_011345,political,qb_011345__political,0.7562258,0.6397278904914856,0.2595706880092621,True
qb_011345,public_sentiment,qb_011345__public_sentiment,0.7684652,0.6411942839622498,0.2178872525691986,True
qb_011345,morality,qb_011345__morality,0.7882723,0.5981050729751587,0.18828736245632172,True
qb_011345,cultural_identity,qb_011345__cultural_identity,0.7365197,0.5823563933372498,0.12961621582508087,True
qb_011507,political,qb_011507__political,0.7074039,0.5496708750724792,0.32525530457496643,True
qb_011507,legality_constitutionality,qb_011507__legality_constitutionality,0.6819174,0.6499007940292358,0.17361173033714294,True
qb_011507,policy_prescription,qb_011507__policy_prescription,0.6914706,0.6898236870765686,0.22009053826332092,True
qb_011507,morality,qb_011507__morality,0.710087,0.5305581092834473,0.2594950497150421,True
qb_011507,public_sentiment,qb_011507__public_sentiment,0.71782714,0.4521917998790741,0.2725260853767395,True
qb_020540,policy_prescription,qb_020540__policy_prescription,0.7383386,0.6427078247070312,0.2232963740825653,True
qb_020540,crime_and_punishment,qb_020540__crime_and_punishment,0.78158474,0.5926836729049683,0.22751586139202118,True
qb_020540,political,qb_020540__political,0.77908826,0.396517813205719,0.3195171356201172,True
qb_020540,legality_constitutionality,qb_020540__legality_constitutionality,0.6556008,0.47740593552589417,0.20410053431987762,True
qb_020540,public_sentiment,qb_020540__public_sentiment,0.6810514,0.40289410948753357,0.2625660300254822,True
qb_020540,economic,qb_020540__economic,0.6789497,0.6541345715522766,0.20923824608325958,True
qb_020540,capacity_and_resources,qb_020540__capacity_and_resources,0.73650193,0.6161848902702332,0.26606205105781555,True
qb_015831,political,qb_015831__political,0.7477573,0.4493560194969177,0.22477681934833527,True
qb_015831,public_sentiment,qb_015831__public_sentiment,0.66224986,0.4838646650314331,0.24067151546478271,True
qb_015831,health_and_safety,qb_015831__health_and_safety,0.6125579,0.49454763531684875,0.24268576502799988,True
qb_003917,political,qb_003917__political,0.7254771,0.6097868084907532,0.2620678246021271,True
qb_003917,security_and_defense,qb_003917__security_and_defense,0.55915487,0.5056822896003723,0.2037394493818283,True
qb_003917,policy_prescription,qb_003917__policy_prescription,0.6007143,0.5511740446090698,0.2503547668457031,True
qb_006746,legality_constitutionality,qb_006746__legality_constitutionality,0.73031783,0.39660048484802246,0.18611009418964386,True
qb_006746,political,qb_006746__political,0.65193987,0.642284095287323,0.23446889221668243,True
qb_006746,fairness_and_equality,qb_006746__fairness_and_equality,0.7626109,0.5756598114967346,0.2879880964756012,True
qb_006746,public_sentiment,qb_006746__public_sentiment,0.7403765,0.3418220579624176,0.2803627848625183,True
qb_007546,crime_and_punishment,qb_007546__crime_and_punishment,0.6835438,0.6899616122245789,0.19322040677070618,True
qb_007546,legality_constitutionality,qb_007546__legality_constitutionality,0.62705827,0.6611142158508301,0.1922580897808075,True
qb_007546,security_and_defense,qb_007546__security_and_defense,0.7089237,0.614810585975647,0.21124830842018127,True
qb_011687,political,qb_011687__political,0.67614657,0.21645775437355042,0.2793089747428894,True
qb_011687,legality_constitutionality,qb_011687__legality_constitutionality,0.75249577,0.4838067889213562,0.20603933930397034,True
qb_011687,public_sentiment,qb_011687__public_sentiment,0.7948755,0.6296104192733765,0.1890716850757599,True
qb_012764,health_and_safety,qb_012764__health_and_safety,0.67339396,0.6132997274398804,0.2499285489320755,True
qb_012764,capacity_and_resources,qb_012764__capacity_and_resources,0.6703049,0.5385540723800659,0.21383413672447205,True
qb_012764,policy_prescription,qb_012764__policy_prescription,0.7434884,0.5881575345993042,0.2615266442298889,True
qb_012764,quality_of_life,qb_012764__quality_of_life,0.66090226,0.5808485150337219,0.13936571776866913,True
qb_012764,public_sentiment,qb_012764__public_sentiment,0.7505224,0.5541270971298218,0.2976857125759125,True
qb_012764,morality,qb_012764__morality,0.68578184,0.6097421646118164,0.20597712695598602,True
qb_003791,policy_prescription,qb_003791__policy_prescription,0.7906473,0.6977707147598267,0.21856391429901123,True
qb_003791,political,qb_003791__political,0.6891186,0.668435275554657,0.20021812617778778,True
qb_003791,cultural_identity,qb_003791__cultural_identity,0.73884815,0.6183974742889404,0.20923776924610138,True
qb_018838,legality_constitutionality,qb_018838__legality_constitutionality,0.7138525,0.6377362012863159,0.2487882673740387,True
qb_018838,political,qb_018838__political,0.7775481,0.6660856008529663,0.27146777510643005,True
qb_018838,policy_prescription,qb_018838__policy_prescription,0.7191852,0.6516706347465515,0.20380571484565735,True
qb_018838,security_and_defense,qb_018838__security_and_defense,0.7237948,0.5808331966400146,0.1960156112909317,True
qb_018838,crime_and_punishment,qb_018838__crime_and_punishment,0.7382753,0.6182134747505188,0.21749839186668396,True
qb_003737,legality_constitutionality,qb_003737__legality_constitutionality,0.7835631,0.6531227827072144,0.18022587895393372,True
qb_003737,morality,qb_003737__morality,0.76992965,0.6441588401794434,0.18842367827892303,True
qb_003737,health_and_safety,qb_003737__health_and_safety,0.64623505,0.6197845935821533,0.2160421907901764,True
qb_003737,policy_prescription,qb_003737__policy_prescription,0.69063044,0.5891292095184326,0.20656335353851318,True
qb_003737,economic,qb_003737__economic,0.7255132,0.6091607809066772,0.20553641021251678,True
qb_002477,political,qb_002477__political,0.7288021,,0.1898059844970703,False
qb_003651,legality_constitutionality,qb_003651__legality_constitutionality,0.7954341,0.7449855804443359,0.20661285519599915,True
qb_003651,political,qb_003651__political,0.6774272,0.568920373916626,0.24684886634349823,True
qb_003651,economic,qb_003651__economic,0.78559613,0.6939537525177002,0.22688274085521698,True
qb_006170,legality_constitutionality,qb_006170__legality_constitutionality,0.6520072,0.5881080627441406,0.20014163851737976,True
qb_006170,capacity_and_resources,qb_006170__capacity_and_resources,0.74846387,0.5584833025932312,0.20844168961048126,True
qb_006170,political,qb_006170__political,0.6252326,0.5806620717048645,0.19807860255241394,True
qb_006170,crime_and_punishment,qb_006170__crime_and_punishment,0.64847606,0.5656123161315918,0.1736326664686203,True
qb_006170,morality,qb_006170__morality,0.7506741,0.5824206471443176,0.1912376880645752,True
qb_012157,political,qb_012157__political,0.7875357,0.6232994198799133,0.20037594437599182,True
qb_012157,capacity_and_resources,qb_012157__capacity_and_resources,0.7144012,0.6376614570617676,0.2128443419933319,True
qb_017711,political,qb_017711__political,0.64653456,0.39424073696136475,0.14540494978427887,True
qb_017711,policy_prescription,qb_017711__policy_prescription,0.65453255,0.3738795816898346,0.24370352923870087,True
qb_015303,policy_prescription,qb_015303__policy_prescription,0.76710296,0.6569459438323975,0.26042038202285767,True
qb_015303,health_and_safety,qb_015303__health_and_safety,0.6625962,0.6447800397872925,0.15199479460716248,True
qb_015303,political,qb_015303__political,0.77785057,0.48043960332870483,0.23843669891357422,True
qb_015303,legality_constitutionality,qb_015303__legality_constitutionality,0.7061173,0.6262127757072449,0.23006363213062286,True
qb_015303,economic,qb_015303__economic,0.72869766,0.6298669576644897,0.22015342116355896,True
qb_018162,security_and_defense,qb_018162__security_and_defense,0.71623313,0.701528787612915,0.2733481526374817,True
qb_018162,political,qb_018162__political,0.7818826,0.6819958686828613,0.23413293063640594,True
qb_018162,policy_prescription,qb_018162__policy_prescription,0.7961912,0.6809704303741455,0.23414354026317596,True
qb_018162,capacity_and_resources,qb_018162__capacity_and_resources,0.7234223,0.5966424942016602,0.20608815550804138,True
qb_018162,cultural_identity,qb_018162__cultural_identity,0.7150016,0.6739863157272339,0.226546972990036,True
qb_014773,political,qb_014773__political,0.71412146,0.5915321707725525,0.2363589107990265,True
qb_014773,policy_prescription,qb_014773__policy_prescription,0.6405215,0.4806501865386963,0.18629392981529236,True
qb_014773,capacity_and_resources,qb_014773__capacity_and_resources,0.6945448,0.5815072655677795,0.22136905789375305,True
qb_006644,security_and_defense,qb_006644__security_and_defense,0.6082779,0.5423282384872437,0.19554682075977325,True
qb_006644,political,qb_006644__political,0.7669099,0.5076882839202881,0.14358985424041748,True
qb_006644,external_regulation,qb_006644__external_regulation,0.6020132,0.4559010863304138,0.2133447378873825,True
qb_006644,cultural_identity,qb_006644__cultural_identity,0.7569729,0.48677870631217957,0.14661501348018646,True
qb_006644,capacity_and_resources,qb_006644__capacity_and_resources,0.67535615,0.4288486838340759,0.14415988326072693,True
qb_001848,policy_prescription,qb_001848__policy_prescription,0.69874114,0.6259449124336243,0.25511667132377625,True
qb_001848,legality_constitutionality,qb_001848__legality_constitutionality,0.634658,0.624344527721405,0.22612543404102325,True
qb_001848,health_and_safety,qb_001848__health_and_safety,0.710014,0.5431565642356873,0.2264094352722168,True
qb_001848,political,qb_001848__political,0.6984113,0.5053297281265259,0.2592102587223053,True
qb_001694,legality_constitutionality,qb_001694__legality_constitutionality,0.7306116,0.4876043200492859,0.2654743194580078,True
qb_001694,political,qb_001694__political,0.7294502,0.4503704905509949,0.26728400588035583,True
qb_009307,policy_prescription,qb_009307__policy_prescription,0.71811974,0.5324708819389343,0.23061516880989075,True
qb_009307,fairness_and_equality,qb_009307__fairness_and_equality,0.7052182,0.6350967884063721,0.2056160420179367,True
qb_009307,political,qb_009307__political,0.6500515,0.6095716953277588,0.18935862183570862,True
qb_009307,public_sentiment,qb_009307__public_sentiment,0.5995504,0.5547157526016235,0.17014428973197937,True
qb_009307,health_and_safety,qb_009307__health_and_safety,0.69371593,0.5106369853019714,0.15128855407238007,True
qb_000775,political,qb_000775__political,0.7602776,0.5739652514457703,0.2263961285352707,True
qb_000775,policy_prescription,qb_000775__policy_prescription,0.742188,0.5524588823318481,0.2495957911014557,True
qb_000775,economic,qb_000775__economic,0.60825735,0.5806533694267273,0.2560670077800751,True
qb_000775,external_regulation,qb_000775__external_regulation,0.73706627,0.6451663970947266,0.19349588453769684,True
qb_020486,security_and_defense,qb_020486__security_and_defense,0.6310596,0.5986077785491943,0.24670568108558655,True
qb_020486,policy_prescription,qb_020486__policy_prescription,0.60812056,0.5359640717506409,0.21252329647541046,True
qb_020486,political,qb_020486__political,0.69817984,0.5586541891098022,0.21772928535938263,True
qb_020486,public_sentiment,qb_020486__public_sentiment,0.7317027,0.5927243232727051,0.2793174386024475,True
qb_020486,external_regulation,qb_020486__external_regulation,0.7626338,0.5778316259384155,0.24225947260856628,True
qb_020486,morality,qb_020486__morality,0.5407437,0.49623337388038635,0.19881413877010345,True
qb_015423,capacity_and_resources,qb_015423__capacity_and_resources,0.66865635,0.6339143514633179,0.2399086058139801,True
qb_015423,legality_constitutionality,qb_015423__legality_constitutionality,0.6692128,0.4996759593486786,0.20610439777374268,True
qb_002260,political,qb_002260__political,0.8338444,0.5746148824691772,0.22035714983940125,True
qb_002260,legality_constitutionality,qb_002260__legality_constitutionality,0.5577111,0.6103848218917847,0.19984544813632965,True
qb_002260,public_sentiment,qb_002260__public_sentiment,0.6776041,0.5554556846618652,0.26478320360183716,True
qb_002260,external_regulation,qb_002260__external_regulation,0.7782542,0.5530813336372375,0.346735417842865,True
qb_002260,crime_and_punishment,qb_002260__crime_and_punishment,0.73440945,0.5998427271842957,0.2980993390083313,True
qb_021078,fairness_and_equality,qb_021078__fairness_and_equality,0.72961974,0.5311440229415894,0.22562411427497864,True
qb_021078,political,qb_021078__political,0.78390574,0.6998893022537231,0.2789750099182129,True
qb_021078,public_sentiment,qb_021078__public_sentiment,0.56673396,0.7234660387039185,0.25030776858329773,True
qb_007296,political,qb_007296__political,0.7793428,0.6291160583496094,0.2100260704755783,True
qb_007296,morality,qb_007296__morality,0.66185606,0.5583776831626892,0.23309791088104248,True
qb_007296,public_sentiment,qb_007296__public_sentiment,0.85792077,0.6992796659469604,0.21278348565101624,True
qb_014243,policy_prescription,qb_014243__policy_prescription,0.70511645,0.5221552848815918,0.20290715992450714,True
qb_014243,legality_constitutionality,qb_014243__legality_constitutionality,0.6493928,0.520388662815094,0.31360578536987305,True
qb_014243,economic,qb_014243__economic,0.5556383,0.5344772338867188,0.1966949999332428,True
qb_014243,political,qb_014243__political,0.7451417,0.46991783380508423,0.25305187702178955,True
qb_014243,health_and_safety,qb_014243__health_and_safety,0.7092581,0.4947262406349182,0.3173876106739044,True
qb_012526,political,qb_012526__political,0.77441794,0.6181300282478333,0.20756134390830994,True
qb_012526,security_and_defense,qb_012526__security_and_defense,0.8125163,0.6410014629364014,0.1461663693189621,True
qb_019709,political,qb_019709__political,0.743798,0.6092421412467957,0.20927342772483826,True
qb_019709,morality,qb_019709__morality,0.6777147,0.5477519035339355,0.25691550970077515,True
qb_019709,security_and_defense,qb_019709__security_and_defense,0.69912404,0.578962504863739,0.2565963864326477,True
qb_007040,legality_constitutionality,qb_007040__legality_constitutionality,0.54832673,0.6598355174064636,0.15763990581035614,True
qb_007040,crime_and_punishment,qb_007040__crime_and_punishment,0.7081019,0.5462329983711243,0.22837170958518982,True
qb_007040,economic,qb_007040__economic,0.71934396,0.5985501408576965,0.21184749901294708,True
qb_007040,political,qb_007040__political,0.6859318,0.5894247889518738,0.20554356276988983,True
qb_004491,security_and_defense,qb_004491__security_and_defense,0.6951406,0.6797714233398438,0.21136920154094696,True
qb_004491,policy_prescription,qb_004491__policy_prescription,0.76022685,0.615325391292572,0.24591729044914246,True
qb_004491,legality_constitutionality,qb_004491__legality_constitutionality,0.7424979,0.5701584815979004,0.2592691481113434,True
qb_004491,political,qb_004491__political,0.8016838,0.5993601083755493,0.27684563398361206,True
qb_004491,external_regulation,qb_004491__external_regulation,0.6880359,0.5861290693283081,0.249015212059021,True
qb_003304,political,qb_003304__political,0.66608536,0.5268877148628235,0.24488207697868347,True
qb_003304,legality_constitutionality,qb_003304__legality_constitutionality,0.7247671,0.5057166218757629,0.1845243275165558,True
qb_003304,policy_prescription,qb_003304__policy_prescription,0.6808873,0.4790443480014801,0.14794203639030457,True
qb_003304,public_sentiment,qb_003304__public_sentiment,0.8155853,0.508391797542572,0.21759895980358124,True
qb_017477,political,qb_017477__political,0.6601505,0.43704068660736084,0.24603882431983948,True
qb_017477,health_and_safety,qb_017477__health_and_safety,0.5847623,0.5042714476585388,0.24220728874206543,True
qb_017477,capacity_and_resources,qb_017477__capacity_and_resources,0.72264,0.5147925019264221,0.2811819016933441,True
qb_017477,public_sentiment,qb_017477__public_sentiment,0.6805358,0.5094901323318481,0.21224987506866455,True
qb_017477,policy_prescription,qb_017477__policy_prescription,0.5979098,0.4913768470287323,0.22049355506896973,True
qb_002097,political,qb_002097__political,0.77282494,0.5857697129249573,0.18462176620960236,True
qb_002097,legality_constitutionality,qb_002097__legality_constitutionality,0.714339,0.5615780353546143,0.17937906086444855,True
qb_002097,external_regulation,qb_002097__external_regulation,0.49029702,0.5227153301239014,0.2664489448070526,True
qb_002097,policy_prescription,qb_002097__policy_prescription,0.72480446,0.5780378580093384,0.28753501176834106,True
qb_002097,security_and_defense,qb_002097__security_and_defense,0.7143267,0.5820878148078918,0.3195587694644928,True
qb_010600,cultural_identity,qb_010600__cultural_identity,0.7520391,0.5495268106460571,0.19659456610679626,True
qb_010600,public_sentiment,qb_010600__public_sentiment,0.74939704,0.5176169872283936,0.22521862387657166,True
qb_010600,fairness_and_equality,qb_010600__fairness_and_equality,0.77383024,0.48077571392059326,0.2673942446708679,True
qb_010600,policy_prescription,qb_010600__policy_prescription,0.78061926,0.49354180693626404,0.20660805702209473,True
qb_010600,crime_and_punishment,qb_010600__crime_and_punishment,0.7176889,0.4042174816131592,0.247391939163208,True
qb_017820,economic,qb_017820__economic,0.59113383,0.501377284526825,0.17522087693214417,True
qb_017820,capacity_and_resources,qb_017820__capacity_and_resources,0.73561186,0.5845696926116943,0.2590372860431671,True
qb_017820,health_and_safety,qb_017820__health_and_safety,0.6518689,0.510711669921875,0.19907990097999573,True
qb_001199,legality_constitutionality,qb_001199__legality_constitutionality,0.76425606,0.7714203000068665,0.2519659698009491,True
qb_001199,political,qb_001199__political,0.8238518,0.7523534893989563,0.2026837319135666,True
qb_001199,external_regulation,qb_001199__external_regulation,0.7802581,0.7353329658508301,0.18103384971618652,True
qb_001199,crime_and_punishment,qb_001199__crime_and_punishment,0.724656,0.7202017903327942,0.23442940413951874,True
qb_003725,political,qb_003725__political,0.6949,0.5859767198562622,0.23641285300254822,True
qb_003725,crime_and_punishment,qb_003725__crime_and_punishment,0.7047484,0.5969215035438538,0.23942485451698303,True
qb_003725,legality_constitutionality,qb_003725__legality_constitutionality,0.73077404,0.5160290598869324,0.2226409912109375,True
qb_007433,economic,qb_007433__economic,0.76145846,0.3946026861667633,0.15968522429466248,True
qb_007433,political,qb_007433__political,0.7617992,0.5629957318305969,0.2093125283718109,True
qb_007433,legality_constitutionality,qb_007433__legality_constitutionality,0.5967385,0.325594037771225,0.22989681363105774,True
qb_007433,cultural_identity,qb_007433__cultural_identity,0.87917215,0.468914657831192,0.18676090240478516,True
qb_010901,crime_and_punishment,qb_010901__crime_and_punishment,0.7023488,0.5612444281578064,0.181489035487175,True
qb_010901,security_and_defense,qb_010901__security_and_defense,0.7704393,0.6720114350318909,0.23094220459461212,True
qb_010901,capacity_and_resources,qb_010901__capacity_and_resources,0.7531823,0.6075722575187683,0.1563427597284317,True
qb_010901,public_sentiment,qb_010901__public_sentiment,0.7059201,0.6019874215126038,0.20491854846477509,True
qb_002918,political,qb_002918__political,0.8311417,0.6002570986747742,0.25452011823654175,True
qb_002918,external_regulation,qb_002918__external_regulation,0.71684337,0.24793224036693573,0.2217528373003006,True
qb_002918,security_and_defense,qb_002918__security_and_defense,0.62292606,0.5183072686195374,0.22669200599193573,True
qb_002918,legality_constitutionality,qb_002918__legality_constitutionality,0.67321587,0.3473986089229584,0.276864230632782,True
qb_017055,capacity_and_resources,qb_017055__capacity_and_resources,0.67171764,0.5992946624755859,0.16913683712482452,True
qb_017055,legality_constitutionality,qb_017055__legality_constitutionality,0.6610821,0.5194312334060669,0.13746145367622375,True
qb_017055,fairness_and_equality,qb_017055__fairness_and_equality,0.8436204,0.7028064727783203,0.18454866111278534,True
qb_010750,economic,qb_010750__economic,0.65761524,0.43449151515960693,0.1764984279870987,True
qb_010750,policy_prescription,qb_010750__policy_prescription,0.7545386,0.7168587446212769,0.20590606331825256,True
qb_010750,capacity_and_resources,qb_010750__capacity_and_resources,0.6571616,0.39457470178604126,0.21346107125282288,True
qb_009045,security_and_defense,qb_009045__security_and_defense,0.6098969,0.5667861700057983,0.17961964011192322,True
qb_009045,capacity_and_resources,qb_009045__capacity_and_resources,0.72251487,0.4707692861557007,0.16935351490974426,True
qb_009045,political,qb_009045__political,0.61045295,0.4541984498500824,0.1846105009317398,True
qb_015786,economic,qb_015786__economic,0.8570865,0.682213544845581,0.16363215446472168,True
qb_015786,public_sentiment,qb_015786__public_sentiment,0.742251,0.6877884864807129,0.22926807403564453,True
qb_015786,morality,qb_015786__morality,0.84491867,0.6256593465805054,0.16933540999889374,True
qb_015786,political,qb_015786__political,0.813995,0.6388514041900635,0.2467438280582428,True
qb_007239,health_and_safety,qb_007239__health_and_safety,0.7520343,0.59128737449646,0.2057860642671585,True
qb_007239,policy_prescription,qb_007239__policy_prescription,0.72919565,0.5552557706832886,0.19489410519599915,True
qb_007239,legality_constitutionality,qb_007239__legality_constitutionality,0.7300032,0.6220253109931946,0.18917985260486603,True
qb_021599,public_sentiment,qb_021599__public_sentiment,0.4617759,0.458451509475708,0.24436669051647186,True
qb_021599,policy_prescription,qb_021599__policy_prescription,0.8255594,0.46778056025505066,0.2530452609062195,True
qb_021599,political,qb_021599__political,0.6770734,0.4451349675655365,0.20588016510009766,True
qb_021599,economic,qb_021599__economic,0.6673837,0.2690083086490631,0.1595853567123413,True
qb_011105,legality_constitutionality,qb_011105__legality_constitutionality,0.7129477,0.6899372339248657,0.24694323539733887,True
qb_011105,political,qb_011105__political,0.65760386,0.6796873211860657,0.250974178314209,True
qb_011105,economic,qb_011105__economic,0.78404,0.6604398488998413,0.26462963223457336,True
qb_004528,political,qb_004528__political,0.62842417,0.512139081954956,0.1845325231552124,True
qb_004528,public_sentiment,qb_004528__public_sentiment,0.7577834,0.6038038730621338,0.22584423422813416,True
qb_004528,policy_prescription,qb_004528__policy_prescription,0.81011474,0.5372879505157471,0.23183083534240723,True
qb_004528,morality,qb_004528__morality,0.73482835,0.545939564704895,0.22016437351703644,True
qb_004528,legality_constitutionality,qb_004528__legality_constitutionality,0.6407605,0.5966670513153076,0.23438377678394318,True
qb_020157,capacity_and_resources,qb_020157__capacity_and_resources,0.8155215,0.650192141532898,0.2683800160884857,True
qb_020157,policy_prescription,qb_020157__policy_prescription,0.7218546,0.6602186560630798,0.21704666316509247,True
qb_020157,political,qb_020157__political,0.52029663,0.35605135560035706,0.23282507061958313,True
qb_020157,health_and_safety,qb_020157__health_and_safety,0.74007475,0.6108956336975098,0.24301335215568542,True
qb_020157,economic,qb_020157__economic,0.6213124,0.5667458772659302,0.14781305193901062,True
qb_020157,security_and_defense,qb_020157__security_and_defense,0.8529132,0.5638309121131897,0.24794510006904602,True
qb_008301,fairness_and_equality,qb_008301__fairness_and_equality,0.79774475,0.6801452040672302,0.241024449467659,True
qb_008301,policy_prescription,qb_008301__policy_prescription,0.7767155,0.8520191311836243,0.23677091300487518,True
qb_008301,political,qb_008301__political,0.7828406,0.7440420985221863,0.3050753176212311,True
qb_008301,cultural_identity,qb_008301__cultural_identity,0.85053766,0.7137377262115479,0.29154664278030396,True
qb_000266,political,qb_000266__political,0.7954245,0.7543721795082092,0.2977507710456848,True
qb_000266,security_and_defense,qb_000266__security_and_defense,0.7603432,0.7418164014816284,0.2430131733417511,True
qb_009874,legality_constitutionality,qb_009874__legality_constitutionality,0.68877053,0.7248053550720215,0.22503046691417694,True
qb_009874,political,qb_009874__political,0.724316,0.636685848236084,0.18292775750160217,True
qb_000902,political,qb_000902__political,0.63041514,0.4915977716445923,0.28092390298843384,True
qb_000902,policy_prescription,qb_000902__policy_prescription,0.7138712,0.582651674747467,0.24405696988105774,True
qb_000902,legality_constitutionality,qb_000902__legality_constitutionality,0.7766496,0.440236896276474,0.23148901760578156,True
qb_001922,morality,qb_001922__morality,0.9074659,0.5918686985969543,0.18123984336853027,True
qb_001922,fairness_and_equality,qb_001922__fairness_and_equality,0.6351673,0.4341612160205841,0.23795869946479797,True
qb_001922,public_sentiment,qb_001922__public_sentiment,0.59094155,0.45220518112182617,0.2484194040298462,True
qb_001922,cultural_identity,qb_001922__cultural_identity,0.6721305,0.5435178279876709,0.2451290339231491,True
qb_019653,capacity_and_resources,qb_019653__capacity_and_resources,0.8447806,0.7570163011550903,0.17987431585788727,True
qb_019653,policy_prescription,qb_019653__policy_prescription,0.7793741,0.7790495157241821,0.1800716370344162,True
qb_019653,quality_of_life,qb_019653__quality_of_life,0.78742784,0.7453280687332153,0.20276203751564026,True
qb_016904,capacity_and_resources,qb_016904__capacity_and_resources,0.7388185,0.5778920650482178,0.21460528671741486,True
qb_016904,political,qb_016904__political,0.61266047,0.586633563041687,0.2466624528169632,True
qb_016904,policy_prescription,qb_016904__policy_prescription,0.6634224,0.5757641196250916,0.25594204664230347,True
qb_016904,public_sentiment,qb_016904__public_sentiment,0.69537926,0.6306913495063782,0.21168449521064758,True
qb_021163,health_and_safety,qb_021163__health_and_safety,0.7337463,0.6434453725814819,0.22127950191497803,True
qb_021163,morality,qb_021163__morality,0.800436,0.7720710039138794,0.17245306074619293,True
qb_021163,quality_of_life,qb_021163__quality_of_life,0.8264893,0.6441017389297485,0.17917677760124207,True
qb_003795,security_and_defense,qb_003795__security_and_defense,0.6209953,0.5585683584213257,0.1785029172897339,True
qb_003795,external_regulation,qb_003795__external_regulation,0.72880304,0.6338447332382202,0.2078705132007599,True
qb_003795,political,qb_003795__political,0.7896018,0.5470302104949951,0.3117506504058838,True
qb_019673,policy_prescription,qb_019673__policy_prescription,0.7605446,0.5802144408226013,0.2126609832048416,True
qb_019673,legality_constitutionality,qb_019673__legality_constitutionality,0.73063123,0.6973490715026855,0.20260682702064514,True
qb_019673,health_and_safety,qb_019673__health_and_safety,0.63826185,0.4558091163635254,0.18295195698738098,True
qb_019673,morality,qb_019673__morality,0.6618419,0.5838289856910706,0.15784329175949097,True
qb_019673,public_sentiment,qb_019673__public_sentiment,0.73610723,0.5886406898498535,0.2300812304019928,True
qb_007750,economic,qb_007750__economic,0.73667574,0.6467015743255615,0.20778349041938782,True
qb_007750,policy_prescription,qb_007750__policy_prescription,0.64693266,0.4846150279045105,0.20453181862831116,True
qb_007750,health_and_safety,qb_007750__health_and_safety,0.8130421,0.5467242002487183,0.22930602729320526,True
qb_007750,quality_of_life,qb_007750__quality_of_life,0.83169913,0.49913424253463745,0.18788497149944305,True
qb_007750,capacity_and_resources,qb_007750__capacity_and_resources,0.6241728,0.5883326530456543,0.20400413870811462,True
qb_000223,political,qb_000223__political,0.6532649,0.5192268490791321,0.20083816349506378,True
qb_000223,health_and_safety,qb_000223__health_and_safety,0.6811669,0.5556999444961548,0.162798210978508,True
qb_000223,policy_prescription,qb_000223__policy_prescription,0.6039884,0.4545708894729614,0.18302685022354126,True
qb_009672,security_and_defense,qb_009672__security_and_defense,0.7999258,0.6919367909431458,0.22361472249031067,True
qb_009672,capacity_and_resources,qb_009672__capacity_and_resources,0.774521,0.6632050275802612,0.22726388275623322,True
qb_009672,political,qb_009672__political,0.70616215,0.5840802788734436,0.21809633076190948,True
qb_014962,political,qb_014962__political,0.7720829,0.6766116619110107,0.2241939753293991,True
qb_014962,public_sentiment,qb_014962__public_sentiment,0.74154896,0.5963146090507507,0.22957003116607666,True
qb_014962,legality_constitutionality,qb_014962__legality_constitutionality,0.6837263,0.3378346860408783,0.20715343952178955,True
qb_014962,security_and_defense,qb_014962__security_and_defense,0.77723265,0.44514644145965576,0.30756664276123047,True
qb_010172,policy_prescription,qb_010172__policy_prescription,0.6201525,0.5136610269546509,0.2075236290693283,True
qb_010172,external_regulation,qb_010172__external_regulation,0.70688725,0.5393854379653931,0.17923244833946228,True
qb_010172,fairness_and_equality,qb_010172__fairness_and_equality,0.75889146,0.5035029053688049,0.14856407046318054,True
qb_010172,political,qb_010172__political,0.67581725,0.5431631803512573,0.21209415793418884,True
qb_010172,security_and_defense,qb_010172__security_and_defense,0.64066887,0.5604594349861145,0.18524602055549622,True
qb_010172,public_sentiment,qb_010172__public_sentiment,0.77140987,0.5548635125160217,0.15941675007343292,True
qb_012910,crime_and_punishment,qb_012910__crime_and_punishment,0.74895287,0.707432210445404,0.21942774951457977,True
qb_012910,fairness_and_equality,qb_012910__fairness_and_equality,0.7524563,0.7090209126472473,0.20233921706676483,True
qb_012910,legality_constitutionality,qb_012910__legality_constitutionality,0.71690416,0.7053762078285217,0.20566968619823456,True
qb_012910,external_regulation,qb_012910__external_regulation,0.7142211,0.619486391544342,0.1926558017730713,True
qb_002154,legality_constitutionality,qb_002154__legality_constitutionality,0.7978717,0.6754842400550842,0.17940442264080048,True
qb_002154,crime_and_punishment,qb_002154__crime_and_punishment,0.7366463,0.6054058074951172,0.22436213493347168,True
qb_002154,political,qb_002154__political,0.789072,0.554641604423523,0.21883121132850647,True
qb_010667,crime_and_punishment,qb_010667__crime_and_punishment,0.7308552,0.5939983129501343,0.1769818812608719,True
qb_010667,legality_constitutionality,qb_010667__legality_constitutionality,0.77666354,0.6806681752204895,0.18415579199790955,True
qb_010667,public_sentiment,qb_010667__public_sentiment,0.7293221,0.5628999471664429,0.21123996376991272,True
qb_010667,health_and_safety,qb_010667__health_and_safety,0.7755115,0.5205769538879395,0.18466126918792725,True
qb_010667,cultural_identity,qb_010667__cultural_identity,0.8230782,0.5877602696418762,0.1747732013463974,True
qb_010667,fairness_and_equality,qb_010667__fairness_and_equality,0.7165664,0.6232749223709106,0.22694480419158936,True
qb_010667,morality,qb_010667__morality,0.82109624,0.6859696507453918,0.1984705924987793,True
qb_013895,economic,qb_013895__economic,0.70009196,0.7747585773468018,0.20188121497631073,True
qb_013895,policy_prescription,qb_013895__policy_prescription,0.7717028,0.6725513935089111,0.16729426383972168,True
qb_013895,political,qb_013895__political,0.6130321,0.5212657451629639,0.24534790217876434,True
qb_013895,fairness_and_equality,qb_013895__fairness_and_equality,0.7542654,0.6209511160850525,0.2290651798248291,True
qb_013017,capacity_and_resources,qb_013017__capacity_and_resources,0.7968949,0.5343331694602966,0.3093084692955017,True
qb_013017,political,qb_013017__political,0.77542865,0.503424882888794,0.2855491638183594,True
qb_013017,crime_and_punishment,qb_013017__crime_and_punishment,0.6913803,0.6234896779060364,0.21890416741371155,True
qb_013017,legality_constitutionality,qb_013017__legality_constitutionality,0.5891181,0.43729889392852783,0.18545587360858917,True
qb_013017,security_and_defense,qb_013017__security_and_defense,0.670956,0.6390914916992188,0.26307570934295654,True
qb_020330,political,qb_020330__political,0.60280776,0.562920868396759,0.21839353442192078,True
qb_020330,security_and_defense,qb_020330__security_and_defense,0.69135535,0.6085376739501953,0.24719031155109406,True
qb_020330,legality_constitutionality,qb_020330__legality_constitutionality,0.8069125,0.45248502492904663,0.16661404073238373,True
qb_020330,morality,qb_020330__morality,0.7586602,0.4452841579914093,0.24421806633472443,True
qb_020330,cultural_identity,qb_020330__cultural_identity,0.82594186,0.6802808046340942,0.1663101613521576,True
qb_015888,economic,qb_015888__economic,0.49014607,0.43827131390571594,0.2410035878419876,True
qb_015888,capacity_and_resources,qb_015888__capacity_and_resources,0.5910362,0.4505944848060608,0.1774931401014328,True
qb_004792,security_and_defense,qb_004792__security_and_defense,0.71636796,0.6086975336074829,0.19076940417289734,True
qb_004792,policy_prescription,qb_004792__policy_prescription,0.6439469,0.5010883212089539,0.14711789786815643,True
qb_004792,political,qb_004792__political,0.63803864,0.4853070378303528,0.23466376960277557,True
qb_004792,health_and_safety,qb_004792__health_and_safety,0.5687904,0.41094961762428284,0.14010044932365417,True
qb_004792,cultural_identity,qb_004792__cultural_identity,0.7026359,0.36636754870414734,0.12453252077102661,True
qb_004792,public_sentiment,qb_004792__public_sentiment,0.6232451,0.5250457525253296,0.18886037170886993,True
qb_013668,political,qb_013668__political,0.75112116,0.5168746113777161,0.2275073081254959,True
qb_013668,economic,qb_013668__economic,0.7072768,0.46337515115737915,0.15524394810199738,True
qb_013668,public_sentiment,qb_013668__public_sentiment,0.6469388,0.5863931179046631,0.2359655350446701,True
qb_014103,political,qb_014103__political,0.772769,0.7152498960494995,0.2257886826992035,True
qb_014103,security_and_defense,qb_014103__security_and_defense,0.63419473,0.5655138492584229,0.2578551173210144,True
qb_014103,public_sentiment,qb_014103__public_sentiment,0.6661062,0.5554425120353699,0.21301071345806122,True
qb_014103,fairness_and_equality,qb_014103__fairness_and_equality,0.76865274,0.49666064977645874,0.23383088409900665,True
qb_014103,legality_constitutionality,qb_014103__legality_constitutionality,0.71468437,0.6001373529434204,0.16729405522346497,True
qb_015474,security_and_defense,qb_015474__security_and_defense,0.74217343,0.6620876789093018,0.14431282877922058,True
qb_015474,external_regulation,qb_015474__external_regulation,0.7168137,0.5830650329589844,0.21196036040782928,True
qb_015474,public_sentiment,qb_015474__public_sentiment,0.7714144,0.5336591005325317,0.22538748383522034,True
qb_001305,political,qb_001305__political,0.7056524,,0.2355460375547409,False
qb_015972,policy_prescription,qb_015972__policy_prescription,0.7608627,0.6331634521484375,0.1942034363746643,True
qb_015972,legality_constitutionality,qb_015972__legality_constitutionality,0.80067086,0.5914797186851501,0.2692210376262665,True
qb_015972,security_and_defense,qb_015972__security_and_defense,0.66329443,0.704132616519928,0.21038369834423065,True
qb_015972,political,qb_015972__political,0.8114022,0.5785185694694519,0.2452247589826584,True
qb_016646,policy_prescription,qb_016646__policy_prescription,0.6423247,0.7205929756164551,0.25046005845069885,True
qb_016646,political,qb_016646__political,0.6118917,0.5050556659698486,0.31420767307281494,True
qb_016646,health_and_safety,qb_016646__health_and_safety,0.6725018,0.5432837605476379,0.21642431616783142,True
qb_014029,legality_constitutionality,qb_014029__legality_constitutionality,0.65460885,0.6209397315979004,0.1991860270500183,True
qb_014029,political,qb_014029__political,0.77043915,0.5802038311958313,0.22172865271568298,True
qb_013071,legality_constitutionality,qb_013071__legality_constitutionality,0.86654687,0.5988557934761047,0.24545498192310333,True
qb_013071,external_regulation,qb_013071__external_regulation,0.7160443,0.6442705392837524,0.25399646162986755,True
qb_013071,political,qb_013071__political,0.7938787,0.5742884874343872,0.17819754779338837,True
qb_013071,policy_prescription,qb_013071__policy_prescription,0.6939949,0.5702807903289795,0.23962947726249695,True
qb_013071,security_and_defense,qb_013071__security_and_defense,0.7208842,0.5810257196426392,0.1907477229833603,True
qb_005719,political,qb_005719__political,0.7338271,,0.16949526965618134,False
qb_016132,legality_constitutionality,qb_016132__legality_constitutionality,0.73830795,0.6248031854629517,0.15245789289474487,True
qb_016132,health_and_safety,qb_016132__health_and_safety,0.71223843,0.540090799331665,0.16161353886127472,True
qb_016132,political,qb_016132__political,0.75344485,0.5193320512771606,0.2563520669937134,True
qb_016132,capacity_and_resources,qb_016132__capacity_and_resources,0.80257106,0.6010586023330688,0.19725334644317627,True
qb_016132,public_sentiment,qb_016132__public_sentiment,0.7787235,0.536550760269165,0.2608721852302551,True
qb_016132,policy_prescription,qb_016132__policy_prescription,0.66554064,0.6274123787879944,0.23550434410572052,True
qb_021132,legality_constitutionality,qb_021132__legality_constitutionality,0.7557747,0.3504689931869507,0.16877596080303192,True
qb_021132,public_sentiment,qb_021132__public_sentiment,0.8093616,0.4603276550769806,0.21555523574352264,True
qb_021132,cultural_identity,qb_021132__cultural_identity,0.7426598,0.380999892950058,0.14051470160484314,True
qb_021132,political,qb_021132__political,0.7884574,0.5992559790611267,0.22982892394065857,True
qb_008055,economic,qb_008055__economic,0.6664841,0.6183782815933228,0.20136936008930206,True
qb_008055,health_and_safety,qb_008055__health_and_safety,0.7794407,0.5567338466644287,0.32478541135787964,True
qb_014815,health_and_safety,qb_014815__health_and_safety,0.64077365,0.5628443360328674,0.157353937625885,True
qb_014815,capacity_and_resources,qb_014815__capacity_and_resources,0.6301364,0.5583698153495789,0.1660223752260208,True
qb_014815,policy_prescription,qb_014815__policy_prescription,0.73030794,0.6392159461975098,0.22221581637859344,True
qb_014815,public_sentiment,qb_014815__public_sentiment,0.7121769,0.5508700609207153,0.20979157090187073,True
qb_018321,security_and_defense,qb_018321__security_and_defense,0.68074465,0.4535384774208069,0.1788216531276703,True
qb_018321,legality_constitutionality,qb_018321__legality_constitutionality,0.6499501,0.41307029128074646,0.157180517911911,True
qb_018321,crime_and_punishment,qb_018321__crime_and_punishment,0.7237286,0.43098482489585876,0.2585547864437103,True
qb_018321,public_sentiment,qb_018321__public_sentiment,0.77965784,0.4520670771598816,0.29582369327545166,True
qb_018321,political,qb_018321__political,0.71200335,0.573250412940979,0.20697836577892303,True
qb_000157,legality_constitutionality,qb_000157__legality_constitutionality,0.67649996,0.6952301859855652,0.2610800862312317,True
qb_000157,political,qb_000157__political,0.6835789,0.5770199298858643,0.29385581612586975,True
qb_000157,policy_prescription,qb_000157__policy_prescription,0.66071725,0.4881057143211365,0.19370806217193604,True
qb_005484,economic,qb_005484__economic,0.7443932,0.5926312208175659,0.18114879727363586,True
qb_005484,policy_prescription,qb_005484__policy_prescription,0.7189108,0.6715763211250305,0.24835816025733948,True
qb_005484,political,qb_005484__political,0.72641027,0.4949699640274048,0.2353929728269577,True
qb_005484,health_and_safety,qb_005484__health_and_safety,0.65961444,0.5096497535705566,0.2338925153017044,True
qb_005484,quality_of_life,qb_005484__quality_of_life,0.71673244,0.6030869483947754,0.2084149420261383,True
qb_009742,fairness_and_equality,qb_009742__fairness_and_equality,0.85930467,0.6529853940010071,0.15588867664337158,True
qb_009742,policy_prescription,qb_009742__policy_prescription,0.6474724,0.6150695085525513,0.21551351249217987,True
qb_009742,public_sentiment,qb_009742__public_sentiment,0.7880676,0.5983240008354187,0.19720156490802765,True
qb_009742,cultural_identity,qb_009742__cultural_identity,0.84242797,0.6246548891067505,0.1333603858947754,True
qb_009742,legality_constitutionality,qb_009742__legality_constitutionality,0.7463386,0.6182354092597961,0.1753753274679184,True
qb_009742,morality,qb_009742__morality,0.8052589,0.6488403081893921,0.16311109066009521,True
qb_009742,political,qb_009742__political,0.8151336,0.5815011262893677,0.21800437569618225,True
qb_019823,political,qb_019823__political,0.7034801,0.5332237482070923,0.20995262265205383,True
qb_019823,legality_constitutionality,qb_019823__legality_constitutionality,0.70803213,0.5584402680397034,0.21820250153541565,True
qb_018687,legality_constitutionality,qb_018687__legality_constitutionality,0.78818643,0.6012275815010071,0.24078980088233948,True
qb_018687,political,qb_018687__political,0.8080128,0.6557564735412598,0.30512362718582153,True
qb_018687,fairness_and_equality,qb_018687__fairness_and_equality,0.7636914,0.6956937909126282,0.29827457666397095,True
qb_018687,economic,qb_018687__economic,0.71111506,0.5535385608673096,0.2580307126045227,True
qb_001080,legality_constitutionality,qb_001080__legality_constitutionality,0.77608263,0.5956090092658997,0.1895606517791748,True
qb_001080,crime_and_punishment,qb_001080__crime_and_punishment,0.7344921,0.6657237410545349,0.16809049248695374,True
qb_001080,external_regulation,qb_001080__external_regulation,0.6737352,0.6199290752410889,0.21232493221759796,True
qb_001080,security_and_defense,qb_001080__security_and_defense,0.68875796,0.6118195652961731,0.1939089298248291,True
qb_001080,political,qb_001080__political,0.56558704,0.5083326697349548,0.27085384726524353,True
qb_001080,morality,qb_001080__morality,0.77889735,0.6171537041664124,0.23555275797843933,True
qb_001080,public_sentiment,qb_001080__public_sentiment,0.77193713,0.6393400430679321,0.2518264651298523,True
qb_001080,health_and_safety,qb_001080__health_and_safety,0.7050084,0.5684969425201416,0.20317983627319336,True
qb_018254,political,qb_018254__political,0.8353875,0.5698427557945251,0.24157170951366425,True
qb_018254,policy_prescription,qb_018254__policy_prescription,0.58813393,0.5031021237373352,0.25754010677337646,True
qb_018254,cultural_identity,qb_018254__cultural_identity,0.75662804,0.7163254618644714,0.31113243103027344,True
qb_018254,public_sentiment,qb_018254__public_sentiment,0.8374561,0.5899119973182678,0.18872344493865967,True
qb_000635,policy_prescription,qb_000635__policy_prescription,0.71261716,0.5056184530258179,0.12072128057479858,True
qb_000635,morality,qb_000635__morality,0.80838466,0.6695540547370911,0.15885920822620392,True
qb_000635,cultural_identity,qb_000635__cultural_identity,0.8175593,0.6429104804992676,0.20963624119758606,True
qb_000635,fairness_and_equality,qb_000635__fairness_and_equality,0.81245124,0.6818680167198181,0.23842544853687286,True
qb_000635,political,qb_000635__political,0.8182487,0.648412823677063,0.2527589201927185,True
qb_000635,public_sentiment,qb_000635__public_sentiment,0.82546365,0.6796053051948547,0.19376584887504578,True
qb_014662,health_and_safety,qb_014662__health_and_safety,0.5402784,0.5220784544944763,0.19554516673088074,True
qb_014662,public_sentiment,qb_014662__public_sentiment,0.7071241,0.5314260721206665,0.2827451825141907,True
qb_008965,security_and_defense,qb_008965__security_and_defense,0.6897448,0.6126447319984436,0.2748062014579773,True
qb_008965,capacity_and_resources,qb_008965__capacity_and_resources,0.72798103,0.6778368949890137,0.24159829318523407,True
qb_008965,external_regulation,qb_008965__external_regulation,0.67572725,0.6636876463890076,0.21746289730072021,True
qb_008965,political,qb_008965__political,0.77137655,0.6676234602928162,0.2659510672092438,True
qb_015693,legality_constitutionality,qb_015693__legality_constitutionality,0.73196787,0.568890392780304,0.23734858632087708,True
qb_015693,political,qb_015693__political,0.62330925,0.5661435127258301,0.1877189576625824,True
qb_015693,crime_and_punishment,qb_015693__crime_and_punishment,0.72724617,0.5740838646888733,0.2280728816986084,True
qb_015693,economic,qb_015693__economic,0.6452329,0.5495520234107971,0.2211190015077591,True
qb_014101,policy_prescription,qb_014101__policy_prescription,0.7029036,0.6415267586708069,0.2150764912366867,True
qb_014101,political,qb_014101__political,0.7359419,0.6053991913795471,0.2656458616256714,True
qb_014101,security_and_defense,qb_014101__security_and_defense,0.72546744,0.6111385822296143,0.2290765792131424,True
qb_014101,health_and_safety,qb_014101__health_and_safety,0.80619884,0.6899862289428711,0.2117110788822174,True
qb_011549,political,qb_011549__political,0.6968602,0.42297086119651794,0.24698090553283691,True
qb_011549,external_regulation,qb_011549__external_regulation,0.61996585,0.5223464369773865,0.23587986826896667,True
qb_011549,policy_prescription,qb_011549__policy_prescription,0.6872604,0.41251295804977417,0.14983496069908142,True
qb_011549,health_and_safety,qb_011549__health_and_safety,0.63974905,0.3584694564342499,0.2709585130214691,True
qb_011549,economic,qb_011549__economic,0.6685708,0.5183795690536499,0.20650772750377655,True
qb_014732,policy_prescription,qb_014732__policy_prescription,0.7352486,0.4422946870326996,0.18738356232643127,True
qb_014732,external_regulation,qb_014732__external_regulation,0.7882657,0.3404599130153656,0.20011866092681885,True
qb_014732,health_and_safety,qb_014732__health_and_safety,0.5891781,0.41610604524612427,0.18042628467082977,True
qb_014732,political,qb_014732__political,0.6937611,0.4576329290866852,0.261188805103302,True
qb_014732,public_sentiment,qb_014732__public_sentiment,0.6026785,0.3990620970726013,0.23232276737689972,True
qb_014732,security_and_defense,qb_014732__security_and_defense,0.71689093,0.32475167512893677,0.21481414139270782,True
qb_017800,crime_and_punishment,qb_017800__crime_and_punishment,0.6947179,0.6916638016700745,0.15739743411540985,True
qb_017800,security_and_defense,qb_017800__security_and_defense,0.743697,0.6707756519317627,0.21094903349876404,True
qb_017800,economic,qb_017800__economic,0.6944463,0.5140628218650818,0.2636750638484955,True
qb_017800,external_regulation,qb_017800__external_regulation,0.80891454,0.6716535687446594,0.22123567759990692,True
qb_008362,legality_constitutionality,qb_008362__legality_constitutionality,0.7198457,0.5629774928092957,0.21927285194396973,True
qb_008362,policy_prescription,qb_008362__policy_prescription,0.69451165,0.5510273575782776,0.26331549882888794,True
qb_008362,political,qb_008362__political,0.7066723,0.42547163367271423,0.27364078164100647,True
qb_008362,fairness_and_equality,qb_008362__fairness_and_equality,0.568708,0.5918176770210266,0.21309618651866913,True
qb_008362,cultural_identity,qb_008362__cultural_identity,0.5779781,0.6339795589447021,0.24461646378040314,True
qb_015462,health_and_safety,qb_015462__health_and_safety,0.7394799,0.7155809998512268,0.22726719081401825,True
qb_015462,policy_prescription,qb_015462__policy_prescription,0.7365922,0.6562347412109375,0.1952906996011734,True
qb_015462,quality_of_life,qb_015462__quality_of_life,0.7096993,0.6799496412277222,0.1668003648519516,True
qb_016397,political,qb_016397__political,0.94198453,0.7867059111595154,0.222069650888443,True
qb_016397,public_sentiment,qb_016397__public_sentiment,0.8254454,0.7859708070755005,0.18627098202705383,True
qb_019355,political,qb_019355__political,0.7755441,0.6605720520019531,0.15251539647579193,True
qb_019355,public_sentiment,qb_019355__public_sentiment,0.77472806,0.6879274845123291,0.2118181735277176,True
qb_019901,political,qb_019901__political,0.7130996,0.6788328886032104,0.2718196511268616,True
qb_019901,capacity_and_resources,qb_019901__capacity_and_resources,0.77252674,0.541094958782196,0.2001485824584961,True
qb_018497,policy_prescription,qb_018497__policy_prescription,0.7271091,0.6892180442810059,0.20607765018939972,True
qb_018497,capacity_and_resources,qb_018497__capacity_and_resources,0.68160987,0.6414673328399658,0.2618367671966553,True
qb_018497,health_and_safety,qb_018497__health_and_safety,0.7974191,0.633273720741272,0.22947168350219727,True
qb_018497,morality,qb_018497__morality,0.74732924,0.7011243104934692,0.27871230244636536,True
qb_018497,political,qb_018497__political,0.8588587,0.6765553951263428,0.27940860390663147,True
qb_001703,legality_constitutionality,qb_001703__legality_constitutionality,0.69936204,0.5435789227485657,0.25072428584098816,True
qb_001703,political,qb_001703__political,0.7416835,0.5133713483810425,0.30085664987564087,True
qb_001703,morality,qb_001703__morality,0.81547546,0.6399022936820984,0.23295168578624725,True
qb_015742,crime_and_punishment,qb_015742__crime_and_punishment,0.63642484,0.6357982158660889,0.21433162689208984,True
qb_015742,legality_constitutionality,qb_015742__legality_constitutionality,0.81523925,0.5592166185379028,0.18654288351535797,True
qb_015742,morality,qb_015742__morality,0.6731175,0.46516674757003784,0.18337616324424744,True
qb_020352,policy_prescription,qb_020352__policy_prescription,0.75956094,0.5106537938117981,0.15829472243785858,True
qb_020352,economic,qb_020352__economic,0.66341794,0.5016632080078125,0.20081165432929993,True
qb_020352,health_and_safety,qb_020352__health_and_safety,0.6837825,0.5430987477302551,0.17136423289775848,True
qb_020352,quality_of_life,qb_020352__quality_of_life,0.77086604,0.6103081107139587,0.19945424795150757,True
qb_020352,public_sentiment,qb_020352__public_sentiment,0.6648107,0.5648874044418335,0.20890621840953827,True
qb_011739,economic,qb_011739__economic,0.6172091,0.6107872724533081,0.21944859623908997,True
qb_011739,capacity_and_resources,qb_011739__capacity_and_resources,0.68668455,0.6345792412757874,0.12450127303600311,True
qb_011739,policy_prescription,qb_011739__policy_prescription,0.43599445,0.6867186427116394,0.16153448820114136,True
qb_011739,political,qb_011739__political,0.8342995,0.6288146376609802,0.2432011067867279,True
qb_011739,quality_of_life,qb_011739__quality_of_life,0.7372283,0.5787912011146545,0.16171503067016602,True
qb_020866,security_and_defense,qb_020866__security_and_defense,0.705017,0.6558644771575928,0.18760982155799866,True
qb_020866,external_regulation,qb_020866__external_regulation,0.7207218,0.6086058616638184,0.2544124722480774,True
qb_020866,policy_prescription,qb_020866__policy_prescription,0.822869,0.6635737419128418,0.27848488092422485,True
qb_020866,economic,qb_020866__economic,0.63847756,0.5439085960388184,0.24302604794502258,True
qb_020866,capacity_and_resources,qb_020866__capacity_and_resources,0.67957014,0.6740223169326782,0.28882721066474915,True
qb_004881,political,qb_004881__political,0.6766976,0.43955278396606445,0.2190031260251999,True
qb_004881,legality_constitutionality,qb_004881__legality_constitutionality,0.77548563,0.5729145407676697,0.17808902263641357,True
qb_004881,cultural_identity,qb_004881__cultural_identity,0.7228968,0.618134081363678,0.1760333925485611,True
qb_004881,fairness_and_equality,qb_004881__fairness_and_equality,0.77067155,0.663621187210083,0.2684520184993744,True
qb_000725,political,qb_000725__political,0.68008405,0.46326953172683716,0.1305522471666336,True
qb_000725,crime_and_punishment,qb_000725__crime_and_punishment,0.7059746,0.604027271270752,0.2485482394695282,True
qb_000725,security_and_defense,qb_000725__security_and_defense,0.7581943,0.6066202521324158,0.20500977337360382,True
qb_000725,legality_constitutionality,qb_000725__legality_constitutionality,0.8439009,0.5924640893936157,0.241301491856575,True
qb_000725,cultural_identity,qb_000725__cultural_identity,0.8225393,0.5550110340118408,0.22308285534381866,True
qb_000725,public_sentiment,qb_000725__public_sentiment,0.7622622,0.5179628133773804,0.29160046577453613,True
qb_003895,legality_constitutionality,qb_003895__legality_constitutionality,0.7832894,0.6927854418754578,0.2224300354719162,True
qb_003895,economic,qb_003895__economic,0.681877,0.5611692070960999,0.1852215826511383,True
qb_003895,health_and_safety,qb_003895__health_and_safety,0.70173436,0.5839929580688477,0.1960311233997345,True
qb_003895,political,qb_003895__political,0.78883886,0.6048457622528076,0.2628146708011627,True
qb_021141,health_and_safety,qb_021141__health_and_safety,0.5935327,0.504310667514801,0.17577144503593445,True
qb_021141,policy_prescription,qb_021141__policy_prescription,0.5743184,0.6107447147369385,0.25870686769485474,True
qb_012582,health_and_safety,qb_012582__health_and_safety,0.8551696,0.7750300168991089,0.16138912737369537,True
qb_012582,policy_prescription,qb_012582__policy_prescription,0.761438,0.6441891193389893,0.19049490988254547,True
qb_012582,political,qb_012582__political,0.7736684,0.7096791863441467,0.24499496817588806,True
qb_001798,security_and_defense,qb_001798__security_and_defense,0.7392939,0.6830214262008667,0.2062700241804123,True
qb_001798,external_regulation,qb_001798__external_regulation,0.61528695,0.4738481044769287,0.18296977877616882,True
qb_001798,political,qb_001798__political,0.73081994,0.6005162000656128,0.26863807439804077,True
qb_013155,political,qb_013155__political,0.6512282,0.6390747427940369,0.24520261585712433,True
qb_013155,security_and_defense,qb_013155__security_and_defense,0.74746585,0.6444942951202393,0.21386392414569855,True
qb_013155,policy_prescription,qb_013155__policy_prescription,0.7650269,0.6524970531463623,0.21949391067028046,True
qb_013155,public_sentiment,qb_013155__public_sentiment,0.8674369,0.5974710583686829,0.2194981575012207,True
qb_013155,crime_and_punishment,qb_013155__crime_and_punishment,0.5925498,0.5668728947639465,0.21495194733142853,True
qb_008297,security_and_defense,qb_008297__security_and_defense,0.710657,0.5845824480056763,0.20958521962165833,True
qb_008297,capacity_and_resources,qb_008297__capacity_and_resources,0.84309816,0.43938571214675903,0.17484459280967712,True
qb_008297,public_sentiment,qb_008297__public_sentiment,0.59327745,0.4038659930229187,0.17774221301078796,True
qb_005381,security_and_defense,qb_005381__security_and_defense,0.6330525,0.46905288100242615,0.20476682484149933,True
qb_005381,policy_prescription,qb_005381__policy_prescription,0.64007336,0.4772779941558838,0.2707669138908386,True
qb_005381,external_regulation,qb_005381__external_regulation,0.7944027,0.565832793712616,0.2992504835128784,True
qb_005381,health_and_safety,qb_005381__health_and_safety,0.6099074,0.2729584574699402,0.2635479271411896,True
qb_005381,political,qb_005381__political,0.6660641,0.5354212522506714,0.26472029089927673,True
qb_005381,legality_constitutionality,qb_005381__legality_constitutionality,0.72362345,0.5776336789131165,0.222713902592659,True
qb_010212,political,qb_010212__political,0.6193918,0.3322473466396332,0.28209394216537476,True
qb_010212,policy_prescription,qb_010212__policy_prescription,0.6494131,0.39844879508018494,0.18753674626350403,True
qb_010212,economic,qb_010212__economic,0.7236104,0.72038334608078,0.17060355842113495,True
qb_010212,health_and_safety,qb_010212__health_and_safety,0.6810632,0.4131062924861908,0.20278020203113556,True
qb_001793,policy_prescription,qb_001793__policy_prescription,0.70092607,0.5095223784446716,0.204034686088562,True
qb_001793,legality_constitutionality,qb_001793__legality_constitutionality,0.7411635,0.5215210318565369,0.16549459099769592,True
qb_001793,political,qb_001793__political,0.58973527,0.3782109320163727,0.20372311770915985,True
qb_001793,morality,qb_001793__morality,0.73510045,0.5868924260139465,0.19414421916007996,True
qb_013362,policy_prescription,qb_013362__policy_prescription,0.6066077,0.5524243116378784,0.29097384214401245,True
qb_013362,political,qb_013362__political,0.6899401,0.47324487566947937,0.28678733110427856,True
qb_013362,economic,qb_013362__economic,0.6481098,0.5168907642364502,0.26058411598205566,True
qb_013294,policy_prescription,qb_013294__policy_prescription,0.69590896,0.36618363857269287,0.15246716141700745,True
qb_013294,political,qb_013294__political,0.7340237,0.4491552412509918,0.2598764896392822,True
qb_013294,legality_constitutionality,qb_013294__legality_constitutionality,0.81565773,0.5515707731246948,0.2348073422908783,True
qb_016574,cultural_identity,qb_016574__cultural_identity,0.6816144,0.5479010939598083,0.20169508457183838,True
qb_016574,political,qb_016574__political,0.7296497,0.591107189655304,0.19652733206748962,True
qb_016574,public_sentiment,qb_016574__public_sentiment,0.7597385,0.5235937833786011,0.35775813460350037,True
qb_016574,fairness_and_equality,qb_016574__fairness_and_equality,0.7014697,0.6153596639633179,0.20412318408489227,True
qb_016574,external_regulation,qb_016574__external_regulation,0.5664174,0.5559543371200562,0.20348946750164032,True
qb_016574,health_and_safety,qb_016574__health_and_safety,0.65843296,0.6016766428947449,0.23465780913829803,True
qb_020630,political,qb_020630__political,0.74184114,0.6457681655883789,0.20163226127624512,True
qb_020630,policy_prescription,qb_020630__policy_prescription,0.7047984,0.6416884660720825,0.28006309270858765,True
qb_020630,capacity_and_resources,qb_020630__capacity_and_resources,0.6579274,0.6124955415725708,0.23345084488391876,True
qb_020630,public_sentiment,qb_020630__public_sentiment,0.747321,0.6212968826293945,0.22000917792320251,True
qb_020630,economic,qb_020630__economic,0.71034443,0.6489567160606384,0.20263035595417023,True
qb_020630,fairness_and_equality,qb_020630__fairness_and_equality,0.76780796,0.6384769678115845,0.28168928623199463,True
qb_019697,capacity_and_resources,qb_019697__capacity_and_resources,0.6902216,0.6175282597541809,0.17127567529678345,True
qb_019697,other,qb_019697__other,0.78119606,0.5907909870147705,0.18283700942993164,True
qb_012860,economic,qb_012860__economic,0.715165,0.6155597567558289,0.16451729834079742,True
qb_012860,policy_prescription,qb_012860__policy_prescription,0.6396079,0.49327781796455383,0.2139253318309784,True
qb_007152,legality_constitutionality,qb_007152__legality_constitutionality,0.8010776,,0.14436116814613342,False
qb_005930,policy_prescription,qb_005930__policy_prescription,0.78285176,0.6831393837928772,0.25438815355300903,True
qb_005930,legality_constitutionality,qb_005930__legality_constitutionality,0.7159724,0.6089637279510498,0.20393601059913635,True
qb_005930,morality,qb_005930__morality,0.7538738,0.6024882793426514,0.16610859334468842,True
qb_005930,political,qb_005930__political,0.6859547,0.535457968711853,0.29879993200302124,True
qb_005930,health_and_safety,qb_005930__health_and_safety,0.6860088,0.657279372215271,0.25468042492866516,True
qb_016342,political,qb_016342__political,0.80501735,0.6444437503814697,0.20461611449718475,True
qb_016342,legality_constitutionality,qb_016342__legality_constitutionality,0.7264873,0.5761668682098389,0.1812572032213211,True
qb_015526,economic,qb_015526__economic,0.67323804,0.5538424253463745,0.2065117359161377,True
qb_015526,policy_prescription,qb_015526__policy_prescription,0.7239654,0.7567743062973022,0.19229838252067566,True
qb_015526,political,qb_015526__political,0.7739259,0.6945856809616089,0.23468534648418427,True
qb_008855,legality_constitutionality,qb_008855__legality_constitutionality,0.68339884,0.6750203967094421,0.2722390294075012,True
qb_008855,political,qb_008855__political,0.81954575,0.5927771925926208,0.32130470871925354,True
qb_008855,crime_and_punishment,qb_008855__crime_and_punishment,0.7918575,0.658900797367096,0.2211683988571167,True
qb_008855,morality,qb_008855__morality,0.8680616,0.6689727306365967,0.27437853813171387,True
qb_004319,security_and_defense,qb_004319__security_and_defense,0.7034024,0.7066733837127686,0.2070990800857544,True
qb_004319,external_regulation,qb_004319__external_regulation,0.71536124,0.6817418336868286,0.21500714123249054,True
qb_001358,legality_constitutionality,qb_001358__legality_constitutionality,0.7257162,0.6914534568786621,0.18716731667518616,True
qb_001358,policy_prescription,qb_001358__policy_prescription,0.71634233,0.6301714777946472,0.2260984480381012,True
qb_001358,fairness_and_equality,qb_001358__fairness_and_equality,0.80092233,0.6135408878326416,0.21424460411071777,True
qb_001358,cultural_identity,qb_001358__cultural_identity,0.7113928,0.6629894375801086,0.17878982424736023,True
qb_004831,legality_constitutionality,qb_004831__legality_constitutionality,0.6075234,0.5686659216880798,0.15783214569091797,True
qb_004831,policy_prescription,qb_004831__policy_prescription,0.71638465,0.6005610823631287,0.18425552546977997,True
qb_004831,crime_and_punishment,qb_004831__crime_and_punishment,0.6586931,0.604393720626831,0.2169944941997528,True
qb_004831,economic,qb_004831__economic,0.83059156,0.6527471542358398,0.1548575758934021,True
qb_004578,policy_prescription,qb_004578__policy_prescription,0.76059794,0.634427547454834,0.1985359489917755,True
qb_004578,morality,qb_004578__morality,0.7217438,0.5752195715904236,0.24300038814544678,True
qb_004578,political,qb_004578__political,0.6651924,0.5282753705978394,0.2168314903974533,True
qb_004578,fairness_and_equality,qb_004578__fairness_and_equality,0.7859838,0.5892113447189331,0.19343796372413635,True
qb_004578,economic,qb_004578__economic,0.64365566,0.5589352250099182,0.17909157276153564,True
qb_004578,public_sentiment,qb_004578__public_sentiment,0.4701651,0.49551892280578613,0.21689721941947937,True
qb_020651,political,qb_020651__political,0.56978416,0.5618711709976196,0.21578273177146912,True
qb_020651,policy_prescription,qb_020651__policy_prescription,0.64036137,0.5491799116134644,0.26887181401252747,True
qb_020651,crime_and_punishment,qb_020651__crime_and_punishment,0.6562111,0.5662758350372314,0.2144349366426468,True
qb_020651,legality_constitutionality,qb_020651__legality_constitutionality,0.7049564,0.5754125714302063,0.22149987518787384,True
qb_020651,security_and_defense,qb_020651__security_and_defense,0.5963648,0.5590571165084839,0.17889219522476196,True
qb_020651,morality,qb_020651__morality,0.64293814,0.5196099877357483,0.21436521410942078,True
qb_004568,public_sentiment,qb_004568__public_sentiment,0.6840614,0.2515708804130554,0.13968944549560547,True
qb_004568,cultural_identity,qb_004568__cultural_identity,0.7208915,0.5076156258583069,0.1754145622253418,True
qb_004568,quality_of_life,qb_004568__quality_of_life,0.5945554,0.4516143798828125,0.20806846022605896,True
qb_008808,political,qb_008808__political,0.689662,0.4898900091648102,0.22758781909942627,True
qb_008808,economic,qb_008808__economic,0.6482501,0.519839882850647,0.16854171454906464,True
qb_008808,security_and_defense,qb_008808__security_and_defense,0.79067504,0.599983811378479,0.20467093586921692,True
qb_008808,quality_of_life,qb_008808__quality_of_life,0.7512307,0.5679077506065369,0.24509522318840027,True
qb_008808,public_sentiment,qb_008808__public_sentiment,0.76879334,0.4902215600013733,0.2508886754512787,True
qb_008808,capacity_and_resources,qb_008808__capacity_and_resources,0.70956624,0.5949933528900146,0.23508834838867188,True
qb_016992,economic,qb_016992__economic,0.7178145,0.6044086813926697,0.1698896288871765,True
qb_016992,policy_prescription,qb_016992__policy_prescription,0.68817276,0.6058458685874939,0.18614472448825836,True
qb_016992,political,qb_016992__political,0.7599611,0.575993001461029,0.3219687044620514,True
qb_016992,fairness_and_equality,qb_016992__fairness_and_equality,0.731162,0.6077747344970703,0.21357262134552002,True
qb_002379,political,qb_002379__political,0.7199527,0.49433788657188416,0.21517345309257507,True
qb_002379,crime_and_punishment,qb_002379__crime_and_punishment,0.6491991,0.5020977854728699,0.16042444109916687,True
qb_002379,public_sentiment,qb_002379__public_sentiment,0.6275578,0.49299266934394836,0.20760798454284668,True
qb_002379,cultural_identity,qb_002379__cultural_identity,0.61775976,0.540916383266449,0.2753705680370331,True
qb_011164,public_sentiment,qb_011164__public_sentiment,0.67910564,0.6216949820518494,0.12871268391609192,True
qb_011164,political,qb_011164__political,0.68822026,0.5508501529693604,0.19155243039131165,True
qb_011164,morality,qb_011164__morality,0.75867605,0.5620454549789429,0.2819865942001343,True
qb_011164,economic,qb_011164__economic,0.73886824,0.5666101574897766,0.19226643443107605,True
qb_006422,cultural_identity,qb_006422__cultural_identity,0.7661623,0.741599440574646,0.1679602563381195,True
qb_006422,fairness_and_equality,qb_006422__fairness_and_equality,0.83500254,0.7566828727722168,0.20556151866912842,True
qb_006422,policy_prescription,qb_006422__policy_prescription,0.8012005,0.7422734498977661,0.22918984293937683,True
qb_006422,political,qb_006422__political,0.7331892,0.7215447425842285,0.19982092082500458,True
qb_006422,morality,qb_006422__morality,0.77329135,0.6873360872268677,0.17507997155189514,True
qb_020364,political,qb_020364__political,0.8443934,0.5311806201934814,0.250834584236145,True
qb_020364,policy_prescription,qb_020364__policy_prescription,0.5755961,0.6665354371070862,0.21381235122680664,True
qb_020364,capacity_and_resources,qb_020364__capacity_and_resources,0.8102362,0.5347400903701782,0.2032758891582489,True
qb_020364,economic,qb_020364__economic,0.6632381,0.6512501835823059,0.2853640615940094,True
qb_007533,political,qb_007533__political,0.78317136,0.7102373838424683,0.27141833305358887,True
qb_007533,policy_prescription,qb_007533__policy_prescription,0.81032676,0.7039881944656372,0.2289479672908783,True
qb_007533,public_sentiment,qb_007533__public_sentiment,0.8435526,0.7033852338790894,0.27406400442123413,True
qb_007533,health_and_safety,qb_007533__health_and_safety,0.73110926,0.6153138279914856,0.17869558930397034,True
qb_007533,quality_of_life,qb_007533__quality_of_life,0.8242099,0.6607598662376404,0.24949637055397034,True
qb_008498,legality_constitutionality,qb_008498__legality_constitutionality,0.68493706,0.6191447973251343,0.1787939965724945,True
qb_008498,economic,qb_008498__economic,0.72133076,0.5431241393089294,0.13220980763435364,True
qb_011928,public_sentiment,qb_011928__public_sentiment,0.75524116,0.5835484862327576,0.1919356733560562,True
qb_011928,policy_prescription,qb_011928__policy_prescription,0.7181889,0.6031367182731628,0.2850290834903717,True
qb_011928,morality,qb_011928__morality,0.76323634,0.6529600620269775,0.20434753596782684,True
qb_011928,cultural_identity,qb_011928__cultural_identity,0.7669723,0.5243099331855774,0.1360524743795395,True
qb_001455,political,qb_001455__political,0.8388745,0.712003767490387,0.17113058269023895,True
qb_001455,public_sentiment,qb_001455__public_sentiment,0.85474664,0.6786330342292786,0.1964861899614334,True
qb_001455,cultural_identity,qb_001455__cultural_identity,0.7277933,0.720878005027771,0.15696780383586884,True
qb_000749,political,qb_000749__political,0.7257578,0.6058711409568787,0.24348823726177216,True
qb_000749,policy_prescription,qb_000749__policy_prescription,0.8574353,0.6024792790412903,0.2163127362728119,True
qb_000749,public_sentiment,qb_000749__public_sentiment,0.86788297,0.5938146710395813,0.21854953467845917,True
qb_000749,fairness_and_equality,qb_000749__fairness_and_equality,0.769414,0.6489476561546326,0.2106494903564453,True
qb_009297,security_and_defense,qb_009297__security_and_defense,0.8043418,0.6523153781890869,0.21605539321899414,True
qb_009297,health_and_safety,qb_009297__health_and_safety,0.7508255,0.6497684717178345,0.17041589319705963,True
qb_009297,external_regulation,qb_009297__external_regulation,0.723491,0.5404461622238159,0.21764063835144043,True
qb_012468,political,qb_012468__political,0.7089855,0.41157546639442444,0.3197143077850342,True
qb_012468,economic,qb_012468__economic,0.6195172,0.42525947093963623,0.24024181067943573,True
qb_012468,policy_prescription,qb_012468__policy_prescription,0.6043851,0.4455808401107788,0.1878785341978073,True
qb_012468,health_and_safety,qb_012468__health_and_safety,0.5748523,0.4328972101211548,0.264203280210495,True
qb_012468,public_sentiment,qb_012468__public_sentiment,0.6814023,0.40762823820114136,0.22794289886951447,True
qb_019834,legality_constitutionality,qb_019834__legality_constitutionality,0.55024236,0.5115384459495544,0.29775407910346985,True
qb_019834,political,qb_019834__political,0.7178436,0.5009638071060181,0.22075462341308594,True
qb_019834,crime_and_punishment,qb_019834__crime_and_punishment,0.6266612,0.47707176208496094,0.17683269083499908,True
qb_019834,security_and_defense,qb_019834__security_and_defense,0.6259997,0.5126856565475464,0.28031328320503235,True
qb_019834,fairness_and_equality,qb_019834__fairness_and_equality,0.79402745,0.5797560811042786,0.24591441452503204,True
qb_019834,morality,qb_019834__morality,0.5705355,0.46882128715515137,0.24026942253112793,True
qb_005386,legality_constitutionality,qb_005386__legality_constitutionality,0.6560073,0.5964657664299011,0.2873932123184204,True
qb_005386,political,qb_005386__political,0.6986273,0.49861952662467957,0.29522478580474854,True
qb_005386,external_regulation,qb_005386__external_regulation,0.6610955,0.4955633282661438,0.26724496483802795,True
qb_015329,legality_constitutionality,qb_015329__legality_constitutionality,0.6796392,0.7041787505149841,0.18941989541053772,True
qb_015329,crime_and_punishment,qb_015329__crime_and_punishment,0.72801423,0.523876428604126,0.22897830605506897,True
qb_015329,political,qb_015329__political,0.803026,0.3741939067840576,0.19312867522239685,True
qb_013405,political,qb_013405__political,0.8162944,0.44322407245635986,0.1948728859424591,True
qb_013405,legality_constitutionality,qb_013405__legality_constitutionality,0.779388,0.534434974193573,0.3142372965812683,True
qb_013405,public_sentiment,qb_013405__public_sentiment,0.6790872,0.40380334854125977,0.18370962142944336,True
qb_013405,security_and_defense,qb_013405__security_and_defense,0.76254165,0.49535509943962097,0.23249296844005585,True
qb_013405,capacity_and_resources,qb_013405__capacity_and_resources,0.73859847,0.4879310131072998,0.21544091403484344,True
qb_012819,external_regulation,qb_012819__external_regulation,0.58855474,0.47174468636512756,0.24539628624916077,True
qb_012819,economic,qb_012819__economic,0.6824766,0.5137582421302795,0.15042845904827118,True
qb_012819,policy_prescription,qb_012819__policy_prescription,0.6661087,0.5836887359619141,0.2473759949207306,True
qb_012819,political,qb_012819__political,0.5818543,0.5272171497344971,0.18902722001075745,True
qb_012819,capacity_and_resources,qb_012819__capacity_and_resources,0.7408196,0.5346089005470276,0.1861475706100464,True
qb_012819,security_and_defense,qb_012819__security_and_defense,0.6259794,0.4649096429347992,0.20215559005737305,True
qb_019767,political,qb_019767__political,0.7185544,0.4001440405845642,0.27891775965690613,True
qb_019767,public_sentiment,qb_019767__public_sentiment,0.6287485,0.39087963104248047,0.22475087642669678,True
qb_019767,policy_prescription,qb_019767__policy_prescription,0.6886112,0.3541342616081238,0.2375573366880417,True
qb_019767,health_and_safety,qb_019767__health_and_safety,0.8246665,0.3971770107746124,0.2190110683441162,True
qb_019767,fairness_and_equality,qb_019767__fairness_and_equality,0.7203783,0.3367280662059784,0.30014529824256897,True
qb_019767,legality_constitutionality,qb_019767__legality_constitutionality,0.73929334,0.33358168601989746,0.17944304645061493,True
qb_019767,economic,qb_019767__economic,0.6670176,0.3703992962837219,0.229192852973938,True
qb_019767,capacity_and_resources,qb_019767__capacity_and_resources,0.6041591,0.34914180636405945,0.22148573398590088,True
qb_008186,policy_prescription,qb_008186__policy_prescription,0.7310047,0.5616688132286072,0.28174740076065063,True
qb_008186,security_and_defense,qb_008186__security_and_defense,0.76699233,0.5938344597816467,0.2340245544910431,True
qb_008186,legality_constitutionality,qb_008186__legality_constitutionality,0.69176054,0.4993307590484619,0.15086767077445984,True
qb_008186,crime_and_punishment,qb_008186__crime_and_punishment,0.5362955,0.5358741879463196,0.2532845139503479,True
qb_008186,public_sentiment,qb_008186__public_sentiment,0.8551442,0.5820482969284058,0.2278650999069214,True
qb_008186,health_and_safety,qb_008186__health_and_safety,0.61330515,0.5164335370063782,0.23734350502490997,True
qb_007428,public_sentiment,qb_007428__public_sentiment,0.7834988,0.5529787540435791,0.21277976036071777,True
qb_007428,external_regulation,qb_007428__external_regulation,0.7367944,0.6005500555038452,0.1979631781578064,True
qb_007428,political,qb_007428__political,0.79107153,0.5636374354362488,0.20441985130310059,True
qb_007428,quality_of_life,qb_007428__quality_of_life,0.731258,0.5653333067893982,0.20069599151611328,True
qb_013788,security_and_defense,qb_013788__security_and_defense,0.77071637,0.6462823152542114,0.2084931880235672,True
qb_013788,capacity_and_resources,qb_013788__capacity_and_resources,0.6313863,0.6414783000946045,0.21112406253814697,True
qb_011720,economic,qb_011720__economic,0.7809528,0.5000420808792114,0.20285329222679138,True
qb_011720,political,qb_011720__political,0.7156475,0.5145359635353088,0.20682886242866516,True
qb_011720,external_regulation,qb_011720__external_regulation,0.7305441,0.4993125796318054,0.15098600089550018,True
qb_011720,capacity_and_resources,qb_011720__capacity_and_resources,0.70067525,0.5289193391799927,0.1865437924861908,True
qb_011720,policy_prescription,qb_011720__policy_prescription,0.7139196,0.4943975508213043,0.22619180381298065,True
qb_011720,quality_of_life,qb_011720__quality_of_life,0.6221208,0.5221420526504517,0.1785280853509903,True
qb_015106,economic,qb_015106__economic,0.6185732,0.4631522595882416,0.2070966213941574,True
qb_015106,health_and_safety,qb_015106__health_and_safety,0.6606133,0.3962794244289398,0.22633638978004456,True
qb_015106,capacity_and_resources,qb_015106__capacity_and_resources,0.7061852,0.38463151454925537,0.2077440768480301,True
qb_015106,political,qb_015106__political,0.6570846,0.48911550641059875,0.2634865641593933,True
qb_005777,legality_constitutionality,qb_005777__legality_constitutionality,0.6880387,0.630090594291687,0.22328484058380127,True
qb_005777,crime_and_punishment,qb_005777__crime_and_punishment,0.8198333,0.6719636917114258,0.27603358030319214,True
qb_005777,public_sentiment,qb_005777__public_sentiment,0.7661582,0.6162998080253601,0.23723790049552917,True
qb_005777,capacity_and_resources,qb_005777__capacity_and_resources,0.8253047,0.6155654191970825,0.14904937148094177,True
qb_005777,morality,qb_005777__morality,0.8436036,0.6935603618621826,0.21013803780078888,True
qb_018079,political,qb_018079__political,0.62756944,0.540135383605957,0.1959141194820404,True
qb_018079,cultural_identity,qb_018079__cultural_identity,0.674782,0.47947603464126587,0.22412264347076416,True
qb_018079,public_sentiment,qb_018079__public_sentiment,0.74218756,0.48598015308380127,0.2029457986354828,True
qb_019440,public_sentiment,qb_019440__public_sentiment,0.78089726,0.696098804473877,0.2098841369152069,True
qb_019440,economic,qb_019440__economic,0.7369716,0.6870601177215576,0.1863400787115097,True
qb_019440,capacity_and_resources,qb_019440__capacity_and_resources,0.7023211,0.6341649293899536,0.17210522294044495,True
qb_009324,security_and_defense,qb_009324__security_and_defense,0.68763644,0.6293248534202576,0.25256475806236267,True
qb_009324,public_sentiment,qb_009324__public_sentiment,0.7921357,0.37071493268013,0.18480762839317322,True
qb_009324,legality_constitutionality,qb_009324__legality_constitutionality,0.78275067,0.5935830473899841,0.2152121514081955,True
qb_009324,capacity_and_resources,qb_009324__capacity_and_resources,0.74489117,0.6344367861747742,0.24143008887767792,True
qb_015156,legality_constitutionality,qb_015156__legality_constitutionality,0.6870883,0.6418614387512207,0.19869756698608398,True
qb_015156,political,qb_015156__political,0.606579,0.43447011709213257,0.23483820259571075,True
qb_015156,health_and_safety,qb_015156__health_and_safety,0.6770396,0.45898598432540894,0.18205156922340393,True
qb_019458,security_and_defense,qb_019458__security_and_defense,0.65563387,0.5219722390174866,0.1350909173488617,True
qb_019458,health_and_safety,qb_019458__health_and_safety,0.7252115,0.48543086647987366,0.20572984218597412,True
qb_019458,capacity_and_resources,qb_019458__capacity_and_resources,0.55349267,0.48447027802467346,0.1732078492641449,True
qb_019458,political,qb_019458__political,0.6610882,0.43550533056259155,0.24093344807624817,True
qb_019458,quality_of_life,qb_019458__quality_of_life,0.6372999,0.5090818405151367,0.1224432960152626,True
qb_019458,economic,qb_019458__economic,0.63703305,0.46749448776245117,0.11676261574029922,True
qb_003135,legality_constitutionality,qb_003135__legality_constitutionality,0.78407025,0.7560579776763916,0.2077292501926422,True
qb_003135,fairness_and_equality,qb_003135__fairness_and_equality,0.8797905,0.7743861675262451,0.16700796782970428,True
qb_003135,cultural_identity,qb_003135__cultural_identity,0.73933816,0.7138545513153076,0.1593969613313675,True
qb_009471,health_and_safety,qb_009471__health_and_safety,0.7544539,0.680497944355011,0.23860041797161102,True
qb_009471,capacity_and_resources,qb_009471__capacity_and_resources,0.73589206,0.677208423614502,0.2240840494632721,True
qb_000513,political,qb_000513__political,0.76203024,0.6516469717025757,0.20680339634418488,True
qb_000513,morality,qb_000513__morality,0.78374434,0.6122018098831177,0.2440262734889984,True
qb_021482,political,qb_021482__political,0.82126015,0.5318604111671448,0.17221587896347046,True
qb_021482,security_and_defense,qb_021482__security_and_defense,0.71310496,0.4681890606880188,0.26882681250572205,True
qb_021482,cultural_identity,qb_021482__cultural_identity,0.7746183,0.572149395942688,0.1786053627729416,True
qb_021482,morality,qb_021482__morality,0.7121475,0.6312143802642822,0.24261626601219177,True
qb_021482,fairness_and_equality,qb_021482__fairness_and_equality,0.51792824,0.5941091775894165,0.22137928009033203,True
qb_005814,economic,qb_005814__economic,0.6825079,0.2294227033853531,0.19458380341529846,True
qb_005814,external_regulation,qb_005814__external_regulation,0.70152843,0.3275572657585144,0.19266870617866516,True
qb_005814,health_and_safety,qb_005814__health_and_safety,0.7214861,0.14329580962657928,0.24171766638755798,True
qb_015984,health_and_safety,qb_015984__health_and_safety,0.79398805,0.531997561454773,0.2027570754289627,True
qb_015984,political,qb_015984__political,0.78085876,0.6584180593490601,0.24230699241161346,True
qb_019939,political,qb_019939__political,0.784287,0.7337627410888672,0.25372806191444397,True
qb_019939,policy_prescription,qb_019939__policy_prescription,0.7508715,0.6623632907867432,0.2012709379196167,True
qb_019939,morality,qb_019939__morality,0.73891616,0.6221653819084167,0.14788493514060974,True
qb_019939,public_sentiment,qb_019939__public_sentiment,0.8350229,0.7057296633720398,0.23354753851890564,True
qb_003150,political,qb_003150__political,0.72487974,0.5754761695861816,0.22333809733390808,True
qb_003150,policy_prescription,qb_003150__policy_prescription,0.816018,0.6473584175109863,0.20929944515228271,True
qb_003150,economic,qb_003150__economic,0.78281724,0.626754641532898,0.22958222031593323,True
qb_016473,legality_constitutionality,qb_016473__legality_constitutionality,0.61316884,0.5947198867797852,0.22711405158042908,True
qb_016473,crime_and_punishment,qb_016473__crime_and_punishment,0.6057011,0.5412638187408447,0.20893006026744843,True
qb_016473,political,qb_016473__political,0.5654274,0.4525371193885803,0.20847895741462708,True
qb_015560,political,qb_015560__political,0.7127974,0.3817618489265442,0.20578865706920624,True
qb_015560,legality_constitutionality,qb_015560__legality_constitutionality,0.58469117,0.613055944442749,0.19416654109954834,True
qb_010853,cultural_identity,qb_010853__cultural_identity,0.73436314,0.630334734916687,0.2161046266555786,True
qb_010853,political,qb_010853__political,0.67657137,0.5788278579711914,0.23635880649089813,True
qb_010853,fairness_and_equality,qb_010853__fairness_and_equality,0.7063956,0.6067429780960083,0.15555687248706818,True
qb_010853,security_and_defense,qb_010853__security_and_defense,0.62243253,0.6193426251411438,0.19392403960227966,True
qb_010853,crime_and_punishment,qb_010853__crime_and_punishment,0.75386965,0.5590629577636719,0.17509876191616058,True
qb_010853,public_sentiment,qb_010853__public_sentiment,0.7088945,0.588797926902771,0.14569738507270813,True
qb_010853,legality_constitutionality,qb_010853__legality_constitutionality,0.8327998,0.5928404927253723,0.18808746337890625,True
qb_010853,policy_prescription,qb_010853__policy_prescription,0.6467289,0.5752414464950562,0.23360183835029602,True
qb_013280,morality,qb_013280__morality,0.7605461,0.6873900890350342,0.17938490211963654,True
qb_013280,public_sentiment,qb_013280__public_sentiment,0.7619343,0.5866765975952148,0.15552274882793427,True
qb_013280,security_and_defense,qb_013280__security_and_defense,0.7281514,0.6129099726676941,0.20651185512542725,True
qb_013280,cultural_identity,qb_013280__cultural_identity,0.71781313,0.6069379448890686,0.19968557357788086,True
qb_010232,morality,qb_010232__morality,0.75866157,0.6349611282348633,0.2329195737838745,True
qb_010232,political,qb_010232__political,0.6425008,0.5032687783241272,0.2692956030368805,True
qb_000712,political,qb_000712__political,0.6295273,0.5487920641899109,0.23732218146324158,True
qb_000712,legality_constitutionality,qb_000712__legality_constitutionality,0.689167,0.4484458565711975,0.22237391769886017,True
qb_000712,policy_prescription,qb_000712__policy_prescription,0.74366057,0.5327553153038025,0.1984172910451889,True
qb_000712,fairness_and_equality,qb_000712__fairness_and_equality,0.73072875,0.5439944863319397,0.25585269927978516,True
qb_000712,cultural_identity,qb_000712__cultural_identity,0.78309524,0.49918311834335327,0.17883998155593872,True
qb_000712,public_sentiment,qb_000712__public_sentiment,0.80185246,0.510683536529541,0.2179221212863922,True
qb_009545,legality_constitutionality,qb_009545__legality_constitutionality,0.76890147,0.5539013743400574,0.23777487874031067,True
qb_009545,policy_prescription,qb_009545__policy_prescription,0.64684165,0.646885871887207,0.24751612544059753,True
qb_009545,political,qb_009545__political,0.8241677,0.5211580991744995,0.24961332976818085,True
qb_014032,political,qb_014032__political,0.744973,0.594512403011322,0.227540522813797,True
qb_014032,security_and_defense,qb_014032__security_and_defense,0.71921813,0.5755488276481628,0.22334304451942444,True
qb_014032,public_sentiment,qb_014032__public_sentiment,0.68725985,0.4815315306186676,0.2528572082519531,True
qb_014032,external_regulation,qb_014032__external_regulation,0.7465319,0.5866051316261292,0.21106919646263123,True
qb_006398,security_and_defense,qb_006398__security_and_defense,0.7617294,0.6014423966407776,0.19424903392791748,True
qb_006398,legality_constitutionality,qb_006398__legality_constitutionality,0.6265757,0.4505583345890045,0.1845896989107132,True
qb_006398,crime_and_punishment,qb_006398__crime_and_punishment,0.7582581,0.5985042452812195,0.23475944995880127,True
qb_006398,external_regulation,qb_006398__external_regulation,0.70267653,0.5920639634132385,0.23837701976299286,True
qb_006398,economic,qb_006398__economic,0.6161895,0.5280405282974243,0.19995459914207458,True
qb_006398,political,qb_006398__political,0.7651267,0.5243952870368958,0.30462443828582764,True
qb_002433,legality_constitutionality,qb_002433__legality_constitutionality,0.7607887,0.5910672545433044,0.17364366352558136,True
qb_002433,policy_prescription,qb_002433__policy_prescription,0.8071822,0.7413184642791748,0.1884978711605072,True
qb_002433,political,qb_002433__political,0.60167176,0.420856237411499,0.20646598935127258,True
qb_002433,health_and_safety,qb_002433__health_and_safety,0.65653193,0.6661725640296936,0.19732874631881714,True
qb_016583,legality_constitutionality,qb_016583__legality_constitutionality,0.70193744,0.5565921068191528,0.21503272652626038,True
qb_016583,political,qb_016583__political,0.6307095,0.4552731513977051,0.23014414310455322,True
qb_016583,health_and_safety,qb_016583__health_and_safety,0.7437501,0.551193118095398,0.22148771584033966,True
qb_000026,legality_constitutionality,qb_000026__legality_constitutionality,0.59588265,0.5885428190231323,0.19363072514533997,True
qb_000026,security_and_defense,qb_000026__security_and_defense,0.6816231,0.6687321662902832,0.2395372837781906,True
qb_000026,cultural_identity,qb_000026__cultural_identity,0.7317953,0.3957761228084564,0.17632420361042023,True
qb_011717,legality_constitutionality,qb_011717__legality_constitutionality,0.63941497,0.5680639147758484,0.17380699515342712,True
qb_011717,capacity_and_resources,qb_011717__capacity_and_resources,0.4535148,0.5149480104446411,0.17082813382148743,True
qb_011717,security_and_defense,qb_011717__security_and_defense,0.7643261,0.541218638420105,0.22589346766471863,True
qb_011083,cultural_identity,qb_011083__cultural_identity,0.8104636,0.656694769859314,0.18371407687664032,True
qb_011083,political,qb_011083__political,0.79793525,0.6954580545425415,0.23080062866210938,True
qb_009918,legality_constitutionality,qb_009918__legality_constitutionality,0.643085,0.5273329019546509,0.19345149397850037,True
qb_009918,political,qb_009918__political,0.6499241,0.4981842041015625,0.3282528519630432,True
qb_009918,crime_and_punishment,qb_009918__crime_and_punishment,0.64750737,0.5372042655944824,0.2427510768175125,True
qb_009918,morality,qb_009918__morality,0.62528336,0.4186095893383026,0.21062231063842773,True
qb_001729,legality_constitutionality,qb_001729__legality_constitutionality,0.8121556,0.3752036392688751,0.1986101269721985,True
qb_001729,political,qb_001729__political,0.73216736,0.5936769247055054,0.25517597794532776,True
qb_001729,public_sentiment,qb_001729__public_sentiment,0.53719234,0.4799118638038635,0.23250941932201385,True
qb_009151,policy_prescription,qb_009151__policy_prescription,0.69737536,0.6742724776268005,0.20961305499076843,True
qb_009151,health_and_safety,qb_009151__health_and_safety,0.7354562,0.6223422884941101,0.1786056011915207,True
qb_009151,economic,qb_009151__economic,0.74484324,0.6732364296913147,0.1939851939678192,True
qb_009151,capacity_and_resources,qb_009151__capacity_and_resources,0.7611672,0.6208848357200623,0.20344260334968567,True
qb_005042,external_regulation,qb_005042__external_regulation,0.70408964,0.6470816731452942,0.21905389428138733,True
qb_005042,policy_prescription,qb_005042__policy_prescription,0.7040138,0.619016170501709,0.2144818753004074,True
qb_005042,legality_constitutionality,qb_005042__legality_constitutionality,0.801567,0.615143895149231,0.19708406925201416,True
qb_005042,cultural_identity,qb_005042__cultural_identity,0.8236886,0.6725233793258667,0.22752360999584198,True
qb_005042,morality,qb_005042__morality,0.75790215,0.5299226641654968,0.253398597240448,True
qb_005042,economic,qb_005042__economic,0.71260786,0.5137890577316284,0.22826352715492249,True
qb_006907,political,qb_006907__political,0.6411713,0.40892916917800903,0.28176116943359375,True
qb_006907,policy_prescription,qb_006907__policy_prescription,0.61452246,0.5395400524139404,0.23517827689647675,True
qb_006907,security_and_defense,qb_006907__security_and_defense,0.718512,0.55698561668396,0.23429778218269348,True
qb_006907,economic,qb_006907__economic,0.55671114,0.4151318073272705,0.24592649936676025,True
qb_006907,capacity_and_resources,qb_006907__capacity_and_resources,0.6427679,0.529744565486908,0.22394537925720215,True
qb_019017,political,qb_019017__political,0.7899393,0.591559886932373,0.17595049738883972,True
qb_019017,legality_constitutionality,qb_019017__legality_constitutionality,0.87272996,0.598343551158905,0.24606776237487793,True
qb_003973,legality_constitutionality,qb_003973__legality_constitutionality,0.79801524,0.6461255550384521,0.19316145777702332,True
qb_003973,security_and_defense,qb_003973__security_and_defense,0.76842535,0.5858991742134094,0.22440311312675476,True
qb_003973,political,qb_003973__political,0.7151633,0.5686731934547424,0.23070403933525085,True
qb_003973,crime_and_punishment,qb_003973__crime_and_punishment,0.71491885,0.5968156456947327,0.2763468325138092,True
qb_008919,political,qb_008919__political,0.8123684,0.5617629289627075,0.1413927972316742,True
qb_008919,legality_constitutionality,qb_008919__legality_constitutionality,0.724503,0.5676299929618835,0.19279374182224274,True
qb_017622,political,qb_017622__political,0.7181005,0.5504299402236938,0.22813522815704346,True
qb_017622,public_sentiment,qb_017622__public_sentiment,0.68953586,0.6353580951690674,0.20883651077747345,True
qb_005901,security_and_defense,qb_005901__security_and_defense,0.6170422,0.5517597794532776,0.21201512217521667,True
qb_005901,external_regulation,qb_005901__external_regulation,0.6495603,0.5968134999275208,0.22446496784687042,True
qb_005901,policy_prescription,qb_005901__policy_prescription,0.75800693,0.5471632480621338,0.16784116625785828,True
qb_005901,political,qb_005901__political,0.6882694,0.562847912311554,0.2540818750858307,True
qb_012854,legality_constitutionality,qb_012854__legality_constitutionality,0.78314424,0.6800158023834229,0.25561460852622986,True
qb_012854,crime_and_punishment,qb_012854__crime_and_punishment,0.72663856,0.6477059721946716,0.31714025139808655,True
qb_012854,political,qb_012854__political,0.7583145,0.7051860094070435,0.2018251121044159,True
qb_014848,political,qb_014848__political,0.6665478,0.5191131830215454,0.2827652096748352,True
qb_014848,policy_prescription,qb_014848__policy_prescription,0.70419705,0.49441972374916077,0.24358148872852325,True
qb_003979,capacity_and_resources,qb_003979__capacity_and_resources,0.7427834,0.6171610355377197,0.23528237640857697,True
qb_003979,public_sentiment,qb_003979__public_sentiment,0.6607915,0.5682774186134338,0.20920979976654053,True
qb_003979,economic,qb_003979__economic,0.75763,0.5755814909934998,0.15752898156642914,True
qb_003979,quality_of_life,qb_003979__quality_of_life,0.713509,0.5824013352394104,0.21754638850688934,True
qb_001323,morality,qb_001323__morality,0.6694405,0.6120858192443848,0.22097253799438477,True
qb_001323,public_sentiment,qb_001323__public_sentiment,0.71157837,0.6404844522476196,0.22979950904846191,True
qb_001323,quality_of_life,qb_001323__quality_of_life,0.6882586,0.5754909515380859,0.2558882534503937,True
qb_011762,crime_and_punishment,qb_011762__crime_and_punishment,0.6432156,0.6113991737365723,0.18851441144943237,True
qb_011762,security_and_defense,qb_011762__security_and_defense,0.75119567,0.6200486421585083,0.30066338181495667,True
qb_011762,legality_constitutionality,qb_011762__legality_constitutionality,0.6877289,0.5632637143135071,0.2205808162689209,True
qb_009920,legality_constitutionality,qb_009920__legality_constitutionality,0.64350647,0.47588446736335754,0.20263910293579102,True
qb_009920,political,qb_009920__political,0.71744597,0.5737621188163757,0.2108859121799469,True
qb_009920,crime_and_punishment,qb_009920__crime_and_punishment,0.5406781,0.5174116492271423,0.18286661803722382,True
qb_009920,external_regulation,qb_009920__external_regulation,0.71755874,0.3763483464717865,0.24701586365699768,True
qb_011032,security_and_defense,qb_011032__security_and_defense,0.757577,0.8346673846244812,0.1786758005619049,True
qb_011032,external_regulation,qb_011032__external_regulation,0.7899393,0.6568577289581299,0.22470524907112122,True
qb_011032,policy_prescription,qb_011032__policy_prescription,0.7443089,0.7020372748374939,0.20809797942638397,True
qb_013248,security_and_defense,qb_013248__security_and_defense,0.73214996,0.5444880723953247,0.1302485316991806,True
qb_013248,health_and_safety,qb_013248__health_and_safety,0.6576812,0.533283531665802,0.15573221445083618,True
qb_013248,political,qb_013248__political,0.6595477,0.48334622383117676,0.1908644586801529,True
qb_013248,external_regulation,qb_013248__external_regulation,0.6967801,0.5712699294090271,0.1321430653333664,True
qb_013248,public_sentiment,qb_013248__public_sentiment,0.76400197,0.49582913517951965,0.15852592885494232,True
qb_010416,crime_and_punishment,qb_010416__crime_and_punishment,0.76904494,0.6296876668930054,0.2563354969024658,True
qb_010416,public_sentiment,qb_010416__public_sentiment,0.7502829,0.6685017943382263,0.17422477900981903,True
qb_010416,legality_constitutionality,qb_010416__legality_constitutionality,0.8403624,0.5868046283721924,0.18718035519123077,True
qb_005867,external_regulation,qb_005867__external_regulation,0.69721806,0.5307050943374634,0.19624574482440948,True
qb_005867,economic,qb_005867__economic,0.71872354,0.5903762578964233,0.20986807346343994,True
qb_005867,political,qb_005867__political,0.6907652,0.4190528094768524,0.192544624209404,True
qb_011959,policy_prescription,qb_011959__policy_prescription,0.7320846,0.5532660484313965,0.2400788515806198,True
qb_011959,crime_and_punishment,qb_011959__crime_and_punishment,0.88217705,0.649858832359314,0.24197761714458466,True
qb_011959,health_and_safety,qb_011959__health_and_safety,0.5777433,0.44377827644348145,0.1694236397743225,True
qb_011959,public_sentiment,qb_011959__public_sentiment,0.7146213,0.5195085406303406,0.20767275989055634,True
qb_011959,political,qb_011959__political,0.73280555,0.5299774408340454,0.3052218556404114,True
qb_008832,legality_constitutionality,qb_008832__legality_constitutionality,0.7200577,0.699103832244873,0.22127589583396912,True
qb_008832,political,qb_008832__political,0.8502339,0.6772626638412476,0.3175801932811737,True
qb_001015,legality_constitutionality,qb_001015__legality_constitutionality,0.73691785,0.5439785718917847,0.14496837556362152,True
qb_001015,political,qb_001015__political,0.7873089,0.5723768472671509,0.23442716896533966,True
qb_001015,capacity_and_resources,qb_001015__capacity_and_resources,0.7578761,0.6484884023666382,0.1973196119070053,True
qb_012974,economic,qb_012974__economic,0.66897386,0.6812560558319092,0.1959417164325714,True
qb_012974,quality_of_life,qb_012974__quality_of_life,0.6839998,0.5536469221115112,0.18060413002967834,True
qb_002026,political,qb_002026__political,0.72047496,0.6267374753952026,0.2774456739425659,True
qb_002026,public_sentiment,qb_002026__public_sentiment,0.7749349,0.4960746169090271,0.16472497582435608,True
qb_021479,security_and_defense,qb_021479__security_and_defense,0.7485998,0.5389618277549744,0.21270227432250977,True
qb_021479,public_sentiment,qb_021479__public_sentiment,0.7772243,0.4592968225479126,0.17245790362358093,True
qb_001925,political,qb_001925__political,0.71720433,0.559026837348938,0.25879281759262085,True
qb_001925,policy_prescription,qb_001925__policy_prescription,0.7144183,0.6096161603927612,0.20390793681144714,True
qb_011799,political,qb_011799__political,0.6890696,0.49829548597335815,0.25027650594711304,True
qb_011799,security_and_defense,qb_011799__security_and_defense,0.7690566,0.5064979791641235,0.2376726120710373,True
qb_011799,policy_prescription,qb_011799__policy_prescription,0.5869241,0.5059753656387329,0.2381104975938797,True
qb_011799,legality_constitutionality,qb_011799__legality_constitutionality,0.63407767,0.47072944045066833,0.24104437232017517,True
qb_011799,crime_and_punishment,qb_011799__crime_and_punishment,0.6898303,0.5627259016036987,0.2934834361076355,True
qb_011799,public_sentiment,qb_011799__public_sentiment,0.69357,0.4548385739326477,0.22560060024261475,True
qb_005415,policy_prescription,qb_005415__policy_prescription,0.63525975,0.5190656185150146,0.2187865525484085,True
qb_005415,political,qb_005415__political,0.73817825,0.532997727394104,0.22503307461738586,True
qb_005415,economic,qb_005415__economic,0.84155625,0.5594579577445984,0.20474255084991455,True
qb_005948,policy_prescription,qb_005948__policy_prescription,0.70845616,0.641925036907196,0.2631111741065979,True
qb_005948,capacity_and_resources,qb_005948__capacity_and_resources,0.75308305,0.5785293579101562,0.265494167804718,True
qb_005948,political,qb_005948__political,0.7342337,0.5313571691513062,0.25124627351760864,True
qb_005948,crime_and_punishment,qb_005948__crime_and_punishment,0.7149195,0.5288389921188354,0.23673394322395325,True
qb_005948,legality_constitutionality,qb_005948__legality_constitutionality,0.64607066,0.4965267777442932,0.24159157276153564,True
qb_004366,political,qb_004366__political,0.669018,0.600739598274231,0.22802504897117615,True
qb_004366,legality_constitutionality,qb_004366__legality_constitutionality,0.7290277,0.5072484016418457,0.2731885313987732,True
qb_004366,public_sentiment,qb_004366__public_sentiment,0.72706085,0.4646046459674835,0.17654910683631897,True
qb_011875,political,qb_011875__political,0.6759072,0.3961922228336334,0.17076659202575684,True
qb_011875,public_sentiment,qb_011875__public_sentiment,0.78091925,0.5269140005111694,0.16743648052215576,True
qb_011875,morality,qb_011875__morality,0.66232365,0.4798537492752075,0.1530335247516632,True
qb_007488,health_and_safety,qb_007488__health_and_safety,0.57108504,0.5333215594291687,0.16798853874206543,True
qb_007488,policy_prescription,qb_007488__policy_prescription,0.63318455,0.5530871748924255,0.2029046267271042,True
qb_007488,public_sentiment,qb_007488__public_sentiment,0.75750375,0.569564938545227,0.2724630534648895,True
qb_000178,economic,qb_000178__economic,0.61288786,0.5374062061309814,0.14837320148944855,True
qb_000178,policy_prescription,qb_000178__policy_prescription,0.71525335,0.48378700017929077,0.26767921447753906,True
qb_000178,political,qb_000178__political,0.6643108,0.48719727993011475,0.2034478634595871,True
qb_020047,health_and_safety,qb_020047__health_and_safety,0.797007,0.6004920601844788,0.19312630593776703,True
qb_020047,economic,qb_020047__economic,0.6848197,0.5443736910820007,0.13550476729869843,True
qb_020047,policy_prescription,qb_020047__policy_prescription,0.7232778,0.5178658962249756,0.1632017195224762,True
qb_020047,political,qb_020047__political,0.6916137,0.5293719172477722,0.1835966855287552,True
qb_020047,capacity_and_resources,qb_020047__capacity_and_resources,0.6937494,0.5804197192192078,0.17750284075737,True
qb_014507,political,qb_014507__political,0.6874674,0.23734866082668304,0.12850740551948547,True
qb_014507,security_and_defense,qb_014507__security_and_defense,0.61631745,0.26820120215415955,0.22063323855400085,True
qb_014507,legality_constitutionality,qb_014507__legality_constitutionality,0.6783038,0.3269400894641876,0.18239811062812805,True
qb_014507,public_sentiment,qb_014507__public_sentiment,0.69187236,0.3397875130176544,0.24017128348350525,True
qb_016664,political,qb_016664__political,0.60731804,0.5654948949813843,0.2979377806186676,True
qb_016664,fairness_and_equality,qb_016664__fairness_and_equality,0.67086923,0.7073321342468262,0.25119489431381226,True
qb_016664,crime_and_punishment,qb_016664__crime_and_punishment,0.7179674,0.43982312083244324,0.20853348076343536,True
qb_008645,policy_prescription,qb_008645__policy_prescription,0.62641376,0.5231910943984985,0.23017820715904236,True
qb_008645,economic,qb_008645__economic,0.6157012,0.42594900727272034,0.18424542248249054,True
qb_008645,quality_of_life,qb_008645__quality_of_life,0.7163384,0.48488694429397583,0.18929703533649445,True
qb_008645,capacity_and_resources,qb_008645__capacity_and_resources,0.63590735,0.5569886565208435,0.2118685245513916,True
qb_008645,political,qb_008645__political,0.7107779,0.4540749192237854,0.3197310268878937,True
qb_008645,health_and_safety,qb_008645__health_and_safety,0.7190493,0.450288861989975,0.15581311285495758,True
qb_021268,political,qb_021268__political,0.69518113,0.44269946217536926,0.2475423514842987,True
qb_021268,policy_prescription,qb_021268__policy_prescription,0.69681966,0.4922676086425781,0.24710282683372498,True
qb_021268,capacity_and_resources,qb_021268__capacity_and_resources,0.71507275,0.4072384834289551,0.1742609441280365,True
qb_003384,policy_prescription,qb_003384__policy_prescription,0.7333392,0.6564290523529053,0.28541216254234314,True
qb_003384,political,qb_003384__political,0.74034333,0.5935360193252563,0.2628962993621826,True
qb_003384,security_and_defense,qb_003384__security_and_defense,0.6405964,0.5400267839431763,0.2696048319339752,True
qb_015588,political,qb_015588__political,0.7483169,,0.22574536502361298,False
qb_000457,political,qb_000457__political,0.7487608,0.658153772354126,0.1708066463470459,True
qb_000457,policy_prescription,qb_000457__policy_prescription,0.72403616,0.6452436447143555,0.21100425720214844,True
qb_000457,capacity_and_resources,qb_000457__capacity_and_resources,0.67095804,0.5830237865447998,0.2203613966703415,True
qb_020286,political,qb_020286__political,0.70568717,0.5872701406478882,0.2873736023902893,True
qb_020286,fairness_and_equality,qb_020286__fairness_and_equality,0.742239,0.40735065937042236,0.22138285636901855,True
qb_020286,public_sentiment,qb_020286__public_sentiment,0.6872752,0.5463671684265137,0.22337958216667175,True
qb_008292,legality_constitutionality,qb_008292__legality_constitutionality,0.67932606,0.6089871525764465,0.2466634064912796,True
qb_008292,economic,qb_008292__economic,0.53077126,0.5307004451751709,0.1551785171031952,True
qb_008292,capacity_and_resources,qb_008292__capacity_and_resources,0.81894475,0.6564903259277344,0.2236994206905365,True
qb_017708,political,qb_017708__political,0.7049674,0.5990800261497498,0.1762954145669937,True
qb_017708,economic,qb_017708__economic,0.57435083,0.5784565806388855,0.19335108995437622,True
qb_017708,capacity_and_resources,qb_017708__capacity_and_resources,0.7727244,0.5306375026702881,0.25686049461364746,True
qb_017708,policy_prescription,qb_017708__policy_prescription,0.7167219,0.449287086725235,0.20710714161396027,True
qb_012530,political,qb_012530__political,0.8288987,0.6417115926742554,0.21798530220985413,True
qb_012530,legality_constitutionality,qb_012530__legality_constitutionality,0.7101189,0.6865544319152832,0.26045510172843933,True
qb_012530,public_sentiment,qb_012530__public_sentiment,0.6648282,0.5609159469604492,0.26261284947395325,True
qb_012530,policy_prescription,qb_012530__policy_prescription,0.71594083,0.5560204386711121,0.27518999576568604,True
qb_012530,morality,qb_012530__morality,0.75621325,0.6637126803398132,0.25931090116500854,True
qb_019868,political,qb_019868__political,0.7065176,0.41304534673690796,0.21969619393348694,True
qb_019868,policy_prescription,qb_019868__policy_prescription,0.5509772,0.4414617419242859,0.26160773634910583,True
qb_019868,capacity_and_resources,qb_019868__capacity_and_resources,0.7333917,0.46836698055267334,0.22816042602062225,True
qb_004170,health_and_safety,qb_004170__health_and_safety,0.60058206,0.5093870759010315,0.2277141511440277,True
qb_004170,policy_prescription,qb_004170__policy_prescription,0.7364899,0.5008028149604797,0.2117740362882614,True
qb_004170,capacity_and_resources,qb_004170__capacity_and_resources,0.70141464,0.3939354717731476,0.15380053222179413,True
qb_004170,political,qb_004170__political,0.71485436,0.4645017087459564,0.19434145092964172,True
qb_002833,legality_constitutionality,qb_002833__legality_constitutionality,0.7552737,0.6269677877426147,0.2246110439300537,True
qb_002833,morality,qb_002833__morality,0.7692702,0.5953407287597656,0.20133265852928162,True
qb_002833,health_and_safety,qb_002833__health_and_safety,0.6354967,0.5622166395187378,0.18035148084163666,True
qb_002833,policy_prescription,qb_002833__policy_prescription,0.73226404,0.5648800134658813,0.24670585989952087,True
qb_002833,fairness_and_equality,qb_002833__fairness_and_equality,0.75638735,0.6399170160293579,0.21539834141731262,True
qb_002833,political,qb_002833__political,0.72689307,0.47831496596336365,0.26691752672195435,True
qb_002833,cultural_identity,qb_002833__cultural_identity,0.7870201,0.655752420425415,0.14487281441688538,True
qb_014116,security_and_defense,qb_014116__security_and_defense,0.7701548,0.732682466506958,0.2962109446525574,True
qb_014116,political,qb_014116__political,0.73861724,0.6866220235824585,0.23778192698955536,True
qb_014116,external_regulation,qb_014116__external_regulation,0.71638656,0.6936503648757935,0.22248756885528564,True
qb_009667,legality_constitutionality,qb_009667__legality_constitutionality,0.6615513,0.6958174705505371,0.23476938903331757,True
qb_009667,crime_and_punishment,qb_009667__crime_and_punishment,0.7043349,0.5306363105773926,0.26144304871559143,True
qb_009667,political,qb_009667__political,0.57351863,0.5779109001159668,0.22089488804340363,True
qb_019630,political,qb_019630__political,0.8018477,0.5833293795585632,0.2438417375087738,True
qb_019630,health_and_safety,qb_019630__health_and_safety,0.8361045,0.683293879032135,0.21672582626342773,True
qb_019630,policy_prescription,qb_019630__policy_prescription,0.73008007,0.5520064234733582,0.19788116216659546,True
qb_019630,capacity_and_resources,qb_019630__capacity_and_resources,0.73135287,0.5759106278419495,0.22270843386650085,True
qb_004411,legality_constitutionality,qb_004411__legality_constitutionality,0.6548079,0.8308632373809814,0.2603478729724884,True
qb_004411,political,qb_004411__political,0.8171979,0.5607078671455383,0.25030356645584106,True
qb_014053,policy_prescription,qb_014053__policy_prescription,0.79652876,0.6176036596298218,0.21312347054481506,True
qb_014053,economic,qb_014053__economic,0.732164,0.5083908438682556,0.13526710867881775,True
qb_014053,public_sentiment,qb_014053__public_sentiment,0.75888455,0.6236250996589661,0.2091337889432907,True
qb_014053,morality,qb_014053__morality,0.79236245,0.643370509147644,0.29743993282318115,True
qb_014053,capacity_and_resources,qb_014053__capacity_and_resources,0.72747976,0.7119223475456238,0.23494605720043182,True
qb_014053,political,qb_014053__political,0.7753277,0.6230071783065796,0.26863473653793335,True
qb_016547,security_and_defense,qb_016547__security_and_defense,0.6727864,0.571427583694458,0.244436576962471,True
qb_016547,political,qb_016547__political,0.65837455,0.5463693737983704,0.26321545243263245,True
qb_016547,external_regulation,qb_016547__external_regulation,0.63916576,0.4470984935760498,0.25196966528892517,True
qb_016547,health_and_safety,qb_016547__health_and_safety,0.6045703,0.4384528696537018,0.17221467196941376,True
qb_019205,political,qb_019205__political,0.75513244,0.544560968875885,0.2682594060897827,True
qb_019205,morality,qb_019205__morality,0.64996344,0.5695365071296692,0.19774691760540009,True
qb_019205,cultural_identity,qb_019205__cultural_identity,0.7120451,0.6125574111938477,0.25673094391822815,True
qb_007535,legality_constitutionality,qb_007535__legality_constitutionality,0.7774437,0.6085233092308044,0.25014346837997437,True
qb_007535,political,qb_007535__political,0.6877519,0.569125771522522,0.24147379398345947,True
qb_007535,public_sentiment,qb_007535__public_sentiment,0.6460115,0.5298701524734497,0.24850067496299744,True
qb_007535,external_regulation,qb_007535__external_regulation,0.65733594,0.5900946259498596,0.2879425585269928,True
qb_010726,quality_of_life,qb_010726__quality_of_life,0.7922538,0.6615718603134155,0.14686235785484314,True
qb_010726,capacity_and_resources,qb_010726__capacity_and_resources,0.7146821,0.6689717769622803,0.16704246401786804,True
qb_010726,health_and_safety,qb_010726__health_and_safety,0.6685059,0.6904759407043457,0.2605462670326233,True
qb_003064,political,qb_003064__political,0.6236124,0.6334046125411987,0.24465104937553406,True
qb_003064,legality_constitutionality,qb_003064__legality_constitutionality,0.77439237,0.7232509851455688,0.20653846859931946,True
qb_013494,crime_and_punishment,qb_013494__crime_and_punishment,0.7273098,0.6120612025260925,0.2200975865125656,True
qb_013494,policy_prescription,qb_013494__policy_prescription,0.674145,0.5861736536026001,0.2683795094490051,True
qb_013494,political,qb_013494__political,0.71592325,0.6247298717498779,0.28199148178100586,True
qb_008606,policy_prescription,qb_008606__policy_prescription,0.73950225,0.653877317905426,0.21787969768047333,True
qb_008606,health_and_safety,qb_008606__health_and_safety,0.70752317,0.6090136766433716,0.23172712326049805,True
qb_008606,political,qb_008606__political,0.84286344,0.574985146522522,0.2612540125846863,True
qb_008606,capacity_and_resources,qb_008606__capacity_and_resources,0.712944,0.6934022903442383,0.2805280387401581,True
qb_008606,legality_constitutionality,qb_008606__legality_constitutionality,0.6802089,0.6570673584938049,0.25220590829849243,True
qb_014278,security_and_defense,qb_014278__security_and_defense,0.63440394,0.613296389579773,0.1984769105911255,True
qb_014278,crime_and_punishment,qb_014278__crime_and_punishment,0.72578484,0.6059522032737732,0.1778174489736557,True
qb_014278,morality,qb_014278__morality,0.7198832,0.5215465426445007,0.1948695033788681,True
qb_014278,legality_constitutionality,qb_014278__legality_constitutionality,0.69374573,0.5842577815055847,0.13719621300697327,True
qb_014278,public_sentiment,qb_014278__public_sentiment,0.743966,0.5823126435279846,0.17388902604579926,True
qb_014278,political,qb_014278__political,0.57117,0.5309611558914185,0.185386061668396,True
qb_004974,public_sentiment,qb_004974__public_sentiment,0.8016936,0.6142926216125488,0.14908897876739502,True
qb_004974,security_and_defense,qb_004974__security_and_defense,0.747558,0.5344374179840088,0.1692117154598236,True
qb_004974,quality_of_life,qb_004974__quality_of_life,0.7837726,0.533312976360321,0.18678677082061768,True
qb_019278,political,qb_019278__political,0.77344924,0.5141050219535828,0.28276491165161133,True
qb_019278,policy_prescription,qb_019278__policy_prescription,0.63064176,0.551103949546814,0.2684646546840668,True
qb_019278,fairness_and_equality,qb_019278__fairness_and_equality,0.7219516,0.5107457637786865,0.247279554605484,True
qb_019278,public_sentiment,qb_019278__public_sentiment,0.7973602,0.5207558274269104,0.20496907830238342,True
qb_019278,legality_constitutionality,qb_019278__legality_constitutionality,0.62397677,0.3610954284667969,0.2026919573545456,True
qb_013643,legality_constitutionality,qb_013643__legality_constitutionality,0.7760758,0.32524389028549194,0.25569894909858704,True
qb_013643,external_regulation,qb_013643__external_regulation,0.7132093,0.4203275144100189,0.21322181820869446,True
qb_013643,security_and_defense,qb_013643__security_and_defense,0.5777385,0.5433201193809509,0.23256900906562805,True
qb_013643,political,qb_013643__political,0.7140059,0.40918630361557007,0.22298026084899902,True
qb_013643,policy_prescription,qb_013643__policy_prescription,0.7146479,0.5193893909454346,0.2283712923526764,True
qb_006617,political,qb_006617__political,0.7034118,0.5784971714019775,0.20559433102607727,True
qb_006617,economic,qb_006617__economic,0.73007184,0.5935639142990112,0.21922031044960022,True
qb_006617,capacity_and_resources,qb_006617__capacity_and_resources,0.6455236,0.5813907384872437,0.20273633301258087,True
qb_006617,security_and_defense,qb_006617__security_and_defense,0.7435367,0.5889841318130493,0.21704423427581787,True
qb_006617,public_sentiment,qb_006617__public_sentiment,0.741714,0.5820601582527161,0.26375487446784973,True
qb_006617,fairness_and_equality,qb_006617__fairness_and_equality,0.76614326,0.6201416850090027,0.20059096813201904,True
qb_014505,legality_constitutionality,qb_014505__legality_constitutionality,0.6518712,0.5893712043762207,0.23902562260627747,True
qb_014505,political,qb_014505__political,0.6995157,0.6280348896980286,0.2388332635164261,True
qb_014505,economic,qb_014505__economic,0.63798016,0.5651165843009949,0.1961641013622284,True
qb_014505,fairness_and_equality,qb_014505__fairness_and_equality,0.6606289,0.6525396108627319,0.266587495803833,True
qb_014505,cultural_identity,qb_014505__cultural_identity,0.694376,0.548378050327301,0.2321263998746872,True
qb_017974,economic,qb_017974__economic,0.775082,0.6161707639694214,0.22030022740364075,True
qb_017974,capacity_and_resources,qb_017974__capacity_and_resources,0.7593147,0.7135910391807556,0.1682988554239273,True
qb_017974,quality_of_life,qb_017974__quality_of_life,0.76361525,0.6836941838264465,0.19441421329975128,True
qb_017974,political,qb_017974__political,0.735975,0.5974276065826416,0.290569543838501,True
qb_013216,political,qb_013216__political,0.8171042,0.7261664271354675,0.20639801025390625,True
qb_013216,public_sentiment,qb_013216__public_sentiment,0.8008684,0.6122347116470337,0.23674972355365753,True
qb_013216,legality_constitutionality,qb_013216__legality_constitutionality,0.74132586,0.4133090078830719,0.17367956042289734,True
qb_013216,fairness_and_equality,qb_013216__fairness_and_equality,0.84142905,0.7304695248603821,0.1971888244152069,True
qb_013216,morality,qb_013216__morality,0.7732531,0.6302227973937988,0.1911066472530365,True
qb_013216,cultural_identity,qb_013216__cultural_identity,0.7815954,0.7182255983352661,0.2930799126625061,True
qb_013216,economic,qb_013216__economic,0.777712,0.6832412481307983,0.1941484659910202,True
qb_003976,economic,qb_003976__economic,0.77112424,,0.1487113982439041,False
qb_007663,policy_prescription,qb_007663__policy_prescription,0.7716718,0.5557622909545898,0.1632440984249115,True
qb_007663,cultural_identity,qb_007663__cultural_identity,0.8285402,0.5678082704544067,0.19132904708385468,True
qb_013109,legality_constitutionality,qb_013109__legality_constitutionality,0.59462273,0.5192126035690308,0.20947185158729553,True
qb_013109,political,qb_013109__political,0.7862737,0.458821177482605,0.31022903323173523,True
qb_013109,public_sentiment,qb_013109__public_sentiment,0.677922,0.4759962558746338,0.3038029074668884,True
qb_015716,economic,qb_015716__economic,0.6714705,0.6776083111763,0.15805000066757202,True
qb_015716,policy_prescription,qb_015716__policy_prescription,0.6433898,0.5115193128585815,0.22427532076835632,True
qb_015716,external_regulation,qb_015716__external_regulation,0.75143325,0.557161808013916,0.159958615899086,True
qb_015716,political,qb_015716__political,0.61376846,0.5250040888786316,0.22648432850837708,True
qb_009911,legality_constitutionality,qb_009911__legality_constitutionality,0.6580771,0.695179283618927,0.20367291569709778,True
qb_009911,economic,qb_009911__economic,0.7783992,0.6638281345367432,0.18103119730949402,True
qb_009911,crime_and_punishment,qb_009911__crime_and_punishment,0.81265926,0.686697244644165,0.27915605902671814,True
qb_010425,economic,qb_010425__economic,0.7433597,,0.14459605515003204,False
qb_006263,legality_constitutionality,qb_006263__legality_constitutionality,0.68831444,0.6405734419822693,0.31521743535995483,True
qb_006263,security_and_defense,qb_006263__security_and_defense,0.6722028,0.5478830933570862,0.23092111945152283,True
qb_006263,crime_and_punishment,qb_006263__crime_and_punishment,0.6725744,0.6744804382324219,0.22756731510162354,True
qb_010747,political,qb_010747__political,0.871637,0.5808985233306885,0.26993829011917114,True
qb_010747,public_sentiment,qb_010747__public_sentiment,0.7780179,0.6405625939369202,0.25754937529563904,True
qb_013628,political,qb_013628__political,0.72455376,0.4841494560241699,0.19778281450271606,True
qb_013628,legality_constitutionality,qb_013628__legality_constitutionality,0.7833235,0.3796018660068512,0.15374335646629333,True
qb_013628,public_sentiment,qb_013628__public_sentiment,0.67169785,0.4084175229072571,0.1462450921535492,True
qb_008041,political,qb_008041__political,0.81043166,,0.256998211145401,False
qb_013671,economic,qb_013671__economic,0.51685774,0.6324814558029175,0.19297946989536285,True
qb_013671,political,qb_013671__political,0.7298462,0.5572854280471802,0.23931124806404114,True
qb_013671,capacity_and_resources,qb_013671__capacity_and_resources,0.7567004,0.49899178743362427,0.19644419848918915,True
qb_003178,policy_prescription,qb_003178__policy_prescription,0.7459396,0.6674671769142151,0.18238618969917297,True
qb_003178,legality_constitutionality,qb_003178__legality_constitutionality,0.73142314,0.6661324501037598,0.1815340220928192,True
qb_003178,morality,qb_003178__morality,0.8050648,0.691554069519043,0.23130111396312714,True
qb_003178,health_and_safety,qb_003178__health_and_safety,0.8035202,0.7068926692008972,0.2320059984922409,True
qb_003178,public_sentiment,qb_003178__public_sentiment,0.77661824,0.5583540797233582,0.1984517127275467,True
qb_018386,political,qb_018386__political,0.5403941,0.39337357878685,0.3239378035068512,True
qb_018386,legality_constitutionality,qb_018386__legality_constitutionality,0.6900134,0.5068899989128113,0.23955921828746796,True
qb_018386,public_sentiment,qb_018386__public_sentiment,0.6242741,0.443835973739624,0.2462938278913498,True
qb_018386,crime_and_punishment,qb_018386__crime_and_punishment,0.5967158,0.38590529561042786,0.16507664322853088,True
qb_020181,political,qb_020181__political,0.62874115,0.5766521692276001,0.20309004187583923,True
qb_020181,legality_constitutionality,qb_020181__legality_constitutionality,0.6452517,0.457721471786499,0.2779678404331207,True
qb_020181,crime_and_punishment,qb_020181__crime_and_punishment,0.7392973,0.5600889921188354,0.31371110677719116,True
qb_008663,political,qb_008663__political,0.80563325,0.7058496475219727,0.1806725412607193,True
qb_008663,legality_constitutionality,qb_008663__legality_constitutionality,0.7513319,0.7130831480026245,0.2163839340209961,True
qb_008663,capacity_and_resources,qb_008663__capacity_and_resources,0.7050043,0.6634539365768433,0.21721157431602478,True
qb_008663,security_and_defense,qb_008663__security_and_defense,0.7738315,0.7049803733825684,0.22391052544116974,True
qb_008663,morality,qb_008663__morality,0.7917772,0.6774554252624512,0.1640728861093521,True
qb_012697,public_sentiment,qb_012697__public_sentiment,0.80757076,0.47444629669189453,0.1354115903377533,True
qb_012697,health_and_safety,qb_012697__health_and_safety,0.7524837,0.5650601983070374,0.12641176581382751,True
qb_012697,policy_prescription,qb_012697__policy_prescription,0.69904155,0.6350806355476379,0.21170303225517273,True
qb_012697,crime_and_punishment,qb_012697__crime_and_punishment,0.74605346,0.5515299439430237,0.20106443762779236,True
qb_008371,legality_constitutionality,qb_008371__legality_constitutionality,0.7581675,0.3828774392604828,0.2560291290283203,True
qb_008371,political,qb_008371__political,0.7393775,0.4810274541378021,0.2226748764514923,True
qb_008371,fairness_and_equality,qb_008371__fairness_and_equality,0.80461574,0.60089111328125,0.27191150188446045,True
qb_006396,political,qb_006396__political,0.77665603,0.4765162765979767,0.25720521807670593,True
qb_006396,public_sentiment,qb_006396__public_sentiment,0.7525723,0.2622935175895691,0.15937753021717072,True
qb_006396,legality_constitutionality,qb_006396__legality_constitutionality,0.634353,0.22602075338363647,0.25052717328071594,True
qb_016913,health_and_safety,qb_016913__health_and_safety,0.72699404,0.6272842288017273,0.23513667285442352,True
qb_016913,policy_prescription,qb_016913__policy_prescription,0.7270596,0.5701445937156677,0.22075816988945007,True
qb_016913,legality_constitutionality,qb_016913__legality_constitutionality,0.74578416,0.6576053500175476,0.252900093793869,True
qb_016913,political,qb_016913__political,0.8097688,0.6007634997367859,0.24694523215293884,True
qb_003191,health_and_safety,qb_003191__health_and_safety,0.5366274,,0.16239513456821442,False
qb_006252,health_and_safety,qb_006252__health_and_safety,0.7425405,,0.1383150815963745,False
qb_001143,security_and_defense,qb_001143__security_and_defense,0.82309896,0.578472375869751,0.2633785307407379,True
qb_001143,public_sentiment,qb_001143__public_sentiment,0.7856908,0.5531523823738098,0.20710761845111847,True
qb_001143,political,qb_001143__political,0.77323616,0.4613383710384369,0.2421438992023468,True
qb_001143,crime_and_punishment,qb_001143__crime_and_punishment,0.74726224,0.4823874533176422,0.22756628692150116,True
qb_016782,legality_constitutionality,qb_016782__legality_constitutionality,0.6635785,0.5894567966461182,0.2528092861175537,True
qb_016782,crime_and_punishment,qb_016782__crime_and_punishment,0.73156446,0.6845241189002991,0.22485920786857605,True
qb_016782,political,qb_016782__political,0.7721422,0.6781312227249146,0.2440747767686844,True
qb_000253,economic,qb_000253__economic,0.6528194,0.48623400926589966,0.14020101726055145,True
qb_000253,quality_of_life,qb_000253__quality_of_life,0.6279039,0.5690789222717285,0.14718416333198547,True
qb_000253,political,qb_000253__political,0.73702836,0.41740646958351135,0.22410447895526886,True
qb_002998,cultural_identity,qb_002998__cultural_identity,0.72647536,0.6591051816940308,0.18432720005512238,True
qb_002998,political,qb_002998__political,0.76378155,0.5765371918678284,0.20935960114002228,True
qb_002998,public_sentiment,qb_002998__public_sentiment,0.77081287,0.6338731050491333,0.19062574207782745,True
qb_002998,morality,qb_002998__morality,0.82792526,0.6011584997177124,0.16142776608467102,True
qb_002998,fairness_and_equality,qb_002998__fairness_and_equality,0.74197465,0.5451241731643677,0.20062246918678284,True
qb_015372,policy_prescription,qb_015372__policy_prescription,0.7386714,0.6711952090263367,0.22692981362342834,True
qb_015372,economic,qb_015372__economic,0.68837744,0.5778937935829163,0.21222031116485596,True
qb_015372,political,qb_015372__political,0.7630639,0.55027836561203,0.22091546654701233,True
qb_015372,health_and_safety,qb_015372__health_and_safety,0.8059366,0.6742903590202332,0.2577226459980011,True
qb_009321,economic,qb_009321__economic,0.6715492,0.6201773881912231,0.22222080826759338,True
qb_009321,external_regulation,qb_009321__external_regulation,0.79163456,0.6489919424057007,0.25880011916160583,True
qb_009321,capacity_and_resources,qb_009321__capacity_and_resources,0.56715643,0.40238332748413086,0.17930357158184052,True
qb_009321,public_sentiment,qb_009321__public_sentiment,0.6672208,0.43884503841400146,0.17694099247455597,True
qb_009321,security_and_defense,qb_009321__security_and_defense,0.7470654,0.6773405075073242,0.1864500492811203,True
qb_001789,public_sentiment,qb_001789__public_sentiment,0.7746985,0.8010648488998413,0.2403002679347992,True
qb_001789,political,qb_001789__political,0.79133046,0.661841094493866,0.2344135344028473,True
qb_004372,economic,qb_004372__economic,0.7753898,0.6040531992912292,0.14032454788684845,True
qb_004372,policy_prescription,qb_004372__policy_prescription,0.7438286,0.6167087554931641,0.2942734360694885,True
qb_004372,legality_constitutionality,qb_004372__legality_constitutionality,0.76361513,0.5884928703308105,0.17386221885681152,True
qb_009010,legality_constitutionality,qb_009010__legality_constitutionality,0.7262417,0.5201584696769714,0.2518436312675476,True
qb_009010,policy_prescription,qb_009010__policy_prescription,0.69599277,0.5275347232818604,0.21711964905261993,True
qb_009010,political,qb_009010__political,0.7066457,0.6231756806373596,0.28955376148223877,True
qb_009010,public_sentiment,qb_009010__public_sentiment,0.816409,0.5446866750717163,0.2346261441707611,True
qb_016184,health_and_safety,qb_016184__health_and_safety,0.5373099,0.5542919039726257,0.26138705015182495,True
qb_016184,policy_prescription,qb_016184__policy_prescription,0.6246132,0.4865013360977173,0.19103629887104034,True
qb_016184,economic,qb_016184__economic,0.6468314,0.501763105392456,0.1659565269947052,True
qb_016184,morality,qb_016184__morality,0.79515636,0.6121261119842529,0.2390490472316742,True
qb_016184,political,qb_016184__political,0.8667271,0.5972535014152527,0.3019932508468628,True
qb_012309,health_and_safety,qb_012309__health_and_safety,0.79110825,0.449439138174057,0.2525649666786194,True
qb_012309,political,qb_012309__political,0.60548353,0.6934124231338501,0.2812252640724182,True
qb_012309,public_sentiment,qb_012309__public_sentiment,0.75353813,0.5071436166763306,0.23880299925804138,True
qb_005491,health_and_safety,qb_005491__health_and_safety,0.6813108,0.596062183380127,0.15681834518909454,True
qb_005491,capacity_and_resources,qb_005491__capacity_and_resources,0.7174132,0.5671683549880981,0.1628880798816681,True
qb_005491,political,qb_005491__political,0.73365474,0.608329176902771,0.22867360711097717,True
qb_014698,security_and_defense,qb_014698__security_and_defense,0.6989046,0.5946031808853149,0.251218318939209,True
qb_014698,external_regulation,qb_014698__external_regulation,0.83690655,0.6780195832252502,0.23976948857307434,True
qb_014698,economic,qb_014698__economic,0.6691868,0.5605794787406921,0.18906119465827942,True
qb_014698,policy_prescription,qb_014698__policy_prescription,0.7207507,0.5873671770095825,0.21859177947044373,True
qb_014698,capacity_and_resources,qb_014698__capacity_and_resources,0.7205814,0.6555634140968323,0.21880769729614258,True
qb_014698,political,qb_014698__political,0.6978971,0.6237537264823914,0.19644439220428467,True
qb_014698,public_sentiment,qb_014698__public_sentiment,0.7051997,0.5653754472732544,0.16426850855350494,True
qb_014698,legality_constitutionality,qb_014698__legality_constitutionality,0.7706021,0.5710300207138062,0.1327844262123108,True
qb_010586,political,qb_010586__political,0.8185264,0.6883678436279297,0.18878404796123505,True
qb_010586,crime_and_punishment,qb_010586__crime_and_punishment,0.7856188,0.5762237906455994,0.24948489665985107,True
qb_010586,morality,qb_010586__morality,0.79289,0.5552477836608887,0.2179439812898636,True
qb_010586,public_sentiment,qb_010586__public_sentiment,0.8170122,0.6610915064811707,0.19237442314624786,True
qb_019049,legality_constitutionality,qb_019049__legality_constitutionality,0.7693322,,0.2380601465702057,False
qb_008394,health_and_safety,qb_008394__health_and_safety,0.5105317,0.45973485708236694,0.1629527509212494,True
qb_008394,public_sentiment,qb_008394__public_sentiment,0.7573352,0.40276026725769043,0.19598564505577087,True
qb_012737,political,qb_012737__political,0.74997854,0.6617479920387268,0.24013452231884003,True
qb_012737,public_sentiment,qb_012737__public_sentiment,0.7229312,0.6610679030418396,0.23752212524414062,True
qb_012737,cultural_identity,qb_012737__cultural_identity,0.778113,0.6218058466911316,0.23200376331806183,True
qb_012737,fairness_and_equality,qb_012737__fairness_and_equality,0.80733144,0.5888634324073792,0.22446665167808533,True
qb_011004,policy_prescription,qb_011004__policy_prescription,0.8051283,0.5164268016815186,0.21718113124370575,True
qb_011004,public_sentiment,qb_011004__public_sentiment,0.80270433,0.6520992517471313,0.25074902176856995,True
qb_011004,economic,qb_011004__economic,0.6303935,0.42693036794662476,0.19991585612297058,True
qb_002638,security_and_defense,qb_002638__security_and_defense,0.7199183,0.6377153396606445,0.23395439982414246,True
qb_002638,political,qb_002638__political,0.77603745,0.548225998878479,0.24565629661083221,True
qb_002638,external_regulation,qb_002638__external_regulation,0.65208185,0.7006237506866455,0.23716430366039276,True
qb_003125,security_and_defense,qb_003125__security_and_defense,0.706261,0.6080403327941895,0.2179473340511322,True
qb_003125,capacity_and_resources,qb_003125__capacity_and_resources,0.7813816,0.6134884357452393,0.15384486317634583,True
qb_003125,policy_prescription,qb_003125__policy_prescription,0.728347,0.5600290298461914,0.26258087158203125,True
qb_016948,economic,qb_016948__economic,0.6734377,0.5873572826385498,0.14376232028007507,True
qb_016948,quality_of_life,qb_016948__quality_of_life,0.71481085,0.51806640625,0.18131811916828156,True
qb_007053,crime_and_punishment,qb_007053__crime_and_punishment,0.739654,0.5986060500144958,0.19947727024555206,True
qb_007053,legality_constitutionality,qb_007053__legality_constitutionality,0.8011199,0.5690823197364807,0.15527942776679993,True
qb_007053,cultural_identity,qb_007053__cultural_identity,0.80284035,0.5725787281990051,0.15559950470924377,True
qb_007053,morality,qb_007053__morality,0.76653624,0.6303721070289612,0.164380744099617,True
qb_013581,political,qb_013581__political,0.65059716,0.5178691148757935,0.24400821328163147,True
qb_013581,legality_constitutionality,qb_013581__legality_constitutionality,0.74691105,0.654936671257019,0.25127947330474854,True
qb_013581,policy_prescription,qb_013581__policy_prescription,0.77639794,0.6658198833465576,0.24761804938316345,True
qb_000532,cultural_identity,qb_000532__cultural_identity,0.7988418,0.5766023993492126,0.18354813754558563,True
qb_000532,quality_of_life,qb_000532__quality_of_life,0.7973181,0.6041447520256042,0.19550620019435883,True
qb_000532,capacity_and_resources,qb_000532__capacity_and_resources,0.60919476,0.43728771805763245,0.24711577594280243,True
qb_000532,public_sentiment,qb_000532__public_sentiment,0.71568036,0.615849494934082,0.21184022724628448,True
qb_009072,security_and_defense,qb_009072__security_and_defense,0.6838372,0.7016080021858215,0.18995805084705353,True
qb_009072,external_regulation,qb_009072__external_regulation,0.68087584,0.6223602890968323,0.21750769019126892,True
qb_009072,policy_prescription,qb_009072__policy_prescription,0.672185,0.5905121564865112,0.24843180179595947,True
qb_009072,capacity_and_resources,qb_009072__capacity_and_resources,0.83046263,0.6585648655891418,0.16721650958061218,True
qb_009072,political,qb_009072__political,0.63114095,0.48858553171157837,0.26174846291542053,True
qb_009072,economic,qb_009072__economic,0.72243804,0.6446983218193054,0.24069862067699432,True
qb_009072,health_and_safety,qb_009072__health_and_safety,0.65854,0.4841601252555847,0.23173420131206512,True
qb_009072,morality,qb_009072__morality,0.72476053,0.5751058459281921,0.23336902260780334,True
qb_007449,political,qb_007449__political,0.7328849,0.4453253746032715,0.25530165433883667,True
qb_007449,legality_constitutionality,qb_007449__legality_constitutionality,0.6415056,0.508168637752533,0.16324152052402496,True
qb_007449,fairness_and_equality,qb_007449__fairness_and_equality,0.7161585,0.4492917060852051,0.20063087344169617,True
qb_007610,political,qb_007610__political,0.6606457,0.573483943939209,0.16176362335681915,True
qb_007610,public_sentiment,qb_007610__public_sentiment,0.8075601,0.7089786529541016,0.18132899701595306,True
qb_007610,cultural_identity,qb_007610__cultural_identity,0.7885145,0.654829204082489,0.2609296143054962,True
qb_004739,external_regulation,qb_004739__external_regulation,0.76752496,0.5635854005813599,0.15733878314495087,True
qb_004739,political,qb_004739__political,0.8053299,0.6150197386741638,0.27132225036621094,True
qb_004739,security_and_defense,qb_004739__security_and_defense,0.6703659,0.7017055749893188,0.19683493673801422,True
qb_021052,policy_prescription,qb_021052__policy_prescription,0.6687475,0.6471477746963501,0.20882949233055115,True
qb_021052,economic,qb_021052__economic,0.75205135,0.5908710360527039,0.17292818427085876,True
qb_021052,legality_constitutionality,qb_021052__legality_constitutionality,0.7410494,0.6115419268608093,0.21029312908649445,True
qb_021052,fairness_and_equality,qb_021052__fairness_and_equality,0.8046157,0.5747504234313965,0.16810926795005798,True
qb_021052,political,qb_021052__political,0.64361227,0.5924109220504761,0.19372597336769104,True
qb_021052,morality,qb_021052__morality,0.7678813,0.6492384672164917,0.23372213542461395,True
qb_008435,morality,qb_008435__morality,0.88991606,,0.213880255818367,False
qb_021438,crime_and_punishment,qb_021438__crime_and_punishment,0.6622147,0.5897191762924194,0.18827180564403534,True
qb_021438,security_and_defense,qb_021438__security_and_defense,0.64134634,0.6301839351654053,0.2791975736618042,True
qb_021438,public_sentiment,qb_021438__public_sentiment,0.8230776,0.6161891222000122,0.22637896239757538,True
qb_011923,security_and_defense,qb_011923__security_and_defense,0.72564596,0.6170662641525269,0.23280596733093262,True
qb_011923,capacity_and_resources,qb_011923__capacity_and_resources,0.72136843,0.6556797027587891,0.19874761998653412,True
qb_011923,economic,qb_011923__economic,0.6980897,0.5210503339767456,0.22581236064434052,True
qb_011923,external_regulation,qb_011923__external_regulation,0.7548456,0.5466538071632385,0.23113258183002472,True
qb_021068,legality_constitutionality,qb_021068__legality_constitutionality,0.70584714,0.5914829969406128,0.19584329426288605,True
qb_021068,political,qb_021068__political,0.6677948,0.5073955655097961,0.23033985495567322,True
qb_021068,economic,qb_021068__economic,0.6628343,0.3795361816883087,0.19626188278198242,True
qb_015430,political,qb_015430__political,0.63166434,0.5803408622741699,0.27379149198532104,True
qb_015430,public_sentiment,qb_015430__public_sentiment,0.7088801,0.6131971478462219,0.21491077542304993,True
qb_015430,morality,qb_015430__morality,0.7779106,0.5754453539848328,0.21511438488960266,True
qb_015839,health_and_safety,qb_015839__health_and_safety,0.5936729,0.5805630683898926,0.20855867862701416,True
qb_015839,policy_prescription,qb_015839__policy_prescription,0.6109456,0.5492054224014282,0.18103869259357452,True
qb_013115,policy_prescription,qb_013115__policy_prescription,0.6591048,0.6866366267204285,0.1995655745267868,True
qb_013115,external_regulation,qb_013115__external_regulation,0.7297189,0.6403011083602905,0.30554401874542236,True
qb_013115,economic,qb_013115__economic,0.60196716,0.6469277143478394,0.17316515743732452,True
qb_013115,crime_and_punishment,qb_013115__crime_and_punishment,0.7742995,0.6476267576217651,0.2055777758359909,True
qb_013115,quality_of_life,qb_013115__quality_of_life,0.75146586,0.5832282900810242,0.16767266392707825,True
qb_013115,political,qb_013115__political,0.7286143,0.6417348980903625,0.2406313717365265,True
qb_011551,policy_prescription,qb_011551__policy_prescription,0.63469875,0.6527125239372253,0.20726823806762695,True
qb_011551,health_and_safety,qb_011551__health_and_safety,0.73605204,0.6867946982383728,0.16101056337356567,True
qb_011551,capacity_and_resources,qb_011551__capacity_and_resources,0.729064,0.6440247893333435,0.13858476281166077,True
qb_011551,quality_of_life,qb_011551__quality_of_life,0.74664754,0.6875007748603821,0.23893122375011444,True
qb_003183,economic,qb_003183__economic,0.71078885,0.49663934111595154,0.2613149583339691,True
qb_003183,policy_prescription,qb_003183__policy_prescription,0.67664665,0.56842041015625,0.16280724108219147,True
qb_003183,political,qb_003183__political,0.75870687,0.5674718022346497,0.26755595207214355,True
qb_003183,legality_constitutionality,qb_003183__legality_constitutionality,0.75204194,0.5458374619483948,0.19225020706653595,True
qb_015022,political,qb_015022__political,0.66300535,0.491666704416275,0.24178361892700195,True
qb_015022,economic,qb_015022__economic,0.76122963,0.505547046661377,0.1603224277496338,True
qb_015022,capacity_and_resources,qb_015022__capacity_and_resources,0.81764627,0.5520045757293701,0.1853935271501541,True
qb_015022,security_and_defense,qb_015022__security_and_defense,0.70024264,0.5830954909324646,0.2519962787628174,True
qb_015022,fairness_and_equality,qb_015022__fairness_and_equality,0.85202,0.5716903805732727,0.26913222670555115,True
qb_002200,political,qb_002200__political,0.7957258,0.48381343483924866,0.24975545704364777,True
qb_002200,public_sentiment,qb_002200__public_sentiment,0.7286431,0.42659902572631836,0.29610854387283325,True
qb_002200,health_and_safety,qb_002200__health_and_safety,0.685467,0.47082799673080444,0.2813844084739685,True
qb_006816,political,qb_006816__political,0.72428906,0.619566798210144,0.26894327998161316,True
qb_006816,morality,qb_006816__morality,0.81081814,0.6923166513442993,0.21943306922912598,True
qb_006816,policy_prescription,qb_006816__policy_prescription,0.66487694,0.7033730745315552,0.267702579498291,True
qb_009026,political,qb_009026__political,0.72792476,0.4771463871002197,0.3092338442802429,True
qb_009026,security_and_defense,qb_009026__security_and_defense,0.6824855,0.6103947758674622,0.3288190960884094,True
qb_009026,legality_constitutionality,qb_009026__legality_constitutionality,0.7500061,0.6220866441726685,0.2075965851545334,True
qb_009026,external_regulation,qb_009026__external_regulation,0.59994936,0.6441826224327087,0.3006175756454468,True
qb_018950,policy_prescription,qb_018950__policy_prescription,0.6676974,0.4987880289554596,0.21035344898700714,True
qb_018950,health_and_safety,qb_018950__health_and_safety,0.75292253,0.5688626170158386,0.22209088504314423,True
qb_018950,political,qb_018950__political,0.783569,0.5943233966827393,0.2176697999238968,True
qb_016305,security_and_defense,qb_016305__security_and_defense,0.65736824,0.5528128743171692,0.1496180295944214,True
qb_016305,external_regulation,qb_016305__external_regulation,0.7858349,0.6055850982666016,0.18707799911499023,True
qb_016305,policy_prescription,qb_016305__policy_prescription,0.8040117,0.5863311886787415,0.14207692444324493,True
qb_016305,political,qb_016305__political,0.59330356,0.44342565536499023,0.2461002618074417,True
qb_016305,economic,qb_016305__economic,0.68304414,0.5355136394500732,0.21737150847911835,True
qb_016305,capacity_and_resources,qb_016305__capacity_and_resources,0.7759201,0.515166163444519,0.20118220150470734,True
qb_017936,political,qb_017936__political,0.67281157,0.5908718109130859,0.23781803250312805,True
qb_017936,public_sentiment,qb_017936__public_sentiment,0.7672183,0.6433833837509155,0.23076732456684113,True
qb_017936,morality,qb_017936__morality,0.75760245,0.4584638476371765,0.2580946981906891,True
qb_001918,security_and_defense,qb_001918__security_and_defense,0.7915814,0.711310625076294,0.17069798707962036,True
qb_001918,external_regulation,qb_001918__external_regulation,0.68746597,0.6071617603302002,0.24128341674804688,True
qb_001918,policy_prescription,qb_001918__policy_prescription,0.76963055,0.6364572048187256,0.2413901388645172,True
qb_001918,political,qb_001918__political,0.7363262,0.5481842160224915,0.25319766998291016,True
qb_001918,public_sentiment,qb_001918__public_sentiment,0.75596565,0.5164886713027954,0.2654079496860504,True
qb_004525,political,qb_004525__political,0.72583133,0.6306121349334717,0.31712883710861206,True
qb_004525,legality_constitutionality,qb_004525__legality_constitutionality,0.6623262,0.6220943331718445,0.15714210271835327,True
qb_020523,fairness_and_equality,qb_020523__fairness_and_equality,0.7289196,0.6906843185424805,0.2108643501996994,True
qb_020523,public_sentiment,qb_020523__public_sentiment,0.77459055,0.5785537362098694,0.162265345454216,True
qb_020523,morality,qb_020523__morality,0.75740844,0.6653316020965576,0.1747271567583084,True
qb_014572,security_and_defense,qb_014572__security_and_defense,0.7901342,0.6695851683616638,0.11320213973522186,True
qb_014572,external_regulation,qb_014572__external_regulation,0.6969598,0.6391037106513977,0.2281477153301239,True
qb_014572,capacity_and_resources,qb_014572__capacity_and_resources,0.80498326,0.6560225486755371,0.22298721969127655,True
qb_014572,policy_prescription,qb_014572__policy_prescription,0.81348336,0.7017574310302734,0.2249603271484375,True
qb_014572,political,qb_014572__political,0.8178787,0.5778472423553467,0.2946290075778961,True
qb_012020,political,qb_012020__political,0.70927775,0.6523066163063049,0.22384312748908997,True
qb_012020,public_sentiment,qb_012020__public_sentiment,0.7847982,0.6227465867996216,0.23399806022644043,True
qb_001041,political,qb_001041__political,0.6816433,0.7581723928451538,0.19957378506660461,True
qb_001041,cultural_identity,qb_001041__cultural_identity,0.75330913,0.5302749872207642,0.27884823083877563,True
qb_001041,morality,qb_001041__morality,0.7092521,0.4926506280899048,0.2105778455734253,True
qb_015486,economic,qb_015486__economic,0.8027903,0.6628666520118713,0.21996045112609863,True
qb_015486,political,qb_015486__political,0.61813545,0.6579640507698059,0.2826451063156128,True
qb_015486,legality_constitutionality,qb_015486__legality_constitutionality,0.73987275,0.5789852142333984,0.22273190319538116,True
qb_015486,morality,qb_015486__morality,0.7947385,0.6765345931053162,0.24038591980934143,True
qb_013462,legality_constitutionality,qb_013462__legality_constitutionality,0.7491791,0.560406506061554,0.2313651740550995,True
qb_013462,policy_prescription,qb_013462__policy_prescription,0.6945999,0.5552242398262024,0.1944228857755661,True
qb_013462,political,qb_013462__political,0.68501586,0.46155521273612976,0.23154421150684357,True
qb_013462,fairness_and_equality,qb_013462__fairness_and_equality,0.77311134,0.5322120189666748,0.2847588062286377,True
qb_005333,security_and_defense,qb_005333__security_and_defense,0.57839334,0.7768416404724121,0.25963619351387024,True
qb_005333,morality,qb_005333__morality,0.80111945,0.5252052545547485,0.20748741924762726,True
qb_005333,capacity_and_resources,qb_005333__capacity_and_resources,0.8341256,0.7033329010009766,0.10758005082607269,True
qb_000544,legality_constitutionality,qb_000544__legality_constitutionality,0.63678044,0.502155601978302,0.23887372016906738,True
qb_000544,crime_and_punishment,qb_000544__crime_and_punishment,0.73101896,0.4795965850353241,0.17026926577091217,True
qb_000544,economic,qb_000544__economic,0.7962508,0.1831933856010437,0.20182204246520996,True
qb_000544,security_and_defense,qb_000544__security_and_defense,0.6811384,0.6691820621490479,0.2838169038295746,True
qb_000544,external_regulation,qb_000544__external_regulation,0.7679804,0.44332772493362427,0.27606335282325745,True
qb_011049,political,qb_011049__political,0.7920212,0.7035019993782043,0.20102286338806152,True
qb_011049,policy_prescription,qb_011049__policy_prescription,0.6689198,0.7420192956924438,0.2726241648197174,True
qb_011049,capacity_and_resources,qb_011049__capacity_and_resources,0.83637685,0.6965091228485107,0.2552235424518585,True
qb_011049,economic,qb_011049__economic,0.634307,0.4821731746196747,0.2170991152524948,True
qb_011049,legality_constitutionality,qb_011049__legality_constitutionality,0.7216589,0.6247071623802185,0.18180766701698303,True
qb_008741,policy_prescription,qb_008741__policy_prescription,0.7122699,0.5386437177658081,0.20972272753715515,True
qb_008741,legality_constitutionality,qb_008741__legality_constitutionality,0.7572104,0.6042450070381165,0.31834515929222107,True
qb_008741,political,qb_008741__political,0.70194656,0.4280068874359131,0.27876368165016174,True
qb_008741,capacity_and_resources,qb_008741__capacity_and_resources,0.68992174,0.5716760158538818,0.22774815559387207,True
qb_008741,crime_and_punishment,qb_008741__crime_and_punishment,0.755026,0.5443160533905029,0.2504689395427704,True
qb_011794,morality,qb_011794__morality,0.73331535,0.5793459415435791,0.16776593029499054,True
qb_011794,cultural_identity,qb_011794__cultural_identity,0.75060385,0.6100293397903442,0.13143539428710938,True
qb_011794,political,qb_011794__political,0.81439966,0.6200445890426636,0.20276892185211182,True
qb_011794,public_sentiment,qb_011794__public_sentiment,0.6783769,0.6130951642990112,0.12807004153728485,True
qb_011261,health_and_safety,qb_011261__health_and_safety,0.6468556,0.5775821805000305,0.16982460021972656,True
qb_011261,capacity_and_resources,qb_011261__capacity_and_resources,0.6412315,0.4571410119533539,0.21084637939929962,True
qb_011261,policy_prescription,qb_011261__policy_prescription,0.6988047,0.5519952774047852,0.2303752899169922,True
qb_011261,public_sentiment,qb_011261__public_sentiment,0.7324819,0.35001322627067566,0.16430947184562683,True
qb_016597,security_and_defense,qb_016597__security_and_defense,0.7293012,0.7247940897941589,0.22371511161327362,True
qb_016597,crime_and_punishment,qb_016597__crime_and_punishment,0.75007063,0.8229328989982605,0.18102671205997467,True
qb_016597,cultural_identity,qb_016597__cultural_identity,0.79080987,0.7744722366333008,0.2070530354976654,True
qb_016597,capacity_and_resources,qb_016597__capacity_and_resources,0.77655256,0.6210666298866272,0.2128046452999115,True
qb_007480,political,qb_007480__political,0.7476814,0.6304235458374023,0.2110648900270462,True
qb_007480,public_sentiment,qb_007480__public_sentiment,0.73612154,0.6705703735351562,0.14339633285999298,True
qb_007480,cultural_identity,qb_007480__cultural_identity,0.7713531,0.5847005844116211,0.20875148475170135,True
qb_004512,security_and_defense,qb_004512__security_and_defense,0.6208888,0.6711349487304688,0.2371000051498413,True
qb_004512,external_regulation,qb_004512__external_regulation,0.6779017,0.6108605861663818,0.16204385459423065,True
qb_002855,crime_and_punishment,qb_002855__crime_and_punishment,0.58452606,0.5529794692993164,0.21768590807914734,True
qb_002855,legality_constitutionality,qb_002855__legality_constitutionality,0.76962036,0.5222839117050171,0.2029457539319992,True
qb_002855,political,qb_002855__political,0.7056984,0.557408332824707,0.23038963973522186,True
qb_002855,public_sentiment,qb_002855__public_sentiment,0.85290605,0.4206133782863617,0.2582018971443176,True
qb_012125,political,qb_012125__political,0.7547114,0.6597858667373657,0.19005925953388214,True
qb_012125,cultural_identity,qb_012125__cultural_identity,0.7893105,0.6819189786911011,0.20889505743980408,True
qb_012125,public_sentiment,qb_012125__public_sentiment,0.79881847,0.6385997533798218,0.20875854790210724,True
qb_013673,political,qb_013673__political,0.65266436,0.4493296146392822,0.17560437321662903,True
qb_013673,legality_constitutionality,qb_013673__legality_constitutionality,0.7335902,0.4054502844810486,0.2067723274230957,True
qb_013673,cultural_identity,qb_013673__cultural_identity,0.7584309,0.45015662908554077,0.16615262627601624,True
qb_003040,security_and_defense,qb_003040__security_and_defense,0.741603,0.6237968802452087,0.297332227230072,True
qb_003040,capacity_and_resources,qb_003040__capacity_and_resources,0.7962514,0.5598108172416687,0.18597069382667542,True
qb_003040,public_sentiment,qb_003040__public_sentiment,0.7451863,0.5644006133079529,0.2900230884552002,True
qb_003040,political,qb_003040__political,0.72469467,0.5527142882347107,0.20784425735473633,True
qb_013212,legality_constitutionality,qb_013212__legality_constitutionality,0.7614113,0.6655455827713013,0.242359921336174,True
qb_013212,policy_prescription,qb_013212__policy_prescription,0.7462088,0.6615681052207947,0.20381100475788116,True
qb_013212,fairness_and_equality,qb_013212__fairness_and_equality,0.78689206,0.6197125315666199,0.24551919102668762,True
qb_013212,capacity_and_resources,qb_013212__capacity_and_resources,0.7285298,0.5254901051521301,0.20614643394947052,True
qb_013212,political,qb_013212__political,0.7581183,0.5348386168479919,0.2411191463470459,True
qb_013212,cultural_identity,qb_013212__cultural_identity,0.7192235,0.6163429021835327,0.27162420749664307,True
qb_009229,political,qb_009229__political,0.7993683,0.4800581932067871,0.23102149367332458,True
qb_009229,external_regulation,qb_009229__external_regulation,0.8350969,0.5680767893791199,0.26754435896873474,True
qb_009229,legality_constitutionality,qb_009229__legality_constitutionality,0.7976447,0.49394139647483826,0.19191619753837585,True
qb_009229,policy_prescription,qb_009229__policy_prescription,0.7100676,0.599859893321991,0.22113485634326935,True
qb_008819,political,qb_008819__political,0.6559968,,0.21684353053569794,False
qb_000107,fairness_and_equality,qb_000107__fairness_and_equality,0.8724843,0.7129738330841064,0.18787781894207,True
qb_000107,legality_constitutionality,qb_000107__legality_constitutionality,0.7434654,0.6519765257835388,0.23472456634044647,True
qb_000107,policy_prescription,qb_000107__policy_prescription,0.7071583,0.6545310616493225,0.1938197910785675,True
qb_000107,economic,qb_000107__economic,0.7401246,0.6872129440307617,0.20059120655059814,True
qb_000107,capacity_and_resources,qb_000107__capacity_and_resources,0.65067136,0.6870104670524597,0.1638089120388031,True
qb_000107,morality,qb_000107__morality,0.790499,0.6799094676971436,0.15268747508525848,True
qb_000072,political,qb_000072__political,0.8108823,0.6592890024185181,0.19843433797359467,True
qb_000072,external_regulation,qb_000072__external_regulation,0.71917737,0.6383261680603027,0.2403942346572876,True
qb_000072,public_sentiment,qb_000072__public_sentiment,0.77186,0.5646950006484985,0.1932368278503418,True
qb_011969,security_and_defense,qb_011969__security_and_defense,0.6400743,0.5892909169197083,0.2131222039461136,True
qb_011969,external_regulation,qb_011969__external_regulation,0.6976112,0.5659292936325073,0.1414908766746521,True
qb_011969,political,qb_011969__political,0.709113,0.4985029101371765,0.16849520802497864,True
qb_011969,health_and_safety,qb_011969__health_and_safety,0.6449266,0.5805720686912537,0.22804197669029236,True
qb_011969,legality_constitutionality,qb_011969__legality_constitutionality,0.76256555,0.6319080591201782,0.2326129674911499,True
qb_011969,public_sentiment,qb_011969__public_sentiment,0.7110779,0.5479553937911987,0.1681504100561142,True
qb_011969,capacity_and_resources,qb_011969__capacity_and_resources,0.7540513,0.5933228135108948,0.2197830229997635,True
qb_012838,security_and_defense,qb_012838__security_and_defense,0.6534107,0.686233639717102,0.21104522049427032,True
qb_012838,crime_and_punishment,qb_012838__crime_and_punishment,0.6969651,0.6057943105697632,0.23799946904182434,True
qb_012838,health_and_safety,qb_012838__health_and_safety,0.6740438,0.5091195106506348,0.08315297216176987,True
qb_012838,cultural_identity,qb_012838__cultural_identity,0.73951787,0.6852394342422485,0.25447556376457214,True
qb_012838,quality_of_life,qb_012838__quality_of_life,0.77503157,0.7171013951301575,0.18213894963264465,True
qb_003012,crime_and_punishment,qb_003012__crime_and_punishment,0.66765606,0.5256476402282715,0.23102256655693054,True
qb_003012,security_and_defense,qb_003012__security_and_defense,0.72423804,0.6680421233177185,0.21074695885181427,True
qb_003012,cultural_identity,qb_003012__cultural_identity,0.6673475,0.4337826371192932,0.1341647356748581,True
qb_005475,fairness_and_equality,qb_005475__fairness_and_equality,0.7148025,0.6176774501800537,0.2135518491268158,True
qb_005475,political,qb_005475__political,0.67048514,0.6066352128982544,0.22410190105438232,True
qb_005475,morality,qb_005475__morality,0.60935163,0.5771169662475586,0.20477600395679474,True
qb_005475,public_sentiment,qb_005475__public_sentiment,0.7621064,0.5836061239242554,0.22524908185005188,True
qb_005475,economic,qb_005475__economic,0.6979618,0.5938360095024109,0.23278272151947021,True
qb_005475,health_and_safety,qb_005475__health_and_safety,0.7338122,0.6384366154670715,0.22062917053699493,True
qb_013337,political,qb_013337__political,0.72073656,0.5086363554000854,0.2262355387210846,True
qb_013337,morality,qb_013337__morality,0.8011004,0.5623103976249695,0.2668206989765167,True
qb_013337,cultural_identity,qb_013337__cultural_identity,0.76659864,0.5826832056045532,0.26736214756965637,True
qb_013337,health_and_safety,qb_013337__health_and_safety,0.715532,0.23482854664325714,0.1980617344379425,True
qb_013337,public_sentiment,qb_013337__public_sentiment,0.83650315,0.48092904686927795,0.17905893921852112,True
qb_013337,fairness_and_equality,qb_013337__fairness_and_equality,0.783523,0.5306969881057739,0.2274363785982132,True
qb_002748,fairness_and_equality,qb_002748__fairness_and_equality,0.66082793,0.6194290518760681,0.15368704497814178,True
qb_002748,cultural_identity,qb_002748__cultural_identity,0.7738672,0.6962965130805969,0.20454029738903046,True
qb_002748,public_sentiment,qb_002748__public_sentiment,0.7819973,0.6610138416290283,0.21231317520141602,True
qb_002748,morality,qb_002748__morality,0.7395185,0.6327807903289795,0.1828213632106781,True
qb_014098,political,qb_014098__political,0.7713697,0.5785090327262878,0.3263285756111145,True
qb_014098,fairness_and_equality,qb_014098__fairness_and_equality,0.7935197,0.49339205026626587,0.26143679022789,True
qb_014098,legality_constitutionality,qb_014098__legality_constitutionality,0.7067266,0.6092044115066528,0.24660205841064453,True
qb_015897,public_sentiment,qb_015897__public_sentiment,0.8325463,0.5939338803291321,0.21635651588439941,True
qb_015897,legality_constitutionality,qb_015897__legality_constitutionality,0.70461756,0.5965070724487305,0.15473797917366028,True
qb_015897,crime_and_punishment,qb_015897__crime_and_punishment,0.71702325,0.6533726453781128,0.21164508163928986,True
qb_015897,security_and_defense,qb_015897__security_and_defense,0.7956712,0.6554299592971802,0.20323793590068817,True
qb_015897,political,qb_015897__political,0.8396469,0.6298725008964539,0.2030988186597824,True
qb_005068,political,qb_005068__political,0.5621754,0.5151525735855103,0.319217324256897,True
qb_005068,capacity_and_resources,qb_005068__capacity_and_resources,0.6793718,0.4584311246871948,0.26854366064071655,True
qb_005068,public_sentiment,qb_005068__public_sentiment,0.6664176,0.43551674485206604,0.19043567776679993,True
qb_010542,external_regulation,qb_010542__external_regulation,0.81624067,0.7911231517791748,0.2352612465620041,True
qb_010542,political,qb_010542__political,0.8161725,0.8449076414108276,0.21616415679454803,True
qb_009155,crime_and_punishment,qb_009155__crime_and_punishment,0.6973162,0.6095672845840454,0.22627072036266327,True
qb_009155,legality_constitutionality,qb_009155__legality_constitutionality,0.6905148,0.5657955408096313,0.19987347722053528,True
qb_021738,security_and_defense,qb_021738__security_and_defense,0.55390346,0.6110798716545105,0.18066450953483582,True
qb_021738,external_regulation,qb_021738__external_regulation,0.7816747,0.601197361946106,0.17997220158576965,True
qb_021738,political,qb_021738__political,0.71301174,0.5796728134155273,0.20262496173381805,True
qb_013376,political,qb_013376__political,0.744217,,0.23557977378368378,False
qb_000343,political,qb_000343__political,0.77275026,0.5434002876281738,0.2729848325252533,True
qb_000343,morality,qb_000343__morality,0.76704866,0.5432647466659546,0.23667392134666443,True
qb_000343,public_sentiment,qb_000343__public_sentiment,0.6988484,0.674809992313385,0.24769242107868195,True
qb_017378,policy_prescription,qb_017378__policy_prescription,0.7508681,0.6352840065956116,0.19404546916484833,True
qb_017378,economic,qb_017378__economic,0.7056831,0.575658917427063,0.17756465077400208,True
qb_017378,political,qb_017378__political,0.61087036,0.5441105365753174,0.23007233440876007,True
qb_007782,external_regulation,qb_007782__external_regulation,0.7355756,0.5738509297370911,0.1918170154094696,True
qb_007782,security_and_defense,qb_007782__security_and_defense,0.7188974,0.6003146767616272,0.2641150951385498,True
qb_007782,political,qb_007782__political,0.75414777,0.45954036712646484,0.25011688470840454,True
qb_007782,policy_prescription,qb_007782__policy_prescription,0.7664168,0.6029526591300964,0.23803448677062988,True
qb_014356,political,qb_014356__political,0.7641865,0.5148130059242249,0.20756272971630096,True
qb_014356,policy_prescription,qb_014356__policy_prescription,0.583719,0.5621815919876099,0.19510714709758759,True
qb_014356,legality_constitutionality,qb_014356__legality_constitutionality,0.63950205,0.5397860407829285,0.20078730583190918,True
qb_014356,morality,qb_014356__morality,0.7647259,0.5967466831207275,0.25863736867904663,True
qb_017576,political,qb_017576__political,0.66282535,0.6316329836845398,0.20601336658000946,True
qb_017576,economic,qb_017576__economic,0.8047653,0.7057244777679443,0.25890830159187317,True
qb_017576,capacity_and_resources,qb_017576__capacity_and_resources,0.7092459,0.7066685557365417,0.19960907101631165,True
qb_000053,economic,qb_000053__economic,0.64133364,0.5053176283836365,0.1405154913663864,True
qb_000053,policy_prescription,qb_000053__policy_prescription,0.67357254,0.6113746166229248,0.18815289437770844,True
qb_011392,crime_and_punishment,qb_011392__crime_and_punishment,0.807302,0.5062215328216553,0.21632054448127747,True
qb_011392,legality_constitutionality,qb_011392__legality_constitutionality,0.700031,0.577720046043396,0.24461376667022705,True
qb_011392,political,qb_011392__political,0.7343379,0.5119165778160095,0.22940120100975037,True
qb_011392,morality,qb_011392__morality,0.66694725,0.5173155069351196,0.18560659885406494,True
qb_003955,policy_prescription,qb_003955__policy_prescription,0.7811278,0.5573534369468689,0.19334813952445984,True
qb_003955,economic,qb_003955__economic,0.7465315,0.5810580849647522,0.20188848674297333,True
qb_003955,capacity_and_resources,qb_003955__capacity_and_resources,0.6645434,0.5285304188728333,0.2336183339357376,True
qb_003955,external_regulation,qb_003955__external_regulation,0.6901664,0.4642861783504486,0.17420974373817444,True
qb_003955,political,qb_003955__political,0.691118,0.5207472443580627,0.2313467264175415,True
qb_003955,quality_of_life,qb_003955__quality_of_life,0.7857516,0.5409201383590698,0.20749740302562714,True
qb_000416,security_and_defense,qb_000416__security_and_defense,0.7342056,0.5407995581626892,0.15839508175849915,True
qb_000416,external_regulation,qb_000416__external_regulation,0.72861284,0.5825806856155396,0.24427452683448792,True
qb_000416,political,qb_000416__political,0.50269735,0.6274546980857849,0.2473585605621338,True
qb_000416,public_sentiment,qb_000416__public_sentiment,0.8080738,0.5183511972427368,0.246180921792984,True
qb_000416,policy_prescription,qb_000416__policy_prescription,0.8190229,0.5947450995445251,0.15744850039482117,True
qb_000416,capacity_and_resources,qb_000416__capacity_and_resources,0.73641455,0.5718562602996826,0.21870751678943634,True
qb_001238,political,qb_001238__political,0.6915672,0.6765861511230469,0.2212395966053009,True
qb_001238,legality_constitutionality,qb_001238__legality_constitutionality,0.72968584,0.3974408209323883,0.21440649032592773,True
qb_001238,public_sentiment,qb_001238__public_sentiment,0.6483973,0.5580664873123169,0.26556649804115295,True
qb_003525,economic,qb_003525__economic,0.7638526,0.4952998161315918,0.2213166058063507,True
qb_003525,external_regulation,qb_003525__external_regulation,0.7110293,0.5944578647613525,0.1861216425895691,True
qb_003525,policy_prescription,qb_003525__policy_prescription,0.6764232,0.5958747267723083,0.26838570833206177,True
qb_003525,political,qb_003525__political,0.76622486,0.5817434191703796,0.3693985342979431,True
qb_018916,political,qb_018916__political,0.775279,0.4070267379283905,0.2523597776889801,True
qb_018916,legality_constitutionality,qb_018916__legality_constitutionality,0.60241663,0.52647864818573,0.20923490822315216,True
qb_018916,policy_prescription,qb_018916__policy_prescription,0.72374916,0.5385127663612366,0.20339488983154297,True
qb_000742,external_regulation,qb_000742__external_regulation,0.7435764,0.746002733707428,0.25438106060028076,True
qb_000742,public_sentiment,qb_000742__public_sentiment,0.7172149,0.4816826283931732,0.2721521854400635,True
qb_000742,political,qb_000742__political,0.8240642,0.5670413374900818,0.33414870500564575,True
qb_000742,capacity_and_resources,qb_000742__capacity_and_resources,0.6252634,0.4988464415073395,0.23738157749176025,True
qb_014434,economic,qb_014434__economic,0.63705,0.5305010676383972,0.15637673437595367,True
qb_014434,health_and_safety,qb_014434__health_and_safety,0.6257983,0.5120647549629211,0.157392680644989,True
qb_014434,policy_prescription,qb_014434__policy_prescription,0.5702217,0.4935624599456787,0.2231006920337677,True
qb_014434,quality_of_life,qb_014434__quality_of_life,0.6263974,0.5479676723480225,0.2697661519050598,True
qb_014970,political,qb_014970__political,0.7623056,0.731697678565979,0.18437567353248596,True
qb_014970,policy_prescription,qb_014970__policy_prescription,0.77680635,0.6950008869171143,0.22294779121875763,True
qb_014970,economic,qb_014970__economic,0.7621894,0.7033026814460754,0.2669079899787903,True
qb_014970,security_and_defense,qb_014970__security_and_defense,0.81435657,0.7052682638168335,0.20700252056121826,True
qb_014970,public_sentiment,qb_014970__public_sentiment,0.79381275,0.6720852851867676,0.19883200526237488,True
qb_016146,health_and_safety,qb_016146__health_and_safety,0.7686819,0.6913387179374695,0.2275213897228241,True
qb_016146,policy_prescription,qb_016146__policy_prescription,0.76667583,0.629756510257721,0.19737091660499573,True
qb_016146,political,qb_016146__political,0.76853895,0.5884630680084229,0.29222986102104187,True
qb_000282,economic,qb_000282__economic,0.6404594,0.5312824249267578,0.17692124843597412,True
qb_000282,political,qb_000282__political,0.8077498,0.5183708667755127,0.22142617404460907,True
qb_000282,public_sentiment,qb_000282__public_sentiment,0.7140709,0.5697939395904541,0.24123115837574005,True
qb_003722,legality_constitutionality,qb_003722__legality_constitutionality,0.6536328,0.5754575729370117,0.2232491672039032,True
qb_003722,political,qb_003722__political,0.63234794,0.523971438407898,0.2275199145078659,True
qb_003722,public_sentiment,qb_003722__public_sentiment,0.7194558,0.5157412886619568,0.18871597945690155,True
qb_020553,legality_constitutionality,qb_020553__legality_constitutionality,0.7529781,0.5640597343444824,0.23319771885871887,True
qb_020553,public_sentiment,qb_020553__public_sentiment,0.7216536,0.5612484216690063,0.21539726853370667,True
qb_020553,policy_prescription,qb_020553__policy_prescription,0.65106845,0.5435746908187866,0.20941615104675293,True
qb_020553,political,qb_020553__political,0.69232035,0.5532714128494263,0.21267619729042053,True
qb_020553,security_and_defense,qb_020553__security_and_defense,0.63729453,0.5165056586265564,0.2319505661725998,True
qb_020499,legality_constitutionality,qb_020499__legality_constitutionality,0.7649975,0.6919743418693542,0.21546868979930878,True
qb_020499,health_and_safety,qb_020499__health_and_safety,0.6110228,0.5788045525550842,0.26299819350242615,True
qb_020499,public_sentiment,qb_020499__public_sentiment,0.7436993,0.5106984376907349,0.2618902623653412,True
qb_020499,capacity_and_resources,qb_020499__capacity_and_resources,0.7256956,0.49526047706604004,0.19792035222053528,True
qb_020108,morality,qb_020108__morality,0.82213235,0.6442130208015442,0.20765872299671173,True
qb_020108,crime_and_punishment,qb_020108__crime_and_punishment,0.74116266,0.7206162214279175,0.24050183594226837,True
qb_006450,economic,qb_006450__economic,0.75602925,0.6336482763290405,0.15778419375419617,True
qb_006450,public_sentiment,qb_006450__public_sentiment,0.83774465,0.6666661500930786,0.16836518049240112,True
qb_006450,quality_of_life,qb_006450__quality_of_life,0.90824974,0.6145426034927368,0.20387141406536102,True
qb_010779,policy_prescription,qb_010779__policy_prescription,0.7279687,0.5480213165283203,0.2538188099861145,True
qb_010779,health_and_safety,qb_010779__health_and_safety,0.79352987,0.3319481611251831,0.20252570509910583,True
qb_010779,political,qb_010779__political,0.83872634,0.5806540250778198,0.18983472883701324,True
qb_010779,public_sentiment,qb_010779__public_sentiment,0.5552497,0.5858794450759888,0.32913127541542053,True
qb_010779,morality,qb_010779__morality,0.6704287,0.5717563033103943,0.2420986145734787,True
qb_007860,political,qb_007860__political,0.7674023,0.6575990915298462,0.2589392066001892,True
qb_007860,crime_and_punishment,qb_007860__crime_and_punishment,0.8425634,0.5588690042495728,0.17514723539352417,True
qb_007860,security_and_defense,qb_007860__security_and_defense,0.7361679,0.5913487672805786,0.2566799223423004,True
qb_007860,legality_constitutionality,qb_007860__legality_constitutionality,0.52888465,0.6106868982315063,0.2727643847465515,True
qb_007860,morality,qb_007860__morality,0.71423256,0.6395511031150818,0.21989615261554718,True
qb_009513,security_and_defense,qb_009513__security_and_defense,0.63982624,0.5996800065040588,0.13892048597335815,True
qb_009513,external_regulation,qb_009513__external_regulation,0.60147667,0.4713011384010315,0.13323085010051727,True
qb_009513,political,qb_009513__political,0.72635996,0.5100739598274231,0.23124155402183533,True
qb_009513,capacity_and_resources,qb_009513__capacity_and_resources,0.72902095,0.6200078129768372,0.14932136237621307,True
qb_009513,economic,qb_009513__economic,0.75054073,0.5562248826026917,0.14325734972953796,True
qb_014515,political,qb_014515__political,0.8057878,0.7453120350837708,0.26317068934440613,True
qb_014515,legality_constitutionality,qb_014515__legality_constitutionality,0.84762305,0.7417268753051758,0.24916890263557434,True
qb_019895,policy_prescription,qb_019895__policy_prescription,0.7656992,0.5971506834030151,0.2294991910457611,True
qb_019895,legality_constitutionality,qb_019895__legality_constitutionality,0.71707404,0.6168495416641235,0.2210308313369751,True
qb_019895,political,qb_019895__political,0.82161033,0.6104881763458252,0.28542354702949524,True
qb_019895,security_and_defense,qb_019895__security_and_defense,0.8208849,0.5754522085189819,0.24139246344566345,True
qb_019895,external_regulation,qb_019895__external_regulation,0.7747563,0.6321309208869934,0.29807811975479126,True
qb_019895,economic,qb_019895__economic,0.7062643,0.5094595551490784,0.24399931728839874,True
qb_007371,policy_prescription,qb_007371__policy_prescription,0.7856598,0.6935817003250122,0.31855568289756775,True
qb_007371,legality_constitutionality,qb_007371__legality_constitutionality,0.7874677,0.673393726348877,0.2294057309627533,True
qb_007371,security_and_defense,qb_007371__security_and_defense,0.7337929,0.6407632231712341,0.2182333767414093,True
qb_007371,health_and_safety,qb_007371__health_and_safety,0.8219651,0.6360303163528442,0.25640469789505005,True
qb_007371,political,qb_007371__political,0.7215903,0.5993228554725647,0.29565703868865967,True
qb_004939,political,qb_004939__political,0.640516,0.4815005660057068,0.23653645813465118,True
qb_004939,public_sentiment,qb_004939__public_sentiment,0.7659744,0.3737654685974121,0.2525809705257416,True
qb_004939,cultural_identity,qb_004939__cultural_identity,0.76430815,0.3601943254470825,0.178030326962471,True
qb_020966,legality_constitutionality,qb_020966__legality_constitutionality,0.77523816,0.6424592137336731,0.25790995359420776,True
qb_020966,policy_prescription,qb_020966__policy_prescription,0.73156595,0.6081089377403259,0.18911507725715637,True
qb_020966,public_sentiment,qb_020966__public_sentiment,0.88374275,0.6367376446723938,0.17135240137577057,True
qb_020966,security_and_defense,qb_020966__security_and_defense,0.83302116,0.6124191284179688,0.19269438087940216,True
qb_014146,economic,qb_014146__economic,0.66651493,0.6134908199310303,0.24764864146709442,True
qb_014146,external_regulation,qb_014146__external_regulation,0.71736705,0.5862192511558533,0.2402275800704956,True
qb_014146,policy_prescription,qb_014146__policy_prescription,0.7851367,0.5856534242630005,0.26693445444107056,True
qb_014146,political,qb_014146__political,0.71100545,0.612035870552063,0.24808959662914276,True
qb_014607,economic,qb_014607__economic,0.70831835,0.4590994715690613,0.19386892020702362,True
qb_014607,public_sentiment,qb_014607__public_sentiment,0.74673903,0.6082096695899963,0.1868811994791031,True
qb_011436,economic,qb_011436__economic,0.7509756,0.6693155765533447,0.17331978678703308,True
qb_011436,policy_prescription,qb_011436__policy_prescription,0.662813,0.6470524668693542,0.19097556173801422,True
qb_011436,fairness_and_equality,qb_011436__fairness_and_equality,0.78216213,0.7611232399940491,0.2456831932067871,True
qb_011436,capacity_and_resources,qb_011436__capacity_and_resources,0.6961105,0.6732277274131775,0.22348567843437195,True
qb_005652,crime_and_punishment,qb_005652__crime_and_punishment,0.8144376,0.6111748218536377,0.1718594878911972,True
qb_005652,public_sentiment,qb_005652__public_sentiment,0.7745792,0.5523445010185242,0.22354546189308167,True
qb_005652,security_and_defense,qb_005652__security_and_defense,0.6810729,0.6572336554527283,0.19660083949565887,True
qb_005652,health_and_safety,qb_005652__health_and_safety,0.7772907,0.6355576515197754,0.20910930633544922,True
qb_000759,political,qb_000759__political,0.6965495,0.5376213788986206,0.2469710409641266,True
qb_000759,crime_and_punishment,qb_000759__crime_and_punishment,0.8245602,0.5254194736480713,0.16419479250907898,True
qb_014439,political,qb_014439__political,0.7175831,0.4251459836959839,0.1788463145494461,True
qb_014439,public_sentiment,qb_014439__public_sentiment,0.7434225,0.5387925505638123,0.18106572329998016,True
qb_007161,political,qb_007161__political,0.7215335,0.6377227902412415,0.18037083745002747,True
qb_007161,external_regulation,qb_007161__external_regulation,0.75151646,0.5808886289596558,0.21435554325580597,True
qb_007161,policy_prescription,qb_007161__policy_prescription,0.7981603,0.5663282871246338,0.20243661105632782,True
qb_007161,public_sentiment,qb_007161__public_sentiment,0.69310796,0.5004382729530334,0.22525806725025177,True
qb_007161,legality_constitutionality,qb_007161__legality_constitutionality,0.77862173,0.4572979211807251,0.21193130314350128,True
qb_020403,political,qb_020403__political,0.6771971,0.6467731595039368,0.23976865410804749,True
qb_020403,fairness_and_equality,qb_020403__fairness_and_equality,0.7060652,0.6454988121986389,0.20038548111915588,True
qb_020403,public_sentiment,qb_020403__public_sentiment,0.75573033,0.6095877885818481,0.27110716700553894,True
qb_020403,cultural_identity,qb_020403__cultural_identity,0.74680865,0.6634466052055359,0.22987285256385803,True
qb_021441,security_and_defense,qb_021441__security_and_defense,0.74354804,0.6819129586219788,0.18400271236896515,True
qb_021441,external_regulation,qb_021441__external_regulation,0.6685126,0.5944733619689941,0.1743258684873581,True
qb_021441,policy_prescription,qb_021441__policy_prescription,0.76424277,0.6266781091690063,0.2569427490234375,True
qb_021441,cultural_identity,qb_021441__cultural_identity,0.6675306,0.5681190490722656,0.17587241530418396,True
qb_000909,health_and_safety,qb_000909__health_and_safety,0.5649506,0.6201902031898499,0.19183504581451416,True
qb_000909,capacity_and_resources,qb_000909__capacity_and_resources,0.7802768,0.5487397313117981,0.20665788650512695,True
qb_000909,policy_prescription,qb_000909__policy_prescription,0.76119286,0.5100141167640686,0.23604264855384827,True
qb_000909,public_sentiment,qb_000909__public_sentiment,0.7843842,0.548356831073761,0.19441893696784973,True
qb_012147,security_and_defense,qb_012147__security_and_defense,0.84047484,0.6882869601249695,0.181611567735672,True
qb_012147,political,qb_012147__political,0.6658892,0.5858501195907593,0.24887852370738983,True
qb_012147,external_regulation,qb_012147__external_regulation,0.7346617,0.770321786403656,0.23232249915599823,True
qb_012147,policy_prescription,qb_012147__policy_prescription,0.8235979,0.662550151348114,0.17726628482341766,True
qb_012147,capacity_and_resources,qb_012147__capacity_and_resources,0.7960389,0.7468031644821167,0.1756235510110855,True
qb_002761,political,qb_002761__political,0.64649916,0.48244601488113403,0.20745325088500977,True
qb_002761,legality_constitutionality,qb_002761__legality_constitutionality,0.6481586,0.44529807567596436,0.16325204074382782,True
qb_002761,crime_and_punishment,qb_002761__crime_and_punishment,0.62309587,0.5955851674079895,0.27268487215042114,True
qb_002761,security_and_defense,qb_002761__security_and_defense,0.6495208,0.4668560326099396,0.24308805167675018,True
qb_002761,public_sentiment,qb_002761__public_sentiment,0.7010224,0.4550497531890869,0.24523475766181946,True
qb_004144,legality_constitutionality,qb_004144__legality_constitutionality,0.70783925,0.5674197673797607,0.21184852719306946,True
qb_004144,political,qb_004144__political,0.68001854,0.5836939811706543,0.23165388405323029,True
qb_004144,morality,qb_004144__morality,0.68803376,0.5802586078643799,0.20089049637317657,True
qb_011629,legality_constitutionality,qb_011629__legality_constitutionality,0.7702594,0.6780316829681396,0.20186278223991394,True
qb_011629,crime_and_punishment,qb_011629__crime_and_punishment,0.7453797,0.6579709053039551,0.13541880249977112,True
qb_011629,health_and_safety,qb_011629__health_and_safety,0.6339695,0.4889149069786072,0.24385786056518555,True
qb_006677,crime_and_punishment,qb_006677__crime_and_punishment,0.80112505,0.5321251749992371,0.19980862736701965,True
qb_006677,legality_constitutionality,qb_006677__legality_constitutionality,0.71280015,0.6184757947921753,0.18886877596378326,True
qb_006677,economic,qb_006677__economic,0.677858,0.5228875875473022,0.18921497464179993,True
qb_006677,public_sentiment,qb_006677__public_sentiment,0.7455309,0.5481355786323547,0.22644464671611786,True
qb_014206,legality_constitutionality,qb_014206__legality_constitutionality,0.68109775,0.6457793116569519,0.23999980092048645,True
qb_014206,crime_and_punishment,qb_014206__crime_and_punishment,0.5959884,0.6204742193222046,0.2206535041332245,True
qb_014206,public_sentiment,qb_014206__public_sentiment,0.5922203,0.5299035906791687,0.20132751762866974,True
qb_014206,cultural_identity,qb_014206__cultural_identity,0.73647475,0.4917442202568054,0.21813121438026428,True
qb_014206,fairness_and_equality,qb_014206__fairness_and_equality,0.7783231,0.5773030519485474,0.1769619733095169,True
qb_014206,morality,qb_014206__morality,0.7108755,0.5736581087112427,0.18040570616722107,True
qb_020271,policy_prescription,qb_020271__policy_prescription,0.7959076,0.5926597714424133,0.26624470949172974,True
qb_020271,crime_and_punishment,qb_020271__crime_and_punishment,0.7055093,0.6768770813941956,0.22924785315990448,True
qb_020271,security_and_defense,qb_020271__security_and_defense,0.63088495,0.5461288690567017,0.22432461380958557,True
qb_020271,political,qb_020271__political,0.76141346,0.49831196665763855,0.26254329085350037,True
qb_020271,capacity_and_resources,qb_020271__capacity_and_resources,0.72764724,0.710378110408783,0.19810573756694794,True
qb_009156,security_and_defense,qb_009156__security_and_defense,0.7590402,0.7191855311393738,0.2703077793121338,True
qb_009156,health_and_safety,qb_009156__health_and_safety,0.6445432,0.5720808506011963,0.1783123016357422,True
qb_009156,external_regulation,qb_009156__external_regulation,0.7154147,0.590714693069458,0.2196192741394043,True
