article_id,frame,cell_key,within_cell,within_article_cross_frame,cross_article,has_sibling
qb_003272,legality_constitutionality,qb_003272__legality_constitutionality,0.52460694,0.6025950312614441,0.22627773880958557,True
qb_003272,political,qb_003272__political,0.70347494,0.5678232312202454,0.29394692182540894,True
qb_003272,public_sentiment,qb_003272__public_sentiment,0.698403,0.5110886693000793,0.3155145049095154,True
qb_003272,crime_and_punishment,qb_003272__crime_and_punishment,0.701895,0.5223109126091003,0.19879917800426483,True
qb_019519,political,qb_019519__political,0.6984986,0.6249653697013855,0.23799684643745422,True
qb_019519,economic,qb_019519__economic,0.5732908,0.6226013898849487,0.1326422393321991,True
qb_019519,policy_prescription,qb_019519__policy_prescription,0.69013333,0.6628149747848511,0.2058108150959015,True
qb_007772,health_and_safety,qb_007772__health_and_safety,0.6876677,0.6856256723403931,0.18992502987384796,True
qb_007772,public_sentiment,qb_007772__public_sentiment,0.9044566,0.8325502276420593,0.20694895088672638,True
qb_007772,political,qb_007772__political,0.8307345,0.7560353875160217,0.2287926971912384,True
qb_009703,cultural_identity,qb_009703__cultural_identity,0.8140259,0.42520666122436523,0.17548999190330505,True
qb_009703,public_sentiment,qb_009703__public_sentiment,0.6651685,0.3300400674343109,0.2028026133775711,True
qb_009703,legality_constitutionality,qb_009703__legality_constitutionality,0.601985,0.4175300598144531,0.17139177024364471,True
qb_009703,political,qb_009703__political,0.65848374,0.5194830894470215,0.18705621361732483,True
qb_008313,policy_prescription,qb_008313__policy_prescription,0.7365785,0.5226702690124512,0.163492813706398,True
qb_008313,political,qb_008313__political,0.67312044,0.511771559715271,0.20489171147346497,True
qb_008313,public_sentiment,qb_008313__public_sentiment,0.8319409,0.526244044303894,0.21276982128620148,True
qb_021261,security_and_defense,qb_021261__security_and_defense,0.7096127,0.6214348673820496,0.17644456028938293,True
qb_021261,external_regulation,qb_021261__external_regulation,0.81703234,0.5645112991333008,0.17431648075580597,True
qb_021261,political,qb_021261__political,0.81816083,0.6577750444412231,0.1762823760509491,True
qb_021261,capacity_and_resources,qb_021261__capacity_and_resources,0.5972725,0.5459254384040833,0.17561832070350647,True
qb_021261,health_and_safety,qb_021261__health_and_safety,0.79725826,0.48657554388046265,0.167499840259552,True
qb_019453,legality_constitutionality,qb_019453__legality_constitutionality,0.7182508,0.6268266439437866,0.1703203171491623,True
qb_019453,political,qb_019453__political,0.69121593,0.5713901519775391,0.21690121293067932,True
qb_020192,legality_constitutionality,qb_020192__legality_constitutionality,0.75306195,0.6135664582252502,0.16160574555397034,True
qb_020192,political,qb_020192__political,0.5532699,0.48530659079551697,0.2312934398651123,True
qb_020192,cultural_identity,qb_020192__cultural_identity,0.85292137,0.5739192366600037,0.12856252491474152,True
qb_020192,fairness_and_equality,qb_020192__fairness_and_equality,0.74903154,0.519388735294342,0.17319726943969727,True
qb_017167,political,qb_017167__political,0.83683765,0.5793922543525696,0.1992110311985016,True
qb_017167,public_sentiment,qb_017167__public_sentiment,0.77650106,0.6599949598312378,0.1769440621137619,True
qb_017167,health_and_safety,qb_017167__health_and_safety,0.7485242,0.5287137031555176,0.20728854835033417,True
qb_017615,economic,qb_017615__economic,0.82271457,0.4656422734260559,0.13928546011447906,True
qb_017615,public_sentiment,qb_017615__public_sentiment,0.64808476,0.6358962059020996,0.13914434611797333,True
qb_003828,legality_constitutionality,qb_003828__legality_constitutionality,0.5749092,0.5162871479988098,0.16235485672950745,True
qb_003828,policy_prescription,qb_003828__policy_prescription,0.76515555,0.5106143951416016,0.22280652821063995,True
qb_003828,cultural_identity,qb_003828__cultural_identity,0.771929,0.6037808656692505,0.23922565579414368,True
qb_003828,political,qb_003828__political,0.6766541,0.4898449778556824,0.2737880051136017,True
qb_003828,fairness_and_equality,qb_003828__fairness_and_equality,0.8298797,0.5379000902175903,0.2259047031402588,True
qb_015003,political,qb_015003__political,0.6536,0.47925838828086853,0.161970317363739,True
qb_015003,economic,qb_015003__economic,0.53522044,0.4337519407272339,0.21683606505393982,True
qb_015003,policy_prescription,qb_015003__policy_prescription,0.64308095,0.467804491519928,0.17673450708389282,True
qb_015003,capacity_and_resources,qb_015003__capacity_and_resources,0.48348647,0.4952130615711212,0.18080897629261017,True
qb_015003,public_sentiment,qb_015003__public_sentiment,0.76549953,0.5617878437042236,0.2876277565956116,True
qb_018511,economic,qb_018511__economic,0.6332325,0.5505176186561584,0.19679610431194305,True
qb_018511,policy_prescription,qb_018511__policy_prescription,0.71623576,0.4941575527191162,0.14939656853675842,True
qb_018511,capacity_and_resources,qb_018511__capacity_and_resources,0.46156913,0.4053283929824829,0.21488161385059357,True
qb_001368,cultural_identity,qb_001368__cultural_identity,0.7112638,0.6628777980804443,0.16865596175193787,True
qb_001368,political,qb_001368__political,0.8051915,0.5504788756370544,0.18452982604503632,True
qb_001368,fairness_and_equality,qb_001368__fairness_and_equality,0.73703116,0.5796558856964111,0.15864863991737366,True
qb_001368,morality,qb_001368__morality,0.7224946,0.5848284363746643,0.16141745448112488,True
qb_001368,public_sentiment,qb_001368__public_sentiment,0.88307637,0.6926577091217041,0.1763060986995697,True
qb_011457,economic,qb_011457__economic,0.80831003,0.7285300493240356,0.1960328221321106,True
qb_011457,political,qb_011457__political,0.8416786,0.8033467531204224,0.2370968759059906,True
qb_006925,external_regulation,qb_006925__external_regulation,0.70671684,0.5930508375167847,0.17153313755989075,True
qb_006925,political,qb_006925__political,0.6667582,0.5274324417114258,0.2507587969303131,True
qb_006925,legality_constitutionality,qb_006925__legality_constitutionality,0.69924563,0.5713236927986145,0.16899247467517853,True
qb_006925,crime_and_punishment,qb_006925__crime_and_punishment,0.67631257,0.5436451435089111,0.2227943390607834,True
qb_006925,policy_prescription,qb_006925__policy_prescription,0.7481097,0.6240888833999634,0.25335562229156494,True
qb_013655,legality_constitutionality,qb_013655__legality_constitutionality,0.6997331,0.5018154382705688,0.1568220853805542,True
qb_013655,crime_and_punishment,qb_013655__crime_and_punishment,0.6970071,0.5644078850746155,0.20650434494018555,True
qb_013655,political,qb_013655__political,0.7245035,0.5464322566986084,0.18143202364444733,True
qb_001630,policy_prescription,qb_001630__policy_prescription,0.7353927,0.6487739682197571,0.26927876472473145,True
qb_001630,health_and_safety,qb_001630__health_and_safety,0.6778537,0.6205309629440308,0.239910289645195,True
qb_001630,economic,qb_001630__economic,0.6477532,0.623084545135498,0.23916105926036835,True
qb_001630,political,qb_001630__political,0.74276984,0.5464373826980591,0.22980645298957825,True
qb_001630,fairness_and_equality,qb_001630__fairness_and_equality,0.7658037,0.6033797264099121,0.17406025528907776,True
qb_011948,security_and_defense,qb_011948__security_and_defense,0.51500976,0.5938294529914856,0.2452443391084671,True
qb_011948,crime_and_punishment,qb_011948__crime_and_punishment,0.57598376,0.4963574707508087,0.20650076866149902,True
qb_011948,external_regulation,qb_011948__external_regulation,0.8225434,0.5605621337890625,0.21409842371940613,True
qb_011948,legality_constitutionality,qb_011948__legality_constitutionality,0.78095406,0.4957684278488159,0.1964842826128006,True
qb_011948,political,qb_011948__political,0.70750093,0.41755786538124084,0.2675296664237976,True
qb_006606,political,qb_006606__political,0.83949643,0.6260350942611694,0.2619682252407074,True
qb_006606,public_sentiment,qb_006606__public_sentiment,0.722929,0.5199149250984192,0.1772850900888443,True
qb_006606,capacity_and_resources,qb_006606__capacity_and_resources,0.7658036,0.6070479154586792,0.2313350886106491,True
qb_016127,health_and_safety,qb_016127__health_and_safety,0.66474617,0.5037460923194885,0.17670071125030518,True
qb_016127,policy_prescription,qb_016127__policy_prescription,0.712303,0.459906667470932,0.13575983047485352,True
qb_016127,political,qb_016127__political,0.7265326,0.5955520272254944,0.18101723492145538,True
qb_019129,policy_prescription,qb_019129__policy_prescription,0.6755592,0.48702558875083923,0.24358531832695007,True
qb_019129,economic,qb_019129__economic,0.5022497,0.6130170822143555,0.14734622836112976,True
qb_019129,quality_of_life,qb_019129__quality_of_life,0.5779084,0.4809059202671051,0.15096069872379303,True
qb_019129,capacity_and_resources,qb_019129__capacity_and_resources,0.54145116,0.5064534544944763,0.15542425215244293,True
qb_007903,legality_constitutionality,qb_007903__legality_constitutionality,0.60241324,0.636791467666626,0.25968798995018005,True
qb_007903,political,qb_007903__political,0.78252155,0.5493741035461426,0.22429494559764862,True
qb_018184,political,qb_018184__political,0.6029502,0.6725893020629883,0.20662875473499298,True
qb_018184,fairness_and_equality,qb_018184__fairness_and_equality,0.70781213,0.6320104002952576,0.21061234176158905,True
qb_018184,morality,qb_018184__morality,0.77988607,0.6670401096343994,0.19445648789405823,True
qb_012949,legality_constitutionality,qb_012949__legality_constitutionality,0.7323712,0.5881250500679016,0.16885866224765778,True
qb_012949,economic,qb_012949__economic,0.7125982,0.5227346420288086,0.15071117877960205,True
qb_004499,political,qb_004499__political,0.85967386,0.7625168561935425,0.26587608456611633,True
qb_004499,public_sentiment,qb_004499__public_sentiment,0.8684437,0.7481908798217773,0.21838486194610596,True
qb_020948,health_and_safety,qb_020948__health_and_safety,0.7557123,0.6286056637763977,0.19887086749076843,True
qb_020948,capacity_and_resources,qb_020948__capacity_and_resources,0.6826215,0.5327704548835754,0.2058563232421875,True
qb_020948,policy_prescription,qb_020948__policy_prescription,0.6829833,0.6343702077865601,0.18194611370563507,True
qb_020948,economic,qb_020948__economic,0.6519324,0.6120826005935669,0.18755532801151276,True
qb_020948,public_sentiment,qb_020948__public_sentiment,0.8331319,0.5577821731567383,0.16715583205223083,True
qb_020948,fairness_and_equality,qb_020948__fairness_and_equality,0.7007439,0.5713834762573242,0.17647330462932587,True
qb_020948,political,qb_020948__political,0.74722147,0.63238126039505,0.19722400605678558,True
qb_017303,political,qb_017303__political,0.71329206,0.5416296720504761,0.2710195481777191,True
qb_017303,public_sentiment,qb_017303__public_sentiment,0.64580345,0.528937816619873,0.26065492630004883,True
qb_001971,political,qb_001971__political,0.6177225,0.6955329775810242,0.23774221539497375,True
qb_001971,public_sentiment,qb_001971__public_sentiment,0.629712,0.5943117141723633,0.16350628435611725,True
qb_006315,health_and_safety,qb_006315__health_and_safety,0.75234926,0.6155646443367004,0.1824178546667099,True
qb_006315,policy_prescription,qb_006315__policy_prescription,0.8125297,0.4892442226409912,0.20058879256248474,True
qb_006315,crime_and_punishment,qb_006315__crime_and_punishment,0.8117363,0.5560213923454285,0.21397404372692108,True
qb_006315,public_sentiment,qb_006315__public_sentiment,0.7295929,0.5899540185928345,0.18359792232513428,True
qb_006315,capacity_and_resources,qb_006315__capacity_and_resources,0.81928974,0.6640278100967407,0.18326786160469055,True
qb_006315,morality,qb_006315__morality,0.6849713,0.5987012386322021,0.18794362246990204,True
qb_006315,political,qb_006315__political,0.65525794,0.5478379726409912,0.2461838722229004,True
qb_006315,cultural_identity,qb_006315__cultural_identity,0.77084315,0.5592852234840393,0.24765896797180176,True
qb_016595,economic,qb_016595__economic,0.74767697,0.5264090299606323,0.17663481831550598,True
qb_016595,policy_prescription,qb_016595__policy_prescription,0.83519226,0.7593811750411987,0.14405375719070435,True
qb_016595,political,qb_016595__political,0.8178047,0.46749067306518555,0.16950623691082,True
qb_016391,political,qb_016391__political,0.81439877,0.5484021902084351,0.2025066316127777,True
qb_016391,legality_constitutionality,qb_016391__legality_constitutionality,0.6769919,0.6092991232872009,0.2529168128967285,True
qb_016391,policy_prescription,qb_016391__policy_prescription,0.66908324,0.6110999584197998,0.22798743844032288,True
qb_016391,crime_and_punishment,qb_016391__crime_and_punishment,0.8637048,0.6170248985290527,0.1956520527601242,True
qb_016391,morality,qb_016391__morality,0.8590909,0.550948977470398,0.23096290230751038,True
qb_005134,capacity_and_resources,qb_005134__capacity_and_resources,0.673007,0.5198180675506592,0.20868182182312012,True
qb_005134,health_and_safety,qb_005134__health_and_safety,0.53131664,0.5492959022521973,0.15873487293720245,True
qb_005134,economic,qb_005134__economic,0.7521856,0.619995653629303,0.21733935177326202,True
qb_005134,political,qb_005134__political,0.77940494,0.6525014042854309,0.20124451816082,True
qb_011008,crime_and_punishment,qb_011008__crime_and_punishment,0.6675934,0.5186918377876282,0.1678309142589569,True
qb_011008,political,qb_011008__political,0.7379319,0.6206076741218567,0.24928025901317596,True
qb_011008,external_regulation,qb_011008__external_regulation,0.7372663,0.580574095249176,0.2449599802494049,True
qb_011008,public_sentiment,qb_011008__public_sentiment,0.8064228,0.620474636554718,0.2136283814907074,True
qb_020841,policy_prescription,qb_020841__policy_prescription,0.78530896,0.703284740447998,0.20690283179283142,True
qb_020841,security_and_defense,qb_020841__security_and_defense,0.7434129,0.7425088882446289,0.21375899016857147,True
qb_020841,political,qb_020841__political,0.74761295,0.7123779058456421,0.2604072690010071,True
qb_011204,external_regulation,qb_011204__external_regulation,0.5908109,0.46244677901268005,0.22578176856040955,True
qb_011204,political,qb_011204__political,0.51246154,0.4737257957458496,0.1755332201719284,True
qb_011204,public_sentiment,qb_011204__public_sentiment,0.78812337,0.461310476064682,0.14972391724586487,True
qb_011204,security_and_defense,qb_011204__security_and_defense,0.7299545,0.5478568077087402,0.20713695883750916,True
qb_011204,legality_constitutionality,qb_011204__legality_constitutionality,0.5368022,0.3644394278526306,0.17612409591674805,True
qb_007007,legality_constitutionality,qb_007007__legality_constitutionality,0.66548795,0.6879322528839111,0.19031080603599548,True
qb_007007,political,qb_007007__political,0.7800806,0.6027942895889282,0.23683254420757294,True
qb_007007,crime_and_punishment,qb_007007__crime_and_punishment,0.80645883,0.6734599471092224,0.15511278808116913,True
qb_019524,political,qb_019524__political,0.59317267,0.628739058971405,0.18972346186637878,True
qb_019524,economic,qb_019524__economic,0.6632899,0.3984481394290924,0.18330733478069305,True
qb_019524,policy_prescription,qb_019524__policy_prescription,0.66524273,0.5979599952697754,0.18548670411109924,True
qb_019524,fairness_and_equality,qb_019524__fairness_and_equality,0.7142619,0.6505375504493713,0.17379899322986603,True
qb_009516,policy_prescription,qb_009516__policy_prescription,0.68578756,0.7022049427032471,0.16139525175094604,True
qb_009516,economic,qb_009516__economic,0.5828037,0.6453481316566467,0.16234265267848969,True
qb_009065,political,qb_009065__political,0.5678376,0.49247241020202637,0.22526530921459198,True
qb_009065,policy_prescription,qb_009065__policy_prescription,0.6808634,0.6204352974891663,0.210943341255188,True
qb_009065,economic,qb_009065__economic,0.6376536,0.5560385584831238,0.21652603149414062,True
qb_009065,security_and_defense,qb_009065__security_and_defense,0.7665166,0.5817239284515381,0.22630639374256134,True
qb_012660,health_and_safety,qb_012660__health_and_safety,0.6671754,0.7325802445411682,0.13697971403598785,True
qb_012660,political,qb_012660__political,0.6043434,0.5745446085929871,0.17585337162017822,True
qb_012660,capacity_and_resources,qb_012660__capacity_and_resources,0.86378455,0.670480489730835,0.1410674899816513,True
qb_012660,public_sentiment,qb_012660__public_sentiment,0.76297975,0.7187430262565613,0.2482382357120514,True
qb_011647,health_and_safety,qb_011647__health_and_safety,0.8094842,0.5364058613777161,0.13700151443481445,True
qb_011647,capacity_and_resources,qb_011647__capacity_and_resources,0.6650701,0.6154524087905884,0.1991971880197525,True
qb_011647,economic,qb_011647__economic,0.8084241,0.5671547055244446,0.22328539192676544,True
qb_011647,political,qb_011647__political,0.80058885,0.43249425292015076,0.24437637627124786,True
qb_013083,public_sentiment,qb_013083__public_sentiment,0.82957286,0.6324349641799927,0.2717517018318176,True
qb_013083,political,qb_013083__political,0.7292278,0.44963186979293823,0.16227157413959503,True
qb_013083,security_and_defense,qb_013083__security_and_defense,0.6851424,0.7093499302864075,0.2926979660987854,True
qb_013083,policy_prescription,qb_013083__policy_prescription,0.6504671,0.5257379412651062,0.2092098444700241,True
qb_013083,economic,qb_013083__economic,0.71952,0.5747166872024536,0.1957463175058365,True
qb_004334,health_and_safety,qb_004334__health_and_safety,0.6734284,0.5461644530296326,0.14479321241378784,True
qb_004334,legality_constitutionality,qb_004334__legality_constitutionality,0.6783107,0.533905029296875,0.21366295218467712,True
qb_004334,capacity_and_resources,qb_004334__capacity_and_resources,0.67850566,0.5014158487319946,0.17627155780792236,True
qb_004334,political,qb_004334__political,0.7017839,0.4982530176639557,0.29120904207229614,True
qb_004336,economic,qb_004336__economic,0.70704335,0.5727359652519226,0.13552959263324738,True
qb_004336,quality_of_life,qb_004336__quality_of_life,0.76159316,0.4375344514846802,0.17091450095176697,True
qb_004336,political,qb_004336__political,0.60508853,0.6091398000717163,0.17106905579566956,True
qb_004336,policy_prescription,qb_004336__policy_prescription,0.5835804,0.6144442558288574,0.17996279895305634,True
qb_004336,public_sentiment,qb_004336__public_sentiment,0.8119767,0.5381178855895996,0.13366396725177765,True
qb_011836,political,qb_011836__political,0.9304654,0.6825321912765503,0.23120442032814026,True
qb_011836,capacity_and_resources,qb_011836__capacity_and_resources,0.72213614,0.7982579469680786,0.23470625281333923,True
qb_006904,legality_constitutionality,qb_006904__legality_constitutionality,0.6532814,0.694226861000061,0.1784476786851883,True
qb_006904,political,qb_006904__political,0.80245423,0.4857128858566284,0.2750093340873718,True
qb_006904,crime_and_punishment,qb_006904__crime_and_punishment,0.79329294,0.5802837014198303,0.2107742726802826,True
qb_016434,legality_constitutionality,qb_016434__legality_constitutionality,0.72579956,0.5925325155258179,0.15465620160102844,True
qb_016434,health_and_safety,qb_016434__health_and_safety,0.75432545,0.6916972398757935,0.1428268998861313,True
qb_016434,capacity_and_resources,qb_016434__capacity_and_resources,0.7160982,0.5972377061843872,0.17360219359397888,True
qb_016434,political,qb_016434__political,0.7973555,0.5509910583496094,0.18703095614910126,True
qb_016434,policy_prescription,qb_016434__policy_prescription,0.7053293,0.670383632183075,0.2864660322666168,True
qb_016434,public_sentiment,qb_016434__public_sentiment,0.7293079,0.5996546745300293,0.2590036392211914,True
qb_020995,political,qb_020995__political,0.7553387,0.6633191108703613,0.2006756067276001,True
qb_020995,health_and_safety,qb_020995__health_and_safety,0.7211809,0.47646987438201904,0.1363244503736496,True
qb_020995,economic,qb_020995__economic,0.65204906,0.6184909343719482,0.18327704071998596,True
qb_020995,capacity_and_resources,qb_020995__capacity_and_resources,0.7877158,0.6248484253883362,0.1901019960641861,True
qb_020995,policy_prescription,qb_020995__policy_prescription,0.5919238,0.6792150735855103,0.17638243734836578,True
qb_006562,political,qb_006562__political,0.61588645,0.35994938015937805,0.24189548194408417,True
qb_006562,public_sentiment,qb_006562__public_sentiment,0.7926179,0.5865738987922668,0.261209100484848,True
qb_006562,security_and_defense,qb_006562__security_and_defense,0.6269877,0.5799483060836792,0.22531020641326904,True
qb_006562,crime_and_punishment,qb_006562__crime_and_punishment,0.63295436,0.502704918384552,0.2757594585418701,True
qb_006562,morality,qb_006562__morality,0.65483356,0.4805248975753784,0.23842354118824005,True
qb_020238,health_and_safety,qb_020238__health_and_safety,0.55388635,0.4780770540237427,0.2008381336927414,True
qb_020238,capacity_and_resources,qb_020238__capacity_and_resources,0.7167457,0.4781857132911682,0.20055504143238068,True
qb_020238,public_sentiment,qb_020238__public_sentiment,0.89297605,0.5573791265487671,0.25042206048965454,True
qb_015506,political,qb_015506__political,0.716126,0.45532798767089844,0.26101452112197876,True
qb_015506,public_sentiment,qb_015506__public_sentiment,0.6375883,0.48002517223358154,0.2455143928527832,True
qb_015506,economic,qb_015506__economic,0.6773935,0.3963301181793213,0.18055769801139832,True
qb_012587,legality_constitutionality,qb_012587__legality_constitutionality,0.611611,0.441744863986969,0.1963546723127365,True
qb_012587,political,qb_012587__political,0.70181537,0.46911266446113586,0.18786750733852386,True
qb_012587,policy_prescription,qb_012587__policy_prescription,0.78402257,0.493513822555542,0.22408977150917053,True
qb_012587,public_sentiment,qb_012587__public_sentiment,0.71953017,0.452251672744751,0.2114294022321701,True
qb_012587,fairness_and_equality,qb_012587__fairness_and_equality,0.64459205,0.4987207353115082,0.2201652228832245,True
qb_008348,political,qb_008348__political,0.6200856,0.36017629504203796,0.1628045290708542,True
qb_008348,economic,qb_008348__economic,0.55892015,0.5053825378417969,0.1864182949066162,True
qb_005116,political,qb_005116__political,0.62005174,0.5872376561164856,0.2694830298423767,True
qb_005116,cultural_identity,qb_005116__cultural_identity,0.87316847,0.5855687856674194,0.2003539353609085,True
qb_005116,public_sentiment,qb_005116__public_sentiment,0.7130397,0.6825039386749268,0.1999085247516632,True
qb_021425,legality_constitutionality,qb_021425__legality_constitutionality,0.75382704,0.7542350888252258,0.15698838233947754,True
qb_021425,political,qb_021425__political,0.7091445,0.6355377435684204,0.24641475081443787,True
qb_021425,crime_and_punishment,qb_021425__crime_and_punishment,0.7446917,0.7028216123580933,0.17578010261058807,True
qb_016625,cultural_identity,qb_016625__cultural_identity,0.81277514,0.6760601997375488,0.19667750597000122,True
qb_016625,fairness_and_equality,qb_016625__fairness_and_equality,0.9026624,0.6141507029533386,0.15504390001296997,True
qb_016625,political,qb_016625__political,0.8259333,0.6384868025779724,0.19958920776844025,True
qb_019547,public_sentiment,qb_019547__public_sentiment,0.6274689,0.463889479637146,0.17551389336585999,True
qb_019547,morality,qb_019547__morality,0.719412,0.36789605021476746,0.1971270740032196,True
qb_001031,political,qb_001031__political,0.74089825,0.5287848711013794,0.18600216507911682,True
qb_001031,policy_prescription,qb_001031__policy_prescription,0.714501,0.4786190986633301,0.18311473727226257,True
qb_015567,health_and_safety,qb_015567__health_and_safety,0.70954645,0.6102949976921082,0.2261371910572052,True
qb_015567,capacity_and_resources,qb_015567__capacity_and_resources,0.8010565,0.5765377283096313,0.17739470303058624,True
qb_015567,public_sentiment,qb_015567__public_sentiment,0.58805716,0.5403717160224915,0.23394107818603516,True
qb_015567,political,qb_015567__political,0.6603582,0.5888397693634033,0.22166991233825684,True
qb_015567,economic,qb_015567__economic,0.68683195,0.4845435619354248,0.17966750264167786,True
qb_015567,policy_prescription,qb_015567__policy_prescription,0.56421256,0.5636621713638306,0.15890340507030487,True
qb_015056,legality_constitutionality,qb_015056__legality_constitutionality,0.7067883,0.7308685183525085,0.16522452235221863,True
qb_015056,political,qb_015056__political,0.7240425,0.6159716844558716,0.23690609633922577,True
qb_015056,crime_and_punishment,qb_015056__crime_and_punishment,0.7591881,0.6509145498275757,0.2198062390089035,True
qb_018222,health_and_safety,qb_018222__health_and_safety,0.655752,0.6788145303726196,0.20288749039173126,True
qb_018222,policy_prescription,qb_018222__policy_prescription,0.65227675,0.7369730472564697,0.1528986245393753,True
qb_013463,security_and_defense,qb_013463__security_and_defense,0.69063056,0.6865357160568237,0.18326719105243683,True
qb_013463,capacity_and_resources,qb_013463__capacity_and_resources,0.7939981,0.7025474309921265,0.20189914107322693,True
qb_013463,morality,qb_013463__morality,0.88030505,0.5761997103691101,0.16424384713172913,True
qb_006160,political,qb_006160__political,0.61129594,0.4626108407974243,0.21103978157043457,True
qb_006160,public_sentiment,qb_006160__public_sentiment,0.70525,0.5036840438842773,0.18615460395812988,True
qb_014211,health_and_safety,qb_014211__health_and_safety,0.658684,0.5000129342079163,0.13818952441215515,True
qb_014211,other,qb_014211__other,0.71416414,0.5643033981323242,0.14492225646972656,True
qb_015046,political,qb_015046__political,0.87253237,0.4984019100666046,0.2634521424770355,True
qb_015046,policy_prescription,qb_015046__policy_prescription,0.62544537,0.5946298837661743,0.2409496307373047,True
qb_015046,health_and_safety,qb_015046__health_and_safety,0.7068739,0.6864351034164429,0.24754098057746887,True
qb_010073,health_and_safety,qb_010073__health_and_safety,0.62348807,0.5323321223258972,0.22132845222949982,True
qb_010073,political,qb_010073__political,0.7448976,0.5225319266319275,0.22941851615905762,True
qb_010073,policy_prescription,qb_010073__policy_prescription,0.6942072,0.5147042870521545,0.276671826839447,True
qb_010073,capacity_and_resources,qb_010073__capacity_and_resources,0.7209377,0.4754103720188141,0.2515935003757477,True
qb_003988,security_and_defense,qb_003988__security_and_defense,0.69434464,0.48890218138694763,0.22764980792999268,True
qb_003988,health_and_safety,qb_003988__health_and_safety,0.6265198,0.2469826340675354,0.17460745573043823,True
qb_003988,public_sentiment,qb_003988__public_sentiment,0.862954,0.43330854177474976,0.24633438885211945,True
qb_018729,economic,qb_018729__economic,0.582446,0.5917280912399292,0.15118013322353363,True
qb_018729,quality_of_life,qb_018729__quality_of_life,0.702612,0.6777549982070923,0.13671480119228363,True
qb_006108,cultural_identity,qb_006108__cultural_identity,0.8464439,0.6999785900115967,0.21576277911663055,True
qb_006108,public_sentiment,qb_006108__public_sentiment,0.8403883,0.712520956993103,0.16572335362434387,True
qb_006108,political,qb_006108__political,0.88680565,0.7429156303405762,0.2627961337566376,True
qb_006108,morality,qb_006108__morality,0.8819624,0.6900525093078613,0.22860440611839294,True
qb_006108,economic,qb_006108__economic,0.7518232,0.6854910850524902,0.1399834156036377,True
qb_015837,health_and_safety,qb_015837__health_and_safety,0.7563242,0.5963637828826904,0.21232540905475616,True
qb_015837,policy_prescription,qb_015837__policy_prescription,0.7510805,0.5229893922805786,0.12224489450454712,True
qb_015837,external_regulation,qb_015837__external_regulation,0.7126973,0.6004066467285156,0.14538106322288513,True
qb_015837,economic,qb_015837__economic,0.7927028,0.4075946807861328,0.17464125156402588,True
qb_007177,security_and_defense,qb_007177__security_and_defense,0.78930676,0.5368562936782837,0.22356697916984558,True
qb_007177,policy_prescription,qb_007177__policy_prescription,0.7903326,0.5611878037452698,0.23130330443382263,True
qb_007177,legality_constitutionality,qb_007177__legality_constitutionality,0.7371119,0.27999845147132874,0.18369099497795105,True
qb_010762,legality_constitutionality,qb_010762__legality_constitutionality,0.743703,0.6440997123718262,0.18698492646217346,True
qb_010762,political,qb_010762__political,0.6807019,0.6721178889274597,0.19637265801429749,True
qb_010762,fairness_and_equality,qb_010762__fairness_and_equality,0.6731084,0.5356826186180115,0.15375232696533203,True
qb_010762,policy_prescription,qb_010762__policy_prescription,0.7377151,0.7476442456245422,0.20983020961284637,True
qb_019963,legality_constitutionality,qb_019963__legality_constitutionality,0.858511,,0.19205960631370544,False
qb_000332,public_sentiment,qb_000332__public_sentiment,0.78275985,0.6816463470458984,0.2462141513824463,True
qb_000332,political,qb_000332__political,0.7481891,0.5663619041442871,0.22231701016426086,True
qb_000332,policy_prescription,qb_000332__policy_prescription,0.7809791,0.6637420654296875,0.21677735447883606,True
qb_000332,health_and_safety,qb_000332__health_and_safety,0.5002773,0.47438907623291016,0.1824270337820053,True
qb_016603,political,qb_016603__political,0.68012446,0.661592423915863,0.2699458599090576,True
qb_016603,legality_constitutionality,qb_016603__legality_constitutionality,0.73526853,0.6805381774902344,0.16947799921035767,True
qb_016603,policy_prescription,qb_016603__policy_prescription,0.8379929,0.6736540794372559,0.201727956533432,True
qb_016603,morality,qb_016603__morality,0.88569045,0.6876988410949707,0.21499614417552948,True
qb_016603,public_sentiment,qb_016603__public_sentiment,0.74502075,0.5504380464553833,0.24652059376239777,True
qb_016603,cultural_identity,qb_016603__cultural_identity,0.68820286,0.5564876198768616,0.22297044098377228,True
qb_014345,political,qb_014345__political,0.71112895,0.6863744854927063,0.18232208490371704,True
qb_014345,public_sentiment,qb_014345__public_sentiment,0.72419167,0.6352320909500122,0.22839215397834778,True
qb_014345,morality,qb_014345__morality,0.72855306,0.679830014705658,0.21891017258167267,True
qb_014345,economic,qb_014345__economic,0.7913544,0.6731449961662292,0.2143758237361908,True
qb_003084,public_sentiment,qb_003084__public_sentiment,0.869583,0.7803245782852173,0.1687738001346588,True
qb_003084,crime_and_punishment,qb_003084__crime_and_punishment,0.7254224,0.7161272764205933,0.19330929219722748,True
qb_003084,cultural_identity,qb_003084__cultural_identity,0.8525647,0.7588441371917725,0.20032329857349396,True
qb_006333,political,qb_006333__political,0.73288655,0.5393620729446411,0.18577787280082703,True
qb_006333,policy_prescription,qb_006333__policy_prescription,0.6708291,0.5354682207107544,0.1981547623872757,True
qb_006333,economic,qb_006333__economic,0.7357109,0.43490302562713623,0.1427834928035736,True
qb_006333,health_and_safety,qb_006333__health_and_safety,0.64654946,0.5543354153633118,0.22169490158557892,True
qb_006333,capacity_and_resources,qb_006333__capacity_and_resources,0.65843236,0.5708475708961487,0.15022167563438416,True
qb_006578,political,qb_006578__political,0.8232009,0.7063504457473755,0.18908056616783142,True
qb_006578,fairness_and_equality,qb_006578__fairness_and_equality,0.8524564,0.7255707383155823,0.18839304149150848,True
qb_010112,external_regulation,qb_010112__external_regulation,0.67378646,0.632780134677887,0.22261464595794678,True
qb_010112,political,qb_010112__political,0.7258134,0.5452710390090942,0.27639061212539673,True
qb_010112,policy_prescription,qb_010112__policy_prescription,0.7689633,0.6221720576286316,0.16236230731010437,True
qb_010112,health_and_safety,qb_010112__health_and_safety,0.764621,0.6128489971160889,0.20692868530750275,True
qb_010112,security_and_defense,qb_010112__security_and_defense,0.758885,0.5731157064437866,0.1898352950811386,True
qb_020378,political,qb_020378__political,0.5147501,0.5754448771476746,0.22002604603767395,True
qb_020378,policy_prescription,qb_020378__policy_prescription,0.6889469,0.6994636058807373,0.27010732889175415,True
qb_020378,capacity_and_resources,qb_020378__capacity_and_resources,0.8607568,0.4162052869796753,0.2051115483045578,True
qb_020056,political,qb_020056__political,0.7049364,0.40166836977005005,0.23509657382965088,True
qb_020056,legality_constitutionality,qb_020056__legality_constitutionality,0.6671446,0.5131794810295105,0.15341733396053314,True
qb_020056,public_sentiment,qb_020056__public_sentiment,0.6546847,0.36538824439048767,0.18962465226650238,True
qb_001035,legality_constitutionality,qb_001035__legality_constitutionality,0.78226614,0.647045373916626,0.20431140065193176,True
qb_001035,health_and_safety,qb_001035__health_and_safety,0.6787205,0.7131905555725098,0.1809118688106537,True
qb_001035,crime_and_punishment,qb_001035__crime_and_punishment,0.7728396,0.6743913292884827,0.23505039513111115,True
qb_001035,political,qb_001035__political,0.80496675,0.5464493036270142,0.20391762256622314,True
qb_001035,fairness_and_equality,qb_001035__fairness_and_equality,0.74837965,0.6559551358222961,0.19897551834583282,True
qb_013997,political,qb_013997__political,0.8959572,0.8032000064849854,0.22890226542949677,True
qb_013997,policy_prescription,qb_013997__policy_prescription,0.7966548,0.7576822638511658,0.22115588188171387,True
qb_013997,health_and_safety,qb_013997__health_and_safety,0.8379491,0.7708292007446289,0.1662977635860443,True
qb_013997,public_sentiment,qb_013997__public_sentiment,0.7414633,0.6486316323280334,0.16474084556102753,True
qb_019554,security_and_defense,qb_019554__security_and_defense,0.5366298,0.6374359130859375,0.241154283285141,True
qb_019554,crime_and_punishment,qb_019554__crime_and_punishment,0.71295136,0.5456198453903198,0.21385672688484192,True
qb_004765,political,qb_004765__political,0.6409869,0.5952640771865845,0.21333834528923035,True
qb_004765,external_regulation,qb_004765__external_regulation,0.6595522,0.4889369010925293,0.23132047057151794,True
qb_004765,public_sentiment,qb_004765__public_sentiment,0.778571,0.5833718180656433,0.19560697674751282,True
qb_005316,health_and_safety,qb_005316__health_and_safety,0.7391571,0.5776635408401489,0.17594240605831146,True
qb_005316,quality_of_life,qb_005316__quality_of_life,0.7136109,0.6578928232192993,0.1814376711845398,True
qb_005316,political,qb_005316__political,0.68951225,0.4661098122596741,0.32187405228614807,True
qb_000233,political,qb_000233__political,0.8047991,0.6070647835731506,0.2229272872209549,True
qb_000233,legality_constitutionality,qb_000233__legality_constitutionality,0.691922,0.7672815322875977,0.17331203818321228,True
qb_000233,economic,qb_000233__economic,0.8910935,0.6757857203483582,0.21701888740062714,True
qb_000233,public_sentiment,qb_000233__public_sentiment,0.7837471,0.7514331340789795,0.18695862591266632,True
qb_016481,economic,qb_016481__economic,0.52342653,0.44010865688323975,0.14450785517692566,True
qb_016481,policy_prescription,qb_016481__policy_prescription,0.86124796,0.46019601821899414,0.17270641028881073,True
qb_016481,political,qb_016481__political,0.68183845,0.5421184301376343,0.19467970728874207,True
qb_012518,crime_and_punishment,qb_012518__crime_and_punishment,0.6981423,0.5957090854644775,0.1696411371231079,True
qb_012518,security_and_defense,qb_012518__security_and_defense,0.74234116,0.5289596915245056,0.20810814201831818,True
qb_012518,capacity_and_resources,qb_012518__capacity_and_resources,0.765067,0.4563298225402832,0.14373497664928436,True
qb_008817,legality_constitutionality,qb_008817__legality_constitutionality,0.6359624,0.5850505828857422,0.2614165246486664,True
qb_008817,crime_and_punishment,qb_008817__crime_and_punishment,0.62302035,0.6702924370765686,0.20144633948802948,True
qb_008817,public_sentiment,qb_008817__public_sentiment,0.64857936,0.4640639126300812,0.18560978770256042,True
qb_008817,capacity_and_resources,qb_008817__capacity_and_resources,0.8798611,0.5259512066841125,0.20769068598747253,True
qb_008817,morality,qb_008817__morality,0.7519157,0.637175977230072,0.16405019164085388,True
qb_021011,political,qb_021011__political,0.65653974,0.6820358633995056,0.24568788707256317,True
qb_021011,public_sentiment,qb_021011__public_sentiment,0.78006214,0.609337329864502,0.2073911726474762,True
qb_014680,economic,qb_014680__economic,0.64324677,0.44193026423454285,0.13444563746452332,True
qb_014680,health_and_safety,qb_014680__health_and_safety,0.6755636,0.44640854001045227,0.1902831792831421,True
qb_014680,public_sentiment,qb_014680__public_sentiment,0.76590097,0.4539882242679596,0.23103466629981995,True
qb_009954,political,qb_009954__political,0.80863905,0.5182319283485413,0.18994557857513428,True
qb_009954,public_sentiment,qb_009954__public_sentiment,0.6252893,0.5424074530601501,0.20169880986213684,True
qb_016933,public_sentiment,qb_016933__public_sentiment,0.70966125,0.5959516167640686,0.24797184765338898,True
qb_016933,political,qb_016933__political,0.6641593,0.6144464015960693,0.31279176473617554,True
qb_014753,political,qb_014753__political,0.69417334,0.5377334356307983,0.18273818492889404,True
qb_014753,legality_constitutionality,qb_014753__legality_constitutionality,0.6311747,0.5078151226043701,0.260803759098053,True
qb_012025,public_sentiment,qb_012025__public_sentiment,0.7615565,0.6423124074935913,0.1877851039171219,True
qb_012025,fairness_and_equality,qb_012025__fairness_and_equality,0.79384685,0.618183970451355,0.15322227776050568,True
qb_012025,morality,qb_012025__morality,0.818745,0.6777108907699585,0.1260753870010376,True
qb_012025,policy_prescription,qb_012025__policy_prescription,0.66734666,0.6837486028671265,0.15556961297988892,True
qb_012025,legality_constitutionality,qb_012025__legality_constitutionality,0.6949551,0.6606712341308594,0.16477695107460022,True
qb_012025,cultural_identity,qb_012025__cultural_identity,0.87319946,0.626067042350769,0.18481722474098206,True
qb_005409,health_and_safety,qb_005409__health_and_safety,0.784711,0.7428016662597656,0.15368019044399261,True
qb_005409,policy_prescription,qb_005409__policy_prescription,0.77268624,0.711082935333252,0.21533635258674622,True
qb_018463,political,qb_018463__political,0.75858074,0.6132699251174927,0.2428017407655716,True
qb_018463,legality_constitutionality,qb_018463__legality_constitutionality,0.66518104,0.6157014966011047,0.22243539988994598,True
qb_018463,public_sentiment,qb_018463__public_sentiment,0.8246653,0.6088442206382751,0.1737505942583084,True
qb_018463,morality,qb_018463__morality,0.7255971,0.6348652839660645,0.2100708782672882,True
qb_005655,health_and_safety,qb_005655__health_and_safety,0.70110846,0.6675678491592407,0.22971609234809875,True
qb_005655,capacity_and_resources,qb_005655__capacity_and_resources,0.74163693,0.7161262631416321,0.19208747148513794,True
qb_005655,policy_prescription,qb_005655__policy_prescription,0.7086736,0.6656249761581421,0.18123701214790344,True
qb_019592,legality_constitutionality,qb_019592__legality_constitutionality,0.7190764,0.5065786838531494,0.22462406754493713,True
qb_019592,policy_prescription,qb_019592__policy_prescription,0.76004493,0.42580389976501465,0.22430267930030823,True
qb_019592,political,qb_019592__political,0.6137576,0.5849617123603821,0.20512863993644714,True
qb_015602,morality,qb_015602__morality,0.7370323,0.705552339553833,0.15884825587272644,True
qb_015602,cultural_identity,qb_015602__cultural_identity,0.5235865,0.5716664791107178,0.19404169917106628,True
qb_015602,public_sentiment,qb_015602__public_sentiment,0.87415254,0.5998627543449402,0.17597541213035583,True
qb_015602,economic,qb_015602__economic,0.7802448,0.591788113117218,0.13421428203582764,True
qb_019916,security_and_defense,qb_019916__security_and_defense,0.71466076,0.6386373043060303,0.19936689734458923,True
qb_019916,capacity_and_resources,qb_019916__capacity_and_resources,0.6645208,0.5997036099433899,0.2188357412815094,True
qb_019916,external_regulation,qb_019916__external_regulation,0.74492157,0.6674321293830872,0.1657150685787201,True
qb_019916,cultural_identity,qb_019916__cultural_identity,0.84646773,0.561520516872406,0.19146010279655457,True
qb_019496,political,qb_019496__political,0.7121058,0.13797585666179657,0.20414185523986816,True
qb_019496,legality_constitutionality,qb_019496__legality_constitutionality,0.67301154,0.15200011432170868,0.20553147792816162,True
qb_019496,security_and_defense,qb_019496__security_and_defense,0.64998055,0.18444478511810303,0.19778038561344147,True
qb_019496,external_regulation,qb_019496__external_regulation,0.67942166,0.3581264019012451,0.20466724038124084,True
qb_019496,economic,qb_019496__economic,0.6136024,0.19479528069496155,0.23028330504894257,True
qb_005749,political,qb_005749__political,0.56163496,0.6622647643089294,0.23804399371147156,True
qb_005749,morality,qb_005749__morality,0.7525945,0.45587435364723206,0.20982196927070618,True
qb_005749,public_sentiment,qb_005749__public_sentiment,0.68404615,0.5846051573753357,0.2205236405134201,True
qb_005749,legality_constitutionality,qb_005749__legality_constitutionality,0.61542344,0.4732024669647217,0.24617581069469452,True
qb_006049,security_and_defense,qb_006049__security_and_defense,0.8152028,0.49347561597824097,0.1824638396501541,True
qb_006049,external_regulation,qb_006049__external_regulation,0.59961265,0.45973145961761475,0.21617548167705536,True
qb_006049,political,qb_006049__political,0.85571456,0.43658775091171265,0.17155583202838898,True
qb_004230,security_and_defense,qb_004230__security_and_defense,0.7349186,0.7141165733337402,0.1715003401041031,True
qb_004230,external_regulation,qb_004230__external_regulation,0.69752276,0.5403686761856079,0.21225997805595398,True
qb_004230,capacity_and_resources,qb_004230__capacity_and_resources,0.79795593,0.6328749060630798,0.23120947182178497,True
qb_004230,policy_prescription,qb_004230__policy_prescription,0.7555858,0.5742618441581726,0.19898450374603271,True
qb_010927,health_and_safety,qb_010927__health_and_safety,0.67708355,0.6826810240745544,0.22817473113536835,True
qb_010927,policy_prescription,qb_010927__policy_prescription,0.6854991,0.5436095595359802,0.2250342071056366,True
qb_010927,morality,qb_010927__morality,0.6536397,0.560817539691925,0.17251980304718018,True
qb_010927,legality_constitutionality,qb_010927__legality_constitutionality,0.70988685,0.5908932089805603,0.199819415807724,True
qb_014555,political,qb_014555__political,0.7913482,0.5579495429992676,0.29348793625831604,True
qb_014555,policy_prescription,qb_014555__policy_prescription,0.7164765,0.42290446162223816,0.27466458082199097,True
qb_014555,public_sentiment,qb_014555__public_sentiment,0.6947354,0.35666510462760925,0.2195754498243332,True
qb_014555,legality_constitutionality,qb_014555__legality_constitutionality,0.6253564,0.3232572674751282,0.16561158001422882,True
qb_000527,political,qb_000527__political,0.861254,0.7275064587593079,0.15186208486557007,True
qb_000527,cultural_identity,qb_000527__cultural_identity,0.69430053,0.70824134349823,0.17676809430122375,True
qb_000527,fairness_and_equality,qb_000527__fairness_and_equality,0.821342,0.7167813777923584,0.16354508697986603,True
qb_018775,economic,qb_018775__economic,0.65868956,0.6660568714141846,0.14987345039844513,True
qb_018775,policy_prescription,qb_018775__policy_prescription,0.6141784,0.5219787359237671,0.1898120939731598,True
qb_018775,political,qb_018775__political,0.80119467,0.5253632068634033,0.19852176308631897,True
qb_018775,fairness_and_equality,qb_018775__fairness_and_equality,0.72669095,0.60285484790802,0.19264213740825653,True
qb_018775,health_and_safety,qb_018775__health_and_safety,0.784762,0.5632192492485046,0.21295630931854248,True
qb_003070,legality_constitutionality,qb_003070__legality_constitutionality,0.75426316,0.5691391229629517,0.21156151592731476,True
qb_003070,policy_prescription,qb_003070__policy_prescription,0.81868184,0.6020849943161011,0.27028414607048035,True
qb_003070,crime_and_punishment,qb_003070__crime_and_punishment,0.6370225,0.6730689406394958,0.18135735392570496,True
qb_003070,health_and_safety,qb_003070__health_and_safety,0.7861607,0.5919919610023499,0.15487000346183777,True
qb_003070,fairness_and_equality,qb_003070__fairness_and_equality,0.7754983,0.6131421327590942,0.16162492334842682,True
qb_003070,political,qb_003070__political,0.80589604,0.5157684683799744,0.19582590460777283,True
qb_013094,legality_constitutionality,qb_013094__legality_constitutionality,0.66607004,0.5288640856742859,0.23040172457695007,True
qb_013094,crime_and_punishment,qb_013094__crime_and_punishment,0.63721466,0.5152366757392883,0.19744424521923065,True
qb_013094,public_sentiment,qb_013094__public_sentiment,0.8035873,0.5276522040367126,0.2651233673095703,True
qb_013094,capacity_and_resources,qb_013094__capacity_and_resources,0.6960051,0.5354442000389099,0.2304178923368454,True
qb_004167,political,qb_004167__political,0.695261,0.6534140110015869,0.25060421228408813,True
qb_004167,public_sentiment,qb_004167__public_sentiment,0.8399003,0.5094651579856873,0.24698543548583984,True
qb_009778,political,qb_009778__political,0.77074945,0.6806046962738037,0.19632408022880554,True
qb_009778,public_sentiment,qb_009778__public_sentiment,0.8056615,0.578380823135376,0.16963890194892883,True
qb_009778,cultural_identity,qb_009778__cultural_identity,0.88159883,0.601630687713623,0.14504018425941467,True
qb_000618,health_and_safety,qb_000618__health_and_safety,0.64036983,0.4905674457550049,0.15811514854431152,True
qb_000618,policy_prescription,qb_000618__policy_prescription,0.5843565,0.5514354705810547,0.20108802616596222,True
qb_000618,quality_of_life,qb_000618__quality_of_life,0.700905,0.5107843279838562,0.10617722570896149,True
qb_000618,capacity_and_resources,qb_000618__capacity_and_resources,0.5179092,0.4692327678203583,0.2538273334503174,True
qb_015793,cultural_identity,qb_015793__cultural_identity,0.59286255,0.5011656284332275,0.22235095500946045,True
qb_015793,public_sentiment,qb_015793__public_sentiment,0.67283374,0.5206612348556519,0.1507469266653061,True
qb_015793,political,qb_015793__political,0.70177263,0.5400642156600952,0.1480032205581665,True
qb_015793,fairness_and_equality,qb_015793__fairness_and_equality,0.6901069,0.5000677108764648,0.16018706560134888,True
qb_015793,morality,qb_015793__morality,0.72370946,0.5366507768630981,0.18580110371112823,True
qb_006068,external_regulation,qb_006068__external_regulation,0.73106563,0.5875422954559326,0.17863106727600098,True
qb_006068,security_and_defense,qb_006068__security_and_defense,0.7534932,0.4482964277267456,0.19000652432441711,True
qb_006068,political,qb_006068__political,0.58375067,0.6120479702949524,0.18908892571926117,True
qb_006068,morality,qb_006068__morality,0.80328345,0.528780996799469,0.1875108927488327,True
qb_006068,health_and_safety,qb_006068__health_and_safety,0.7375063,0.5490878820419312,0.1532646119594574,True
qb_018853,political,qb_018853__political,0.6028268,0.5189835429191589,0.2646337151527405,True
qb_018853,public_sentiment,qb_018853__public_sentiment,0.6611647,0.658489465713501,0.16342005133628845,True
qb_013242,political,qb_013242__political,0.5596506,0.29874399304389954,0.13189323246479034,True
qb_013242,capacity_and_resources,qb_013242__capacity_and_resources,0.82138807,0.324995756149292,0.14905597269535065,True
qb_013242,public_sentiment,qb_013242__public_sentiment,0.5900862,0.5242727994918823,0.2249685823917389,True
qb_013242,fairness_and_equality,qb_013242__fairness_and_equality,0.8310821,0.35349348187446594,0.15996858477592468,True
qb_012168,political,qb_012168__political,0.7507201,0.6383615732192993,0.18225352466106415,True
qb_012168,health_and_safety,qb_012168__health_and_safety,0.68174106,0.5487414598464966,0.20508725941181183,True
qb_012168,policy_prescription,qb_012168__policy_prescription,0.72339654,0.3728428781032562,0.14159418642520905,True
qb_012168,security_and_defense,qb_012168__security_and_defense,0.661473,0.3960553705692291,0.21654923260211945,True
qb_012168,public_sentiment,qb_012168__public_sentiment,0.744832,0.6476916074752808,0.19314712285995483,True
qb_012715,security_and_defense,qb_012715__security_and_defense,0.5931349,0.5316697955131531,0.18344958126544952,True
qb_012715,external_regulation,qb_012715__external_regulation,0.586682,0.5639093518257141,0.18371328711509705,True
qb_012715,economic,qb_012715__economic,0.6062012,0.40146517753601074,0.1771087348461151,True
qb_012715,policy_prescription,qb_012715__policy_prescription,0.5649958,0.5381798148155212,0.20165212452411652,True
qb_003839,health_and_safety,qb_003839__health_and_safety,0.74790275,0.5603445768356323,0.15045878291130066,True
qb_003839,political,qb_003839__political,0.76098025,0.5263806581497192,0.14381229877471924,True
qb_003839,policy_prescription,qb_003839__policy_prescription,0.8324964,0.5231967568397522,0.12128649652004242,True
qb_003839,external_regulation,qb_003839__external_regulation,0.72338915,0.4312690794467926,0.17861931025981903,True
qb_003839,capacity_and_resources,qb_003839__capacity_and_resources,0.8340478,0.5138251781463623,0.1272149235010147,True
qb_003839,fairness_and_equality,qb_003839__fairness_and_equality,0.70255005,0.4860178530216217,0.175884410738945,True
qb_003839,security_and_defense,qb_003839__security_and_defense,0.7609408,0.5536231994628906,0.19319401681423187,True
qb_003839,crime_and_punishment,qb_003839__crime_and_punishment,0.53186136,0.3473631739616394,0.2313365936279297,True
qb_014049,legality_constitutionality,qb_014049__legality_constitutionality,0.7437577,0.6080496311187744,0.19632002711296082,True
qb_014049,political,qb_014049__political,0.6527634,0.5506846904754639,0.18367412686347961,True
qb_014049,public_sentiment,qb_014049__public_sentiment,0.7572072,0.6595718860626221,0.30913546681404114,True
qb_003499,external_regulation,qb_003499__external_regulation,0.66065097,0.6362009644508362,0.17733873426914215,True
qb_003499,capacity_and_resources,qb_003499__capacity_and_resources,0.6784002,0.5619155764579773,0.183375284075737,True
qb_003499,health_and_safety,qb_003499__health_and_safety,0.7411827,0.4859825670719147,0.1320715695619583,True
qb_003499,political,qb_003499__political,0.7869421,0.5766718983650208,0.20031313598155975,True
qb_010793,political,qb_010793__political,0.72620213,0.7313936948776245,0.25622841715812683,True
qb_010793,public_sentiment,qb_010793__public_sentiment,0.78833055,0.6352378726005554,0.24610643088817596,True
qb_012440,legality_constitutionality,qb_012440__legality_constitutionality,0.7654493,0.6796295046806335,0.205595463514328,True
qb_012440,policy_prescription,qb_012440__policy_prescription,0.7136436,0.6386187076568604,0.164376363158226,True
qb_012440,political,qb_012440__political,0.7882875,0.6603201031684875,0.27567869424819946,True
qb_012440,health_and_safety,qb_012440__health_and_safety,0.703392,0.6324579119682312,0.18211601674556732,True
qb_019776,political,qb_019776__political,0.7559885,0.6768214702606201,0.2651897370815277,True
qb_019776,public_sentiment,qb_019776__public_sentiment,0.7019591,0.6479723453521729,0.2573464512825012,True
qb_019776,crime_and_punishment,qb_019776__crime_and_punishment,0.67327595,0.5208910703659058,0.23386649787425995,True
qb_019776,policy_prescription,qb_019776__policy_prescription,0.72842145,0.4551296830177307,0.19758951663970947,True
qb_019776,cultural_identity,qb_019776__cultural_identity,0.6881289,0.6194489002227783,0.2169869840145111,True
qb_000780,external_regulation,qb_000780__external_regulation,0.64845556,0.6134471893310547,0.195769265294075,True
qb_000780,political,qb_000780__political,0.69538355,0.620445191860199,0.17778143286705017,True
qb_000780,policy_prescription,qb_000780__policy_prescription,0.638217,0.6195853352546692,0.3327992856502533,True
qb_000780,crime_and_punishment,qb_000780__crime_and_punishment,0.81690407,0.5947189927101135,0.18163655698299408,True
qb_000121,political,qb_000121__political,0.86242986,0.7804762721061707,0.23776745796203613,True
qb_000121,legality_constitutionality,qb_000121__legality_constitutionality,0.84972537,0.724220335483551,0.18652501702308655,True
qb_003648,security_and_defense,qb_003648__security_and_defense,0.7690048,0.5456942319869995,0.17993268370628357,True
qb_003648,external_regulation,qb_003648__external_regulation,0.57767653,0.5556604266166687,0.2171817272901535,True
qb_003648,policy_prescription,qb_003648__policy_prescription,0.73677975,0.5850156545639038,0.22217807173728943,True
qb_003648,political,qb_003648__political,0.55592823,0.5558661818504333,0.22090640664100647,True
qb_003648,public_sentiment,qb_003648__public_sentiment,0.772435,0.6130761504173279,0.21202883124351501,True
qb_005102,health_and_safety,qb_005102__health_and_safety,0.68179107,0.6325588226318359,0.2729237675666809,True
qb_005102,policy_prescription,qb_005102__policy_prescription,0.74171805,0.5730800628662109,0.2760755121707916,True
qb_005102,capacity_and_resources,qb_005102__capacity_and_resources,0.7150761,0.5109241008758545,0.20620548725128174,True
qb_005102,quality_of_life,qb_005102__quality_of_life,0.7451297,0.6343238353729248,0.1768915355205536,True
qb_005102,public_sentiment,qb_005102__public_sentiment,0.9002847,0.6043724417686462,0.263416051864624,True
qb_013504,political,qb_013504__political,0.82402074,0.4851939380168915,0.29896771907806396,True
qb_013504,security_and_defense,qb_013504__security_and_defense,0.6199653,0.5139380097389221,0.18611304461956024,True
qb_013504,legality_constitutionality,qb_013504__legality_constitutionality,0.69766617,0.41344138979911804,0.21077778935432434,True
qb_013504,external_regulation,qb_013504__external_regulation,0.68502736,0.5400195717811584,0.19284746050834656,True
qb_011054,security_and_defense,qb_011054__security_and_defense,0.65015423,0.6198763847351074,0.1738116443157196,True
qb_011054,external_regulation,qb_011054__external_regulation,0.714344,0.6517012715339661,0.17254140973091125,True
qb_011054,political,qb_011054__political,0.6177065,0.4976915121078491,0.3137054145336151,True
qb_011054,capacity_and_resources,qb_011054__capacity_and_resources,0.65147793,0.5763932466506958,0.21829526126384735,True
qb_011054,policy_prescription,qb_011054__policy_prescription,0.6082845,0.4322035610675812,0.19366037845611572,True
qb_019567,political,qb_019567__political,0.7139747,,0.257266640663147,False
qb_010589,legality_constitutionality,qb_010589__legality_constitutionality,0.7603244,0.5925477147102356,0.18592631816864014,True
qb_010589,fairness_and_equality,qb_010589__fairness_and_equality,0.5977997,0.5726203918457031,0.2232012301683426,True
qb_010589,policy_prescription,qb_010589__policy_prescription,0.68354696,0.6557530760765076,0.21915841102600098,True
qb_010589,cultural_identity,qb_010589__cultural_identity,0.67565536,0.619499683380127,0.1803431361913681,True
qb_009115,health_and_safety,qb_009115__health_and_safety,0.6714603,0.5812367796897888,0.15369221568107605,True
qb_009115,capacity_and_resources,qb_009115__capacity_and_resources,0.61315477,0.5436455011367798,0.18317866325378418,True
qb_009115,public_sentiment,qb_009115__public_sentiment,0.8154114,0.6334264278411865,0.18643611669540405,True
qb_015175,health_and_safety,qb_015175__health_and_safety,0.69390905,0.5694572329521179,0.16514721512794495,True
qb_015175,policy_prescription,qb_015175__policy_prescription,0.5643229,0.6218735575675964,0.19735324382781982,True
qb_015175,security_and_defense,qb_015175__security_and_defense,0.5467762,0.6269776225090027,0.12086330354213715,True
qb_015175,capacity_and_resources,qb_015175__capacity_and_resources,0.6304171,0.6188013553619385,0.15792913734912872,True
qb_012945,political,qb_012945__political,0.81437814,0.7049114108085632,0.24924644827842712,True
qb_012945,economic,qb_012945__economic,0.8068461,0.711263120174408,0.13889102637767792,True
qb_012945,legality_constitutionality,qb_012945__legality_constitutionality,0.6884712,0.6671903729438782,0.16918158531188965,True
qb_012945,public_sentiment,qb_012945__public_sentiment,0.7378847,0.5399656891822815,0.30867916345596313,True
qb_007857,policy_prescription,qb_007857__policy_prescription,0.71357495,0.5793628096580505,0.20935019850730896,True
qb_007857,security_and_defense,qb_007857__security_and_defense,0.83748925,0.672238290309906,0.18671701848506927,True
qb_007857,economic,qb_007857__economic,0.7709154,0.4690934121608734,0.17566631734371185,True
qb_007857,crime_and_punishment,qb_007857__crime_and_punishment,0.6461617,0.6024865508079529,0.243089959025383,True
qb_003173,health_and_safety,qb_003173__health_and_safety,0.610339,0.5817146897315979,0.19354483485221863,True
qb_003173,policy_prescription,qb_003173__policy_prescription,0.73740214,0.6160335540771484,0.24934454262256622,True
qb_021216,political,qb_021216__political,0.6371698,0.5740286111831665,0.22382493317127228,True
qb_021216,policy_prescription,qb_021216__policy_prescription,0.63944846,0.5308499336242676,0.22951741516590118,True
qb_021216,public_sentiment,qb_021216__public_sentiment,0.7981988,0.6129928827285767,0.24111008644104004,True
qb_004969,morality,qb_004969__morality,0.76961887,0.6059436202049255,0.16171889007091522,True
qb_004969,security_and_defense,qb_004969__security_and_defense,0.693195,0.6975798606872559,0.22909779846668243,True
qb_004969,political,qb_004969__political,0.62926483,0.5108864903450012,0.24047164618968964,True
qb_004969,external_regulation,qb_004969__external_regulation,0.828226,0.6193175315856934,0.23843395709991455,True
qb_004969,policy_prescription,qb_004969__policy_prescription,0.68521935,0.6659480333328247,0.19349896907806396,True
qb_004969,capacity_and_resources,qb_004969__capacity_and_resources,0.73099625,0.6790868639945984,0.1872391700744629,True
qb_015409,political,qb_015409__political,0.78702086,0.608310341835022,0.21212725341320038,True
qb_015409,capacity_and_resources,qb_015409__capacity_and_resources,0.81029284,0.7536348104476929,0.18298651278018951,True
qb_015409,public_sentiment,qb_015409__public_sentiment,0.77591974,0.6470276117324829,0.21028611063957214,True
qb_000503,political,qb_000503__political,0.853284,0.47386041283607483,0.22616465389728546,True
qb_000503,capacity_and_resources,qb_000503__capacity_and_resources,0.80621266,0.5713790059089661,0.16064143180847168,True
qb_000503,health_and_safety,qb_000503__health_and_safety,0.71098185,0.5687128305435181,0.18133045732975006,True
qb_000503,policy_prescription,qb_000503__policy_prescription,0.7729997,0.5984424352645874,0.20729374885559082,True
qb_000503,quality_of_life,qb_000503__quality_of_life,0.6831565,0.5672601461410522,0.16135643422603607,True
qb_000503,public_sentiment,qb_000503__public_sentiment,0.8307601,0.5332615971565247,0.23580913245677948,True
qb_019809,political,qb_019809__political,0.8584755,0.6946289539337158,0.1680832803249359,True
qb_019809,economic,qb_019809__economic,0.76835257,0.7363153696060181,0.17679183185100555,True
qb_019809,public_sentiment,qb_019809__public_sentiment,0.8418095,0.7248004674911499,0.1906561553478241,True
qb_010527,health_and_safety,qb_010527__health_and_safety,0.5637551,0.4418809115886688,0.16202683746814728,True
qb_010527,economic,qb_010527__economic,0.7463003,0.5146293044090271,0.14698873460292816,True
qb_010527,capacity_and_resources,qb_010527__capacity_and_resources,0.72799087,0.5421109199523926,0.20052215456962585,True
qb_010527,quality_of_life,qb_010527__quality_of_life,0.74640244,0.652937650680542,0.10733727365732193,True
qb_010527,morality,qb_010527__morality,0.7834873,0.5575820207595825,0.1355038434267044,True
qb_020359,political,qb_020359__political,0.6750963,0.48743048310279846,0.2494930475950241,True
qb_020359,external_regulation,qb_020359__external_regulation,0.6210526,0.5128376483917236,0.1898176074028015,True
qb_020359,public_sentiment,qb_020359__public_sentiment,0.7967607,0.36332646012306213,0.16517619788646698,True
qb_020359,morality,qb_020359__morality,0.74956214,0.5064235329627991,0.21532520651817322,True
qb_002440,legality_constitutionality,qb_002440__legality_constitutionality,0.674673,0.5249473452568054,0.1811542510986328,True
qb_002440,security_and_defense,qb_002440__security_and_defense,0.7762089,0.6212241649627686,0.16301552951335907,True
qb_002440,crime_and_punishment,qb_002440__crime_and_punishment,0.76829445,0.6134383082389832,0.23530837893486023,True
qb_002440,political,qb_002440__political,0.7752421,0.5488290786743164,0.16585347056388855,True
qb_009831,economic,qb_009831__economic,0.7538323,0.6110320091247559,0.23225624859333038,True
qb_009831,health_and_safety,qb_009831__health_and_safety,0.7689669,0.5667449831962585,0.2242792397737503,True
qb_016615,policy_prescription,qb_016615__policy_prescription,0.6599068,0.702714204788208,0.18286021053791046,True
qb_016615,political,qb_016615__political,0.7573502,0.5741841197013855,0.19119198620319366,True
qb_016615,economic,qb_016615__economic,0.68372744,0.5512394905090332,0.13657839596271515,True
qb_016615,legality_constitutionality,qb_016615__legality_constitutionality,0.67650163,0.5510815382003784,0.24643655121326447,True
qb_016615,public_sentiment,qb_016615__public_sentiment,0.8768631,0.5155124664306641,0.15733812749385834,True
qb_001947,public_sentiment,qb_001947__public_sentiment,0.7503649,0.5172909498214722,0.21059057116508484,True
qb_001947,health_and_safety,qb_001947__health_and_safety,0.542326,0.47763338685035706,0.20621836185455322,True
qb_001947,political,qb_001947__political,0.83320886,0.38015612959861755,0.23700234293937683,True
qb_001947,capacity_and_resources,qb_001947__capacity_and_resources,0.8641504,0.5023764967918396,0.1320493519306183,True
qb_005833,external_regulation,qb_005833__external_regulation,0.65142417,0.5450271964073181,0.18484945595264435,True
qb_005833,economic,qb_005833__economic,0.72877705,0.6226174831390381,0.17309127748012543,True
qb_005833,security_and_defense,qb_005833__security_and_defense,0.6618769,0.6278367638587952,0.20747971534729004,True
qb_005833,political,qb_005833__political,0.6771432,0.5150739550590515,0.19554200768470764,True
qb_015123,political,qb_015123__political,0.7854359,0.5906829237937927,0.2403917759656906,True
qb_015123,policy_prescription,qb_015123__policy_prescription,0.7120968,0.6335980892181396,0.23192434012889862,True
qb_015123,security_and_defense,qb_015123__security_and_defense,0.6724241,0.6319960951805115,0.22790074348449707,True
qb_015123,economic,qb_015123__economic,0.6491929,0.5427737832069397,0.19801628589630127,True
qb_010846,legality_constitutionality,qb_010846__legality_constitutionality,0.6702175,0.7001314759254456,0.19431747496128082,True
qb_010846,economic,qb_010846__economic,0.6279291,0.6235641241073608,0.17315219342708588,True
qb_010846,crime_and_punishment,qb_010846__crime_and_punishment,0.7403362,0.7149586081504822,0.18871569633483887,True
qb_014836,political,qb_014836__political,0.79196876,0.6943984031677246,0.2795817255973816,True
qb_014836,morality,qb_014836__morality,0.77809936,0.7562987804412842,0.2673289477825165,True
qb_014836,legality_constitutionality,qb_014836__legality_constitutionality,0.80198663,0.7135570049285889,0.24247173964977264,True
qb_004566,security_and_defense,qb_004566__security_and_defense,0.7606851,0.7454169392585754,0.14919427037239075,True
qb_004566,policy_prescription,qb_004566__policy_prescription,0.7347974,0.7097644805908203,0.21286773681640625,True
qb_004566,health_and_safety,qb_004566__health_and_safety,0.6858481,0.5908551216125488,0.2064991295337677,True
qb_004566,political,qb_004566__political,0.6663321,0.6344873309135437,0.14849744737148285,True
qb_017579,economic,qb_017579__economic,0.7386138,0.48190784454345703,0.16665534675121307,True
qb_017579,policy_prescription,qb_017579__policy_prescription,0.7052808,0.4705570340156555,0.18085865676403046,True
qb_017579,capacity_and_resources,qb_017579__capacity_and_resources,0.57364064,0.4166008532047272,0.20535507798194885,True
qb_017579,political,qb_017579__political,0.6683531,0.37818247079849243,0.14938873052597046,True
qb_017579,fairness_and_equality,qb_017579__fairness_and_equality,0.76719236,0.47616299986839294,0.16855166852474213,True
qb_017579,health_and_safety,qb_017579__health_and_safety,0.6282425,0.4528108537197113,0.20614776015281677,True
qb_017579,quality_of_life,qb_017579__quality_of_life,0.60813916,0.49152064323425293,0.2207322120666504,True
qb_008770,political,qb_008770__political,0.7138239,0.7222751379013062,0.20459167659282684,True
qb_008770,morality,qb_008770__morality,0.8000945,0.6339156627655029,0.18823733925819397,True
qb_008770,public_sentiment,qb_008770__public_sentiment,0.8710325,0.6412591934204102,0.246628075838089,True
qb_018800,morality,qb_018800__morality,0.8070071,0.5157864689826965,0.21435530483722687,True
qb_018800,political,qb_018800__political,0.7291255,0.4952618479728699,0.24547263979911804,True
qb_018800,public_sentiment,qb_018800__public_sentiment,0.7496785,0.5901370644569397,0.17667822539806366,True
qb_018800,policy_prescription,qb_018800__policy_prescription,0.6994487,0.5096067190170288,0.2778297960758209,True
qb_018800,crime_and_punishment,qb_018800__crime_and_punishment,0.6588665,0.5132299661636353,0.20468616485595703,True
qb_018800,cultural_identity,qb_018800__cultural_identity,0.6047095,0.4770166873931885,0.18054182827472687,True
qb_018800,external_regulation,qb_018800__external_regulation,0.7674309,0.58954256772995,0.14882181584835052,True
qb_014829,economic,qb_014829__economic,0.6941401,0.6953384876251221,0.12584693729877472,True
qb_014829,political,qb_014829__political,0.80431765,0.6366782188415527,0.20522232353687286,True
qb_008804,security_and_defense,qb_008804__security_and_defense,0.670972,0.6062577366828918,0.2075563222169876,True
qb_008804,political,qb_008804__political,0.7797419,0.4099247455596924,0.19976413249969482,True
qb_008804,external_regulation,qb_008804__external_regulation,0.7942488,0.5137260556221008,0.2244979441165924,True
qb_008804,capacity_and_resources,qb_008804__capacity_and_resources,0.7748035,0.5189458727836609,0.18726715445518494,True
qb_004485,political,qb_004485__political,0.69351774,0.6624295711517334,0.22051659226417542,True
qb_004485,public_sentiment,qb_004485__public_sentiment,0.76387453,0.5966544151306152,0.26941636204719543,True
qb_021126,political,qb_021126__political,0.6137053,0.5597549676895142,0.26599201560020447,True
qb_021126,legality_constitutionality,qb_021126__legality_constitutionality,0.7383931,0.5336470603942871,0.20641806721687317,True
qb_016339,health_and_safety,qb_016339__health_and_safety,0.5169059,0.6538621187210083,0.2088126242160797,True
qb_016339,capacity_and_resources,qb_016339__capacity_and_resources,0.80809367,0.6639497876167297,0.2061496526002884,True
qb_020254,health_and_safety,qb_020254__health_and_safety,0.60671866,0.687960684299469,0.21008887887001038,True
qb_020254,quality_of_life,qb_020254__quality_of_life,0.88657093,0.7233679890632629,0.2193671017885208,True
qb_020254,cultural_identity,qb_020254__cultural_identity,0.7265307,0.6776426434516907,0.17177608609199524,True
qb_020254,morality,qb_020254__morality,0.79346895,0.6864839196205139,0.17252177000045776,True
qb_020254,public_sentiment,qb_020254__public_sentiment,0.8337507,0.7306627631187439,0.1758294552564621,True
qb_001205,political,qb_001205__political,0.83251023,0.5934892892837524,0.226159006357193,True
qb_001205,morality,qb_001205__morality,0.6914252,0.4873714745044708,0.24119308590888977,True
qb_001205,security_and_defense,qb_001205__security_and_defense,0.68130434,0.520782470703125,0.2452487200498581,True
qb_004139,legality_constitutionality,qb_004139__legality_constitutionality,0.74127626,0.6398971080780029,0.15252479910850525,True
qb_004139,political,qb_004139__political,0.6111376,0.5636488199234009,0.3029229938983917,True
qb_004139,crime_and_punishment,qb_004139__crime_and_punishment,0.6730069,0.5972832441329956,0.2667304277420044,True
qb_016733,external_regulation,qb_016733__external_regulation,0.7120532,0.5761221647262573,0.2242460995912552,True
qb_016733,policy_prescription,qb_016733__policy_prescription,0.7468889,0.5433782339096069,0.16856995224952698,True
qb_016733,security_and_defense,qb_016733__security_and_defense,0.7266792,0.7081037759780884,0.182237446308136,True
qb_016733,economic,qb_016733__economic,0.6415297,0.6076698303222656,0.2055562436580658,True
qb_016733,political,qb_016733__political,0.69077086,0.5536555051803589,0.24675357341766357,True
qb_018803,health_and_safety,qb_018803__health_and_safety,0.72454166,0.5662039518356323,0.1550770103931427,True
qb_018803,political,qb_018803__political,0.73168623,0.6002660989761353,0.2536962926387787,True
qb_018803,legality_constitutionality,qb_018803__legality_constitutionality,0.65796226,0.5750361680984497,0.16398319602012634,True
qb_002324,legality_constitutionality,qb_002324__legality_constitutionality,0.6992264,0.42765432596206665,0.20284073054790497,True
qb_002324,political,qb_002324__political,0.6907292,0.5923222303390503,0.21676409244537354,True
qb_002324,public_sentiment,qb_002324__public_sentiment,0.673337,0.7086623907089233,0.1997726559638977,True
qb_016851,legality_constitutionality,qb_016851__legality_constitutionality,0.5979077,0.5813194513320923,0.13232220709323883,True
qb_016851,political,qb_016851__political,0.6429522,0.5129207372665405,0.20130875706672668,True
qb_016851,security_and_defense,qb_016851__security_and_defense,0.5928465,0.5096616148948669,0.17855748534202576,True
qb_015200,security_and_defense,qb_015200__security_and_defense,0.68864405,0.6867687702178955,0.16779907047748566,True
qb_015200,political,qb_015200__political,0.8473581,0.6525890827178955,0.15697622299194336,True
qb_015200,public_sentiment,qb_015200__public_sentiment,0.7587358,0.5954779386520386,0.19352276623249054,True
qb_000123,political,qb_000123__political,0.75576353,0.6082282066345215,0.19379660487174988,True
qb_000123,morality,qb_000123__morality,0.7447673,0.6430978775024414,0.19263039529323578,True
qb_008018,economic,qb_008018__economic,0.72622526,0.7558305859565735,0.10458050668239594,True
qb_008018,policy_prescription,qb_008018__policy_prescription,0.76542884,0.5812593102455139,0.17612387239933014,True
qb_008018,fairness_and_equality,qb_008018__fairness_and_equality,0.71447676,0.8000659942626953,0.18539296090602875,True
qb_008018,political,qb_008018__political,0.7382804,0.6412180662155151,0.167355015873909,True
qb_005148,economic,qb_005148__economic,0.6533159,0.586195170879364,0.1616583913564682,True
qb_005148,policy_prescription,qb_005148__policy_prescription,0.7710644,0.6290856599807739,0.2246471345424652,True
qb_005148,quality_of_life,qb_005148__quality_of_life,0.60173476,0.5705245137214661,0.1999833583831787,True
qb_015900,economic,qb_015900__economic,0.8232783,0.7230623960494995,0.18477512896060944,True
qb_015900,policy_prescription,qb_015900__policy_prescription,0.82418925,0.7577584385871887,0.17871131002902985,True
qb_015900,political,qb_015900__political,0.73741937,0.599444568157196,0.2217383086681366,True
qb_015900,external_regulation,qb_015900__external_regulation,0.69250715,0.744886577129364,0.28037047386169434,True
qb_015900,capacity_and_resources,qb_015900__capacity_and_resources,0.82250965,0.6267938613891602,0.182368665933609,True
qb_015900,security_and_defense,qb_015900__security_and_defense,0.66700876,0.6773179769515991,0.19327287375926971,True
qb_018528,economic,qb_018528__economic,0.81588054,0.6212241053581238,0.16105088591575623,True
qb_018528,capacity_and_resources,qb_018528__capacity_and_resources,0.7319125,0.5382288694381714,0.1732294261455536,True
qb_018528,quality_of_life,qb_018528__quality_of_life,0.72385293,0.5989303588867188,0.1338740736246109,True
qb_018528,security_and_defense,qb_018528__security_and_defense,0.6711507,0.5665071606636047,0.1794271171092987,True
qb_018528,external_regulation,qb_018528__external_regulation,0.5240065,0.5645750164985657,0.16518118977546692,True
qb_012793,policy_prescription,qb_012793__policy_prescription,0.77246404,0.6689112186431885,0.18249091506004333,True
qb_012793,security_and_defense,qb_012793__security_and_defense,0.7625097,0.670141339302063,0.2629854083061218,True
qb_012793,political,qb_012793__political,0.7592038,0.6305763721466064,0.28911492228507996,True
qb_012793,economic,qb_012793__economic,0.6190516,0.629189670085907,0.154743030667305,True
qb_012793,cultural_identity,qb_012793__cultural_identity,0.8061233,0.5962693691253662,0.16782721877098083,True
qb_009238,policy_prescription,qb_009238__policy_prescription,0.7423519,0.6278187036514282,0.2203722447156906,True
qb_009238,crime_and_punishment,qb_009238__crime_and_punishment,0.8005539,0.5882358551025391,0.2327556610107422,True
qb_009238,political,qb_009238__political,0.80241585,0.4553670287132263,0.22441653907299042,True
qb_009238,legality_constitutionality,qb_009238__legality_constitutionality,0.7089759,0.6305671334266663,0.2082967311143875,True
qb_009238,cultural_identity,qb_009238__cultural_identity,0.8717862,0.5729988813400269,0.22820492088794708,True
qb_009238,public_sentiment,qb_009238__public_sentiment,0.625722,0.5619734525680542,0.2145727127790451,True
qb_017702,political,qb_017702__political,0.7452883,0.6315807104110718,0.2332669496536255,True
qb_017702,public_sentiment,qb_017702__public_sentiment,0.6498789,0.6975126266479492,0.23114292323589325,True
qb_021135,political,qb_021135__political,0.73269296,0.6255398988723755,0.1644461452960968,True
qb_021135,public_sentiment,qb_021135__public_sentiment,0.8231661,0.6601151823997498,0.2198605239391327,True
qb_021135,capacity_and_resources,qb_021135__capacity_and_resources,0.7675472,0.6476232409477234,0.18770942091941833,True
qb_011099,policy_prescription,qb_011099__policy_prescription,0.7514111,0.6268369555473328,0.2686634957790375,True
qb_011099,health_and_safety,qb_011099__health_and_safety,0.71863407,0.7058084607124329,0.17252740263938904,True
qb_011099,morality,qb_011099__morality,0.75259256,0.5665565133094788,0.2308698147535324,True
qb_011099,public_sentiment,qb_011099__public_sentiment,0.7033625,0.5819328427314758,0.22196252644062042,True
qb_013526,legality_constitutionality,qb_013526__legality_constitutionality,0.6859217,0.5474700331687927,0.17801766097545624,True
qb_013526,political,qb_013526__political,0.7665316,0.5728656649589539,0.24198046326637268,True
qb_013526,policy_prescription,qb_013526__policy_prescription,0.70620406,0.5362992882728577,0.14987626671791077,True
qb_013526,public_sentiment,qb_013526__public_sentiment,0.71438116,0.6063373684883118,0.19304172694683075,True
qb_020695,health_and_safety,qb_020695__health_and_safety,0.73317945,0.7603740692138672,0.20384781062602997,True
qb_020695,policy_prescription,qb_020695__policy_prescription,0.66595244,0.5853988528251648,0.21309690177440643,True
qb_020695,legality_constitutionality,qb_020695__legality_constitutionality,0.7195451,0.528373122215271,0.19945481419563293,True
qb_020695,political,qb_020695__political,0.85409695,0.6418445110321045,0.22457461059093475,True
qb_020695,economic,qb_020695__economic,0.8715348,0.5721079111099243,0.22902464866638184,True
qb_018504,security_and_defense,qb_018504__security_and_defense,0.79301375,0.5998060703277588,0.26084110140800476,True
qb_018504,policy_prescription,qb_018504__policy_prescription,0.7549685,0.6776402592658997,0.31162914633750916,True
qb_018504,political,qb_018504__political,0.695339,0.5340105295181274,0.2557705044746399,True
qb_018504,crime_and_punishment,qb_018504__crime_and_punishment,0.5856155,0.6760947704315186,0.2822490334510803,True
qb_000580,economic,qb_000580__economic,0.6558974,0.678962767124176,0.15951624512672424,True
qb_000580,quality_of_life,qb_000580__quality_of_life,0.5734393,0.49015098810195923,0.12810936570167542,True
qb_021027,health_and_safety,qb_021027__health_and_safety,0.6800549,0.6742537021636963,0.1879613846540451,True
qb_021027,public_sentiment,qb_021027__public_sentiment,0.68219316,0.6231104135513306,0.24580557644367218,True
qb_021027,policy_prescription,qb_021027__policy_prescription,0.6376116,0.5347474217414856,0.23385033011436462,True
qb_021027,capacity_and_resources,qb_021027__capacity_and_resources,0.7040225,0.6575958728790283,0.19469045102596283,True
qb_021027,political,qb_021027__political,0.727481,0.5073436498641968,0.2574385702610016,True
qb_000980,policy_prescription,qb_000980__policy_prescription,0.8518318,0.7738733887672424,0.2377266138792038,True
qb_000980,legality_constitutionality,qb_000980__legality_constitutionality,0.7890774,0.784357488155365,0.2130708247423172,True
qb_000980,political,qb_000980__political,0.6087036,0.676773726940155,0.19987300038337708,True
qb_000980,security_and_defense,qb_000980__security_and_defense,0.87878335,0.7069637179374695,0.28741225600242615,True
qb_010329,policy_prescription,qb_010329__policy_prescription,0.6785601,0.6184311509132385,0.15774613618850708,True
qb_010329,health_and_safety,qb_010329__health_and_safety,0.7835121,0.6167450547218323,0.13468191027641296,True
qb_010329,capacity_and_resources,qb_010329__capacity_and_resources,0.64492494,0.6196560263633728,0.18983449041843414,True
qb_010329,quality_of_life,qb_010329__quality_of_life,0.69436413,0.7284228801727295,0.10706634819507599,True
qb_019098,political,qb_019098__political,0.7098902,0.6304714679718018,0.2635219693183899,True
qb_019098,capacity_and_resources,qb_019098__capacity_and_resources,0.6490131,0.3858175575733185,0.1711747944355011,True
qb_019098,public_sentiment,qb_019098__public_sentiment,0.77203923,0.6609454154968262,0.2296498566865921,True
qb_019098,cultural_identity,qb_019098__cultural_identity,0.78593653,0.6271777153015137,0.21637947857379913,True
qb_019098,economic,qb_019098__economic,0.73642397,0.5535856485366821,0.20354990661144257,True
qb_010281,political,qb_010281__political,0.7938453,0.5639162659645081,0.2135780304670334,True
qb_010281,external_regulation,qb_010281__external_regulation,0.71708727,0.6686316728591919,0.2275983840227127,True
qb_010281,economic,qb_010281__economic,0.7441987,0.53111732006073,0.213983416557312,True
qb_010281,public_sentiment,qb_010281__public_sentiment,0.87766063,0.6798378229141235,0.21376164257526398,True
qb_010281,policy_prescription,qb_010281__policy_prescription,0.76984143,0.6156682372093201,0.1767132729291916,True
qb_018537,political,qb_018537__political,0.8355297,0.5921252965927124,0.28159064054489136,True
qb_018537,morality,qb_018537__morality,0.74212384,0.5656188726425171,0.20706692337989807,True
qb_018537,public_sentiment,qb_018537__public_sentiment,0.6835712,0.5504456758499146,0.27344807982444763,True
qb_018537,policy_prescription,qb_018537__policy_prescription,0.70172,0.5460729002952576,0.19195911288261414,True
qb_018537,fairness_and_equality,qb_018537__fairness_and_equality,0.7499572,0.5659561157226562,0.16599804162979126,True
qb_006084,quality_of_life,qb_006084__quality_of_life,0.8085598,0.643197238445282,0.1998598277568817,True
qb_006084,public_sentiment,qb_006084__public_sentiment,0.76045835,0.5961438417434692,0.21089689433574677,True
qb_003439,policy_prescription,qb_003439__policy_prescription,0.71887195,0.592688262462616,0.197247713804245,True
qb_003439,political,qb_003439__political,0.5416475,0.3922009766101837,0.27996405959129333,True
qb_003439,security_and_defense,qb_003439__security_and_defense,0.6262506,0.68951416015625,0.23123112320899963,True
qb_003439,public_sentiment,qb_003439__public_sentiment,0.7988671,0.512653648853302,0.24412508308887482,True
qb_000312,policy_prescription,qb_000312__policy_prescription,0.74163455,0.5540503263473511,0.2237023413181305,True
qb_000312,economic,qb_000312__economic,0.54712355,0.5305452942848206,0.10930558294057846,True
qb_000312,political,qb_000312__political,0.77696913,0.5973457098007202,0.24512436985969543,True
qb_000312,health_and_safety,qb_000312__health_and_safety,0.7266951,0.5800583362579346,0.2447485625743866,True
qb_018239,political,qb_018239__political,0.903249,0.41859567165374756,0.1786620169878006,True
qb_018239,security_and_defense,qb_018239__security_and_defense,0.62782645,0.46972763538360596,0.2253773957490921,True
qb_018239,cultural_identity,qb_018239__cultural_identity,0.7474506,0.3828012943267822,0.22385331988334656,True
qb_018239,morality,qb_018239__morality,0.62437993,0.5329991579055786,0.27690452337265015,True
qb_018239,crime_and_punishment,qb_018239__crime_and_punishment,0.719155,0.5248281955718994,0.20099332928657532,True
qb_006507,fairness_and_equality,qb_006507__fairness_and_equality,0.6757853,0.556016206741333,0.17438103258609772,True
qb_006507,public_sentiment,qb_006507__public_sentiment,0.6998472,0.5533322691917419,0.1931898593902588,True
qb_006507,political,qb_006507__political,0.61981404,0.5262018442153931,0.23727349936962128,True
qb_006507,economic,qb_006507__economic,0.8225349,0.5203170776367188,0.1803240180015564,True
qb_006507,policy_prescription,qb_006507__policy_prescription,0.7050454,0.48566892743110657,0.19161419570446014,True
qb_006752,policy_prescription,qb_006752__policy_prescription,0.7192378,0.6904950141906738,0.25243157148361206,True
qb_006752,security_and_defense,qb_006752__security_and_defense,0.8037722,0.662097156047821,0.22458799183368683,True
qb_006752,political,qb_006752__political,0.8038429,0.6152974367141724,0.2884073853492737,True
qb_006752,crime_and_punishment,qb_006752__crime_and_punishment,0.7574674,0.6733554601669312,0.2413194179534912,True
qb_006752,legality_constitutionality,qb_006752__legality_constitutionality,0.82683766,0.6748632788658142,0.23856544494628906,True
qb_006752,public_sentiment,qb_006752__public_sentiment,0.87192583,0.5856882333755493,0.24251386523246765,True
qb_008173,crime_and_punishment,qb_008173__crime_and_punishment,0.6290716,0.4989548325538635,0.17013533413410187,True
qb_008173,security_and_defense,qb_008173__security_and_defense,0.6495384,0.5273800492286682,0.19448970258235931,True
qb_008173,health_and_safety,qb_008173__health_and_safety,0.8259313,0.5285763740539551,0.15170155465602875,True
qb_009775,economic,qb_009775__economic,0.6360384,0.601879894733429,0.23162737488746643,True
qb_009775,capacity_and_resources,qb_009775__capacity_and_resources,0.7661071,0.5158326625823975,0.1402730494737625,True
qb_001153,political,qb_001153__political,0.78817344,0.7509578466415405,0.24539896845817566,True
qb_001153,legality_constitutionality,qb_001153__legality_constitutionality,0.7561841,0.6571704149246216,0.17359493672847748,True
qb_001153,morality,qb_001153__morality,0.8768113,0.7503565549850464,0.18984104692935944,True
qb_001153,crime_and_punishment,qb_001153__crime_and_punishment,0.82355195,0.7488033175468445,0.21485714614391327,True
qb_001153,cultural_identity,qb_001153__cultural_identity,0.74932003,0.7915223240852356,0.19074168801307678,True
qb_001153,public_sentiment,qb_001153__public_sentiment,0.8048311,0.7481745481491089,0.2865320146083832,True
qb_001047,legality_constitutionality,qb_001047__legality_constitutionality,0.72967684,0.5557785034179688,0.22887203097343445,True
qb_001047,political,qb_001047__political,0.6730959,0.5146002173423767,0.27998900413513184,True
qb_001047,policy_prescription,qb_001047__policy_prescription,0.66840833,0.590201735496521,0.19897520542144775,True
qb_001047,security_and_defense,qb_001047__security_and_defense,0.72789824,0.5748295783996582,0.23191940784454346,True
qb_012994,health_and_safety,qb_012994__health_and_safety,0.5708832,0.4760066568851471,0.15751561522483826,True
qb_012994,policy_prescription,qb_012994__policy_prescription,0.6456045,0.4970431327819824,0.21499662101268768,True
qb_012994,capacity_and_resources,qb_012994__capacity_and_resources,0.6676636,0.4309854507446289,0.20599524676799774,True
qb_012994,economic,qb_012994__economic,0.60624635,0.4378477931022644,0.2272169589996338,True
qb_012994,quality_of_life,qb_012994__quality_of_life,0.76768863,0.4849167764186859,0.15026764571666718,True
qb_012994,external_regulation,qb_012994__external_regulation,0.54937667,0.38498735427856445,0.12852048873901367,True
qb_018483,health_and_safety,qb_018483__health_and_safety,0.63706917,0.5352076292037964,0.2510136067867279,True
qb_018483,policy_prescription,qb_018483__policy_prescription,0.67715096,0.6167051792144775,0.21787023544311523,True
qb_018483,capacity_and_resources,qb_018483__capacity_and_resources,0.6341406,0.4863155484199524,0.19442817568778992,True
qb_001405,external_regulation,qb_001405__external_regulation,0.6913817,0.6025881767272949,0.18867792189121246,True
qb_001405,security_and_defense,qb_001405__security_and_defense,0.77884597,0.5956263542175293,0.22853252291679382,True
qb_001405,political,qb_001405__political,0.7730449,0.6036026477813721,0.18819457292556763,True
qb_001405,policy_prescription,qb_001405__policy_prescription,0.6906411,0.5380152463912964,0.13733156025409698,True
qb_001405,morality,qb_001405__morality,0.6925813,0.6223998069763184,0.15227128565311432,True
qb_000946,policy_prescription,qb_000946__policy_prescription,0.7569525,0.6660844683647156,0.18919220566749573,True
qb_000946,political,qb_000946__political,0.7277675,0.5980886816978455,0.22003917396068573,True
qb_000946,economic,qb_000946__economic,0.74498963,0.577250063419342,0.2242802381515503,True
qb_000946,quality_of_life,qb_000946__quality_of_life,0.61293715,0.5626674294471741,0.20130757987499237,True
qb_003792,political,qb_003792__political,0.66198975,0.5988742709159851,0.33762142062187195,True
qb_003792,public_sentiment,qb_003792__public_sentiment,0.76534003,0.545140266418457,0.17447951436042786,True
qb_004238,economic,qb_004238__economic,0.7266046,0.6640102863311768,0.22046522796154022,True
qb_004238,external_regulation,qb_004238__external_regulation,0.81531453,0.685126781463623,0.22616532444953918,True
qb_004238,policy_prescription,qb_004238__policy_prescription,0.5326884,0.5711514949798584,0.21019239723682404,True
qb_004238,political,qb_004238__political,0.7444517,0.5867385268211365,0.23298673331737518,True
qb_002283,political,qb_002283__political,0.68235,,0.19237060844898224,False
qb_016898,economic,qb_016898__economic,0.5059968,0.346614271402359,0.07758632302284241,True
qb_016898,policy_prescription,qb_016898__policy_prescription,0.5184867,0.5675336718559265,0.12359700351953506,True
qb_016898,quality_of_life,qb_016898__quality_of_life,0.74433506,0.42141619324684143,0.11516834795475006,True
qb_016898,public_sentiment,qb_016898__public_sentiment,0.61984694,0.4667607247829437,0.20411185920238495,True
qb_015874,political,qb_015874__political,0.72951984,0.6268124580383301,0.34240394830703735,True
qb_015874,policy_prescription,qb_015874__policy_prescription,0.7230754,0.5871518850326538,0.2679387927055359,True
qb_015874,legality_constitutionality,qb_015874__legality_constitutionality,0.6797495,0.5244110822677612,0.24030855298042297,True
qb_015874,public_sentiment,qb_015874__public_sentiment,0.7458422,0.5399346351623535,0.21152479946613312,True
qb_015874,fairness_and_equality,qb_015874__fairness_and_equality,0.4914461,0.40538355708122253,0.2014995515346527,True
qb_008486,health_and_safety,qb_008486__health_and_safety,0.6874118,,0.16532883048057556,False
qb_012164,crime_and_punishment,qb_012164__crime_and_punishment,0.779481,0.4509505331516266,0.23531007766723633,True
qb_012164,political,qb_012164__political,0.8169104,0.5377061367034912,0.2338888943195343,True
qb_012164,legality_constitutionality,qb_012164__legality_constitutionality,0.51363385,0.6839510798454285,0.17860618233680725,True
qb_012164,cultural_identity,qb_012164__cultural_identity,0.746271,0.46354344487190247,0.20529726147651672,True
qb_009145,external_regulation,qb_009145__external_regulation,0.7604268,0.6600057482719421,0.20297157764434814,True
qb_009145,political,qb_009145__political,0.8424938,0.632733166217804,0.18434351682662964,True
qb_009145,economic,qb_009145__economic,0.74774194,0.6052988767623901,0.20914578437805176,True
qb_009145,security_and_defense,qb_009145__security_and_defense,0.78095496,0.6607187986373901,0.18170200288295746,True
qb_009145,cultural_identity,qb_009145__cultural_identity,0.70519674,0.661544919013977,0.20838496088981628,True
qb_009145,legality_constitutionality,qb_009145__legality_constitutionality,0.8426749,0.6456776261329651,0.13854286074638367,True
qb_009145,public_sentiment,qb_009145__public_sentiment,0.9016607,0.6051583290100098,0.17217883467674255,True
qb_010649,political,qb_010649__political,0.59952474,0.46667152643203735,0.20694756507873535,True
qb_010649,morality,qb_010649__morality,0.8276742,0.5071927309036255,0.1548893004655838,True
qb_010649,public_sentiment,qb_010649__public_sentiment,0.8171215,0.5361842513084412,0.19024717807769775,True
qb_010649,security_and_defense,qb_010649__security_and_defense,0.67119324,0.6271294951438904,0.2020396739244461,True
qb_010649,cultural_identity,qb_010649__cultural_identity,0.7263771,0.5508342385292053,0.13879016041755676,True
qb_010649,external_regulation,qb_010649__external_regulation,0.7488419,0.5664330720901489,0.2531433403491974,True
qb_010649,capacity_and_resources,qb_010649__capacity_and_resources,0.75004095,0.5472263097763062,0.17837713658809662,True
qb_014822,external_regulation,qb_014822__external_regulation,0.7892813,0.7580617070198059,0.26370108127593994,True
qb_014822,political,qb_014822__political,0.773826,0.7866306900978088,0.2867291271686554,True
qb_014822,security_and_defense,qb_014822__security_and_defense,0.80715156,0.7856071591377258,0.20030327141284943,True
qb_014822,public_sentiment,qb_014822__public_sentiment,0.78960764,0.7310907244682312,0.29223546385765076,True
qb_008960,economic,qb_008960__economic,0.64473844,0.5926029086112976,0.19219140708446503,True
qb_008960,public_sentiment,qb_008960__public_sentiment,0.7878511,0.6814166307449341,0.1710425764322281,True
qb_019157,political,qb_019157__political,0.73430425,0.6078112125396729,0.2225707322359085,True
qb_019157,economic,qb_019157__economic,0.6536762,0.7042258381843567,0.20596599578857422,True
qb_019157,fairness_and_equality,qb_019157__fairness_and_equality,0.7200696,0.6414933204650879,0.15452256798744202,True
qb_009891,security_and_defense,qb_009891__security_and_defense,0.6404224,0.38257071375846863,0.18205173313617706,True
qb_009891,political,qb_009891__political,0.6590178,0.3874383270740509,0.2590174078941345,True
qb_017128,legality_constitutionality,qb_017128__legality_constitutionality,0.68023455,0.7134027481079102,0.2432640790939331,True
qb_017128,political,qb_017128__political,0.73666555,0.6298660039901733,0.24441082775592804,True
qb_017128,fairness_and_equality,qb_017128__fairness_and_equality,0.7235197,0.6100731492042542,0.22998249530792236,True
qb_010213,health_and_safety,qb_010213__health_and_safety,0.7284082,0.599608302116394,0.20754709839820862,True
qb_010213,political,qb_010213__political,0.5461283,0.6139000058174133,0.18593424558639526,True
qb_010213,policy_prescription,qb_010213__policy_prescription,0.72648597,0.5815171003341675,0.14616921544075012,True
qb_010213,legality_constitutionality,qb_010213__legality_constitutionality,0.7371524,0.6911685466766357,0.17727971076965332,True
qb_012083,economic,qb_012083__economic,0.67079544,0.4216882288455963,0.17615219950675964,True
qb_012083,policy_prescription,qb_012083__policy_prescription,0.67884123,0.48696351051330566,0.24157412350177765,True
qb_012083,political,qb_012083__political,0.7301476,0.5726592540740967,0.21203848719596863,True
qb_012083,capacity_and_resources,qb_012083__capacity_and_resources,0.8160655,0.32658877968788147,0.21202118694782257,True
qb_008159,economic,qb_008159__economic,0.82091916,0.771550178527832,0.21399077773094177,True
qb_008159,external_regulation,qb_008159__external_regulation,0.8380674,0.8052622675895691,0.21706977486610413,True
qb_008159,political,qb_008159__political,0.7929796,0.6379055976867676,0.20279395580291748,True
qb_008159,capacity_and_resources,qb_008159__capacity_and_resources,0.7799722,0.7550671696662903,0.2566905915737152,True
qb_017540,economic,qb_017540__economic,0.8608141,,0.18832653760910034,False
qb_018217,political,qb_018217__political,0.7809261,0.6308863162994385,0.20606271922588348,True
qb_018217,cultural_identity,qb_018217__cultural_identity,0.6746526,0.6373943090438843,0.20201294124126434,True
qb_018217,public_sentiment,qb_018217__public_sentiment,0.64139134,0.6321882009506226,0.20279467105865479,True
qb_003949,political,qb_003949__political,0.6873087,0.5548815727233887,0.32598409056663513,True
qb_003949,public_sentiment,qb_003949__public_sentiment,0.74836224,0.48570919036865234,0.1682547777891159,True
qb_006529,legality_constitutionality,qb_006529__legality_constitutionality,0.7428331,0.65162593126297,0.17557820677757263,True
qb_006529,crime_and_punishment,qb_006529__crime_and_punishment,0.7935516,0.6575614213943481,0.21815964579582214,True
qb_006529,political,qb_006529__political,0.72851324,0.5226182341575623,0.2277597188949585,True
qb_006529,economic,qb_006529__economic,0.8123622,0.596411406993866,0.17766126990318298,True
qb_011246,political,qb_011246__political,0.6890982,0.33926036953926086,0.2147989571094513,True
qb_011246,economic,qb_011246__economic,0.6037654,0.497853547334671,0.18312841653823853,True
qb_011246,morality,qb_011246__morality,0.88742065,0.43522393703460693,0.19970841705799103,True
qb_001810,political,qb_001810__political,0.8902694,0.4542473256587982,0.17143195867538452,True
qb_001810,morality,qb_001810__morality,0.788036,0.47632455825805664,0.14610111713409424,True
qb_001810,public_sentiment,qb_001810__public_sentiment,0.8059932,0.5199483633041382,0.24693648517131805,True
qb_001810,security_and_defense,qb_001810__security_and_defense,0.7978741,0.6055634617805481,0.14309489727020264,True
qb_001810,health_and_safety,qb_001810__health_and_safety,0.7918798,0.44399571418762207,0.22009937465190887,True
qb_001810,economic,qb_001810__economic,0.88661635,0.6065088510513306,0.18222101032733917,True
qb_001810,quality_of_life,qb_001810__quality_of_life,0.86891806,0.6079822182655334,0.1367621123790741,True
qb_021049,political,qb_021049__political,0.81056243,0.5063470005989075,0.247364804148674,True
qb_021049,health_and_safety,qb_021049__health_and_safety,0.6824081,0.49593812227249146,0.21693110466003418,True
qb_021049,public_sentiment,qb_021049__public_sentiment,0.77364194,0.5998321175575256,0.2562505602836609,True
qb_021049,policy_prescription,qb_021049__policy_prescription,0.77312905,0.6459512710571289,0.24638955295085907,True
qb_021049,capacity_and_resources,qb_021049__capacity_and_resources,0.70148855,0.3841348886489868,0.20110854506492615,True
qb_021300,political,qb_021300__political,0.7713126,0.6068999767303467,0.24208764731884003,True
qb_021300,capacity_and_resources,qb_021300__capacity_and_resources,0.7841606,0.6427797675132751,0.20933382213115692,True
qb_021300,health_and_safety,qb_021300__health_and_safety,0.7150806,0.6220040321350098,0.1740526258945465,True
qb_021300,policy_prescription,qb_021300__policy_prescription,0.77813184,0.7207662463188171,0.19321879744529724,True
qb_011243,capacity_and_resources,qb_011243__capacity_and_resources,0.7048134,0.4950861930847168,0.20679791271686554,True
qb_011243,economic,qb_011243__economic,0.67140985,0.5572271943092346,0.19578127562999725,True
qb_011243,quality_of_life,qb_011243__quality_of_life,0.68905795,0.51137375831604,0.144423246383667,True
qb_011243,security_and_defense,qb_011243__security_and_defense,0.78341687,0.5618801116943359,0.1973518580198288,True
qb_005233,legality_constitutionality,qb_005233__legality_constitutionality,0.810581,0.6666120886802673,0.24676620960235596,True
qb_005233,health_and_safety,qb_005233__health_and_safety,0.7770388,0.7335469126701355,0.20975176990032196,True
qb_005233,political,qb_005233__political,0.77852345,0.44244036078453064,0.19789879024028778,True
qb_005233,capacity_and_resources,qb_005233__capacity_and_resources,0.76377463,0.6095683574676514,0.18534378707408905,True
qb_020958,cultural_identity,qb_020958__cultural_identity,0.72005635,0.6915052533149719,0.1725902557373047,True
qb_020958,public_sentiment,qb_020958__public_sentiment,0.8116667,0.6966236233711243,0.23812372982501984,True
qb_020958,political,qb_020958__political,0.7693272,0.6603641510009766,0.20947203040122986,True
qb_020958,security_and_defense,qb_020958__security_and_defense,0.7087271,0.49382802844047546,0.1591334193944931,True
qb_001914,policy_prescription,qb_001914__policy_prescription,0.79876566,0.6881848573684692,0.1850280910730362,True
qb_001914,crime_and_punishment,qb_001914__crime_and_punishment,0.8096338,0.6904717683792114,0.19006413221359253,True
qb_001914,political,qb_001914__political,0.7385696,0.5983308553695679,0.21186880767345428,True
qb_001914,public_sentiment,qb_001914__public_sentiment,0.78827304,0.6379703879356384,0.27476900815963745,True
qb_001914,fairness_and_equality,qb_001914__fairness_and_equality,0.68088526,0.5964272022247314,0.19956795871257782,True
qb_010980,security_and_defense,qb_010980__security_and_defense,0.7066679,0.6800609827041626,0.18324294686317444,True
qb_010980,political,qb_010980__political,0.80340815,0.7015296220779419,0.21634964644908905,True
qb_016117,political,qb_016117__political,0.7317871,0.6649818420410156,0.20195385813713074,True
qb_016117,policy_prescription,qb_016117__policy_prescription,0.78522885,0.30824634432792664,0.21750164031982422,True
qb_016117,external_regulation,qb_016117__external_regulation,0.8059511,0.5087082982063293,0.21946778893470764,True
qb_016117,cultural_identity,qb_016117__cultural_identity,0.75044733,0.5977710485458374,0.2403852939605713,True
qb_016117,public_sentiment,qb_016117__public_sentiment,0.93934196,0.6429269313812256,0.24635979533195496,True
qb_014689,political,qb_014689__political,0.5989706,0.48763108253479004,0.1978573054075241,True
qb_014689,policy_prescription,qb_014689__policy_prescription,0.67442405,0.5363278388977051,0.23673327267169952,True
qb_014689,legality_constitutionality,qb_014689__legality_constitutionality,0.7160255,0.5851418375968933,0.239158034324646,True
qb_014689,economic,qb_014689__economic,0.5348067,0.35359683632850647,0.19430571794509888,True
qb_002304,policy_prescription,qb_002304__policy_prescription,0.681661,0.6333023905754089,0.20542791485786438,True
qb_002304,cultural_identity,qb_002304__cultural_identity,0.72653985,0.6364014744758606,0.22184531390666962,True
qb_002304,public_sentiment,qb_002304__public_sentiment,0.8524951,0.7709715962409973,0.2186196744441986,True
qb_002304,political,qb_002304__political,0.7564707,0.6477168202400208,0.24389329552650452,True
qb_020811,security_and_defense,qb_020811__security_and_defense,0.74186254,0.6357841491699219,0.25282222032546997,True
qb_020811,political,qb_020811__political,0.7451622,0.5955519676208496,0.2016117125749588,True
qb_020811,external_regulation,qb_020811__external_regulation,0.7250283,0.6216270923614502,0.18817006051540375,True
qb_020811,policy_prescription,qb_020811__policy_prescription,0.7802556,0.7586680054664612,0.21408405900001526,True
qb_017798,political,qb_017798__political,0.75475824,0.6657553911209106,0.23798997700214386,True
qb_017798,legality_constitutionality,qb_017798__legality_constitutionality,0.76388156,0.5349003672599792,0.18624010682106018,True
qb_017798,crime_and_punishment,qb_017798__crime_and_punishment,0.6963019,0.5403765439987183,0.2080618143081665,True
qb_017798,security_and_defense,qb_017798__security_and_defense,0.66525257,0.516960620880127,0.2114836871623993,True
qb_017798,public_sentiment,qb_017798__public_sentiment,0.90011835,0.5002467632293701,0.19114422798156738,True
qb_016363,economic,qb_016363__economic,0.60811096,0.45373114943504333,0.14685623347759247,True
qb_016363,policy_prescription,qb_016363__policy_prescription,0.61743104,0.5609917640686035,0.1622154414653778,True
qb_016363,political,qb_016363__political,0.65799,0.5188843607902527,0.22340278327465057,True
qb_016363,fairness_and_equality,qb_016363__fairness_and_equality,0.7992112,0.5031502842903137,0.17573390901088715,True
qb_021566,public_sentiment,qb_021566__public_sentiment,0.73422855,0.6361295580863953,0.15328331291675568,True
qb_021566,health_and_safety,qb_021566__health_and_safety,0.7527959,0.5691335201263428,0.2176474779844284,True
qb_021566,policy_prescription,qb_021566__policy_prescription,0.66863894,0.5415583848953247,0.24819548428058624,True
qb_004962,legality_constitutionality,qb_004962__legality_constitutionality,0.66113275,0.55170738697052,0.18140390515327454,True
qb_004962,political,qb_004962__political,0.78318834,0.41586488485336304,0.2708577513694763,True
qb_011691,cultural_identity,qb_011691__cultural_identity,0.8250853,0.6437677145004272,0.2002653181552887,True
qb_011691,political,qb_011691__political,0.7311175,0.6489269137382507,0.26153329014778137,True
qb_011691,fairness_and_equality,qb_011691__fairness_and_equality,0.69974357,0.647102415561676,0.15237052738666534,True
qb_011691,legality_constitutionality,qb_011691__legality_constitutionality,0.68737495,0.6052995920181274,0.17796030640602112,True
qb_011691,public_sentiment,qb_011691__public_sentiment,0.711306,0.486802875995636,0.24458880722522736,True
qb_011691,policy_prescription,qb_011691__policy_prescription,0.79886514,0.5934840440750122,0.16905057430267334,True
qb_001055,public_sentiment,qb_001055__public_sentiment,0.73591375,0.5616730451583862,0.1496056616306305,True
qb_001055,cultural_identity,qb_001055__cultural_identity,0.8981204,0.6558692455291748,0.142751544713974,True
qb_001055,fairness_and_equality,qb_001055__fairness_and_equality,0.79958284,0.5693550705909729,0.17363868653774261,True
qb_001055,morality,qb_001055__morality,0.68385327,0.6315178275108337,0.18057136237621307,True
qb_006935,political,qb_006935__political,0.6825178,,0.23387694358825684,False
qb_000833,security_and_defense,qb_000833__security_and_defense,0.6614701,0.722130537033081,0.17374983429908752,True
qb_000833,capacity_and_resources,qb_000833__capacity_and_resources,0.8793888,0.6608042120933533,0.1982416808605194,True
qb_000833,health_and_safety,qb_000833__health_and_safety,0.76749545,0.7312900424003601,0.15296809375286102,True
qb_000833,political,qb_000833__political,0.8095269,0.6546640396118164,0.20266982913017273,True
qb_021510,external_regulation,qb_021510__external_regulation,0.7866739,0.6150741577148438,0.26722094416618347,True
qb_021510,political,qb_021510__political,0.6957916,0.664298415184021,0.25054651498794556,True
qb_021510,public_sentiment,qb_021510__public_sentiment,0.8628781,0.594193696975708,0.3287864327430725,True
qb_016953,legality_constitutionality,qb_016953__legality_constitutionality,0.79692364,0.7039486765861511,0.25172141194343567,True
qb_016953,political,qb_016953__political,0.67447656,0.4216362237930298,0.21691258251667023,True
qb_016953,health_and_safety,qb_016953__health_and_safety,0.6521314,0.5030017495155334,0.1786758005619049,True
qb_016953,policy_prescription,qb_016953__policy_prescription,0.7615092,0.5607520937919617,0.17316608130931854,True
qb_003961,political,qb_003961__political,0.64098793,0.6012757420539856,0.16557146608829498,True
qb_003961,cultural_identity,qb_003961__cultural_identity,0.693784,0.6231250166893005,0.207188680768013,True
qb_003961,public_sentiment,qb_003961__public_sentiment,0.77664477,0.5880439281463623,0.26545974612236023,True
qb_003961,fairness_and_equality,qb_003961__fairness_and_equality,0.6550896,0.46952706575393677,0.2319616973400116,True
qb_003961,morality,qb_003961__morality,0.70310724,0.5689484477043152,0.23812052607536316,True
qb_020761,legality_constitutionality,qb_020761__legality_constitutionality,0.50862217,0.3821873068809509,0.23914656043052673,True
qb_020761,morality,qb_020761__morality,0.804809,0.4743874669075012,0.2747303247451782,True
qb_020761,political,qb_020761__political,0.6795146,0.4353739023208618,0.30056455731391907,True
qb_020761,public_sentiment,qb_020761__public_sentiment,0.6962033,0.48447149991989136,0.2296263724565506,True
qb_020761,cultural_identity,qb_020761__cultural_identity,0.83198893,0.5423073768615723,0.2611156404018402,True
qb_001944,political,qb_001944__political,0.6413369,0.5284450054168701,0.14582136273384094,True
qb_001944,policy_prescription,qb_001944__policy_prescription,0.5905553,0.43291008472442627,0.24649834632873535,True
qb_001944,economic,qb_001944__economic,0.6235447,0.49780023097991943,0.16368603706359863,True
qb_020879,security_and_defense,qb_020879__security_and_defense,0.7708651,0.6941846013069153,0.1879180371761322,True
qb_020879,cultural_identity,qb_020879__cultural_identity,0.8243481,0.6798515915870667,0.16018280386924744,True
qb_020879,public_sentiment,qb_020879__public_sentiment,0.7564483,0.64772629737854,0.2257395088672638,True
qb_020879,quality_of_life,qb_020879__quality_of_life,0.70565104,0.6245602965354919,0.1879321038722992,True
qb_017763,political,qb_017763__political,0.8120303,0.6522157788276672,0.24199481308460236,True
qb_017763,morality,qb_017763__morality,0.675158,0.6164286136627197,0.2276412546634674,True
qb_017763,public_sentiment,qb_017763__public_sentiment,0.7831569,0.6489643454551697,0.23733282089233398,True
qb_021674,political,qb_021674__political,0.78947806,0.6115090847015381,0.23460812866687775,True
qb_021674,legality_constitutionality,qb_021674__legality_constitutionality,0.7246705,0.6456038355827332,0.23536470532417297,True
qb_021674,crime_and_punishment,qb_021674__crime_and_punishment,0.8759743,0.5931337475776672,0.24213211238384247,True
qb_018198,political,qb_018198__political,0.71550226,0.6422537565231323,0.27934131026268005,True
qb_018198,legality_constitutionality,qb_018198__legality_constitutionality,0.8102292,0.5799700021743774,0.15262958407402039,True
qb_018312,health_and_safety,qb_018312__health_and_safety,0.8229269,0.7576818466186523,0.16296756267547607,True
qb_018312,policy_prescription,qb_018312__policy_prescription,0.7809371,0.7718963623046875,0.14918184280395508,True
qb_018312,public_sentiment,qb_018312__public_sentiment,0.8429879,0.6454436779022217,0.1600365936756134,True
qb_018312,capacity_and_resources,qb_018312__capacity_and_resources,0.8065682,0.7530331611633301,0.24852526187896729,True
qb_003991,political,qb_003991__political,0.86743456,0.5754249095916748,0.2129260003566742,True
qb_003991,capacity_and_resources,qb_003991__capacity_and_resources,0.6729808,0.6337546110153198,0.21791326999664307,True
qb_012275,political,qb_012275__political,0.69065505,,0.2223445624113083,False
qb_008588,political,qb_008588__political,0.5944157,0.7411866188049316,0.20003803074359894,True
qb_008588,policy_prescription,qb_008588__policy_prescription,0.81357425,0.6432879567146301,0.22751419246196747,True
qb_008588,cultural_identity,qb_008588__cultural_identity,0.8214134,0.619419276714325,0.2005508840084076,True
qb_008588,fairness_and_equality,qb_008588__fairness_and_equality,0.78177667,0.6081174612045288,0.17144069075584412,True
qb_008588,morality,qb_008588__morality,0.65538013,0.6432314515113831,0.1970156729221344,True
qb_015158,political,qb_015158__political,0.743006,0.43664222955703735,0.2596154808998108,True
qb_015158,external_regulation,qb_015158__external_regulation,0.5892992,0.5533139109611511,0.20568373799324036,True
qb_015158,policy_prescription,qb_015158__policy_prescription,0.63171947,0.3839494287967682,0.19382593035697937,True
qb_015158,legality_constitutionality,qb_015158__legality_constitutionality,0.70628685,0.5223132371902466,0.21872074902057648,True
qb_015158,economic,qb_015158__economic,0.69699514,0.36889681220054626,0.13968786597251892,True
qb_002768,political,qb_002768__political,0.72012085,,0.17238065600395203,False
qb_019446,political,qb_019446__political,0.8571049,0.6356351971626282,0.27752700448036194,True
qb_019446,health_and_safety,qb_019446__health_and_safety,0.7597288,0.6315085291862488,0.2134033441543579,True
qb_019446,legality_constitutionality,qb_019446__legality_constitutionality,0.6739462,0.549552321434021,0.2369612157344818,True
qb_019446,public_sentiment,qb_019446__public_sentiment,0.79775035,0.625976026058197,0.2444271743297577,True
qb_020897,legality_constitutionality,qb_020897__legality_constitutionality,0.726648,0.664215087890625,0.2610819935798645,True
qb_020897,crime_and_punishment,qb_020897__crime_and_punishment,0.6439289,0.5547301173210144,0.19683168828487396,True
qb_020897,political,qb_020897__political,0.5373094,0.5927950739860535,0.19842396676540375,True
qb_020897,public_sentiment,qb_020897__public_sentiment,0.66973317,0.5207015872001648,0.21990923583507538,True
qb_007769,political,qb_007769__political,0.6509652,0.4571448862552643,0.2716321349143982,True
qb_007769,external_regulation,qb_007769__external_regulation,0.7861295,0.40575122833251953,0.1991693526506424,True
qb_007769,economic,qb_007769__economic,0.60908765,0.51585453748703,0.22030749917030334,True
qb_007769,capacity_and_resources,qb_007769__capacity_and_resources,0.58242995,0.4269692897796631,0.1861211359500885,True
qb_008399,security_and_defense,qb_008399__security_and_defense,0.6447283,0.5550836324691772,0.20038239657878876,True
qb_008399,policy_prescription,qb_008399__policy_prescription,0.7314939,0.5414086580276489,0.1730375587940216,True
qb_008399,health_and_safety,qb_008399__health_and_safety,0.83879256,0.49605074524879456,0.17209674417972565,True
qb_008399,external_regulation,qb_008399__external_regulation,0.6973311,0.5426486730575562,0.2147461622953415,True
qb_008399,capacity_and_resources,qb_008399__capacity_and_resources,0.71995455,0.5736545324325562,0.23907077312469482,True
qb_008399,political,qb_008399__political,0.7796888,0.48719897866249084,0.20559076964855194,True
qb_017334,political,qb_017334__political,0.75584435,0.41682660579681396,0.30586495995521545,True
qb_017334,legality_constitutionality,qb_017334__legality_constitutionality,0.563177,0.273612916469574,0.24793319404125214,True
qb_015695,morality,qb_015695__morality,0.56723565,0.506951093673706,0.21514549851417542,True
qb_015695,external_regulation,qb_015695__external_regulation,0.703576,0.4261566400527954,0.199131578207016,True
qb_015695,economic,qb_015695__economic,0.61454403,0.4553852081298828,0.17389079928398132,True
qb_015695,political,qb_015695__political,0.6124348,0.4388889968395233,0.1633286327123642,True
qb_015695,public_sentiment,qb_015695__public_sentiment,0.7162527,0.34953704476356506,0.2138146460056305,True
qb_013745,health_and_safety,qb_013745__health_and_safety,0.70064986,0.5196425914764404,0.267992228269577,True
qb_013745,crime_and_punishment,qb_013745__crime_and_punishment,0.8026478,0.5525045394897461,0.2604302763938904,True
qb_013745,political,qb_013745__political,0.6406754,0.49736905097961426,0.19461119174957275,True
qb_013745,policy_prescription,qb_013745__policy_prescription,0.6747538,0.5637894868850708,0.2028472125530243,True
qb_013745,morality,qb_013745__morality,0.72399247,0.47427672147750854,0.19525596499443054,True
qb_013745,public_sentiment,qb_013745__public_sentiment,0.77936316,0.5097836256027222,0.19774332642555237,True
qb_013745,cultural_identity,qb_013745__cultural_identity,0.60650826,0.5410361886024475,0.22969655692577362,True
qb_013745,fairness_and_equality,qb_013745__fairness_and_equality,0.70100224,0.5143773555755615,0.15589465200901031,True
qb_011680,security_and_defense,qb_011680__security_and_defense,0.87804794,0.727053701877594,0.20674040913581848,True
qb_011680,external_regulation,qb_011680__external_regulation,0.68830895,0.5345647931098938,0.20521625876426697,True
qb_011680,political,qb_011680__political,0.64761436,0.5870856046676636,0.1970374435186386,True
qb_011680,cultural_identity,qb_011680__cultural_identity,0.7857846,0.6792712807655334,0.17349864542484283,True
qb_010274,legality_constitutionality,qb_010274__legality_constitutionality,0.8161731,0.5951635837554932,0.23729848861694336,True
qb_010274,political,qb_010274__political,0.7247084,0.5348204374313354,0.26019763946533203,True
qb_010274,security_and_defense,qb_010274__security_and_defense,0.7134145,0.7121984958648682,0.2275731861591339,True
qb_020943,public_sentiment,qb_020943__public_sentiment,0.81454647,0.6013866662979126,0.17148299515247345,True
qb_020943,quality_of_life,qb_020943__quality_of_life,0.8302264,0.6217076778411865,0.1457478404045105,True
qb_020943,morality,qb_020943__morality,0.7024933,0.6069610714912415,0.16350896656513214,True
qb_020943,crime_and_punishment,qb_020943__crime_and_punishment,0.7033149,0.5664231777191162,0.2171485871076584,True
qb_020943,economic,qb_020943__economic,0.8956046,0.625729501247406,0.16851124167442322,True
qb_001555,economic,qb_001555__economic,0.8220108,0.47595903277397156,0.16371113061904907,True
qb_001555,health_and_safety,qb_001555__health_and_safety,0.65796417,0.6196777820587158,0.21086165308952332,True
qb_020906,political,qb_020906__political,0.8555286,0.5786867141723633,0.1559751033782959,True
qb_020906,security_and_defense,qb_020906__security_and_defense,0.7070404,0.6376008987426758,0.18595030903816223,True
qb_020906,crime_and_punishment,qb_020906__crime_and_punishment,0.8074805,0.6215713024139404,0.21318669617176056,True
qb_000215,political,qb_000215__political,0.6850309,0.5661954283714294,0.2475842982530594,True
qb_000215,legality_constitutionality,qb_000215__legality_constitutionality,0.78855896,0.5359143018722534,0.21365275979042053,True
qb_000215,public_sentiment,qb_000215__public_sentiment,0.7950547,0.5381085872650146,0.23101124167442322,True
qb_000441,security_and_defense,qb_000441__security_and_defense,0.8450692,0.7466175556182861,0.20906026661396027,True
qb_000441,capacity_and_resources,qb_000441__capacity_and_resources,0.77528155,0.7264425158500671,0.21475136280059814,True
qb_000441,public_sentiment,qb_000441__public_sentiment,0.79621136,0.7271645665168762,0.17307673394680023,True
qb_000441,cultural_identity,qb_000441__cultural_identity,0.8170516,0.6936619877815247,0.18168692290782928,True
qb_017585,political,qb_017585__political,0.7091254,0.4859286844730377,0.20697228610515594,True
qb_017585,external_regulation,qb_017585__external_regulation,0.7073175,0.6594019532203674,0.1512065827846527,True
qb_017585,security_and_defense,qb_017585__security_and_defense,0.70766425,0.6024419665336609,0.1622583121061325,True
qb_017585,policy_prescription,qb_017585__policy_prescription,0.7019404,0.7262679934501648,0.18478786945343018,True
qb_008788,capacity_and_resources,qb_008788__capacity_and_resources,0.6219411,0.42953330278396606,0.1460607796907425,True
qb_008788,political,qb_008788__political,0.75045186,0.47792160511016846,0.24435710906982422,True
qb_004668,legality_constitutionality,qb_004668__legality_constitutionality,0.7679963,0.7214045524597168,0.2215360850095749,True
qb_004668,political,qb_004668__political,0.76575196,0.6135239601135254,0.2615155279636383,True
qb_004668,crime_and_punishment,qb_004668__crime_and_punishment,0.7475506,0.6209398508071899,0.2415410578250885,True
qb_015223,political,qb_015223__political,0.70705163,0.6414187550544739,0.25442779064178467,True
qb_015223,legality_constitutionality,qb_015223__legality_constitutionality,0.7724326,0.8177412748336792,0.19484713673591614,True
qb_004099,political,qb_004099__political,0.6080493,0.5497994422912598,0.22176432609558105,True
qb_004099,policy_prescription,qb_004099__policy_prescription,0.62007284,0.46820738911628723,0.2008374035358429,True
qb_004099,legality_constitutionality,qb_004099__legality_constitutionality,0.7627773,0.5794422626495361,0.24306754767894745,True
qb_004099,economic,qb_004099__economic,0.6858803,0.5497696399688721,0.23640474677085876,True
qb_011695,economic,qb_011695__economic,0.6055154,0.5586671233177185,0.1985016018152237,True
qb_011695,policy_prescription,qb_011695__policy_prescription,0.6649703,0.4187200963497162,0.1941738724708557,True
qb_011695,health_and_safety,qb_011695__health_and_safety,0.7062261,0.5065589547157288,0.1656627357006073,True
qb_011695,political,qb_011695__political,0.7141372,0.5277438759803772,0.21037070453166962,True
qb_006115,external_regulation,qb_006115__external_regulation,0.7522656,0.6004233360290527,0.2249082773923874,True
qb_006115,security_and_defense,qb_006115__security_and_defense,0.7361305,0.7219891548156738,0.2535207271575928,True
qb_006115,political,qb_006115__political,0.7379538,0.5950883626937866,0.20434696972370148,True
qb_004476,legality_constitutionality,qb_004476__legality_constitutionality,0.7048403,0.5974195599555969,0.23332853615283966,True
qb_004476,political,qb_004476__political,0.7112592,0.531311571598053,0.21251626312732697,True
qb_004476,security_and_defense,qb_004476__security_and_defense,0.7893654,0.6629211902618408,0.23297539353370667,True
qb_004476,capacity_and_resources,qb_004476__capacity_and_resources,0.6669651,0.5162553191184998,0.2637355923652649,True
qb_021083,political,qb_021083__political,0.8268616,0.641443133354187,0.16377489268779755,True
qb_021083,public_sentiment,qb_021083__public_sentiment,0.8106864,0.6373622417449951,0.2518358826637268,True
qb_021083,morality,qb_021083__morality,0.7493967,0.6027666330337524,0.20838375389575958,True
qb_019149,crime_and_punishment,qb_019149__crime_and_punishment,0.6304851,0.5256116390228271,0.1579171121120453,True
qb_019149,security_and_defense,qb_019149__security_and_defense,0.7083884,0.5266271233558655,0.24091704189777374,True
qb_010619,legality_constitutionality,qb_010619__legality_constitutionality,0.6959859,0.7375977039337158,0.18649204075336456,True
qb_010619,policy_prescription,qb_010619__policy_prescription,0.7244891,0.7427232265472412,0.1950981318950653,True
qb_010619,political,qb_010619__political,0.7673633,0.6874628067016602,0.22514769434928894,True
qb_000218,legality_constitutionality,qb_000218__legality_constitutionality,0.68843055,0.5741076469421387,0.2498658150434494,True
qb_000218,crime_and_punishment,qb_000218__crime_and_punishment,0.704582,0.6650694608688354,0.17433252930641174,True
qb_000218,morality,qb_000218__morality,0.64395344,0.6354060173034668,0.19513073563575745,True
qb_000218,cultural_identity,qb_000218__cultural_identity,0.777826,0.7050132155418396,0.20311391353607178,True
qb_020170,policy_prescription,qb_020170__policy_prescription,0.7023323,0.5985129475593567,0.20222429931163788,True
qb_020170,security_and_defense,qb_020170__security_and_defense,0.9080473,0.6538467407226562,0.24845902621746063,True
qb_020170,health_and_safety,qb_020170__health_and_safety,0.7895914,0.6695380806922913,0.2379973828792572,True
qb_020170,political,qb_020170__political,0.7015922,0.41713690757751465,0.252225786447525,True
qb_020170,economic,qb_020170__economic,0.7860206,0.703823447227478,0.16960591077804565,True
qb_020170,capacity_and_resources,qb_020170__capacity_and_resources,0.73614824,0.6355928182601929,0.19890205562114716,True
qb_020170,legality_constitutionality,qb_020170__legality_constitutionality,0.8192078,0.6491295695304871,0.2242235392332077,True
qb_020170,crime_and_punishment,qb_020170__crime_and_punishment,0.7576007,0.5916633605957031,0.24984809756278992,True
qb_002264,legality_constitutionality,qb_002264__legality_constitutionality,0.7942089,0.6648820638656616,0.19958989322185516,True
qb_002264,policy_prescription,qb_002264__policy_prescription,0.6463568,0.6054140329360962,0.2835453152656555,True
qb_002264,political,qb_002264__political,0.75441027,0.6416612863540649,0.21894888579845428,True
qb_002264,security_and_defense,qb_002264__security_and_defense,0.7094152,0.621286153793335,0.2828499674797058,True
qb_002264,capacity_and_resources,qb_002264__capacity_and_resources,0.81372166,0.5640820264816284,0.21234579384326935,True
qb_002264,morality,qb_002264__morality,0.58350384,0.6221916079521179,0.2391602247953415,True
qb_020259,security_and_defense,qb_020259__security_and_defense,0.5633594,0.6707379221916199,0.14117281138896942,True
qb_020259,crime_and_punishment,qb_020259__crime_and_punishment,0.60336244,0.5846764445304871,0.21306924521923065,True
qb_020259,health_and_safety,qb_020259__health_and_safety,0.6206196,0.5861246585845947,0.19602474570274353,True
qb_021610,economic,qb_021610__economic,0.572439,0.40554049611091614,0.14876234531402588,True
qb_021610,capacity_and_resources,qb_021610__capacity_and_resources,0.67441136,0.4289363920688629,0.16587790846824646,True
qb_021610,public_sentiment,qb_021610__public_sentiment,0.62004733,0.5922199487686157,0.2026544064283371,True
qb_020488,morality,qb_020488__morality,0.71944964,0.5981643795967102,0.26038241386413574,True
qb_020488,political,qb_020488__political,0.69668293,0.5912445783615112,0.21785688400268555,True
qb_020488,legality_constitutionality,qb_020488__legality_constitutionality,0.7296071,0.507670521736145,0.14039388298988342,True
qb_020488,public_sentiment,qb_020488__public_sentiment,0.67202884,0.5349682569503784,0.20973889529705048,True
qb_020488,health_and_safety,qb_020488__health_and_safety,0.6816572,0.5356281995773315,0.28939545154571533,True
qb_020488,policy_prescription,qb_020488__policy_prescription,0.8021323,0.6060004234313965,0.24366804957389832,True
qb_013333,legality_constitutionality,qb_013333__legality_constitutionality,0.7453017,0.5951029658317566,0.17395535111427307,True
qb_013333,political,qb_013333__political,0.7249074,0.6219388246536255,0.2284826785326004,True
qb_014080,political,qb_014080__political,0.68991673,0.5905945301055908,0.23958949744701385,True
qb_014080,legality_constitutionality,qb_014080__legality_constitutionality,0.6432153,0.5516049265861511,0.2041124850511551,True
qb_014080,fairness_and_equality,qb_014080__fairness_and_equality,0.73602813,0.5646405220031738,0.19996950030326843,True
qb_014080,cultural_identity,qb_014080__cultural_identity,0.63632286,0.45816653966903687,0.2394193410873413,True
qb_014080,morality,qb_014080__morality,0.66751856,0.5682789087295532,0.1888892948627472,True
qb_021668,political,qb_021668__political,0.849036,0.8165977001190186,0.2470913678407669,True
qb_021668,public_sentiment,qb_021668__public_sentiment,0.8196235,0.7669099569320679,0.14530310034751892,True
qb_018539,security_and_defense,qb_018539__security_and_defense,0.56524515,0.6496680974960327,0.23138359189033508,True
qb_018539,political,qb_018539__political,0.86333525,0.584647536277771,0.19808168709278107,True
qb_018539,external_regulation,qb_018539__external_regulation,0.7239059,0.6083910465240479,0.20475640892982483,True
qb_002565,policy_prescription,qb_002565__policy_prescription,0.55533445,0.595605731010437,0.21374671161174774,True
qb_002565,legality_constitutionality,qb_002565__legality_constitutionality,0.7008729,0.6770118474960327,0.2318490743637085,True
qb_002565,external_regulation,qb_002565__external_regulation,0.75812185,0.6281898617744446,0.24490118026733398,True
qb_002565,morality,qb_002565__morality,0.70797,0.4221070408821106,0.14997580647468567,True
qb_002565,economic,qb_002565__economic,0.6007621,0.551419734954834,0.17366114258766174,True
qb_002565,political,qb_002565__political,0.8614081,0.646530032157898,0.21751192212104797,True
qb_002565,cultural_identity,qb_002565__cultural_identity,0.8793405,0.6152524948120117,0.22796571254730225,True
qb_011356,political,qb_011356__political,0.6899675,0.6205601096153259,0.1885475069284439,True
qb_011356,policy_prescription,qb_011356__policy_prescription,0.72349,0.6467624306678772,0.18925943970680237,True
qb_011356,economic,qb_011356__economic,0.6409325,0.6378703117370605,0.12646877765655518,True
qb_019622,economic,qb_019622__economic,0.64709115,0.4965912401676178,0.16727377474308014,True
qb_019622,public_sentiment,qb_019622__public_sentiment,0.88195527,0.5971506237983704,0.1943613737821579,True
qb_010162,political,qb_010162__political,0.55952895,0.5226501822471619,0.2364056408405304,True
qb_010162,public_sentiment,qb_010162__public_sentiment,0.6329398,0.5339224338531494,0.21123142540454865,True
qb_006661,health_and_safety,qb_006661__health_and_safety,0.61008966,0.44630756974220276,0.16784235835075378,True
qb_006661,public_sentiment,qb_006661__public_sentiment,0.846835,0.4867869019508362,0.1604108363389969,True
qb_006661,legality_constitutionality,qb_006661__legality_constitutionality,0.71114886,0.5446548461914062,0.20213058590888977,True
qb_005403,economic,qb_005403__economic,0.57554495,0.6705293655395508,0.16111016273498535,True
qb_005403,policy_prescription,qb_005403__policy_prescription,0.6542454,0.5870341062545776,0.21039128303527832,True
qb_005403,political,qb_005403__political,0.71748906,0.4792953431606293,0.16572168469429016,True
qb_018027,policy_prescription,qb_018027__policy_prescription,0.7156025,0.6953926682472229,0.1844027042388916,True
qb_018027,capacity_and_resources,qb_018027__capacity_and_resources,0.82791364,0.5632392168045044,0.18226155638694763,True
qb_018027,security_and_defense,qb_018027__security_and_defense,0.6589972,0.6049181222915649,0.21786603331565857,True
qb_018027,political,qb_018027__political,0.6681756,0.6125714778900146,0.22124512493610382,True
qb_018027,external_regulation,qb_018027__external_regulation,0.7068026,0.5400654077529907,0.1594630777835846,True
qb_006305,cultural_identity,qb_006305__cultural_identity,0.77637446,,0.17911992967128754,False
qb_016231,political,qb_016231__political,0.76171154,0.6661248207092285,0.24061818420886993,True
qb_016231,policy_prescription,qb_016231__policy_prescription,0.6995915,0.510526716709137,0.20084281265735626,True
qb_016231,public_sentiment,qb_016231__public_sentiment,0.8497366,0.5616918206214905,0.25191599130630493,True
qb_016231,morality,qb_016231__morality,0.59673905,0.5305858254432678,0.1816813051700592,True
qb_017953,legality_constitutionality,qb_017953__legality_constitutionality,0.67045665,0.5862184166908264,0.2083621770143509,True
qb_017953,political,qb_017953__political,0.8114428,0.6703418493270874,0.2053782045841217,True
qb_017953,policy_prescription,qb_017953__policy_prescription,0.7501296,0.5316371321678162,0.21260347962379456,True
qb_017953,economic,qb_017953__economic,0.7190082,0.6518658399581909,0.22011664509773254,True
qb_017953,capacity_and_resources,qb_017953__capacity_and_resources,0.65007293,0.6741998195648193,0.176301509141922,True
qb_020925,policy_prescription,qb_020925__policy_prescription,0.7253387,0.6705756187438965,0.29531627893447876,True
qb_020925,security_and_defense,qb_020925__security_and_defense,0.80658185,0.7773815989494324,0.27553075551986694,True
qb_020925,economic,qb_020925__economic,0.6437049,0.5756845474243164,0.18285560607910156,True
qb_020925,political,qb_020925__political,0.588627,0.6481634974479675,0.21928663551807404,True
qb_018122,security_and_defense,qb_018122__security_and_defense,0.64938927,0.6292721033096313,0.1580650806427002,True
qb_018122,public_sentiment,qb_018122__public_sentiment,0.81090695,0.5021007657051086,0.18901774287223816,True
qb_018122,political,qb_018122__political,0.75853705,0.7012500762939453,0.22644095122814178,True
qb_014415,political,qb_014415__political,0.865034,0.6494627594947815,0.20348067581653595,True
qb_014415,economic,qb_014415__economic,0.5449828,0.5370898246765137,0.17838513851165771,True
qb_014415,public_sentiment,qb_014415__public_sentiment,0.73758405,0.5238046646118164,0.26287129521369934,True
qb_014415,policy_prescription,qb_014415__policy_prescription,0.67956525,0.6689697504043579,0.2164110392332077,True
qb_014415,quality_of_life,qb_014415__quality_of_life,0.79885507,0.5693029165267944,0.16846786439418793,True
qb_021702,political,qb_021702__political,0.7333895,0.5568010807037354,0.17965319752693176,True
qb_021702,legality_constitutionality,qb_021702__legality_constitutionality,0.7768041,0.6808170676231384,0.20823296904563904,True
qb_010547,public_sentiment,qb_010547__public_sentiment,0.69571376,0.6197247505187988,0.2211432009935379,True
qb_010547,political,qb_010547__political,0.7695004,0.6010799407958984,0.28506365418434143,True
qb_007350,political,qb_007350__political,0.6887344,0.6272109746932983,0.2659853994846344,True
qb_007350,external_regulation,qb_007350__external_regulation,0.77869487,0.6336363554000854,0.30014121532440186,True
qb_010754,legality_constitutionality,qb_010754__legality_constitutionality,0.7612078,0.8323694467544556,0.27149927616119385,True
qb_010754,external_regulation,qb_010754__external_regulation,0.815189,0.7060996890068054,0.25735870003700256,True
qb_010754,crime_and_punishment,qb_010754__crime_and_punishment,0.7815083,0.7036288976669312,0.19070670008659363,True
qb_010754,security_and_defense,qb_010754__security_and_defense,0.73107666,0.6464059352874756,0.18064405024051666,True
qb_010754,political,qb_010754__political,0.69355917,0.7027525901794434,0.27596691250801086,True
qb_007703,economic,qb_007703__economic,0.7637727,0.509548008441925,0.17990010976791382,True
qb_007703,capacity_and_resources,qb_007703__capacity_and_resources,0.7003399,0.5369068384170532,0.16461911797523499,True
qb_007703,quality_of_life,qb_007703__quality_of_life,0.7690677,0.549580454826355,0.13606496155261993,True
qb_001879,security_and_defense,qb_001879__security_and_defense,0.66963494,0.6778335571289062,0.1575866937637329,True
qb_001879,crime_and_punishment,qb_001879__crime_and_punishment,0.6676309,0.5977572798728943,0.28962451219558716,True
qb_001879,political,qb_001879__political,0.8979299,0.6566232442855835,0.20577439665794373,True
qb_001879,policy_prescription,qb_001879__policy_prescription,0.6675996,0.4992576241493225,0.22897449135780334,True
qb_001879,public_sentiment,qb_001879__public_sentiment,0.85249686,0.5268486738204956,0.22123268246650696,True
qb_001879,legality_constitutionality,qb_001879__legality_constitutionality,0.837463,0.6262460947036743,0.24410545825958252,True
qb_013387,political,qb_013387__political,0.7542119,0.7063493728637695,0.19316846132278442,True
qb_013387,public_sentiment,qb_013387__public_sentiment,0.7159421,0.7290185689926147,0.16636410355567932,True
qb_000481,political,qb_000481__political,0.73074937,0.3986711800098419,0.22315654158592224,True
qb_000481,policy_prescription,qb_000481__policy_prescription,0.59870446,0.43659380078315735,0.1842554211616516,True
qb_007868,health_and_safety,qb_007868__health_and_safety,0.6641003,0.602941632270813,0.18556532263755798,True
qb_007868,economic,qb_007868__economic,0.72330356,0.5934751629829407,0.19275632500648499,True
qb_007868,public_sentiment,qb_007868__public_sentiment,0.82738024,0.5925580859184265,0.20760563015937805,True
qb_007868,political,qb_007868__political,0.8067844,0.5482088327407837,0.19890178740024567,True
qb_007868,policy_prescription,qb_007868__policy_prescription,0.7459358,0.6351236701011658,0.21831682324409485,True
qb_007868,quality_of_life,qb_007868__quality_of_life,0.7874998,0.6126378774642944,0.1876296103000641,True
qb_007635,political,qb_007635__political,0.8061779,0.5676051378250122,0.18988926708698273,True
qb_007635,policy_prescription,qb_007635__policy_prescription,0.7825991,0.6237761378288269,0.19183143973350525,True
qb_007635,security_and_defense,qb_007635__security_and_defense,0.71727794,0.6099053621292114,0.2720854580402374,True
qb_007325,economic,qb_007325__economic,0.69749784,0.46871453523635864,0.1804232895374298,True
qb_007325,capacity_and_resources,qb_007325__capacity_and_resources,0.53546363,0.4109380543231964,0.20343706011772156,True
qb_004454,legality_constitutionality,qb_004454__legality_constitutionality,0.67531997,0.5927141308784485,0.1688012331724167,True
qb_004454,security_and_defense,qb_004454__security_and_defense,0.6037784,0.5775048732757568,0.21394458413124084,True
qb_000001,crime_and_punishment,qb_000001__crime_and_punishment,0.87912923,0.6660205125808716,0.1712968945503235,True
qb_000001,health_and_safety,qb_000001__health_and_safety,0.6083907,0.6221358776092529,0.17608985304832458,True
qb_000001,quality_of_life,qb_000001__quality_of_life,0.78227615,0.6786103248596191,0.15884539484977722,True
qb_000001,public_sentiment,qb_000001__public_sentiment,0.7553129,0.6373363137245178,0.15480995178222656,True
qb_010439,legality_constitutionality,qb_010439__legality_constitutionality,0.8430017,0.6067390441894531,0.17770004272460938,True
qb_010439,economic,qb_010439__economic,0.7911907,0.6853451728820801,0.17875835299491882,True
qb_010439,political,qb_010439__political,0.87433225,0.6431113481521606,0.25134921073913574,True
qb_002415,economic,qb_002415__economic,0.75752324,0.5631968975067139,0.17231807112693787,True
qb_002415,external_regulation,qb_002415__external_regulation,0.80012447,0.6329018473625183,0.20395179092884064,True
qb_002415,policy_prescription,qb_002415__policy_prescription,0.63626415,0.6076033711433411,0.18212346732616425,True
qb_002415,security_and_defense,qb_002415__security_and_defense,0.7312902,0.6381288766860962,0.23519420623779297,True
qb_002415,health_and_safety,qb_002415__health_and_safety,0.7376486,0.46758490800857544,0.1901690661907196,True
qb_004498,health_and_safety,qb_004498__health_and_safety,0.79265493,0.6417717933654785,0.2054990828037262,True
qb_004498,policy_prescription,qb_004498__policy_prescription,0.6532554,0.7886252403259277,0.2844568192958832,True
qb_010522,economic,qb_010522__economic,0.7550507,0.5291628837585449,0.17675991356372833,True
qb_010522,health_and_safety,qb_010522__health_and_safety,0.648155,0.5910943746566772,0.20483271777629852,True
qb_010522,capacity_and_resources,qb_010522__capacity_and_resources,0.8485843,0.4660414457321167,0.16616220772266388,True
qb_019531,health_and_safety,qb_019531__health_and_safety,0.64135194,0.4814393222332001,0.2625479996204376,True
qb_019531,political,qb_019531__political,0.63450694,0.6095501184463501,0.18873022496700287,True
qb_019531,public_sentiment,qb_019531__public_sentiment,0.6863955,0.5996872186660767,0.20585694909095764,True
qb_016253,political,qb_016253__political,0.802964,0.3879859447479248,0.19764378666877747,True
qb_016253,capacity_and_resources,qb_016253__capacity_and_resources,0.77336395,0.3928794264793396,0.17243041098117828,True
qb_007892,legality_constitutionality,qb_007892__legality_constitutionality,0.66582865,0.7783777713775635,0.14600133895874023,True
qb_007892,political,qb_007892__political,0.5359467,0.5141772627830505,0.166475310921669,True
qb_015699,security_and_defense,qb_015699__security_and_defense,0.72566795,0.6799153685569763,0.22737912833690643,True
qb_015699,external_regulation,qb_015699__external_regulation,0.6865126,0.5693963170051575,0.124384306371212,True
qb_015699,legality_constitutionality,qb_015699__legality_constitutionality,0.7340794,0.5605177283287048,0.1639944612979889,True
qb_015699,capacity_and_resources,qb_015699__capacity_and_resources,0.5897205,0.609512984752655,0.16572794318199158,True
qb_017459,security_and_defense,qb_017459__security_and_defense,0.7094332,0.5628171563148499,0.26938241720199585,True
qb_017459,policy_prescription,qb_017459__policy_prescription,0.6512255,0.5846971273422241,0.2068222314119339,True
qb_017459,external_regulation,qb_017459__external_regulation,0.70317733,0.5237268209457397,0.1888561099767685,True
qb_017459,political,qb_017459__political,0.6356983,0.5450371503829956,0.21847152709960938,True
qb_017459,economic,qb_017459__economic,0.5996777,0.5011047124862671,0.19875302910804749,True
qb_017459,capacity_and_resources,qb_017459__capacity_and_resources,0.61507344,0.5592072010040283,0.25661978125572205,True
qb_017459,public_sentiment,qb_017459__public_sentiment,0.7263011,0.5421794652938843,0.2303190678358078,True
qb_017459,morality,qb_017459__morality,0.7302485,0.5103868246078491,0.19913700222969055,True
qb_017119,legality_constitutionality,qb_017119__legality_constitutionality,0.79188824,0.6793950200080872,0.28537243604660034,True
qb_017119,security_and_defense,qb_017119__security_and_defense,0.8349521,0.7554976344108582,0.2908213138580322,True
qb_009926,policy_prescription,qb_009926__policy_prescription,0.7946869,0.6371006369590759,0.229455828666687,True
qb_009926,political,qb_009926__political,0.7795778,0.6125069260597229,0.1872481256723404,True
qb_009926,crime_and_punishment,qb_009926__crime_and_punishment,0.85443366,0.6005874872207642,0.21044333279132843,True
qb_009926,morality,qb_009926__morality,0.6911016,0.6040173172950745,0.254982054233551,True
qb_021185,external_regulation,qb_021185__external_regulation,0.7962044,0.5048745274543762,0.2268519401550293,True
qb_021185,political,qb_021185__political,0.7608926,0.506938099861145,0.17976431548595428,True
qb_011481,political,qb_011481__political,0.58249825,0.5388537049293518,0.2393411099910736,True
qb_011481,public_sentiment,qb_011481__public_sentiment,0.7212052,0.47852644324302673,0.167373389005661,True
qb_009654,security_and_defense,qb_009654__security_and_defense,0.7612239,0.5757899880409241,0.20497724413871765,True
qb_009654,political,qb_009654__political,0.6360618,0.6391842365264893,0.24535150825977325,True
qb_009654,policy_prescription,qb_009654__policy_prescription,0.68252003,0.5707408785820007,0.22950664162635803,True
qb_009654,capacity_and_resources,qb_009654__capacity_and_resources,0.8187823,0.6158353090286255,0.1870347559452057,True
qb_009654,public_sentiment,qb_009654__public_sentiment,0.8880714,0.5586756467819214,0.23992390930652618,True
qb_009654,economic,qb_009654__economic,0.6402927,0.5522865653038025,0.15951624512672424,True
qb_009654,morality,qb_009654__morality,0.8191695,0.540780246257782,0.21178555488586426,True
qb_005533,fairness_and_equality,qb_005533__fairness_and_equality,0.8805759,0.5931041240692139,0.12223951518535614,True
qb_005533,cultural_identity,qb_005533__cultural_identity,0.7867064,0.5375815629959106,0.14761999249458313,True
qb_005533,morality,qb_005533__morality,0.76185024,0.7599318027496338,0.12773767113685608,True
qb_008006,legality_constitutionality,qb_008006__legality_constitutionality,0.7661578,0.40528538823127747,0.13825151324272156,True
qb_008006,morality,qb_008006__morality,0.5668108,0.6088709235191345,0.21415336430072784,True
qb_008006,health_and_safety,qb_008006__health_and_safety,0.6653769,0.5506904721260071,0.19205018877983093,True
qb_008006,economic,qb_008006__economic,0.696523,0.6014274954795837,0.1648900955915451,True
qb_016839,legality_constitutionality,qb_016839__legality_constitutionality,0.7990553,0.2971847653388977,0.18920500576496124,True
qb_016839,political,qb_016839__political,0.8311137,0.28700709342956543,0.20906293392181396,True
qb_016839,security_and_defense,qb_016839__security_and_defense,0.6897727,0.2505670189857483,0.21830537915229797,True
qb_016839,public_sentiment,qb_016839__public_sentiment,0.6825321,0.33641278743743896,0.19973020255565643,True
qb_016839,crime_and_punishment,qb_016839__crime_and_punishment,0.6848315,0.33710235357284546,0.158309668302536,True
qb_006784,political,qb_006784__political,0.660844,0.48310524225234985,0.1674124151468277,True
qb_006784,legality_constitutionality,qb_006784__legality_constitutionality,0.61621964,0.4815327823162079,0.3019806742668152,True
qb_006784,external_regulation,qb_006784__external_regulation,0.57796776,0.5055092573165894,0.24951422214508057,True
qb_006784,morality,qb_006784__morality,0.7064947,0.38988059759140015,0.23761716485023499,True
qb_006784,crime_and_punishment,qb_006784__crime_and_punishment,0.6148683,0.49184465408325195,0.24236992001533508,True
qb_002112,policy_prescription,qb_002112__policy_prescription,0.6041682,0.578070342540741,0.13712815940380096,True
qb_002112,public_sentiment,qb_002112__public_sentiment,0.8640028,0.7604276537895203,0.18476197123527527,True
qb_002112,fairness_and_equality,qb_002112__fairness_and_equality,0.81697774,0.6280645728111267,0.15239055454730988,True
qb_002112,political,qb_002112__political,0.68838537,0.6212026476860046,0.17557910084724426,True
qb_012486,security_and_defense,qb_012486__security_and_defense,0.67250514,0.6172865629196167,0.1420673131942749,True
qb_012486,crime_and_punishment,qb_012486__crime_and_punishment,0.74629325,0.5988419055938721,0.18296578526496887,True
qb_012486,capacity_and_resources,qb_012486__capacity_and_resources,0.60020614,0.5594308376312256,0.15986855328083038,True
qb_012486,health_and_safety,qb_012486__health_and_safety,0.8231272,0.5643004179000854,0.17648020386695862,True
qb_012486,cultural_identity,qb_012486__cultural_identity,0.5580936,0.49452972412109375,0.23829364776611328,True
qb_007797,political,qb_007797__political,0.7787318,0.714065432548523,0.17810344696044922,True
qb_007797,public_sentiment,qb_007797__public_sentiment,0.8288244,0.7558024525642395,0.16591575741767883,True
qb_012656,legality_constitutionality,qb_012656__legality_constitutionality,0.700968,0.6819456815719604,0.20396363735198975,True
qb_012656,policy_prescription,qb_012656__policy_prescription,0.7652668,0.5146353244781494,0.1789829432964325,True
qb_021323,health_and_safety,qb_021323__health_and_safety,0.69890875,0.6385748386383057,0.1924513727426529,True
qb_021323,capacity_and_resources,qb_021323__capacity_and_resources,0.6541056,0.560571551322937,0.20226526260375977,True
qb_020709,policy_prescription,qb_020709__policy_prescription,0.69330287,0.6205639243125916,0.13164320588111877,True
qb_020709,economic,qb_020709__economic,0.62700534,0.6480255126953125,0.17834387719631195,True
qb_020709,public_sentiment,qb_020709__public_sentiment,0.75309646,0.6366068124771118,0.2109038531780243,True
qb_020709,capacity_and_resources,qb_020709__capacity_and_resources,0.717268,0.649074375629425,0.1710931360721588,True
qb_012431,political,qb_012431__political,0.705491,0.5916118025779724,0.21533668041229248,True
qb_012431,fairness_and_equality,qb_012431__fairness_and_equality,0.71116734,0.6270361542701721,0.2309146672487259,True
qb_012431,morality,qb_012431__morality,0.637841,0.7175062298774719,0.16016307473182678,True
qb_012431,health_and_safety,qb_012431__health_and_safety,0.6332865,0.4827967584133148,0.13741852343082428,True
qb_007775,political,qb_007775__political,0.77380455,0.5956564545631409,0.26407209038734436,True
qb_007775,legality_constitutionality,qb_007775__legality_constitutionality,0.5884604,0.5658054947853088,0.15492013096809387,True
qb_007775,security_and_defense,qb_007775__security_and_defense,0.86727446,0.5878663659095764,0.23037591576576233,True
qb_007775,economic,qb_007775__economic,0.6481496,0.44412100315093994,0.18503421545028687,True
qb_016683,external_regulation,qb_016683__external_regulation,0.73287743,0.614933431148529,0.20278672873973846,True
qb_016683,policy_prescription,qb_016683__policy_prescription,0.7897091,0.6011621356010437,0.2686328589916229,True
qb_016683,economic,qb_016683__economic,0.77082163,0.6646273136138916,0.19449256360530853,True
qb_016683,political,qb_016683__political,0.79871505,0.46131017804145813,0.22135789692401886,True
qb_015220,political,qb_015220__political,0.74041355,0.6885925531387329,0.19198545813560486,True
qb_015220,economic,qb_015220__economic,0.66452646,0.6138583421707153,0.15160195529460907,True
qb_015220,capacity_and_resources,qb_015220__capacity_and_resources,0.79969144,0.6795334815979004,0.17405827343463898,True
qb_009059,political,qb_009059__political,0.6091035,0.45515176653862,0.16862216591835022,True
qb_009059,legality_constitutionality,qb_009059__legality_constitutionality,0.79707015,0.7144454717636108,0.15717367827892303,True
qb_009059,public_sentiment,qb_009059__public_sentiment,0.67896545,0.6160374879837036,0.20727381110191345,True
qb_001732,political,qb_001732__political,0.7174718,0.3963463604450226,0.1653233915567398,True
qb_001732,legality_constitutionality,qb_001732__legality_constitutionality,0.68848,0.5521005392074585,0.23419418931007385,True
qb_019712,economic,qb_019712__economic,0.69042796,0.6281552910804749,0.11819446086883545,True
qb_019712,quality_of_life,qb_019712__quality_of_life,0.7193279,0.6589257121086121,0.12445386499166489,True
qb_007375,political,qb_007375__political,0.7058442,0.507550060749054,0.20017766952514648,True
qb_007375,policy_prescription,qb_007375__policy_prescription,0.6289557,0.49264535307884216,0.24757400155067444,True
qb_007375,capacity_and_resources,qb_007375__capacity_and_resources,0.59815645,0.5553361773490906,0.21289129555225372,True
qb_007375,economic,qb_007375__economic,0.5691168,0.5366421341896057,0.18175187706947327,True
qb_007375,health_and_safety,qb_007375__health_and_safety,0.6700288,0.49439868330955505,0.22450873255729675,True
qb_007375,public_sentiment,qb_007375__public_sentiment,0.7356381,0.4577694535255432,0.3050187826156616,True
qb_017925,economic,qb_017925__economic,0.7480025,,0.20904016494750977,False
qb_019135,legality_constitutionality,qb_019135__legality_constitutionality,0.7432052,0.4635161757469177,0.2352265864610672,True
qb_019135,political,qb_019135__political,0.5928596,0.4416646957397461,0.23378488421440125,True
qb_019135,crime_and_punishment,qb_019135__crime_and_punishment,0.7676426,0.42752230167388916,0.2331114560365677,True
qb_019135,public_sentiment,qb_019135__public_sentiment,0.6421078,0.40471911430358887,0.28469914197921753,True
qb_019135,capacity_and_resources,qb_019135__capacity_and_resources,0.6348437,0.49760109186172485,0.21518078446388245,True
qb_006708,political,qb_006708__political,0.65654725,0.5479331612586975,0.18042954802513123,True
qb_006708,legality_constitutionality,qb_006708__legality_constitutionality,0.5907682,0.6397109627723694,0.22272753715515137,True
qb_006708,policy_prescription,qb_006708__policy_prescription,0.67526925,0.6029936075210571,0.25031882524490356,True
qb_010718,health_and_safety,qb_010718__health_and_safety,0.6969019,0.49067071080207825,0.13108137249946594,True
qb_010718,capacity_and_resources,qb_010718__capacity_and_resources,0.73444885,0.6378897428512573,0.18295852839946747,True
qb_010718,quality_of_life,qb_010718__quality_of_life,0.69508994,0.4818158447742462,0.19228287041187286,True
qb_010718,public_sentiment,qb_010718__public_sentiment,0.62647986,0.47997725009918213,0.2333134412765503,True
qb_009552,morality,qb_009552__morality,0.78350925,0.5261234045028687,0.19133234024047852,True
qb_009552,legality_constitutionality,qb_009552__legality_constitutionality,0.5983366,0.49209898710250854,0.20694294571876526,True
qb_009552,economic,qb_009552__economic,0.5807996,0.3731074333190918,0.16110792756080627,True
qb_009552,public_sentiment,qb_009552__public_sentiment,0.65690374,0.489122211933136,0.23987336456775665,True
qb_009552,quality_of_life,qb_009552__quality_of_life,0.6877451,0.5454034805297852,0.24283452332019806,True
qb_014370,legality_constitutionality,qb_014370__legality_constitutionality,0.76790917,0.5951772928237915,0.20119686424732208,True
qb_014370,political,qb_014370__political,0.6320435,0.4649306535720825,0.2476826161146164,True
qb_001867,political,qb_001867__political,0.76551974,0.6257453560829163,0.21541281044483185,True
qb_001867,crime_and_punishment,qb_001867__crime_and_punishment,0.69390154,0.6911553740501404,0.2215300351381302,True
qb_001867,cultural_identity,qb_001867__cultural_identity,0.7613927,0.6399173736572266,0.2067101001739502,True
qb_001867,public_sentiment,qb_001867__public_sentiment,0.8334507,0.6607481241226196,0.21468870341777802,True
qb_001867,security_and_defense,qb_001867__security_and_defense,0.8097876,0.697607159614563,0.25236716866493225,True
qb_001867,fairness_and_equality,qb_001867__fairness_and_equality,0.87208664,0.6083827614784241,0.22010555863380432,True
qb_011216,political,qb_011216__political,0.710707,0.5718678832054138,0.2200659215450287,True
qb_011216,public_sentiment,qb_011216__public_sentiment,0.71929765,0.5701113343238831,0.17197860777378082,True
qb_011216,legality_constitutionality,qb_011216__legality_constitutionality,0.6315732,0.38378381729125977,0.19438955187797546,True
qb_011216,external_regulation,qb_011216__external_regulation,0.6358578,0.4641817808151245,0.2815597951412201,True
qb_011216,capacity_and_resources,qb_011216__capacity_and_resources,0.6821097,0.5269650220870972,0.2529163360595703,True
qb_003665,security_and_defense,qb_003665__security_and_defense,0.8509842,0.6917656660079956,0.2585276663303375,True
qb_003665,political,qb_003665__political,0.691106,0.569442868232727,0.229792982339859,True
qb_003665,capacity_and_resources,qb_003665__capacity_and_resources,0.78698456,0.6953244805335999,0.19332975149154663,True
qb_003665,health_and_safety,qb_003665__health_and_safety,0.6299084,0.5406943559646606,0.24626627564430237,True
qb_003665,public_sentiment,qb_003665__public_sentiment,0.7368791,0.6597572565078735,0.22413568198680878,True
qb_003665,policy_prescription,qb_003665__policy_prescription,0.78847677,0.6539968252182007,0.2738979756832123,True
qb_011848,security_and_defense,qb_011848__security_and_defense,0.58744746,0.5352150201797485,0.24436163902282715,True
qb_011848,political,qb_011848__political,0.8588109,0.6478279829025269,0.277702659368515,True
qb_011848,policy_prescription,qb_011848__policy_prescription,0.80644757,0.6350235939025879,0.20466704666614532,True
qb_011848,public_sentiment,qb_011848__public_sentiment,0.8087815,0.6540346741676331,0.23416665196418762,True
qb_011848,cultural_identity,qb_011848__cultural_identity,0.8092954,0.5993355512619019,0.19549544155597687,True
qb_004676,political,qb_004676__political,0.73933893,0.6005852222442627,0.25220993161201477,True
qb_004676,cultural_identity,qb_004676__cultural_identity,0.74317443,0.6144933104515076,0.21463175117969513,True
qb_004676,policy_prescription,qb_004676__policy_prescription,0.7822566,0.4586333632469177,0.25653737783432007,True
qb_004676,capacity_and_resources,qb_004676__capacity_and_resources,0.83199507,0.564977765083313,0.2242548018693924,True
qb_004676,morality,qb_004676__morality,0.8114853,0.5508671402931213,0.22641630470752716,True
qb_004676,public_sentiment,qb_004676__public_sentiment,0.7287356,0.592441976070404,0.23618388175964355,True
qb_016483,health_and_safety,qb_016483__health_and_safety,0.59666115,0.5241145491600037,0.17199444770812988,True
qb_016483,capacity_and_resources,qb_016483__capacity_and_resources,0.60887593,0.4245029091835022,0.16982412338256836,True
qb_016483,public_sentiment,qb_016483__public_sentiment,0.7729382,0.550202488899231,0.29556283354759216,True
qb_007716,security_and_defense,qb_007716__security_and_defense,0.7644706,0.4474353492259979,0.19131024181842804,True
qb_007716,external_regulation,qb_007716__external_regulation,0.5658041,0.5113025903701782,0.15034225583076477,True
qb_020024,security_and_defense,qb_020024__security_and_defense,0.73037195,0.7287359237670898,0.18020743131637573,True
qb_020024,external_regulation,qb_020024__external_regulation,0.6637989,0.6963089108467102,0.1273135542869568,True
qb_020024,policy_prescription,qb_020024__policy_prescription,0.81524384,0.7402428984642029,0.24620632827281952,True
qb_020717,political,qb_020717__political,0.729339,0.5588740110397339,0.1865222454071045,True
qb_020717,public_sentiment,qb_020717__public_sentiment,0.6365816,0.46362370252609253,0.24131257832050323,True
qb_012238,crime_and_punishment,qb_012238__crime_and_punishment,0.7467423,0.44486796855926514,0.19835881888866425,True
qb_012238,legality_constitutionality,qb_012238__legality_constitutionality,0.5739577,0.611271858215332,0.21299345791339874,True
qb_012238,political,qb_012238__political,0.7684047,0.6204626560211182,0.23105835914611816,True
qb_003747,legality_constitutionality,qb_003747__legality_constitutionality,0.67055976,0.3704755902290344,0.1228371113538742,True
qb_003747,crime_and_punishment,qb_003747__crime_and_punishment,0.7061852,0.46594345569610596,0.2085913121700287,True
qb_003747,economic,qb_003747__economic,0.5197545,0.4643474221229553,0.16840174794197083,True
qb_003747,fairness_and_equality,qb_003747__fairness_and_equality,0.8376913,0.42868268489837646,0.13091523945331573,True
qb_003747,political,qb_003747__political,0.67829645,0.41485393047332764,0.2870626449584961,True
qb_007314,political,qb_007314__political,0.7218241,0.500967800617218,0.2263716459274292,True
qb_007314,public_sentiment,qb_007314__public_sentiment,0.8068084,0.5530660152435303,0.21741294860839844,True
qb_007314,security_and_defense,qb_007314__security_and_defense,0.7807053,0.5724512338638306,0.21333301067352295,True
qb_007314,policy_prescription,qb_007314__policy_prescription,0.70330334,0.46823665499687195,0.18240776658058167,True
qb_017430,health_and_safety,qb_017430__health_and_safety,0.7223044,0.5611525177955627,0.2000851333141327,True
qb_017430,political,qb_017430__political,0.77711475,0.6338469982147217,0.2662455141544342,True
qb_017430,public_sentiment,qb_017430__public_sentiment,0.7920536,0.7215384840965271,0.2226199209690094,True
qb_012930,public_sentiment,qb_012930__public_sentiment,0.8193022,0.6239729523658752,0.1268881857395172,True
qb_012930,quality_of_life,qb_012930__quality_of_life,0.80594736,0.6312122344970703,0.1679583489894867,True
qb_012930,economic,qb_012930__economic,0.54400903,0.6373067498207092,0.2469058483839035,True
qb_012930,legality_constitutionality,qb_012930__legality_constitutionality,0.65114945,0.3576551675796509,0.17746314406394958,True
qb_000433,political,qb_000433__political,0.7067813,0.6844345331192017,0.19275815784931183,True
qb_000433,morality,qb_000433__morality,0.79799914,0.5588667392730713,0.17476284503936768,True
qb_000433,public_sentiment,qb_000433__public_sentiment,0.72260773,0.6458320021629333,0.2555848956108093,True
qb_015881,security_and_defense,qb_015881__security_and_defense,0.8076488,0.6401684284210205,0.163394957780838,True
qb_015881,public_sentiment,qb_015881__public_sentiment,0.7392626,0.474765419960022,0.1902576982975006,True
qb_015881,political,qb_015881__political,0.60853815,0.5150260925292969,0.21290390193462372,True
qb_015881,crime_and_punishment,qb_015881__crime_and_punishment,0.7700064,0.5352901220321655,0.15417857468128204,True
qb_015881,legality_constitutionality,qb_015881__legality_constitutionality,0.5819415,0.548080563545227,0.12999509274959564,True
qb_003060,health_and_safety,qb_003060__health_and_safety,0.6476356,0.4374046325683594,0.16894981265068054,True
qb_003060,policy_prescription,qb_003060__policy_prescription,0.74674165,0.6666700839996338,0.2963985800743103,True
qb_003060,political,qb_003060__political,0.77643764,0.5358303189277649,0.2637743651866913,True
qb_003060,economic,qb_003060__economic,0.5673354,0.5278726816177368,0.1869310885667801,True
qb_001815,legality_constitutionality,qb_001815__legality_constitutionality,0.6564513,0.6640029549598694,0.14333376288414001,True
qb_001815,political,qb_001815__political,0.85402125,0.6388672590255737,0.25527864694595337,True
qb_001815,economic,qb_001815__economic,0.7439288,0.5162711143493652,0.202333003282547,True
qb_003153,security_and_defense,qb_003153__security_and_defense,0.677829,0.6987447738647461,0.2252587378025055,True
qb_003153,capacity_and_resources,qb_003153__capacity_and_resources,0.8069706,0.7322613000869751,0.15125152468681335,True
qb_011654,health_and_safety,qb_011654__health_and_safety,0.63353574,0.4840886890888214,0.17809973657131195,True
qb_011654,capacity_and_resources,qb_011654__capacity_and_resources,0.7202587,0.5190023183822632,0.17336095869541168,True
qb_011654,policy_prescription,qb_011654__policy_prescription,0.6960509,0.6888273358345032,0.1795957386493683,True
qb_011515,political,qb_011515__political,0.7541436,0.546010434627533,0.26992568373680115,True
qb_011515,external_regulation,qb_011515__external_regulation,0.65467817,0.5352208614349365,0.1828182488679886,True
qb_011515,security_and_defense,qb_011515__security_and_defense,0.6502304,0.5594437122344971,0.20707516372203827,True
qb_011515,capacity_and_resources,qb_011515__capacity_and_resources,0.7944169,0.4600958824157715,0.1903388798236847,True
qb_011515,policy_prescription,qb_011515__policy_prescription,0.6692476,0.5186238288879395,0.17415612936019897,True
qb_011515,morality,qb_011515__morality,0.6866714,0.5103702545166016,0.18289557099342346,True
qb_011515,public_sentiment,qb_011515__public_sentiment,0.6634177,0.5695275068283081,0.2188870906829834,True
qb_007312,political,qb_007312__political,0.8132252,0.660033643245697,0.17570430040359497,True
qb_007312,morality,qb_007312__morality,0.81901395,0.585521399974823,0.20049555599689484,True
qb_007312,public_sentiment,qb_007312__public_sentiment,0.8092902,0.6247892379760742,0.20348282158374786,True
qb_020582,crime_and_punishment,qb_020582__crime_and_punishment,0.5837142,0.5234079957008362,0.20340561866760254,True
qb_020582,public_sentiment,qb_020582__public_sentiment,0.881032,0.5457117557525635,0.21059775352478027,True
qb_020582,legality_constitutionality,qb_020582__legality_constitutionality,0.68627954,0.39601683616638184,0.1748429238796234,True
qb_020582,fairness_and_equality,qb_020582__fairness_and_equality,0.6472384,0.5380445718765259,0.22202830016613007,True
qb_020582,political,qb_020582__political,0.57979476,0.4328675866127014,0.2627389430999756,True
qb_020582,security_and_defense,qb_020582__security_and_defense,0.7754437,0.5220214128494263,0.25728240609169006,True
qb_000405,security_and_defense,qb_000405__security_and_defense,0.75406885,0.6832528114318848,0.19717372953891754,True
qb_000405,political,qb_000405__political,0.7684595,0.4990902841091156,0.21003229916095734,True
qb_000405,policy_prescription,qb_000405__policy_prescription,0.77695227,0.5879152417182922,0.22013027966022491,True
qb_000405,capacity_and_resources,qb_000405__capacity_and_resources,0.73966753,0.6200540065765381,0.19214966893196106,True
qb_006969,health_and_safety,qb_006969__health_and_safety,0.7447528,0.4241012930870056,0.20577538013458252,True
qb_006969,political,qb_006969__political,0.7652961,0.5783326625823975,0.1842552125453949,True
qb_006969,public_sentiment,qb_006969__public_sentiment,0.85524005,0.5786820650100708,0.21504780650138855,True
qb_006969,policy_prescription,qb_006969__policy_prescription,0.73721784,0.5128674507141113,0.20774860680103302,True
qb_006969,economic,qb_006969__economic,0.561391,0.5868805646896362,0.21961601078510284,True
qb_019540,legality_constitutionality,qb_019540__legality_constitutionality,0.73415333,0.648955225944519,0.19385236501693726,True
qb_019540,crime_and_punishment,qb_019540__crime_and_punishment,0.7951667,0.566107988357544,0.1720920354127884,True
qb_019540,political,qb_019540__political,0.6575757,0.5427644848823547,0.1681951880455017,True
qb_016798,economic,qb_016798__economic,0.6069535,0.6498794555664062,0.11342024803161621,True
qb_016798,public_sentiment,qb_016798__public_sentiment,0.7340949,0.3643020987510681,0.21368154883384705,True
qb_010138,legality_constitutionality,qb_010138__legality_constitutionality,0.78643954,0.579105794429779,0.16508762538433075,True
qb_010138,economic,qb_010138__economic,0.7396332,0.5009463429450989,0.13806696236133575,True
qb_010138,morality,qb_010138__morality,0.733009,0.46376147866249084,0.17899850010871887,True
qb_010138,public_sentiment,qb_010138__public_sentiment,0.78932375,0.528499960899353,0.22441668808460236,True
qb_010138,quality_of_life,qb_010138__quality_of_life,0.66988575,0.5029840469360352,0.17419640719890594,True
qb_007387,security_and_defense,qb_007387__security_and_defense,0.77272284,0.5810113549232483,0.1888042539358139,True
qb_007387,political,qb_007387__political,0.6227106,0.41688069701194763,0.21120648086071014,True
qb_007387,capacity_and_resources,qb_007387__capacity_and_resources,0.553393,0.4997827708721161,0.19213655591011047,True
qb_007387,policy_prescription,qb_007387__policy_prescription,0.6874022,0.5400723218917847,0.2440667450428009,True
qb_007387,morality,qb_007387__morality,0.72826207,0.4560122489929199,0.1899033486843109,True
qb_009379,economic,qb_009379__economic,0.6157734,0.5422754883766174,0.2261006087064743,True
qb_009379,political,qb_009379__political,0.7172149,0.42887675762176514,0.24296610057353973,True
qb_009379,capacity_and_resources,qb_009379__capacity_and_resources,0.64333975,0.4439297318458557,0.23773856461048126,True
qb_011176,legality_constitutionality,qb_011176__legality_constitutionality,0.80080247,0.5777409672737122,0.19180893898010254,True
qb_011176,policy_prescription,qb_011176__policy_prescription,0.7490103,0.5721575617790222,0.1756029576063156,True
qb_011176,security_and_defense,qb_011176__security_and_defense,0.7306098,0.6525165438652039,0.18445146083831787,True
qb_011176,public_sentiment,qb_011176__public_sentiment,0.7033481,0.45165500044822693,0.19924315810203552,True
qb_002787,political,qb_002787__political,0.7472067,0.6161958575248718,0.21211259067058563,True
qb_002787,policy_prescription,qb_002787__policy_prescription,0.66382205,0.6207154393196106,0.17739000916481018,True
qb_002787,security_and_defense,qb_002787__security_and_defense,0.7823977,0.6981223225593567,0.19538171589374542,True
qb_002787,external_regulation,qb_002787__external_regulation,0.70071864,0.6155650019645691,0.13755173981189728,True
qb_000273,health_and_safety,qb_000273__health_and_safety,0.6598506,,0.15641672909259796,False
qb_014860,security_and_defense,qb_014860__security_and_defense,0.6130485,0.5997452139854431,0.20942158997058868,True
qb_014860,external_regulation,qb_014860__external_regulation,0.61250556,0.6306112408638,0.14695604145526886,True
qb_014860,policy_prescription,qb_014860__policy_prescription,0.7672173,0.5571640133857727,0.1557401865720749,True
qb_014860,political,qb_014860__political,0.6930494,0.5745680928230286,0.1860487461090088,True
qb_006574,legality_constitutionality,qb_006574__legality_constitutionality,0.5347629,0.47846847772598267,0.2741192579269409,True
qb_006574,crime_and_punishment,qb_006574__crime_and_punishment,0.74970484,0.5598108768463135,0.24115602672100067,True
qb_006574,political,qb_006574__political,0.71981454,0.5680987238883972,0.20805342495441437,True
qb_006574,security_and_defense,qb_006574__security_and_defense,0.68090236,0.5021212697029114,0.20681944489479065,True
qb_006574,public_sentiment,qb_006574__public_sentiment,0.70456755,0.5260940790176392,0.25730955600738525,True
qb_013758,legality_constitutionality,qb_013758__legality_constitutionality,0.65812826,0.5621764659881592,0.20224913954734802,True
qb_013758,political,qb_013758__political,0.7966115,0.5477607250213623,0.18388698995113373,True
qb_013758,crime_and_punishment,qb_013758__crime_and_punishment,0.68923086,0.6770599484443665,0.2182970494031906,True
qb_014665,legality_constitutionality,qb_014665__legality_constitutionality,0.7709683,0.5585464835166931,0.14968492090702057,True
qb_014665,health_and_safety,qb_014665__health_and_safety,0.7149236,0.6046379804611206,0.16523726284503937,True
qb_000799,security_and_defense,qb_000799__security_and_defense,0.6951637,0.6410869359970093,0.22421260178089142,True
qb_000799,political,qb_000799__political,0.6245339,0.7042995691299438,0.2849763035774231,True
qb_000799,external_regulation,qb_000799__external_regulation,0.8043596,0.6880641579627991,0.2105385959148407,True
qb_000799,capacity_and_resources,qb_000799__capacity_and_resources,0.671965,0.5090413689613342,0.17879292368888855,True
qb_000799,policy_prescription,qb_000799__policy_prescription,0.78516287,0.7128821611404419,0.2278072088956833,True
qb_000799,crime_and_punishment,qb_000799__crime_and_punishment,0.67649347,0.5957177877426147,0.1546238362789154,True
qb_014657,political,qb_014657__political,0.91207266,0.7088862061500549,0.1893286406993866,True
qb_014657,public_sentiment,qb_014657__public_sentiment,0.81547093,0.6634484529495239,0.2290424406528473,True
qb_014283,crime_and_punishment,qb_014283__crime_and_punishment,0.5790662,0.4330492317676544,0.17342543601989746,True
qb_014283,legality_constitutionality,qb_014283__legality_constitutionality,0.7485168,0.5195965766906738,0.1508343666791916,True
qb_014283,public_sentiment,qb_014283__public_sentiment,0.7943992,0.4186065196990967,0.2060861885547638,True
qb_014283,morality,qb_014283__morality,0.65218234,0.3805997371673584,0.11678855121135712,True
qb_000880,health_and_safety,qb_000880__health_and_safety,0.6462077,0.4645061492919922,0.1586553156375885,True
qb_000880,policy_prescription,qb_000880__policy_prescription,0.73855406,0.5184346437454224,0.16691207885742188,True
qb_000880,capacity_and_resources,qb_000880__capacity_and_resources,0.64542735,0.5185548067092896,0.1502436101436615,True
qb_000880,economic,qb_000880__economic,0.73422885,0.5118173360824585,0.1664959192276001,True
qb_000880,quality_of_life,qb_000880__quality_of_life,0.70952433,0.5525922775268555,0.27009469270706177,True
qb_000880,political,qb_000880__political,0.78579414,0.5248104333877563,0.19306962192058563,True
qb_000880,security_and_defense,qb_000880__security_and_defense,0.5926348,0.5402326583862305,0.2232355773448944,True
qb_000880,cultural_identity,qb_000880__cultural_identity,0.83235186,0.4111458361148834,0.21388831734657288,True
qb_021024,external_regulation,qb_021024__external_regulation,0.84713584,0.6314060688018799,0.1586359441280365,True
qb_021024,political,qb_021024__political,0.7462407,0.5054274201393127,0.19383718073368073,True
qb_013479,cultural_identity,qb_013479__cultural_identity,0.7123803,0.5614707469940186,0.22472138702869415,True
qb_013479,public_sentiment,qb_013479__public_sentiment,0.8408052,0.5795962810516357,0.20538678765296936,True
qb_013479,fairness_and_equality,qb_013479__fairness_and_equality,0.71814805,0.592099130153656,0.1584664285182953,True
qb_013479,crime_and_punishment,qb_013479__crime_and_punishment,0.68085235,0.5546038746833801,0.21358749270439148,True
qb_013479,security_and_defense,qb_013479__security_and_defense,0.6994833,0.5627127885818481,0.22283920645713806,True
qb_021006,crime_and_punishment,qb_021006__crime_and_punishment,0.6804616,0.4599243998527527,0.13267414271831512,True
qb_021006,legality_constitutionality,qb_021006__legality_constitutionality,0.7906026,0.5023935437202454,0.15683355927467346,True
qb_021006,security_and_defense,qb_021006__security_and_defense,0.7259668,0.4454222321510315,0.22262132167816162,True
qb_016572,political,qb_016572__political,0.7425909,0.5439935326576233,0.2301616370677948,True
qb_016572,policy_prescription,qb_016572__policy_prescription,0.6671139,0.47519129514694214,0.27510926127433777,True
qb_016572,morality,qb_016572__morality,0.7160853,0.4404083490371704,0.2210313379764557,True
qb_006350,economic,qb_006350__economic,0.74380213,0.7381840944290161,0.17708449065685272,True
qb_006350,quality_of_life,qb_006350__quality_of_life,0.83242357,0.6345386505126953,0.16384705901145935,True
qb_003967,legality_constitutionality,qb_003967__legality_constitutionality,0.764704,0.692352294921875,0.20844951272010803,True
qb_003967,economic,qb_003967__economic,0.75159454,0.6818992495536804,0.17665553092956543,True
qb_003967,cultural_identity,qb_003967__cultural_identity,0.87149537,0.6658689975738525,0.19495132565498352,True
qb_003967,public_sentiment,qb_003967__public_sentiment,0.8880254,0.6049105525016785,0.2453111708164215,True
qb_021019,economic,qb_021019__economic,0.65678406,,0.1396922767162323,False
qb_012001,policy_prescription,qb_012001__policy_prescription,0.79249966,0.6104045510292053,0.16144797205924988,True
qb_012001,legality_constitutionality,qb_012001__legality_constitutionality,0.7568478,0.6257266998291016,0.21776564419269562,True
qb_012001,political,qb_012001__political,0.6387297,0.5895819664001465,0.2649601101875305,True
qb_012001,security_and_defense,qb_012001__security_and_defense,0.66585124,0.5593538880348206,0.21704211831092834,True
qb_021366,political,qb_021366__political,0.76637733,0.5881134867668152,0.23136070370674133,True
qb_021366,policy_prescription,qb_021366__policy_prescription,0.57082295,0.5061454176902771,0.18678590655326843,True
qb_021366,public_sentiment,qb_021366__public_sentiment,0.7772318,0.5248080492019653,0.25008827447891235,True
qb_021366,health_and_safety,qb_021366__health_and_safety,0.6576748,0.5082903504371643,0.26961061358451843,True
qb_007404,economic,qb_007404__economic,0.73105586,0.5581539869308472,0.1519230306148529,True
qb_007404,political,qb_007404__political,0.6222997,0.5187424421310425,0.2506273686885834,True
qb_007404,capacity_and_resources,qb_007404__capacity_and_resources,0.69782114,0.5511810779571533,0.1483950912952423,True
qb_007404,public_sentiment,qb_007404__public_sentiment,0.7637315,0.5193543434143066,0.2520364820957184,True
qb_007404,policy_prescription,qb_007404__policy_prescription,0.75420684,0.6114821434020996,0.20028328895568848,True
qb_007404,morality,qb_007404__morality,0.67043746,0.5264173150062561,0.14856314659118652,True
qb_005623,legality_constitutionality,qb_005623__legality_constitutionality,0.73512375,0.7317011952400208,0.20467150211334229,True
qb_005623,political,qb_005623__political,0.73242885,0.5574588775634766,0.2755165100097656,True
qb_009740,legality_constitutionality,qb_009740__legality_constitutionality,0.84946865,0.37315043807029724,0.17824821174144745,True
qb_009740,political,qb_009740__political,0.7835486,0.6367236971855164,0.2105853110551834,True
qb_009740,crime_and_punishment,qb_009740__crime_and_punishment,0.6747697,0.5151370167732239,0.20442581176757812,True
qb_009740,security_and_defense,qb_009740__security_and_defense,0.78412557,0.5817843079566956,0.23416785895824432,True
qb_009829,political,qb_009829__political,0.83933467,0.7783915996551514,0.21454015374183655,True
qb_009829,public_sentiment,qb_009829__public_sentiment,0.7945788,0.7174286842346191,0.21058806777000427,True
qb_009829,policy_prescription,qb_009829__policy_prescription,0.8162313,0.7281534075737,0.2677472233772278,True
qb_009829,capacity_and_resources,qb_009829__capacity_and_resources,0.81441605,0.680834174156189,0.17820081114768982,True
qb_009829,security_and_defense,qb_009829__security_and_defense,0.8534882,0.754885196685791,0.26281026005744934,True
qb_007231,legality_constitutionality,qb_007231__legality_constitutionality,0.5137239,0.46659883856773376,0.20456179976463318,True
qb_007231,policy_prescription,qb_007231__policy_prescription,0.69402254,0.5239088535308838,0.23701676726341248,True
qb_007231,political,qb_007231__political,0.68049437,0.4522910714149475,0.27170246839523315,True
qb_017878,public_sentiment,qb_017878__public_sentiment,0.6960391,0.8444094061851501,0.2875273823738098,True
qb_017878,political,qb_017878__political,0.7178684,0.5293818712234497,0.22590580582618713,True
qb_003103,political,qb_003103__political,0.819296,0.5903652906417847,0.33405381441116333,True
qb_003103,external_regulation,qb_003103__external_regulation,0.6931233,0.6649106740951538,0.29424309730529785,True
qb_003103,security_and_defense,qb_003103__security_and_defense,0.77490115,0.71886146068573,0.2626575529575348,True
qb_012021,health_and_safety,qb_012021__health_and_safety,0.66403264,0.6526650190353394,0.1300388127565384,True
qb_012021,fairness_and_equality,qb_012021__fairness_and_equality,0.85332865,0.6353021860122681,0.182897686958313,True
qb_012021,external_regulation,qb_012021__external_regulation,0.6881188,0.6621670126914978,0.1816723644733429,True
qb_012021,capacity_and_resources,qb_012021__capacity_and_resources,0.7059641,0.6239576935768127,0.171574205160141,True
qb_012021,public_sentiment,qb_012021__public_sentiment,0.806351,0.5710338354110718,0.23296251893043518,True
qb_015491,health_and_safety,qb_015491__health_and_safety,0.7997539,0.6746158003807068,0.19999130070209503,True
qb_015491,capacity_and_resources,qb_015491__capacity_and_resources,0.5862012,0.45589157938957214,0.17218688130378723,True
qb_015491,policy_prescription,qb_015491__policy_prescription,0.8148861,0.7322599291801453,0.18012653291225433,True
qb_015491,quality_of_life,qb_015491__quality_of_life,0.66415906,0.645138680934906,0.27264803647994995,True
qb_010739,legality_constitutionality,qb_010739__legality_constitutionality,0.6807627,0.5830078721046448,0.2179744690656662,True
qb_010739,policy_prescription,qb_010739__policy_prescription,0.6989061,0.634207010269165,0.20897290110588074,True
qb_010739,crime_and_punishment,qb_010739__crime_and_punishment,0.47028363,0.6880245208740234,0.23503868281841278,True
qb_010739,political,qb_010739__political,0.68160045,0.5774039030075073,0.23625978827476501,True
qb_009402,external_regulation,qb_009402__external_regulation,0.6314511,0.3647398352622986,0.18928861618041992,True
qb_009402,political,qb_009402__political,0.71994215,0.3349429965019226,0.2584209442138672,True
qb_001857,health_and_safety,qb_001857__health_and_safety,0.7247723,0.6313848495483398,0.17587749660015106,True
qb_001857,capacity_and_resources,qb_001857__capacity_and_resources,0.7324017,0.6353776454925537,0.217108815908432,True
qb_001857,security_and_defense,qb_001857__security_and_defense,0.72771406,0.6935171484947205,0.17488142848014832,True
qb_011139,legality_constitutionality,qb_011139__legality_constitutionality,0.6033344,0.48044827580451965,0.198410764336586,True
qb_011139,political,qb_011139__political,0.67436963,0.47164249420166016,0.21862757205963135,True
qb_011139,public_sentiment,qb_011139__public_sentiment,0.6498302,0.5644659996032715,0.2513279914855957,True
qb_001997,policy_prescription,qb_001997__policy_prescription,0.71962637,0.7369197010993958,0.17976553738117218,True
qb_001997,political,qb_001997__political,0.8621949,0.5774241089820862,0.2435562163591385,True
qb_001997,economic,qb_001997__economic,0.79950464,0.6174648404121399,0.16993384063243866,True
qb_001997,health_and_safety,qb_001997__health_and_safety,0.7159935,0.6080254912376404,0.17410537600517273,True
qb_017682,security_and_defense,qb_017682__security_and_defense,0.82879066,0.6417814493179321,0.15368220210075378,True
qb_017682,external_regulation,qb_017682__external_regulation,0.7932415,0.5530716180801392,0.2274997979402542,True
qb_017682,political,qb_017682__political,0.8334107,0.5123457312583923,0.23707997798919678,True
qb_017682,capacity_and_resources,qb_017682__capacity_and_resources,0.69311285,0.6370485424995422,0.23307394981384277,True
qb_017682,health_and_safety,qb_017682__health_and_safety,0.7952943,0.42793911695480347,0.12739737331867218,True
qb_016811,political,qb_016811__political,0.6885069,0.5152857303619385,0.262655109167099,True
qb_016811,legality_constitutionality,qb_016811__legality_constitutionality,0.65864325,0.43696504831314087,0.21243643760681152,True
qb_016811,public_sentiment,qb_016811__public_sentiment,0.71173155,0.5065187811851501,0.2733178734779358,True
qb_013355,health_and_safety,qb_013355__health_and_safety,0.77348006,0.5851234793663025,0.16871796548366547,True
qb_013355,capacity_and_resources,qb_013355__capacity_and_resources,0.64998496,0.5574389696121216,0.1794547736644745,True
qb_013355,legality_constitutionality,qb_013355__legality_constitutionality,0.7408638,0.6649476885795593,0.15702950954437256,True
qb_013355,political,qb_013355__political,0.64325106,0.52653568983078,0.21379132568836212,True
qb_014337,political,qb_014337__political,0.7238587,0.6837975382804871,0.2692428231239319,True
qb_014337,security_and_defense,qb_014337__security_and_defense,0.7035326,0.5683977603912354,0.19079716503620148,True
qb_020112,political,qb_020112__political,0.7099571,0.527451753616333,0.19861513376235962,True
qb_020112,policy_prescription,qb_020112__policy_prescription,0.6153533,0.5068884491920471,0.23974604904651642,True
qb_020112,health_and_safety,qb_020112__health_and_safety,0.58799237,0.47061237692832947,0.20954346656799316,True
qb_020112,public_sentiment,qb_020112__public_sentiment,0.6816384,0.478703111410141,0.23712900280952454,True
qb_007912,policy_prescription,qb_007912__policy_prescription,0.8358246,0.6827107071876526,0.15594999492168427,True
qb_007912,fairness_and_equality,qb_007912__fairness_and_equality,0.8731348,0.7248656153678894,0.1526879519224167,True
qb_007912,cultural_identity,qb_007912__cultural_identity,0.8072742,0.7186349034309387,0.1867523342370987,True
qb_007912,public_sentiment,qb_007912__public_sentiment,0.8013129,0.7203735709190369,0.20029917359352112,True
qb_013811,economic,qb_013811__economic,0.6214163,0.5660356879234314,0.2821553647518158,True
qb_013811,policy_prescription,qb_013811__policy_prescription,0.7934523,0.5317072868347168,0.2111194133758545,True
qb_013811,capacity_and_resources,qb_013811__capacity_and_resources,0.6191081,0.571951687335968,0.2310715913772583,True
qb_013811,political,qb_013811__political,0.79292357,0.5897910594940186,0.25148046016693115,True
qb_013811,public_sentiment,qb_013811__public_sentiment,0.7394343,0.5879741907119751,0.2568829655647278,True
qb_008444,political,qb_008444__political,0.5338683,0.38205504417419434,0.1792759895324707,True
qb_008444,capacity_and_resources,qb_008444__capacity_and_resources,0.5436821,0.43519309163093567,0.1990843564271927,True
qb_008444,public_sentiment,qb_008444__public_sentiment,0.7029836,0.5028257369995117,0.15428516268730164,True
qb_012352,legality_constitutionality,qb_012352__legality_constitutionality,0.7462143,0.63539719581604,0.21340210735797882,True
qb_012352,crime_and_punishment,qb_012352__crime_and_punishment,0.8178197,0.5673887729644775,0.17837266623973846,True
qb_012352,political,qb_012352__political,0.7733784,0.6172689199447632,0.19433380663394928,True
qb_012352,external_regulation,qb_012352__external_regulation,0.78660816,0.611863374710083,0.2477034628391266,True
qb_004548,security_and_defense,qb_004548__security_and_defense,0.7362732,0.6331292986869812,0.26188725233078003,True
qb_004548,external_regulation,qb_004548__external_regulation,0.7383827,0.6455003023147583,0.23639628291130066,True
qb_004548,economic,qb_004548__economic,0.6960801,0.5903991460800171,0.21127009391784668,True
qb_004548,policy_prescription,qb_004548__policy_prescription,0.71719825,0.5548311471939087,0.1624392718076706,True
qb_004548,legality_constitutionality,qb_004548__legality_constitutionality,0.51545125,0.44253820180892944,0.25460585951805115,True
qb_004548,political,qb_004548__political,0.77286386,0.6077644228935242,0.25367122888565063,True
qb_009185,political,qb_009185__political,0.81974334,0.5897247791290283,0.2751508951187134,True
qb_009185,legality_constitutionality,qb_009185__legality_constitutionality,0.6074713,0.6505557894706726,0.1538936197757721,True
qb_009185,crime_and_punishment,qb_009185__crime_and_punishment,0.6778691,0.631377100944519,0.2727352976799011,True
qb_010133,health_and_safety,qb_010133__health_and_safety,0.7902684,0.732405960559845,0.25385814905166626,True
qb_010133,public_sentiment,qb_010133__public_sentiment,0.76523864,0.6656031608581543,0.27885693311691284,True
qb_010133,political,qb_010133__political,0.75376546,0.7826641201972961,0.18130812048912048,True
qb_010133,policy_prescription,qb_010133__policy_prescription,0.8256037,0.6970386505126953,0.2282908707857132,True
qb_002573,policy_prescription,qb_002573__policy_prescription,0.7937619,0.7277612686157227,0.19252686202526093,True
qb_002573,legality_constitutionality,qb_002573__legality_constitutionality,0.79119545,0.6450231671333313,0.214199036359787,True
qb_002573,political,qb_002573__political,0.735283,0.7358925938606262,0.21186797320842743,True
qb_002573,fairness_and_equality,qb_002573__fairness_and_equality,0.59836936,0.5699827671051025,0.19207432866096497,True
qb_002573,economic,qb_002573__economic,0.7597401,0.6870800256729126,0.20432503521442413,True
qb_008540,legality_constitutionality,qb_008540__legality_constitutionality,0.7947297,0.750080406665802,0.20365235209465027,True
qb_008540,political,qb_008540__political,0.7459613,0.6732869148254395,0.2287786304950714,True
qb_012198,economic,qb_012198__economic,0.5406708,0.6001516580581665,0.2220570296049118,True
qb_012198,external_regulation,qb_012198__external_regulation,0.62863415,0.6807703971862793,0.23112468421459198,True
qb_012198,policy_prescription,qb_012198__policy_prescription,0.6264472,0.5196559429168701,0.23854398727416992,True
qb_004362,capacity_and_resources,qb_004362__capacity_and_resources,0.8163569,0.6962154507637024,0.18229076266288757,True
qb_004362,health_and_safety,qb_004362__health_and_safety,0.73647046,0.6728025078773499,0.22601179778575897,True
qb_004362,economic,qb_004362__economic,0.8491731,0.6797939538955688,0.14475493133068085,True
qb_002881,economic,qb_002881__economic,0.6047112,0.5407848358154297,0.12944158911705017,True
qb_002881,public_sentiment,qb_002881__public_sentiment,0.7671215,0.5950126647949219,0.1676933765411377,True
qb_007498,economic,qb_007498__economic,0.57652116,0.5280881524085999,0.22196361422538757,True
qb_007498,health_and_safety,qb_007498__health_and_safety,0.63160866,0.4580102860927582,0.17811401188373566,True
qb_007498,policy_prescription,qb_007498__policy_prescription,0.8233515,0.5012943148612976,0.20210209488868713,True
qb_007498,quality_of_life,qb_007498__quality_of_life,0.57808137,0.5408951640129089,0.22244282066822052,True
qb_014289,economic,qb_014289__economic,0.531026,0.5387600660324097,0.16947953402996063,True
qb_014289,policy_prescription,qb_014289__policy_prescription,0.56974435,0.534079909324646,0.2394508421421051,True
qb_014289,fairness_and_equality,qb_014289__fairness_and_equality,0.66142094,0.6292341947555542,0.13582351803779602,True
qb_014289,political,qb_014289__political,0.6370351,0.5492388010025024,0.24626655876636505,True
qb_014289,health_and_safety,qb_014289__health_and_safety,0.6546725,0.45238184928894043,0.1814466416835785,True
qb_000304,political,qb_000304__political,0.8003338,0.6513360738754272,0.23961906135082245,True
qb_000304,policy_prescription,qb_000304__policy_prescription,0.8358041,0.693105936050415,0.2256515473127365,True
qb_000304,health_and_safety,qb_000304__health_and_safety,0.8095163,0.6282304525375366,0.20953448116779327,True
qb_000304,public_sentiment,qb_000304__public_sentiment,0.7697594,0.5903677344322205,0.19679448008537292,True
qb_000304,legality_constitutionality,qb_000304__legality_constitutionality,0.8832496,0.5367243885993958,0.2915184795856476,True
qb_008563,legality_constitutionality,qb_008563__legality_constitutionality,0.7819729,0.6591130495071411,0.17633037269115448,True
qb_008563,crime_and_punishment,qb_008563__crime_and_punishment,0.8740724,0.5257872343063354,0.22838695347309113,True
qb_010337,security_and_defense,qb_010337__security_and_defense,0.7799928,0.6304730176925659,0.15213796496391296,True
qb_010337,external_regulation,qb_010337__external_regulation,0.668939,0.6976749897003174,0.13782010972499847,True
qb_010337,crime_and_punishment,qb_010337__crime_and_punishment,0.72949016,0.5243082642555237,0.2077440768480301,True
qb_010337,policy_prescription,qb_010337__policy_prescription,0.5758536,0.6682875752449036,0.2480200231075287,True
qb_014455,legality_constitutionality,qb_014455__legality_constitutionality,0.8186178,0.6612236499786377,0.21957699954509735,True
qb_014455,policy_prescription,qb_014455__policy_prescription,0.7839614,0.6778773665428162,0.21428081393241882,True
qb_014455,security_and_defense,qb_014455__security_and_defense,0.8221848,0.6064535975456238,0.22460255026817322,True
qb_014455,political,qb_014455__political,0.6057445,0.5339294075965881,0.21707816421985626,True
qb_007731,economic,qb_007731__economic,0.7248658,0.4916585385799408,0.198944553732872,True
qb_007731,external_regulation,qb_007731__external_regulation,0.5892279,0.49466606974601746,0.16270208358764648,True
qb_007731,policy_prescription,qb_007731__policy_prescription,0.82027406,0.5297630429267883,0.16244834661483765,True
qb_007731,political,qb_007731__political,0.7693449,0.481217622756958,0.22557160258293152,True
qb_013219,political,qb_013219__political,0.76573193,0.7674223780632019,0.20001325011253357,True
qb_013219,crime_and_punishment,qb_013219__crime_and_punishment,0.8331659,0.7785459756851196,0.2016497105360031,True
qb_010824,security_and_defense,qb_010824__security_and_defense,0.7113502,0.5623549818992615,0.18961289525032043,True
qb_010824,external_regulation,qb_010824__external_regulation,0.8476178,0.6590728163719177,0.2413678616285324,True
qb_010824,political,qb_010824__political,0.7911651,0.5574202537536621,0.18649986386299133,True
qb_010824,capacity_and_resources,qb_010824__capacity_and_resources,0.66696036,0.5346251130104065,0.18567587435245514,True
qb_010824,morality,qb_010824__morality,0.75609386,0.5440777540206909,0.21787777543067932,True
qb_000130,policy_prescription,qb_000130__policy_prescription,0.80832326,0.7083276510238647,0.26408347487449646,True
qb_000130,political,qb_000130__political,0.72494453,0.5282105207443237,0.1827675998210907,True
qb_000130,legality_constitutionality,qb_000130__legality_constitutionality,0.7190591,0.736935019493103,0.26853281259536743,True
qb_020092,security_and_defense,qb_020092__security_and_defense,0.76690745,0.661555826663971,0.19180235266685486,True
qb_020092,external_regulation,qb_020092__external_regulation,0.77934706,0.643748939037323,0.20140394568443298,True
qb_020092,policy_prescription,qb_020092__policy_prescription,0.7261719,0.7086482048034668,0.23659560084342957,True
qb_020092,political,qb_020092__political,0.6975792,0.615963876247406,0.2728317081928253,True
qb_018514,cultural_identity,qb_018514__cultural_identity,0.7926917,0.6166963577270508,0.1709911972284317,True
qb_018514,legality_constitutionality,qb_018514__legality_constitutionality,0.79711896,0.6846293210983276,0.2529600262641907,True
qb_018514,political,qb_018514__political,0.8484055,0.606147825717926,0.20683369040489197,True
qb_015469,political,qb_015469__political,0.7444687,0.5096296668052673,0.2765780985355377,True
qb_015469,policy_prescription,qb_015469__policy_prescription,0.6942522,0.6550508737564087,0.21884720027446747,True
qb_015469,health_and_safety,qb_015469__health_and_safety,0.6964109,0.6091814041137695,0.25135213136672974,True
qb_002913,political,qb_002913__political,0.6703909,0.5986096262931824,0.2165244072675705,True
qb_002913,legality_constitutionality,qb_002913__legality_constitutionality,0.78890586,0.600497841835022,0.21262109279632568,True
qb_002913,fairness_and_equality,qb_002913__fairness_and_equality,0.72635543,0.5266673564910889,0.24103429913520813,True
qb_007003,health_and_safety,qb_007003__health_and_safety,0.7936258,0.7060638666152954,0.19522276520729065,True
qb_007003,policy_prescription,qb_007003__policy_prescription,0.7594732,0.870842695236206,0.19899260997772217,True
qb_007003,political,qb_007003__political,0.81291556,0.6299247741699219,0.2712051570415497,True
qb_019323,legality_constitutionality,qb_019323__legality_constitutionality,0.70831096,0.7179206609725952,0.21015658974647522,True
qb_019323,political,qb_019323__political,0.7838758,0.7027816772460938,0.19655194878578186,True
qb_021411,security_and_defense,qb_021411__security_and_defense,0.75477946,0.7196080088615417,0.16289369761943817,True
qb_021411,crime_and_punishment,qb_021411__crime_and_punishment,0.7856691,0.6481736302375793,0.26493436098098755,True
qb_021411,public_sentiment,qb_021411__public_sentiment,0.78868794,0.572842538356781,0.15670762956142426,True
qb_021411,morality,qb_021411__morality,0.7395572,0.6584225296974182,0.11893568187952042,True
qb_019236,political,qb_019236__political,0.78916615,0.7677156925201416,0.24532350897789001,True
qb_019236,public_sentiment,qb_019236__public_sentiment,0.85740477,0.7749202251434326,0.19539615511894226,True
qb_008843,political,qb_008843__political,0.67766416,0.6300390958786011,0.17847585678100586,True
qb_008843,morality,qb_008843__morality,0.8048935,0.5302456617355347,0.24514126777648926,True
qb_008843,legality_constitutionality,qb_008843__legality_constitutionality,0.62609434,0.542132556438446,0.16348859667778015,True
qb_018422,external_regulation,qb_018422__external_regulation,0.7664845,0.6356204748153687,0.18910089135169983,True
qb_018422,security_and_defense,qb_018422__security_and_defense,0.6638,0.6017717123031616,0.19370059669017792,True
qb_018422,political,qb_018422__political,0.78846484,0.4552915394306183,0.261138916015625,True
qb_004775,economic,qb_004775__economic,0.6733279,0.5426049828529358,0.17503169178962708,True
qb_004775,political,qb_004775__political,0.84321314,0.4286482036113739,0.2704850435256958,True
qb_004775,policy_prescription,qb_004775__policy_prescription,0.7961387,0.6329447627067566,0.24774882197380066,True
qb_001374,legality_constitutionality,qb_001374__legality_constitutionality,0.74646777,0.7893919348716736,0.23302796483039856,True
qb_001374,crime_and_punishment,qb_001374__crime_and_punishment,0.7638868,0.702010989189148,0.18099255859851837,True
qb_001374,fairness_and_equality,qb_001374__fairness_and_equality,0.7310203,0.5548474788665771,0.15707118809223175,True
qb_001374,morality,qb_001374__morality,0.677454,0.5901983380317688,0.1652124971151352,True
qb_001374,economic,qb_001374__economic,0.5565667,0.5627373456954956,0.1425565630197525,True
qb_017250,legality_constitutionality,qb_017250__legality_constitutionality,0.7897577,0.6937195658683777,0.152569979429245,True
qb_017250,crime_and_punishment,qb_017250__crime_and_punishment,0.81982666,0.8127182722091675,0.20933136343955994,True
qb_017250,policy_prescription,qb_017250__policy_prescription,0.53822196,0.5037696957588196,0.15458670258522034,True
qb_017250,political,qb_017250__political,0.7646751,0.7052977085113525,0.24995854496955872,True
qb_017250,external_regulation,qb_017250__external_regulation,0.68345904,0.6710553169250488,0.2301402986049652,True
qb_007063,legality_constitutionality,qb_007063__legality_constitutionality,0.8425811,0.47845369577407837,0.22319857776165009,True
qb_007063,crime_and_punishment,qb_007063__crime_and_punishment,0.62981695,0.6901465058326721,0.193329855799675,True
qb_007063,political,qb_007063__political,0.6197266,0.5241919159889221,0.15854981541633606,True
qb_002903,economic,qb_002903__economic,0.5946282,0.6792027950286865,0.16909101605415344,True
qb_002903,capacity_and_resources,qb_002903__capacity_and_resources,0.6810713,0.6420073509216309,0.15689848363399506,True
qb_002903,policy_prescription,qb_002903__policy_prescription,0.70943445,0.6592268943786621,0.20812919735908508,True
qb_002903,quality_of_life,qb_002903__quality_of_life,0.81895924,0.6589933037757874,0.14764992892742157,True
qb_017394,political,qb_017394__political,0.59173703,0.48289740085601807,0.21390004456043243,True
qb_017394,security_and_defense,qb_017394__security_and_defense,0.81077534,0.5571230053901672,0.27439209818840027,True
qb_017394,crime_and_punishment,qb_017394__crime_and_punishment,0.76229763,0.5330590605735779,0.2523903250694275,True
qb_002008,security_and_defense,qb_002008__security_and_defense,0.72947335,0.6218898296356201,0.20035488903522491,True
qb_002008,public_sentiment,qb_002008__public_sentiment,0.7497968,0.569952130317688,0.19218473136425018,True
qb_002008,crime_and_punishment,qb_002008__crime_and_punishment,0.67811716,0.6506705284118652,0.19916360080242157,True
qb_017046,security_and_defense,qb_017046__security_and_defense,0.49496073,0.4875565767288208,0.2159024029970169,True
qb_017046,policy_prescription,qb_017046__policy_prescription,0.6074826,0.6168808341026306,0.1781584918498993,True
qb_017046,political,qb_017046__political,0.63432777,0.6147928833961487,0.31900855898857117,True
qb_017046,external_regulation,qb_017046__external_regulation,0.7666973,0.6083734631538391,0.23042988777160645,True
qb_017046,legality_constitutionality,qb_017046__legality_constitutionality,0.79846436,0.7060095071792603,0.19353021681308746,True
qb_019419,policy_prescription,qb_019419__policy_prescription,0.65029347,0.5201140642166138,0.225248783826828,True
qb_019419,security_and_defense,qb_019419__security_and_defense,0.5292695,0.48378968238830566,0.2738441526889801,True
qb_019419,capacity_and_resources,qb_019419__capacity_and_resources,0.55933076,0.4503649175167084,0.21514467895030975,True
qb_019419,political,qb_019419__political,0.81407785,0.4899718761444092,0.27169498801231384,True
qb_019419,legality_constitutionality,qb_019419__legality_constitutionality,0.6346961,0.403472900390625,0.18818524479866028,True
qb_019419,cultural_identity,qb_019419__cultural_identity,0.8198205,0.3838112950325012,0.16952580213546753,True
qb_002093,public_sentiment,qb_002093__public_sentiment,0.87603843,0.6474746465682983,0.20292234420776367,True
qb_002093,cultural_identity,qb_002093__cultural_identity,0.71317136,0.680320680141449,0.1817396581172943,True
qb_002961,capacity_and_resources,qb_002961__capacity_and_resources,0.80563915,0.611946702003479,0.14538612961769104,True
qb_002961,other,qb_002961__other,0.75628906,0.48941195011138916,0.12710118293762207,True
qb_006513,public_sentiment,qb_006513__public_sentiment,0.66468346,0.5120760798454285,0.3122456967830658,True
qb_006513,political,qb_006513__political,0.73186773,0.6146061420440674,0.27516841888427734,True
qb_006513,crime_and_punishment,qb_006513__crime_and_punishment,0.8101942,0.6734664440155029,0.19519121944904327,True
qb_006513,policy_prescription,qb_006513__policy_prescription,0.7629769,0.6728105545043945,0.23988869786262512,True
qb_015782,political,qb_015782__political,0.84574574,0.5652217864990234,0.21345505118370056,True
qb_015782,legality_constitutionality,qb_015782__legality_constitutionality,0.68173474,0.618354082107544,0.25770318508148193,True
qb_015782,external_regulation,qb_015782__external_regulation,0.6062724,0.5341184735298157,0.24629433453083038,True
qb_015782,public_sentiment,qb_015782__public_sentiment,0.7323784,0.6615201830863953,0.26960843801498413,True
qb_010566,political,qb_010566__political,0.74581337,0.5648629069328308,0.24117138981819153,True
qb_010566,legality_constitutionality,qb_010566__legality_constitutionality,0.6233318,0.65024733543396,0.16113099455833435,True
qb_010566,policy_prescription,qb_010566__policy_prescription,0.7727611,0.572121262550354,0.1694326549768448,True
qb_013964,legality_constitutionality,qb_013964__legality_constitutionality,0.69351166,0.7522767782211304,0.2313782274723053,True
qb_013964,security_and_defense,qb_013964__security_and_defense,0.8038316,0.7491620779037476,0.17174199223518372,True
qb_013964,crime_and_punishment,qb_013964__crime_and_punishment,0.7520665,0.6240249872207642,0.1948346644639969,True
qb_013964,policy_prescription,qb_013964__policy_prescription,0.76545656,0.7508295774459839,0.18085546791553497,True
qb_013964,external_regulation,qb_013964__external_regulation,0.7252095,0.8026219010353088,0.2426643818616867,True
qb_005506,cultural_identity,qb_005506__cultural_identity,0.724592,0.7713561058044434,0.20568302273750305,True
qb_005506,political,qb_005506__political,0.85397995,0.6854009628295898,0.16586166620254517,True
qb_005506,fairness_and_equality,qb_005506__fairness_and_equality,0.9062413,0.7686406970024109,0.196841299533844,True
qb_004298,security_and_defense,qb_004298__security_and_defense,0.7137382,0.6665446162223816,0.17774248123168945,True
qb_004298,policy_prescription,qb_004298__policy_prescription,0.70084405,0.6598924398422241,0.17286713421344757,True
qb_004298,fairness_and_equality,qb_004298__fairness_and_equality,0.65548444,0.5650731921195984,0.18965871632099152,True
qb_004298,capacity_and_resources,qb_004298__capacity_and_resources,0.6235991,0.7004386782646179,0.19102053344249725,True
qb_004298,economic,qb_004298__economic,0.70539856,0.5796376466751099,0.13896062970161438,True
qb_004298,health_and_safety,qb_004298__health_and_safety,0.6406392,0.6275542974472046,0.219234436750412,True
qb_004298,political,qb_004298__political,0.711423,0.4561091363430023,0.2062372863292694,True
qb_004298,cultural_identity,qb_004298__cultural_identity,0.6852925,0.5485370755195618,0.2172374725341797,True
qb_000602,legality_constitutionality,qb_000602__legality_constitutionality,0.55210114,0.6353623867034912,0.176093190908432,True
qb_000602,economic,qb_000602__economic,0.75295246,0.48618030548095703,0.14755237102508545,True
qb_000602,political,qb_000602__political,0.6748879,0.4510306417942047,0.23751647770404816,True
qb_000602,policy_prescription,qb_000602__policy_prescription,0.69083047,0.40162500739097595,0.2031375616788864,True
qb_004504,legality_constitutionality,qb_004504__legality_constitutionality,0.578279,0.633072555065155,0.207492858171463,True
qb_004504,economic,qb_004504__economic,0.75077885,0.5532059073448181,0.18972159922122955,True
qb_004504,health_and_safety,qb_004504__health_and_safety,0.7517444,0.5993273258209229,0.22947898507118225,True
qb_004504,crime_and_punishment,qb_004504__crime_and_punishment,0.6400423,0.6612445116043091,0.18260101974010468,True
qb_004504,public_sentiment,qb_004504__public_sentiment,0.6949877,0.5800096988677979,0.2471856325864792,True
qb_012039,political,qb_012039__political,0.7299461,0.6687120795249939,0.19235464930534363,True
qb_012039,morality,qb_012039__morality,0.72251046,0.6870919466018677,0.207455113530159,True
qb_000088,political,qb_000088__political,0.5763732,0.48313355445861816,0.2791683077812195,True
qb_000088,external_regulation,qb_000088__external_regulation,0.771357,0.571119487285614,0.22094611823558807,True
qb_000088,policy_prescription,qb_000088__policy_prescription,0.67768264,0.6626971960067749,0.2724868357181549,True
qb_000088,economic,qb_000088__economic,0.8157588,0.5493562817573547,0.18900837004184723,True
qb_000088,public_sentiment,qb_000088__public_sentiment,0.78241885,0.5759416222572327,0.2039240300655365,True
qb_001527,external_regulation,qb_001527__external_regulation,0.8014164,0.6992830634117126,0.21613065898418427,True
qb_001527,security_and_defense,qb_001527__security_and_defense,0.8149576,0.6771650314331055,0.23588605225086212,True
qb_001527,political,qb_001527__political,0.74221975,0.6422103643417358,0.24355201423168182,True
qb_000241,political,qb_000241__political,0.797848,0.6765943169593811,0.22394418716430664,True
qb_000241,legality_constitutionality,qb_000241__legality_constitutionality,0.6698612,0.6389834880828857,0.1588534712791443,True
qb_000241,public_sentiment,qb_000241__public_sentiment,0.73912805,0.5990855693817139,0.25926119089126587,True
qb_013010,policy_prescription,qb_013010__policy_prescription,0.6133922,0.46853217482566833,0.20318862795829773,True
qb_013010,economic,qb_013010__economic,0.61295193,0.4173639714717865,0.12895400822162628,True
qb_013010,political,qb_013010__political,0.75000346,0.36779269576072693,0.16373708844184875,True
qb_013010,capacity_and_resources,qb_013010__capacity_and_resources,0.6370019,0.46582645177841187,0.1693495810031891,True
qb_013010,quality_of_life,qb_013010__quality_of_life,0.71556294,0.41582828760147095,0.14494556188583374,True
qb_013010,health_and_safety,qb_013010__health_and_safety,0.71676576,0.41801682114601135,0.1690465211868286,True
qb_014378,political,qb_014378__political,0.77378,0.5461564064025879,0.23862788081169128,True
qb_014378,security_and_defense,qb_014378__security_and_defense,0.6579573,0.5189900398254395,0.18338163197040558,True
qb_014378,policy_prescription,qb_014378__policy_prescription,0.6154709,0.485649973154068,0.1841953545808792,True
qb_014378,public_sentiment,qb_014378__public_sentiment,0.7700832,0.5613611936569214,0.27515169978141785,True
qb_014378,capacity_and_resources,qb_014378__capacity_and_resources,0.6906506,0.5057497024536133,0.23635360598564148,True
qb_011931,health_and_safety,qb_011931__health_and_safety,0.79729354,0.4941508173942566,0.19848088920116425,True
qb_011931,capacity_and_resources,qb_011931__capacity_and_resources,0.7842468,0.5186346173286438,0.21576905250549316,True
qb_011931,political,qb_011931__political,0.7415582,0.6317203044891357,0.1351539045572281,True
qb_002285,economic,qb_002285__economic,0.7441844,0.5066635012626648,0.18717879056930542,True
qb_002285,external_regulation,qb_002285__external_regulation,0.67133445,0.5856552124023438,0.19469332695007324,True
qb_002285,policy_prescription,qb_002285__policy_prescription,0.7544633,0.5036086440086365,0.1735323667526245,True
qb_002285,political,qb_002285__political,0.863659,0.5442221760749817,0.26023465394973755,True
qb_003494,crime_and_punishment,qb_003494__crime_and_punishment,0.7668837,0.5210184454917908,0.15064893662929535,True
qb_003494,security_and_defense,qb_003494__security_and_defense,0.77683276,0.560575008392334,0.19833889603614807,True
qb_003494,legality_constitutionality,qb_003494__legality_constitutionality,0.7420546,0.6213338375091553,0.1688966006040573,True
qb_003494,health_and_safety,qb_003494__health_and_safety,0.6568625,0.5836923718452454,0.19069033861160278,True
qb_009002,health_and_safety,qb_009002__health_and_safety,0.68679357,0.5776118636131287,0.18503965437412262,True
qb_009002,capacity_and_resources,qb_009002__capacity_and_resources,0.8739446,0.7060315012931824,0.2506272792816162,True
qb_009002,security_and_defense,qb_009002__security_and_defense,0.7222482,0.6830645203590393,0.19539587199687958,True
qb_009002,political,qb_009002__political,0.70041347,0.5945913195610046,0.2553800046443939,True
qb_020612,political,qb_020612__political,0.8021567,0.6209244728088379,0.2717856764793396,True
qb_020612,public_sentiment,qb_020612__public_sentiment,0.86429226,0.6930033564567566,0.24378633499145508,True
qb_008875,political,qb_008875__political,0.8594003,0.7366992235183716,0.21644005179405212,True
qb_008875,public_sentiment,qb_008875__public_sentiment,0.797217,0.8502413630485535,0.18858776986598969,True
qb_001115,political,qb_001115__political,0.6194298,0.5014206767082214,0.2816789746284485,True
qb_001115,public_sentiment,qb_001115__public_sentiment,0.61986846,0.5179141759872437,0.21026089787483215,True
qb_001115,morality,qb_001115__morality,0.71031266,0.5097135305404663,0.26782897114753723,True
qb_019240,health_and_safety,qb_019240__health_and_safety,0.69816875,0.7631705403327942,0.24069443345069885,True
qb_019240,policy_prescription,qb_019240__policy_prescription,0.8185948,0.7258775234222412,0.2441139966249466,True
qb_019240,political,qb_019240__political,0.79016554,0.5511648654937744,0.21401925384998322,True
qb_019240,legality_constitutionality,qb_019240__legality_constitutionality,0.77659225,0.7164027690887451,0.19393247365951538,True
qb_016204,legality_constitutionality,qb_016204__legality_constitutionality,0.6527302,0.47648125886917114,0.2034699022769928,True
qb_016204,political,qb_016204__political,0.7460082,0.460399866104126,0.16102895140647888,True
qb_016204,health_and_safety,qb_016204__health_and_safety,0.6596476,0.36078259348869324,0.18991346657276154,True
qb_003607,legality_constitutionality,qb_003607__legality_constitutionality,0.74103624,0.7294626832008362,0.19280490279197693,True
qb_003607,political,qb_003607__political,0.74990225,0.6888459920883179,0.29085999727249146,True
qb_007758,policy_prescription,qb_007758__policy_prescription,0.7290641,0.7202746868133545,0.18510571122169495,True
qb_007758,legality_constitutionality,qb_007758__legality_constitutionality,0.73895717,0.6978328824043274,0.17158761620521545,True
qb_007758,morality,qb_007758__morality,0.7606118,0.7186944484710693,0.13680368661880493,True
qb_007758,fairness_and_equality,qb_007758__fairness_and_equality,0.7756344,0.7224946618080139,0.18979164958000183,True
qb_007758,cultural_identity,qb_007758__cultural_identity,0.84714186,0.7122524976730347,0.17642000317573547,True
qb_020645,policy_prescription,qb_020645__policy_prescription,0.69340754,0.7054309844970703,0.2194182425737381,True
qb_020645,security_and_defense,qb_020645__security_and_defense,0.6539644,0.6319271326065063,0.28719979524612427,True
qb_020645,political,qb_020645__political,0.792209,0.5033602714538574,0.19976463913917542,True
qb_009657,cultural_identity,qb_009657__cultural_identity,0.79748464,0.4631917476654053,0.17165841162204742,True
qb_009657,health_and_safety,qb_009657__health_and_safety,0.6838565,0.3572661876678467,0.20690655708312988,True
qb_004157,capacity_and_resources,qb_004157__capacity_and_resources,0.70233554,0.6448552012443542,0.22434894740581512,True
qb_004157,public_sentiment,qb_004157__public_sentiment,0.784826,0.49085378646850586,0.1810482144355774,True
qb_004157,political,qb_004157__political,0.75702506,0.5897678136825562,0.19196493923664093,True
qb_004157,quality_of_life,qb_004157__quality_of_life,0.77374786,0.6682721376419067,0.21332910656929016,True
qb_004157,security_and_defense,qb_004157__security_and_defense,0.76916814,0.5753273963928223,0.18452146649360657,True
qb_004157,economic,qb_004157__economic,0.66437495,0.5756195187568665,0.13335400819778442,True
qb_009019,political,qb_009019__political,0.65011525,0.5312618613243103,0.2902536690235138,True
qb_009019,policy_prescription,qb_009019__policy_prescription,0.71789914,0.5855938792228699,0.22912409901618958,True
qb_009019,legality_constitutionality,qb_009019__legality_constitutionality,0.67386204,0.6164423227310181,0.2145884782075882,True
qb_009019,public_sentiment,qb_009019__public_sentiment,0.7611535,0.5512878894805908,0.1922231912612915,True
qb_009019,fairness_and_equality,qb_009019__fairness_and_equality,0.7399453,0.5572022199630737,0.18447038531303406,True
qb_009019,morality,qb_009019__morality,0.7716155,0.5615578293800354,0.29387956857681274,True
qb_010898,legality_constitutionality,qb_010898__legality_constitutionality,0.7384325,0.6613625884056091,0.17541083693504333,True
qb_010898,political,qb_010898__political,0.710965,0.5581058859825134,0.22126956284046173,True
qb_010898,policy_prescription,qb_010898__policy_prescription,0.6737132,0.5302778482437134,0.21223613619804382,True
qb_010898,morality,qb_010898__morality,0.6769004,0.5244808197021484,0.21369263529777527,True
qb_010898,public_sentiment,qb_010898__public_sentiment,0.71121716,0.5465930700302124,0.21933336555957794,True
qb_009601,political,qb_009601__political,0.73425627,0.5497580766677856,0.17320938408374786,True
qb_009601,public_sentiment,qb_009601__public_sentiment,0.70460874,0.530799925327301,0.15453627705574036,True
qb_017595,political,qb_017595__political,0.8452461,0.5103906989097595,0.24651369452476501,True
qb_017595,public_sentiment,qb_017595__public_sentiment,0.6887866,0.5122437477111816,0.20657265186309814,True
qb_017595,cultural_identity,qb_017595__cultural_identity,0.66211724,0.4516453742980957,0.1719069480895996,True
qb_017595,fairness_and_equality,qb_017595__fairness_and_equality,0.4657715,0.5503501296043396,0.19804605841636658,True
qb_017595,morality,qb_017595__morality,0.644542,0.5068970918655396,0.19828876852989197,True
qb_017595,legality_constitutionality,qb_017595__legality_constitutionality,0.63755834,0.5266616940498352,0.18000273406505585,True
qb_003264,political,qb_003264__political,0.8482582,0.7780442237854004,0.2504212260246277,True
qb_003264,fairness_and_equality,qb_003264__fairness_and_equality,0.83368313,0.7834665775299072,0.21636903285980225,True
qb_008782,political,qb_008782__political,0.75050855,0.439554363489151,0.1976868212223053,True
qb_008782,economic,qb_008782__economic,0.72024584,0.5393800735473633,0.20867078006267548,True
qb_012623,health_and_safety,qb_012623__health_and_safety,0.6316844,0.5621600151062012,0.18763813376426697,True
qb_012623,policy_prescription,qb_012623__policy_prescription,0.60454065,0.6052814722061157,0.22658713161945343,True
qb_012623,political,qb_012623__political,0.5282254,0.40898454189300537,0.2458135187625885,True
qb_012540,political,qb_012540__political,0.74630487,0.5469018816947937,0.2485789805650711,True
qb_012540,legality_constitutionality,qb_012540__legality_constitutionality,0.75579476,0.4876801073551178,0.1461612433195114,True
qb_012540,security_and_defense,qb_012540__security_and_defense,0.8370068,0.6570630073547363,0.20766904950141907,True
qb_012540,external_regulation,qb_012540__external_regulation,0.6779436,0.47539687156677246,0.20591945946216583,True
qb_008108,political,qb_008108__political,0.774771,0.6744787096977234,0.1767134964466095,True
qb_008108,public_sentiment,qb_008108__public_sentiment,0.82367843,0.5747018456459045,0.2650672495365143,True
qb_008108,health_and_safety,qb_008108__health_and_safety,0.6790644,0.55027174949646,0.18051201105117798,True
qb_008108,cultural_identity,qb_008108__cultural_identity,0.7355231,0.4228813648223877,0.22984585165977478,True
qb_004623,political,qb_004623__political,0.8459372,0.5588446855545044,0.21721184253692627,True
qb_004623,policy_prescription,qb_004623__policy_prescription,0.66235095,0.385090172290802,0.18575116991996765,True
qb_004623,fairness_and_equality,qb_004623__fairness_and_equality,0.81284815,0.6292266845703125,0.1508905589580536,True
qb_004623,economic,qb_004623__economic,0.69946945,0.6382270455360413,0.18586789071559906,True
qb_004623,public_sentiment,qb_004623__public_sentiment,0.78066415,0.5805686712265015,0.20921556651592255,True
qb_004623,morality,qb_004623__morality,0.74915445,0.6332665085792542,0.13963761925697327,True
qb_006760,political,qb_006760__political,0.780406,0.5114315152168274,0.19448906183242798,True
qb_006760,legality_constitutionality,qb_006760__legality_constitutionality,0.733022,0.3916386067867279,0.19477024674415588,True
qb_006760,public_sentiment,qb_006760__public_sentiment,0.7734175,0.510959804058075,0.18849022686481476,True
qb_006760,policy_prescription,qb_006760__policy_prescription,0.5575628,0.46731746196746826,0.3253780007362366,True
qb_013423,economic,qb_013423__economic,0.71468616,0.6267801523208618,0.2038753777742386,True
qb_013423,policy_prescription,qb_013423__policy_prescription,0.66610056,0.5296926498413086,0.20557303726673126,True
qb_013423,political,qb_013423__political,0.8185586,0.7218798398971558,0.17789284884929657,True
qb_016319,political,qb_016319__political,0.6429261,0.616848886013031,0.21194052696228027,True
qb_016319,economic,qb_016319__economic,0.6732327,0.39303460717201233,0.15320205688476562,True
qb_016319,capacity_and_resources,qb_016319__capacity_and_resources,0.8438864,0.6085825562477112,0.2271730899810791,True
qb_016319,public_sentiment,qb_016319__public_sentiment,0.6855151,0.6225202083587646,0.20121316611766815,True
qb_021246,quality_of_life,qb_021246__quality_of_life,0.71357083,0.5573545694351196,0.164089635014534,True
qb_021246,public_sentiment,qb_021246__public_sentiment,0.7768262,0.5555346608161926,0.21972064673900604,True
qb_021246,political,qb_021246__political,0.7241878,0.5972214937210083,0.23270925879478455,True
qb_021246,cultural_identity,qb_021246__cultural_identity,0.8205033,0.29998207092285156,0.23347711563110352,True
qb_021246,economic,qb_021246__economic,0.6181116,0.5796539187431335,0.18003788590431213,True
qb_021246,fairness_and_equality,qb_021246__fairness_and_equality,0.70501506,0.6131388545036316,0.18899092078208923,True
qb_021246,morality,qb_021246__morality,0.6946217,0.5353749394416809,0.1944410800933838,True
qb_021246,health_and_safety,qb_021246__health_and_safety,0.7676269,0.5060904026031494,0.1786559373140335,True
qb_018996,political,qb_018996__political,0.7824917,0.26506099104881287,0.24168916046619415,True
qb_018996,economic,qb_018996__economic,0.5857603,0.38387230038642883,0.20121607184410095,True
qb_018996,external_regulation,qb_018996__external_regulation,0.6253974,0.4376683831214905,0.1896955668926239,True
qb_011266,health_and_safety,qb_011266__health_and_safety,0.7122586,0.6356991529464722,0.2584899961948395,True
qb_011266,policy_prescription,qb_011266__policy_prescription,0.6583216,0.6247854232788086,0.19623985886573792,True
qb_011266,political,qb_011266__political,0.7473508,0.5839951634407043,0.251478374004364,True
qb_002742,capacity_and_resources,qb_002742__capacity_and_resources,0.5949002,0.6143397688865662,0.16300137341022491,True
qb_002742,economic,qb_002742__economic,0.7739958,0.5376974940299988,0.16783730685710907,True
qb_002742,public_sentiment,qb_002742__public_sentiment,0.7905315,0.5281621813774109,0.20263369381427765,True
qb_002742,health_and_safety,qb_002742__health_and_safety,0.67292833,0.5902580618858337,0.2617984414100647,True
qb_020680,economic,qb_020680__economic,0.660683,0.5416560173034668,0.17150327563285828,True
qb_020680,health_and_safety,qb_020680__health_and_safety,0.58702743,0.3417900800704956,0.17001023888587952,True
qb_020680,policy_prescription,qb_020680__policy_prescription,0.7167001,0.4582822918891907,0.19181974232196808,True
qb_015310,external_regulation,qb_015310__external_regulation,0.83086467,0.6439833641052246,0.25823095440864563,True
qb_015310,public_sentiment,qb_015310__public_sentiment,0.8364519,0.6584101319313049,0.2318468987941742,True
qb_015310,political,qb_015310__political,0.63871276,0.6306031346321106,0.2957126498222351,True
qb_015310,morality,qb_015310__morality,0.6193319,0.6070681214332581,0.2683537006378174,True
qb_002058,security_and_defense,qb_002058__security_and_defense,0.7563335,0.591507077217102,0.14602483808994293,True
qb_002058,capacity_and_resources,qb_002058__capacity_and_resources,0.78647757,0.7232833504676819,0.2115427553653717,True
qb_002058,external_regulation,qb_002058__external_regulation,0.76439095,0.6200006604194641,0.16797196865081787,True
qb_002058,political,qb_002058__political,0.7954437,0.7260227799415588,0.2332591712474823,True
qb_011512,economic,qb_011512__economic,0.77401376,0.8208239078521729,0.1488427370786667,True
qb_011512,cultural_identity,qb_011512__cultural_identity,0.7491975,0.6944723129272461,0.2067827433347702,True
qb_011512,public_sentiment,qb_011512__public_sentiment,0.8169852,0.75517338514328,0.228663831949234,True
qb_011512,quality_of_life,qb_011512__quality_of_life,0.7843044,0.712714433670044,0.2225141078233719,True
qb_013992,cultural_identity,qb_013992__cultural_identity,0.81001836,0.5951021909713745,0.22639422118663788,True
qb_013992,public_sentiment,qb_013992__public_sentiment,0.8165662,0.6258419156074524,0.19593128561973572,True
qb_013992,political,qb_013992__political,0.71711826,0.6301512718200684,0.21225662529468536,True
qb_013992,fairness_and_equality,qb_013992__fairness_and_equality,0.6594563,0.44911596179008484,0.13116951286792755,True
qb_003014,health_and_safety,qb_003014__health_and_safety,0.753405,0.6585196852684021,0.24893370270729065,True
qb_003014,policy_prescription,qb_003014__policy_prescription,0.7840504,0.6885979771614075,0.15995001792907715,True
qb_003014,capacity_and_resources,qb_003014__capacity_and_resources,0.8423596,0.738018810749054,0.214199498295784,True
qb_003014,public_sentiment,qb_003014__public_sentiment,0.8072419,0.7421453595161438,0.20979218184947968,True
qb_011489,economic,qb_011489__economic,0.66675454,0.6429648399353027,0.18584084510803223,True
qb_011489,political,qb_011489__political,0.7507495,0.5446900129318237,0.24285265803337097,True
qb_011489,capacity_and_resources,qb_011489__capacity_and_resources,0.6409601,0.614553689956665,0.18698075413703918,True
qb_000764,political,qb_000764__political,0.755378,0.6602083444595337,0.2134774625301361,True
qb_000764,public_sentiment,qb_000764__public_sentiment,0.8279843,0.6693779230117798,0.1979706734418869,True
qb_004926,legality_constitutionality,qb_004926__legality_constitutionality,0.8580223,0.477107971906662,0.22501106560230255,True
qb_004926,political,qb_004926__political,0.6630292,0.5472002625465393,0.2256368100643158,True
qb_004926,crime_and_punishment,qb_004926__crime_and_punishment,0.74511147,0.5987980365753174,0.23564644157886505,True
qb_004926,public_sentiment,qb_004926__public_sentiment,0.82403696,0.5725246071815491,0.20779700577259064,True
qb_011112,legality_constitutionality,qb_011112__legality_constitutionality,0.77461916,0.5296684503555298,0.23749485611915588,True
qb_011112,political,qb_011112__political,0.67606425,0.5206429958343506,0.2140183001756668,True
qb_011112,public_sentiment,qb_011112__public_sentiment,0.76350856,0.5073763132095337,0.21118152141571045,True
qb_000648,policy_prescription,qb_000648__policy_prescription,0.61506045,0.6593412160873413,0.17329275608062744,True
qb_000648,health_and_safety,qb_000648__health_and_safety,0.8316082,0.613532543182373,0.1839376837015152,True
qb_000648,fairness_and_equality,qb_000648__fairness_and_equality,0.6003083,0.6602563858032227,0.22876028716564178,True
qb_000648,political,qb_000648__political,0.7061151,0.4862794280052185,0.20850452780723572,True
qb_000648,economic,qb_000648__economic,0.71953475,0.6565861701965332,0.15008893609046936,True
qb_020128,policy_prescription,qb_020128__policy_prescription,0.79629284,0.581260621547699,0.21741163730621338,True
qb_020128,security_and_defense,qb_020128__security_and_defense,0.8142685,0.5329335927963257,0.23527891933918,True
qb_020128,political,qb_020128__political,0.6345558,0.3782191872596741,0.2534619867801666,True
qb_020128,crime_and_punishment,qb_020128__crime_and_punishment,0.6708709,0.5816004872322083,0.22163493931293488,True
qb_020128,legality_constitutionality,qb_020128__legality_constitutionality,0.7821012,0.6188527941703796,0.2310313880443573,True
qb_015271,political,qb_015271__political,0.61110795,0.579103946685791,0.1946718990802765,True
qb_015271,public_sentiment,qb_015271__public_sentiment,0.82164276,0.6066266894340515,0.3015855848789215,True
qb_015271,economic,qb_015271__economic,0.6959659,0.561790943145752,0.23060083389282227,True
qb_015271,cultural_identity,qb_015271__cultural_identity,0.6599599,0.5383515357971191,0.2434401512145996,True
qb_000651,economic,qb_000651__economic,0.77062076,0.537205159664154,0.20915767550468445,True
qb_000651,policy_prescription,qb_000651__policy_prescription,0.7161755,0.47678714990615845,0.22487683594226837,True
qb_000651,political,qb_000651__political,0.6849718,0.48993000388145447,0.3381892442703247,True
qb_000651,external_regulation,qb_000651__external_regulation,0.62856555,0.43305760622024536,0.21544528007507324,True
qb_000651,crime_and_punishment,qb_000651__crime_and_punishment,0.6901753,0.43199673295021057,0.20279832184314728,True
qb_000651,quality_of_life,qb_000651__quality_of_life,0.8336133,0.5924893617630005,0.21797510981559753,True
qb_000651,capacity_and_resources,qb_000651__capacity_and_resources,0.6879424,0.5118033289909363,0.2562659680843353,True
qb_016620,political,qb_016620__political,0.7723285,0.5943854451179504,0.2097395956516266,True
qb_016620,cultural_identity,qb_016620__cultural_identity,0.79581714,0.7210882306098938,0.20761504769325256,True
qb_016620,morality,qb_016620__morality,0.7079828,0.5843973159790039,0.2635403573513031,True
qb_016620,public_sentiment,qb_016620__public_sentiment,0.7713455,0.5402975678443909,0.1942022144794464,True
qb_008148,economic,qb_008148__economic,0.46469852,0.4254247844219208,0.176412433385849,True
qb_008148,policy_prescription,qb_008148__policy_prescription,0.75861907,0.5024538040161133,0.1798662394285202,True
qb_008148,capacity_and_resources,qb_008148__capacity_and_resources,0.68540096,0.46129944920539856,0.13181976974010468,True
qb_008148,political,qb_008148__political,0.7694616,0.4526035785675049,0.22134515643119812,True
qb_004090,political,qb_004090__political,0.7602099,0.5663769245147705,0.22155770659446716,True
qb_004090,capacity_and_resources,qb_004090__capacity_and_resources,0.79065216,0.6755990982055664,0.18240180611610413,True
qb_001597,legality_constitutionality,qb_001597__legality_constitutionality,0.6757597,0.6440081596374512,0.2700442373752594,True
qb_001597,political,qb_001597__political,0.88000065,0.7537137866020203,0.22136323153972626,True
qb_001597,crime_and_punishment,qb_001597__crime_and_punishment,0.6354053,0.6157596707344055,0.17277245223522186,True
qb_001597,security_and_defense,qb_001597__security_and_defense,0.7494488,0.6547989249229431,0.26268377900123596,True
qb_020278,external_regulation,qb_020278__external_regulation,0.700388,0.5857169032096863,0.17134417593479156,True
qb_020278,security_and_defense,qb_020278__security_and_defense,0.6146778,0.6236842274665833,0.15663421154022217,True
qb_020278,political,qb_020278__political,0.697007,0.4913024306297302,0.23255030810832977,True
qb_003052,political,qb_003052__political,0.7018604,0.5224202871322632,0.3279598653316498,True
qb_003052,public_sentiment,qb_003052__public_sentiment,0.6698427,0.615319013595581,0.29355257749557495,True
qb_016140,political,qb_016140__political,0.73170847,0.2916296124458313,0.23594942688941956,True
qb_016140,health_and_safety,qb_016140__health_and_safety,0.5417241,0.5223971605300903,0.21480727195739746,True
qb_016140,policy_prescription,qb_016140__policy_prescription,0.6712746,0.5247921943664551,0.2516058087348938,True
qb_016140,fairness_and_equality,qb_016140__fairness_and_equality,0.78178746,0.583997368812561,0.193974569439888,True
qb_016140,cultural_identity,qb_016140__cultural_identity,0.75994813,0.6540877223014832,0.19012263417243958,True
qb_017395,policy_prescription,qb_017395__policy_prescription,0.5574811,0.5412448644638062,0.17089447379112244,True
qb_017395,economic,qb_017395__economic,0.7371727,0.4502979516983032,0.1722993105649948,True
qb_017395,capacity_and_resources,qb_017395__capacity_and_resources,0.5195819,0.4584185481071472,0.14794737100601196,True
qb_018972,legality_constitutionality,qb_018972__legality_constitutionality,0.6732665,0.48713845014572144,0.15530352294445038,True
qb_018972,fairness_and_equality,qb_018972__fairness_and_equality,0.6158831,0.45103782415390015,0.18507346510887146,True
qb_018972,cultural_identity,qb_018972__cultural_identity,0.6353569,0.4609466791152954,0.1934172362089157,True
qb_019636,external_regulation,qb_019636__external_regulation,0.61250144,0.5641654133796692,0.15139362215995789,True
qb_019636,security_and_defense,qb_019636__security_and_defense,0.5934886,0.5510994791984558,0.242991641163826,True
qb_019636,economic,qb_019636__economic,0.7603429,0.6551197171211243,0.20233802497386932,True
qb_019636,political,qb_019636__political,0.6858292,0.5351317524909973,0.17597897350788116,True
qb_004097,economic,qb_004097__economic,0.6197947,0.5425534248352051,0.2012844830751419,True
qb_004097,capacity_and_resources,qb_004097__capacity_and_resources,0.69349337,0.539116621017456,0.15960180759429932,True
qb_004097,quality_of_life,qb_004097__quality_of_life,0.7461132,0.5778176784515381,0.2021692991256714,True
qb_001695,policy_prescription,qb_001695__policy_prescription,0.6828399,0.6071495413780212,0.23602934181690216,True
qb_001695,legality_constitutionality,qb_001695__legality_constitutionality,0.7436966,0.47747066617012024,0.2285640686750412,True
qb_001695,political,qb_001695__political,0.6333771,0.6028037667274475,0.2379937618970871,True
qb_001695,cultural_identity,qb_001695__cultural_identity,0.79419637,0.5690982937812805,0.27063676714897156,True
qb_012645,political,qb_012645__political,0.58829856,0.5930578708648682,0.27171021699905396,True
qb_012645,economic,qb_012645__economic,0.77594197,0.6177667379379272,0.2034544199705124,True
qb_012645,public_sentiment,qb_012645__public_sentiment,0.7758546,0.7517359256744385,0.21858838200569153,True
qb_018354,health_and_safety,qb_018354__health_and_safety,0.5278002,0.5091779232025146,0.22152931988239288,True
qb_018354,capacity_and_resources,qb_018354__capacity_and_resources,0.65416116,0.46958252787590027,0.1862962245941162,True
qb_018354,policy_prescription,qb_018354__policy_prescription,0.68604875,0.48429811000823975,0.20101407170295715,True
qb_018354,quality_of_life,qb_018354__quality_of_life,0.7031768,0.47822800278663635,0.1730348765850067,True
qb_001418,political,qb_001418__political,0.75783336,0.47854849696159363,0.17810845375061035,True
qb_001418,legality_constitutionality,qb_001418__legality_constitutionality,0.5137428,0.34272536635398865,0.21208994090557098,True
qb_001418,cultural_identity,qb_001418__cultural_identity,0.6734819,0.25034210085868835,0.16268528997898102,True
qb_001418,public_sentiment,qb_001418__public_sentiment,0.79836977,0.31766998767852783,0.2108633816242218,True
qb_007850,political,qb_007850__political,0.88811845,0.6094544529914856,0.19151441752910614,True
qb_007850,legality_constitutionality,qb_007850__legality_constitutionality,0.6483153,0.5226472020149231,0.24341769516468048,True
qb_007850,external_regulation,qb_007850__external_regulation,0.74394476,0.48328402638435364,0.16110506653785706,True
qb_007850,policy_prescription,qb_007850__policy_prescription,0.65505266,0.5185964703559875,0.2021218240261078,True
qb_014586,policy_prescription,qb_014586__policy_prescription,0.755478,0.6638178825378418,0.24440476298332214,True
qb_014586,security_and_defense,qb_014586__security_and_defense,0.6152317,0.46142810583114624,0.23174455761909485,True
qb_014586,political,qb_014586__political,0.6234952,0.6124263405799866,0.21936941146850586,True
qb_015658,policy_prescription,qb_015658__policy_prescription,0.558014,0.5519787073135376,0.1821666657924652,True
qb_015658,health_and_safety,qb_015658__health_and_safety,0.76887137,0.5890766382217407,0.17248079180717468,True
qb_015658,economic,qb_015658__economic,0.71596295,0.614863932132721,0.2012605369091034,True
qb_015658,political,qb_015658__political,0.81359273,0.7755573391914368,0.2459660768508911,True
qb_003713,economic,qb_003713__economic,0.7978318,0.6535404920578003,0.23201172053813934,True
qb_003713,capacity_and_resources,qb_003713__capacity_and_resources,0.6860516,0.614087700843811,0.1732330024242401,True
qb_003713,health_and_safety,qb_003713__health_and_safety,0.5694193,0.5943488478660583,0.20647160708904266,True
qb_003713,political,qb_003713__political,0.755864,0.6768198013305664,0.19469024240970612,True
qb_015095,policy_prescription,qb_015095__policy_prescription,0.7410823,0.7251672744750977,0.22925591468811035,True
qb_015095,legality_constitutionality,qb_015095__legality_constitutionality,0.6684843,0.702280580997467,0.23147495090961456,True
qb_015095,public_sentiment,qb_015095__public_sentiment,0.7659335,0.548922061920166,0.2098740041255951,True
qb_015095,health_and_safety,qb_015095__health_and_safety,0.6458903,0.4758780598640442,0.1738913655281067,True
qb_015095,political,qb_015095__political,0.7698449,0.7199195623397827,0.23199300467967987,True
qb_007115,economic,qb_007115__economic,0.5137105,0.4438495635986328,0.1620495468378067,True
qb_007115,public_sentiment,qb_007115__public_sentiment,0.6999259,0.3946177363395691,0.1706090271472931,True
qb_007115,capacity_and_resources,qb_007115__capacity_and_resources,0.6184418,0.35413026809692383,0.08352480828762054,True
qb_015502,legality_constitutionality,qb_015502__legality_constitutionality,0.74443835,0.554904043674469,0.23412267863750458,True
qb_015502,crime_and_punishment,qb_015502__crime_and_punishment,0.6958576,0.5961421132087708,0.2010737657546997,True
qb_015502,security_and_defense,qb_015502__security_and_defense,0.75492775,0.6417389512062073,0.19483162462711334,True
qb_015502,political,qb_015502__political,0.69142514,0.617048442363739,0.2769904136657715,True
qb_015825,morality,qb_015825__morality,0.79064363,0.5919761657714844,0.18547947704792023,True
qb_015825,crime_and_punishment,qb_015825__crime_and_punishment,0.8170105,0.3946089744567871,0.1952894628047943,True
qb_015825,cultural_identity,qb_015825__cultural_identity,0.81157434,0.5778656005859375,0.2525767982006073,True
qb_015825,political,qb_015825__political,0.7317821,0.5498488545417786,0.25542110204696655,True
qb_021114,political,qb_021114__political,0.6160356,0.5089897513389587,0.22009503841400146,True
qb_021114,health_and_safety,qb_021114__health_and_safety,0.5104451,0.5287166833877563,0.209465891122818,True
qb_021114,legality_constitutionality,qb_021114__legality_constitutionality,0.75609744,0.34815675020217896,0.15636873245239258,True
qb_012507,economic,qb_012507__economic,0.59518224,0.6343822479248047,0.14382527768611908,True
qb_012507,policy_prescription,qb_012507__policy_prescription,0.6603098,0.5842953324317932,0.14909859001636505,True
qb_012507,fairness_and_equality,qb_012507__fairness_and_equality,0.8147398,0.5551235675811768,0.17292341589927673,True
qb_012507,political,qb_012507__political,0.77304053,0.5686562657356262,0.2776506245136261,True
qb_012507,quality_of_life,qb_012507__quality_of_life,0.6031599,0.576655924320221,0.1555936634540558,True
qb_009905,public_sentiment,qb_009905__public_sentiment,0.868755,0.6932728886604309,0.17569315433502197,True
qb_009905,morality,qb_009905__morality,0.772959,0.6049752235412598,0.1414242535829544,True
qb_007106,policy_prescription,qb_007106__policy_prescription,0.78963375,0.6709648966789246,0.2096324861049652,True
qb_007106,political,qb_007106__political,0.7864311,0.7217410206794739,0.29507002234458923,True
qb_007106,public_sentiment,qb_007106__public_sentiment,0.7806982,0.6167604923248291,0.2599332928657532,True
qb_007106,security_and_defense,qb_007106__security_and_defense,0.7398667,0.6550881266593933,0.20412881672382355,True
qb_018041,capacity_and_resources,qb_018041__capacity_and_resources,0.7533201,0.7441707253456116,0.1928100883960724,True
qb_018041,quality_of_life,qb_018041__quality_of_life,0.8160958,0.6750549077987671,0.17094479501247406,True
qb_008050,economic,qb_008050__economic,0.6297742,0.5286198854446411,0.15541453659534454,True
qb_008050,political,qb_008050__political,0.6799078,0.49678555130958557,0.24500349164009094,True
qb_012191,legality_constitutionality,qb_012191__legality_constitutionality,0.6680395,0.5458052754402161,0.22590097784996033,True
qb_012191,cultural_identity,qb_012191__cultural_identity,0.685511,0.5039278268814087,0.15921181440353394,True
qb_012191,political,qb_012191__political,0.7136488,0.4978295862674713,0.26935631036758423,True
qb_016989,policy_prescription,qb_016989__policy_prescription,0.8050986,0.7314262390136719,0.15580488741397858,True
qb_016989,economic,qb_016989__economic,0.81992924,0.7012050151824951,0.1265401542186737,True
qb_016989,political,qb_016989__political,0.86235446,0.6143707633018494,0.21195438504219055,True
qb_010992,political,qb_010992__political,0.52206415,0.6668638586997986,0.21608898043632507,True
qb_010992,economic,qb_010992__economic,0.7289891,0.5337231755256653,0.16418762505054474,True
qb_010992,fairness_and_equality,qb_010992__fairness_and_equality,0.7194754,0.6928349137306213,0.19844776391983032,True
qb_010992,morality,qb_010992__morality,0.80750746,0.6133962273597717,0.15916649997234344,True
qb_020013,political,qb_020013__political,0.8805325,0.7293124794960022,0.1950869858264923,True
qb_020013,public_sentiment,qb_020013__public_sentiment,0.7621047,0.7623445391654968,0.2996123433113098,True
qb_005307,legality_constitutionality,qb_005307__legality_constitutionality,0.69594955,0.6922957897186279,0.19783398509025574,True
qb_005307,political,qb_005307__political,0.6848737,0.6539889574050903,0.20863381028175354,True
qb_005307,security_and_defense,qb_005307__security_and_defense,0.63570774,0.6130273342132568,0.2484748810529709,True
qb_005307,crime_and_punishment,qb_005307__crime_and_punishment,0.8565551,0.5947780013084412,0.23454055190086365,True
qb_004358,crime_and_punishment,qb_004358__crime_and_punishment,0.51889664,0.5402544736862183,0.1695999652147293,True
qb_004358,policy_prescription,qb_004358__policy_prescription,0.8366446,0.5875440835952759,0.25610020756721497,True
qb_004358,legality_constitutionality,qb_004358__legality_constitutionality,0.62857467,0.4517131745815277,0.21443232893943787,True
qb_004358,fairness_and_equality,qb_004358__fairness_and_equality,0.76005566,0.4890386164188385,0.16408519446849823,True
qb_004358,public_sentiment,qb_004358__public_sentiment,0.819406,0.5695984959602356,0.21596655249595642,True
qb_004358,political,qb_004358__political,0.65611106,0.5551198720932007,0.26497897505760193,True
qb_010524,policy_prescription,qb_010524__policy_prescription,0.7745307,0.5758084654808044,0.2039300501346588,True
qb_010524,political,qb_010524__political,0.7845736,0.446481317281723,0.2162499874830246,True
qb_010524,health_and_safety,qb_010524__health_and_safety,0.66815186,0.33693766593933105,0.214607834815979,True
qb_010524,crime_and_punishment,qb_010524__crime_and_punishment,0.6684,0.4694676399230957,0.2155211716890335,True
qb_011604,economic,qb_011604__economic,0.75006217,0.6054590940475464,0.18085317313671112,True
qb_011604,policy_prescription,qb_011604__policy_prescription,0.83831644,0.7627943158149719,0.2874857783317566,True
qb_011604,external_regulation,qb_011604__external_regulation,0.74178994,0.6176998615264893,0.19231711328029633,True
qb_011604,legality_constitutionality,qb_011604__legality_constitutionality,0.71649456,0.6106910705566406,0.21093252301216125,True
qb_016725,legality_constitutionality,qb_016725__legality_constitutionality,0.6294214,0.6351495385169983,0.16445930302143097,True
qb_016725,policy_prescription,qb_016725__policy_prescription,0.6968627,0.5892953872680664,0.26187366247177124,True
qb_016725,political,qb_016725__political,0.7498823,0.5428289175033569,0.20138947665691376,True
qb_018042,health_and_safety,qb_018042__health_and_safety,0.65473413,0.5037180781364441,0.16131837666034698,True
qb_018042,public_sentiment,qb_018042__public_sentiment,0.653684,0.482820987701416,0.215275377035141,True
qb_018042,policy_prescription,qb_018042__policy_prescription,0.75157,0.48598045110702515,0.15934821963310242,True
qb_018042,capacity_and_resources,qb_018042__capacity_and_resources,0.58302444,0.5177823305130005,0.14436206221580505,True
qb_018042,quality_of_life,qb_018042__quality_of_life,0.7081278,0.5223639011383057,0.10386238992214203,True
qb_018220,political,qb_018220__political,0.7702109,0.6242572069168091,0.28281012177467346,True
qb_018220,policy_prescription,qb_018220__policy_prescription,0.71949136,0.5937876105308533,0.22997939586639404,True
qb_018220,morality,qb_018220__morality,0.8388128,0.6022397875785828,0.20823363959789276,True
qb_013927,security_and_defense,qb_013927__security_and_defense,0.6810125,0.6044187545776367,0.200393944978714,True
qb_013927,external_regulation,qb_013927__external_regulation,0.8098108,0.5884193181991577,0.1759333610534668,True
qb_013927,political,qb_013927__political,0.6441625,0.565497636795044,0.23401419818401337,True
qb_003166,political,qb_003166__political,0.8414844,0.24278436601161957,0.1756558120250702,True
qb_003166,legality_constitutionality,qb_003166__legality_constitutionality,0.66562283,0.39776867628097534,0.23562386631965637,True
qb_003166,public_sentiment,qb_003166__public_sentiment,0.83994097,0.4642263352870941,0.207709401845932,True
qb_001786,political,qb_001786__political,0.7916072,0.42144420742988586,0.1734926998615265,True
qb_001786,policy_prescription,qb_001786__policy_prescription,0.7502614,0.409073144197464,0.11106586456298828,True
qb_001786,economic,qb_001786__economic,0.5715209,0.36525052785873413,0.16950437426567078,True
qb_009900,legality_constitutionality,qb_009900__legality_constitutionality,0.6856027,0.5590133666992188,0.18951568007469177,True
qb_009900,political,qb_009900__political,0.63687885,0.5667070150375366,0.24412593245506287,True
qb_009900,policy_prescription,qb_009900__policy_prescription,0.64751196,0.5028095245361328,0.1735423356294632,True
qb_004790,economic,qb_004790__economic,0.6023814,0.6696894764900208,0.16725707054138184,True
qb_004790,health_and_safety,qb_004790__health_and_safety,0.71394324,0.6613309979438782,0.12427271902561188,True
qb_004790,policy_prescription,qb_004790__policy_prescription,0.83295274,0.6472417116165161,0.16276928782463074,True
qb_004790,public_sentiment,qb_004790__public_sentiment,0.6990119,0.5701537132263184,0.16252228617668152,True
qb_004790,capacity_and_resources,qb_004790__capacity_and_resources,0.7351486,0.6865100264549255,0.17317834496498108,True
qb_004790,fairness_and_equality,qb_004790__fairness_and_equality,0.7317322,0.6540416479110718,0.15245771408081055,True
qb_004790,quality_of_life,qb_004790__quality_of_life,0.76177937,0.701515793800354,0.18180601298809052,True
qb_011345,fairness_and_equality,qb_011345__fairness_and_equality,0.7882041,0.5383996367454529,0.1714209020137787,True
qb_011345,policy_prescription,qb_011345__policy_prescription,0.73886013,0.6184091567993164,0.15427854657173157,True
qb_011345,economic,qb_011345__economic,0.81862426,0.6175405979156494,0.15426400303840637,True
qb_011345,crime_and_punishment,qb_011345__crime_and_punishment,0.82148564,0.5562921762466431,0.18094584345817566,True
qb_011345,political,qb_011345__political,0.74045783,0.6654547452926636,0.23768110573291779,True
qb_011345,public_sentiment,qb_011345__public_sentiment,0.8257514,0.6437402963638306,0.19798344373703003,True
qb_011345,morality,qb_011345__morality,0.7734688,0.5821542739868164,0.16174082458019257,True
qb_011345,cultural_identity,qb_011345__cultural_identity,0.7309659,0.5753300786018372,0.12520678341388702,True
qb_011507,political,qb_011507__political,0.7444252,0.6484596729278564,0.26603275537490845,True
qb_011507,legality_constitutionality,qb_011507__legality_constitutionality,0.6313093,0.6662223935127258,0.1515798270702362,True
qb_011507,policy_prescription,qb_011507__policy_prescription,0.68873614,0.6895486116409302,0.1948595941066742,True
qb_011507,morality,qb_011507__morality,0.64923406,0.5075396299362183,0.1837628185749054,True
qb_011507,public_sentiment,qb_011507__public_sentiment,0.6932781,0.42551907896995544,0.2529171109199524,True
qb_020540,policy_prescription,qb_020540__policy_prescription,0.7191138,0.6363116502761841,0.20725461840629578,True
qb_020540,crime_and_punishment,qb_020540__crime_and_punishment,0.7669549,0.5831908583641052,0.20246224105358124,True
qb_020540,political,qb_020540__political,0.757722,0.35997602343559265,0.30809029936790466,True
qb_020540,legality_constitutionality,qb_020540__legality_constitutionality,0.63651675,0.48529690504074097,0.24437585473060608,True
qb_020540,public_sentiment,qb_020540__public_sentiment,0.8040639,0.3903762996196747,0.2753000259399414,True
qb_020540,economic,qb_020540__economic,0.7210951,0.6687708497047424,0.2184762954711914,True
qb_020540,capacity_and_resources,qb_020540__capacity_and_resources,0.75040805,0.6378291845321655,0.2541200518608093,True
qb_015831,political,qb_015831__political,0.83964455,0.3918267786502838,0.22533383965492249,True
qb_015831,public_sentiment,qb_015831__public_sentiment,0.78337204,0.5147165060043335,0.2562164068222046,True
qb_015831,health_and_safety,qb_015831__health_and_safety,0.6134876,0.5059287548065186,0.23133325576782227,True
qb_003917,political,qb_003917__political,0.7278687,0.6384144425392151,0.2893584370613098,True
qb_003917,security_and_defense,qb_003917__security_and_defense,0.54512954,0.43897056579589844,0.1987101286649704,True
qb_003917,policy_prescription,qb_003917__policy_prescription,0.61097044,0.534678041934967,0.23948916792869568,True
qb_006746,legality_constitutionality,qb_006746__legality_constitutionality,0.76947165,0.33345678448677063,0.1979096680879593,True
qb_006746,political,qb_006746__political,0.57789516,0.6108748316764832,0.24047115445137024,True
qb_006746,fairness_and_equality,qb_006746__fairness_and_equality,0.8014426,0.5141177177429199,0.25844302773475647,True
qb_006746,public_sentiment,qb_006746__public_sentiment,0.7127202,0.3494163751602173,0.28064054250717163,True
qb_007546,crime_and_punishment,qb_007546__crime_and_punishment,0.66526955,0.6756106615066528,0.1545226275920868,True
qb_007546,legality_constitutionality,qb_007546__legality_constitutionality,0.6080408,0.664673924446106,0.16494865715503693,True
qb_007546,security_and_defense,qb_007546__security_and_defense,0.71960795,0.6067571640014648,0.1788572371006012,True
qb_011687,political,qb_011687__political,0.6796556,0.31502899527549744,0.2427125871181488,True
qb_011687,legality_constitutionality,qb_011687__legality_constitutionality,0.792812,0.5204119086265564,0.2161143720149994,True
qb_011687,public_sentiment,qb_011687__public_sentiment,0.80510825,0.6856045722961426,0.21139445900917053,True
qb_012764,health_and_safety,qb_012764__health_and_safety,0.5950713,0.5549724698066711,0.18877513706684113,True
qb_012764,capacity_and_resources,qb_012764__capacity_and_resources,0.7135891,0.5511792898178101,0.17164237797260284,True
qb_012764,policy_prescription,qb_012764__policy_prescription,0.70607805,0.5733791589736938,0.19455616176128387,True
qb_012764,quality_of_life,qb_012764__quality_of_life,0.58581305,0.5926481485366821,0.16251793503761292,True
qb_012764,public_sentiment,qb_012764__public_sentiment,0.75903517,0.5955177545547485,0.24866735935211182,True
qb_012764,morality,qb_012764__morality,0.6908231,0.5602580904960632,0.16649949550628662,True
qb_003791,policy_prescription,qb_003791__policy_prescription,0.83379567,0.726411759853363,0.21661099791526794,True
qb_003791,political,qb_003791__political,0.79455984,0.7250040173530579,0.22310490906238556,True
qb_003791,cultural_identity,qb_003791__cultural_identity,0.749477,0.6879867315292358,0.19748026132583618,True
qb_018838,legality_constitutionality,qb_018838__legality_constitutionality,0.82161546,0.7148406505584717,0.21719519793987274,True
qb_018838,political,qb_018838__political,0.7812698,0.707542896270752,0.18385663628578186,True
qb_018838,policy_prescription,qb_018838__policy_prescription,0.7092192,0.6791597604751587,0.16397719085216522,True
qb_018838,security_and_defense,qb_018838__security_and_defense,0.78729475,0.6652252078056335,0.19683437049388885,True
qb_018838,crime_and_punishment,qb_018838__crime_and_punishment,0.76282686,0.6441673040390015,0.19580912590026855,True
qb_003737,legality_constitutionality,qb_003737__legality_constitutionality,0.81606436,0.6729373931884766,0.2045215666294098,True
qb_003737,morality,qb_003737__morality,0.7871224,0.6739165186882019,0.19862864911556244,True
qb_003737,health_and_safety,qb_003737__health_and_safety,0.64326394,0.634381890296936,0.23987770080566406,True
qb_003737,policy_prescription,qb_003737__policy_prescription,0.67046666,0.5824878811836243,0.15795409679412842,True
qb_003737,economic,qb_003737__economic,0.7605357,0.5864387154579163,0.17027655243873596,True
qb_002477,political,qb_002477__political,0.77786124,,0.203822061419487,False
qb_003651,legality_constitutionality,qb_003651__legality_constitutionality,0.7820936,0.7064791917800903,0.19163000583648682,True
qb_003651,political,qb_003651__political,0.7575605,0.588621973991394,0.27459272742271423,True
qb_003651,economic,qb_003651__economic,0.73054266,0.6940423846244812,0.21538129448890686,True
qb_006170,legality_constitutionality,qb_006170__legality_constitutionality,0.6390403,0.66700279712677,0.2121317833662033,True
qb_006170,capacity_and_resources,qb_006170__capacity_and_resources,0.8219131,0.6227896213531494,0.23246805369853973,True
qb_006170,political,qb_006170__political,0.6719632,0.6127104163169861,0.21080592274665833,True
qb_006170,crime_and_punishment,qb_006170__crime_and_punishment,0.62473756,0.5943694114685059,0.17646285891532898,True
qb_006170,morality,qb_006170__morality,0.75191253,0.637677013874054,0.23824265599250793,True
qb_012157,political,qb_012157__political,0.82040167,0.6513651609420776,0.1756046861410141,True
qb_012157,capacity_and_resources,qb_012157__capacity_and_resources,0.7825864,0.7039703726768494,0.22384479641914368,True
qb_017711,political,qb_017711__political,0.6019064,0.43070846796035767,0.1722773015499115,True
qb_017711,policy_prescription,qb_017711__policy_prescription,0.59379214,0.3194335103034973,0.1949850171804428,True
qb_015303,policy_prescription,qb_015303__policy_prescription,0.82174176,0.7029870748519897,0.22819414734840393,True
qb_015303,health_and_safety,qb_015303__health_and_safety,0.7163391,0.6618732810020447,0.13500508666038513,True
qb_015303,political,qb_015303__political,0.7278882,0.43443456292152405,0.22185654938220978,True
qb_015303,legality_constitutionality,qb_015303__legality_constitutionality,0.81887543,0.6313560009002686,0.22762522101402283,True
qb_015303,economic,qb_015303__economic,0.72433615,0.6508714556694031,0.18974968791007996,True
qb_018162,security_and_defense,qb_018162__security_and_defense,0.7357365,0.6845557689666748,0.2605743706226349,True
qb_018162,political,qb_018162__political,0.7667525,0.6244256496429443,0.236179381608963,True
qb_018162,policy_prescription,qb_018162__policy_prescription,0.77695495,0.6528847217559814,0.19709822535514832,True
qb_018162,capacity_and_resources,qb_018162__capacity_and_resources,0.65939915,0.5485824346542358,0.1949402093887329,True
qb_018162,cultural_identity,qb_018162__cultural_identity,0.67426455,0.6355977058410645,0.23322036862373352,True
qb_014773,political,qb_014773__political,0.717583,0.627812385559082,0.19042213261127472,True
qb_014773,policy_prescription,qb_014773__policy_prescription,0.5265634,0.41819602251052856,0.15823981165885925,True
qb_014773,capacity_and_resources,qb_014773__capacity_and_resources,0.65850466,0.506805956363678,0.18593767285346985,True
qb_006644,security_and_defense,qb_006644__security_and_defense,0.5779943,0.6203649640083313,0.20693998038768768,True
qb_006644,political,qb_006644__political,0.76618195,0.5013844966888428,0.14587049186229706,True
qb_006644,external_regulation,qb_006644__external_regulation,0.65539855,0.5287043452262878,0.18862786889076233,True
qb_006644,cultural_identity,qb_006644__cultural_identity,0.78911155,0.5402553081512451,0.1798030585050583,True
qb_006644,capacity_and_resources,qb_006644__capacity_and_resources,0.7369634,0.4612846374511719,0.17158639430999756,True
qb_001848,policy_prescription,qb_001848__policy_prescription,0.7469035,0.6569741368293762,0.24046900868415833,True
qb_001848,legality_constitutionality,qb_001848__legality_constitutionality,0.6468949,0.6423395276069641,0.26006534695625305,True
qb_001848,health_and_safety,qb_001848__health_and_safety,0.7075523,0.5598923563957214,0.22580845654010773,True
qb_001848,political,qb_001848__political,0.6378364,0.5895975232124329,0.26334628462791443,True
qb_001694,legality_constitutionality,qb_001694__legality_constitutionality,0.77979684,0.45182886719703674,0.2365272045135498,True
qb_001694,political,qb_001694__political,0.6973436,0.3856480121612549,0.19797983765602112,True
qb_009307,policy_prescription,qb_009307__policy_prescription,0.65421635,0.5713721513748169,0.17931322753429413,True
qb_009307,fairness_and_equality,qb_009307__fairness_and_equality,0.64326346,0.5834572315216064,0.19993403553962708,True
qb_009307,political,qb_009307__political,0.6644025,0.5493142604827881,0.19835492968559265,True
qb_009307,public_sentiment,qb_009307__public_sentiment,0.5859084,0.5637149810791016,0.154762864112854,True
qb_009307,health_and_safety,qb_009307__health_and_safety,0.73120517,0.5220045447349548,0.13899418711662292,True
qb_000775,political,qb_000775__political,0.7912624,0.5817089676856995,0.23073306679725647,True
qb_000775,policy_prescription,qb_000775__policy_prescription,0.77898806,0.6211267113685608,0.19512295722961426,True
qb_000775,economic,qb_000775__economic,0.6218948,0.5942948460578918,0.22820596396923065,True
qb_000775,external_regulation,qb_000775__external_regulation,0.7327613,0.6727680563926697,0.1831325739622116,True
qb_020486,security_and_defense,qb_020486__security_and_defense,0.5201299,0.5550599098205566,0.24003514647483826,True
qb_020486,policy_prescription,qb_020486__policy_prescription,0.69255114,0.5270076990127563,0.21090440452098846,True
qb_020486,political,qb_020486__political,0.7456525,0.5301194190979004,0.21023011207580566,True
qb_020486,public_sentiment,qb_020486__public_sentiment,0.79539317,0.6312896013259888,0.28280624747276306,True
qb_020486,external_regulation,qb_020486__external_regulation,0.7699607,0.5444351434707642,0.23219266533851624,True
qb_020486,morality,qb_020486__morality,0.53101665,0.4801000654697418,0.21269181370735168,True
qb_015423,capacity_and_resources,qb_015423__capacity_and_resources,0.67977977,0.6744651794433594,0.24052175879478455,True
qb_015423,legality_constitutionality,qb_015423__legality_constitutionality,0.6912384,0.46458137035369873,0.1923951804637909,True
qb_002260,political,qb_002260__political,0.85541177,0.6051499843597412,0.24375438690185547,True
qb_002260,legality_constitutionality,qb_002260__legality_constitutionality,0.504107,0.6316511631011963,0.17575716972351074,True
qb_002260,public_sentiment,qb_002260__public_sentiment,0.7424203,0.5950983166694641,0.27277106046676636,True
qb_002260,external_regulation,qb_002260__external_regulation,0.8337578,0.5408088564872742,0.3070623576641083,True
qb_002260,crime_and_punishment,qb_002260__crime_and_punishment,0.73247385,0.5441080927848816,0.2827511429786682,True
qb_021078,fairness_and_equality,qb_021078__fairness_and_equality,0.79496324,0.5319855213165283,0.1889430731534958,True
qb_021078,political,qb_021078__political,0.8821914,0.7716237306594849,0.23936180770397186,True
qb_021078,public_sentiment,qb_021078__public_sentiment,0.5535865,0.8066948652267456,0.23008882999420166,True
qb_007296,political,qb_007296__political,0.87920195,0.6584680080413818,0.2298458069562912,True
qb_007296,morality,qb_007296__morality,0.6568442,0.5591765642166138,0.2242988646030426,True
qb_007296,public_sentiment,qb_007296__public_sentiment,0.8588803,0.7137019634246826,0.18395446240901947,True
qb_014243,policy_prescription,qb_014243__policy_prescription,0.73921555,0.6045831441879272,0.16111865639686584,True
qb_014243,legality_constitutionality,qb_014243__legality_constitutionality,0.7158567,0.5788170099258423,0.2681918740272522,True
qb_014243,economic,qb_014243__economic,0.53952503,0.5164418816566467,0.1562516689300537,True
qb_014243,political,qb_014243__political,0.62914586,0.41611248254776,0.23570232093334198,True
qb_014243,health_and_safety,qb_014243__health_and_safety,0.7456473,0.5105620622634888,0.27146726846694946,True
qb_012526,political,qb_012526__political,0.7725329,0.6890653371810913,0.18695974349975586,True
qb_012526,security_and_defense,qb_012526__security_and_defense,0.83458054,0.6857008934020996,0.1521323174238205,True
qb_019709,political,qb_019709__political,0.72895515,0.6005502939224243,0.2205129861831665,True
qb_019709,morality,qb_019709__morality,0.68242276,0.5555799007415771,0.25635820627212524,True
qb_019709,security_and_defense,qb_019709__security_and_defense,0.6399873,0.5371574759483337,0.2615583837032318,True
qb_007040,legality_constitutionality,qb_007040__legality_constitutionality,0.55970895,0.6200262904167175,0.17723976075649261,True
qb_007040,crime_and_punishment,qb_007040__crime_and_punishment,0.64827764,0.583297073841095,0.18918047845363617,True
qb_007040,economic,qb_007040__economic,0.719151,0.5751968026161194,0.18805405497550964,True
qb_007040,political,qb_007040__political,0.6180537,0.5808054208755493,0.20798556506633759,True
qb_004491,security_and_defense,qb_004491__security_and_defense,0.7562946,0.6550493240356445,0.2207847535610199,True
qb_004491,policy_prescription,qb_004491__policy_prescription,0.71623474,0.50605708360672,0.20557630062103271,True
qb_004491,legality_constitutionality,qb_004491__legality_constitutionality,0.66830194,0.5245997905731201,0.21742185950279236,True
qb_004491,political,qb_004491__political,0.739514,0.5571853518486023,0.22327645123004913,True
qb_004491,external_regulation,qb_004491__external_regulation,0.6648252,0.5178268551826477,0.26790061593055725,True
qb_003304,political,qb_003304__political,0.6961764,0.4192262589931488,0.18864865601062775,True
qb_003304,legality_constitutionality,qb_003304__legality_constitutionality,0.77941334,0.476350873708725,0.18205960094928741,True
qb_003304,policy_prescription,qb_003304__policy_prescription,0.71642977,0.48676884174346924,0.1504434049129486,True
qb_003304,public_sentiment,qb_003304__public_sentiment,0.8143931,0.48340240120887756,0.21775317192077637,True
qb_017477,political,qb_017477__political,0.6869954,0.42860233783721924,0.2650375962257385,True
qb_017477,health_and_safety,qb_017477__health_and_safety,0.4929644,0.39391154050827026,0.19052019715309143,True
qb_017477,capacity_and_resources,qb_017477__capacity_and_resources,0.7142621,0.5111219882965088,0.26099908351898193,True
qb_017477,public_sentiment,qb_017477__public_sentiment,0.69454646,0.5518714785575867,0.22375790774822235,True
qb_017477,policy_prescription,qb_017477__policy_prescription,0.54904187,0.4710633456707001,0.2141125500202179,True
qb_002097,political,qb_002097__political,0.84542346,0.6636222004890442,0.2066534459590912,True
qb_002097,legality_constitutionality,qb_002097__legality_constitutionality,0.7875489,0.7014579772949219,0.1896013468503952,True
qb_002097,external_regulation,qb_002097__external_regulation,0.5533012,0.5001411437988281,0.2792699635028839,True
qb_002097,policy_prescription,qb_002097__policy_prescription,0.70482576,0.6720884442329407,0.23934738337993622,True
qb_002097,security_and_defense,qb_002097__security_and_defense,0.76502323,0.6758573055267334,0.323673814535141,True
qb_010600,cultural_identity,qb_010600__cultural_identity,0.77427834,0.5484742522239685,0.22689147293567657,True
qb_010600,public_sentiment,qb_010600__public_sentiment,0.7791368,0.5102061033248901,0.24877507984638214,True
qb_010600,fairness_and_equality,qb_010600__fairness_and_equality,0.7851403,0.47931620478630066,0.22754773497581482,True
qb_010600,policy_prescription,qb_010600__policy_prescription,0.71925706,0.4877455532550812,0.1744375228881836,True
qb_010600,crime_and_punishment,qb_010600__crime_and_punishment,0.677796,0.4065830111503601,0.23687878251075745,True
qb_017820,economic,qb_017820__economic,0.62928426,0.504932165145874,0.1302986890077591,True
qb_017820,capacity_and_resources,qb_017820__capacity_and_resources,0.7335103,0.5656221508979797,0.2190905511379242,True
qb_017820,health_and_safety,qb_017820__health_and_safety,0.7483947,0.5784305334091187,0.2148228883743286,True
qb_001199,legality_constitutionality,qb_001199__legality_constitutionality,0.8200392,0.8219032883644104,0.2259894162416458,True
qb_001199,political,qb_001199__political,0.8767062,0.800067126750946,0.20769326388835907,True
qb_001199,external_regulation,qb_001199__external_regulation,0.8060523,0.7537983059883118,0.19247445464134216,True
qb_001199,crime_and_punishment,qb_001199__crime_and_punishment,0.81734324,0.7951945662498474,0.1864757537841797,True
qb_003725,political,qb_003725__political,0.7147759,0.6080626249313354,0.28387451171875,True
qb_003725,crime_and_punishment,qb_003725__crime_and_punishment,0.7115566,0.6677789688110352,0.22613580524921417,True
qb_003725,legality_constitutionality,qb_003725__legality_constitutionality,0.7228079,0.4890068471431732,0.18006816506385803,True
qb_007433,economic,qb_007433__economic,0.7226207,0.41074445843696594,0.19605077803134918,True
qb_007433,political,qb_007433__political,0.71913934,0.5832768082618713,0.19272218644618988,True
qb_007433,legality_constitutionality,qb_007433__legality_constitutionality,0.52065957,0.2789548635482788,0.21635524928569794,True
qb_007433,cultural_identity,qb_007433__cultural_identity,0.91482544,0.4293910264968872,0.20845210552215576,True
qb_010901,crime_and_punishment,qb_010901__crime_and_punishment,0.72597456,0.5463867783546448,0.19800326228141785,True
qb_010901,security_and_defense,qb_010901__security_and_defense,0.80351657,0.6979305744171143,0.20424601435661316,True
qb_010901,capacity_and_resources,qb_010901__capacity_and_resources,0.77950776,0.6313378214836121,0.1744728982448578,True
qb_010901,public_sentiment,qb_010901__public_sentiment,0.7044553,0.5588254332542419,0.21257257461547852,True
qb_002918,political,qb_002918__political,0.86117864,0.6007114052772522,0.28821861743927,True
qb_002918,external_regulation,qb_002918__external_regulation,0.77586806,0.3014339506626129,0.20738919079303741,True
qb_002918,security_and_defense,qb_002918__security_and_defense,0.64167124,0.49440181255340576,0.22628755867481232,True
qb_002918,legality_constitutionality,qb_002918__legality_constitutionality,0.68530846,0.3422427177429199,0.23517999053001404,True
qb_017055,capacity_and_resources,qb_017055__capacity_and_resources,0.694164,0.610413670539856,0.15124987065792084,True
qb_017055,legality_constitutionality,qb_017055__legality_constitutionality,0.62760544,0.482154905796051,0.15168030560016632,True
qb_017055,fairness_and_equality,qb_017055__fairness_and_equality,0.85466874,0.689975380897522,0.14705300331115723,True
qb_010750,economic,qb_010750__economic,0.66812205,0.47057753801345825,0.1862194985151291,True
qb_010750,policy_prescription,qb_010750__policy_prescription,0.75295293,0.6824824810028076,0.17296984791755676,True
qb_010750,capacity_and_resources,qb_010750__capacity_and_resources,0.55514324,0.32529687881469727,0.17730078101158142,True
qb_009045,security_and_defense,qb_009045__security_and_defense,0.54942256,0.5716568231582642,0.17995816469192505,True
qb_009045,capacity_and_resources,qb_009045__capacity_and_resources,0.8134451,0.5032892227172852,0.15500123798847198,True
qb_009045,political,qb_009045__political,0.6578658,0.4824177026748657,0.2175867110490799,True
qb_015786,economic,qb_015786__economic,0.82355905,0.6853010654449463,0.18977659940719604,True
qb_015786,public_sentiment,qb_015786__public_sentiment,0.8337431,0.6815853118896484,0.2595197856426239,True
qb_015786,morality,qb_015786__morality,0.8625613,0.6388399004936218,0.14880132675170898,True
qb_015786,political,qb_015786__political,0.8178425,0.6215531229972839,0.24386060237884521,True
qb_007239,health_and_safety,qb_007239__health_and_safety,0.769745,0.6131117939949036,0.18965062499046326,True
qb_007239,policy_prescription,qb_007239__policy_prescription,0.64412445,0.5691304206848145,0.1554114818572998,True
qb_007239,legality_constitutionality,qb_007239__legality_constitutionality,0.75615644,0.6509249210357666,0.1819636970758438,True
qb_021599,public_sentiment,qb_021599__public_sentiment,0.4510356,0.4637313187122345,0.22152237594127655,True
qb_021599,policy_prescription,qb_021599__policy_prescription,0.8039952,0.4852238595485687,0.20206764340400696,True
qb_021599,political,qb_021599__political,0.6590869,0.4371967613697052,0.20521393418312073,True
qb_021599,economic,qb_021599__economic,0.69931114,0.1598069667816162,0.1109987273812294,True
qb_011105,legality_constitutionality,qb_011105__legality_constitutionality,0.7889501,0.7338671088218689,0.24826212227344513,True
qb_011105,political,qb_011105__political,0.7976272,0.7393194437026978,0.21539846062660217,True
qb_011105,economic,qb_011105__economic,0.85942835,0.705183744430542,0.2178788185119629,True
qb_004528,political,qb_004528__political,0.6375446,0.5338534712791443,0.1577199399471283,True
qb_004528,public_sentiment,qb_004528__public_sentiment,0.804775,0.6607904434204102,0.21434052288532257,True
qb_004528,policy_prescription,qb_004528__policy_prescription,0.81525767,0.5555257797241211,0.1878523975610733,True
qb_004528,morality,qb_004528__morality,0.83362556,0.6242784261703491,0.2067556381225586,True
qb_004528,legality_constitutionality,qb_004528__legality_constitutionality,0.741798,0.6440598368644714,0.2245970517396927,True
qb_020157,capacity_and_resources,qb_020157__capacity_and_resources,0.85820603,0.5429748296737671,0.2406027615070343,True
qb_020157,policy_prescription,qb_020157__policy_prescription,0.6897503,0.6120746731758118,0.20472116768360138,True
qb_020157,political,qb_020157__political,0.580659,0.33780863881111145,0.23965342342853546,True
qb_020157,health_and_safety,qb_020157__health_and_safety,0.71891344,0.5722886919975281,0.18350748717784882,True
qb_020157,economic,qb_020157__economic,0.5911081,0.5190792679786682,0.14588239789009094,True
qb_020157,security_and_defense,qb_020157__security_and_defense,0.8801837,0.5258378386497498,0.23987536132335663,True
qb_008301,fairness_and_equality,qb_008301__fairness_and_equality,0.8152851,0.7103622555732727,0.21187560260295868,True
qb_008301,policy_prescription,qb_008301__policy_prescription,0.80761385,0.8331401944160461,0.1852307766675949,True
qb_008301,political,qb_008301__political,0.7544848,0.6098871827125549,0.2669050693511963,True
qb_008301,cultural_identity,qb_008301__cultural_identity,0.8546295,0.7218294143676758,0.2134004831314087,True
qb_000266,political,qb_000266__political,0.84852386,0.748902440071106,0.2459922581911087,True
qb_000266,security_and_defense,qb_000266__security_and_defense,0.8160105,0.8284722566604614,0.19955244660377502,True
qb_009874,legality_constitutionality,qb_009874__legality_constitutionality,0.75288665,0.7443835139274597,0.23182383179664612,True
qb_009874,political,qb_009874__political,0.7781074,0.7219280004501343,0.2008834183216095,True
qb_000902,political,qb_000902__political,0.6287452,0.5559088587760925,0.26880398392677307,True
qb_000902,policy_prescription,qb_000902__policy_prescription,0.79485893,0.6428138017654419,0.1979869306087494,True
qb_000902,legality_constitutionality,qb_000902__legality_constitutionality,0.7719635,0.5157570838928223,0.2049606591463089,True
qb_001922,morality,qb_001922__morality,0.9346322,0.5330302119255066,0.1487213671207428,True
qb_001922,fairness_and_equality,qb_001922__fairness_and_equality,0.53381085,0.441408634185791,0.20121696591377258,True
qb_001922,public_sentiment,qb_001922__public_sentiment,0.7236673,0.526620626449585,0.19924327731132507,True
qb_001922,cultural_identity,qb_001922__cultural_identity,0.6851093,0.5192732214927673,0.2298506200313568,True
qb_019653,capacity_and_resources,qb_019653__capacity_and_resources,0.7846081,0.7773191928863525,0.17009469866752625,True
qb_019653,policy_prescription,qb_019653__policy_prescription,0.8078553,0.818861722946167,0.13039220869541168,True
qb_019653,quality_of_life,qb_019653__quality_of_life,0.8567229,0.7332783341407776,0.1579362452030182,True
qb_016904,capacity_and_resources,qb_016904__capacity_and_resources,0.7745368,0.6398827433586121,0.20221440494060516,True
qb_016904,political,qb_016904__political,0.65853286,0.6320982575416565,0.23558326065540314,True
qb_016904,policy_prescription,qb_016904__policy_prescription,0.71517557,0.6539194583892822,0.21864192187786102,True
qb_016904,public_sentiment,qb_016904__public_sentiment,0.7134911,0.7175016403198242,0.17774412035942078,True
qb_021163,health_and_safety,qb_021163__health_and_safety,0.75497365,0.6060633659362793,0.18884117901325226,True
qb_021163,morality,qb_021163__morality,0.7875276,0.7381400465965271,0.1888035237789154,True
qb_021163,quality_of_life,qb_021163__quality_of_life,0.82384956,0.7082081437110901,0.18345098197460175,True
qb_003795,security_and_defense,qb_003795__security_and_defense,0.5555066,0.5232633352279663,0.1710784137248993,True
qb_003795,external_regulation,qb_003795__external_regulation,0.7130617,0.6466996669769287,0.18921491503715515,True
qb_003795,political,qb_003795__political,0.74367,0.5592016577720642,0.2529885172843933,True
qb_019673,policy_prescription,qb_019673__policy_prescription,0.6311854,0.5547910332679749,0.15276911854743958,True
qb_019673,legality_constitutionality,qb_019673__legality_constitutionality,0.7810544,0.7166330814361572,0.18992353975772858,True
qb_019673,health_and_safety,qb_019673__health_and_safety,0.65710527,0.4796510636806488,0.1776999831199646,True
qb_019673,morality,qb_019673__morality,0.7474183,0.6035571098327637,0.15340952575206757,True
qb_019673,public_sentiment,qb_019673__public_sentiment,0.78979266,0.6451255679130554,0.24087055027484894,True
qb_007750,economic,qb_007750__economic,0.7319875,0.6495954990386963,0.17666971683502197,True
qb_007750,policy_prescription,qb_007750__policy_prescription,0.71758145,0.49244701862335205,0.20203931629657745,True
qb_007750,health_and_safety,qb_007750__health_and_safety,0.80119634,0.5309311747550964,0.2362656593322754,True
qb_007750,quality_of_life,qb_007750__quality_of_life,0.79875284,0.5305721759796143,0.17065419256687164,True
qb_007750,capacity_and_resources,qb_007750__capacity_and_resources,0.64440286,0.6559745073318481,0.2117309868335724,True
qb_000223,political,qb_000223__political,0.6816751,0.5045250058174133,0.1662544310092926,True
qb_000223,health_and_safety,qb_000223__health_and_safety,0.7847551,0.5619798898696899,0.16607174277305603,True
qb_000223,policy_prescription,qb_000223__policy_prescription,0.63232315,0.46419888734817505,0.15512223541736603,True
qb_009672,security_and_defense,qb_009672__security_and_defense,0.7682353,0.6886018514633179,0.21256306767463684,True
qb_009672,capacity_and_resources,qb_009672__capacity_and_resources,0.8289175,0.6761406660079956,0.20810195803642273,True
qb_009672,political,qb_009672__political,0.78633374,0.5689562559127808,0.2495684176683426,True
qb_014962,political,qb_014962__political,0.6859124,0.6576489806175232,0.256195604801178,True
qb_014962,public_sentiment,qb_014962__public_sentiment,0.73434114,0.5891647934913635,0.21680769324302673,True
qb_014962,legality_constitutionality,qb_014962__legality_constitutionality,0.7410725,0.30391815304756165,0.1864858865737915,True
qb_014962,security_and_defense,qb_014962__security_and_defense,0.7831406,0.46071234345436096,0.29478389024734497,True
qb_010172,policy_prescription,qb_010172__policy_prescription,0.7254457,0.518550455570221,0.20040197670459747,True
qb_010172,external_regulation,qb_010172__external_regulation,0.7813474,0.5481711626052856,0.17728102207183838,True
qb_010172,fairness_and_equality,qb_010172__fairness_and_equality,0.74323815,0.46690231561660767,0.1459488421678543,True
qb_010172,political,qb_010172__political,0.7228583,0.5366473197937012,0.15194712579250336,True
qb_010172,security_and_defense,qb_010172__security_and_defense,0.68250555,0.5417249202728271,0.17298579216003418,True
qb_010172,public_sentiment,qb_010172__public_sentiment,0.8698386,0.5386720299720764,0.15554311871528625,True
qb_012910,crime_and_punishment,qb_012910__crime_and_punishment,0.74140733,0.6563825011253357,0.1838938146829605,True
qb_012910,fairness_and_equality,qb_012910__fairness_and_equality,0.7996278,0.6540133357048035,0.1716616451740265,True
qb_012910,legality_constitutionality,qb_012910__legality_constitutionality,0.6733064,0.6188907623291016,0.2097528874874115,True
qb_012910,external_regulation,qb_012910__external_regulation,0.6793969,0.5971595644950867,0.17947804927825928,True
qb_002154,legality_constitutionality,qb_002154__legality_constitutionality,0.8852439,0.5911886096000671,0.16096147894859314,True
qb_002154,crime_and_punishment,qb_002154__crime_and_punishment,0.68325794,0.5025947093963623,0.19060228765010834,True
qb_002154,political,qb_002154__political,0.7973476,0.5344003438949585,0.17225775122642517,True
qb_010667,crime_and_punishment,qb_010667__crime_and_punishment,0.69175434,0.5662459135055542,0.14565987884998322,True
qb_010667,legality_constitutionality,qb_010667__legality_constitutionality,0.8428201,0.6627594232559204,0.21295678615570068,True
qb_010667,public_sentiment,qb_010667__public_sentiment,0.7211964,0.6037780046463013,0.20941992104053497,True
qb_010667,health_and_safety,qb_010667__health_and_safety,0.8055929,0.5273875594139099,0.2108784168958664,True
qb_010667,cultural_identity,qb_010667__cultural_identity,0.79322684,0.5798782110214233,0.1406431645154953,True
qb_010667,fairness_and_equality,qb_010667__fairness_and_equality,0.6685512,0.5910254716873169,0.1834978461265564,True
qb_010667,morality,qb_010667__morality,0.7636636,0.6902434825897217,0.20850296318531036,True
qb_013895,economic,qb_013895__economic,0.6801241,0.7863277792930603,0.12773379683494568,True
qb_013895,policy_prescription,qb_013895__policy_prescription,0.7015998,0.6270081996917725,0.13799035549163818,True
qb_013895,political,qb_013895__political,0.6158047,0.5509596467018127,0.2495364397764206,True
qb_013895,fairness_and_equality,qb_013895__fairness_and_equality,0.7313052,0.5834687352180481,0.19225093722343445,True
qb_013017,capacity_and_resources,qb_013017__capacity_and_resources,0.7991406,0.6225882768630981,0.2769339382648468,True
qb_013017,political,qb_013017__political,0.7611551,0.5755367875099182,0.2616538405418396,True
qb_013017,crime_and_punishment,qb_013017__crime_and_punishment,0.7406578,0.6912429928779602,0.2078409194946289,True
qb_013017,legality_constitutionality,qb_013017__legality_constitutionality,0.6125259,0.5145766735076904,0.16365550458431244,True
qb_013017,security_and_defense,qb_013017__security_and_defense,0.68585134,0.6398247480392456,0.1978740096092224,True
qb_020330,political,qb_020330__political,0.6401069,0.5428779721260071,0.2181149423122406,True
qb_020330,security_and_defense,qb_020330__security_and_defense,0.6731461,0.5511844754219055,0.21522784233093262,True
qb_020330,legality_constitutionality,qb_020330__legality_constitutionality,0.8134743,0.4159138798713684,0.1442556381225586,True
qb_020330,morality,qb_020330__morality,0.8056791,0.43792349100112915,0.25056618452072144,True
qb_020330,cultural_identity,qb_020330__cultural_identity,0.88046366,0.6932191848754883,0.16029155254364014,True
qb_015888,economic,qb_015888__economic,0.50938535,0.3369559645652771,0.1867179423570633,True
qb_015888,capacity_and_resources,qb_015888__capacity_and_resources,0.5385332,0.4301464557647705,0.14228884875774384,True
qb_004792,security_and_defense,qb_004792__security_and_defense,0.74335456,0.5903819799423218,0.1863042414188385,True
qb_004792,policy_prescription,qb_004792__policy_prescription,0.6920839,0.505017101764679,0.1696060746908188,True
qb_004792,political,qb_004792__political,0.5875981,0.48642677068710327,0.21805059909820557,True
qb_004792,health_and_safety,qb_004792__health_and_safety,0.56421065,0.389096736907959,0.1184566468000412,True
qb_004792,cultural_identity,qb_004792__cultural_identity,0.6963558,0.4017148017883301,0.16603529453277588,True
qb_004792,public_sentiment,qb_004792__public_sentiment,0.6390424,0.5112722516059875,0.1801532804965973,True
qb_013668,political,qb_013668__political,0.83654124,0.5157207250595093,0.20990212261676788,True
qb_013668,economic,qb_013668__economic,0.61796725,0.3779160976409912,0.1251847743988037,True
qb_013668,public_sentiment,qb_013668__public_sentiment,0.662799,0.7071723937988281,0.22061379253864288,True
qb_014103,political,qb_014103__political,0.66764975,0.7031705975532532,0.19735535979270935,True
qb_014103,security_and_defense,qb_014103__security_and_defense,0.6544315,0.5167161226272583,0.2298552542924881,True
qb_014103,public_sentiment,qb_014103__public_sentiment,0.71436054,0.5483840703964233,0.21421416103839874,True
qb_014103,fairness_and_equality,qb_014103__fairness_and_equality,0.7122154,0.4497546851634979,0.2138686180114746,True
qb_014103,legality_constitutionality,qb_014103__legality_constitutionality,0.7104693,0.48719364404678345,0.17755065858364105,True
qb_015474,security_and_defense,qb_015474__security_and_defense,0.81321377,0.7094237208366394,0.15110404789447784,True
qb_015474,external_regulation,qb_015474__external_regulation,0.7168578,0.6127548217773438,0.19041326642036438,True
qb_015474,public_sentiment,qb_015474__public_sentiment,0.81998944,0.6065078973770142,0.19083037972450256,True
qb_001305,political,qb_001305__political,0.73511297,,0.24315385520458221,False
qb_015972,policy_prescription,qb_015972__policy_prescription,0.77241445,0.6580650806427002,0.19938364624977112,True
qb_015972,legality_constitutionality,qb_015972__legality_constitutionality,0.8462759,0.6265151500701904,0.24257545173168182,True
qb_015972,security_and_defense,qb_015972__security_and_defense,0.6962553,0.7216402888298035,0.18791702389717102,True
qb_015972,political,qb_015972__political,0.86019844,0.6112666726112366,0.2413669377565384,True
qb_016646,policy_prescription,qb_016646__policy_prescription,0.6056119,0.7785657644271851,0.21805202960968018,True
qb_016646,political,qb_016646__political,0.70063066,0.5205010771751404,0.34289005398750305,True
qb_016646,health_and_safety,qb_016646__health_and_safety,0.72841334,0.6117241382598877,0.22239799797534943,True
qb_014029,legality_constitutionality,qb_014029__legality_constitutionality,0.75738406,0.7029232978820801,0.2019110918045044,True
qb_014029,political,qb_014029__political,0.7783605,0.6455339789390564,0.21189172565937042,True
qb_013071,legality_constitutionality,qb_013071__legality_constitutionality,0.92431563,0.7098251581192017,0.2306635081768036,True
qb_013071,external_regulation,qb_013071__external_regulation,0.7445532,0.6976319551467896,0.22398614883422852,True
qb_013071,political,qb_013071__political,0.8608685,0.7079943418502808,0.17352229356765747,True
qb_013071,policy_prescription,qb_013071__policy_prescription,0.8033527,0.624183177947998,0.20567961037158966,True
qb_013071,security_and_defense,qb_013071__security_and_defense,0.75422686,0.6645965576171875,0.1841207593679428,True
qb_005719,political,qb_005719__political,0.76045436,,0.15419209003448486,False
qb_016132,legality_constitutionality,qb_016132__legality_constitutionality,0.70622456,0.6160763502120972,0.1558140218257904,True
qb_016132,health_and_safety,qb_016132__health_and_safety,0.760123,0.5419111847877502,0.189661905169487,True
qb_016132,political,qb_016132__political,0.80505097,0.545110821723938,0.25325044989585876,True
qb_016132,capacity_and_resources,qb_016132__capacity_and_resources,0.77653754,0.5772218108177185,0.1956997662782669,True
qb_016132,public_sentiment,qb_016132__public_sentiment,0.7202196,0.5218305587768555,0.21871905028820038,True
qb_016132,policy_prescription,qb_016132__policy_prescription,0.670672,0.5953876376152039,0.22722573578357697,True
qb_021132,legality_constitutionality,qb_021132__legality_constitutionality,0.7098844,0.3836207389831543,0.19046321511268616,True
qb_021132,public_sentiment,qb_021132__public_sentiment,0.8471015,0.4723109006881714,0.17798002064228058,True
qb_021132,cultural_identity,qb_021132__cultural_identity,0.82384396,0.4508073329925537,0.15695443749427795,True
qb_021132,political,qb_021132__political,0.81164956,0.6621184349060059,0.23868882656097412,True
qb_008055,economic,qb_008055__economic,0.6638175,0.43792301416397095,0.1456468552350998,True
qb_008055,health_and_safety,qb_008055__health_and_safety,0.7160533,0.5102049112319946,0.29093271493911743,True
qb_014815,health_and_safety,qb_014815__health_and_safety,0.6814834,0.5771069526672363,0.15184561908245087,True
qb_014815,capacity_and_resources,qb_014815__capacity_and_resources,0.6785845,0.5995679497718811,0.15090510249137878,True
qb_014815,policy_prescription,qb_014815__policy_prescription,0.7517887,0.6676908135414124,0.1635046750307083,True
qb_014815,public_sentiment,qb_014815__public_sentiment,0.69847715,0.5851192474365234,0.21658745408058167,True
qb_018321,security_and_defense,qb_018321__security_and_defense,0.7032007,0.4519256055355072,0.1974150687456131,True
qb_018321,legality_constitutionality,qb_018321__legality_constitutionality,0.6068702,0.40994834899902344,0.2199525535106659,True
qb_018321,crime_and_punishment,qb_018321__crime_and_punishment,0.7452252,0.3883421719074249,0.23652894794940948,True
qb_018321,public_sentiment,qb_018321__public_sentiment,0.8433479,0.47547465562820435,0.31688618659973145,True
qb_018321,political,qb_018321__political,0.78291464,0.721789538860321,0.2514272928237915,True
qb_000157,legality_constitutionality,qb_000157__legality_constitutionality,0.6253407,0.6717126369476318,0.2576659023761749,True
qb_000157,political,qb_000157__political,0.72350943,0.554118275642395,0.20512378215789795,True
qb_000157,policy_prescription,qb_000157__policy_prescription,0.6569346,0.46030181646347046,0.2308526337146759,True
qb_005484,economic,qb_005484__economic,0.80615675,0.645402729511261,0.18249119818210602,True
qb_005484,policy_prescription,qb_005484__policy_prescription,0.73420495,0.7115224003791809,0.19087880849838257,True
qb_005484,political,qb_005484__political,0.774018,0.4899625778198242,0.2369716912508011,True
qb_005484,health_and_safety,qb_005484__health_and_safety,0.73579806,0.5140700340270996,0.22672824561595917,True
qb_005484,quality_of_life,qb_005484__quality_of_life,0.7783193,0.6793467402458191,0.17134471237659454,True
qb_009742,fairness_and_equality,qb_009742__fairness_and_equality,0.88871825,0.6891276240348816,0.15501201152801514,True
qb_009742,policy_prescription,qb_009742__policy_prescription,0.65766776,0.6333258748054504,0.13887926936149597,True
qb_009742,public_sentiment,qb_009742__public_sentiment,0.8007561,0.6630370616912842,0.1640014350414276,True
qb_009742,cultural_identity,qb_009742__cultural_identity,0.8470198,0.6864091157913208,0.13336466252803802,True
qb_009742,legality_constitutionality,qb_009742__legality_constitutionality,0.82528675,0.6932883262634277,0.15539321303367615,True
qb_009742,morality,qb_009742__morality,0.81882584,0.6984016299247742,0.14240649342536926,True
qb_009742,political,qb_009742__political,0.77019286,0.6212309002876282,0.18633456528186798,True
qb_019823,political,qb_019823__political,0.60382134,0.41707152128219604,0.18049630522727966,True
qb_019823,legality_constitutionality,qb_019823__legality_constitutionality,0.6259161,0.5519604086875916,0.2320566177368164,True
qb_018687,legality_constitutionality,qb_018687__legality_constitutionality,0.77984333,0.6070656180381775,0.20951154828071594,True
qb_018687,political,qb_018687__political,0.8102414,0.6315367221832275,0.2666998505592346,True
qb_018687,fairness_and_equality,qb_018687__fairness_and_equality,0.7203827,0.6457395553588867,0.29093894362449646,True
qb_018687,economic,qb_018687__economic,0.622952,0.5049431920051575,0.23544812202453613,True
qb_001080,legality_constitutionality,qb_001080__legality_constitutionality,0.76775235,0.5874363780021667,0.1974239945411682,True
qb_001080,crime_and_punishment,qb_001080__crime_and_punishment,0.72588027,0.6682294607162476,0.1543702930212021,True
qb_001080,external_regulation,qb_001080__external_regulation,0.64115095,0.6370775699615479,0.20309360325336456,True
qb_001080,security_and_defense,qb_001080__security_and_defense,0.7273903,0.6173869371414185,0.18067029118537903,True
qb_001080,political,qb_001080__political,0.6500094,0.5372130274772644,0.24135784804821014,True
qb_001080,morality,qb_001080__morality,0.79399025,0.6067639589309692,0.23246851563453674,True
qb_001080,public_sentiment,qb_001080__public_sentiment,0.8130152,0.5672208070755005,0.24514272809028625,True
qb_001080,health_and_safety,qb_001080__health_and_safety,0.68349963,0.5418699979782104,0.17925170063972473,True
qb_018254,political,qb_018254__political,0.83585036,0.5950223803520203,0.2369837760925293,True
qb_018254,policy_prescription,qb_018254__policy_prescription,0.5660175,0.4804854691028595,0.23076801002025604,True
qb_018254,cultural_identity,qb_018254__cultural_identity,0.7865672,0.6788977980613708,0.2870725393295288,True
qb_018254,public_sentiment,qb_018254__public_sentiment,0.87948406,0.664276659488678,0.15724387764930725,True
qb_000635,policy_prescription,qb_000635__policy_prescription,0.68752086,0.5411669015884399,0.14783966541290283,True
qb_000635,morality,qb_000635__morality,0.8614007,0.6916408538818359,0.16790854930877686,True
qb_000635,cultural_identity,qb_000635__cultural_identity,0.8057173,0.6479507088661194,0.20323911309242249,True
qb_000635,fairness_and_equality,qb_000635__fairness_and_equality,0.76348096,0.686785101890564,0.2159518003463745,True
qb_000635,political,qb_000635__political,0.8194704,0.6857330799102783,0.2386704981327057,True
qb_000635,public_sentiment,qb_000635__public_sentiment,0.843714,0.7326924800872803,0.17035886645317078,True
qb_014662,health_and_safety,qb_014662__health_and_safety,0.5455056,0.5079430341720581,0.22968706488609314,True
qb_014662,public_sentiment,qb_014662__public_sentiment,0.72145146,0.5127722024917603,0.25701719522476196,True
qb_008965,security_and_defense,qb_008965__security_and_defense,0.64860606,0.6047605872154236,0.21377524733543396,True
qb_008965,capacity_and_resources,qb_008965__capacity_and_resources,0.7585591,0.6957033276557922,0.22089779376983643,True
qb_008965,external_regulation,qb_008965__external_regulation,0.6683793,0.6900483965873718,0.1830407679080963,True
qb_008965,political,qb_008965__political,0.76962197,0.6168220043182373,0.1929205358028412,True
qb_015693,legality_constitutionality,qb_015693__legality_constitutionality,0.7710369,0.48162272572517395,0.19571936130523682,True
qb_015693,political,qb_015693__political,0.57187736,0.5629438757896423,0.15125305950641632,True
qb_015693,crime_and_punishment,qb_015693__crime_and_punishment,0.6695821,0.5878419280052185,0.2107027769088745,True
qb_015693,economic,qb_015693__economic,0.5597278,0.5945598483085632,0.18165244162082672,True
qb_014101,policy_prescription,qb_014101__policy_prescription,0.66936266,0.642421543598175,0.1868407428264618,True
qb_014101,political,qb_014101__political,0.68114614,0.5679373741149902,0.24623076617717743,True
qb_014101,security_and_defense,qb_014101__security_and_defense,0.75040835,0.6214892268180847,0.2459406852722168,True
qb_014101,health_and_safety,qb_014101__health_and_safety,0.76888597,0.6092477440834045,0.196221262216568,True
qb_011549,political,qb_011549__political,0.7461469,0.40466389060020447,0.23855021595954895,True
qb_011549,external_regulation,qb_011549__external_regulation,0.61223567,0.49022912979125977,0.18162044882774353,True
qb_011549,policy_prescription,qb_011549__policy_prescription,0.7243592,0.3974907398223877,0.14222826063632965,True
qb_011549,health_and_safety,qb_011549__health_and_safety,0.61551255,0.3470190465450287,0.24042479693889618,True
qb_011549,economic,qb_011549__economic,0.6387542,0.5003284215927124,0.17431053519248962,True
qb_014732,policy_prescription,qb_014732__policy_prescription,0.7225497,0.47494879364967346,0.18458136916160583,True
qb_014732,external_regulation,qb_014732__external_regulation,0.765986,0.35239526629447937,0.20903944969177246,True
qb_014732,health_and_safety,qb_014732__health_and_safety,0.66906035,0.45499664545059204,0.18882766366004944,True
qb_014732,political,qb_014732__political,0.69111824,0.45400160551071167,0.24925990402698517,True
qb_014732,public_sentiment,qb_014732__public_sentiment,0.7224024,0.3922434449195862,0.24358651041984558,True
qb_014732,security_and_defense,qb_014732__security_and_defense,0.7094182,0.33082208037376404,0.1922990381717682,True
qb_017800,crime_and_punishment,qb_017800__crime_and_punishment,0.6882211,0.6472640633583069,0.14144308865070343,True
qb_017800,security_and_defense,qb_017800__security_and_defense,0.6844657,0.6626936793327332,0.19048520922660828,True
qb_017800,economic,qb_017800__economic,0.65387726,0.48941779136657715,0.21536771953105927,True
qb_017800,external_regulation,qb_017800__external_regulation,0.8800195,0.6577720642089844,0.18353943526744843,True
qb_008362,legality_constitutionality,qb_008362__legality_constitutionality,0.7818596,0.6458799242973328,0.2215893566608429,True
qb_008362,policy_prescription,qb_008362__policy_prescription,0.7633881,0.6315804123878479,0.29062727093696594,True
qb_008362,political,qb_008362__political,0.701172,0.45261242985725403,0.2574789226055145,True
qb_008362,fairness_and_equality,qb_008362__fairness_and_equality,0.63023764,0.6580075025558472,0.22928304970264435,True
qb_008362,cultural_identity,qb_008362__cultural_identity,0.632215,0.6517220139503479,0.22564665973186493,True
qb_015462,health_and_safety,qb_015462__health_and_safety,0.7486256,0.7101410627365112,0.22412848472595215,True
qb_015462,policy_prescription,qb_015462__policy_prescription,0.7176186,0.6856735944747925,0.15203465521335602,True
qb_015462,quality_of_life,qb_015462__quality_of_life,0.7400538,0.6747896075248718,0.1526525616645813,True
qb_016397,political,qb_016397__political,0.98723793,0.8414133787155151,0.21615441143512726,True
qb_016397,public_sentiment,qb_016397__public_sentiment,0.85231674,0.8302344083786011,0.16414625942707062,True
qb_019355,political,qb_019355__political,0.79885423,0.6366109848022461,0.12783238291740417,True
qb_019355,public_sentiment,qb_019355__public_sentiment,0.7939726,0.7100245952606201,0.196187824010849,True
qb_019901,political,qb_019901__political,0.76020896,0.7270947694778442,0.25658494234085083,True
qb_019901,capacity_and_resources,qb_019901__capacity_and_resources,0.84393793,0.5776016116142273,0.23107251524925232,True
qb_018497,policy_prescription,qb_018497__policy_prescription,0.691313,0.6580953598022461,0.20585468411445618,True
qb_018497,capacity_and_resources,qb_018497__capacity_and_resources,0.70428574,0.6007789969444275,0.22056293487548828,True
qb_018497,health_and_safety,qb_018497__health_and_safety,0.8224916,0.6527427434921265,0.20485100150108337,True
qb_018497,morality,qb_018497__morality,0.8082442,0.7151837348937988,0.2706843614578247,True
qb_018497,political,qb_018497__political,0.85326284,0.6419695615768433,0.3021587133407593,True
qb_001703,legality_constitutionality,qb_001703__legality_constitutionality,0.7746001,0.6200364232063293,0.23042801022529602,True
qb_001703,political,qb_001703__political,0.7902185,0.5148680210113525,0.24626347422599792,True
qb_001703,morality,qb_001703__morality,0.83548105,0.6117881536483765,0.2048981487751007,True
qb_015742,crime_and_punishment,qb_015742__crime_and_punishment,0.6388688,0.6302850842475891,0.208668515086174,True
qb_015742,legality_constitutionality,qb_015742__legality_constitutionality,0.8243099,0.5574049949645996,0.18162988126277924,True
qb_015742,morality,qb_015742__morality,0.69213986,0.42918384075164795,0.14027799665927887,True
qb_020352,policy_prescription,qb_020352__policy_prescription,0.810422,0.4648888111114502,0.12806829810142517,True
qb_020352,economic,qb_020352__economic,0.633242,0.5181118249893188,0.22361715137958527,True
qb_020352,health_and_safety,qb_020352__health_and_safety,0.6320808,0.5593913793563843,0.18037629127502441,True
qb_020352,quality_of_life,qb_020352__quality_of_life,0.70344716,0.5892011523246765,0.15625829994678497,True
qb_020352,public_sentiment,qb_020352__public_sentiment,0.7795127,0.5519767999649048,0.18494610488414764,True
qb_011739,economic,qb_011739__economic,0.56017625,0.584579586982727,0.23379957675933838,True
qb_011739,capacity_and_resources,qb_011739__capacity_and_resources,0.6094444,0.574695885181427,0.12249767780303955,True
qb_011739,policy_prescription,qb_011739__policy_prescription,0.33640173,0.6115874648094177,0.12894101440906525,True
qb_011739,political,qb_011739__political,0.7763841,0.5957070589065552,0.20855586230754852,True
qb_011739,quality_of_life,qb_011739__quality_of_life,0.7375103,0.5316881537437439,0.1486138552427292,True
qb_020866,security_and_defense,qb_020866__security_and_defense,0.708475,0.6189059615135193,0.15681129693984985,True
qb_020866,external_regulation,qb_020866__external_regulation,0.6770706,0.5777063369750977,0.2240484058856964,True
qb_020866,policy_prescription,qb_020866__policy_prescription,0.892779,0.5999507904052734,0.2506770193576813,True
qb_020866,economic,qb_020866__economic,0.6695601,0.5311976671218872,0.1819186955690384,True
qb_020866,capacity_and_resources,qb_020866__capacity_and_resources,0.6401727,0.6142257452011108,0.24024291336536407,True
qb_004881,political,qb_004881__political,0.69879186,0.41117730736732483,0.2013736069202423,True
qb_004881,legality_constitutionality,qb_004881__legality_constitutionality,0.7224793,0.5546754002571106,0.17363733053207397,True
qb_004881,cultural_identity,qb_004881__cultural_identity,0.75299513,0.5123469829559326,0.16818121075630188,True
qb_004881,fairness_and_equality,qb_004881__fairness_and_equality,0.6856322,0.6193152070045471,0.21516457200050354,True
qb_000725,political,qb_000725__political,0.68631244,0.4691643714904785,0.14338530600070953,True
qb_000725,crime_and_punishment,qb_000725__crime_and_punishment,0.62558556,0.5141243934631348,0.20750173926353455,True
qb_000725,security_and_defense,qb_000725__security_and_defense,0.7070751,0.5729809999465942,0.2164701521396637,True
qb_000725,legality_constitutionality,qb_000725__legality_constitutionality,0.7742338,0.5469215512275696,0.22321338951587677,True
qb_000725,cultural_identity,qb_000725__cultural_identity,0.79219353,0.5301259160041809,0.21120691299438477,True
qb_000725,public_sentiment,qb_000725__public_sentiment,0.7283709,0.45105066895484924,0.2561868131160736,True
qb_003895,legality_constitutionality,qb_003895__legality_constitutionality,0.82458985,0.783100426197052,0.21562819182872772,True
qb_003895,economic,qb_003895__economic,0.78555727,0.6379182934761047,0.18905077874660492,True
qb_003895,health_and_safety,qb_003895__health_and_safety,0.76537216,0.6134746670722961,0.19236738979816437,True
qb_003895,political,qb_003895__political,0.8463826,0.6957409977912903,0.21426598727703094,True
qb_021141,health_and_safety,qb_021141__health_and_safety,0.60463506,0.48421114683151245,0.1430615782737732,True
qb_021141,policy_prescription,qb_021141__policy_prescription,0.5824891,0.6541904211044312,0.2004452496767044,True
qb_012582,health_and_safety,qb_012582__health_and_safety,0.8642788,0.7909238934516907,0.13152150809764862,True
qb_012582,policy_prescription,qb_012582__policy_prescription,0.78677684,0.672919750213623,0.21146473288536072,True
qb_012582,political,qb_012582__political,0.7858787,0.6074163317680359,0.21056261658668518,True
qb_001798,security_and_defense,qb_001798__security_and_defense,0.73297095,0.6844506859779358,0.17160634696483612,True
qb_001798,external_regulation,qb_001798__external_regulation,0.6204439,0.516526997089386,0.16503797471523285,True
qb_001798,political,qb_001798__political,0.7390378,0.6696295738220215,0.25616827607154846,True
qb_013155,political,qb_013155__political,0.6443318,0.6405437588691711,0.27867212891578674,True
qb_013155,security_and_defense,qb_013155__security_and_defense,0.78604025,0.6526055932044983,0.22744758427143097,True
qb_013155,policy_prescription,qb_013155__policy_prescription,0.75752884,0.6106007099151611,0.21172523498535156,True
qb_013155,public_sentiment,qb_013155__public_sentiment,0.9022794,0.5911545157432556,0.21547755599021912,True
qb_013155,crime_and_punishment,qb_013155__crime_and_punishment,0.5862174,0.49830687046051025,0.20279017090797424,True
qb_008297,security_and_defense,qb_008297__security_and_defense,0.75568557,0.652864933013916,0.21921522915363312,True
qb_008297,capacity_and_resources,qb_008297__capacity_and_resources,0.8566216,0.5432165265083313,0.22561101615428925,True
qb_008297,public_sentiment,qb_008297__public_sentiment,0.6909522,0.5296758413314819,0.19716978073120117,True
qb_005381,security_and_defense,qb_005381__security_and_defense,0.5525891,0.48309487104415894,0.17932763695716858,True
qb_005381,policy_prescription,qb_005381__policy_prescription,0.73662454,0.5300602912902832,0.24401216208934784,True
qb_005381,external_regulation,qb_005381__external_regulation,0.82557786,0.5673852562904358,0.25563961267471313,True
qb_005381,health_and_safety,qb_005381__health_and_safety,0.7409441,0.24442234635353088,0.28275033831596375,True
qb_005381,political,qb_005381__political,0.73328394,0.5590116381645203,0.24621137976646423,True
qb_005381,legality_constitutionality,qb_005381__legality_constitutionality,0.71070457,0.5508006811141968,0.24826762080192566,True
qb_010212,political,qb_010212__political,0.62577605,0.29746580123901367,0.28329282999038696,True
qb_010212,policy_prescription,qb_010212__policy_prescription,0.58801436,0.3245624899864197,0.13917160034179688,True
qb_010212,economic,qb_010212__economic,0.7733027,0.6867358088493347,0.14252153038978577,True
qb_010212,health_and_safety,qb_010212__health_and_safety,0.59312725,0.37144947052001953,0.18578709661960602,True
qb_001793,policy_prescription,qb_001793__policy_prescription,0.736801,0.5057900547981262,0.239932581782341,True
qb_001793,legality_constitutionality,qb_001793__legality_constitutionality,0.80051935,0.5773230195045471,0.14376959204673767,True
qb_001793,political,qb_001793__political,0.5664718,0.3763546943664551,0.21328464150428772,True
qb_001793,morality,qb_001793__morality,0.79083186,0.6117384433746338,0.22121842205524445,True
qb_013362,policy_prescription,qb_013362__policy_prescription,0.62507176,0.5698628425598145,0.19635002315044403,True
qb_013362,political,qb_013362__political,0.7310129,0.3778713345527649,0.2905347943305969,True
qb_013362,economic,qb_013362__economic,0.7262271,0.5488156080245972,0.23525866866111755,True
qb_013294,policy_prescription,qb_013294__policy_prescription,0.7994031,0.4107826054096222,0.16388818621635437,True
qb_013294,political,qb_013294__political,0.69726247,0.5280317664146423,0.21608252823352814,True
qb_013294,legality_constitutionality,qb_013294__legality_constitutionality,0.8762547,0.5482617616653442,0.23468121886253357,True
qb_016574,cultural_identity,qb_016574__cultural_identity,0.80593544,0.6180052757263184,0.18957224488258362,True
qb_016574,political,qb_016574__political,0.70880604,0.5998023748397827,0.19703605771064758,True
qb_016574,public_sentiment,qb_016574__public_sentiment,0.64714503,0.5385711789131165,0.3074584901332855,True
qb_016574,fairness_and_equality,qb_016574__fairness_and_equality,0.6391313,0.6199134588241577,0.18540894985198975,True
qb_016574,external_regulation,qb_016574__external_regulation,0.68285745,0.6454129815101624,0.21643607318401337,True
qb_016574,health_and_safety,qb_016574__health_and_safety,0.7142168,0.668614387512207,0.18334634602069855,True
qb_020630,political,qb_020630__political,0.84064853,0.6793850064277649,0.20424875617027283,True
qb_020630,policy_prescription,qb_020630__policy_prescription,0.54271364,0.5578252077102661,0.23863263428211212,True
qb_020630,capacity_and_resources,qb_020630__capacity_and_resources,0.68043303,0.6356021165847778,0.20481422543525696,True
qb_020630,public_sentiment,qb_020630__public_sentiment,0.82249165,0.7020984292030334,0.2264573872089386,True
qb_020630,economic,qb_020630__economic,0.7038578,0.6703059673309326,0.17689934372901917,True
qb_020630,fairness_and_equality,qb_020630__fairness_and_equality,0.7347554,0.5498477220535278,0.24061736464500427,True
qb_019697,capacity_and_resources,qb_019697__capacity_and_resources,0.7068039,0.7454932928085327,0.1500236690044403,True
qb_019697,other,qb_019697__other,0.8672632,0.5820869207382202,0.13166244328022003,True
qb_012860,economic,qb_012860__economic,0.67050916,0.6232447028160095,0.14569513499736786,True
qb_012860,policy_prescription,qb_012860__policy_prescription,0.7451052,0.5925160646438599,0.18309831619262695,True
qb_007152,legality_constitutionality,qb_007152__legality_constitutionality,0.7576096,,0.16134724020957947,False
qb_005930,policy_prescription,qb_005930__policy_prescription,0.78003097,0.6218023896217346,0.2565256953239441,True
qb_005930,legality_constitutionality,qb_005930__legality_constitutionality,0.68107665,0.5684484839439392,0.17804887890815735,True
qb_005930,morality,qb_005930__morality,0.75859994,0.5995883941650391,0.15823200345039368,True
qb_005930,political,qb_005930__political,0.666667,0.49816039204597473,0.3064207434654236,True
qb_005930,health_and_safety,qb_005930__health_and_safety,0.68223214,0.6332851648330688,0.23742946982383728,True
qb_016342,political,qb_016342__political,0.73983455,0.6878984570503235,0.2101624310016632,True
qb_016342,legality_constitutionality,qb_016342__legality_constitutionality,0.66872764,0.5378806591033936,0.21031531691551208,True
qb_015526,economic,qb_015526__economic,0.67150664,0.5816964507102966,0.1871948093175888,True
qb_015526,policy_prescription,qb_015526__policy_prescription,0.7556386,0.8057911396026611,0.1670563519001007,True
qb_015526,political,qb_015526__political,0.7365496,0.6774978637695312,0.17401674389839172,True
qb_008855,legality_constitutionality,qb_008855__legality_constitutionality,0.6891268,0.6404130458831787,0.1965797245502472,True
qb_008855,political,qb_008855__political,0.85271084,0.5750049352645874,0.2892383635044098,True
qb_008855,crime_and_punishment,qb_008855__crime_and_punishment,0.7824451,0.6476021409034729,0.16116902232170105,True
qb_008855,morality,qb_008855__morality,0.7188243,0.5884774327278137,0.2045413702726364,True
qb_004319,security_and_defense,qb_004319__security_and_defense,0.7121096,0.7111131548881531,0.20499035716056824,True
qb_004319,external_regulation,qb_004319__external_regulation,0.7528117,0.6467452049255371,0.19976909458637238,True
qb_001358,legality_constitutionality,qb_001358__legality_constitutionality,0.73446774,0.6986374258995056,0.1600486934185028,True
qb_001358,policy_prescription,qb_001358__policy_prescription,0.7588479,0.6324014067649841,0.18843324482440948,True
qb_001358,fairness_and_equality,qb_001358__fairness_and_equality,0.73609483,0.6293036341667175,0.21463771164417267,True
qb_001358,cultural_identity,qb_001358__cultural_identity,0.7613355,0.6521280407905579,0.1827220618724823,True
qb_004831,legality_constitutionality,qb_004831__legality_constitutionality,0.6238529,0.5830579400062561,0.1476483941078186,True
qb_004831,policy_prescription,qb_004831__policy_prescription,0.56327033,0.6031449437141418,0.18183712661266327,True
qb_004831,crime_and_punishment,qb_004831__crime_and_punishment,0.661041,0.6050488948822021,0.15028733015060425,True
qb_004831,economic,qb_004831__economic,0.8237823,0.5729764699935913,0.1623808890581131,True
qb_004578,policy_prescription,qb_004578__policy_prescription,0.83027506,0.7130439281463623,0.19092540442943573,True
qb_004578,morality,qb_004578__morality,0.6804377,0.5662801265716553,0.19540126621723175,True
qb_004578,political,qb_004578__political,0.7497052,0.6198076009750366,0.2303483784198761,True
qb_004578,fairness_and_equality,qb_004578__fairness_and_equality,0.7711473,0.632178544998169,0.17314258217811584,True
qb_004578,economic,qb_004578__economic,0.6039803,0.5571468472480774,0.15963053703308105,True
qb_004578,public_sentiment,qb_004578__public_sentiment,0.5261741,0.5361719131469727,0.23505035042762756,True
qb_020651,political,qb_020651__political,0.51481545,0.6835067868232727,0.18069005012512207,True
qb_020651,policy_prescription,qb_020651__policy_prescription,0.6829818,0.6168797016143799,0.25874024629592896,True
qb_020651,crime_and_punishment,qb_020651__crime_and_punishment,0.71545845,0.6109563112258911,0.17476694285869598,True
qb_020651,legality_constitutionality,qb_020651__legality_constitutionality,0.7309592,0.6058802604675293,0.20193076133728027,True
qb_020651,security_and_defense,qb_020651__security_and_defense,0.6507251,0.6320810914039612,0.16158254444599152,True
qb_020651,morality,qb_020651__morality,0.77342224,0.5869690179824829,0.2083461582660675,True
qb_004568,public_sentiment,qb_004568__public_sentiment,0.68211395,0.3628474771976471,0.1440063714981079,True
qb_004568,cultural_identity,qb_004568__cultural_identity,0.7715504,0.4631543755531311,0.18381068110466003,True
qb_004568,quality_of_life,qb_004568__quality_of_life,0.66553384,0.5310357809066772,0.1561320424079895,True
qb_008808,political,qb_008808__political,0.6116092,0.4704461097717285,0.18227717280387878,True
qb_008808,economic,qb_008808__economic,0.49263537,0.4962523579597473,0.1635352522134781,True
qb_008808,security_and_defense,qb_008808__security_and_defense,0.76265645,0.556390643119812,0.1828163117170334,True
qb_008808,quality_of_life,qb_008808__quality_of_life,0.73416805,0.5069527626037598,0.17735151946544647,True
qb_008808,public_sentiment,qb_008808__public_sentiment,0.6752169,0.49630194902420044,0.23997502028942108,True
qb_008808,capacity_and_resources,qb_008808__capacity_and_resources,0.5791739,0.48815402388572693,0.19839563965797424,True
qb_016992,economic,qb_016992__economic,0.7385218,0.6423760056495667,0.13736549019813538,True
qb_016992,policy_prescription,qb_016992__policy_prescription,0.6722504,0.5809634327888489,0.15541408956050873,True
qb_016992,political,qb_016992__political,0.75198025,0.5559502243995667,0.2580986022949219,True
qb_016992,fairness_and_equality,qb_016992__fairness_and_equality,0.68861914,0.5953772068023682,0.12035403400659561,True
qb_002379,political,qb_002379__political,0.81682223,0.5256995558738708,0.22623395919799805,True
qb_002379,crime_and_punishment,qb_002379__crime_and_punishment,0.60767406,0.49235454201698303,0.14551447331905365,True
qb_002379,public_sentiment,qb_002379__public_sentiment,0.6623891,0.5142336487770081,0.20676343142986298,True
qb_002379,cultural_identity,qb_002379__cultural_identity,0.65238553,0.5434221625328064,0.25202301144599915,True
qb_011164,public_sentiment,qb_011164__public_sentiment,0.75242025,0.5632213950157166,0.14506372809410095,True
qb_011164,political,qb_011164__political,0.6313472,0.4611453115940094,0.21127620339393616,True
qb_011164,morality,qb_011164__morality,0.67719114,0.48021677136421204,0.23459286987781525,True
qb_011164,economic,qb_011164__economic,0.67547905,0.5341346859931946,0.1803620606660843,True
qb_006422,cultural_identity,qb_006422__cultural_identity,0.7881099,0.7145067453384399,0.18646740913391113,True
qb_006422,fairness_and_equality,qb_006422__fairness_and_equality,0.81644,0.7108491063117981,0.17865869402885437,True
qb_006422,policy_prescription,qb_006422__policy_prescription,0.6773237,0.6183746457099915,0.19635231792926788,True
qb_006422,political,qb_006422__political,0.6702512,0.63573157787323,0.1818300187587738,True
qb_006422,morality,qb_006422__morality,0.7507156,0.6612293720245361,0.16597774624824524,True
qb_020364,political,qb_020364__political,0.86229455,0.5826931595802307,0.2265501469373703,True
qb_020364,policy_prescription,qb_020364__policy_prescription,0.5577704,0.6569737792015076,0.17106150090694427,True
qb_020364,capacity_and_resources,qb_020364__capacity_and_resources,0.83051896,0.5098356604576111,0.1564083993434906,True
qb_020364,economic,qb_020364__economic,0.6426056,0.6191392540931702,0.24210715293884277,True
qb_007533,political,qb_007533__political,0.8074412,0.6290144920349121,0.22495058178901672,True
qb_007533,policy_prescription,qb_007533__policy_prescription,0.8294326,0.7074893116950989,0.1944141536951065,True
qb_007533,public_sentiment,qb_007533__public_sentiment,0.88092536,0.7413635849952698,0.24240021407604218,True
qb_007533,health_and_safety,qb_007533__health_and_safety,0.77924395,0.6437587738037109,0.1996394842863083,True
qb_007533,quality_of_life,qb_007533__quality_of_life,0.86694056,0.7049880027770996,0.22023451328277588,True
qb_008498,legality_constitutionality,qb_008498__legality_constitutionality,0.78552645,0.6592166423797607,0.186872661113739,True
qb_008498,economic,qb_008498__economic,0.7598422,0.5957978963851929,0.13109709322452545,True
qb_011928,public_sentiment,qb_011928__public_sentiment,0.75211644,0.6321733593940735,0.20073290169239044,True
qb_011928,policy_prescription,qb_011928__policy_prescription,0.6692251,0.5967245697975159,0.2617379128932953,True
qb_011928,morality,qb_011928__morality,0.71563816,0.6623139381408691,0.21303963661193848,True
qb_011928,cultural_identity,qb_011928__cultural_identity,0.8182153,0.4985313415527344,0.1575075089931488,True
qb_001455,political,qb_001455__political,0.80172694,0.6951617002487183,0.1645650565624237,True
qb_001455,public_sentiment,qb_001455__public_sentiment,0.8572714,0.6721858978271484,0.1834312379360199,True
qb_001455,cultural_identity,qb_001455__cultural_identity,0.65424407,0.6375316381454468,0.1793569028377533,True
qb_000749,political,qb_000749__political,0.7106122,0.5998742580413818,0.2032342255115509,True
qb_000749,policy_prescription,qb_000749__policy_prescription,0.88282824,0.5744304060935974,0.21136517822742462,True
qb_000749,public_sentiment,qb_000749__public_sentiment,0.8589369,0.5404214859008789,0.20736820995807648,True
qb_000749,fairness_and_equality,qb_000749__fairness_and_equality,0.82187146,0.649808406829834,0.1969311386346817,True
qb_009297,security_and_defense,qb_009297__security_and_defense,0.73398757,0.5809576511383057,0.13362354040145874,True
qb_009297,health_and_safety,qb_009297__health_and_safety,0.68996334,0.6134717464447021,0.15024277567863464,True
qb_009297,external_regulation,qb_009297__external_regulation,0.68423235,0.4210764765739441,0.15211714804172516,True
qb_012468,political,qb_012468__political,0.6797359,0.44912800192832947,0.25475841760635376,True
qb_012468,economic,qb_012468__economic,0.5540012,0.4196324646472931,0.18486455082893372,True
qb_012468,policy_prescription,qb_012468__policy_prescription,0.65398335,0.4446687400341034,0.18955984711647034,True
qb_012468,health_and_safety,qb_012468__health_and_safety,0.5702354,0.42581677436828613,0.2546979486942291,True
qb_012468,public_sentiment,qb_012468__public_sentiment,0.75872123,0.39282745122909546,0.24396255612373352,True
qb_019834,legality_constitutionality,qb_019834__legality_constitutionality,0.64439225,0.5753795504570007,0.3053492605686188,True
qb_019834,political,qb_019834__political,0.7734914,0.5458040237426758,0.21394625306129456,True
qb_019834,crime_and_punishment,qb_019834__crime_and_punishment,0.69523126,0.5195136666297913,0.19598597288131714,True
qb_019834,security_and_defense,qb_019834__security_and_defense,0.63469774,0.5455340147018433,0.2629610002040863,True
qb_019834,fairness_and_equality,qb_019834__fairness_and_equality,0.75687975,0.5756102800369263,0.19870594143867493,True
qb_019834,morality,qb_019834__morality,0.517828,0.3779224753379822,0.20395949482917786,True
qb_005386,legality_constitutionality,qb_005386__legality_constitutionality,0.6958386,0.6313174962997437,0.28310421109199524,True
qb_005386,political,qb_005386__political,0.7772137,0.5727078914642334,0.2469814270734787,True
qb_005386,external_regulation,qb_005386__external_regulation,0.6649436,0.5583083033561707,0.2311631441116333,True
qb_015329,legality_constitutionality,qb_015329__legality_constitutionality,0.7795001,0.6651656627655029,0.17999103665351868,True
qb_015329,crime_and_punishment,qb_015329__crime_and_punishment,0.6737867,0.5754314661026001,0.19909407198429108,True
qb_015329,political,qb_015329__political,0.76381904,0.36525383591651917,0.2352210283279419,True
qb_013405,political,qb_013405__political,0.8118049,0.35808244347572327,0.1748688668012619,True
qb_013405,legality_constitutionality,qb_013405__legality_constitutionality,0.7170472,0.4601803421974182,0.26690933108329773,True
qb_013405,public_sentiment,qb_013405__public_sentiment,0.7109088,0.3469155430793762,0.16863331198692322,True
qb_013405,security_and_defense,qb_013405__security_and_defense,0.7622808,0.47636929154396057,0.17493653297424316,True
qb_013405,capacity_and_resources,qb_013405__capacity_and_resources,0.7403176,0.47541874647140503,0.19407236576080322,True
qb_012819,external_regulation,qb_012819__external_regulation,0.55812,0.4667859971523285,0.19686345756053925,True
qb_012819,economic,qb_012819__economic,0.6574943,0.49945297837257385,0.16053791344165802,True
qb_012819,policy_prescription,qb_012819__policy_prescription,0.71961576,0.6006754636764526,0.20537523925304413,True
qb_012819,political,qb_012819__political,0.6324274,0.5737690329551697,0.19732919335365295,True
qb_012819,capacity_and_resources,qb_012819__capacity_and_resources,0.8060442,0.5721114277839661,0.16530901193618774,True
qb_012819,security_and_defense,qb_012819__security_and_defense,0.7017761,0.499934583902359,0.18228034675121307,True
qb_019767,political,qb_019767__political,0.7794961,0.3934688866138458,0.2583985924720764,True
qb_019767,public_sentiment,qb_019767__public_sentiment,0.72332495,0.37580129504203796,0.24040007591247559,True
qb_019767,policy_prescription,qb_019767__policy_prescription,0.63422376,0.3883706331253052,0.21723124384880066,True
qb_019767,health_and_safety,qb_019767__health_and_safety,0.8491657,0.39311856031417847,0.2107294499874115,True
qb_019767,fairness_and_equality,qb_019767__fairness_and_equality,0.72770226,0.3298870027065277,0.293716162443161,True
qb_019767,legality_constitutionality,qb_019767__legality_constitutionality,0.8074938,0.3672088384628296,0.19173136353492737,True
qb_019767,economic,qb_019767__economic,0.70201594,0.3455788493156433,0.2065919190645218,True
qb_019767,capacity_and_resources,qb_019767__capacity_and_resources,0.61975056,0.33240634202957153,0.14237923920154572,True
qb_008186,policy_prescription,qb_008186__policy_prescription,0.74053663,0.5827199220657349,0.2673783302307129,True
qb_008186,security_and_defense,qb_008186__security_and_defense,0.8265158,0.663332998752594,0.20709840953350067,True
qb_008186,legality_constitutionality,qb_008186__legality_constitutionality,0.76658434,0.6118496656417847,0.16722740232944489,True
qb_008186,crime_and_punishment,qb_008186__crime_and_punishment,0.61398005,0.6023959517478943,0.26191088557243347,True
qb_008186,public_sentiment,qb_008186__public_sentiment,0.8754413,0.6331390142440796,0.20397622883319855,True
qb_008186,health_and_safety,qb_008186__health_and_safety,0.56821644,0.5260999202728271,0.23616960644721985,True
qb_007428,public_sentiment,qb_007428__public_sentiment,0.7981644,0.5667880177497864,0.20773406326770782,True
qb_007428,external_regulation,qb_007428__external_regulation,0.7088204,0.5955517292022705,0.17118343710899353,True
qb_007428,political,qb_007428__political,0.8685039,0.6437740921974182,0.20443034172058105,True
qb_007428,quality_of_life,qb_007428__quality_of_life,0.7256035,0.6366096138954163,0.18027904629707336,True
qb_013788,security_and_defense,qb_013788__security_and_defense,0.80154014,0.604785680770874,0.18917551636695862,True
qb_013788,capacity_and_resources,qb_013788__capacity_and_resources,0.5839575,0.5282951593399048,0.19326360523700714,True
qb_011720,economic,qb_011720__economic,0.82287383,0.4419039785861969,0.19647112488746643,True
qb_011720,political,qb_011720__political,0.6649524,0.42271408438682556,0.18726474046707153,True
qb_011720,external_regulation,qb_011720__external_regulation,0.70032,0.4080566465854645,0.19575098156929016,True
qb_011720,capacity_and_resources,qb_011720__capacity_and_resources,0.6461015,0.4581955075263977,0.16889294981956482,True
qb_011720,policy_prescription,qb_011720__policy_prescription,0.71142215,0.47752007842063904,0.19288167357444763,True
qb_011720,quality_of_life,qb_011720__quality_of_life,0.5109613,0.4464792311191559,0.1561645269393921,True
qb_015106,economic,qb_015106__economic,0.6143989,0.45709648728370667,0.16580256819725037,True
qb_015106,health_and_safety,qb_015106__health_and_safety,0.63246816,0.38126102089881897,0.20042280852794647,True
qb_015106,capacity_and_resources,qb_015106__capacity_and_resources,0.70301425,0.34263455867767334,0.16306808590888977,True
qb_015106,political,qb_015106__political,0.67780995,0.5535510778427124,0.22352318465709686,True
qb_005777,legality_constitutionality,qb_005777__legality_constitutionality,0.7200478,0.6294503211975098,0.1942683309316635,True
qb_005777,crime_and_punishment,qb_005777__crime_and_punishment,0.774341,0.6670076847076416,0.21214430034160614,True
qb_005777,public_sentiment,qb_005777__public_sentiment,0.68022275,0.5060591697692871,0.2314094752073288,True
qb_005777,capacity_and_resources,qb_005777__capacity_and_resources,0.8301823,0.6192104816436768,0.16298997402191162,True
qb_005777,morality,qb_005777__morality,0.7897723,0.6504822373390198,0.1969054937362671,True
qb_018079,political,qb_018079__political,0.5672161,0.5938113927841187,0.18044090270996094,True
qb_018079,cultural_identity,qb_018079__cultural_identity,0.6604661,0.4627946615219116,0.17658764123916626,True
qb_018079,public_sentiment,qb_018079__public_sentiment,0.73109496,0.5351077318191528,0.22069260478019714,True
qb_019440,public_sentiment,qb_019440__public_sentiment,0.9022273,0.7242076992988586,0.18036943674087524,True
qb_019440,economic,qb_019440__economic,0.7727202,0.7500483989715576,0.1714254915714264,True
qb_019440,capacity_and_resources,qb_019440__capacity_and_resources,0.7355211,0.7144906520843506,0.1899900883436203,True
qb_009324,security_and_defense,qb_009324__security_and_defense,0.7548722,0.6795986294746399,0.2165963351726532,True
qb_009324,public_sentiment,qb_009324__public_sentiment,0.66706216,0.3389289379119873,0.18337111175060272,True
qb_009324,legality_constitutionality,qb_009324__legality_constitutionality,0.79855263,0.6188362240791321,0.2019689977169037,True
qb_009324,capacity_and_resources,qb_009324__capacity_and_resources,0.8049676,0.6693820953369141,0.1830282211303711,True
qb_015156,legality_constitutionality,qb_015156__legality_constitutionality,0.7405697,0.6265841722488403,0.20866648852825165,True
qb_015156,political,qb_015156__political,0.6648525,0.47471344470977783,0.25016310811042786,True
qb_015156,health_and_safety,qb_015156__health_and_safety,0.6784934,0.4605349004268646,0.168586865067482,True
qb_019458,security_and_defense,qb_019458__security_and_defense,0.6248771,0.5084508657455444,0.1587182730436325,True
qb_019458,health_and_safety,qb_019458__health_and_safety,0.7727023,0.46432191133499146,0.21424062550067902,True
qb_019458,capacity_and_resources,qb_019458__capacity_and_resources,0.5974391,0.516772985458374,0.20598271489143372,True
qb_019458,political,qb_019458__political,0.6449827,0.48492497205734253,0.25471749901771545,True
qb_019458,quality_of_life,qb_019458__quality_of_life,0.61132646,0.48627930879592896,0.1495516300201416,True
qb_019458,economic,qb_019458__economic,0.6613277,0.4804655611515045,0.14706584811210632,True
qb_003135,legality_constitutionality,qb_003135__legality_constitutionality,0.77376926,0.6996250748634338,0.2038482427597046,True
qb_003135,fairness_and_equality,qb_003135__fairness_and_equality,0.8744678,0.770513653755188,0.1616286337375641,True
qb_003135,cultural_identity,qb_003135__cultural_identity,0.7106735,0.7309610843658447,0.15246064960956573,True
qb_009471,health_and_safety,qb_009471__health_and_safety,0.7196318,0.6177096366882324,0.25032535195350647,True
qb_009471,capacity_and_resources,qb_009471__capacity_and_resources,0.73459977,0.6641496419906616,0.2052910327911377,True
qb_000513,political,qb_000513__political,0.6419364,0.5487691164016724,0.22142867743968964,True
qb_000513,morality,qb_000513__morality,0.63687825,0.572475016117096,0.20237024128437042,True
qb_021482,political,qb_021482__political,0.8161384,0.4804069399833679,0.13236644864082336,True
qb_021482,security_and_defense,qb_021482__security_and_defense,0.64076316,0.4077514111995697,0.2245589792728424,True
qb_021482,cultural_identity,qb_021482__cultural_identity,0.7310114,0.4531998038291931,0.1717168241739273,True
qb_021482,morality,qb_021482__morality,0.62361425,0.5530843734741211,0.19759048521518707,True
qb_021482,fairness_and_equality,qb_021482__fairness_and_equality,0.6350449,0.45580774545669556,0.18749353289604187,True
qb_005814,economic,qb_005814__economic,0.73434156,0.18737241625785828,0.13952715694904327,True
qb_005814,external_regulation,qb_005814__external_regulation,0.6108941,0.40054041147232056,0.18869371712207794,True
qb_005814,health_and_safety,qb_005814__health_and_safety,0.73854685,0.15461722016334534,0.2161855697631836,True
qb_015984,health_and_safety,qb_015984__health_and_safety,0.8276309,0.521105945110321,0.1917235553264618,True
qb_015984,political,qb_015984__political,0.713217,0.5300695896148682,0.2233102023601532,True
qb_019939,political,qb_019939__political,0.768054,0.7084166407585144,0.2572334408760071,True
qb_019939,policy_prescription,qb_019939__policy_prescription,0.73868036,0.66768878698349,0.17633263766765594,True
qb_019939,morality,qb_019939__morality,0.69167197,0.5973848700523376,0.1219630241394043,True
qb_019939,public_sentiment,qb_019939__public_sentiment,0.809988,0.7386998534202576,0.23233234882354736,True
qb_003150,political,qb_003150__political,0.71316344,0.5167787671089172,0.1842857152223587,True
qb_003150,policy_prescription,qb_003150__policy_prescription,0.8149929,0.5801723003387451,0.19105634093284607,True
qb_003150,economic,qb_003150__economic,0.67456967,0.5628762245178223,0.17983314394950867,True
qb_016473,legality_constitutionality,qb_016473__legality_constitutionality,0.52136534,0.5700314044952393,0.21612612903118134,True
qb_016473,crime_and_punishment,qb_016473__crime_and_punishment,0.596583,0.46420779824256897,0.2027263641357422,True
qb_016473,political,qb_016473__political,0.56808126,0.41318607330322266,0.20793983340263367,True
qb_015560,political,qb_015560__political,0.6317484,0.36223897337913513,0.2020670473575592,True
qb_015560,legality_constitutionality,qb_015560__legality_constitutionality,0.61706614,0.6679286360740662,0.2073102444410324,True
qb_010853,cultural_identity,qb_010853__cultural_identity,0.768451,0.6084475517272949,0.20605456829071045,True
qb_010853,political,qb_010853__political,0.65431964,0.5497970581054688,0.1703210175037384,True
qb_010853,fairness_and_equality,qb_010853__fairness_and_equality,0.6969332,0.6051338911056519,0.19817215204238892,True
qb_010853,security_and_defense,qb_010853__security_and_defense,0.70550764,0.6345230937004089,0.18755361437797546,True
qb_010853,crime_and_punishment,qb_010853__crime_and_punishment,0.79754287,0.5052551031112671,0.17975465953350067,True
qb_010853,public_sentiment,qb_010853__public_sentiment,0.71656525,0.6371522545814514,0.12937836349010468,True
qb_010853,legality_constitutionality,qb_010853__legality_constitutionality,0.8836075,0.5970121622085571,0.15304739773273468,True
qb_010853,policy_prescription,qb_010853__policy_prescription,0.5835183,0.5343489646911621,0.23157672584056854,True
qb_013280,morality,qb_013280__morality,0.7805628,0.6405077576637268,0.1783745437860489,True
qb_013280,public_sentiment,qb_013280__public_sentiment,0.7633405,0.5551672577857971,0.14402738213539124,True
qb_013280,security_and_defense,qb_013280__security_and_defense,0.629068,0.595258891582489,0.17189905047416687,True
qb_013280,cultural_identity,qb_013280__cultural_identity,0.7184017,0.5850272178649902,0.17935246229171753,True
qb_010232,morality,qb_010232__morality,0.75159144,0.625450611114502,0.23077134788036346,True
qb_010232,political,qb_010232__political,0.61944914,0.4178100824356079,0.2549360990524292,True
qb_000712,political,qb_000712__political,0.7397274,0.6529324054718018,0.24357981979846954,True
qb_000712,legality_constitutionality,qb_000712__legality_constitutionality,0.7394055,0.519121527671814,0.2013050764799118,True
qb_000712,policy_prescription,qb_000712__policy_prescription,0.8036299,0.6328482627868652,0.1861073523759842,True
qb_000712,fairness_and_equality,qb_000712__fairness_and_equality,0.80905825,0.629798173904419,0.20769047737121582,True
qb_000712,cultural_identity,qb_000712__cultural_identity,0.8402923,0.574764609336853,0.1756943166255951,True
qb_000712,public_sentiment,qb_000712__public_sentiment,0.826417,0.6047500371932983,0.18244493007659912,True
qb_009545,legality_constitutionality,qb_009545__legality_constitutionality,0.81510836,0.5757610201835632,0.25883981585502625,True
qb_009545,policy_prescription,qb_009545__policy_prescription,0.7201166,0.6438817977905273,0.22548146545886993,True
qb_009545,political,qb_009545__political,0.8369745,0.5529876947402954,0.24927571415901184,True
qb_014032,political,qb_014032__political,0.74527407,0.6022897362709045,0.25318607687950134,True
qb_014032,security_and_defense,qb_014032__security_and_defense,0.7657875,0.6162249445915222,0.18544141948223114,True
qb_014032,public_sentiment,qb_014032__public_sentiment,0.6996991,0.5765929818153381,0.1963801085948944,True
qb_014032,external_regulation,qb_014032__external_regulation,0.7865024,0.5956525802612305,0.1931324452161789,True
qb_006398,security_and_defense,qb_006398__security_and_defense,0.71068215,0.5832120776176453,0.19142958521842957,True
qb_006398,legality_constitutionality,qb_006398__legality_constitutionality,0.61367476,0.46484097838401794,0.14576762914657593,True
qb_006398,crime_and_punishment,qb_006398__crime_and_punishment,0.7110541,0.5798608064651489,0.20029433071613312,True
qb_006398,external_regulation,qb_006398__external_regulation,0.74698657,0.6262292265892029,0.17291608452796936,True
qb_006398,economic,qb_006398__economic,0.6441921,0.5068961977958679,0.17685991525650024,True
qb_006398,political,qb_006398__political,0.6458436,0.47179460525512695,0.2530086636543274,True
qb_002433,legality_constitutionality,qb_002433__legality_constitutionality,0.6943964,0.5087011456489563,0.17931778728961945,True
qb_002433,policy_prescription,qb_002433__policy_prescription,0.7898785,0.7191276550292969,0.21015234291553497,True
qb_002433,political,qb_002433__political,0.44617802,0.38650307059288025,0.1674315631389618,True
qb_002433,health_and_safety,qb_002433__health_and_safety,0.7120272,0.6639230251312256,0.16842445731163025,True
qb_016583,legality_constitutionality,qb_016583__legality_constitutionality,0.7322918,0.5571616291999817,0.20310719311237335,True
qb_016583,political,qb_016583__political,0.65311927,0.5161764621734619,0.23329487442970276,True
qb_016583,health_and_safety,qb_016583__health_and_safety,0.7946039,0.499058336019516,0.17655885219573975,True
qb_000026,legality_constitutionality,qb_000026__legality_constitutionality,0.5868828,0.5281220078468323,0.1802455484867096,True
qb_000026,security_and_defense,qb_000026__security_and_defense,0.7028419,0.6643067598342896,0.22943994402885437,True
qb_000026,cultural_identity,qb_000026__cultural_identity,0.69721496,0.3784530758857727,0.19501638412475586,True
qb_011717,legality_constitutionality,qb_011717__legality_constitutionality,0.70623446,0.6503799557685852,0.16398917138576508,True
qb_011717,capacity_and_resources,qb_011717__capacity_and_resources,0.5637814,0.5681426525115967,0.17696094512939453,True
qb_011717,security_and_defense,qb_011717__security_and_defense,0.7233038,0.5507336854934692,0.18401400744915009,True
qb_011083,cultural_identity,qb_011083__cultural_identity,0.83632565,0.6901260614395142,0.1939031183719635,True
qb_011083,political,qb_011083__political,0.8235408,0.6713588237762451,0.19978931546211243,True
qb_009918,legality_constitutionality,qb_009918__legality_constitutionality,0.6216902,0.5250189304351807,0.18452078104019165,True
qb_009918,political,qb_009918__political,0.7090934,0.5070059299468994,0.2967306077480316,True
qb_009918,crime_and_punishment,qb_009918__crime_and_punishment,0.6642071,0.5151426196098328,0.21995273232460022,True
qb_009918,morality,qb_009918__morality,0.6419134,0.42153438925743103,0.19432082772254944,True
qb_001729,legality_constitutionality,qb_001729__legality_constitutionality,0.778777,0.4475840926170349,0.1779954731464386,True
qb_001729,political,qb_001729__political,0.7331891,0.5847166776657104,0.24631035327911377,True
qb_001729,public_sentiment,qb_001729__public_sentiment,0.647658,0.44578641653060913,0.2418755739927292,True
qb_009151,policy_prescription,qb_009151__policy_prescription,0.72304386,0.7274042963981628,0.17864146828651428,True
qb_009151,health_and_safety,qb_009151__health_and_safety,0.7498293,0.5882850289344788,0.1654939204454422,True
qb_009151,economic,qb_009151__economic,0.697775,0.6626068949699402,0.1516961008310318,True
qb_009151,capacity_and_resources,qb_009151__capacity_and_resources,0.8006449,0.5984544157981873,0.14214427769184113,True
qb_005042,external_regulation,qb_005042__external_regulation,0.720672,0.6719154119491577,0.20247578620910645,True
qb_005042,policy_prescription,qb_005042__policy_prescription,0.7189343,0.6506692171096802,0.2322523593902588,True
qb_005042,legality_constitutionality,qb_005042__legality_constitutionality,0.82717127,0.5930806398391724,0.19835247099399567,True
qb_005042,cultural_identity,qb_005042__cultural_identity,0.90586925,0.7045968770980835,0.21066419780254364,True
qb_005042,morality,qb_005042__morality,0.7020486,0.5001325607299805,0.18443337082862854,True
qb_005042,economic,qb_005042__economic,0.6593754,0.4896274507045746,0.20539069175720215,True
qb_006907,political,qb_006907__political,0.6130289,0.3185153305530548,0.25481873750686646,True
qb_006907,policy_prescription,qb_006907__policy_prescription,0.6443659,0.5862650275230408,0.20209386944770813,True
qb_006907,security_and_defense,qb_006907__security_and_defense,0.8094451,0.6404891014099121,0.26969099044799805,True
qb_006907,economic,qb_006907__economic,0.55240846,0.4776557385921478,0.2058112919330597,True
qb_006907,capacity_and_resources,qb_006907__capacity_and_resources,0.6590384,0.5710615515708923,0.19004008173942566,True
qb_019017,political,qb_019017__political,0.7496748,0.5774921178817749,0.19064515829086304,True
qb_019017,legality_constitutionality,qb_019017__legality_constitutionality,0.8493733,0.5374059677124023,0.22359144687652588,True
qb_003973,legality_constitutionality,qb_003973__legality_constitutionality,0.71211576,0.5902971625328064,0.18315429985523224,True
qb_003973,security_and_defense,qb_003973__security_and_defense,0.79892886,0.6177996397018433,0.1755683273077011,True
qb_003973,political,qb_003973__political,0.73531795,0.5261285901069641,0.22364644706249237,True
qb_003973,crime_and_punishment,qb_003973__crime_and_punishment,0.6912532,0.5977334380149841,0.21290287375450134,True
qb_008919,political,qb_008919__political,0.8533597,0.6513029932975769,0.16126932203769684,True
qb_008919,legality_constitutionality,qb_008919__legality_constitutionality,0.76992226,0.6495248079299927,0.22024419903755188,True
qb_017622,political,qb_017622__political,0.72092813,0.5823734402656555,0.2271619737148285,True
qb_017622,public_sentiment,qb_017622__public_sentiment,0.68531895,0.6318821907043457,0.2436571568250656,True
qb_005901,security_and_defense,qb_005901__security_and_defense,0.7122886,0.6304411888122559,0.22337698936462402,True
qb_005901,external_regulation,qb_005901__external_regulation,0.7090053,0.6064143180847168,0.2041131556034088,True
qb_005901,policy_prescription,qb_005901__policy_prescription,0.73977464,0.5873889923095703,0.14907090365886688,True
qb_005901,political,qb_005901__political,0.7644806,0.5333446860313416,0.27102649211883545,True
qb_012854,legality_constitutionality,qb_012854__legality_constitutionality,0.8735179,0.7131526470184326,0.20736074447631836,True
qb_012854,crime_and_punishment,qb_012854__crime_and_punishment,0.7248502,0.5840182304382324,0.28295087814331055,True
qb_012854,political,qb_012854__political,0.7641951,0.6320415735244751,0.1754005402326584,True
qb_014848,political,qb_014848__political,0.6344379,0.4374637007713318,0.26653236150741577,True
qb_014848,policy_prescription,qb_014848__policy_prescription,0.6268009,0.4193950295448303,0.21876457333564758,True
qb_003979,capacity_and_resources,qb_003979__capacity_and_resources,0.7546542,0.6474270820617676,0.23235663771629333,True
qb_003979,public_sentiment,qb_003979__public_sentiment,0.6711728,0.697745144367218,0.20087507367134094,True
qb_003979,economic,qb_003979__economic,0.82691437,0.6397739052772522,0.17841608822345734,True
qb_003979,quality_of_life,qb_003979__quality_of_life,0.739126,0.6829198002815247,0.22356221079826355,True
qb_001323,morality,qb_001323__morality,0.63777953,0.6011630892753601,0.1671176254749298,True
qb_001323,public_sentiment,qb_001323__public_sentiment,0.7370148,0.6660583019256592,0.1834130734205246,True
qb_001323,quality_of_life,qb_001323__quality_of_life,0.72804916,0.5395318865776062,0.21136796474456787,True
qb_011762,crime_and_punishment,qb_011762__crime_and_punishment,0.7642638,0.7157590389251709,0.1738300621509552,True
qb_011762,security_and_defense,qb_011762__security_and_defense,0.82271534,0.737200140953064,0.20436957478523254,True
qb_011762,legality_constitutionality,qb_011762__legality_constitutionality,0.64636886,0.5780863761901855,0.20129446685314178,True
qb_009920,legality_constitutionality,qb_009920__legality_constitutionality,0.5701316,0.4295990765094757,0.21208885312080383,True
qb_009920,political,qb_009920__political,0.74372005,0.5715203285217285,0.19462212920188904,True
qb_009920,crime_and_punishment,qb_009920__crime_and_punishment,0.5414193,0.5048734545707703,0.16444922983646393,True
qb_009920,external_regulation,qb_009920__external_regulation,0.71898293,0.4294886589050293,0.21943211555480957,True
qb_011032,security_and_defense,qb_011032__security_and_defense,0.7617364,0.849226176738739,0.1385589987039566,True
qb_011032,external_regulation,qb_011032__external_regulation,0.82033706,0.7002154588699341,0.17171353101730347,True
qb_011032,policy_prescription,qb_011032__policy_prescription,0.7863842,0.7214949727058411,0.17982959747314453,True
qb_013248,security_and_defense,qb_013248__security_and_defense,0.78912854,0.5328655242919922,0.1357557326555252,True
qb_013248,health_and_safety,qb_013248__health_and_safety,0.5856062,0.5334835648536682,0.15889082849025726,True
qb_013248,political,qb_013248__political,0.72201645,0.5536442399024963,0.17217864096164703,True
qb_013248,external_regulation,qb_013248__external_regulation,0.7716309,0.6499873399734497,0.14173980057239532,True
qb_013248,public_sentiment,qb_013248__public_sentiment,0.77348113,0.5857241153717041,0.19433173537254333,True
qb_010416,crime_and_punishment,qb_010416__crime_and_punishment,0.77113104,0.6717796325683594,0.21304574608802795,True
qb_010416,public_sentiment,qb_010416__public_sentiment,0.71402013,0.6307989358901978,0.1782621145248413,True
qb_010416,legality_constitutionality,qb_010416__legality_constitutionality,0.7790837,0.49312490224838257,0.14747793972492218,True
qb_005867,external_regulation,qb_005867__external_regulation,0.7253704,0.5917193293571472,0.21100327372550964,True
qb_005867,economic,qb_005867__economic,0.6912174,0.6046752333641052,0.21114778518676758,True
qb_005867,political,qb_005867__political,0.78991854,0.5668057203292847,0.19375886023044586,True
qb_011959,policy_prescription,qb_011959__policy_prescription,0.7049877,0.5068511366844177,0.2615330219268799,True
qb_011959,crime_and_punishment,qb_011959__crime_and_punishment,0.8816812,0.6536115407943726,0.2493637502193451,True
qb_011959,health_and_safety,qb_011959__health_and_safety,0.6539101,0.49425873160362244,0.1662359982728958,True
qb_011959,public_sentiment,qb_011959__public_sentiment,0.80032766,0.5510213971138,0.24512162804603577,True
qb_011959,political,qb_011959__political,0.82375395,0.6012333631515503,0.29915326833724976,True
qb_008832,legality_constitutionality,qb_008832__legality_constitutionality,0.8040509,0.7768527269363403,0.23385198414325714,True
qb_008832,political,qb_008832__political,0.9064411,0.7038400173187256,0.3024834990501404,True
qb_001015,legality_constitutionality,qb_001015__legality_constitutionality,0.75583076,0.5219831466674805,0.16144579648971558,True
qb_001015,political,qb_001015__political,0.74863476,0.5936529636383057,0.1903093308210373,True
qb_001015,capacity_and_resources,qb_001015__capacity_and_resources,0.699013,0.7308711409568787,0.1947833001613617,True
qb_012974,economic,qb_012974__economic,0.73019326,0.7378748059272766,0.18023474514484406,True
qb_012974,quality_of_life,qb_012974__quality_of_life,0.7263117,0.659422755241394,0.18036839365959167,True
qb_002026,political,qb_002026__political,0.68928254,0.5989032983779907,0.25121983885765076,True
qb_002026,public_sentiment,qb_002026__public_sentiment,0.7920654,0.5576845407485962,0.17116189002990723,True
qb_021479,security_and_defense,qb_021479__security_and_defense,0.80945003,0.6140509843826294,0.20057635009288788,True
qb_021479,public_sentiment,qb_021479__public_sentiment,0.876567,0.563312828540802,0.17529846727848053,True
qb_001925,political,qb_001925__political,0.7546915,0.4952755570411682,0.24593329429626465,True
qb_001925,policy_prescription,qb_001925__policy_prescription,0.6535412,0.5910559296607971,0.21927201747894287,True
qb_011799,political,qb_011799__political,0.71537995,0.460965096950531,0.26566213369369507,True
qb_011799,security_and_defense,qb_011799__security_and_defense,0.78468347,0.5291905403137207,0.2219516485929489,True
qb_011799,policy_prescription,qb_011799__policy_prescription,0.53720677,0.5397494435310364,0.19500942528247833,True
qb_011799,legality_constitutionality,qb_011799__legality_constitutionality,0.5744648,0.4640691876411438,0.2283376008272171,True
qb_011799,crime_and_punishment,qb_011799__crime_and_punishment,0.7305868,0.5569783449172974,0.26801952719688416,True
qb_011799,public_sentiment,qb_011799__public_sentiment,0.78361833,0.48636284470558167,0.20458237826824188,True
qb_005415,policy_prescription,qb_005415__policy_prescription,0.5813486,0.46554112434387207,0.16184936463832855,True
qb_005415,political,qb_005415__political,0.8048885,0.5294175744056702,0.19386884570121765,True
qb_005415,economic,qb_005415__economic,0.8836976,0.4849475026130676,0.20151492953300476,True
qb_005948,policy_prescription,qb_005948__policy_prescription,0.72607625,0.7006537318229675,0.22725173830986023,True
qb_005948,capacity_and_resources,qb_005948__capacity_and_resources,0.78259206,0.5865232348442078,0.19773946702480316,True
qb_005948,political,qb_005948__political,0.77853394,0.5170760154724121,0.22320576012134552,True
qb_005948,crime_and_punishment,qb_005948__crime_and_punishment,0.6885899,0.4947456121444702,0.21996831893920898,True
qb_005948,legality_constitutionality,qb_005948__legality_constitutionality,0.68637156,0.5270283222198486,0.19001469016075134,True
qb_004366,political,qb_004366__political,0.75228184,0.6593064069747925,0.20774488151073456,True
qb_004366,legality_constitutionality,qb_004366__legality_constitutionality,0.7131648,0.5568923950195312,0.2395399808883667,True
qb_004366,public_sentiment,qb_004366__public_sentiment,0.76013774,0.5998142957687378,0.22943906486034393,True
qb_011875,political,qb_011875__political,0.767913,0.44833904504776,0.1773981899023056,True
qb_011875,public_sentiment,qb_011875__public_sentiment,0.8458478,0.5158863067626953,0.1386554092168808,True
qb_011875,morality,qb_011875__morality,0.6884341,0.46788567304611206,0.1602715402841568,True
qb_007488,health_and_safety,qb_007488__health_and_safety,0.7002399,0.5595872402191162,0.19635461270809174,True
qb_007488,policy_prescription,qb_007488__policy_prescription,0.7255506,0.6003690958023071,0.16739536821842194,True
qb_007488,public_sentiment,qb_007488__public_sentiment,0.7613913,0.5394312143325806,0.2898603677749634,True
qb_000178,economic,qb_000178__economic,0.6289981,0.5356542468070984,0.1156357154250145,True
qb_000178,policy_prescription,qb_000178__policy_prescription,0.73616654,0.43573400378227234,0.17349131405353546,True
qb_000178,political,qb_000178__political,0.7434479,0.4131968915462494,0.16892871260643005,True
qb_020047,health_and_safety,qb_020047__health_and_safety,0.79838896,0.5895825028419495,0.1535627245903015,True
qb_020047,economic,qb_020047__economic,0.74596107,0.5766429305076599,0.12616880238056183,True
qb_020047,policy_prescription,qb_020047__policy_prescription,0.73131454,0.5964863300323486,0.09127160161733627,True
qb_020047,political,qb_020047__political,0.7362029,0.5961398482322693,0.19588223099708557,True
qb_020047,capacity_and_resources,qb_020047__capacity_and_resources,0.65289634,0.622977614402771,0.1420602798461914,True
qb_014507,political,qb_014507__political,0.6599538,0.25815802812576294,0.14759387075901031,True
qb_014507,security_and_defense,qb_014507__security_and_defense,0.6698096,0.2873712182044983,0.198475182056427,True
qb_014507,legality_constitutionality,qb_014507__legality_constitutionality,0.7664716,0.32129722833633423,0.1987694799900055,True
qb_014507,public_sentiment,qb_014507__public_sentiment,0.6784966,0.32376134395599365,0.27205443382263184,True
qb_016664,political,qb_016664__political,0.6469096,0.5850688219070435,0.2669326364994049,True
qb_016664,fairness_and_equality,qb_016664__fairness_and_equality,0.61894774,0.7326239347457886,0.19401922821998596,True
qb_016664,crime_and_punishment,qb_016664__crime_and_punishment,0.69845444,0.4090147018432617,0.16629746556282043,True
qb_008645,policy_prescription,qb_008645__policy_prescription,0.5985126,0.5009605288505554,0.16099807620048523,True
qb_008645,economic,qb_008645__economic,0.5808294,0.3195728361606598,0.14264747500419617,True
qb_008645,quality_of_life,qb_008645__quality_of_life,0.7759718,0.4406552314758301,0.15803036093711853,True
qb_008645,capacity_and_resources,qb_008645__capacity_and_resources,0.56439257,0.5310394167900085,0.20867684483528137,True
qb_008645,political,qb_008645__political,0.61568856,0.40296584367752075,0.26899051666259766,True
qb_008645,health_and_safety,qb_008645__health_and_safety,0.672181,0.40490880608558655,0.15491273999214172,True
qb_021268,political,qb_021268__political,0.6200805,0.4572965204715729,0.22361138463020325,True
qb_021268,policy_prescription,qb_021268__policy_prescription,0.74312484,0.5055338144302368,0.22262322902679443,True
qb_021268,capacity_and_resources,qb_021268__capacity_and_resources,0.7003001,0.39686205983161926,0.1721275895833969,True
qb_003384,policy_prescription,qb_003384__policy_prescription,0.7606615,0.6901037693023682,0.26445525884628296,True
qb_003384,political,qb_003384__political,0.7601676,0.6251821517944336,0.2368910014629364,True
qb_003384,security_and_defense,qb_003384__security_and_defense,0.6341015,0.514173686504364,0.22608152031898499,True
qb_015588,political,qb_015588__political,0.7183356,,0.22770552337169647,False
qb_000457,political,qb_000457__political,0.7518764,0.691684365272522,0.17314109206199646,True
qb_000457,policy_prescription,qb_000457__policy_prescription,0.70461017,0.671385645866394,0.17732708156108856,True
qb_000457,capacity_and_resources,qb_000457__capacity_and_resources,0.72539157,0.6127803325653076,0.18340256810188293,True
qb_020286,political,qb_020286__political,0.7316849,0.5940431356430054,0.2727130949497223,True
qb_020286,fairness_and_equality,qb_020286__fairness_and_equality,0.7333168,0.3655877709388733,0.18660315871238708,True
qb_020286,public_sentiment,qb_020286__public_sentiment,0.5772998,0.5238451957702637,0.21109969913959503,True
qb_008292,legality_constitutionality,qb_008292__legality_constitutionality,0.72793424,0.5925768613815308,0.24213595688343048,True
qb_008292,economic,qb_008292__economic,0.52231956,0.6383710503578186,0.18225477635860443,True
qb_008292,capacity_and_resources,qb_008292__capacity_and_resources,0.8436382,0.6783963441848755,0.18163609504699707,True
qb_017708,political,qb_017708__political,0.75886214,0.5919377207756042,0.1800176501274109,True
qb_017708,economic,qb_017708__economic,0.54322743,0.5761276483535767,0.17290590703487396,True
qb_017708,capacity_and_resources,qb_017708__capacity_and_resources,0.7502037,0.5489550232887268,0.21955978870391846,True
qb_017708,policy_prescription,qb_017708__policy_prescription,0.6416638,0.42827343940734863,0.18316951394081116,True
qb_012530,political,qb_012530__political,0.7836969,0.6541286110877991,0.2008894979953766,True
qb_012530,legality_constitutionality,qb_012530__legality_constitutionality,0.75286806,0.715444803237915,0.2593582272529602,True
qb_012530,public_sentiment,qb_012530__public_sentiment,0.72217214,0.5635287761688232,0.25860536098480225,True
qb_012530,policy_prescription,qb_012530__policy_prescription,0.79544365,0.6319986581802368,0.2594004273414612,True
qb_012530,morality,qb_012530__morality,0.7412343,0.6645814180374146,0.2481250762939453,True
qb_019868,political,qb_019868__political,0.7545398,0.31129980087280273,0.18999755382537842,True
qb_019868,policy_prescription,qb_019868__policy_prescription,0.3603273,0.324989378452301,0.19268587231636047,True
qb_019868,capacity_and_resources,qb_019868__capacity_and_resources,0.6644381,0.43548038601875305,0.19446702301502228,True
qb_004170,health_and_safety,qb_004170__health_and_safety,0.5631037,0.4619670808315277,0.23311376571655273,True
qb_004170,policy_prescription,qb_004170__policy_prescription,0.7288363,0.5240185856819153,0.23402905464172363,True
qb_004170,capacity_and_resources,qb_004170__capacity_and_resources,0.6524973,0.4133492708206177,0.13806501030921936,True
qb_004170,political,qb_004170__political,0.71799386,0.5038335919380188,0.1989956945180893,True
qb_002833,legality_constitutionality,qb_002833__legality_constitutionality,0.8266312,0.6596821546554565,0.20753169059753418,True
qb_002833,morality,qb_002833__morality,0.7435931,0.5699602365493774,0.15762880444526672,True
qb_002833,health_and_safety,qb_002833__health_and_safety,0.7104354,0.579404354095459,0.17943891882896423,True
qb_002833,policy_prescription,qb_002833__policy_prescription,0.75978523,0.657408595085144,0.19791439175605774,True
qb_002833,fairness_and_equality,qb_002833__fairness_and_equality,0.7363037,0.659162163734436,0.16157761216163635,True
qb_002833,political,qb_002833__political,0.7196709,0.4233675003051758,0.22858484089374542,True
qb_002833,cultural_identity,qb_002833__cultural_identity,0.78877693,0.6651971340179443,0.12575814127922058,True
qb_014116,security_and_defense,qb_014116__security_and_defense,0.7330019,0.6421176195144653,0.2508225739002228,True
qb_014116,political,qb_014116__political,0.77466756,0.6673973202705383,0.2254302054643631,True
qb_014116,external_regulation,qb_014116__external_regulation,0.6017906,0.6543070077896118,0.19383558630943298,True
qb_009667,legality_constitutionality,qb_009667__legality_constitutionality,0.6086774,0.7543101906776428,0.20680682361125946,True
qb_009667,crime_and_punishment,qb_009667__crime_and_punishment,0.72541,0.5291600227355957,0.2189801186323166,True
qb_009667,political,qb_009667__political,0.57312405,0.7168660759925842,0.22220556437969208,True
qb_019630,political,qb_019630__political,0.85827744,0.7149627804756165,0.282249391078949,True
qb_019630,health_and_safety,qb_019630__health_and_safety,0.84441066,0.6860272884368896,0.21909713745117188,True
qb_019630,policy_prescription,qb_019630__policy_prescription,0.7488514,0.5926645398139954,0.19730643928050995,True
qb_019630,capacity_and_resources,qb_019630__capacity_and_resources,0.769977,0.6336496472358704,0.1826605349779129,True
qb_004411,legality_constitutionality,qb_004411__legality_constitutionality,0.63210577,0.7992957234382629,0.2518388628959656,True
qb_004411,political,qb_004411__political,0.7900337,0.5665761232376099,0.23930624127388,True
qb_014053,policy_prescription,qb_014053__policy_prescription,0.8232738,0.5534446835517883,0.19577451050281525,True
qb_014053,economic,qb_014053__economic,0.72799975,0.4084498882293701,0.14140592515468597,True
qb_014053,public_sentiment,qb_014053__public_sentiment,0.72001874,0.5931416749954224,0.1918850690126419,True
qb_014053,morality,qb_014053__morality,0.7412299,0.5697005987167358,0.29037392139434814,True
qb_014053,capacity_and_resources,qb_014053__capacity_and_resources,0.7357836,0.6390222311019897,0.24286000430583954,True
qb_014053,political,qb_014053__political,0.8114575,0.5781838893890381,0.25228723883628845,True
qb_016547,security_and_defense,qb_016547__security_and_defense,0.5207093,0.4674645960330963,0.2408340722322464,True
qb_016547,political,qb_016547__political,0.6282681,0.43772372603416443,0.2283712923526764,True
qb_016547,external_regulation,qb_016547__external_regulation,0.6527341,0.46911004185676575,0.2802581787109375,True
qb_016547,health_and_safety,qb_016547__health_and_safety,0.6134926,0.3591548502445221,0.17065492272377014,True
qb_019205,political,qb_019205__political,0.8411864,0.5650782585144043,0.2315937578678131,True
qb_019205,morality,qb_019205__morality,0.7119273,0.6693481802940369,0.22051465511322021,True
qb_019205,cultural_identity,qb_019205__cultural_identity,0.7038523,0.5968074798583984,0.24274423718452454,True
qb_007535,legality_constitutionality,qb_007535__legality_constitutionality,0.74046403,0.5013752579689026,0.24325338006019592,True
qb_007535,political,qb_007535__political,0.5913251,0.5363807082176208,0.25030553340911865,True
qb_007535,public_sentiment,qb_007535__public_sentiment,0.67650926,0.5836143493652344,0.2678396999835968,True
qb_007535,external_regulation,qb_007535__external_regulation,0.63982666,0.5611229538917542,0.22517290711402893,True
qb_010726,quality_of_life,qb_010726__quality_of_life,0.7826414,0.6448273658752441,0.11991389095783234,True
qb_010726,capacity_and_resources,qb_010726__capacity_and_resources,0.68600136,0.6376794576644897,0.14144866168498993,True
qb_010726,health_and_safety,qb_010726__health_and_safety,0.66699344,0.6733599901199341,0.20651057362556458,True
qb_003064,political,qb_003064__political,0.6214446,0.5954594612121582,0.27897971868515015,True
qb_003064,legality_constitutionality,qb_003064__legality_constitutionality,0.67818576,0.6177104711532593,0.20792166888713837,True
qb_013494,crime_and_punishment,qb_013494__crime_and_punishment,0.7227031,0.613981306552887,0.24273225665092468,True
qb_013494,policy_prescription,qb_013494__policy_prescription,0.62015915,0.5617173910140991,0.2486451417207718,True
qb_013494,political,qb_013494__political,0.6905744,0.6435711979866028,0.2996271252632141,True
qb_008606,policy_prescription,qb_008606__policy_prescription,0.6616975,0.6646918654441833,0.18920482695102692,True
qb_008606,health_and_safety,qb_008606__health_and_safety,0.7559564,0.5868849754333496,0.22081276774406433,True
qb_008606,political,qb_008606__political,0.7976361,0.5886576771736145,0.25713029503822327,True
qb_008606,capacity_and_resources,qb_008606__capacity_and_resources,0.7043005,0.6786468625068665,0.2390602082014084,True
qb_008606,legality_constitutionality,qb_008606__legality_constitutionality,0.71218425,0.6754558086395264,0.2101898491382599,True
qb_014278,security_and_defense,qb_014278__security_and_defense,0.534232,0.5329840779304504,0.17392249405384064,True
qb_014278,crime_and_punishment,qb_014278__crime_and_punishment,0.66629815,0.5339553356170654,0.16722314059734344,True
qb_014278,morality,qb_014278__morality,0.6331977,0.47567376494407654,0.178385928273201,True
qb_014278,legality_constitutionality,qb_014278__legality_constitutionality,0.6208759,0.5691856145858765,0.14522182941436768,True
qb_014278,public_sentiment,qb_014278__public_sentiment,0.7660348,0.5463941693305969,0.19680297374725342,True
qb_014278,political,qb_014278__political,0.55612683,0.458795964717865,0.1572052240371704,True
qb_004974,public_sentiment,qb_004974__public_sentiment,0.81360626,0.6144895553588867,0.19142770767211914,True
qb_004974,security_and_defense,qb_004974__security_and_defense,0.8635334,0.5577154755592346,0.20754525065422058,True
qb_004974,quality_of_life,qb_004974__quality_of_life,0.7722211,0.609326183795929,0.1713637411594391,True
qb_019278,political,qb_019278__political,0.7669707,0.5107443332672119,0.2599433362483978,True
qb_019278,policy_prescription,qb_019278__policy_prescription,0.6755072,0.6247886419296265,0.22555923461914062,True
qb_019278,fairness_and_equality,qb_019278__fairness_and_equality,0.6954889,0.5940672159194946,0.22162385284900665,True
qb_019278,public_sentiment,qb_019278__public_sentiment,0.8192116,0.5580328702926636,0.19222640991210938,True
qb_019278,legality_constitutionality,qb_019278__legality_constitutionality,0.7671284,0.44666916131973267,0.23370173573493958,True
qb_013643,legality_constitutionality,qb_013643__legality_constitutionality,0.64872646,0.21837641298770905,0.1679329127073288,True
qb_013643,external_regulation,qb_013643__external_regulation,0.77171695,0.3635250926017761,0.21986070275306702,True
qb_013643,security_and_defense,qb_013643__security_and_defense,0.64405537,0.5298807621002197,0.19925761222839355,True
qb_013643,political,qb_013643__political,0.7430659,0.4150727391242981,0.2648697793483734,True
qb_013643,policy_prescription,qb_013643__policy_prescription,0.7613096,0.5305390357971191,0.19952645897865295,True
qb_006617,political,qb_006617__political,0.72331315,0.5581566095352173,0.19572347402572632,True
qb_006617,economic,qb_006617__economic,0.81420034,0.590944766998291,0.20539307594299316,True
qb_006617,capacity_and_resources,qb_006617__capacity_and_resources,0.67286646,0.5526537299156189,0.15928247570991516,True
qb_006617,security_and_defense,qb_006617__security_and_defense,0.8140596,0.578037440776825,0.19582216441631317,True
qb_006617,public_sentiment,qb_006617__public_sentiment,0.78745973,0.6341579556465149,0.26180601119995117,True
qb_006617,fairness_and_equality,qb_006617__fairness_and_equality,0.883629,0.6257195472717285,0.19933150708675385,True
qb_014505,legality_constitutionality,qb_014505__legality_constitutionality,0.7615216,0.6603794097900391,0.19708381593227386,True
qb_014505,political,qb_014505__political,0.78403825,0.7121455669403076,0.22681614756584167,True
qb_014505,economic,qb_014505__economic,0.7060004,0.6455167531967163,0.1794208586215973,True
qb_014505,fairness_and_equality,qb_014505__fairness_and_equality,0.6840873,0.6920328140258789,0.22403785586357117,True
qb_014505,cultural_identity,qb_014505__cultural_identity,0.72183627,0.5985989570617676,0.1994900405406952,True
qb_017974,economic,qb_017974__economic,0.6936197,0.660466730594635,0.1948380321264267,True
qb_017974,capacity_and_resources,qb_017974__capacity_and_resources,0.73374677,0.6967061161994934,0.1426878720521927,True
qb_017974,quality_of_life,qb_017974__quality_of_life,0.7148434,0.6257769465446472,0.15172603726387024,True
qb_017974,political,qb_017974__political,0.7971209,0.5817675590515137,0.2368364781141281,True
qb_013216,political,qb_013216__political,0.8387245,0.7577189803123474,0.19778549671173096,True
qb_013216,public_sentiment,qb_013216__public_sentiment,0.83672965,0.6656429767608643,0.2425217628479004,True
qb_013216,legality_constitutionality,qb_013216__legality_constitutionality,0.7762412,0.43736833333969116,0.1890016496181488,True
qb_013216,fairness_and_equality,qb_013216__fairness_and_equality,0.8693882,0.7670714259147644,0.20559373497962952,True
qb_013216,morality,qb_013216__morality,0.745841,0.633131742477417,0.15842697024345398,True
qb_013216,cultural_identity,qb_013216__cultural_identity,0.773641,0.7146525382995605,0.2539272606372833,True
qb_013216,economic,qb_013216__economic,0.81817555,0.729643702507019,0.1738491654396057,True
qb_003976,economic,qb_003976__economic,0.7570305,,0.13725927472114563,False
qb_007663,policy_prescription,qb_007663__policy_prescription,0.74151707,0.5830824375152588,0.15071457624435425,True
qb_007663,cultural_identity,qb_007663__cultural_identity,0.86715657,0.5576404333114624,0.2138858139514923,True
qb_013109,legality_constitutionality,qb_013109__legality_constitutionality,0.59514475,0.5004628896713257,0.20931372046470642,True
qb_013109,political,qb_013109__political,0.74290204,0.5112466812133789,0.28828132152557373,True
qb_013109,public_sentiment,qb_013109__public_sentiment,0.6952787,0.4867717921733856,0.31140878796577454,True
qb_015716,economic,qb_015716__economic,0.64256597,0.691822350025177,0.12390351295471191,True
qb_015716,policy_prescription,qb_015716__policy_prescription,0.670104,0.5649420619010925,0.20581376552581787,True
qb_015716,external_regulation,qb_015716__external_regulation,0.8103334,0.6173319220542908,0.17258691787719727,True
qb_015716,political,qb_015716__political,0.66522765,0.5710691809654236,0.20900845527648926,True
qb_009911,legality_constitutionality,qb_009911__legality_constitutionality,0.63208526,0.7277559041976929,0.2091481238603592,True
qb_009911,economic,qb_009911__economic,0.7830663,0.6769579648971558,0.16785039007663727,True
qb_009911,crime_and_punishment,qb_009911__crime_and_punishment,0.8103057,0.681401252746582,0.2459098845720291,True
qb_010425,economic,qb_010425__economic,0.7329745,,0.1400775909423828,False
qb_006263,legality_constitutionality,qb_006263__legality_constitutionality,0.71497744,0.661396861076355,0.28534331917762756,True
qb_006263,security_and_defense,qb_006263__security_and_defense,0.64934313,0.5437620282173157,0.23557639122009277,True
qb_006263,crime_and_punishment,qb_006263__crime_and_punishment,0.67330354,0.6637670397758484,0.20857885479927063,True
qb_010747,political,qb_010747__political,0.7011789,0.5336797833442688,0.2938815951347351,True
qb_010747,public_sentiment,qb_010747__public_sentiment,0.7188873,0.5721816420555115,0.2463500201702118,True
qb_013628,political,qb_013628__political,0.7698533,0.4565489888191223,0.1699335277080536,True
qb_013628,legality_constitutionality,qb_013628__legality_constitutionality,0.80885506,0.39317697286605835,0.15749981999397278,True
qb_013628,public_sentiment,qb_013628__public_sentiment,0.64975643,0.47485876083374023,0.15489985048770905,True
qb_008041,political,qb_008041__political,0.81976473,,0.27690109610557556,False
qb_013671,economic,qb_013671__economic,0.6622251,0.7095577716827393,0.1813056915998459,True
qb_013671,political,qb_013671__political,0.78656375,0.5661854147911072,0.2127130925655365,True
qb_013671,capacity_and_resources,qb_013671__capacity_and_resources,0.69490004,0.4640445113182068,0.17290063202381134,True
qb_003178,policy_prescription,qb_003178__policy_prescription,0.66702247,0.5581422448158264,0.19045250117778778,True
qb_003178,legality_constitutionality,qb_003178__legality_constitutionality,0.753059,0.6233395934104919,0.15449146926403046,True
qb_003178,morality,qb_003178__morality,0.76718676,0.6292306184768677,0.1757868081331253,True
qb_003178,health_and_safety,qb_003178__health_and_safety,0.7811774,0.6474162340164185,0.15563809871673584,True
qb_003178,public_sentiment,qb_003178__public_sentiment,0.702423,0.4717820882797241,0.16002435982227325,True
qb_018386,political,qb_018386__political,0.5461375,0.3822321891784668,0.3171652853488922,True
qb_018386,legality_constitutionality,qb_018386__legality_constitutionality,0.74315006,0.44950243830680847,0.23931105434894562,True
qb_018386,public_sentiment,qb_018386__public_sentiment,0.59302664,0.45141124725341797,0.24442818760871887,True
qb_018386,crime_and_punishment,qb_018386__crime_and_punishment,0.6123251,0.33476540446281433,0.16683942079544067,True
qb_020181,political,qb_020181__political,0.6571225,0.6831530332565308,0.2145581692457199,True
qb_020181,legality_constitutionality,qb_020181__legality_constitutionality,0.63651854,0.5167571306228638,0.2400176227092743,True
qb_020181,crime_and_punishment,qb_020181__crime_and_punishment,0.7443742,0.6621406078338623,0.27643483877182007,True
qb_008663,political,qb_008663__political,0.822072,0.7157908082008362,0.18737494945526123,True
qb_008663,legality_constitutionality,qb_008663__legality_constitutionality,0.7505151,0.750261127948761,0.19470563530921936,True
qb_008663,capacity_and_resources,qb_008663__capacity_and_resources,0.75597954,0.6904302835464478,0.21554192900657654,True
qb_008663,security_and_defense,qb_008663__security_and_defense,0.7466829,0.7019330263137817,0.1999169886112213,True
qb_008663,morality,qb_008663__morality,0.7824147,0.6812416911125183,0.15117932856082916,True
qb_012697,public_sentiment,qb_012697__public_sentiment,0.85693735,0.6192218661308289,0.16367746889591217,True
qb_012697,health_and_safety,qb_012697__health_and_safety,0.8374753,0.6008991599082947,0.09559591859579086,True
qb_012697,policy_prescription,qb_012697__policy_prescription,0.6901189,0.6885157227516174,0.1891370415687561,True
qb_012697,crime_and_punishment,qb_012697__crime_and_punishment,0.81169343,0.6185465455055237,0.22309401631355286,True
qb_008371,legality_constitutionality,qb_008371__legality_constitutionality,0.7518312,0.4172557592391968,0.23409819602966309,True
qb_008371,political,qb_008371__political,0.88466895,0.5410935878753662,0.18260128796100616,True
qb_008371,fairness_and_equality,qb_008371__fairness_and_equality,0.8005277,0.6361520290374756,0.2235632836818695,True
qb_006396,political,qb_006396__political,0.8032384,0.5484365224838257,0.2817602753639221,True
qb_006396,public_sentiment,qb_006396__public_sentiment,0.8431853,0.31946080923080444,0.17405804991722107,True
qb_006396,legality_constitutionality,qb_006396__legality_constitutionality,0.6701013,0.30644524097442627,0.26697680354118347,True
qb_016913,health_and_safety,qb_016913__health_and_safety,0.7812301,0.6098251938819885,0.17987433075904846,True
qb_016913,policy_prescription,qb_016913__policy_prescription,0.7784301,0.6354400515556335,0.199518084526062,True
qb_016913,legality_constitutionality,qb_016913__legality_constitutionality,0.8331691,0.6471426486968994,0.2144840657711029,True
qb_016913,political,qb_016913__political,0.81950784,0.56102055311203,0.23274335265159607,True
qb_003191,health_and_safety,qb_003191__health_and_safety,0.5445949,,0.1490320861339569,False
qb_006252,health_and_safety,qb_006252__health_and_safety,0.764164,,0.16941286623477936,False
qb_001143,security_and_defense,qb_001143__security_and_defense,0.7528161,0.5655772089958191,0.24949899315834045,True
qb_001143,public_sentiment,qb_001143__public_sentiment,0.74342984,0.55377596616745,0.22629401087760925,True
qb_001143,political,qb_001143__political,0.84394944,0.46882501244544983,0.24320819973945618,True
qb_001143,crime_and_punishment,qb_001143__crime_and_punishment,0.7278878,0.4413951635360718,0.2173575460910797,True
qb_016782,legality_constitutionality,qb_016782__legality_constitutionality,0.6224185,0.6093847751617432,0.23603376746177673,True
qb_016782,crime_and_punishment,qb_016782__crime_and_punishment,0.7780585,0.6725573539733887,0.22606436908245087,True
qb_016782,political,qb_016782__political,0.753545,0.6605239510536194,0.25397956371307373,True
qb_000253,economic,qb_000253__economic,0.5877886,0.5137835741043091,0.11905255168676376,True
qb_000253,quality_of_life,qb_000253__quality_of_life,0.6589278,0.5587535500526428,0.11439304053783417,True
qb_000253,political,qb_000253__political,0.6359893,0.33418819308280945,0.19871485233306885,True
qb_002998,cultural_identity,qb_002998__cultural_identity,0.7761587,0.7146836519241333,0.1686255782842636,True
qb_002998,political,qb_002998__political,0.7594044,0.5660504698753357,0.2627857029438019,True
qb_002998,public_sentiment,qb_002998__public_sentiment,0.7089237,0.658794641494751,0.18583182990550995,True
qb_002998,morality,qb_002998__morality,0.8727036,0.6163307428359985,0.14606335759162903,True
qb_002998,fairness_and_equality,qb_002998__fairness_and_equality,0.73859674,0.5344308018684387,0.1733897626399994,True
qb_015372,policy_prescription,qb_015372__policy_prescription,0.6506927,0.6281221508979797,0.17534932494163513,True
qb_015372,economic,qb_015372__economic,0.6098411,0.4810945987701416,0.14089205861091614,True
qb_015372,political,qb_015372__political,0.67603034,0.534680962562561,0.21666161715984344,True
qb_015372,health_and_safety,qb_015372__health_and_safety,0.71562636,0.6013979315757751,0.2267490178346634,True
qb_009321,economic,qb_009321__economic,0.57671183,0.5680074691772461,0.18331415951251984,True
qb_009321,external_regulation,qb_009321__external_regulation,0.68450814,0.5767139196395874,0.2337537556886673,True
qb_009321,capacity_and_resources,qb_009321__capacity_and_resources,0.60339844,0.3827050030231476,0.15565572679042816,True
qb_009321,public_sentiment,qb_009321__public_sentiment,0.69073963,0.4876869320869446,0.22862641513347626,True
qb_009321,security_and_defense,qb_009321__security_and_defense,0.6669811,0.6613922715187073,0.17590078711509705,True
qb_001789,public_sentiment,qb_001789__public_sentiment,0.7307774,0.7428244352340698,0.19056856632232666,True
qb_001789,political,qb_001789__political,0.8449248,0.6296612024307251,0.2166026085615158,True
qb_004372,economic,qb_004372__economic,0.7019899,0.5103330612182617,0.14284653961658478,True
qb_004372,policy_prescription,qb_004372__policy_prescription,0.72195184,0.5034767389297485,0.2401265799999237,True
qb_004372,legality_constitutionality,qb_004372__legality_constitutionality,0.810151,0.5771498084068298,0.19419002532958984,True
qb_009010,legality_constitutionality,qb_009010__legality_constitutionality,0.7623501,0.5271803140640259,0.21835586428642273,True
qb_009010,policy_prescription,qb_009010__policy_prescription,0.58922845,0.5971911549568176,0.23802652955055237,True
qb_009010,political,qb_009010__political,0.7664,0.7216105461120605,0.26526573300361633,True
qb_009010,public_sentiment,qb_009010__public_sentiment,0.86219597,0.5711902976036072,0.21534541249275208,True
qb_016184,health_and_safety,qb_016184__health_and_safety,0.5541081,0.5889174342155457,0.2725006937980652,True
qb_016184,policy_prescription,qb_016184__policy_prescription,0.6912545,0.5359114408493042,0.1808505356311798,True
qb_016184,economic,qb_016184__economic,0.69655836,0.5592207312583923,0.16253972053527832,True
qb_016184,morality,qb_016184__morality,0.80356795,0.5974216461181641,0.2031315267086029,True
qb_016184,political,qb_016184__political,0.91890854,0.6204966902732849,0.2948416769504547,True
qb_012309,health_and_safety,qb_012309__health_and_safety,0.7805545,0.4514012038707733,0.23103728890419006,True
qb_012309,political,qb_012309__political,0.57463825,0.6425484418869019,0.2613517642021179,True
qb_012309,public_sentiment,qb_012309__public_sentiment,0.73985094,0.5184208750724792,0.2604658007621765,True
qb_005491,health_and_safety,qb_005491__health_and_safety,0.6336793,0.661749541759491,0.19105541706085205,True
qb_005491,capacity_and_resources,qb_005491__capacity_and_resources,0.7901255,0.6541164517402649,0.1623692810535431,True
qb_005491,political,qb_005491__political,0.7738949,0.7026754021644592,0.19669553637504578,True
qb_014698,security_and_defense,qb_014698__security_and_defense,0.66429216,0.5506137609481812,0.25223010778427124,True
qb_014698,external_regulation,qb_014698__external_regulation,0.83998764,0.6491884589195251,0.22631601989269257,True
qb_014698,economic,qb_014698__economic,0.66177136,0.5683560967445374,0.1774393618106842,True
qb_014698,policy_prescription,qb_014698__policy_prescription,0.7025642,0.5627309083938599,0.2297813594341278,True
qb_014698,capacity_and_resources,qb_014698__capacity_and_resources,0.7451213,0.6402682065963745,0.18975941836833954,True
qb_014698,political,qb_014698__political,0.61958456,0.5911886096000671,0.2156500369310379,True
qb_014698,public_sentiment,qb_014698__public_sentiment,0.7072971,0.5446601510047913,0.1688288003206253,True
qb_014698,legality_constitutionality,qb_014698__legality_constitutionality,0.73410356,0.5502802133560181,0.17473110556602478,True
qb_010586,political,qb_010586__political,0.7978172,0.6479532122612,0.18676361441612244,True
qb_010586,crime_and_punishment,qb_010586__crime_and_punishment,0.7796051,0.5114975571632385,0.18910475075244904,True
qb_010586,morality,qb_010586__morality,0.8545868,0.5267436504364014,0.15881891548633575,True
qb_010586,public_sentiment,qb_010586__public_sentiment,0.8137312,0.5895516276359558,0.1631651222705841,True
qb_019049,legality_constitutionality,qb_019049__legality_constitutionality,0.7493824,,0.23706822097301483,False
qb_008394,health_and_safety,qb_008394__health_and_safety,0.4130257,0.49560990929603577,0.1539638638496399,True
qb_008394,public_sentiment,qb_008394__public_sentiment,0.67459977,0.4078250527381897,0.2105589210987091,True
qb_012737,political,qb_012737__political,0.755337,0.5891180634498596,0.24905213713645935,True
qb_012737,public_sentiment,qb_012737__public_sentiment,0.67371315,0.5919694900512695,0.2104473114013672,True
qb_012737,cultural_identity,qb_012737__cultural_identity,0.7418561,0.5188450217247009,0.21743352711200714,True
qb_012737,fairness_and_equality,qb_012737__fairness_and_equality,0.77443886,0.487085223197937,0.18930961191654205,True
qb_011004,policy_prescription,qb_011004__policy_prescription,0.7820031,0.5661511421203613,0.20310822129249573,True
qb_011004,public_sentiment,qb_011004__public_sentiment,0.7312097,0.6816295385360718,0.2356976568698883,True
qb_011004,economic,qb_011004__economic,0.6580982,0.45303499698638916,0.19777867197990417,True
qb_002638,security_and_defense,qb_002638__security_and_defense,0.7619567,0.7208266258239746,0.2618652582168579,True
qb_002638,political,qb_002638__political,0.7273896,0.6209595203399658,0.257019579410553,True
qb_002638,external_regulation,qb_002638__external_regulation,0.6697624,0.6866692900657654,0.20697076618671417,True
qb_003125,security_and_defense,qb_003125__security_and_defense,0.6976327,0.6547801494598389,0.1603272408246994,True
qb_003125,capacity_and_resources,qb_003125__capacity_and_resources,0.8251359,0.596528172492981,0.17598359286785126,True
qb_003125,policy_prescription,qb_003125__policy_prescription,0.6999415,0.6038203239440918,0.21740677952766418,True
qb_016948,economic,qb_016948__economic,0.6662847,0.6040801405906677,0.13742950558662415,True
qb_016948,quality_of_life,qb_016948__quality_of_life,0.7242341,0.5616062879562378,0.1781119406223297,True
qb_007053,crime_and_punishment,qb_007053__crime_and_punishment,0.71721876,0.6906870007514954,0.20384350419044495,True
qb_007053,legality_constitutionality,qb_007053__legality_constitutionality,0.85322064,0.6386178135871887,0.15424586832523346,True
qb_007053,cultural_identity,qb_007053__cultural_identity,0.78100675,0.6639539003372192,0.13666673004627228,True
qb_007053,morality,qb_007053__morality,0.7902399,0.6916823387145996,0.1720801740884781,True
qb_013581,political,qb_013581__political,0.6912815,0.4702903926372528,0.2082250416278839,True
qb_013581,legality_constitutionality,qb_013581__legality_constitutionality,0.8554802,0.7301193475723267,0.2194162905216217,True
qb_013581,policy_prescription,qb_013581__policy_prescription,0.79594976,0.6785617470741272,0.2204626351594925,True
qb_000532,cultural_identity,qb_000532__cultural_identity,0.8115492,0.5020713210105896,0.22246508300304413,True
qb_000532,quality_of_life,qb_000532__quality_of_life,0.7275288,0.4910278618335724,0.1773262619972229,True
qb_000532,capacity_and_resources,qb_000532__capacity_and_resources,0.580946,0.4031783640384674,0.2043471336364746,True
qb_000532,public_sentiment,qb_000532__public_sentiment,0.69280124,0.5477778911590576,0.1878652721643448,True
qb_009072,security_and_defense,qb_009072__security_and_defense,0.6806636,0.7150758504867554,0.13022811710834503,True
qb_009072,external_regulation,qb_009072__external_regulation,0.6863153,0.6260541677474976,0.18972556293010712,True
qb_009072,policy_prescription,qb_009072__policy_prescription,0.6013475,0.5419973134994507,0.24504855275154114,True
qb_009072,capacity_and_resources,qb_009072__capacity_and_resources,0.80160147,0.6608208417892456,0.14892466366291046,True
qb_009072,political,qb_009072__political,0.6094834,0.4797446131706238,0.24392752349376678,True
qb_009072,economic,qb_009072__economic,0.72123736,0.604875922203064,0.2045379877090454,True
qb_009072,health_and_safety,qb_009072__health_and_safety,0.63949627,0.4963969588279724,0.22286200523376465,True
qb_009072,morality,qb_009072__morality,0.70698035,0.5702756643295288,0.23328284919261932,True
qb_007449,political,qb_007449__political,0.7606565,0.4435930848121643,0.22106902301311493,True
qb_007449,legality_constitutionality,qb_007449__legality_constitutionality,0.5809828,0.4828605055809021,0.21782362461090088,True
qb_007449,fairness_and_equality,qb_007449__fairness_and_equality,0.67816615,0.440055787563324,0.22889240086078644,True
qb_007610,political,qb_007610__political,0.6526083,0.636637806892395,0.2153777778148651,True
qb_007610,public_sentiment,qb_007610__public_sentiment,0.8346273,0.662228524684906,0.20354966819286346,True
qb_007610,cultural_identity,qb_007610__cultural_identity,0.78884447,0.6583236455917358,0.24556127190589905,True
qb_004739,external_regulation,qb_004739__external_regulation,0.7186451,0.541856586933136,0.15748265385627747,True
qb_004739,political,qb_004739__political,0.8402026,0.6071375608444214,0.2307397425174713,True
qb_004739,security_and_defense,qb_004739__security_and_defense,0.70150983,0.6667363047599792,0.1669663041830063,True
qb_021052,policy_prescription,qb_021052__policy_prescription,0.6423831,0.6733289957046509,0.14736957848072052,True
qb_021052,economic,qb_021052__economic,0.7927549,0.6089969277381897,0.17456695437431335,True
qb_021052,legality_constitutionality,qb_021052__legality_constitutionality,0.7233966,0.6329970359802246,0.177639439702034,True
qb_021052,fairness_and_equality,qb_021052__fairness_and_equality,0.85723174,0.5945822596549988,0.13334083557128906,True
qb_021052,political,qb_021052__political,0.6594933,0.5531297326087952,0.18717345595359802,True
qb_021052,morality,qb_021052__morality,0.7610626,0.6903959512710571,0.20771524310112,True
qb_008435,morality,qb_008435__morality,0.9315443,,0.22525711357593536,False
qb_021438,crime_and_punishment,qb_021438__crime_and_punishment,0.74272686,0.6190237998962402,0.2106059044599533,True
qb_021438,security_and_defense,qb_021438__security_and_defense,0.60046047,0.640741229057312,0.2310977280139923,True
qb_021438,public_sentiment,qb_021438__public_sentiment,0.8009757,0.607448935508728,0.2575339674949646,True
qb_011923,security_and_defense,qb_011923__security_and_defense,0.72371,0.6259574294090271,0.21537737548351288,True
qb_011923,capacity_and_resources,qb_011923__capacity_and_resources,0.7823949,0.6730719208717346,0.18020497262477875,True
qb_011923,economic,qb_011923__economic,0.68906033,0.5291654467582703,0.14638277888298035,True
qb_011923,external_regulation,qb_011923__external_regulation,0.76098955,0.5271036624908447,0.1770717203617096,True
qb_021068,legality_constitutionality,qb_021068__legality_constitutionality,0.7488228,0.6137599349021912,0.1925634890794754,True
qb_021068,political,qb_021068__political,0.6499449,0.4934157729148865,0.19824373722076416,True
qb_021068,economic,qb_021068__economic,0.6919431,0.4450609087944031,0.18207517266273499,True
qb_015430,political,qb_015430__political,0.6456586,0.6489863991737366,0.24868027865886688,True
qb_015430,public_sentiment,qb_015430__public_sentiment,0.73813784,0.5772678852081299,0.23631492257118225,True
qb_015430,morality,qb_015430__morality,0.7929126,0.591589093208313,0.1992308646440506,True
qb_015839,health_and_safety,qb_015839__health_and_safety,0.710655,0.7261335849761963,0.1847180426120758,True
qb_015839,policy_prescription,qb_015839__policy_prescription,0.7296208,0.7435725331306458,0.15682312846183777,True
qb_013115,policy_prescription,qb_013115__policy_prescription,0.71622,0.721644401550293,0.17641714215278625,True
qb_013115,external_regulation,qb_013115__external_regulation,0.7442901,0.6982423067092896,0.23614907264709473,True
qb_013115,economic,qb_013115__economic,0.7036998,0.6934571266174316,0.18720018863677979,True
qb_013115,crime_and_punishment,qb_013115__crime_and_punishment,0.802351,0.6892029047012329,0.16517198085784912,True
qb_013115,quality_of_life,qb_013115__quality_of_life,0.73697865,0.6592668890953064,0.17598135769367218,True
qb_013115,political,qb_013115__political,0.7976042,0.698186993598938,0.23555412888526917,True
qb_011551,policy_prescription,qb_011551__policy_prescription,0.6702504,0.6758825778961182,0.1502750962972641,True
qb_011551,health_and_safety,qb_011551__health_and_safety,0.7770518,0.6405356526374817,0.1575663983821869,True
qb_011551,capacity_and_resources,qb_011551__capacity_and_resources,0.56044835,0.6007952094078064,0.13161423802375793,True
qb_011551,quality_of_life,qb_011551__quality_of_life,0.7394607,0.6749327778816223,0.21768812835216522,True
qb_003183,economic,qb_003183__economic,0.77380824,0.544253408908844,0.21110935509204865,True
qb_003183,policy_prescription,qb_003183__policy_prescription,0.705755,0.632498025894165,0.15261730551719666,True
qb_003183,political,qb_003183__political,0.783371,0.6476011276245117,0.2443203181028366,True
qb_003183,legality_constitutionality,qb_003183__legality_constitutionality,0.8148599,0.5781792998313904,0.18660040199756622,True
qb_015022,political,qb_015022__political,0.60242116,0.37931984663009644,0.15497763454914093,True
qb_015022,economic,qb_015022__economic,0.6759459,0.4365164339542389,0.1108589768409729,True
qb_015022,capacity_and_resources,qb_015022__capacity_and_resources,0.8352977,0.4557245373725891,0.1808996945619583,True
qb_015022,security_and_defense,qb_015022__security_and_defense,0.7152524,0.5295990705490112,0.20358967781066895,True
qb_015022,fairness_and_equality,qb_015022__fairness_and_equality,0.834011,0.5214440822601318,0.2724413573741913,True
qb_002200,political,qb_002200__political,0.75347465,0.4992298483848572,0.20449404418468475,True
qb_002200,public_sentiment,qb_002200__public_sentiment,0.79557884,0.41211870312690735,0.26172444224357605,True
qb_002200,health_and_safety,qb_002200__health_and_safety,0.66506195,0.4579252600669861,0.25347715616226196,True
qb_006816,political,qb_006816__political,0.66215736,0.5364363789558411,0.2873767018318176,True
qb_006816,morality,qb_006816__morality,0.73383933,0.5598868727684021,0.19984260201454163,True
qb_006816,policy_prescription,qb_006816__policy_prescription,0.6220232,0.5630550980567932,0.2629159390926361,True
qb_009026,political,qb_009026__political,0.72498286,0.49582865834236145,0.25731509923934937,True
qb_009026,security_and_defense,qb_009026__security_and_defense,0.7064954,0.6293168067932129,0.27999147772789,True
qb_009026,legality_constitutionality,qb_009026__legality_constitutionality,0.813448,0.7233588099479675,0.18841108679771423,True
qb_009026,external_regulation,qb_009026__external_regulation,0.5944099,0.6620290875434875,0.24768328666687012,True
qb_018950,policy_prescription,qb_018950__policy_prescription,0.75196105,0.6103784441947937,0.17558254301548004,True
qb_018950,health_and_safety,qb_018950__health_and_safety,0.6952963,0.6097170114517212,0.18437066674232483,True
qb_018950,political,qb_018950__political,0.86945033,0.6821768283843994,0.20949549973011017,True
qb_016305,security_and_defense,qb_016305__security_and_defense,0.6874596,0.551858127117157,0.161858469247818,True
qb_016305,external_regulation,qb_016305__external_regulation,0.78091955,0.5713012218475342,0.1997724026441574,True
qb_016305,policy_prescription,qb_016305__policy_prescription,0.7781562,0.6081349849700928,0.16607442498207092,True
qb_016305,political,qb_016305__political,0.5096788,0.4419521689414978,0.24126413464546204,True
qb_016305,economic,qb_016305__economic,0.66911554,0.5180755853652954,0.22229838371276855,True
qb_016305,capacity_and_resources,qb_016305__capacity_and_resources,0.78959703,0.4950854778289795,0.15332339704036713,True
qb_017936,political,qb_017936__political,0.75658697,0.642349123954773,0.22009491920471191,True
qb_017936,public_sentiment,qb_017936__public_sentiment,0.7177553,0.7564175128936768,0.24382421374320984,True
qb_017936,morality,qb_017936__morality,0.7786943,0.49271947145462036,0.25355830788612366,True
qb_001918,security_and_defense,qb_001918__security_and_defense,0.7868436,0.7195661067962646,0.1758638322353363,True
qb_001918,external_regulation,qb_001918__external_regulation,0.6722355,0.5746551752090454,0.19673696160316467,True
qb_001918,policy_prescription,qb_001918__policy_prescription,0.75580585,0.6401702165603638,0.20138731598854065,True
qb_001918,political,qb_001918__political,0.7600261,0.5975436568260193,0.2489306926727295,True
qb_001918,public_sentiment,qb_001918__public_sentiment,0.8033753,0.4358810782432556,0.2664232850074768,True
qb_004525,political,qb_004525__political,0.75734234,0.6202260851860046,0.3116285800933838,True
qb_004525,legality_constitutionality,qb_004525__legality_constitutionality,0.6598934,0.571820855140686,0.1828325390815735,True
qb_020523,fairness_and_equality,qb_020523__fairness_and_equality,0.7663421,0.6495175361633301,0.1716582328081131,True
qb_020523,public_sentiment,qb_020523__public_sentiment,0.83168095,0.6796486973762512,0.1549251675605774,True
qb_020523,morality,qb_020523__morality,0.7750081,0.661380410194397,0.14982709288597107,True
qb_014572,security_and_defense,qb_014572__security_and_defense,0.76492476,0.6720818877220154,0.16646139323711395,True
qb_014572,external_regulation,qb_014572__external_regulation,0.7033827,0.6618046760559082,0.20503291487693787,True
qb_014572,capacity_and_resources,qb_014572__capacity_and_resources,0.86163235,0.6480127573013306,0.21522676944732666,True
qb_014572,policy_prescription,qb_014572__policy_prescription,0.8126017,0.6869890689849854,0.1770392656326294,True
qb_014572,political,qb_014572__political,0.8382549,0.5926408767700195,0.2255428582429886,True
qb_012020,political,qb_012020__political,0.78088427,0.6420546174049377,0.23170652985572815,True
qb_012020,public_sentiment,qb_012020__public_sentiment,0.8308772,0.6814664006233215,0.26728636026382446,True
qb_001041,political,qb_001041__political,0.7176434,0.7398963570594788,0.20437245070934296,True
qb_001041,cultural_identity,qb_001041__cultural_identity,0.6973963,0.5301213264465332,0.24802079796791077,True
qb_001041,morality,qb_001041__morality,0.78059244,0.4841306209564209,0.18247070908546448,True
qb_015486,economic,qb_015486__economic,0.81974185,0.7566766738891602,0.19896242022514343,True
qb_015486,political,qb_015486__political,0.59086335,0.7286999225616455,0.2523868978023529,True
qb_015486,legality_constitutionality,qb_015486__legality_constitutionality,0.76004314,0.5710594058036804,0.20183464884757996,True
qb_015486,morality,qb_015486__morality,0.8903923,0.7052534222602844,0.18850451707839966,True
qb_013462,legality_constitutionality,qb_013462__legality_constitutionality,0.6871978,0.5243968367576599,0.22096173465251923,True
qb_013462,policy_prescription,qb_013462__policy_prescription,0.5830015,0.5203951001167297,0.1644655168056488,True
qb_013462,political,qb_013462__political,0.66778386,0.4262198507785797,0.2291260063648224,True
qb_013462,fairness_and_equality,qb_013462__fairness_and_equality,0.73319674,0.4684877395629883,0.2525317668914795,True
qb_005333,security_and_defense,qb_005333__security_and_defense,0.5807569,0.6957221031188965,0.21928910911083221,True
qb_005333,morality,qb_005333__morality,0.79159117,0.5482362508773804,0.20433926582336426,True
qb_005333,capacity_and_resources,qb_005333__capacity_and_resources,0.82152754,0.6984375715255737,0.12130510807037354,True
qb_000544,legality_constitutionality,qb_000544__legality_constitutionality,0.6047102,0.4803670048713684,0.21135370433330536,True
qb_000544,crime_and_punishment,qb_000544__crime_and_punishment,0.7848339,0.5105768442153931,0.1508643478155136,True
qb_000544,economic,qb_000544__economic,0.76130724,0.20660002529621124,0.15331290662288666,True
qb_000544,security_and_defense,qb_000544__security_and_defense,0.6670057,0.6706168055534363,0.23858502507209778,True
qb_000544,external_regulation,qb_000544__external_regulation,0.79012966,0.4476163685321808,0.20682719349861145,True
qb_011049,political,qb_011049__political,0.783697,0.6856781244277954,0.1928873360157013,True
qb_011049,policy_prescription,qb_011049__policy_prescription,0.65153587,0.7315705418586731,0.24782291054725647,True
qb_011049,capacity_and_resources,qb_011049__capacity_and_resources,0.88748354,0.683025598526001,0.21202781796455383,True
qb_011049,economic,qb_011049__economic,0.64795303,0.4821471571922302,0.21060988306999207,True
qb_011049,legality_constitutionality,qb_011049__legality_constitutionality,0.6249471,0.6099547147750854,0.16793721914291382,True
qb_008741,policy_prescription,qb_008741__policy_prescription,0.7332415,0.5516668558120728,0.2304069548845291,True
qb_008741,legality_constitutionality,qb_008741__legality_constitutionality,0.76312876,0.5878424048423767,0.28749361634254456,True
qb_008741,political,qb_008741__political,0.7214229,0.42369556427001953,0.2584736943244934,True
qb_008741,capacity_and_resources,qb_008741__capacity_and_resources,0.68465686,0.639205813407898,0.1794082075357437,True
qb_008741,crime_and_punishment,qb_008741__crime_and_punishment,0.72340894,0.5185200572013855,0.21140113472938538,True
qb_011794,morality,qb_011794__morality,0.73035955,0.6298201680183411,0.17247501015663147,True
qb_011794,cultural_identity,qb_011794__cultural_identity,0.77616876,0.6598977446556091,0.1498926877975464,True
qb_011794,political,qb_011794__political,0.7802584,0.6687026023864746,0.20295540988445282,True
qb_011794,public_sentiment,qb_011794__public_sentiment,0.8023081,0.7122891545295715,0.1475221961736679,True
qb_011261,health_and_safety,qb_011261__health_and_safety,0.6581272,0.619550883769989,0.16165411472320557,True
qb_011261,capacity_and_resources,qb_011261__capacity_and_resources,0.59924984,0.45213231444358826,0.17788894474506378,True
qb_011261,policy_prescription,qb_011261__policy_prescription,0.74125147,0.5814149379730225,0.18230466544628143,True
qb_011261,public_sentiment,qb_011261__public_sentiment,0.6999322,0.4069828987121582,0.24859464168548584,True
qb_016597,security_and_defense,qb_016597__security_and_defense,0.74260974,0.7651554942131042,0.1868223249912262,True
qb_016597,crime_and_punishment,qb_016597__crime_and_punishment,0.8241348,0.8273571133613586,0.18077383935451508,True
qb_016597,cultural_identity,qb_016597__cultural_identity,0.8323469,0.7505974173545837,0.15985257923603058,True
qb_016597,capacity_and_resources,qb_016597__capacity_and_resources,0.80019295,0.7092547416687012,0.19661933183670044,True
qb_007480,political,qb_007480__political,0.82535774,0.6545521020889282,0.21051239967346191,True
qb_007480,public_sentiment,qb_007480__public_sentiment,0.76909673,0.6937923431396484,0.1807895004749298,True
qb_007480,cultural_identity,qb_007480__cultural_identity,0.7758936,0.6808854341506958,0.22943314909934998,True
qb_004512,security_and_defense,qb_004512__security_and_defense,0.5747634,0.6169636249542236,0.23836573958396912,True
qb_004512,external_regulation,qb_004512__external_regulation,0.73482466,0.6473685503005981,0.18145833909511566,True
qb_002855,crime_and_punishment,qb_002855__crime_and_punishment,0.59391725,0.6232065558433533,0.20768201351165771,True
qb_002855,legality_constitutionality,qb_002855__legality_constitutionality,0.7268573,0.5393598079681396,0.21740946173667908,True
qb_002855,political,qb_002855__political,0.7448884,0.6112781167030334,0.2739303708076477,True
qb_002855,public_sentiment,qb_002855__public_sentiment,0.8813733,0.3954726755619049,0.23802447319030762,True
qb_012125,political,qb_012125__political,0.87212896,0.7568918466567993,0.16382651031017303,True
qb_012125,cultural_identity,qb_012125__cultural_identity,0.8851762,0.7392604351043701,0.1867629885673523,True
qb_012125,public_sentiment,qb_012125__public_sentiment,0.8482622,0.7276570796966553,0.18618884682655334,True
qb_013673,political,qb_013673__political,0.6607287,0.43328994512557983,0.2148299664258957,True
qb_013673,legality_constitutionality,qb_013673__legality_constitutionality,0.7145485,0.3973546624183655,0.20150518417358398,True
qb_013673,cultural_identity,qb_013673__cultural_identity,0.76560664,0.4132750630378723,0.12668782472610474,True
qb_003040,security_and_defense,qb_003040__security_and_defense,0.6683362,0.5608428120613098,0.2657899856567383,True
qb_003040,capacity_and_resources,qb_003040__capacity_and_resources,0.85078007,0.5874453186988831,0.14566367864608765,True
qb_003040,public_sentiment,qb_003040__public_sentiment,0.7655256,0.5343620777130127,0.23435504734516144,True
qb_003040,political,qb_003040__political,0.7051552,0.5661503672599792,0.18961459398269653,True
qb_013212,legality_constitutionality,qb_013212__legality_constitutionality,0.7810064,0.693924069404602,0.2292599231004715,True
qb_013212,policy_prescription,qb_013212__policy_prescription,0.7727959,0.6989720463752747,0.22188322246074677,True
qb_013212,fairness_and_equality,qb_013212__fairness_and_equality,0.80316955,0.6513940095901489,0.18925908207893372,True
qb_013212,capacity_and_resources,qb_013212__capacity_and_resources,0.78907746,0.5578361749649048,0.20439687371253967,True
qb_013212,political,qb_013212__political,0.78227276,0.5822054743766785,0.20642225444316864,True
qb_013212,cultural_identity,qb_013212__cultural_identity,0.7760978,0.6369635462760925,0.2689523696899414,True
qb_009229,political,qb_009229__political,0.7774935,0.48907867074012756,0.1861378699541092,True
qb_009229,external_regulation,qb_009229__external_regulation,0.8034488,0.5292602181434631,0.2538173198699951,True
qb_009229,legality_constitutionality,qb_009229__legality_constitutionality,0.7685971,0.5246085524559021,0.15172997117042542,True
qb_009229,policy_prescription,qb_009229__policy_prescription,0.7825823,0.6287874579429626,0.17814990878105164,True
qb_008819,political,qb_008819__political,0.64823157,,0.23435816168785095,False
qb_000107,fairness_and_equality,qb_000107__fairness_and_equality,0.81190574,0.694897472858429,0.19924131035804749,True
qb_000107,legality_constitutionality,qb_000107__legality_constitutionality,0.71873605,0.62312251329422,0.222237229347229,True
qb_000107,policy_prescription,qb_000107__policy_prescription,0.7505312,0.6372165083885193,0.19217799603939056,True
qb_000107,economic,qb_000107__economic,0.6743482,0.6478296518325806,0.1627109795808792,True
qb_000107,capacity_and_resources,qb_000107__capacity_and_resources,0.62645614,0.6493978500366211,0.14916667342185974,True
qb_000107,morality,qb_000107__morality,0.732944,0.6775894165039062,0.15014705061912537,True
qb_000072,political,qb_000072__political,0.8323406,0.7245343327522278,0.20153813064098358,True
qb_000072,external_regulation,qb_000072__external_regulation,0.71533096,0.6786845922470093,0.20859543979167938,True
qb_000072,public_sentiment,qb_000072__public_sentiment,0.8185978,0.600641131401062,0.2089783400297165,True
qb_011969,security_and_defense,qb_011969__security_and_defense,0.7414926,0.7033459544181824,0.235061377286911,True
qb_011969,external_regulation,qb_011969__external_regulation,0.78312564,0.6811414957046509,0.16427074372768402,True
qb_011969,political,qb_011969__political,0.7497933,0.5420166850090027,0.17324838042259216,True
qb_011969,health_and_safety,qb_011969__health_and_safety,0.7108201,0.6604340076446533,0.215497687458992,True
qb_011969,legality_constitutionality,qb_011969__legality_constitutionality,0.71497333,0.6685274839401245,0.19123640656471252,True
qb_011969,public_sentiment,qb_011969__public_sentiment,0.78141284,0.5825433731079102,0.16467252373695374,True
qb_011969,capacity_and_resources,qb_011969__capacity_and_resources,0.71411705,0.6387594938278198,0.2146400511264801,True
qb_012838,security_and_defense,qb_012838__security_and_defense,0.6164154,0.6442720890045166,0.17275294661521912,True
qb_012838,crime_and_punishment,qb_012838__crime_and_punishment,0.7275516,0.6160096526145935,0.2190665304660797,True
qb_012838,health_and_safety,qb_012838__health_and_safety,0.61156106,0.4392392039299011,0.08410848677158356,True
qb_012838,cultural_identity,qb_012838__cultural_identity,0.6984377,0.6321591734886169,0.1950879693031311,True
qb_012838,quality_of_life,qb_012838__quality_of_life,0.71991634,0.6244266033172607,0.15797044336795807,True
qb_003012,crime_and_punishment,qb_003012__crime_and_punishment,0.7282831,0.49851980805397034,0.2249997854232788,True
qb_003012,security_and_defense,qb_003012__security_and_defense,0.73493385,0.7191359400749207,0.22342638671398163,True
qb_003012,cultural_identity,qb_003012__cultural_identity,0.6326194,0.32586896419525146,0.15775585174560547,True
qb_005475,fairness_and_equality,qb_005475__fairness_and_equality,0.7441691,0.5887097120285034,0.19135865569114685,True
qb_005475,political,qb_005475__political,0.7711395,0.6293229460716248,0.2539657950401306,True
qb_005475,morality,qb_005475__morality,0.5366292,0.5302748680114746,0.1690482646226883,True
qb_005475,public_sentiment,qb_005475__public_sentiment,0.74909055,0.6304389238357544,0.24426893889904022,True
qb_005475,economic,qb_005475__economic,0.7041804,0.5899130702018738,0.24545884132385254,True
qb_005475,health_and_safety,qb_005475__health_and_safety,0.66688013,0.6136981248855591,0.12515482306480408,True
qb_013337,political,qb_013337__political,0.70150286,0.5008772611618042,0.2129535675048828,True
qb_013337,morality,qb_013337__morality,0.7433852,0.5147696733474731,0.24915584921836853,True
qb_013337,cultural_identity,qb_013337__cultural_identity,0.7679151,0.5643572807312012,0.24115252494812012,True
qb_013337,health_and_safety,qb_013337__health_and_safety,0.73390055,0.1921432465314865,0.1641198694705963,True
qb_013337,public_sentiment,qb_013337__public_sentiment,0.8524335,0.48188161849975586,0.18649935722351074,True
qb_013337,fairness_and_equality,qb_013337__fairness_and_equality,0.8164131,0.48048585653305054,0.21788594126701355,True
qb_002748,fairness_and_equality,qb_002748__fairness_and_equality,0.65565205,0.6091529130935669,0.15867963433265686,True
qb_002748,cultural_identity,qb_002748__cultural_identity,0.8249291,0.7049694061279297,0.21432074904441833,True
qb_002748,public_sentiment,qb_002748__public_sentiment,0.79573107,0.7311354279518127,0.2237122803926468,True
qb_002748,morality,qb_002748__morality,0.8094376,0.6755352020263672,0.1839229315519333,True
qb_014098,political,qb_014098__political,0.7506435,0.4563905596733093,0.2881634533405304,True
qb_014098,fairness_and_equality,qb_014098__fairness_and_equality,0.7948035,0.531990110874176,0.15923097729682922,True
qb_014098,legality_constitutionality,qb_014098__legality_constitutionality,0.6711464,0.6011080741882324,0.19631372392177582,True
qb_015897,public_sentiment,qb_015897__public_sentiment,0.83829576,0.646965742111206,0.21615472435951233,True
qb_015897,legality_constitutionality,qb_015897__legality_constitutionality,0.7573943,0.6844135522842407,0.15692421793937683,True
qb_015897,crime_and_punishment,qb_015897__crime_and_punishment,0.8130691,0.7193990349769592,0.18364417552947998,True
qb_015897,security_and_defense,qb_015897__security_and_defense,0.8297185,0.6904069185256958,0.17880263924598694,True
qb_015897,political,qb_015897__political,0.842963,0.709980845451355,0.2353900671005249,True
qb_005068,political,qb_005068__political,0.60252863,0.49671798944473267,0.3170289397239685,True
qb_005068,capacity_and_resources,qb_005068__capacity_and_resources,0.693319,0.3998989760875702,0.27742958068847656,True
qb_005068,public_sentiment,qb_005068__public_sentiment,0.61591464,0.4304300844669342,0.21692529320716858,True
qb_010542,external_regulation,qb_010542__external_regulation,0.7763597,0.7669507265090942,0.21743269264698029,True
qb_010542,political,qb_010542__political,0.8078649,0.8519631624221802,0.20752592384815216,True
qb_009155,crime_and_punishment,qb_009155__crime_and_punishment,0.7560214,0.6393430829048157,0.25133541226387024,True
qb_009155,legality_constitutionality,qb_009155__legality_constitutionality,0.7506701,0.6866785287857056,0.18210360407829285,True
qb_021738,security_and_defense,qb_021738__security_and_defense,0.5508217,0.5955138206481934,0.20759573578834534,True
qb_021738,external_regulation,qb_021738__external_regulation,0.8070681,0.5877452492713928,0.17410649359226227,True
qb_021738,political,qb_021738__political,0.5433169,0.5822793841362,0.17182056605815887,True
qb_013376,political,qb_013376__political,0.7908842,,0.23632454872131348,False
qb_000343,political,qb_000343__political,0.84406763,0.6121150255203247,0.27352404594421387,True
qb_000343,morality,qb_000343__morality,0.7468147,0.5474112629890442,0.19081346690654755,True
qb_000343,public_sentiment,qb_000343__public_sentiment,0.69642234,0.6594024896621704,0.2552204132080078,True
qb_017378,policy_prescription,qb_017378__policy_prescription,0.7730379,0.68439781665802,0.17454023659229279,True
qb_017378,economic,qb_017378__economic,0.7552296,0.6044719219207764,0.12850971519947052,True
qb_017378,political,qb_017378__political,0.6394558,0.637057900428772,0.22471682727336884,True
qb_007782,external_regulation,qb_007782__external_regulation,0.7987226,0.6452234983444214,0.15637584030628204,True
qb_007782,security_and_defense,qb_007782__security_and_defense,0.67931336,0.5912368893623352,0.22101950645446777,True
qb_007782,political,qb_007782__political,0.821922,0.5248715281486511,0.2188882827758789,True
qb_007782,policy_prescription,qb_007782__policy_prescription,0.7320064,0.5532512664794922,0.2193477600812912,True
qb_014356,political,qb_014356__political,0.82939225,0.5849469304084778,0.18403418362140656,True
qb_014356,policy_prescription,qb_014356__policy_prescription,0.6418592,0.6389769911766052,0.16365619003772736,True
qb_014356,legality_constitutionality,qb_014356__legality_constitutionality,0.7046002,0.6224729418754578,0.15606912970542908,True
qb_014356,morality,qb_014356__morality,0.83508205,0.6391749978065491,0.20487502217292786,True
qb_017576,political,qb_017576__political,0.70893246,0.7202240228652954,0.16448290646076202,True
qb_017576,economic,qb_017576__economic,0.81760967,0.7958168983459473,0.20421937108039856,True
qb_017576,capacity_and_resources,qb_017576__capacity_and_resources,0.8184672,0.7877459526062012,0.18764178454875946,True
qb_000053,economic,qb_000053__economic,0.6899744,0.4544224739074707,0.1428147256374359,True
qb_000053,policy_prescription,qb_000053__policy_prescription,0.70679224,0.6296747326850891,0.1502501368522644,True
qb_011392,crime_and_punishment,qb_011392__crime_and_punishment,0.8587959,0.43401849269866943,0.20541806519031525,True
qb_011392,legality_constitutionality,qb_011392__legality_constitutionality,0.76078075,0.570529043674469,0.21974214911460876,True
qb_011392,political,qb_011392__political,0.7734766,0.4501606225967407,0.22147123515605927,True
qb_011392,morality,qb_011392__morality,0.5705447,0.4397915303707123,0.17219819128513336,True
qb_003955,policy_prescription,qb_003955__policy_prescription,0.7757815,0.5028589963912964,0.1610877513885498,True
qb_003955,economic,qb_003955__economic,0.7843673,0.5037440657615662,0.13162651658058167,True
qb_003955,capacity_and_resources,qb_003955__capacity_and_resources,0.65580034,0.4887425899505615,0.23388919234275818,True
qb_003955,external_regulation,qb_003955__external_regulation,0.76876575,0.386696994304657,0.13383954763412476,True
qb_003955,political,qb_003955__political,0.7324511,0.47486811876296997,0.19752921164035797,True
qb_003955,quality_of_life,qb_003955__quality_of_life,0.76718414,0.5001994371414185,0.16321426630020142,True
qb_000416,security_and_defense,qb_000416__security_and_defense,0.6519352,0.5210857391357422,0.1597808450460434,True
qb_000416,external_regulation,qb_000416__external_regulation,0.7638474,0.5955909490585327,0.23503080010414124,True
qb_000416,political,qb_000416__political,0.48867738,0.6013010144233704,0.23368532955646515,True
qb_000416,public_sentiment,qb_000416__public_sentiment,0.8074124,0.5296512842178345,0.24063768982887268,True
qb_000416,policy_prescription,qb_000416__policy_prescription,0.84109485,0.6087903380393982,0.17268158495426178,True
qb_000416,capacity_and_resources,qb_000416__capacity_and_resources,0.7542822,0.5847976803779602,0.2341345250606537,True
qb_001238,political,qb_001238__political,0.76897746,0.7586115598678589,0.2493906021118164,True
qb_001238,legality_constitutionality,qb_001238__legality_constitutionality,0.7329391,0.535306990146637,0.2164037674665451,True
qb_001238,public_sentiment,qb_001238__public_sentiment,0.76510954,0.6136715412139893,0.21717464923858643,True
qb_003525,economic,qb_003525__economic,0.716972,0.5067028999328613,0.20091107487678528,True
qb_003525,external_regulation,qb_003525__external_regulation,0.7745934,0.6034455299377441,0.1728278398513794,True
qb_003525,policy_prescription,qb_003525__policy_prescription,0.67462087,0.6332807540893555,0.2298794537782669,True
qb_003525,political,qb_003525__political,0.832701,0.675438642501831,0.3298775255680084,True
qb_018916,political,qb_018916__political,0.79479074,0.5198158025741577,0.3017161190509796,True
qb_018916,legality_constitutionality,qb_018916__legality_constitutionality,0.6854733,0.5763381719589233,0.20220991969108582,True
qb_018916,policy_prescription,qb_018916__policy_prescription,0.76000893,0.5686872005462646,0.1890522539615631,True
qb_000742,external_regulation,qb_000742__external_regulation,0.76721674,0.7587913870811462,0.23054400086402893,True
qb_000742,public_sentiment,qb_000742__public_sentiment,0.77688706,0.5777730345726013,0.26260095834732056,True
qb_000742,political,qb_000742__political,0.8871013,0.6470365524291992,0.27823641896247864,True
qb_000742,capacity_and_resources,qb_000742__capacity_and_resources,0.61471033,0.5216736793518066,0.22924724221229553,True
qb_014434,economic,qb_014434__economic,0.5595687,0.5038240551948547,0.15849433839321136,True
qb_014434,health_and_safety,qb_014434__health_and_safety,0.61694914,0.5030818581581116,0.15477581322193146,True
qb_014434,policy_prescription,qb_014434__policy_prescription,0.4734453,0.43163928389549255,0.21419045329093933,True
qb_014434,quality_of_life,qb_014434__quality_of_life,0.55734134,0.5209357738494873,0.22434604167938232,True
qb_014970,political,qb_014970__political,0.76743555,0.7877410054206848,0.18199022114276886,True
qb_014970,policy_prescription,qb_014970__policy_prescription,0.84115326,0.8019386529922485,0.21684212982654572,True
qb_014970,economic,qb_014970__economic,0.8432914,0.832813024520874,0.23965990543365479,True
qb_014970,security_and_defense,qb_014970__security_and_defense,0.8463894,0.7940791845321655,0.2097633332014084,True
qb_014970,public_sentiment,qb_014970__public_sentiment,0.80702174,0.7401101589202881,0.1986342966556549,True
qb_016146,health_and_safety,qb_016146__health_and_safety,0.76254797,0.7591979503631592,0.24087627232074738,True
qb_016146,policy_prescription,qb_016146__policy_prescription,0.8173255,0.6897159814834595,0.22463175654411316,True
qb_016146,political,qb_016146__political,0.8142055,0.6444961428642273,0.2996414303779602,True
qb_000282,economic,qb_000282__economic,0.6717241,0.5558965802192688,0.13088752329349518,True
qb_000282,political,qb_000282__political,0.8295612,0.6040666103363037,0.17462050914764404,True
qb_000282,public_sentiment,qb_000282__public_sentiment,0.7938257,0.6539050936698914,0.18629875779151917,True
qb_003722,legality_constitutionality,qb_003722__legality_constitutionality,0.6583959,0.610424816608429,0.2035202980041504,True
qb_003722,political,qb_003722__political,0.5727526,0.5174844264984131,0.21641628444194794,True
qb_003722,public_sentiment,qb_003722__public_sentiment,0.7944454,0.5492246150970459,0.17009237408638,True
qb_020553,legality_constitutionality,qb_020553__legality_constitutionality,0.7935142,0.5160799622535706,0.2091861069202423,True
qb_020553,public_sentiment,qb_020553__public_sentiment,0.6329482,0.5234168767929077,0.2147829830646515,True
qb_020553,policy_prescription,qb_020553__policy_prescription,0.65701103,0.48575082421302795,0.18391716480255127,True
qb_020553,political,qb_020553__political,0.65926385,0.5104113221168518,0.21759888529777527,True
qb_020553,security_and_defense,qb_020553__security_and_defense,0.5920806,0.49078965187072754,0.2067166566848755,True
qb_020499,legality_constitutionality,qb_020499__legality_constitutionality,0.83491784,0.7440185546875,0.18336531519889832,True
qb_020499,health_and_safety,qb_020499__health_and_safety,0.6794851,0.5621610283851624,0.23048707842826843,True
qb_020499,public_sentiment,qb_020499__public_sentiment,0.72403103,0.5925472378730774,0.24386334419250488,True
qb_020499,capacity_and_resources,qb_020499__capacity_and_resources,0.6235925,0.519406795501709,0.168516144156456,True
qb_020108,morality,qb_020108__morality,0.73002553,0.5892314314842224,0.1575736105442047,True
qb_020108,crime_and_punishment,qb_020108__crime_and_punishment,0.7272391,0.5869640111923218,0.19320592284202576,True
qb_006450,economic,qb_006450__economic,0.82802844,0.7347837090492249,0.15825018286705017,True
qb_006450,public_sentiment,qb_006450__public_sentiment,0.8806912,0.7270290851593018,0.14958874881267548,True
qb_006450,quality_of_life,qb_006450__quality_of_life,0.9239726,0.6893496513366699,0.17105190455913544,True
qb_010779,policy_prescription,qb_010779__policy_prescription,0.6743066,0.5312420725822449,0.18967413902282715,True
qb_010779,health_and_safety,qb_010779__health_and_safety,0.6909359,0.3665952682495117,0.20727255940437317,True
qb_010779,political,qb_010779__political,0.7858361,0.595294713973999,0.1723877340555191,True
qb_010779,public_sentiment,qb_010779__public_sentiment,0.6462795,0.5563458800315857,0.33128514885902405,True
qb_010779,morality,qb_010779__morality,0.70637834,0.4692731499671936,0.16805480420589447,True
qb_007860,political,qb_007860__political,0.7494645,0.6013978123664856,0.24356670677661896,True
qb_007860,crime_and_punishment,qb_007860__crime_and_punishment,0.7396928,0.5523384213447571,0.17500260472297668,True
qb_007860,security_and_defense,qb_007860__security_and_defense,0.7748882,0.6277965307235718,0.19427824020385742,True
qb_007860,legality_constitutionality,qb_007860__legality_constitutionality,0.60145044,0.5088229179382324,0.20397496223449707,True
qb_007860,morality,qb_007860__morality,0.654071,0.5804319381713867,0.18655741214752197,True
qb_009513,security_and_defense,qb_009513__security_and_defense,0.73165977,0.7122385501861572,0.1652839481830597,True
qb_009513,external_regulation,qb_009513__external_regulation,0.63694686,0.540790319442749,0.1661069095134735,True
qb_009513,political,qb_009513__political,0.76637226,0.557390034198761,0.19512233138084412,True
qb_009513,capacity_and_resources,qb_009513__capacity_and_resources,0.86433595,0.6578681468963623,0.15466725826263428,True
qb_009513,economic,qb_009513__economic,0.8032569,0.5832647085189819,0.17247018218040466,True
qb_014515,political,qb_014515__political,0.85448027,0.8108073472976685,0.23932626843452454,True
qb_014515,legality_constitutionality,qb_014515__legality_constitutionality,0.86700594,0.7615683078765869,0.25079452991485596,True
qb_019895,policy_prescription,qb_019895__policy_prescription,0.8289057,0.6625434160232544,0.21225254237651825,True
qb_019895,legality_constitutionality,qb_019895__legality_constitutionality,0.7066997,0.7086762189865112,0.16639813780784607,True
qb_019895,political,qb_019895__political,0.79689205,0.6205242872238159,0.2480638474225998,True
qb_019895,security_and_defense,qb_019895__security_and_defense,0.8312793,0.6705959439277649,0.24516133964061737,True
qb_019895,external_regulation,qb_019895__external_regulation,0.8297342,0.6937407851219177,0.2699694037437439,True
qb_019895,economic,qb_019895__economic,0.7030967,0.5095511674880981,0.2337442934513092,True
qb_007371,policy_prescription,qb_007371__policy_prescription,0.80635405,0.6678549647331238,0.2708175778388977,True
qb_007371,legality_constitutionality,qb_007371__legality_constitutionality,0.7653289,0.7311869859695435,0.2185332030057907,True
qb_007371,security_and_defense,qb_007371__security_and_defense,0.7978418,0.6345386505126953,0.22916564345359802,True
qb_007371,health_and_safety,qb_007371__health_and_safety,0.7487799,0.5827623009681702,0.20084115862846375,True
qb_007371,political,qb_007371__political,0.68815815,0.5783587694168091,0.27487486600875854,True
qb_004939,political,qb_004939__political,0.64419657,0.47660398483276367,0.20935645699501038,True
qb_004939,public_sentiment,qb_004939__public_sentiment,0.8064607,0.3389256000518799,0.21712514758110046,True
qb_004939,cultural_identity,qb_004939__cultural_identity,0.79800457,0.35391777753829956,0.18988355994224548,True
qb_020966,legality_constitutionality,qb_020966__legality_constitutionality,0.8262774,0.6887388229370117,0.21380262076854706,True
qb_020966,policy_prescription,qb_020966__policy_prescription,0.77865684,0.6786933541297913,0.17385630309581757,True
qb_020966,public_sentiment,qb_020966__public_sentiment,0.8868519,0.6835541725158691,0.18611490726470947,True
qb_020966,security_and_defense,qb_020966__security_and_defense,0.8602347,0.6720680594444275,0.2218819111585617,True
qb_014146,economic,qb_014146__economic,0.7129343,0.6014941930770874,0.2062397003173828,True
qb_014146,external_regulation,qb_014146__external_regulation,0.70805204,0.583446741104126,0.20111136138439178,True
qb_014146,policy_prescription,qb_014146__policy_prescription,0.7837418,0.6447676420211792,0.1881280243396759,True
qb_014146,political,qb_014146__political,0.69671583,0.6539129018783569,0.19433249533176422,True
qb_014607,economic,qb_014607__economic,0.6488261,0.30296027660369873,0.17103232443332672,True
qb_014607,public_sentiment,qb_014607__public_sentiment,0.7546433,0.5025187730789185,0.14183218777179718,True
qb_011436,economic,qb_011436__economic,0.73078644,0.6388601064682007,0.15955176949501038,True
qb_011436,policy_prescription,qb_011436__policy_prescription,0.5994617,0.6719147562980652,0.18596406280994415,True
qb_011436,fairness_and_equality,qb_011436__fairness_and_equality,0.7337187,0.7497103214263916,0.19418665766716003,True
qb_011436,capacity_and_resources,qb_011436__capacity_and_resources,0.66599107,0.6396426558494568,0.186357781291008,True
qb_005652,crime_and_punishment,qb_005652__crime_and_punishment,0.8512956,0.6104679107666016,0.14909890294075012,True
qb_005652,public_sentiment,qb_005652__public_sentiment,0.7722045,0.49448761343955994,0.20821663737297058,True
qb_005652,security_and_defense,qb_005652__security_and_defense,0.7235646,0.6728928685188293,0.15630416572093964,True
qb_005652,health_and_safety,qb_005652__health_and_safety,0.71041834,0.7086200714111328,0.1614907830953598,True
qb_000759,political,qb_000759__political,0.707691,0.6085351705551147,0.2653140425682068,True
qb_000759,crime_and_punishment,qb_000759__crime_and_punishment,0.87796503,0.5192605257034302,0.14539439976215363,True
qb_014439,political,qb_014439__political,0.8298032,0.45846953988075256,0.1630268692970276,True
qb_014439,public_sentiment,qb_014439__public_sentiment,0.8523324,0.5053824186325073,0.16870053112506866,True
qb_007161,political,qb_007161__political,0.73075485,0.6088589429855347,0.21780116856098175,True
qb_007161,external_regulation,qb_007161__external_regulation,0.7156806,0.565342903137207,0.2226986587047577,True
qb_007161,policy_prescription,qb_007161__policy_prescription,0.8097622,0.5128121972084045,0.19692900776863098,True
qb_007161,public_sentiment,qb_007161__public_sentiment,0.7293856,0.4666159749031067,0.23638565838336945,True
qb_007161,legality_constitutionality,qb_007161__legality_constitutionality,0.813826,0.471687912940979,0.2367418259382248,True
qb_020403,political,qb_020403__political,0.8184318,0.7572444081306458,0.1978674829006195,True
qb_020403,fairness_and_equality,qb_020403__fairness_and_equality,0.8105768,0.7145857214927673,0.19516980648040771,True
qb_020403,public_sentiment,qb_020403__public_sentiment,0.85368276,0.7767808437347412,0.26031193137168884,True
qb_020403,cultural_identity,qb_020403__cultural_identity,0.8827789,0.7607664465904236,0.2186095267534256,True
qb_021441,security_and_defense,qb_021441__security_and_defense,0.7745341,0.6239301562309265,0.18451640009880066,True
qb_021441,external_regulation,qb_021441__external_regulation,0.6290448,0.5947291851043701,0.1786710023880005,True
qb_021441,policy_prescription,qb_021441__policy_prescription,0.64164734,0.5823623538017273,0.30095842480659485,True
qb_021441,cultural_identity,qb_021441__cultural_identity,0.67555547,0.513056218624115,0.15963774919509888,True
qb_000909,health_and_safety,qb_000909__health_and_safety,0.5784779,0.5433333516120911,0.17401131987571716,True
qb_000909,capacity_and_resources,qb_000909__capacity_and_resources,0.80530083,0.6223428845405579,0.20473790168762207,True
qb_000909,policy_prescription,qb_000909__policy_prescription,0.6537327,0.4966146945953369,0.1718180626630783,True
qb_000909,public_sentiment,qb_000909__public_sentiment,0.80461967,0.5650190711021423,0.2117156684398651,True
qb_012147,security_and_defense,qb_012147__security_and_defense,0.82027894,0.6425922513008118,0.1535506695508957,True
qb_012147,political,qb_012147__political,0.660963,0.5751581192016602,0.20835605263710022,True
qb_012147,external_regulation,qb_012147__external_regulation,0.77240205,0.8003278970718384,0.19966712594032288,True
qb_012147,policy_prescription,qb_012147__policy_prescription,0.8242191,0.6888313293457031,0.19778487086296082,True
qb_012147,capacity_and_resources,qb_012147__capacity_and_resources,0.76749295,0.7846588492393494,0.19088515639305115,True
qb_002761,political,qb_002761__political,0.6633925,0.5390052795410156,0.21432295441627502,True
qb_002761,legality_constitutionality,qb_002761__legality_constitutionality,0.6796874,0.5423139333724976,0.16148610413074493,True
qb_002761,crime_and_punishment,qb_002761__crime_and_punishment,0.6148324,0.5466558933258057,0.24989624321460724,True
qb_002761,security_and_defense,qb_002761__security_and_defense,0.5941795,0.5124743580818176,0.2269783914089203,True
qb_002761,public_sentiment,qb_002761__public_sentiment,0.72482276,0.5000379085540771,0.2167207896709442,True
qb_004144,legality_constitutionality,qb_004144__legality_constitutionality,0.6552993,0.5337321758270264,0.17420430481433868,True
qb_004144,political,qb_004144__political,0.71835655,0.6324982047080994,0.16348832845687866,True
qb_004144,morality,qb_004144__morality,0.68970734,0.5684918165206909,0.16916806995868683,True
qb_011629,legality_constitutionality,qb_011629__legality_constitutionality,0.6833505,0.5303753614425659,0.21000763773918152,True
qb_011629,crime_and_punishment,qb_011629__crime_and_punishment,0.7499278,0.6981155872344971,0.16754767298698425,True
qb_011629,health_and_safety,qb_011629__health_and_safety,0.6230015,0.4218951463699341,0.22130782902240753,True
qb_006677,crime_and_punishment,qb_006677__crime_and_punishment,0.76368845,0.4377018213272095,0.1624261438846588,True
qb_006677,legality_constitutionality,qb_006677__legality_constitutionality,0.56284136,0.5765776038169861,0.1767096221446991,True
qb_006677,economic,qb_006677__economic,0.6322057,0.4874638617038727,0.1904018521308899,True
qb_006677,public_sentiment,qb_006677__public_sentiment,0.7347579,0.49147042632102966,0.1815684288740158,True
qb_014206,legality_constitutionality,qb_014206__legality_constitutionality,0.70689595,0.6354497075080872,0.24883246421813965,True
qb_014206,crime_and_punishment,qb_014206__crime_and_punishment,0.5369873,0.614730954170227,0.20442509651184082,True
qb_014206,public_sentiment,qb_014206__public_sentiment,0.6400736,0.511318564414978,0.2236737757921219,True
qb_014206,cultural_identity,qb_014206__cultural_identity,0.72758216,0.5319782495498657,0.20983581244945526,True
qb_014206,fairness_and_equality,qb_014206__fairness_and_equality,0.7079835,0.5131573677062988,0.17199352383613586,True
qb_014206,morality,qb_014206__morality,0.6669475,0.5277023315429688,0.1937403678894043,True
qb_020271,policy_prescription,qb_020271__policy_prescription,0.7702213,0.6699578166007996,0.21615667641162872,True
qb_020271,crime_and_punishment,qb_020271__crime_and_punishment,0.71468997,0.740175724029541,0.23176205158233643,True
qb_020271,security_and_defense,qb_020271__security_and_defense,0.75706124,0.6697012186050415,0.18954145908355713,True
qb_020271,political,qb_020271__political,0.84794235,0.5754613876342773,0.23255407810211182,True
qb_020271,capacity_and_resources,qb_020271__capacity_and_resources,0.7539622,0.7649224400520325,0.1900825798511505,True
qb_009156,security_and_defense,qb_009156__security_and_defense,0.6968533,0.6788632273674011,0.21908430755138397,True
qb_009156,health_and_safety,qb_009156__health_and_safety,0.6819464,0.47142916917800903,0.18497221171855927,True
qb_009156,external_regulation,qb_009156__external_regulation,0.7709604,0.5444431304931641,0.16324645280838013,True
