article_id,frame,cell_key,within_cell,within_article_cross_frame,cross_article,has_sibling
qb_003272,legality_constitutionality,qb_003272__legality_constitutionality,0.8772345,0.8007006645202637,0.6718639135360718,True
qb_003272,political,qb_003272__political,0.8638306,0.7948903441429138,0.6835446357727051,True
qb_003272,public_sentiment,qb_003272__public_sentiment,0.8098084,0.7441666126251221,0.6893625855445862,True
qb_003272,crime_and_punishment,qb_003272__crime_and_punishment,0.8530158,0.7963729500770569,0.6199861764907837,True
qb_019519,political,qb_019519__political,0.8453177,0.7575286626815796,0.6393917798995972,True
qb_019519,economic,qb_019519__economic,0.7893063,0.7764895558357239,0.6296331286430359,True
qb_019519,policy_prescription,qb_019519__policy_prescription,0.771294,0.7791061401367188,0.6172497868537903,True
qb_007772,health_and_safety,qb_007772__health_and_safety,0.83438027,0.801004946231842,0.645632803440094,True
qb_007772,public_sentiment,qb_007772__public_sentiment,0.9014497,0.8891454935073853,0.6230684518814087,True
qb_007772,political,qb_007772__political,0.8674631,0.8186236619949341,0.6174986958503723,True
qb_009703,cultural_identity,qb_009703__cultural_identity,0.8884214,0.6921982169151306,0.6104096174240112,True
qb_009703,public_sentiment,qb_009703__public_sentiment,0.76785845,0.6768370270729065,0.6466883420944214,True
qb_009703,legality_constitutionality,qb_009703__legality_constitutionality,0.79922,0.6870546340942383,0.6376764178276062,True
qb_009703,political,qb_009703__political,0.8538486,0.7449930310249329,0.6451400518417358,True
qb_008313,policy_prescription,qb_008313__policy_prescription,0.89840215,0.7971031069755554,0.6296955943107605,True
qb_008313,political,qb_008313__political,0.9141056,0.8165549635887146,0.6517692804336548,True
qb_008313,public_sentiment,qb_008313__public_sentiment,0.8832921,0.8211569786071777,0.6729421615600586,True
qb_021261,security_and_defense,qb_021261__security_and_defense,0.8256961,0.7830977439880371,0.5931562781333923,True
qb_021261,external_regulation,qb_021261__external_regulation,0.87118566,0.7636463642120361,0.5938531756401062,True
qb_021261,political,qb_021261__political,0.8289963,0.7648677229881287,0.6120110750198364,True
qb_021261,capacity_and_resources,qb_021261__capacity_and_resources,0.8188828,0.7314737439155579,0.6171597242355347,True
qb_021261,health_and_safety,qb_021261__health_and_safety,0.81335425,0.6935091614723206,0.6553691029548645,True
qb_019453,legality_constitutionality,qb_019453__legality_constitutionality,0.8564843,0.8406050205230713,0.6426829099655151,True
qb_019453,political,qb_019453__political,0.84373075,0.7924688458442688,0.65355384349823,True
qb_020192,legality_constitutionality,qb_020192__legality_constitutionality,0.9377504,0.8401376605033875,0.569249153137207,True
qb_020192,political,qb_020192__political,0.8158269,0.7281355261802673,0.6599012613296509,True
qb_020192,cultural_identity,qb_020192__cultural_identity,0.9197142,0.7979965209960938,0.5511005520820618,True
qb_020192,fairness_and_equality,qb_020192__fairness_and_equality,0.88118887,0.7730454802513123,0.5579283833503723,True
qb_017167,political,qb_017167__political,0.91645277,0.781387448310852,0.5336106419563293,True
qb_017167,public_sentiment,qb_017167__public_sentiment,0.83799005,0.823344349861145,0.6116172075271606,True
qb_017167,health_and_safety,qb_017167__health_and_safety,0.87809515,0.7369170188903809,0.6165995001792908,True
qb_017615,economic,qb_017615__economic,0.9242462,0.7347701191902161,0.611676037311554,True
qb_017615,public_sentiment,qb_017615__public_sentiment,0.75383824,0.7914128303527832,0.6443766355514526,True
qb_003828,legality_constitutionality,qb_003828__legality_constitutionality,0.80439174,0.7221322059631348,0.5850868225097656,True
qb_003828,policy_prescription,qb_003828__policy_prescription,0.8875162,0.7631399035453796,0.6768843531608582,True
qb_003828,cultural_identity,qb_003828__cultural_identity,0.9095589,0.8219823837280273,0.6073645353317261,True
qb_003828,political,qb_003828__political,0.8249087,0.7164556980133057,0.7163816690444946,True
qb_003828,fairness_and_equality,qb_003828__fairness_and_equality,0.9204122,0.8120367527008057,0.6446821093559265,True
qb_015003,political,qb_015003__political,0.83547807,0.7316445112228394,0.590547502040863,True
qb_015003,economic,qb_015003__economic,0.7912242,0.716533362865448,0.6606646180152893,True
qb_015003,policy_prescription,qb_015003__policy_prescription,0.8955692,0.7975202202796936,0.6858125925064087,True
qb_015003,capacity_and_resources,qb_015003__capacity_and_resources,0.8523472,0.842656135559082,0.6453067064285278,True
qb_015003,public_sentiment,qb_015003__public_sentiment,0.86167765,0.7622088193893433,0.6910943388938904,True
qb_018511,economic,qb_018511__economic,0.8161899,0.7799879312515259,0.6738831400871277,True
qb_018511,policy_prescription,qb_018511__policy_prescription,0.73449254,0.711223840713501,0.5825395584106445,True
qb_018511,capacity_and_resources,qb_018511__capacity_and_resources,0.78537625,0.7284916639328003,0.6678029298782349,True
qb_001368,cultural_identity,qb_001368__cultural_identity,0.8104107,0.8159112930297852,0.598181962966919,True
qb_001368,political,qb_001368__political,0.8241749,0.7470978498458862,0.6403055191040039,True
qb_001368,fairness_and_equality,qb_001368__fairness_and_equality,0.87073064,0.812838613986969,0.6031116247177124,True
qb_001368,morality,qb_001368__morality,0.81637114,0.7871440649032593,0.5568607449531555,True
qb_001368,public_sentiment,qb_001368__public_sentiment,0.89039886,0.7876758575439453,0.6262091398239136,True
qb_011457,economic,qb_011457__economic,0.84256554,0.8423893451690674,0.643161952495575,True
qb_011457,political,qb_011457__political,0.9138436,0.8939038515090942,0.677673876285553,True
qb_006925,external_regulation,qb_006925__external_regulation,0.8176794,0.7803041934967041,0.6276320815086365,True
qb_006925,political,qb_006925__political,0.8612161,0.7108052968978882,0.6555729508399963,True
qb_006925,legality_constitutionality,qb_006925__legality_constitutionality,0.854409,0.7197262644767761,0.5824447870254517,True
qb_006925,crime_and_punishment,qb_006925__crime_and_punishment,0.875677,0.7189377546310425,0.6310722231864929,True
qb_006925,policy_prescription,qb_006925__policy_prescription,0.8106427,0.7348803281784058,0.6545723676681519,True
qb_013655,legality_constitutionality,qb_013655__legality_constitutionality,0.7857115,0.709820568561554,0.6216459274291992,True
qb_013655,crime_and_punishment,qb_013655__crime_and_punishment,0.85269237,0.7636804580688477,0.5889815092086792,True
qb_013655,political,qb_013655__political,0.88843334,0.7660783529281616,0.5981226563453674,True
qb_001630,policy_prescription,qb_001630__policy_prescription,0.89693236,0.8362748026847839,0.6657689809799194,True
qb_001630,health_and_safety,qb_001630__health_and_safety,0.8711605,0.8392934799194336,0.6598815321922302,True
qb_001630,economic,qb_001630__economic,0.8249388,0.827366828918457,0.6275008916854858,True
qb_001630,political,qb_001630__political,0.88031566,0.8010256886482239,0.6189833879470825,True
qb_001630,fairness_and_equality,qb_001630__fairness_and_equality,0.87969023,0.8165534734725952,0.6201910972595215,True
qb_011948,security_and_defense,qb_011948__security_and_defense,0.7982069,0.7980209589004517,0.6839414834976196,True
qb_011948,crime_and_punishment,qb_011948__crime_and_punishment,0.80345494,0.7331019043922424,0.6308777332305908,True
qb_011948,external_regulation,qb_011948__external_regulation,0.86276937,0.7356903553009033,0.6320475935935974,True
qb_011948,legality_constitutionality,qb_011948__legality_constitutionality,0.8045997,0.722431480884552,0.6143285632133484,True
qb_011948,political,qb_011948__political,0.8533677,0.7225983142852783,0.633488655090332,True
qb_006606,political,qb_006606__political,0.90348005,0.7654070854187012,0.6272015571594238,True
qb_006606,public_sentiment,qb_006606__public_sentiment,0.9030192,0.7651090621948242,0.6601630449295044,True
qb_006606,capacity_and_resources,qb_006606__capacity_and_resources,0.9020443,0.7317858934402466,0.6604204773902893,True
qb_016127,health_and_safety,qb_016127__health_and_safety,0.7893179,0.741204023361206,0.5836044549942017,True
qb_016127,policy_prescription,qb_016127__policy_prescription,0.8405094,0.7550486922264099,0.6223630905151367,True
qb_016127,political,qb_016127__political,0.87658006,0.756643533706665,0.6259372234344482,True
qb_019129,policy_prescription,qb_019129__policy_prescription,0.87974256,0.793329656124115,0.6415892839431763,True
qb_019129,economic,qb_019129__economic,0.83534133,0.8841282725334167,0.6394730806350708,True
qb_019129,quality_of_life,qb_019129__quality_of_life,0.8191894,0.7759568095207214,0.5946576595306396,True
qb_019129,capacity_and_resources,qb_019129__capacity_and_resources,0.7967238,0.7351903915405273,0.5976560711860657,True
qb_007903,legality_constitutionality,qb_007903__legality_constitutionality,0.8692722,0.8255440592765808,0.6667963862419128,True
qb_007903,political,qb_007903__political,0.8127779,0.7572145462036133,0.6713390946388245,True
qb_018184,political,qb_018184__political,0.8119743,0.805530309677124,0.6178852915763855,True
qb_018184,fairness_and_equality,qb_018184__fairness_and_equality,0.8094436,0.8243380784988403,0.5795018672943115,True
qb_018184,morality,qb_018184__morality,0.9068059,0.857408881187439,0.6180381774902344,True
qb_012949,legality_constitutionality,qb_012949__legality_constitutionality,0.84735435,0.7248089909553528,0.6071171760559082,True
qb_012949,economic,qb_012949__economic,0.8300265,0.7315704226493835,0.5943058729171753,True
qb_004499,political,qb_004499__political,0.95093507,0.8486456871032715,0.6327667832374573,True
qb_004499,public_sentiment,qb_004499__public_sentiment,0.93767244,0.8588197231292725,0.5961776971817017,True
qb_020948,health_and_safety,qb_020948__health_and_safety,0.8547722,0.795127809047699,0.5926589965820312,True
qb_020948,capacity_and_resources,qb_020948__capacity_and_resources,0.7962564,0.7408045530319214,0.6012696027755737,True
qb_020948,policy_prescription,qb_020948__policy_prescription,0.83452576,0.8044348955154419,0.6388197541236877,True
qb_020948,economic,qb_020948__economic,0.7996515,0.7391291856765747,0.6070910692214966,True
qb_020948,public_sentiment,qb_020948__public_sentiment,0.9151459,0.7519663572311401,0.6312661170959473,True
qb_020948,fairness_and_equality,qb_020948__fairness_and_equality,0.7827156,0.6991502046585083,0.5609090924263,True
qb_020948,political,qb_020948__political,0.8254071,0.7442758679389954,0.6615096926689148,True
qb_017303,political,qb_017303__political,0.86930835,0.7943308353424072,0.6524335741996765,True
qb_017303,public_sentiment,qb_017303__public_sentiment,0.88491505,0.7660272121429443,0.6467397212982178,True
qb_001971,political,qb_001971__political,0.79939294,0.7854330539703369,0.661037802696228,True
qb_001971,public_sentiment,qb_001971__public_sentiment,0.7638144,0.7811101078987122,0.6080977916717529,True
qb_006315,health_and_safety,qb_006315__health_and_safety,0.8424407,0.7594955563545227,0.6309084892272949,True
qb_006315,policy_prescription,qb_006315__policy_prescription,0.7489449,0.6242165565490723,0.5538607835769653,True
qb_006315,crime_and_punishment,qb_006315__crime_and_punishment,0.91946125,0.7430549263954163,0.6339302062988281,True
qb_006315,public_sentiment,qb_006315__public_sentiment,0.93680024,0.7308648228645325,0.6232641339302063,True
qb_006315,capacity_and_resources,qb_006315__capacity_and_resources,0.8535528,0.7581895589828491,0.5985779166221619,True
qb_006315,morality,qb_006315__morality,0.7519635,0.7087606191635132,0.618481457233429,True
qb_006315,political,qb_006315__political,0.80948985,0.7319853901863098,0.6549075841903687,True
qb_006315,cultural_identity,qb_006315__cultural_identity,0.77649474,0.7303274869918823,0.6092716455459595,True
qb_016595,economic,qb_016595__economic,0.83677506,0.7916419506072998,0.6457178592681885,True
qb_016595,policy_prescription,qb_016595__policy_prescription,0.85980326,0.7849008440971375,0.5994689464569092,True
qb_016595,political,qb_016595__political,0.9123606,0.7617047429084778,0.6348618865013123,True
qb_016391,political,qb_016391__political,0.85260665,0.8358556032180786,0.604874849319458,True
qb_016391,legality_constitutionality,qb_016391__legality_constitutionality,0.88442385,0.8071460723876953,0.6589763760566711,True
qb_016391,policy_prescription,qb_016391__policy_prescription,0.8436968,0.7927122116088867,0.6508997678756714,True
qb_016391,crime_and_punishment,qb_016391__crime_and_punishment,0.8299109,0.7851212024688721,0.6369997262954712,True
qb_016391,morality,qb_016391__morality,0.9281143,0.8300626277923584,0.6515988111495972,True
qb_005134,capacity_and_resources,qb_005134__capacity_and_resources,0.8862991,0.7309152483940125,0.6084791421890259,True
qb_005134,health_and_safety,qb_005134__health_and_safety,0.7937679,0.7802478671073914,0.6112260818481445,True
qb_005134,economic,qb_005134__economic,0.88959837,0.777010440826416,0.6202134490013123,True
qb_005134,political,qb_005134__political,0.8895767,0.7408658862113953,0.6741750836372375,True
qb_011008,crime_and_punishment,qb_011008__crime_and_punishment,0.80769175,0.7288224101066589,0.6207665205001831,True
qb_011008,political,qb_011008__political,0.88854104,0.8268066048622131,0.6833774447441101,True
qb_011008,external_regulation,qb_011008__external_regulation,0.84043455,0.7725432515144348,0.6494503021240234,True
qb_011008,public_sentiment,qb_011008__public_sentiment,0.85756016,0.7591076493263245,0.6424669027328491,True
qb_020841,policy_prescription,qb_020841__policy_prescription,0.8926135,0.8143672943115234,0.5955547094345093,True
qb_020841,security_and_defense,qb_020841__security_and_defense,0.8720653,0.8545069694519043,0.6396169662475586,True
qb_020841,political,qb_020841__political,0.8707609,0.7637826204299927,0.6815544962882996,True
qb_011204,external_regulation,qb_011204__external_regulation,0.76445127,0.7522971630096436,0.6638710498809814,True
qb_011204,political,qb_011204__political,0.79961747,0.7897262573242188,0.6405039429664612,True
qb_011204,public_sentiment,qb_011204__public_sentiment,0.84133244,0.7323617339134216,0.6171005964279175,True
qb_011204,security_and_defense,qb_011204__security_and_defense,0.8630667,0.7870880961418152,0.6541593670845032,True
qb_011204,legality_constitutionality,qb_011204__legality_constitutionality,0.80511063,0.7337445020675659,0.6231304407119751,True
qb_007007,legality_constitutionality,qb_007007__legality_constitutionality,0.8853406,0.8359580039978027,0.6015405058860779,True
qb_007007,political,qb_007007__political,0.8673302,0.8255409002304077,0.6391912698745728,True
qb_007007,crime_and_punishment,qb_007007__crime_and_punishment,0.8735856,0.8358616828918457,0.5876157283782959,True
qb_019524,political,qb_019524__political,0.8302023,0.7831325531005859,0.6245323419570923,True
qb_019524,economic,qb_019524__economic,0.84374624,0.6977823376655579,0.6137619018554688,True
qb_019524,policy_prescription,qb_019524__policy_prescription,0.85899353,0.7493360638618469,0.6539990305900574,True
qb_019524,fairness_and_equality,qb_019524__fairness_and_equality,0.8109068,0.8114307522773743,0.5937966108322144,True
qb_009516,policy_prescription,qb_009516__policy_prescription,0.8147219,0.9051001071929932,0.6140050888061523,True
qb_009516,economic,qb_009516__economic,0.85693395,0.8116803169250488,0.627813994884491,True
qb_009065,political,qb_009065__political,0.8531317,0.7537288665771484,0.6651256084442139,True
qb_009065,policy_prescription,qb_009065__policy_prescription,0.82802653,0.8053690791130066,0.619219183921814,True
qb_009065,economic,qb_009065__economic,0.7737585,0.7744142413139343,0.6427909731864929,True
qb_009065,security_and_defense,qb_009065__security_and_defense,0.8581929,0.7645122408866882,0.6343604326248169,True
qb_012660,health_and_safety,qb_012660__health_and_safety,0.84462714,0.8424666523933411,0.6001100540161133,True
qb_012660,political,qb_012660__political,0.861551,0.8413565158843994,0.6228291392326355,True
qb_012660,capacity_and_resources,qb_012660__capacity_and_resources,0.93655056,0.8300745487213135,0.5742502808570862,True
qb_012660,public_sentiment,qb_012660__public_sentiment,0.86682844,0.8073113560676575,0.6648198366165161,True
qb_011647,health_and_safety,qb_011647__health_and_safety,0.9340856,0.8037352561950684,0.5892767906188965,True
qb_011647,capacity_and_resources,qb_011647__capacity_and_resources,0.81964487,0.7903780937194824,0.5897287726402283,True
qb_011647,economic,qb_011647__economic,0.8767954,0.7600095868110657,0.6522343754768372,True
qb_011647,political,qb_011647__political,0.85439783,0.7115347981452942,0.6668845415115356,True
qb_013083,public_sentiment,qb_013083__public_sentiment,0.8200449,0.8034235239028931,0.6277705430984497,True
qb_013083,political,qb_013083__political,0.88229775,0.6762417554855347,0.596842885017395,True
qb_013083,security_and_defense,qb_013083__security_and_defense,0.86238676,0.8327808380126953,0.630376935005188,True
qb_013083,policy_prescription,qb_013083__policy_prescription,0.87055975,0.6761181354522705,0.6085792183876038,True
qb_013083,economic,qb_013083__economic,0.8580832,0.7407722473144531,0.587687611579895,True
qb_004334,health_and_safety,qb_004334__health_and_safety,0.8433814,0.7866201996803284,0.5945312976837158,True
qb_004334,legality_constitutionality,qb_004334__legality_constitutionality,0.7796129,0.7585856318473816,0.6352375745773315,True
qb_004334,capacity_and_resources,qb_004334__capacity_and_resources,0.8317792,0.7417025566101074,0.63294917345047,True
qb_004334,political,qb_004334__political,0.8417264,0.7719302773475647,0.6575353741645813,True
qb_004336,economic,qb_004336__economic,0.7395332,0.7326076030731201,0.5464808344841003,True
qb_004336,quality_of_life,qb_004336__quality_of_life,0.83501047,0.7368470430374146,0.6533490419387817,True
qb_004336,political,qb_004336__political,0.79108024,0.7764866948127747,0.6444568037986755,True
qb_004336,policy_prescription,qb_004336__policy_prescription,0.73655653,0.7883285284042358,0.6007570624351501,True
qb_004336,public_sentiment,qb_004336__public_sentiment,0.84015214,0.7645938396453857,0.5952879786491394,True
qb_011836,political,qb_011836__political,0.94739836,0.8166561126708984,0.6486604809761047,True
qb_011836,capacity_and_resources,qb_011836__capacity_and_resources,0.83207774,0.8933175802230835,0.6254887580871582,True
qb_006904,legality_constitutionality,qb_006904__legality_constitutionality,0.8149229,0.8347748517990112,0.6639015078544617,True
qb_006904,political,qb_006904__political,0.8689643,0.707506537437439,0.6501315832138062,True
qb_006904,crime_and_punishment,qb_006904__crime_and_punishment,0.8735451,0.7902097702026367,0.6577051281929016,True
qb_016434,legality_constitutionality,qb_016434__legality_constitutionality,0.8452524,0.8445881009101868,0.5862244367599487,True
qb_016434,health_and_safety,qb_016434__health_and_safety,0.800232,0.7865613698959351,0.6615887880325317,True
qb_016434,capacity_and_resources,qb_016434__capacity_and_resources,0.89205056,0.7780482769012451,0.5595747232437134,True
qb_016434,political,qb_016434__political,0.8800278,0.7448211312294006,0.5953050851821899,True
qb_016434,policy_prescription,qb_016434__policy_prescription,0.8558618,0.8121545910835266,0.6206011772155762,True
qb_016434,public_sentiment,qb_016434__public_sentiment,0.84933263,0.7433973550796509,0.6463605165481567,True
qb_020995,political,qb_020995__political,0.8281056,0.7641790509223938,0.6920078992843628,True
qb_020995,health_and_safety,qb_020995__health_and_safety,0.87707365,0.7203450202941895,0.5825263857841492,True
qb_020995,economic,qb_020995__economic,0.8103408,0.8150204420089722,0.6054195165634155,True
qb_020995,capacity_and_resources,qb_020995__capacity_and_resources,0.87920856,0.7861385345458984,0.6037342548370361,True
qb_020995,policy_prescription,qb_020995__policy_prescription,0.9196155,0.8449317216873169,0.6259253621101379,True
qb_006562,political,qb_006562__political,0.8541401,0.7082078456878662,0.6410479545593262,True
qb_006562,public_sentiment,qb_006562__public_sentiment,0.83502215,0.7271641492843628,0.6370125412940979,True
qb_006562,security_and_defense,qb_006562__security_and_defense,0.767478,0.7685607671737671,0.629538893699646,True
qb_006562,crime_and_punishment,qb_006562__crime_and_punishment,0.77190715,0.6915326118469238,0.640792727470398,True
qb_006562,morality,qb_006562__morality,0.7693243,0.7358884811401367,0.6494318246841431,True
qb_020238,health_and_safety,qb_020238__health_and_safety,0.7367572,0.680362343788147,0.599306046962738,True
qb_020238,capacity_and_resources,qb_020238__capacity_and_resources,0.8184601,0.6547794342041016,0.6092886924743652,True
qb_020238,public_sentiment,qb_020238__public_sentiment,0.8580405,0.7539020776748657,0.6590889096260071,True
qb_015506,political,qb_015506__political,0.81213343,0.7576367259025574,0.6360391974449158,True
qb_015506,public_sentiment,qb_015506__public_sentiment,0.89016575,0.7838131189346313,0.6853764653205872,True
qb_015506,economic,qb_015506__economic,0.8785969,0.7640306949615479,0.6522907614707947,True
qb_012587,legality_constitutionality,qb_012587__legality_constitutionality,0.7863935,0.7293137907981873,0.6144924163818359,True
qb_012587,political,qb_012587__political,0.8407179,0.6821516752243042,0.585195779800415,True
qb_012587,policy_prescription,qb_012587__policy_prescription,0.8286794,0.7019442319869995,0.5859119892120361,True
qb_012587,public_sentiment,qb_012587__public_sentiment,0.83541644,0.7319228649139404,0.6258803606033325,True
qb_012587,fairness_and_equality,qb_012587__fairness_and_equality,0.8418971,0.772453784942627,0.6710240244865417,True
qb_008348,political,qb_008348__political,0.8514168,0.7646952271461487,0.6717042922973633,True
qb_008348,economic,qb_008348__economic,0.852353,0.8669226169586182,0.6580798029899597,True
qb_005116,political,qb_005116__political,0.85132384,0.7675604820251465,0.664823591709137,True
qb_005116,cultural_identity,qb_005116__cultural_identity,0.9753391,0.7674058079719543,0.6176519393920898,True
qb_005116,public_sentiment,qb_005116__public_sentiment,0.79601014,0.7841892838478088,0.6275151371955872,True
qb_021425,legality_constitutionality,qb_021425__legality_constitutionality,0.7490529,0.7842106223106384,0.6018904447555542,True
qb_021425,political,qb_021425__political,0.8227418,0.789406418800354,0.6456729769706726,True
qb_021425,crime_and_punishment,qb_021425__crime_and_punishment,0.878615,0.8130900859832764,0.5881154537200928,True
qb_016625,cultural_identity,qb_016625__cultural_identity,0.91295767,0.8858264684677124,0.5672433972358704,True
qb_016625,fairness_and_equality,qb_016625__fairness_and_equality,0.920246,0.8337514400482178,0.5827843546867371,True
qb_016625,political,qb_016625__political,0.9486022,0.8812568187713623,0.5937328338623047,True
qb_019547,public_sentiment,qb_019547__public_sentiment,0.8583049,0.7494105696678162,0.6699830293655396,True
qb_019547,morality,qb_019547__morality,0.8097533,0.7134583592414856,0.6674830913543701,True
qb_001031,political,qb_001031__political,0.9130637,0.8213615417480469,0.6288506388664246,True
qb_001031,policy_prescription,qb_001031__policy_prescription,0.8612965,0.7494124174118042,0.6216380000114441,True
qb_015567,health_and_safety,qb_015567__health_and_safety,0.73707813,0.7003813982009888,0.5896559953689575,True
qb_015567,capacity_and_resources,qb_015567__capacity_and_resources,0.80018336,0.7255516052246094,0.5749886631965637,True
qb_015567,public_sentiment,qb_015567__public_sentiment,0.7503422,0.7254515886306763,0.6688387393951416,True
qb_015567,political,qb_015567__political,0.8082535,0.7368864417076111,0.6434280276298523,True
qb_015567,economic,qb_015567__economic,0.7942201,0.7182140946388245,0.6003014445304871,True
qb_015567,policy_prescription,qb_015567__policy_prescription,0.74974215,0.7107671499252319,0.6156640648841858,True
qb_015056,legality_constitutionality,qb_015056__legality_constitutionality,0.90843654,0.9125971794128418,0.5944298505783081,True
qb_015056,political,qb_015056__political,0.9210032,0.896583616733551,0.644111156463623,True
qb_015056,crime_and_punishment,qb_015056__crime_and_punishment,0.9345406,0.8995234370231628,0.6370289325714111,True
qb_018222,health_and_safety,qb_018222__health_and_safety,0.7458203,0.7629337310791016,0.616063117980957,True
qb_018222,policy_prescription,qb_018222__policy_prescription,0.7687706,0.798453688621521,0.5724844336509705,True
qb_013463,security_and_defense,qb_013463__security_and_defense,0.8691493,0.8295638561248779,0.5680981874465942,True
qb_013463,capacity_and_resources,qb_013463__capacity_and_resources,0.84641194,0.8454244136810303,0.6041691303253174,True
qb_013463,morality,qb_013463__morality,0.92738104,0.7663896083831787,0.5735824704170227,True
qb_006160,political,qb_006160__political,0.8596929,0.7975292205810547,0.7000738978385925,True
qb_006160,public_sentiment,qb_006160__public_sentiment,0.8661248,0.77685546875,0.6678075194358826,True
qb_014211,health_and_safety,qb_014211__health_and_safety,0.7611428,0.6169288158416748,0.582679033279419,True
qb_014211,other,qb_014211__other,0.863783,0.7049323320388794,0.5602601766586304,True
qb_015046,political,qb_015046__political,0.90916884,0.7352883219718933,0.599963903427124,True
qb_015046,policy_prescription,qb_015046__policy_prescription,0.8537451,0.7647299766540527,0.6450726389884949,True
qb_015046,health_and_safety,qb_015046__health_and_safety,0.8362769,0.8667302131652832,0.6799501180648804,True
qb_010073,health_and_safety,qb_010073__health_and_safety,0.80116796,0.7495450973510742,0.6471661329269409,True
qb_010073,political,qb_010073__political,0.90012246,0.7158493995666504,0.6347286105155945,True
qb_010073,policy_prescription,qb_010073__policy_prescription,0.7858328,0.6957949995994568,0.6518710255622864,True
qb_010073,capacity_and_resources,qb_010073__capacity_and_resources,0.8113891,0.6772870421409607,0.603341281414032,True
qb_003988,security_and_defense,qb_003988__security_and_defense,0.78685105,0.7215873599052429,0.6473710536956787,True
qb_003988,health_and_safety,qb_003988__health_and_safety,0.827019,0.6611307263374329,0.6030434370040894,True
qb_003988,public_sentiment,qb_003988__public_sentiment,0.9014971,0.7205618023872375,0.6775310039520264,True
qb_018729,economic,qb_018729__economic,0.815724,0.8458023071289062,0.6482632160186768,True
qb_018729,quality_of_life,qb_018729__quality_of_life,0.88505524,0.821952760219574,0.5612038373947144,True
qb_006108,cultural_identity,qb_006108__cultural_identity,0.92359453,0.825339674949646,0.5661740303039551,True
qb_006108,public_sentiment,qb_006108__public_sentiment,0.85595757,0.7899363040924072,0.6160105466842651,True
qb_006108,political,qb_006108__political,0.8912418,0.8454986810684204,0.6534951329231262,True
qb_006108,morality,qb_006108__morality,0.89883673,0.7845215797424316,0.5532703399658203,True
qb_006108,economic,qb_006108__economic,0.862239,0.8050200939178467,0.5212246179580688,True
qb_015837,health_and_safety,qb_015837__health_and_safety,0.8056918,0.7766720652580261,0.645593523979187,True
qb_015837,policy_prescription,qb_015837__policy_prescription,0.84423447,0.742295503616333,0.6646029353141785,True
qb_015837,external_regulation,qb_015837__external_regulation,0.90790546,0.7825441360473633,0.6005342602729797,True
qb_015837,economic,qb_015837__economic,0.8355019,0.6913692951202393,0.5889358520507812,True
qb_007177,security_and_defense,qb_007177__security_and_defense,0.9053651,0.7766809463500977,0.6392727494239807,True
qb_007177,policy_prescription,qb_007177__policy_prescription,0.90071535,0.7899645566940308,0.6296530961990356,True
qb_007177,legality_constitutionality,qb_007177__legality_constitutionality,0.905293,0.7115635871887207,0.6564146280288696,True
qb_010762,legality_constitutionality,qb_010762__legality_constitutionality,0.84837735,0.8325290083885193,0.6510424613952637,True
qb_010762,political,qb_010762__political,0.8947017,0.7992557883262634,0.6431113481521606,True
qb_010762,fairness_and_equality,qb_010762__fairness_and_equality,0.795081,0.7279852032661438,0.5667364597320557,True
qb_010762,policy_prescription,qb_010762__policy_prescription,0.8600421,0.9109411239624023,0.6558858156204224,True
qb_019963,legality_constitutionality,qb_019963__legality_constitutionality,0.8735988,,0.6252869963645935,False
qb_000332,public_sentiment,qb_000332__public_sentiment,0.88282216,0.8417665362358093,0.68569016456604,True
qb_000332,political,qb_000332__political,0.89495325,0.7831225395202637,0.646267294883728,True
qb_000332,policy_prescription,qb_000332__policy_prescription,0.82951295,0.7708109021186829,0.6573348045349121,True
qb_000332,health_and_safety,qb_000332__health_and_safety,0.7854973,0.7291706204414368,0.610467255115509,True
qb_016603,political,qb_016603__political,0.794882,0.77604740858078,0.6267446279525757,True
qb_016603,legality_constitutionality,qb_016603__legality_constitutionality,0.8149888,0.8001419901847839,0.6042199730873108,True
qb_016603,policy_prescription,qb_016603__policy_prescription,0.93058574,0.8023930788040161,0.6545574069023132,True
qb_016603,morality,qb_016603__morality,0.8804358,0.7750126719474792,0.5659616589546204,True
qb_016603,public_sentiment,qb_016603__public_sentiment,0.9157516,0.7591260671615601,0.6953103542327881,True
qb_016603,cultural_identity,qb_016603__cultural_identity,0.7963922,0.7440635561943054,0.6182096600532532,True
qb_014345,political,qb_014345__political,0.87573314,0.8271697163581848,0.6140332818031311,True
qb_014345,public_sentiment,qb_014345__public_sentiment,0.8675772,0.8618969917297363,0.6850107908248901,True
qb_014345,morality,qb_014345__morality,0.8727137,0.7973120808601379,0.6720201373100281,True
qb_014345,economic,qb_014345__economic,0.86444724,0.8351877331733704,0.6451147198677063,True
qb_003084,public_sentiment,qb_003084__public_sentiment,0.9084828,0.8600834012031555,0.6245728135108948,True
qb_003084,crime_and_punishment,qb_003084__crime_and_punishment,0.8876572,0.8335691690444946,0.6331186294555664,True
qb_003084,cultural_identity,qb_003084__cultural_identity,0.9174868,0.8112200498580933,0.6502677202224731,True
qb_006333,political,qb_006333__political,0.86475873,0.7968504428863525,0.6112750768661499,True
qb_006333,policy_prescription,qb_006333__policy_prescription,0.79173,0.7632861137390137,0.6335018873214722,True
qb_006333,economic,qb_006333__economic,0.8628253,0.738128662109375,0.5828655958175659,True
qb_006333,health_and_safety,qb_006333__health_and_safety,0.85945904,0.8044772744178772,0.6470531821250916,True
qb_006333,capacity_and_resources,qb_006333__capacity_and_resources,0.8107585,0.7333943843841553,0.6132524609565735,True
qb_006578,political,qb_006578__political,0.9252586,0.8702757358551025,0.6184809803962708,True
qb_006578,fairness_and_equality,qb_006578__fairness_and_equality,0.90085095,0.9389690160751343,0.6248056292533875,True
qb_010112,external_regulation,qb_010112__external_regulation,0.88055706,0.8531179428100586,0.6124822497367859,True
qb_010112,political,qb_010112__political,0.93948495,0.8093746900558472,0.6642777323722839,True
qb_010112,policy_prescription,qb_010112__policy_prescription,0.8934629,0.7995744347572327,0.621648907661438,True
qb_010112,health_and_safety,qb_010112__health_and_safety,0.8573136,0.84625643491745,0.6374515891075134,True
qb_010112,security_and_defense,qb_010112__security_and_defense,0.8876792,0.8113164305686951,0.6072165369987488,True
qb_020378,political,qb_020378__political,0.76639944,0.7648097276687622,0.614547073841095,True
qb_020378,policy_prescription,qb_020378__policy_prescription,0.8956474,0.8191258311271667,0.7100852727890015,True
qb_020378,capacity_and_resources,qb_020378__capacity_and_resources,0.9009495,0.7122538685798645,0.6550276875495911,True
qb_020056,political,qb_020056__political,0.9313195,0.700899064540863,0.6672098636627197,True
qb_020056,legality_constitutionality,qb_020056__legality_constitutionality,0.8302507,0.7845219373703003,0.6452192664146423,True
qb_020056,public_sentiment,qb_020056__public_sentiment,0.75812984,0.7149579524993896,0.6476895809173584,True
qb_001035,legality_constitutionality,qb_001035__legality_constitutionality,0.93835235,0.8584290742874146,0.6223688125610352,True
qb_001035,health_and_safety,qb_001035__health_and_safety,0.8700067,0.8897184133529663,0.6117616295814514,True
qb_001035,crime_and_punishment,qb_001035__crime_and_punishment,0.88525283,0.827728271484375,0.6305773854255676,True
qb_001035,political,qb_001035__political,0.8861594,0.8188921213150024,0.6261868476867676,True
qb_001035,fairness_and_equality,qb_001035__fairness_and_equality,0.85700685,0.8155946731567383,0.6423360705375671,True
qb_013997,political,qb_013997__political,0.9245591,0.8650892376899719,0.6336411237716675,True
qb_013997,policy_prescription,qb_013997__policy_prescription,0.82835126,0.7943985462188721,0.626093327999115,True
qb_013997,health_and_safety,qb_013997__health_and_safety,0.88334376,0.8386548161506653,0.6036249995231628,True
qb_013997,public_sentiment,qb_013997__public_sentiment,0.8326638,0.8131254315376282,0.6037298440933228,True
qb_019554,security_and_defense,qb_019554__security_and_defense,0.7868351,0.808275580406189,0.653328537940979,True
qb_019554,crime_and_punishment,qb_019554__crime_and_punishment,0.8301074,0.7728224396705627,0.612301230430603,True
qb_004765,political,qb_004765__political,0.8485183,0.8474195599555969,0.6621745228767395,True
qb_004765,external_regulation,qb_004765__external_regulation,0.8310746,0.7632505893707275,0.6371625661849976,True
qb_004765,public_sentiment,qb_004765__public_sentiment,0.85177237,0.742089033126831,0.6816734075546265,True
qb_005316,health_and_safety,qb_005316__health_and_safety,0.8967328,0.8198683261871338,0.6035919189453125,True
qb_005316,quality_of_life,qb_005316__quality_of_life,0.8196306,0.8246349096298218,0.5617583394050598,True
qb_005316,political,qb_005316__political,0.8320328,0.7496722936630249,0.7230679392814636,True
qb_000233,political,qb_000233__political,0.8781334,0.7801653742790222,0.6203994750976562,True
qb_000233,legality_constitutionality,qb_000233__legality_constitutionality,0.8638153,0.852222740650177,0.6368711590766907,True
qb_000233,economic,qb_000233__economic,0.87753296,0.8050797581672668,0.6564332842826843,True
qb_000233,public_sentiment,qb_000233__public_sentiment,0.8390929,0.8250483870506287,0.6164353489875793,True
qb_016481,economic,qb_016481__economic,0.86369264,0.6896401047706604,0.6477897763252258,True
qb_016481,policy_prescription,qb_016481__policy_prescription,0.9103107,0.7804001569747925,0.5941211581230164,True
qb_016481,political,qb_016481__political,0.8808402,0.766994297504425,0.6110591292381287,True
qb_012518,crime_and_punishment,qb_012518__crime_and_punishment,0.80999124,0.7559633851051331,0.6301363110542297,True
qb_012518,security_and_defense,qb_012518__security_and_defense,0.84057504,0.7809042930603027,0.673825204372406,True
qb_012518,capacity_and_resources,qb_012518__capacity_and_resources,0.7810728,0.7606203556060791,0.582630455493927,True
qb_008817,legality_constitutionality,qb_008817__legality_constitutionality,0.7921001,0.7378816604614258,0.6372272968292236,True
qb_008817,crime_and_punishment,qb_008817__crime_and_punishment,0.7463536,0.7357133030891418,0.6074684858322144,True
qb_008817,public_sentiment,qb_008817__public_sentiment,0.8014623,0.6896748542785645,0.6243889927864075,True
qb_008817,capacity_and_resources,qb_008817__capacity_and_resources,0.89823925,0.7083114385604858,0.5780856013298035,True
qb_008817,morality,qb_008817__morality,0.80939573,0.7793272733688354,0.6273919939994812,True
qb_021011,political,qb_021011__political,0.8916359,0.84969162940979,0.6824786067008972,True
qb_021011,public_sentiment,qb_021011__public_sentiment,0.91724825,0.8292721509933472,0.6574348211288452,True
qb_014680,economic,qb_014680__economic,0.90458924,0.7304815053939819,0.5858132243156433,True
qb_014680,health_and_safety,qb_014680__health_and_safety,0.8443881,0.7229069471359253,0.6005533933639526,True
qb_014680,public_sentiment,qb_014680__public_sentiment,0.886747,0.7545149326324463,0.6646414995193481,True
qb_009954,political,qb_009954__political,0.85434574,0.7652206420898438,0.60267174243927,True
qb_009954,public_sentiment,qb_009954__public_sentiment,0.83124346,0.7212852239608765,0.6381232738494873,True
qb_016933,public_sentiment,qb_016933__public_sentiment,0.8330783,0.7968285083770752,0.6502582430839539,True
qb_016933,political,qb_016933__political,0.87609863,0.786440372467041,0.689828097820282,True
qb_014753,political,qb_014753__political,0.88569504,0.7276594638824463,0.5938276052474976,True
qb_014753,legality_constitutionality,qb_014753__legality_constitutionality,0.838084,0.7121946811676025,0.6752286553382874,True
qb_012025,public_sentiment,qb_012025__public_sentiment,0.82323885,0.7449573278427124,0.6462653279304504,True
qb_012025,fairness_and_equality,qb_012025__fairness_and_equality,0.90481246,0.7988670468330383,0.6130410432815552,True
qb_012025,morality,qb_012025__morality,0.90146196,0.8190544247627258,0.5934385657310486,True
qb_012025,policy_prescription,qb_012025__policy_prescription,0.8116517,0.8067827224731445,0.6100570559501648,True
qb_012025,legality_constitutionality,qb_012025__legality_constitutionality,0.75860214,0.7682665586471558,0.5682506561279297,True
qb_012025,cultural_identity,qb_012025__cultural_identity,0.876207,0.7360502481460571,0.6479230523109436,True
qb_005409,health_and_safety,qb_005409__health_and_safety,0.84391606,0.8095928430557251,0.5646089315414429,True
qb_005409,policy_prescription,qb_005409__policy_prescription,0.8646478,0.835150957107544,0.670645534992218,True
qb_018463,political,qb_018463__political,0.8533683,0.7842810750007629,0.6161462664604187,True
qb_018463,legality_constitutionality,qb_018463__legality_constitutionality,0.81289256,0.7794798016548157,0.5915091037750244,True
qb_018463,public_sentiment,qb_018463__public_sentiment,0.8666064,0.7760181427001953,0.5944803357124329,True
qb_018463,morality,qb_018463__morality,0.92794096,0.8198383450508118,0.6435484886169434,True
qb_005655,health_and_safety,qb_005655__health_and_safety,0.8638641,0.805158257484436,0.621749222278595,True
qb_005655,capacity_and_resources,qb_005655__capacity_and_resources,0.8744681,0.8542425632476807,0.613766074180603,True
qb_005655,policy_prescription,qb_005655__policy_prescription,0.8410324,0.7945809364318848,0.5952615737915039,True
qb_019592,legality_constitutionality,qb_019592__legality_constitutionality,0.82262826,0.8147110939025879,0.6024361252784729,True
qb_019592,policy_prescription,qb_019592__policy_prescription,0.85755885,0.6684991121292114,0.6163490414619446,True
qb_019592,political,qb_019592__political,0.78264713,0.7035399079322815,0.6559147834777832,True
qb_015602,morality,qb_015602__morality,0.89518046,0.8280372619628906,0.6131207942962646,True
qb_015602,cultural_identity,qb_015602__cultural_identity,0.7339192,0.7039405703544617,0.6324030756950378,True
qb_015602,public_sentiment,qb_015602__public_sentiment,0.9219646,0.7621806263923645,0.6068110466003418,True
qb_015602,economic,qb_015602__economic,0.81047416,0.7782955169677734,0.6048771142959595,True
qb_019916,security_and_defense,qb_019916__security_and_defense,0.7926477,0.7883023619651794,0.6413289308547974,True
qb_019916,capacity_and_resources,qb_019916__capacity_and_resources,0.80113846,0.7632327079772949,0.6501216888427734,True
qb_019916,external_regulation,qb_019916__external_regulation,0.89651453,0.8089795708656311,0.5996585488319397,True
qb_019916,cultural_identity,qb_019916__cultural_identity,0.84553397,0.7622734904289246,0.6161973476409912,True
qb_019496,political,qb_019496__political,0.83599424,0.6081068515777588,0.6525953412055969,True
qb_019496,legality_constitutionality,qb_019496__legality_constitutionality,0.8010436,0.6447582244873047,0.6665430665016174,True
qb_019496,security_and_defense,qb_019496__security_and_defense,0.7444221,0.6396371126174927,0.6082535982131958,True
qb_019496,external_regulation,qb_019496__external_regulation,0.78464925,0.6670184135437012,0.6275864839553833,True
qb_019496,economic,qb_019496__economic,0.8702331,0.6859641075134277,0.6639325022697449,True
qb_005749,political,qb_005749__political,0.8673583,0.8077312111854553,0.6784628629684448,True
qb_005749,morality,qb_005749__morality,0.83801645,0.6899129748344421,0.6257185339927673,True
qb_005749,public_sentiment,qb_005749__public_sentiment,0.8221102,0.7592031955718994,0.6469137668609619,True
qb_005749,legality_constitutionality,qb_005749__legality_constitutionality,0.80105245,0.720679521560669,0.6722331047058105,True
qb_006049,security_and_defense,qb_006049__security_and_defense,0.8354353,0.7957947254180908,0.645651638507843,True
qb_006049,external_regulation,qb_006049__external_regulation,0.81863326,0.7249853014945984,0.6451027989387512,True
qb_006049,political,qb_006049__political,0.877613,0.7301239967346191,0.6227523684501648,True
qb_004230,security_and_defense,qb_004230__security_and_defense,0.90198636,0.8785340189933777,0.5877368450164795,True
qb_004230,external_regulation,qb_004230__external_regulation,0.72981954,0.6960095763206482,0.6119862198829651,True
qb_004230,capacity_and_resources,qb_004230__capacity_and_resources,0.9228428,0.8000842928886414,0.6410087943077087,True
qb_004230,policy_prescription,qb_004230__policy_prescription,0.8753511,0.7341338992118835,0.6163493990898132,True
qb_010927,health_and_safety,qb_010927__health_and_safety,0.79343593,0.8009817600250244,0.6151121258735657,True
qb_010927,policy_prescription,qb_010927__policy_prescription,0.798134,0.724000871181488,0.6043354272842407,True
qb_010927,morality,qb_010927__morality,0.83486915,0.7766038775444031,0.6100212335586548,True
qb_010927,legality_constitutionality,qb_010927__legality_constitutionality,0.8703879,0.7872832417488098,0.6547582149505615,True
qb_014555,political,qb_014555__political,0.92006993,0.7856804728507996,0.6822080612182617,True
qb_014555,policy_prescription,qb_014555__policy_prescription,0.9531512,0.7521889209747314,0.709431529045105,True
qb_014555,public_sentiment,qb_014555__public_sentiment,0.88692796,0.7403752207756042,0.6538227796554565,True
qb_014555,legality_constitutionality,qb_014555__legality_constitutionality,0.865121,0.6839628219604492,0.6379782557487488,True
qb_000527,political,qb_000527__political,0.9040525,0.8547701835632324,0.6050232648849487,True
qb_000527,cultural_identity,qb_000527__cultural_identity,0.86029875,0.7851889133453369,0.6242684125900269,True
qb_000527,fairness_and_equality,qb_000527__fairness_and_equality,0.87172747,0.8439798355102539,0.6113765835762024,True
qb_018775,economic,qb_018775__economic,0.82197344,0.7894338965415955,0.5625606775283813,True
qb_018775,policy_prescription,qb_018775__policy_prescription,0.79038936,0.7479420900344849,0.6213527917861938,True
qb_018775,political,qb_018775__political,0.8369029,0.7022268772125244,0.6052080988883972,True
qb_018775,fairness_and_equality,qb_018775__fairness_and_equality,0.83024335,0.7566249966621399,0.5889672040939331,True
qb_018775,health_and_safety,qb_018775__health_and_safety,0.871912,0.7147202491760254,0.588657021522522,True
qb_003070,legality_constitutionality,qb_003070__legality_constitutionality,0.8534403,0.7599878907203674,0.6222785115242004,True
qb_003070,policy_prescription,qb_003070__policy_prescription,0.9342325,0.8002107739448547,0.5980088114738464,True
qb_003070,crime_and_punishment,qb_003070__crime_and_punishment,0.8360729,0.8216288685798645,0.5632054209709167,True
qb_003070,health_and_safety,qb_003070__health_and_safety,0.9008388,0.7802456021308899,0.5778313875198364,True
qb_003070,fairness_and_equality,qb_003070__fairness_and_equality,0.9135949,0.7862895727157593,0.5943845510482788,True
qb_003070,political,qb_003070__political,0.9151044,0.7298017740249634,0.5888257026672363,True
qb_013094,legality_constitutionality,qb_013094__legality_constitutionality,0.8702145,0.8084209561347961,0.6567568778991699,True
qb_013094,crime_and_punishment,qb_013094__crime_and_punishment,0.85672045,0.7592664361000061,0.6407706141471863,True
qb_013094,public_sentiment,qb_013094__public_sentiment,0.8567834,0.7860267758369446,0.6351081132888794,True
qb_013094,capacity_and_resources,qb_013094__capacity_and_resources,0.9077799,0.7861558794975281,0.6588205099105835,True
qb_004167,political,qb_004167__political,0.87623215,0.7373600006103516,0.6219602823257446,True
qb_004167,public_sentiment,qb_004167__public_sentiment,0.86225,0.6876031756401062,0.6150314211845398,True
qb_009778,political,qb_009778__political,0.88544536,0.8044432997703552,0.6534215807914734,True
qb_009778,public_sentiment,qb_009778__public_sentiment,0.9102345,0.7888921499252319,0.5934535264968872,True
qb_009778,cultural_identity,qb_009778__cultural_identity,0.8239554,0.7770262956619263,0.6006775498390198,True
qb_000618,health_and_safety,qb_000618__health_and_safety,0.7988124,0.7997236847877502,0.6151322722434998,True
qb_000618,policy_prescription,qb_000618__policy_prescription,0.8036097,0.7562351226806641,0.594990611076355,True
qb_000618,quality_of_life,qb_000618__quality_of_life,0.73878586,0.7033557891845703,0.5401050448417664,True
qb_000618,capacity_and_resources,qb_000618__capacity_and_resources,0.7738141,0.6989771723747253,0.6517666578292847,True
qb_015793,cultural_identity,qb_015793__cultural_identity,0.8207959,0.7193511724472046,0.6441105008125305,True
qb_015793,public_sentiment,qb_015793__public_sentiment,0.8691714,0.7600584626197815,0.614923357963562,True
qb_015793,political,qb_015793__political,0.75914764,0.7067990899085999,0.5773414373397827,True
qb_015793,fairness_and_equality,qb_015793__fairness_and_equality,0.8066067,0.7379541993141174,0.6293044090270996,True
qb_015793,morality,qb_015793__morality,0.78330934,0.7901866436004639,0.6257692575454712,True
qb_006068,external_regulation,qb_006068__external_regulation,0.83786255,0.7653937935829163,0.6271473169326782,True
qb_006068,security_and_defense,qb_006068__security_and_defense,0.8146086,0.7104447484016418,0.6199013590812683,True
qb_006068,political,qb_006068__political,0.8329356,0.7504013776779175,0.6362420916557312,True
qb_006068,morality,qb_006068__morality,0.85319966,0.6792391538619995,0.586535632610321,True
qb_006068,health_and_safety,qb_006068__health_and_safety,0.8090503,0.6666009426116943,0.6275652050971985,True
qb_018853,political,qb_018853__political,0.79418695,0.7895333170890808,0.6272479295730591,True
qb_018853,public_sentiment,qb_018853__public_sentiment,0.83770937,0.8232707977294922,0.6013807654380798,True
qb_013242,political,qb_013242__political,0.8079419,0.6412772536277771,0.5823103785514832,True
qb_013242,capacity_and_resources,qb_013242__capacity_and_resources,0.8960675,0.6586738228797913,0.6202839016914368,True
qb_013242,public_sentiment,qb_013242__public_sentiment,0.8222591,0.7750771641731262,0.6741359829902649,True
qb_013242,fairness_and_equality,qb_013242__fairness_and_equality,0.8992162,0.7174027562141418,0.6272577047348022,True
qb_012168,political,qb_012168__political,0.83922124,0.7982733249664307,0.6265147924423218,True
qb_012168,health_and_safety,qb_012168__health_and_safety,0.83109367,0.7770510911941528,0.5748159885406494,True
qb_012168,policy_prescription,qb_012168__policy_prescription,0.81510556,0.6749401688575745,0.5252730846405029,True
qb_012168,security_and_defense,qb_012168__security_and_defense,0.83561504,0.6634464263916016,0.6079431176185608,True
qb_012168,public_sentiment,qb_012168__public_sentiment,0.8870096,0.7794660329818726,0.6162101030349731,True
qb_012715,security_and_defense,qb_012715__security_and_defense,0.7822289,0.8085640072822571,0.6139529347419739,True
qb_012715,external_regulation,qb_012715__external_regulation,0.8104586,0.7653050422668457,0.6170955300331116,True
qb_012715,economic,qb_012715__economic,0.8231732,0.7411535382270813,0.6255713701248169,True
qb_012715,policy_prescription,qb_012715__policy_prescription,0.79357076,0.7873594760894775,0.6094111204147339,True
qb_003839,health_and_safety,qb_003839__health_and_safety,0.8993138,0.7913776636123657,0.6230738162994385,True
qb_003839,political,qb_003839__political,0.88593644,0.7618756294250488,0.5946037173271179,True
qb_003839,policy_prescription,qb_003839__policy_prescription,0.81231916,0.762890636920929,0.5490341186523438,True
qb_003839,external_regulation,qb_003839__external_regulation,0.86664087,0.7714375853538513,0.61786949634552,True
qb_003839,capacity_and_resources,qb_003839__capacity_and_resources,0.8650117,0.7372449040412903,0.5690735578536987,True
qb_003839,fairness_and_equality,qb_003839__fairness_and_equality,0.8657278,0.7330662608146667,0.5948964953422546,True
qb_003839,security_and_defense,qb_003839__security_and_defense,0.82120657,0.7731945514678955,0.6869999170303345,True
qb_003839,crime_and_punishment,qb_003839__crime_and_punishment,0.7316207,0.7089581489562988,0.6319455504417419,True
qb_014049,legality_constitutionality,qb_014049__legality_constitutionality,0.7491989,0.7625808119773865,0.6360896825790405,True
qb_014049,political,qb_014049__political,0.86112154,0.7377089858055115,0.6141849756240845,True
qb_014049,public_sentiment,qb_014049__public_sentiment,0.81856644,0.751346230506897,0.6390378475189209,True
qb_003499,external_regulation,qb_003499__external_regulation,0.7761512,0.7886340022087097,0.6226111650466919,True
qb_003499,capacity_and_resources,qb_003499__capacity_and_resources,0.80699146,0.7343842387199402,0.6303779482841492,True
qb_003499,health_and_safety,qb_003499__health_and_safety,0.8452591,0.7305567860603333,0.6012202501296997,True
qb_003499,political,qb_003499__political,0.87174743,0.7783321738243103,0.6730232238769531,True
qb_010793,political,qb_010793__political,0.9377022,0.8682783246040344,0.6936858296394348,True
qb_010793,public_sentiment,qb_010793__public_sentiment,0.8713759,0.8414018750190735,0.6789560317993164,True
qb_012440,legality_constitutionality,qb_012440__legality_constitutionality,0.83224565,0.8088223338127136,0.6545425653457642,True
qb_012440,policy_prescription,qb_012440__policy_prescription,0.81868964,0.7372355461120605,0.6119417548179626,True
qb_012440,political,qb_012440__political,0.8667853,0.740040123462677,0.6546451449394226,True
qb_012440,health_and_safety,qb_012440__health_and_safety,0.8269212,0.7688390612602234,0.6189438700675964,True
qb_019776,political,qb_019776__political,0.86494887,0.771872878074646,0.6637799739837646,True
qb_019776,public_sentiment,qb_019776__public_sentiment,0.786643,0.7824317216873169,0.6571548581123352,True
qb_019776,crime_and_punishment,qb_019776__crime_and_punishment,0.77188426,0.760042667388916,0.6404697299003601,True
qb_019776,policy_prescription,qb_019776__policy_prescription,0.82501173,0.7245500087738037,0.6123911142349243,True
qb_019776,cultural_identity,qb_019776__cultural_identity,0.81143665,0.7936500310897827,0.6568214297294617,True
qb_000780,external_regulation,qb_000780__external_regulation,0.8139373,0.815678060054779,0.6348961591720581,True
qb_000780,political,qb_000780__political,0.8206479,0.759667158126831,0.6565368175506592,True
qb_000780,policy_prescription,qb_000780__policy_prescription,0.81325406,0.7849323153495789,0.6928116083145142,True
qb_000780,crime_and_punishment,qb_000780__crime_and_punishment,0.8210193,0.7645280957221985,0.6238745450973511,True
qb_000121,political,qb_000121__political,0.8562266,0.7962468266487122,0.6496278047561646,True
qb_000121,legality_constitutionality,qb_000121__legality_constitutionality,0.86681324,0.7853646874427795,0.6318768262863159,True
qb_003648,security_and_defense,qb_003648__security_and_defense,0.82967776,0.7482267618179321,0.6040221452713013,True
qb_003648,external_regulation,qb_003648__external_regulation,0.7800703,0.730612576007843,0.6404558420181274,True
qb_003648,policy_prescription,qb_003648__policy_prescription,0.82791364,0.7775140404701233,0.6472633481025696,True
qb_003648,political,qb_003648__political,0.799299,0.776050329208374,0.600811779499054,True
qb_003648,public_sentiment,qb_003648__public_sentiment,0.8161558,0.7320168614387512,0.600828230381012,True
qb_005102,health_and_safety,qb_005102__health_and_safety,0.82439274,0.7851500511169434,0.6374932527542114,True
qb_005102,policy_prescription,qb_005102__policy_prescription,0.90131074,0.7860005497932434,0.6310545206069946,True
qb_005102,capacity_and_resources,qb_005102__capacity_and_resources,0.80855894,0.6813188791275024,0.6279283761978149,True
qb_005102,quality_of_life,qb_005102__quality_of_life,0.8439083,0.7706870436668396,0.5864993929862976,True
qb_005102,public_sentiment,qb_005102__public_sentiment,0.8758124,0.7548828125,0.6246392130851746,True
qb_013504,political,qb_013504__political,0.9030271,0.7353806495666504,0.660667359828949,True
qb_013504,security_and_defense,qb_013504__security_and_defense,0.7728641,0.6872372627258301,0.6182750463485718,True
qb_013504,legality_constitutionality,qb_013504__legality_constitutionality,0.8824177,0.7330397963523865,0.6840420961380005,True
qb_013504,external_regulation,qb_013504__external_regulation,0.8813608,0.718620777130127,0.6550119519233704,True
qb_011054,security_and_defense,qb_011054__security_and_defense,0.76535034,0.7712164521217346,0.6113229990005493,True
qb_011054,external_regulation,qb_011054__external_regulation,0.86276144,0.8035287857055664,0.6168689727783203,True
qb_011054,political,qb_011054__political,0.8227246,0.6349800825119019,0.6565768718719482,True
qb_011054,capacity_and_resources,qb_011054__capacity_and_resources,0.80184054,0.7868915796279907,0.6283129453659058,True
qb_011054,policy_prescription,qb_011054__policy_prescription,0.74631035,0.6844289898872375,0.6200153231620789,True
qb_019567,political,qb_019567__political,0.9193162,,0.6466231346130371,False
qb_010589,legality_constitutionality,qb_010589__legality_constitutionality,0.8967121,0.7993769645690918,0.6216952204704285,True
qb_010589,fairness_and_equality,qb_010589__fairness_and_equality,0.7636827,0.7379640936851501,0.6017093062400818,True
qb_010589,policy_prescription,qb_010589__policy_prescription,0.79613185,0.8838931918144226,0.644996166229248,True
qb_010589,cultural_identity,qb_010589__cultural_identity,0.90855753,0.8733229637145996,0.6517115831375122,True
qb_009115,health_and_safety,qb_009115__health_and_safety,0.7569412,0.7311761379241943,0.607181191444397,True
qb_009115,capacity_and_resources,qb_009115__capacity_and_resources,0.7867224,0.7206971645355225,0.6612382531166077,True
qb_009115,public_sentiment,qb_009115__public_sentiment,0.83507997,0.7561613917350769,0.6338852643966675,True
qb_015175,health_and_safety,qb_015175__health_and_safety,0.88524795,0.7673539519309998,0.6105030179023743,True
qb_015175,policy_prescription,qb_015175__policy_prescription,0.744817,0.7952820658683777,0.6300266981124878,True
qb_015175,security_and_defense,qb_015175__security_and_defense,0.8239492,0.8429854512214661,0.6035844087600708,True
qb_015175,capacity_and_resources,qb_015175__capacity_and_resources,0.760383,0.7735256552696228,0.6019495725631714,True
qb_012945,political,qb_012945__political,0.90048933,0.8208977580070496,0.6115362048149109,True
qb_012945,economic,qb_012945__economic,0.91690975,0.7928311228752136,0.5838450193405151,True
qb_012945,legality_constitutionality,qb_012945__legality_constitutionality,0.854988,0.7924239039421082,0.6603260040283203,True
qb_012945,public_sentiment,qb_012945__public_sentiment,0.8598219,0.7507646679878235,0.6902189254760742,True
qb_007857,policy_prescription,qb_007857__policy_prescription,0.8759215,0.7890689969062805,0.6495442986488342,True
qb_007857,security_and_defense,qb_007857__security_and_defense,0.8803406,0.8113560676574707,0.6347095370292664,True
qb_007857,economic,qb_007857__economic,0.867107,0.753147542476654,0.6241140365600586,True
qb_007857,crime_and_punishment,qb_007857__crime_and_punishment,0.87666667,0.7776898741722107,0.675173282623291,True
qb_003173,health_and_safety,qb_003173__health_and_safety,0.8245883,0.763674259185791,0.6304318904876709,True
qb_003173,policy_prescription,qb_003173__policy_prescription,0.8398411,0.749516487121582,0.621771514415741,True
qb_021216,political,qb_021216__political,0.80050755,0.8295478224754333,0.6043459177017212,True
qb_021216,policy_prescription,qb_021216__policy_prescription,0.8727027,0.7596648931503296,0.6935363411903381,True
qb_021216,public_sentiment,qb_021216__public_sentiment,0.86093676,0.8018075823783875,0.6893211007118225,True
qb_004969,morality,qb_004969__morality,0.8279563,0.7473787069320679,0.6530165672302246,True
qb_004969,security_and_defense,qb_004969__security_and_defense,0.81517595,0.7583422064781189,0.6096552610397339,True
qb_004969,political,qb_004969__political,0.85806763,0.7459058165550232,0.6808182001113892,True
qb_004969,external_regulation,qb_004969__external_regulation,0.83866966,0.7622049450874329,0.6930303573608398,True
qb_004969,policy_prescription,qb_004969__policy_prescription,0.7788462,0.761921226978302,0.596044659614563,True
qb_004969,capacity_and_resources,qb_004969__capacity_and_resources,0.77429056,0.757716953754425,0.6220829486846924,True
qb_015409,political,qb_015409__political,0.8749932,0.8115997314453125,0.6413357853889465,True
qb_015409,capacity_and_resources,qb_015409__capacity_and_resources,0.91521037,0.8458623886108398,0.6097054481506348,True
qb_015409,public_sentiment,qb_015409__public_sentiment,0.88552487,0.7852386236190796,0.6201483011245728,True
qb_000503,political,qb_000503__political,0.9018192,0.7665904760360718,0.6843565702438354,True
qb_000503,capacity_and_resources,qb_000503__capacity_and_resources,0.8332654,0.7625106573104858,0.6267812252044678,True
qb_000503,health_and_safety,qb_000503__health_and_safety,0.7646284,0.7496019005775452,0.6045330762863159,True
qb_000503,policy_prescription,qb_000503__policy_prescription,0.8379718,0.7671025395393372,0.646253764629364,True
qb_000503,quality_of_life,qb_000503__quality_of_life,0.7902422,0.739264190196991,0.5850369930267334,True
qb_000503,public_sentiment,qb_000503__public_sentiment,0.8941242,0.776939868927002,0.6870556473731995,True
qb_019809,political,qb_019809__political,0.91245306,0.8136552572250366,0.657230794429779,True
qb_019809,economic,qb_019809__economic,0.8780489,0.7665249109268188,0.6603201031684875,True
qb_019809,public_sentiment,qb_019809__public_sentiment,0.8878559,0.8083384037017822,0.6527544856071472,True
qb_010527,health_and_safety,qb_010527__health_and_safety,0.7506944,0.6652532815933228,0.6200730204582214,True
qb_010527,economic,qb_010527__economic,0.7916526,0.6745573282241821,0.5559667348861694,True
qb_010527,capacity_and_resources,qb_010527__capacity_and_resources,0.80174226,0.711188018321991,0.6251978874206543,True
qb_010527,quality_of_life,qb_010527__quality_of_life,0.8351716,0.7450686693191528,0.5998626947402954,True
qb_010527,morality,qb_010527__morality,0.8180417,0.7359417676925659,0.6303619146347046,True
qb_020359,political,qb_020359__political,0.81477815,0.691499650478363,0.6218036413192749,True
qb_020359,external_regulation,qb_020359__external_regulation,0.8222616,0.7649574875831604,0.6155790090560913,True
qb_020359,public_sentiment,qb_020359__public_sentiment,0.84775907,0.7117097973823547,0.6428443789482117,True
qb_020359,morality,qb_020359__morality,0.84879714,0.7476256489753723,0.6697497367858887,True
qb_002440,legality_constitutionality,qb_002440__legality_constitutionality,0.88954973,0.766462504863739,0.6249760389328003,True
qb_002440,security_and_defense,qb_002440__security_and_defense,0.85428715,0.8400015830993652,0.6492244005203247,True
qb_002440,crime_and_punishment,qb_002440__crime_and_punishment,0.93566036,0.8642013669013977,0.6600480079650879,True
qb_002440,political,qb_002440__political,0.8895726,0.7831953167915344,0.6223870515823364,True
qb_009831,economic,qb_009831__economic,0.87356967,0.7900420427322388,0.6652064323425293,True
qb_009831,health_and_safety,qb_009831__health_and_safety,0.81975573,0.7111227512359619,0.5974640250205994,True
qb_016615,policy_prescription,qb_016615__policy_prescription,0.844417,0.792969822883606,0.6234308481216431,True
qb_016615,political,qb_016615__political,0.8352866,0.7401241064071655,0.6260942220687866,True
qb_016615,economic,qb_016615__economic,0.8525425,0.7309537529945374,0.633560836315155,True
qb_016615,legality_constitutionality,qb_016615__legality_constitutionality,0.7869988,0.769217848777771,0.6389612555503845,True
qb_016615,public_sentiment,qb_016615__public_sentiment,0.86478007,0.7281851768493652,0.6272133588790894,True
qb_001947,public_sentiment,qb_001947__public_sentiment,0.91197884,0.7831757664680481,0.650468647480011,True
qb_001947,health_and_safety,qb_001947__health_and_safety,0.7905532,0.6969912648200989,0.636094868183136,True
qb_001947,political,qb_001947__political,0.8674043,0.6868915557861328,0.6079815626144409,True
qb_001947,capacity_and_resources,qb_001947__capacity_and_resources,0.933439,0.7509692311286926,0.6065123677253723,True
qb_005833,external_regulation,qb_005833__external_regulation,0.88095164,0.8144225478172302,0.637248158454895,True
qb_005833,economic,qb_005833__economic,0.8742504,0.8348383903503418,0.6451472043991089,True
qb_005833,security_and_defense,qb_005833__security_and_defense,0.89583904,0.8197419047355652,0.6384560465812683,True
qb_005833,political,qb_005833__political,0.80010283,0.7807883620262146,0.6547929644584656,True
qb_015123,political,qb_015123__political,0.9303051,0.7950398325920105,0.6334414482116699,True
qb_015123,policy_prescription,qb_015123__policy_prescription,0.904394,0.8575932383537292,0.6618561744689941,True
qb_015123,security_and_defense,qb_015123__security_and_defense,0.84624875,0.8514425754547119,0.6490474343299866,True
qb_015123,economic,qb_015123__economic,0.8293845,0.7934014201164246,0.6341776847839355,True
qb_010846,legality_constitutionality,qb_010846__legality_constitutionality,0.874358,0.8731932640075684,0.6301666498184204,True
qb_010846,economic,qb_010846__economic,0.8614313,0.8396090865135193,0.6067103147506714,True
qb_010846,crime_and_punishment,qb_010846__crime_and_punishment,0.91731924,0.915320634841919,0.5555847883224487,True
qb_014836,political,qb_014836__political,0.8741413,0.7903800010681152,0.6546795964241028,True
qb_014836,morality,qb_014836__morality,0.896359,0.8052250146865845,0.6226227283477783,True
qb_014836,legality_constitutionality,qb_014836__legality_constitutionality,0.8824017,0.8280277848243713,0.6304200291633606,True
qb_004566,security_and_defense,qb_004566__security_and_defense,0.83762795,0.7815114855766296,0.626737117767334,True
qb_004566,policy_prescription,qb_004566__policy_prescription,0.7903657,0.7879393696784973,0.6043189167976379,True
qb_004566,health_and_safety,qb_004566__health_and_safety,0.783753,0.714170515537262,0.6172581315040588,True
qb_004566,political,qb_004566__political,0.83308876,0.7886788249015808,0.6348970532417297,True
qb_017579,economic,qb_017579__economic,0.85595113,0.7599095106124878,0.5886610746383667,True
qb_017579,policy_prescription,qb_017579__policy_prescription,0.9098287,0.769055962562561,0.61846923828125,True
qb_017579,capacity_and_resources,qb_017579__capacity_and_resources,0.7872596,0.7100273370742798,0.653223991394043,True
qb_017579,political,qb_017579__political,0.8815783,0.6887431144714355,0.5903937220573425,True
qb_017579,fairness_and_equality,qb_017579__fairness_and_equality,0.878147,0.7392047643661499,0.609353244304657,True
qb_017579,health_and_safety,qb_017579__health_and_safety,0.8454829,0.7588168382644653,0.6307032704353333,True
qb_017579,quality_of_life,qb_017579__quality_of_life,0.7854144,0.7599250674247742,0.6398606300354004,True
qb_008770,political,qb_008770__political,0.8553357,0.8254704475402832,0.6353648900985718,True
qb_008770,morality,qb_008770__morality,0.87556267,0.7625806331634521,0.6296378970146179,True
qb_008770,public_sentiment,qb_008770__public_sentiment,0.9207427,0.7764824628829956,0.6063738465309143,True
qb_018800,morality,qb_018800__morality,0.78060305,0.7213379740715027,0.6080083250999451,True
qb_018800,political,qb_018800__political,0.88363916,0.7289110422134399,0.6428799033164978,True
qb_018800,public_sentiment,qb_018800__public_sentiment,0.7808027,0.7340540289878845,0.6361646056175232,True
qb_018800,policy_prescription,qb_018800__policy_prescription,0.76329076,0.730164110660553,0.6599645018577576,True
qb_018800,crime_and_punishment,qb_018800__crime_and_punishment,0.8088001,0.7627561688423157,0.6598132252693176,True
qb_018800,cultural_identity,qb_018800__cultural_identity,0.78025,0.725117027759552,0.6106187701225281,True
qb_018800,external_regulation,qb_018800__external_regulation,0.8043419,0.7331064343452454,0.6069597005844116,True
qb_014829,economic,qb_014829__economic,0.8497538,0.8786271810531616,0.5746113061904907,True
qb_014829,political,qb_014829__political,0.90889823,0.7819218039512634,0.6176567673683167,True
qb_008804,security_and_defense,qb_008804__security_and_defense,0.7778025,0.769312858581543,0.6415396928787231,True
qb_008804,political,qb_008804__political,0.92088354,0.6959006190299988,0.6440808176994324,True
qb_008804,external_regulation,qb_008804__external_regulation,0.79004514,0.7738582491874695,0.6669174432754517,True
qb_008804,capacity_and_resources,qb_008804__capacity_and_resources,0.82983196,0.7280122637748718,0.620100200176239,True
qb_004485,political,qb_004485__political,0.914395,0.8354416489601135,0.6396961808204651,True
qb_004485,public_sentiment,qb_004485__public_sentiment,0.8617394,0.8087629079818726,0.6618296504020691,True
qb_021126,political,qb_021126__political,0.7628624,0.7511890530586243,0.6285390257835388,True
qb_021126,legality_constitutionality,qb_021126__legality_constitutionality,0.81146276,0.7777901887893677,0.6284266114234924,True
qb_016339,health_and_safety,qb_016339__health_and_safety,0.80810523,0.7705344557762146,0.6305626630783081,True
qb_016339,capacity_and_resources,qb_016339__capacity_and_resources,0.8650718,0.8274151086807251,0.5577017068862915,True
qb_020254,health_and_safety,qb_020254__health_and_safety,0.7726052,0.7699941992759705,0.6268466711044312,True
qb_020254,quality_of_life,qb_020254__quality_of_life,0.8075441,0.789976179599762,0.6667688488960266,True
qb_020254,cultural_identity,qb_020254__cultural_identity,0.83733547,0.7940094470977783,0.6278770565986633,True
qb_020254,morality,qb_020254__morality,0.8384696,0.7800012826919556,0.6528617143630981,True
qb_020254,public_sentiment,qb_020254__public_sentiment,0.90717256,0.8123392462730408,0.6496074795722961,True
qb_001205,political,qb_001205__political,0.88771534,0.7917650938034058,0.6416186094284058,True
qb_001205,morality,qb_001205__morality,0.8665694,0.7533850073814392,0.6627579927444458,True
qb_001205,security_and_defense,qb_001205__security_and_defense,0.7633674,0.7363796830177307,0.6415529847145081,True
qb_004139,legality_constitutionality,qb_004139__legality_constitutionality,0.8867873,0.8690410852432251,0.6291849613189697,True
qb_004139,political,qb_004139__political,0.8406662,0.764523983001709,0.6810435056686401,True
qb_004139,crime_and_punishment,qb_004139__crime_and_punishment,0.84343386,0.8292718529701233,0.6668500304222107,True
qb_016733,external_regulation,qb_016733__external_regulation,0.8736794,0.7833215594291687,0.6348814964294434,True
qb_016733,policy_prescription,qb_016733__policy_prescription,0.8820323,0.8003791570663452,0.6369094252586365,True
qb_016733,security_and_defense,qb_016733__security_and_defense,0.90731156,0.8657342195510864,0.6181417107582092,True
qb_016733,economic,qb_016733__economic,0.9049209,0.8263135552406311,0.6946407556533813,True
qb_016733,political,qb_016733__political,0.87508434,0.8442311882972717,0.6859569549560547,True
qb_018803,health_and_safety,qb_018803__health_and_safety,0.76061934,0.6731045246124268,0.5936447381973267,True
qb_018803,political,qb_018803__political,0.84092665,0.6950457692146301,0.6490917205810547,True
qb_018803,legality_constitutionality,qb_018803__legality_constitutionality,0.7046804,0.7669438123703003,0.5872296094894409,True
qb_002324,legality_constitutionality,qb_002324__legality_constitutionality,0.82821536,0.7324627637863159,0.6436671018600464,True
qb_002324,political,qb_002324__political,0.85360456,0.8057558536529541,0.6284717321395874,True
qb_002324,public_sentiment,qb_002324__public_sentiment,0.8787582,0.8166487216949463,0.6643891930580139,True
qb_016851,legality_constitutionality,qb_016851__legality_constitutionality,0.8307221,0.8201756477355957,0.5764704942703247,True
qb_016851,political,qb_016851__political,0.80884343,0.7836828231811523,0.5974821448326111,True
qb_016851,security_and_defense,qb_016851__security_and_defense,0.8081933,0.7848517894744873,0.6533544659614563,True
qb_015200,security_and_defense,qb_015200__security_and_defense,0.8217718,0.9147265553474426,0.6329690217971802,True
qb_015200,political,qb_015200__political,0.8910093,0.7792157530784607,0.599458634853363,True
qb_015200,public_sentiment,qb_015200__public_sentiment,0.8003684,0.7440596222877502,0.6134774684906006,True
qb_000123,political,qb_000123__political,0.8698173,0.7412358522415161,0.5720615983009338,True
qb_000123,morality,qb_000123__morality,0.7752071,0.7848336696624756,0.6400213241577148,True
qb_008018,economic,qb_008018__economic,0.8528981,0.8524753451347351,0.5867701768875122,True
qb_008018,policy_prescription,qb_008018__policy_prescription,0.9195129,0.720289409160614,0.5805796384811401,True
qb_008018,fairness_and_equality,qb_008018__fairness_and_equality,0.80782413,0.9064701199531555,0.5877435207366943,True
qb_008018,political,qb_008018__political,0.88044065,0.7803656458854675,0.5782371759414673,True
qb_005148,economic,qb_005148__economic,0.82450426,0.825721025466919,0.6324851512908936,True
qb_005148,policy_prescription,qb_005148__policy_prescription,0.92151666,0.7668201327323914,0.6383381485939026,True
qb_005148,quality_of_life,qb_005148__quality_of_life,0.80029994,0.8461222648620605,0.6119930148124695,True
qb_015900,economic,qb_015900__economic,0.82002413,0.863940417766571,0.5963819026947021,True
qb_015900,policy_prescription,qb_015900__policy_prescription,0.87172806,0.808862030506134,0.6302081942558289,True
qb_015900,political,qb_015900__political,0.8622728,0.7270692586898804,0.6902768015861511,True
qb_015900,external_regulation,qb_015900__external_regulation,0.81447184,0.7807552814483643,0.673279345035553,True
qb_015900,capacity_and_resources,qb_015900__capacity_and_resources,0.91200244,0.7785713076591492,0.6388461589813232,True
qb_015900,security_and_defense,qb_015900__security_and_defense,0.8198976,0.7911906242370605,0.6683155298233032,True
qb_018528,economic,qb_018528__economic,0.9044958,0.8041241765022278,0.5728250741958618,True
qb_018528,capacity_and_resources,qb_018528__capacity_and_resources,0.82347256,0.7410205602645874,0.6190206408500671,True
qb_018528,quality_of_life,qb_018528__quality_of_life,0.8685819,0.791545033454895,0.5895220041275024,True
qb_018528,security_and_defense,qb_018528__security_and_defense,0.81895053,0.7452701926231384,0.5998464822769165,True
qb_018528,external_regulation,qb_018528__external_regulation,0.7735654,0.757488489151001,0.6160604357719421,True
qb_012793,policy_prescription,qb_012793__policy_prescription,0.8569478,0.8272599577903748,0.6220787763595581,True
qb_012793,security_and_defense,qb_012793__security_and_defense,0.8553632,0.8372420072555542,0.6343885064125061,True
qb_012793,political,qb_012793__political,0.8919036,0.7608421444892883,0.6492606997489929,True
qb_012793,economic,qb_012793__economic,0.8137489,0.8100507259368896,0.6297770142555237,True
qb_012793,cultural_identity,qb_012793__cultural_identity,0.9022654,0.7988670468330383,0.6040499210357666,True
qb_009238,policy_prescription,qb_009238__policy_prescription,0.8881813,0.8041688799858093,0.5629180669784546,True
qb_009238,crime_and_punishment,qb_009238__crime_and_punishment,0.90251154,0.7932848334312439,0.5977986454963684,True
qb_009238,political,qb_009238__political,0.8890585,0.6777162551879883,0.6238204836845398,True
qb_009238,legality_constitutionality,qb_009238__legality_constitutionality,0.8807535,0.8276873826980591,0.6601039171218872,True
qb_009238,cultural_identity,qb_009238__cultural_identity,0.9351373,0.8066357374191284,0.642031192779541,True
qb_009238,public_sentiment,qb_009238__public_sentiment,0.74498796,0.7119799852371216,0.6369442939758301,True
qb_017702,political,qb_017702__political,0.8546946,0.8064913153648376,0.6134718656539917,True
qb_017702,public_sentiment,qb_017702__public_sentiment,0.8676984,0.8073137998580933,0.6458367109298706,True
qb_021135,political,qb_021135__political,0.8961891,0.8659207224845886,0.5853948593139648,True
qb_021135,public_sentiment,qb_021135__public_sentiment,0.89213616,0.8022704124450684,0.6273457407951355,True
qb_021135,capacity_and_resources,qb_021135__capacity_and_resources,0.90394586,0.8365412950515747,0.6087115406990051,True
qb_011099,policy_prescription,qb_011099__policy_prescription,0.9014057,0.8178085684776306,0.6224737167358398,True
qb_011099,health_and_safety,qb_011099__health_and_safety,0.85079217,0.8789216876029968,0.6010701060295105,True
qb_011099,morality,qb_011099__morality,0.87009025,0.7555487155914307,0.6557621359825134,True
qb_011099,public_sentiment,qb_011099__public_sentiment,0.8765449,0.7696470618247986,0.6242595911026001,True
qb_013526,legality_constitutionality,qb_013526__legality_constitutionality,0.8631103,0.7305536270141602,0.6199588775634766,True
qb_013526,political,qb_013526__political,0.87725353,0.7196094393730164,0.6621491312980652,True
qb_013526,policy_prescription,qb_013526__policy_prescription,0.83684564,0.7237703204154968,0.606994092464447,True
qb_013526,public_sentiment,qb_013526__public_sentiment,0.8400119,0.7567945122718811,0.648140013217926,True
qb_020695,health_and_safety,qb_020695__health_and_safety,0.8702723,0.8612469434738159,0.6467806100845337,True
qb_020695,policy_prescription,qb_020695__policy_prescription,0.76467824,0.7674738168716431,0.6631516218185425,True
qb_020695,legality_constitutionality,qb_020695__legality_constitutionality,0.83523774,0.7231786251068115,0.6142913699150085,True
qb_020695,political,qb_020695__political,0.9265907,0.7738234400749207,0.6130951642990112,True
qb_020695,economic,qb_020695__economic,0.9101186,0.7809869050979614,0.6479191780090332,True
qb_018504,security_and_defense,qb_018504__security_and_defense,0.890011,0.8687324523925781,0.6527749300003052,True
qb_018504,policy_prescription,qb_018504__policy_prescription,0.8119459,0.7719972133636475,0.6423751711845398,True
qb_018504,political,qb_018504__political,0.9025383,0.7778366208076477,0.6479116082191467,True
qb_018504,crime_and_punishment,qb_018504__crime_and_punishment,0.83895326,0.851828396320343,0.6560245752334595,True
qb_000580,economic,qb_000580__economic,0.8828939,0.8421957492828369,0.6658398509025574,True
qb_000580,quality_of_life,qb_000580__quality_of_life,0.81347144,0.8543650507926941,0.6332894563674927,True
qb_021027,health_and_safety,qb_021027__health_and_safety,0.8282447,0.7806563377380371,0.6096792817115784,True
qb_021027,public_sentiment,qb_021027__public_sentiment,0.81280434,0.7947463989257812,0.6475911736488342,True
qb_021027,policy_prescription,qb_021027__policy_prescription,0.7929517,0.7425934076309204,0.6542469263076782,True
qb_021027,capacity_and_resources,qb_021027__capacity_and_resources,0.8236272,0.799741268157959,0.6309185028076172,True
qb_021027,political,qb_021027__political,0.8332855,0.7776601910591125,0.6519104242324829,True
qb_000980,policy_prescription,qb_000980__policy_prescription,0.9059939,0.9010279178619385,0.6470104455947876,True
qb_000980,legality_constitutionality,qb_000980__legality_constitutionality,0.87582874,0.8870099186897278,0.6635270118713379,True
qb_000980,political,qb_000980__political,0.7870116,0.797483503818512,0.6543335914611816,True
qb_000980,security_and_defense,qb_000980__security_and_defense,0.9477451,0.8446580767631531,0.6601656079292297,True
qb_010329,policy_prescription,qb_010329__policy_prescription,0.7681235,0.7500667572021484,0.6099316477775574,True
qb_010329,health_and_safety,qb_010329__health_and_safety,0.92806363,0.8231595158576965,0.6007702946662903,True
qb_010329,capacity_and_resources,qb_010329__capacity_and_resources,0.81393826,0.7473586201667786,0.639570951461792,True
qb_010329,quality_of_life,qb_010329__quality_of_life,0.884254,0.8545120358467102,0.6102858185768127,True
qb_019098,political,qb_019098__political,0.89838064,0.7986962795257568,0.6625081300735474,True
qb_019098,capacity_and_resources,qb_019098__capacity_and_resources,0.8723047,0.7293078303337097,0.5992674231529236,True
qb_019098,public_sentiment,qb_019098__public_sentiment,0.8660822,0.8056400418281555,0.6512430906295776,True
qb_019098,cultural_identity,qb_019098__cultural_identity,0.9003247,0.8063092231750488,0.5779064893722534,True
qb_019098,economic,qb_019098__economic,0.87041426,0.7598379850387573,0.6206870079040527,True
qb_010281,political,qb_010281__political,0.8585053,0.6911641955375671,0.5911217927932739,True
qb_010281,external_regulation,qb_010281__external_regulation,0.83180916,0.8026399612426758,0.6477913856506348,True
qb_010281,economic,qb_010281__economic,0.84321696,0.7488402128219604,0.6579504013061523,True
qb_010281,public_sentiment,qb_010281__public_sentiment,0.856725,0.7655105590820312,0.6291805505752563,True
qb_010281,policy_prescription,qb_010281__policy_prescription,0.8524949,0.7213433980941772,0.6294724345207214,True
qb_018537,political,qb_018537__political,0.9218144,0.7612388134002686,0.6432293653488159,True
qb_018537,morality,qb_018537__morality,0.8467246,0.755521297454834,0.6118223667144775,True
qb_018537,public_sentiment,qb_018537__public_sentiment,0.8474755,0.740563154220581,0.6719706654548645,True
qb_018537,policy_prescription,qb_018537__policy_prescription,0.86614835,0.7571543455123901,0.6441911458969116,True
qb_018537,fairness_and_equality,qb_018537__fairness_and_equality,0.835425,0.7423428893089294,0.636009931564331,True
qb_006084,quality_of_life,qb_006084__quality_of_life,0.8524853,0.7551836371421814,0.5966233015060425,True
qb_006084,public_sentiment,qb_006084__public_sentiment,0.8754147,0.723007321357727,0.6765694618225098,True
qb_003439,policy_prescription,qb_003439__policy_prescription,0.8919572,0.818406879901886,0.6502606272697449,True
qb_003439,political,qb_003439__political,0.81791943,0.7439947128295898,0.7041584253311157,True
qb_003439,security_and_defense,qb_003439__security_and_defense,0.8709905,0.8654179573059082,0.6463863253593445,True
qb_003439,public_sentiment,qb_003439__public_sentiment,0.8944501,0.8213778138160706,0.6797437071800232,True
qb_000312,policy_prescription,qb_000312__policy_prescription,0.90226114,0.7699684500694275,0.6194931864738464,True
qb_000312,economic,qb_000312__economic,0.826468,0.8049680590629578,0.6009583473205566,True
qb_000312,political,qb_000312__political,0.85314935,0.7603824734687805,0.6586006283760071,True
qb_000312,health_and_safety,qb_000312__health_and_safety,0.9037391,0.8245148062705994,0.6261466145515442,True
qb_018239,political,qb_018239__political,0.9065139,0.7453427314758301,0.6323676705360413,True
qb_018239,security_and_defense,qb_018239__security_and_defense,0.83495843,0.7105583548545837,0.6759750843048096,True
qb_018239,cultural_identity,qb_018239__cultural_identity,0.82090044,0.6793524622917175,0.6440062522888184,True
qb_018239,morality,qb_018239__morality,0.7884335,0.7543286085128784,0.6605140566825867,True
qb_018239,crime_and_punishment,qb_018239__crime_and_punishment,0.7832645,0.7017574310302734,0.6069058179855347,True
qb_006507,fairness_and_equality,qb_006507__fairness_and_equality,0.85214925,0.8051424622535706,0.6279097199440002,True
qb_006507,public_sentiment,qb_006507__public_sentiment,0.8479503,0.787828803062439,0.6737208366394043,True
qb_006507,political,qb_006507__political,0.7929702,0.794722318649292,0.6598260998725891,True
qb_006507,economic,qb_006507__economic,0.858803,0.7652304172515869,0.6129174828529358,True
qb_006507,policy_prescription,qb_006507__policy_prescription,0.83683604,0.7387220859527588,0.6233052015304565,True
qb_006752,policy_prescription,qb_006752__policy_prescription,0.8564825,0.8302486538887024,0.6271981000900269,True
qb_006752,security_and_defense,qb_006752__security_and_defense,0.89155734,0.8183119893074036,0.6228095889091492,True
qb_006752,political,qb_006752__political,0.92566216,0.7896257638931274,0.5661758780479431,True
qb_006752,crime_and_punishment,qb_006752__crime_and_punishment,0.8636698,0.8243297338485718,0.6096699237823486,True
qb_006752,legality_constitutionality,qb_006752__legality_constitutionality,0.8602557,0.8025821447372437,0.6443067193031311,True
qb_006752,public_sentiment,qb_006752__public_sentiment,0.8976606,0.772374153137207,0.6298982501029968,True
qb_008173,crime_and_punishment,qb_008173__crime_and_punishment,0.77449965,0.5995607376098633,0.5771673917770386,True
qb_008173,security_and_defense,qb_008173__security_and_defense,0.8392228,0.6837019920349121,0.6136022210121155,True
qb_008173,health_and_safety,qb_008173__health_and_safety,0.84504443,0.6841291785240173,0.6117570996284485,True
qb_009775,economic,qb_009775__economic,0.797063,0.7607311010360718,0.5844259262084961,True
qb_009775,capacity_and_resources,qb_009775__capacity_and_resources,0.8264953,0.723740816116333,0.5933178663253784,True
qb_001153,political,qb_001153__political,0.8971604,0.8725370168685913,0.6462677717208862,True
qb_001153,legality_constitutionality,qb_001153__legality_constitutionality,0.85929286,0.8201543092727661,0.6529442667961121,True
qb_001153,morality,qb_001153__morality,0.9326937,0.8778036236763,0.6476244330406189,True
qb_001153,crime_and_punishment,qb_001153__crime_and_punishment,0.8497902,0.8391298055648804,0.6609543561935425,True
qb_001153,cultural_identity,qb_001153__cultural_identity,0.91183925,0.9061069488525391,0.6540392637252808,True
qb_001153,public_sentiment,qb_001153__public_sentiment,0.84991795,0.8276243209838867,0.6895278692245483,True
qb_001047,legality_constitutionality,qb_001047__legality_constitutionality,0.8144197,0.7540092468261719,0.6478176116943359,True
qb_001047,political,qb_001047__political,0.86440504,0.7577371597290039,0.6547101140022278,True
qb_001047,policy_prescription,qb_001047__policy_prescription,0.8085371,0.7768731117248535,0.6314723491668701,True
qb_001047,security_and_defense,qb_001047__security_and_defense,0.88786507,0.7944438457489014,0.6622923612594604,True
qb_012994,health_and_safety,qb_012994__health_and_safety,0.86019254,0.7508944272994995,0.6557722091674805,True
qb_012994,policy_prescription,qb_012994__policy_prescription,0.8220103,0.7451000809669495,0.5853428840637207,True
qb_012994,capacity_and_resources,qb_012994__capacity_and_resources,0.7861082,0.6985213160514832,0.5846359133720398,True
qb_012994,economic,qb_012994__economic,0.8242278,0.7807362675666809,0.7006537914276123,True
qb_012994,quality_of_life,qb_012994__quality_of_life,0.9073605,0.7962194681167603,0.6127032041549683,True
qb_012994,external_regulation,qb_012994__external_regulation,0.90146923,0.7388781309127808,0.6422638893127441,True
qb_018483,health_and_safety,qb_018483__health_and_safety,0.8073782,0.7576399445533752,0.6516309976577759,True
qb_018483,policy_prescription,qb_018483__policy_prescription,0.8720766,0.8064534664154053,0.6702419519424438,True
qb_018483,capacity_and_resources,qb_018483__capacity_and_resources,0.8207033,0.7581218481063843,0.6534388065338135,True
qb_001405,external_regulation,qb_001405__external_regulation,0.8367629,0.7685808539390564,0.6358293294906616,True
qb_001405,security_and_defense,qb_001405__security_and_defense,0.8537764,0.7820695638656616,0.6308499574661255,True
qb_001405,political,qb_001405__political,0.8835727,0.795298159122467,0.652000904083252,True
qb_001405,policy_prescription,qb_001405__policy_prescription,0.8122677,0.7708953619003296,0.6104108691215515,True
qb_001405,morality,qb_001405__morality,0.8533209,0.7822129726409912,0.6130591630935669,True
qb_000946,policy_prescription,qb_000946__policy_prescription,0.9095417,0.8215896487236023,0.6174439191818237,True
qb_000946,political,qb_000946__political,0.7657858,0.7289125323295593,0.5941358804702759,True
qb_000946,economic,qb_000946__economic,0.84173137,0.7425405979156494,0.592145562171936,True
qb_000946,quality_of_life,qb_000946__quality_of_life,0.7744993,0.7251894474029541,0.572323739528656,True
qb_003792,political,qb_003792__political,0.8300736,0.7855267524719238,0.6703413128852844,True
qb_003792,public_sentiment,qb_003792__public_sentiment,0.8179391,0.7762559652328491,0.5931515693664551,True
qb_004238,economic,qb_004238__economic,0.9027811,0.8268596529960632,0.6417428851127625,True
qb_004238,external_regulation,qb_004238__external_regulation,0.8982125,0.8645804524421692,0.6622107625007629,True
qb_004238,policy_prescription,qb_004238__policy_prescription,0.83218426,0.8133904337882996,0.6557425260543823,True
qb_004238,political,qb_004238__political,0.8410338,0.7850778102874756,0.6446484923362732,True
qb_002283,political,qb_002283__political,0.857486,,0.5945982336997986,False
qb_016898,economic,qb_016898__economic,0.7977408,0.7170975208282471,0.6169000864028931,True
qb_016898,policy_prescription,qb_016898__policy_prescription,0.79842323,0.7672836184501648,0.5983659029006958,True
qb_016898,quality_of_life,qb_016898__quality_of_life,0.8547392,0.730900764465332,0.6024662256240845,True
qb_016898,public_sentiment,qb_016898__public_sentiment,0.86473954,0.7256487011909485,0.7006438374519348,True
qb_015874,political,qb_015874__political,0.9084708,0.8177646994590759,0.6938236951828003,True
qb_015874,policy_prescription,qb_015874__policy_prescription,0.8951547,0.7958283424377441,0.6921977996826172,True
qb_015874,legality_constitutionality,qb_015874__legality_constitutionality,0.8745998,0.7363590598106384,0.6935262680053711,True
qb_015874,public_sentiment,qb_015874__public_sentiment,0.8635092,0.7896950840950012,0.6821309328079224,True
qb_015874,fairness_and_equality,qb_015874__fairness_and_equality,0.7073968,0.7677958607673645,0.6999576687812805,True
qb_008486,health_and_safety,qb_008486__health_and_safety,0.92474276,,0.5943843126296997,False
qb_012164,crime_and_punishment,qb_012164__crime_and_punishment,0.7722705,0.708446741104126,0.6271141767501831,True
qb_012164,political,qb_012164__political,0.8897831,0.7176674008369446,0.6267398595809937,True
qb_012164,legality_constitutionality,qb_012164__legality_constitutionality,0.7122114,0.7779662609100342,0.604901909828186,True
qb_012164,cultural_identity,qb_012164__cultural_identity,0.773051,0.6546397805213928,0.6287797689437866,True
qb_009145,external_regulation,qb_009145__external_regulation,0.8593552,0.7729882001876831,0.6387746334075928,True
qb_009145,political,qb_009145__political,0.87134784,0.7222548723220825,0.5809546113014221,True
qb_009145,economic,qb_009145__economic,0.8304027,0.775265634059906,0.6439932584762573,True
qb_009145,security_and_defense,qb_009145__security_and_defense,0.8027214,0.7482484579086304,0.620745837688446,True
qb_009145,cultural_identity,qb_009145__cultural_identity,0.7562537,0.7136615514755249,0.6253212690353394,True
qb_009145,legality_constitutionality,qb_009145__legality_constitutionality,0.7839503,0.7289355397224426,0.5784667730331421,True
qb_009145,public_sentiment,qb_009145__public_sentiment,0.87106586,0.7270681262016296,0.5914161205291748,True
qb_010649,political,qb_010649__political,0.7895314,0.7380906939506531,0.6095014810562134,True
qb_010649,morality,qb_010649__morality,0.9411769,0.7622596025466919,0.5842690467834473,True
qb_010649,public_sentiment,qb_010649__public_sentiment,0.8752244,0.7541499137878418,0.625851035118103,True
qb_010649,security_and_defense,qb_010649__security_and_defense,0.91236734,0.8338537216186523,0.6310611963272095,True
qb_010649,cultural_identity,qb_010649__cultural_identity,0.9084332,0.8307064175605774,0.5978165864944458,True
qb_010649,external_regulation,qb_010649__external_regulation,0.906006,0.8132835626602173,0.6523752808570862,True
qb_010649,capacity_and_resources,qb_010649__capacity_and_resources,0.92697614,0.806269645690918,0.6106410026550293,True
qb_014822,external_regulation,qb_014822__external_regulation,0.8646218,0.8665709495544434,0.6422176361083984,True
qb_014822,political,qb_014822__political,0.8870735,0.8813115954399109,0.6651824712753296,True
qb_014822,security_and_defense,qb_014822__security_and_defense,0.9018711,0.8729374408721924,0.615767776966095,True
qb_014822,public_sentiment,qb_014822__public_sentiment,0.8520341,0.824803352355957,0.680864691734314,True
qb_008960,economic,qb_008960__economic,0.8798368,0.8077595233917236,0.6531888246536255,True
qb_008960,public_sentiment,qb_008960__public_sentiment,0.841854,0.7800946235656738,0.6729884147644043,True
qb_019157,political,qb_019157__political,0.82042867,0.7819135189056396,0.6576471924781799,True
qb_019157,economic,qb_019157__economic,0.8776483,0.8325769901275635,0.6027381420135498,True
qb_019157,fairness_and_equality,qb_019157__fairness_and_equality,0.85715854,0.8050049543380737,0.6194778680801392,True
qb_009891,security_and_defense,qb_009891__security_and_defense,0.81927055,0.752139151096344,0.636672854423523,True
qb_009891,political,qb_009891__political,0.87299335,0.7217288613319397,0.6673348546028137,True
qb_017128,legality_constitutionality,qb_017128__legality_constitutionality,0.8126639,0.8472191691398621,0.6616038084030151,True
qb_017128,political,qb_017128__political,0.8954531,0.8132356405258179,0.6261507868766785,True
qb_017128,fairness_and_equality,qb_017128__fairness_and_equality,0.8844737,0.8292604684829712,0.6215578317642212,True
qb_010213,health_and_safety,qb_010213__health_and_safety,0.8435631,0.8338565826416016,0.5885337591171265,True
qb_010213,political,qb_010213__political,0.89663815,0.815319299697876,0.6564322113990784,True
qb_010213,policy_prescription,qb_010213__policy_prescription,0.8241439,0.7600575089454651,0.5968519449234009,True
qb_010213,legality_constitutionality,qb_010213__legality_constitutionality,0.8115913,0.8385910987854004,0.6136769652366638,True
qb_012083,economic,qb_012083__economic,0.81120783,0.7614653706550598,0.6293005347251892,True
qb_012083,policy_prescription,qb_012083__policy_prescription,0.8535846,0.7035601735115051,0.6025950312614441,True
qb_012083,political,qb_012083__political,0.90865254,0.7671003937721252,0.6462122201919556,True
qb_012083,capacity_and_resources,qb_012083__capacity_and_resources,0.8952493,0.7162489891052246,0.6244159936904907,True
qb_008159,economic,qb_008159__economic,0.85782534,0.8324412703514099,0.5946939587593079,True
qb_008159,external_regulation,qb_008159__external_regulation,0.92361426,0.866047203540802,0.5999036431312561,True
qb_008159,political,qb_008159__political,0.84312695,0.7835100293159485,0.6202279925346375,True
qb_008159,capacity_and_resources,qb_008159__capacity_and_resources,0.83983934,0.8092359900474548,0.6395229697227478,True
qb_017540,economic,qb_017540__economic,0.9141955,,0.6333097219467163,False
qb_018217,political,qb_018217__political,0.91532135,0.809077262878418,0.5637496709823608,True
qb_018217,cultural_identity,qb_018217__cultural_identity,0.8897296,0.8008114099502563,0.6115173101425171,True
qb_018217,public_sentiment,qb_018217__public_sentiment,0.8236686,0.791190505027771,0.6052883863449097,True
qb_003949,political,qb_003949__political,0.8458015,0.791250467300415,0.7008635997772217,True
qb_003949,public_sentiment,qb_003949__public_sentiment,0.85450995,0.7501040101051331,0.6221876740455627,True
qb_006529,legality_constitutionality,qb_006529__legality_constitutionality,0.83778894,0.8008675575256348,0.6142234802246094,True
qb_006529,crime_and_punishment,qb_006529__crime_and_punishment,0.8723806,0.8322743773460388,0.647893488407135,True
qb_006529,political,qb_006529__political,0.8735155,0.7720088362693787,0.6409109830856323,True
qb_006529,economic,qb_006529__economic,0.88001925,0.795872151851654,0.6302255392074585,True
qb_011246,political,qb_011246__political,0.8818701,0.7250354886054993,0.6519160866737366,True
qb_011246,economic,qb_011246__economic,0.8038839,0.7601135969161987,0.6005815863609314,True
qb_011246,morality,qb_011246__morality,0.8823775,0.6712596416473389,0.6016408801078796,True
qb_001810,political,qb_001810__political,0.9304546,0.7498210668563843,0.5901440382003784,True
qb_001810,morality,qb_001810__morality,0.924152,0.8211933374404907,0.6460878252983093,True
qb_001810,public_sentiment,qb_001810__public_sentiment,0.81231356,0.7578595876693726,0.6680066585540771,True
qb_001810,security_and_defense,qb_001810__security_and_defense,0.89044076,0.8026771545410156,0.586442232131958,True
qb_001810,health_and_safety,qb_001810__health_and_safety,0.83899903,0.744170069694519,0.5562337636947632,True
qb_001810,economic,qb_001810__economic,0.9071829,0.7833639979362488,0.5853977203369141,True
qb_001810,quality_of_life,qb_001810__quality_of_life,0.9306606,0.8004195094108582,0.59749835729599,True
qb_021049,political,qb_021049__political,0.928975,0.7303990721702576,0.667955756187439,True
qb_021049,health_and_safety,qb_021049__health_and_safety,0.82988405,0.7450466156005859,0.6779168844223022,True
qb_021049,public_sentiment,qb_021049__public_sentiment,0.90661204,0.776839017868042,0.6793119311332703,True
qb_021049,policy_prescription,qb_021049__policy_prescription,0.8914616,0.8181994557380676,0.6559507250785828,True
qb_021049,capacity_and_resources,qb_021049__capacity_and_resources,0.82063437,0.6676547527313232,0.6158514022827148,True
qb_021300,political,qb_021300__political,0.8257791,0.728900671005249,0.6566123962402344,True
qb_021300,capacity_and_resources,qb_021300__capacity_and_resources,0.82900304,0.7412061095237732,0.6568508744239807,True
qb_021300,health_and_safety,qb_021300__health_and_safety,0.82533634,0.7752004265785217,0.6749688386917114,True
qb_021300,policy_prescription,qb_021300__policy_prescription,0.794595,0.8023347854614258,0.6362506747245789,True
qb_011243,capacity_and_resources,qb_011243__capacity_and_resources,0.8364116,0.7491183280944824,0.6795265078544617,True
qb_011243,economic,qb_011243__economic,0.779721,0.7753472328186035,0.6181772947311401,True
qb_011243,quality_of_life,qb_011243__quality_of_life,0.77610916,0.7108139395713806,0.5519384145736694,True
qb_011243,security_and_defense,qb_011243__security_and_defense,0.85265326,0.7949435114860535,0.6630459427833557,True
qb_005233,legality_constitutionality,qb_005233__legality_constitutionality,0.81205916,0.7693474888801575,0.6287021040916443,True
qb_005233,health_and_safety,qb_005233__health_and_safety,0.8211547,0.8426676392555237,0.6041251420974731,True
qb_005233,political,qb_005233__political,0.87416685,0.7098080515861511,0.6532546281814575,True
qb_005233,capacity_and_resources,qb_005233__capacity_and_resources,0.8403653,0.7749010920524597,0.6110422015190125,True
qb_020958,cultural_identity,qb_020958__cultural_identity,0.8987432,0.8219051361083984,0.6078873872756958,True
qb_020958,public_sentiment,qb_020958__public_sentiment,0.8341842,0.8094441294670105,0.6531413793563843,True
qb_020958,political,qb_020958__political,0.88119924,0.7902447581291199,0.6432441473007202,True
qb_020958,security_and_defense,qb_020958__security_and_defense,0.8152783,0.6701177954673767,0.5747743248939514,True
qb_001914,policy_prescription,qb_001914__policy_prescription,0.80020326,0.7616147994995117,0.6343536972999573,True
qb_001914,crime_and_punishment,qb_001914__crime_and_punishment,0.8799077,0.7837637662887573,0.6106275916099548,True
qb_001914,political,qb_001914__political,0.8379588,0.7205454111099243,0.6439172029495239,True
qb_001914,public_sentiment,qb_001914__public_sentiment,0.81431985,0.7386319041252136,0.6550690531730652,True
qb_001914,fairness_and_equality,qb_001914__fairness_and_equality,0.86656654,0.7363547682762146,0.6104029417037964,True
qb_010980,security_and_defense,qb_010980__security_and_defense,0.82924616,0.819365382194519,0.6041809320449829,True
qb_010980,political,qb_010980__political,0.9037715,0.8266897201538086,0.6762604117393494,True
qb_016117,political,qb_016117__political,0.8808041,0.8500317335128784,0.6357811689376831,True
qb_016117,policy_prescription,qb_016117__policy_prescription,0.8828072,0.725662112236023,0.6287252306938171,True
qb_016117,external_regulation,qb_016117__external_regulation,0.88590527,0.7282377481460571,0.62044757604599,True
qb_016117,cultural_identity,qb_016117__cultural_identity,0.890692,0.8188183903694153,0.6045984029769897,True
qb_016117,public_sentiment,qb_016117__public_sentiment,0.9398705,0.7841897010803223,0.6265884637832642,True
qb_014689,political,qb_014689__political,0.777693,0.7319666743278503,0.6505416631698608,True
qb_014689,policy_prescription,qb_014689__policy_prescription,0.9306123,0.8169497847557068,0.6475281119346619,True
qb_014689,legality_constitutionality,qb_014689__legality_constitutionality,0.88424116,0.8227784633636475,0.6298338174819946,True
qb_014689,economic,qb_014689__economic,0.8227974,0.719315767288208,0.659656286239624,True
qb_002304,policy_prescription,qb_002304__policy_prescription,0.8038813,0.7522342801094055,0.6043351888656616,True
qb_002304,cultural_identity,qb_002304__cultural_identity,0.902408,0.8007447123527527,0.6597697138786316,True
qb_002304,public_sentiment,qb_002304__public_sentiment,0.8588178,0.8477099537849426,0.6439045071601868,True
qb_002304,political,qb_002304__political,0.88201797,0.8294041752815247,0.6599575281143188,True
qb_020811,security_and_defense,qb_020811__security_and_defense,0.86909604,0.8008413314819336,0.6128622889518738,True
qb_020811,political,qb_020811__political,0.9378789,0.7078778147697449,0.6323724389076233,True
qb_020811,external_regulation,qb_020811__external_regulation,0.8063036,0.7957889437675476,0.6112604141235352,True
qb_020811,policy_prescription,qb_020811__policy_prescription,0.927314,0.8401364684104919,0.6341592073440552,True
qb_017798,political,qb_017798__political,0.88627064,0.8630234003067017,0.6354349851608276,True
qb_017798,legality_constitutionality,qb_017798__legality_constitutionality,0.9157411,0.7642219066619873,0.6250226497650146,True
qb_017798,crime_and_punishment,qb_017798__crime_and_punishment,0.88281184,0.814354419708252,0.6368650197982788,True
qb_017798,security_and_defense,qb_017798__security_and_defense,0.83131015,0.7599184513092041,0.6079501509666443,True
qb_017798,public_sentiment,qb_017798__public_sentiment,0.86947554,0.7404858469963074,0.6549404859542847,True
qb_016363,economic,qb_016363__economic,0.8487532,0.7986481785774231,0.5765615105628967,True
qb_016363,policy_prescription,qb_016363__policy_prescription,0.9253571,0.8221795558929443,0.6111294031143188,True
qb_016363,political,qb_016363__political,0.8459592,0.7233583927154541,0.6427792310714722,True
qb_016363,fairness_and_equality,qb_016363__fairness_and_equality,0.9205515,0.7860248684883118,0.6059983372688293,True
qb_021566,public_sentiment,qb_021566__public_sentiment,0.83537483,0.7322534322738647,0.6384835243225098,True
qb_021566,health_and_safety,qb_021566__health_and_safety,0.7967358,0.7258754968643188,0.6378569006919861,True
qb_021566,policy_prescription,qb_021566__policy_prescription,0.78868794,0.7287445068359375,0.6635901927947998,True
qb_004962,legality_constitutionality,qb_004962__legality_constitutionality,0.83055955,0.7800552845001221,0.6177405714988708,True
qb_004962,political,qb_004962__political,0.84449893,0.7120696306228638,0.6421124935150146,True
qb_011691,cultural_identity,qb_011691__cultural_identity,0.9067856,0.8133770227432251,0.6266255378723145,True
qb_011691,political,qb_011691__political,0.9034765,0.7961826324462891,0.681793212890625,True
qb_011691,fairness_and_equality,qb_011691__fairness_and_equality,0.90042984,0.821801483631134,0.6299998760223389,True
qb_011691,legality_constitutionality,qb_011691__legality_constitutionality,0.8165257,0.7738064527511597,0.6147908568382263,True
qb_011691,public_sentiment,qb_011691__public_sentiment,0.8453817,0.7827814817428589,0.697309672832489,True
qb_011691,policy_prescription,qb_011691__policy_prescription,0.9096276,0.7706450819969177,0.606676459312439,True
qb_001055,public_sentiment,qb_001055__public_sentiment,0.84958863,0.7882923483848572,0.6140394806861877,True
qb_001055,cultural_identity,qb_001055__cultural_identity,0.9144267,0.8323610424995422,0.5910887718200684,True
qb_001055,fairness_and_equality,qb_001055__fairness_and_equality,0.92966545,0.7326772212982178,0.5906897187232971,True
qb_001055,morality,qb_001055__morality,0.90457106,0.8086177706718445,0.6177246570587158,True
qb_006935,political,qb_006935__political,0.8584437,,0.6161549687385559,False
qb_000833,security_and_defense,qb_000833__security_and_defense,0.7775477,0.7924167513847351,0.639019787311554,True
qb_000833,capacity_and_resources,qb_000833__capacity_and_resources,0.85803735,0.7759795784950256,0.61391282081604,True
qb_000833,health_and_safety,qb_000833__health_and_safety,0.781492,0.7875463366508484,0.6157869100570679,True
qb_000833,political,qb_000833__political,0.85911286,0.729746401309967,0.6403334736824036,True
qb_021510,external_regulation,qb_021510__external_regulation,0.87488973,0.8163551092147827,0.685050368309021,True
qb_021510,political,qb_021510__political,0.85618585,0.8102160692214966,0.6642228364944458,True
qb_021510,public_sentiment,qb_021510__public_sentiment,0.9124244,0.7986465692520142,0.7024804353713989,True
qb_016953,legality_constitutionality,qb_016953__legality_constitutionality,0.8233715,0.7641999125480652,0.6432509422302246,True
qb_016953,political,qb_016953__political,0.8876995,0.6796196103096008,0.6292835474014282,True
qb_016953,health_and_safety,qb_016953__health_and_safety,0.7704214,0.8150220513343811,0.6326638460159302,True
qb_016953,policy_prescription,qb_016953__policy_prescription,0.8185619,0.6566028594970703,0.6011998057365417,True
qb_003961,political,qb_003961__political,0.8558156,0.746332049369812,0.5644790530204773,True
qb_003961,cultural_identity,qb_003961__cultural_identity,0.81489325,0.7981082797050476,0.6270256042480469,True
qb_003961,public_sentiment,qb_003961__public_sentiment,0.9152727,0.7737224102020264,0.6714701056480408,True
qb_003961,fairness_and_equality,qb_003961__fairness_and_equality,0.8071982,0.810276210308075,0.6630516648292542,True
qb_003961,morality,qb_003961__morality,0.8300991,0.7634718418121338,0.6191466450691223,True
qb_020761,legality_constitutionality,qb_020761__legality_constitutionality,0.8042036,0.6982362270355225,0.6719552278518677,True
qb_020761,morality,qb_020761__morality,0.8633287,0.7339367866516113,0.686734676361084,True
qb_020761,political,qb_020761__political,0.898316,0.7155063152313232,0.68250572681427,True
qb_020761,public_sentiment,qb_020761__public_sentiment,0.8298646,0.7645536065101624,0.6477354168891907,True
qb_020761,cultural_identity,qb_020761__cultural_identity,0.9519132,0.7618821859359741,0.6552228927612305,True
qb_001944,political,qb_001944__political,0.8604201,0.7296527028083801,0.6021417379379272,True
qb_001944,policy_prescription,qb_001944__policy_prescription,0.77061313,0.7361644506454468,0.6519462466239929,True
qb_001944,economic,qb_001944__economic,0.8149673,0.8291165232658386,0.6055887937545776,True
qb_020879,security_and_defense,qb_020879__security_and_defense,0.84623194,0.8162755966186523,0.5714157819747925,True
qb_020879,cultural_identity,qb_020879__cultural_identity,0.83425593,0.7896642088890076,0.6122809052467346,True
qb_020879,public_sentiment,qb_020879__public_sentiment,0.93995094,0.7969767451286316,0.6257417798042297,True
qb_020879,quality_of_life,qb_020879__quality_of_life,0.8315139,0.7814021706581116,0.5879210233688354,True
qb_017763,political,qb_017763__political,0.90011287,0.8231380581855774,0.6489565372467041,True
qb_017763,morality,qb_017763__morality,0.81313425,0.7694723606109619,0.6574903726577759,True
qb_017763,public_sentiment,qb_017763__public_sentiment,0.8396828,0.7722917199134827,0.673115611076355,True
qb_021674,political,qb_021674__political,0.88346,0.8066416382789612,0.623462438583374,True
qb_021674,legality_constitutionality,qb_021674__legality_constitutionality,0.8255035,0.8126226663589478,0.6563440561294556,True
qb_021674,crime_and_punishment,qb_021674__crime_and_punishment,0.8859299,0.7951188683509827,0.6482206583023071,True
qb_018198,political,qb_018198__political,0.89043397,0.7840367555618286,0.6331801414489746,True
qb_018198,legality_constitutionality,qb_018198__legality_constitutionality,0.8749771,0.8550226092338562,0.6093605756759644,True
qb_018312,health_and_safety,qb_018312__health_and_safety,0.9183048,0.859416663646698,0.6174176931381226,True
qb_018312,policy_prescription,qb_018312__policy_prescription,0.8922055,0.8281595706939697,0.6227641105651855,True
qb_018312,public_sentiment,qb_018312__public_sentiment,0.84545493,0.7813937067985535,0.5996931791305542,True
qb_018312,capacity_and_resources,qb_018312__capacity_and_resources,0.9011625,0.7895413041114807,0.6573377847671509,True
qb_003991,political,qb_003991__political,0.9139036,0.7311314940452576,0.5783166289329529,True
qb_003991,capacity_and_resources,qb_003991__capacity_and_resources,0.8066751,0.7886378765106201,0.5639535784721375,True
qb_012275,political,qb_012275__political,0.8645116,,0.6484777331352234,False
qb_008588,political,qb_008588__political,0.85084033,0.8616556525230408,0.6317015886306763,True
qb_008588,policy_prescription,qb_008588__policy_prescription,0.9278538,0.8214332461357117,0.6188729405403137,True
qb_008588,cultural_identity,qb_008588__cultural_identity,0.9276256,0.8748639225959778,0.6200801134109497,True
qb_008588,fairness_and_equality,qb_008588__fairness_and_equality,0.8949566,0.838367760181427,0.6623592972755432,True
qb_008588,morality,qb_008588__morality,0.82752705,0.7796717882156372,0.5845780372619629,True
qb_015158,political,qb_015158__political,0.9081642,0.6857683658599854,0.6606202721595764,True
qb_015158,external_regulation,qb_015158__external_regulation,0.8005974,0.7726366519927979,0.6104685664176941,True
qb_015158,policy_prescription,qb_015158__policy_prescription,0.8422758,0.7119500637054443,0.6338075399398804,True
qb_015158,legality_constitutionality,qb_015158__legality_constitutionality,0.81185347,0.8132669925689697,0.6365612149238586,True
qb_015158,economic,qb_015158__economic,0.9086648,0.7253509163856506,0.6593729853630066,True
qb_002768,political,qb_002768__political,0.842369,,0.6428452730178833,False
qb_019446,political,qb_019446__political,0.8815477,0.7745956778526306,0.683491051197052,True
qb_019446,health_and_safety,qb_019446__health_and_safety,0.80496913,0.7514266967773438,0.6335822343826294,True
qb_019446,legality_constitutionality,qb_019446__legality_constitutionality,0.83074224,0.7355677485466003,0.653949499130249,True
qb_019446,public_sentiment,qb_019446__public_sentiment,0.90208143,0.7071084976196289,0.6323070526123047,True
qb_020897,legality_constitutionality,qb_020897__legality_constitutionality,0.833154,0.7925162315368652,0.6332934498786926,True
qb_020897,crime_and_punishment,qb_020897__crime_and_punishment,0.79777205,0.7639581561088562,0.6150984764099121,True
qb_020897,political,qb_020897__political,0.74717784,0.7631702423095703,0.6179655194282532,True
qb_020897,public_sentiment,qb_020897__public_sentiment,0.8530499,0.7525574564933777,0.6482530832290649,True
qb_007769,political,qb_007769__political,0.78993464,0.7543776631355286,0.6553177833557129,True
qb_007769,external_regulation,qb_007769__external_regulation,0.86626935,0.681105375289917,0.6231664419174194,True
qb_007769,economic,qb_007769__economic,0.80505526,0.7614736557006836,0.655732274055481,True
qb_007769,capacity_and_resources,qb_007769__capacity_and_resources,0.79371166,0.6855928301811218,0.5855307579040527,True
qb_008399,security_and_defense,qb_008399__security_and_defense,0.8688951,0.7353973984718323,0.6206191778182983,True
qb_008399,policy_prescription,qb_008399__policy_prescription,0.8218874,0.7426487803459167,0.6007246375083923,True
qb_008399,health_and_safety,qb_008399__health_and_safety,0.86687374,0.7175578474998474,0.6035816073417664,True
qb_008399,external_regulation,qb_008399__external_regulation,0.8275324,0.7820700407028198,0.6113059520721436,True
qb_008399,capacity_and_resources,qb_008399__capacity_and_resources,0.8278297,0.7478844523429871,0.6050329804420471,True
qb_008399,political,qb_008399__political,0.9095836,0.7382428050041199,0.63364177942276,True
qb_017334,political,qb_017334__political,0.9096404,0.6681925058364868,0.642997682094574,True
qb_017334,legality_constitutionality,qb_017334__legality_constitutionality,0.78079283,0.6476656198501587,0.6292954683303833,True
qb_015695,morality,qb_015695__morality,0.799824,0.7675868272781372,0.6730774641036987,True
qb_015695,external_regulation,qb_015695__external_regulation,0.82780945,0.6954374313354492,0.6513660550117493,True
qb_015695,economic,qb_015695__economic,0.8445978,0.716936469078064,0.6072520613670349,True
qb_015695,political,qb_015695__political,0.830451,0.7300851941108704,0.6661291122436523,True
qb_015695,public_sentiment,qb_015695__public_sentiment,0.8473164,0.687015175819397,0.6134275197982788,True
qb_013745,health_and_safety,qb_013745__health_and_safety,0.8169689,0.7289592027664185,0.6639021635055542,True
qb_013745,crime_and_punishment,qb_013745__crime_and_punishment,0.88577807,0.7379663586616516,0.608404815196991,True
qb_013745,political,qb_013745__political,0.8562751,0.7372955083847046,0.6585397720336914,True
qb_013745,policy_prescription,qb_013745__policy_prescription,0.7827793,0.7624815106391907,0.6006423234939575,True
qb_013745,morality,qb_013745__morality,0.88502157,0.7279547452926636,0.5999042987823486,True
qb_013745,public_sentiment,qb_013745__public_sentiment,0.8711203,0.7498334050178528,0.623708963394165,True
qb_013745,cultural_identity,qb_013745__cultural_identity,0.83837545,0.7341215014457703,0.6416441798210144,True
qb_013745,fairness_and_equality,qb_013745__fairness_and_equality,0.76496494,0.7012073397636414,0.6076289415359497,True
qb_011680,security_and_defense,qb_011680__security_and_defense,0.92965513,0.8730314373970032,0.5982057452201843,True
qb_011680,external_regulation,qb_011680__external_regulation,0.80335855,0.7541882395744324,0.6216916441917419,True
qb_011680,political,qb_011680__political,0.8808187,0.7501897215843201,0.7159692645072937,True
qb_011680,cultural_identity,qb_011680__cultural_identity,0.9024836,0.8621525168418884,0.6340944170951843,True
qb_010274,legality_constitutionality,qb_010274__legality_constitutionality,0.88801146,0.8176548480987549,0.6676203608512878,True
qb_010274,political,qb_010274__political,0.82589364,0.7367616891860962,0.635706901550293,True
qb_010274,security_and_defense,qb_010274__security_and_defense,0.8297524,0.8200426697731018,0.6511560678482056,True
qb_020943,public_sentiment,qb_020943__public_sentiment,0.8392804,0.7770378589630127,0.6374515295028687,True
qb_020943,quality_of_life,qb_020943__quality_of_life,0.80474055,0.770245373249054,0.5923435091972351,True
qb_020943,morality,qb_020943__morality,0.8773637,0.7559216618537903,0.5860191583633423,True
qb_020943,crime_and_punishment,qb_020943__crime_and_punishment,0.78807867,0.7360739707946777,0.6187564730644226,True
qb_020943,economic,qb_020943__economic,0.89704436,0.7701559662818909,0.6169226765632629,True
qb_001555,economic,qb_001555__economic,0.8554784,0.8215352296829224,0.5921779870986938,True
qb_001555,health_and_safety,qb_001555__health_and_safety,0.8329607,0.7238047122955322,0.6172131299972534,True
qb_020906,political,qb_020906__political,0.9119618,0.8114699125289917,0.6330925822257996,True
qb_020906,security_and_defense,qb_020906__security_and_defense,0.8620641,0.8601805567741394,0.6197771430015564,True
qb_020906,crime_and_punishment,qb_020906__crime_and_punishment,0.9253856,0.8346835970878601,0.6766863465309143,True
qb_000215,political,qb_000215__political,0.8205464,0.7886567115783691,0.650297999382019,True
qb_000215,legality_constitutionality,qb_000215__legality_constitutionality,0.852328,0.7813730239868164,0.6783432960510254,True
qb_000215,public_sentiment,qb_000215__public_sentiment,0.9021274,0.7360010743141174,0.62038254737854,True
qb_000441,security_and_defense,qb_000441__security_and_defense,0.8855666,0.8508774638175964,0.6236955523490906,True
qb_000441,capacity_and_resources,qb_000441__capacity_and_resources,0.84471786,0.8149331212043762,0.6181600689888,True
qb_000441,public_sentiment,qb_000441__public_sentiment,0.8696983,0.8340933322906494,0.6139615774154663,True
qb_000441,cultural_identity,qb_000441__cultural_identity,0.92661273,0.7958939075469971,0.5855379104614258,True
qb_017585,political,qb_017585__political,0.84357935,0.7765212059020996,0.6068155169487,True
qb_017585,external_regulation,qb_017585__external_regulation,0.87893146,0.8665370941162109,0.630987286567688,True
qb_017585,security_and_defense,qb_017585__security_and_defense,0.8527254,0.8174857497215271,0.6100096702575684,True
qb_017585,policy_prescription,qb_017585__policy_prescription,0.7919845,0.8335029482841492,0.6109620332717896,True
qb_008788,capacity_and_resources,qb_008788__capacity_and_resources,0.72968674,0.6749964952468872,0.5772455334663391,True
qb_008788,political,qb_008788__political,0.8703774,0.6719019412994385,0.6709109544754028,True
qb_004668,legality_constitutionality,qb_004668__legality_constitutionality,0.9029738,0.8783628940582275,0.6315909624099731,True
qb_004668,political,qb_004668__political,0.91381323,0.8838645815849304,0.6483287811279297,True
qb_004668,crime_and_punishment,qb_004668__crime_and_punishment,0.86317635,0.8746974468231201,0.6565428972244263,True
qb_015223,political,qb_015223__political,0.84485763,0.7978853583335876,0.6617348790168762,True
qb_015223,legality_constitutionality,qb_015223__legality_constitutionality,0.8566959,0.8402682542800903,0.6630687713623047,True
qb_004099,political,qb_004099__political,0.81300294,0.783093273639679,0.6249552369117737,True
qb_004099,policy_prescription,qb_004099__policy_prescription,0.7752914,0.7388387322425842,0.6427406072616577,True
qb_004099,legality_constitutionality,qb_004099__legality_constitutionality,0.8544322,0.7620123028755188,0.6440978050231934,True
qb_004099,economic,qb_004099__economic,0.8435184,0.7727840542793274,0.6866310238838196,True
qb_011695,economic,qb_011695__economic,0.7939037,0.7874529361724854,0.5828540921211243,True
qb_011695,policy_prescription,qb_011695__policy_prescription,0.9046418,0.7752123475074768,0.6326292753219604,True
qb_011695,health_and_safety,qb_011695__health_and_safety,0.86465836,0.734834611415863,0.6135286092758179,True
qb_011695,political,qb_011695__political,0.8872311,0.7328596115112305,0.6600593328475952,True
qb_006115,external_regulation,qb_006115__external_regulation,0.83435047,0.8220545053482056,0.657640814781189,True
qb_006115,security_and_defense,qb_006115__security_and_defense,0.85246915,0.804591178894043,0.6559025049209595,True
qb_006115,political,qb_006115__political,0.8812416,0.7831916809082031,0.603469967842102,True
qb_004476,legality_constitutionality,qb_004476__legality_constitutionality,0.8277846,0.7790591716766357,0.6372894048690796,True
qb_004476,political,qb_004476__political,0.8845422,0.7266840934753418,0.6275006532669067,True
qb_004476,security_and_defense,qb_004476__security_and_defense,0.885366,0.8508667945861816,0.6076858639717102,True
qb_004476,capacity_and_resources,qb_004476__capacity_and_resources,0.83585656,0.7538405060768127,0.6302531957626343,True
qb_021083,political,qb_021083__political,0.88378596,0.8308488130569458,0.6245431900024414,True
qb_021083,public_sentiment,qb_021083__public_sentiment,0.88218373,0.8142971992492676,0.684598982334137,True
qb_021083,morality,qb_021083__morality,0.88780063,0.7957433462142944,0.6491783857345581,True
qb_019149,crime_and_punishment,qb_019149__crime_and_punishment,0.7795147,0.684662938117981,0.615655779838562,True
qb_019149,security_and_defense,qb_019149__security_and_defense,0.7976443,0.6615785360336304,0.6128187775611877,True
qb_010619,legality_constitutionality,qb_010619__legality_constitutionality,0.88535225,0.8850170373916626,0.6224367022514343,True
qb_010619,policy_prescription,qb_010619__policy_prescription,0.8411843,0.8744078874588013,0.6470406651496887,True
qb_010619,political,qb_010619__political,0.8916442,0.8402024507522583,0.6620874404907227,True
qb_000218,legality_constitutionality,qb_000218__legality_constitutionality,0.81408435,0.7938364148139954,0.6519355177879333,True
qb_000218,crime_and_punishment,qb_000218__crime_and_punishment,0.8525825,0.7765212059020996,0.603366494178772,True
qb_000218,morality,qb_000218__morality,0.8481006,0.8428104519844055,0.5904009342193604,True
qb_000218,cultural_identity,qb_000218__cultural_identity,0.8492848,0.8095679879188538,0.5980347394943237,True
qb_020170,policy_prescription,qb_020170__policy_prescription,0.8383119,0.8033720254898071,0.617800235748291,True
qb_020170,security_and_defense,qb_020170__security_and_defense,0.9632266,0.7977072596549988,0.6108219027519226,True
qb_020170,health_and_safety,qb_020170__health_and_safety,0.8824551,0.8116666674613953,0.6232202649116516,True
qb_020170,political,qb_020170__political,0.87781286,0.6666411757469177,0.6213370561599731,True
qb_020170,economic,qb_020170__economic,0.83470017,0.8279132843017578,0.6361476182937622,True
qb_020170,capacity_and_resources,qb_020170__capacity_and_resources,0.88389885,0.7740136384963989,0.6482106447219849,True
qb_020170,legality_constitutionality,qb_020170__legality_constitutionality,0.93581706,0.8035600781440735,0.6398666501045227,True
qb_020170,crime_and_punishment,qb_020170__crime_and_punishment,0.91072446,0.7937256097793579,0.6366101503372192,True
qb_002264,legality_constitutionality,qb_002264__legality_constitutionality,0.8839546,0.8140764236450195,0.6498403549194336,True
qb_002264,policy_prescription,qb_002264__policy_prescription,0.8154942,0.7694424390792847,0.6781672239303589,True
qb_002264,political,qb_002264__political,0.8901064,0.7857182621955872,0.6346870064735413,True
qb_002264,security_and_defense,qb_002264__security_and_defense,0.84114754,0.8160438537597656,0.7098361253738403,True
qb_002264,capacity_and_resources,qb_002264__capacity_and_resources,0.8526485,0.7313443422317505,0.6243477463722229,True
qb_002264,morality,qb_002264__morality,0.8060676,0.8061043620109558,0.6749658584594727,True
qb_020259,security_and_defense,qb_020259__security_and_defense,0.6780881,0.8505535125732422,0.5310685038566589,True
qb_020259,crime_and_punishment,qb_020259__crime_and_punishment,0.71453285,0.6899491548538208,0.5695865750312805,True
qb_020259,health_and_safety,qb_020259__health_and_safety,0.7121875,0.6889481544494629,0.591147780418396,True
qb_021610,economic,qb_021610__economic,0.8172209,0.7465763688087463,0.6001161336898804,True
qb_021610,capacity_and_resources,qb_021610__capacity_and_resources,0.889587,0.7301794290542603,0.6186280846595764,True
qb_021610,public_sentiment,qb_021610__public_sentiment,0.77490723,0.7298582792282104,0.656379759311676,True
qb_020488,morality,qb_020488__morality,0.817298,0.732916533946991,0.6231024861335754,True
qb_020488,political,qb_020488__political,0.8392118,0.7517629861831665,0.6081333756446838,True
qb_020488,legality_constitutionality,qb_020488__legality_constitutionality,0.8399556,0.7333824038505554,0.6062382459640503,True
qb_020488,public_sentiment,qb_020488__public_sentiment,0.8030968,0.7272403240203857,0.6072521805763245,True
qb_020488,health_and_safety,qb_020488__health_and_safety,0.765513,0.7202767133712769,0.626818835735321,True
qb_020488,policy_prescription,qb_020488__policy_prescription,0.86331207,0.7441574335098267,0.6526778936386108,True
qb_013333,legality_constitutionality,qb_013333__legality_constitutionality,0.8467995,0.7699781656265259,0.6039339303970337,True
qb_013333,political,qb_013333__political,0.8244584,0.7652358412742615,0.644457221031189,True
qb_014080,political,qb_014080__political,0.8196292,0.7949700355529785,0.6710613965988159,True
qb_014080,legality_constitutionality,qb_014080__legality_constitutionality,0.7452637,0.697553813457489,0.6185411214828491,True
qb_014080,fairness_and_equality,qb_014080__fairness_and_equality,0.8002473,0.7394181489944458,0.6697586178779602,True
qb_014080,cultural_identity,qb_014080__cultural_identity,0.76170933,0.7198626399040222,0.652974009513855,True
qb_014080,morality,qb_014080__morality,0.8817882,0.749055027961731,0.6186468601226807,True
qb_021668,political,qb_021668__political,0.91430986,0.8781325817108154,0.6510679721832275,True
qb_021668,public_sentiment,qb_021668__public_sentiment,0.8257111,0.8115417957305908,0.5879098773002625,True
qb_018539,security_and_defense,qb_018539__security_and_defense,0.7389237,0.8067822456359863,0.645778238773346,True
qb_018539,political,qb_018539__political,0.93725383,0.7609049081802368,0.6443251967430115,True
qb_018539,external_regulation,qb_018539__external_regulation,0.82445574,0.7649667263031006,0.6197096109390259,True
qb_002565,policy_prescription,qb_002565__policy_prescription,0.7759585,0.7919248342514038,0.6439666152000427,True
qb_002565,legality_constitutionality,qb_002565__legality_constitutionality,0.88264674,0.7877182364463806,0.6673612594604492,True
qb_002565,external_regulation,qb_002565__external_regulation,0.8829973,0.7901015281677246,0.6225293874740601,True
qb_002565,morality,qb_002565__morality,0.7848598,0.6862093210220337,0.5906162261962891,True
qb_002565,economic,qb_002565__economic,0.81700903,0.7962812185287476,0.6476630568504333,True
qb_002565,political,qb_002565__political,0.8493304,0.736076295375824,0.628503680229187,True
qb_002565,cultural_identity,qb_002565__cultural_identity,0.9183818,0.7886619567871094,0.6069961786270142,True
qb_011356,political,qb_011356__political,0.8153075,0.7520008087158203,0.6065862774848938,True
qb_011356,policy_prescription,qb_011356__policy_prescription,0.82353044,0.7675957679748535,0.6167842745780945,True
qb_011356,economic,qb_011356__economic,0.8471768,0.7302262783050537,0.6290383338928223,True
qb_019622,economic,qb_019622__economic,0.7740589,0.7527419328689575,0.6180661916732788,True
qb_019622,public_sentiment,qb_019622__public_sentiment,0.86509717,0.7274506092071533,0.618719220161438,True
qb_010162,political,qb_010162__political,0.85144055,0.814264178276062,0.6451183557510376,True
qb_010162,public_sentiment,qb_010162__public_sentiment,0.89007497,0.793495237827301,0.6504094004631042,True
qb_006661,health_and_safety,qb_006661__health_and_safety,0.76108587,0.6940914392471313,0.557702362537384,True
qb_006661,public_sentiment,qb_006661__public_sentiment,0.82671475,0.6757583618164062,0.5635594129562378,True
qb_006661,legality_constitutionality,qb_006661__legality_constitutionality,0.8394009,0.7179738283157349,0.6232786178588867,True
qb_005403,economic,qb_005403__economic,0.8245989,0.8713414669036865,0.5922223329544067,True
qb_005403,policy_prescription,qb_005403__policy_prescription,0.87376595,0.8084310293197632,0.6429281234741211,True
qb_005403,political,qb_005403__political,0.7854972,0.7111759185791016,0.5748329758644104,True
qb_018027,policy_prescription,qb_018027__policy_prescription,0.8722677,0.7675603032112122,0.6027456521987915,True
qb_018027,capacity_and_resources,qb_018027__capacity_and_resources,0.82789594,0.7373610138893127,0.6196856498718262,True
qb_018027,security_and_defense,qb_018027__security_and_defense,0.7763734,0.7916098833084106,0.6329494714736938,True
qb_018027,political,qb_018027__political,0.8552651,0.7446474432945251,0.6887521743774414,True
qb_018027,external_regulation,qb_018027__external_regulation,0.7947787,0.7775319218635559,0.6322973966598511,True
qb_006305,cultural_identity,qb_006305__cultural_identity,0.8641803,,0.6260286569595337,False
qb_016231,political,qb_016231__political,0.9156321,0.8128224015235901,0.6123788952827454,True
qb_016231,policy_prescription,qb_016231__policy_prescription,0.87050915,0.7623210549354553,0.6671708822250366,True
qb_016231,public_sentiment,qb_016231__public_sentiment,0.8623548,0.7730316519737244,0.6462904214859009,True
qb_016231,morality,qb_016231__morality,0.81651723,0.7529611587524414,0.6242367029190063,True
qb_017953,legality_constitutionality,qb_017953__legality_constitutionality,0.82748425,0.7670965194702148,0.6144434809684753,True
qb_017953,political,qb_017953__political,0.9146384,0.7729674577713013,0.6157935857772827,True
qb_017953,policy_prescription,qb_017953__policy_prescription,0.83268493,0.7571778297424316,0.6106444597244263,True
qb_017953,economic,qb_017953__economic,0.79076576,0.7997230887413025,0.6368225812911987,True
qb_017953,capacity_and_resources,qb_017953__capacity_and_resources,0.8158273,0.7790257930755615,0.6538724899291992,True
qb_020925,policy_prescription,qb_020925__policy_prescription,0.83190155,0.8056815266609192,0.6383799314498901,True
qb_020925,security_and_defense,qb_020925__security_and_defense,0.85678506,0.8672447800636292,0.6464484930038452,True
qb_020925,economic,qb_020925__economic,0.9048474,0.848254382610321,0.6415526270866394,True
qb_020925,political,qb_020925__political,0.83536077,0.7355704307556152,0.6116758584976196,True
qb_018122,security_and_defense,qb_018122__security_and_defense,0.8292689,0.7798569202423096,0.6140930652618408,True
qb_018122,public_sentiment,qb_018122__public_sentiment,0.89814615,0.7367069721221924,0.5652233958244324,True
qb_018122,political,qb_018122__political,0.83924013,0.7962649464607239,0.6209412813186646,True
qb_014415,political,qb_014415__political,0.8800937,0.7895773649215698,0.6570502519607544,True
qb_014415,economic,qb_014415__economic,0.7713321,0.7249955534934998,0.6220505237579346,True
qb_014415,public_sentiment,qb_014415__public_sentiment,0.81112957,0.7774988412857056,0.6844028830528259,True
qb_014415,policy_prescription,qb_014415__policy_prescription,0.81246424,0.7970446348190308,0.6438013315200806,True
qb_014415,quality_of_life,qb_014415__quality_of_life,0.8972369,0.7595150470733643,0.6239343881607056,True
qb_021702,political,qb_021702__political,0.8686766,0.7188011407852173,0.6212218403816223,True
qb_021702,legality_constitutionality,qb_021702__legality_constitutionality,0.8540977,0.7983373999595642,0.6670967936515808,True
qb_010547,public_sentiment,qb_010547__public_sentiment,0.79259527,0.7769684791564941,0.6479144096374512,True
qb_010547,political,qb_010547__political,0.8526958,0.7438803911209106,0.6500151753425598,True
qb_007350,political,qb_007350__political,0.8442057,0.8095335960388184,0.6607914566993713,True
qb_007350,external_regulation,qb_007350__external_regulation,0.85964274,0.7488186955451965,0.6427634358406067,True
qb_010754,legality_constitutionality,qb_010754__legality_constitutionality,0.8512243,0.9179126024246216,0.636385440826416,True
qb_010754,external_regulation,qb_010754__external_regulation,0.8838191,0.8285125494003296,0.5980408787727356,True
qb_010754,crime_and_punishment,qb_010754__crime_and_punishment,0.8711711,0.8025506734848022,0.5694617629051208,True
qb_010754,security_and_defense,qb_010754__security_and_defense,0.8134234,0.7665008306503296,0.622031569480896,True
qb_010754,political,qb_010754__political,0.81783944,0.8209438323974609,0.6220179796218872,True
qb_007703,economic,qb_007703__economic,0.92361313,0.8177579641342163,0.6582118272781372,True
qb_007703,capacity_and_resources,qb_007703__capacity_and_resources,0.8208606,0.7467374205589294,0.5859167575836182,True
qb_007703,quality_of_life,qb_007703__quality_of_life,0.89420295,0.8141833543777466,0.5538858771324158,True
qb_001879,security_and_defense,qb_001879__security_and_defense,0.7656763,0.8047779202461243,0.6017987132072449,True
qb_001879,crime_and_punishment,qb_001879__crime_and_punishment,0.9082125,0.8079063296318054,0.6637634038925171,True
qb_001879,political,qb_001879__political,0.94849926,0.8065940737724304,0.6143619418144226,True
qb_001879,policy_prescription,qb_001879__policy_prescription,0.84975636,0.7191108465194702,0.6089473962783813,True
qb_001879,public_sentiment,qb_001879__public_sentiment,0.8640652,0.7277034521102905,0.658295750617981,True
qb_001879,legality_constitutionality,qb_001879__legality_constitutionality,0.8549359,0.8093193173408508,0.6227406859397888,True
qb_013387,political,qb_013387__political,0.8739523,0.8163390159606934,0.6074978113174438,True
qb_013387,public_sentiment,qb_013387__public_sentiment,0.86983216,0.8704372644424438,0.5502403974533081,True
qb_000481,political,qb_000481__political,0.8210832,0.734760582447052,0.6381191611289978,True
qb_000481,policy_prescription,qb_000481__policy_prescription,0.91016865,0.7197640538215637,0.6512828469276428,True
qb_007868,health_and_safety,qb_007868__health_and_safety,0.84709895,0.796089768409729,0.5968807935714722,True
qb_007868,economic,qb_007868__economic,0.8390343,0.8044024705886841,0.6428697109222412,True
qb_007868,public_sentiment,qb_007868__public_sentiment,0.9229965,0.7777864336967468,0.6400331854820251,True
qb_007868,political,qb_007868__political,0.87204194,0.7502550482749939,0.6633299589157104,True
qb_007868,policy_prescription,qb_007868__policy_prescription,0.83105475,0.7825309038162231,0.6180012226104736,True
qb_007868,quality_of_life,qb_007868__quality_of_life,0.8200883,0.7759127616882324,0.6246353983879089,True
qb_007635,political,qb_007635__political,0.8897994,0.7946861386299133,0.6099409461021423,True
qb_007635,policy_prescription,qb_007635__policy_prescription,0.81803465,0.7610756158828735,0.6190667152404785,True
qb_007635,security_and_defense,qb_007635__security_and_defense,0.8703636,0.856020450592041,0.6678847074508667,True
qb_007325,economic,qb_007325__economic,0.81475616,0.7372462749481201,0.6330620646476746,True
qb_007325,capacity_and_resources,qb_007325__capacity_and_resources,0.75408083,0.6889408826828003,0.6106432676315308,True
qb_004454,legality_constitutionality,qb_004454__legality_constitutionality,0.7384426,0.7474855184555054,0.6300309896469116,True
qb_004454,security_and_defense,qb_004454__security_and_defense,0.77792877,0.7322035431861877,0.6434422731399536,True
qb_000001,crime_and_punishment,qb_000001__crime_and_punishment,0.83240485,0.7416658401489258,0.5663615465164185,True
qb_000001,health_and_safety,qb_000001__health_and_safety,0.81239665,0.7235157489776611,0.5731003284454346,True
qb_000001,quality_of_life,qb_000001__quality_of_life,0.8605542,0.8255165219306946,0.5441850423812866,True
qb_000001,public_sentiment,qb_000001__public_sentiment,0.8570113,0.7678739428520203,0.5571421980857849,True
qb_010439,legality_constitutionality,qb_010439__legality_constitutionality,0.8896641,0.8336071372032166,0.6213976740837097,True
qb_010439,economic,qb_010439__economic,0.9217527,0.8012070655822754,0.5991173982620239,True
qb_010439,political,qb_010439__political,0.90672535,0.8113158941268921,0.6575984358787537,True
qb_002415,economic,qb_002415__economic,0.9027089,0.8411453366279602,0.6320065259933472,True
qb_002415,external_regulation,qb_002415__external_regulation,0.8901297,0.7834789752960205,0.5787717700004578,True
qb_002415,policy_prescription,qb_002415__policy_prescription,0.79888654,0.7841922640800476,0.58226478099823,True
qb_002415,security_and_defense,qb_002415__security_and_defense,0.87954986,0.837870717048645,0.6097890734672546,True
qb_002415,health_and_safety,qb_002415__health_and_safety,0.8378571,0.7866887450218201,0.6057232022285461,True
qb_004498,health_and_safety,qb_004498__health_and_safety,0.8532505,0.8222899436950684,0.5873711109161377,True
qb_004498,policy_prescription,qb_004498__policy_prescription,0.8249886,0.8492001891136169,0.6470054388046265,True
qb_010522,economic,qb_010522__economic,0.8654329,0.7181988954544067,0.5911791920661926,True
qb_010522,health_and_safety,qb_010522__health_and_safety,0.86362815,0.7029877305030823,0.6333587765693665,True
qb_010522,capacity_and_resources,qb_010522__capacity_and_resources,0.88439167,0.7529914975166321,0.6099084615707397,True
qb_019531,health_and_safety,qb_019531__health_and_safety,0.7315031,0.6551352739334106,0.62315833568573,True
qb_019531,political,qb_019531__political,0.81047976,0.7505960464477539,0.6132509112358093,True
qb_019531,public_sentiment,qb_019531__public_sentiment,0.8220701,0.7508202791213989,0.6201184391975403,True
qb_016253,political,qb_016253__political,0.9030094,0.7386680841445923,0.6503885388374329,True
qb_016253,capacity_and_resources,qb_016253__capacity_and_resources,0.90223527,0.6891412138938904,0.6105042695999146,True
qb_007892,legality_constitutionality,qb_007892__legality_constitutionality,0.8598404,0.8397486209869385,0.6183640956878662,True
qb_007892,political,qb_007892__political,0.7892797,0.7500565052032471,0.634166955947876,True
qb_015699,security_and_defense,qb_015699__security_and_defense,0.7853633,0.7651240229606628,0.6441119313240051,True
qb_015699,external_regulation,qb_015699__external_regulation,0.79349154,0.6864780783653259,0.5789688229560852,True
qb_015699,legality_constitutionality,qb_015699__legality_constitutionality,0.77927375,0.7158417701721191,0.6027073264122009,True
qb_015699,capacity_and_resources,qb_015699__capacity_and_resources,0.7561266,0.7424378395080566,0.638816237449646,True
qb_017459,security_and_defense,qb_017459__security_and_defense,0.8427675,0.7516125440597534,0.6826993227005005,True
qb_017459,policy_prescription,qb_017459__policy_prescription,0.87574863,0.7842140197753906,0.6321076154708862,True
qb_017459,external_regulation,qb_017459__external_regulation,0.79632974,0.7629784345626831,0.647382378578186,True
qb_017459,political,qb_017459__political,0.7862568,0.7191176414489746,0.6624623537063599,True
qb_017459,economic,qb_017459__economic,0.795849,0.788550853729248,0.6781061291694641,True
qb_017459,capacity_and_resources,qb_017459__capacity_and_resources,0.78397375,0.7523831129074097,0.6201896667480469,True
qb_017459,public_sentiment,qb_017459__public_sentiment,0.855617,0.7515288591384888,0.65672767162323,True
qb_017459,morality,qb_017459__morality,0.887555,0.7659628987312317,0.6524109840393066,True
qb_017119,legality_constitutionality,qb_017119__legality_constitutionality,0.8846115,0.7833198308944702,0.6716949343681335,True
qb_017119,security_and_defense,qb_017119__security_and_defense,0.8005516,0.8805596828460693,0.6704446077346802,True
qb_009926,policy_prescription,qb_009926__policy_prescription,0.8984136,0.7850873470306396,0.6235833168029785,True
qb_009926,political,qb_009926__political,0.8700941,0.7855560779571533,0.630031406879425,True
qb_009926,crime_and_punishment,qb_009926__crime_and_punishment,0.92407167,0.7511622309684753,0.5969012975692749,True
qb_009926,morality,qb_009926__morality,0.83253527,0.746546745300293,0.623540461063385,True
qb_021185,external_regulation,qb_021185__external_regulation,0.8349271,0.79502272605896,0.655430018901825,True
qb_021185,political,qb_021185__political,0.8698158,0.7277920246124268,0.5682380795478821,True
qb_011481,political,qb_011481__political,0.8317338,0.7971749305725098,0.7026774287223816,True
qb_011481,public_sentiment,qb_011481__public_sentiment,0.81655324,0.7334471940994263,0.629358172416687,True
qb_009654,security_and_defense,qb_009654__security_and_defense,0.7921276,0.7414474487304688,0.6246868371963501,True
qb_009654,political,qb_009654__political,0.75567335,0.7354428768157959,0.6709733605384827,True
qb_009654,policy_prescription,qb_009654__policy_prescription,0.84640896,0.7261258959770203,0.6628669500350952,True
qb_009654,capacity_and_resources,qb_009654__capacity_and_resources,0.8334692,0.7332022190093994,0.6169661283493042,True
qb_009654,public_sentiment,qb_009654__public_sentiment,0.9215984,0.7591112852096558,0.6822205781936646,True
qb_009654,economic,qb_009654__economic,0.7976693,0.726441502571106,0.6046765446662903,True
qb_009654,morality,qb_009654__morality,0.88546896,0.7499946355819702,0.6661263704299927,True
qb_005533,fairness_and_equality,qb_005533__fairness_and_equality,0.8714292,0.7401739358901978,0.5785912275314331,True
qb_005533,cultural_identity,qb_005533__cultural_identity,0.8507035,0.749864935874939,0.6040626168251038,True
qb_005533,morality,qb_005533__morality,0.82143354,0.7816841006278992,0.5929903984069824,True
qb_008006,legality_constitutionality,qb_008006__legality_constitutionality,0.8035532,0.6532583832740784,0.5459054112434387,True
qb_008006,morality,qb_008006__morality,0.76528287,0.7361908555030823,0.56280916929245,True
qb_008006,health_and_safety,qb_008006__health_and_safety,0.8664002,0.7021566033363342,0.5960277915000916,True
qb_008006,economic,qb_008006__economic,0.79979837,0.7790665030479431,0.65174800157547,True
qb_016839,legality_constitutionality,qb_016839__legality_constitutionality,0.8740359,0.6468769311904907,0.6305452585220337,True
qb_016839,political,qb_016839__political,0.90844214,0.608955979347229,0.6043382883071899,True
qb_016839,security_and_defense,qb_016839__security_and_defense,0.8393029,0.6436972618103027,0.6035948395729065,True
qb_016839,public_sentiment,qb_016839__public_sentiment,0.88176453,0.6822489500045776,0.6461684703826904,True
qb_016839,crime_and_punishment,qb_016839__crime_and_punishment,0.8373435,0.7055288553237915,0.657348096370697,True
qb_006784,political,qb_006784__political,0.86693895,0.7698249816894531,0.6351890563964844,True
qb_006784,legality_constitutionality,qb_006784__legality_constitutionality,0.778651,0.7490606307983398,0.671697735786438,True
qb_006784,external_regulation,qb_006784__external_regulation,0.7898115,0.7619510889053345,0.6992318034172058,True
qb_006784,morality,qb_006784__morality,0.8711878,0.7511637210845947,0.6604546308517456,True
qb_006784,crime_and_punishment,qb_006784__crime_and_punishment,0.84230506,0.7785810232162476,0.676272988319397,True
qb_002112,policy_prescription,qb_002112__policy_prescription,0.7903685,0.7573401927947998,0.6020774841308594,True
qb_002112,public_sentiment,qb_002112__public_sentiment,0.933249,0.8874284625053406,0.602683424949646,True
qb_002112,fairness_and_equality,qb_002112__fairness_and_equality,0.90504587,0.8450639247894287,0.5655516386032104,True
qb_002112,political,qb_002112__political,0.8892195,0.8775053024291992,0.6781408190727234,True
qb_012486,security_and_defense,qb_012486__security_and_defense,0.7628108,0.7667672038078308,0.5979771018028259,True
qb_012486,crime_and_punishment,qb_012486__crime_and_punishment,0.74936855,0.7091314792633057,0.6107321977615356,True
qb_012486,capacity_and_resources,qb_012486__capacity_and_resources,0.76519364,0.7028138637542725,0.6446465253829956,True
qb_012486,health_and_safety,qb_012486__health_and_safety,0.8433181,0.6973747611045837,0.6185744404792786,True
qb_012486,cultural_identity,qb_012486__cultural_identity,0.7660049,0.6712430119514465,0.6268830299377441,True
qb_007797,political,qb_007797__political,0.91915524,0.849126398563385,0.6281148195266724,True
qb_007797,public_sentiment,qb_007797__public_sentiment,0.9363147,0.8530721664428711,0.663492739200592,True
qb_012656,legality_constitutionality,qb_012656__legality_constitutionality,0.8480394,0.7971442937850952,0.6110976338386536,True
qb_012656,policy_prescription,qb_012656__policy_prescription,0.80286944,0.7039720416069031,0.627728283405304,True
qb_021323,health_and_safety,qb_021323__health_and_safety,0.8744632,0.8462696671485901,0.6214722394943237,True
qb_021323,capacity_and_resources,qb_021323__capacity_and_resources,0.83891,0.8221884369850159,0.6043927073478699,True
qb_020709,policy_prescription,qb_020709__policy_prescription,0.84228224,0.7941117286682129,0.6168822050094604,True
qb_020709,economic,qb_020709__economic,0.854002,0.8556504249572754,0.6376205682754517,True
qb_020709,public_sentiment,qb_020709__public_sentiment,0.85268945,0.7968337535858154,0.664282500743866,True
qb_020709,capacity_and_resources,qb_020709__capacity_and_resources,0.8456981,0.8146750926971436,0.6228559613227844,True
qb_012431,political,qb_012431__political,0.90321696,0.7902522087097168,0.6291230916976929,True
qb_012431,fairness_and_equality,qb_012431__fairness_and_equality,0.7719029,0.742412805557251,0.6440809965133667,True
qb_012431,morality,qb_012431__morality,0.83408785,0.772225558757782,0.588000476360321,True
qb_012431,health_and_safety,qb_012431__health_and_safety,0.81052756,0.7407707571983337,0.6042351126670837,True
qb_007775,political,qb_007775__political,0.8799033,0.8010080456733704,0.6819300651550293,True
qb_007775,legality_constitutionality,qb_007775__legality_constitutionality,0.83838844,0.7765069603919983,0.5881589651107788,True
qb_007775,security_and_defense,qb_007775__security_and_defense,0.9003252,0.8056631088256836,0.658791720867157,True
qb_007775,economic,qb_007775__economic,0.7546207,0.7310702800750732,0.608018696308136,True
qb_016683,external_regulation,qb_016683__external_regulation,0.8991256,0.8043469786643982,0.6105669736862183,True
qb_016683,policy_prescription,qb_016683__policy_prescription,0.9148524,0.7681653499603271,0.6651002168655396,True
qb_016683,economic,qb_016683__economic,0.8892083,0.8304151892662048,0.6462166905403137,True
qb_016683,political,qb_016683__political,0.90996516,0.8195767998695374,0.6635648608207703,True
qb_015220,political,qb_015220__political,0.91138804,0.8683986067771912,0.5877297520637512,True
qb_015220,economic,qb_015220__economic,0.8562739,0.7638741731643677,0.6365267038345337,True
qb_015220,capacity_and_resources,qb_015220__capacity_and_resources,0.9387084,0.830668568611145,0.5758771896362305,True
qb_009059,political,qb_009059__political,0.75869817,0.6645693778991699,0.6003531217575073,True
qb_009059,legality_constitutionality,qb_009059__legality_constitutionality,0.88143164,0.7897050976753235,0.5803832411766052,True
qb_009059,public_sentiment,qb_009059__public_sentiment,0.86500883,0.7529575824737549,0.6298057436943054,True
qb_001732,political,qb_001732__political,0.84305155,0.6708845496177673,0.6052287817001343,True
qb_001732,legality_constitutionality,qb_001732__legality_constitutionality,0.81191367,0.7473452091217041,0.6613129377365112,True
qb_019712,economic,qb_019712__economic,0.91672486,0.9026382565498352,0.6097072958946228,True
qb_019712,quality_of_life,qb_019712__quality_of_life,0.8994496,0.9048943519592285,0.6332917213439941,True
qb_007375,political,qb_007375__political,0.88656867,0.8113511800765991,0.6654564142227173,True
qb_007375,policy_prescription,qb_007375__policy_prescription,0.8229537,0.7788956761360168,0.6549516916275024,True
qb_007375,capacity_and_resources,qb_007375__capacity_and_resources,0.88507205,0.807475209236145,0.6457290053367615,True
qb_007375,economic,qb_007375__economic,0.8463745,0.8396642804145813,0.6416229605674744,True
qb_007375,health_and_safety,qb_007375__health_and_safety,0.82128036,0.7690662741661072,0.6179226040840149,True
qb_007375,public_sentiment,qb_007375__public_sentiment,0.8865121,0.7520642280578613,0.6946336627006531,True
qb_017925,economic,qb_017925__economic,0.8188777,,0.6559115648269653,False
qb_019135,legality_constitutionality,qb_019135__legality_constitutionality,0.7963784,0.7264730930328369,0.6205288171768188,True
qb_019135,political,qb_019135__political,0.84098333,0.7045166492462158,0.6278642416000366,True
qb_019135,crime_and_punishment,qb_019135__crime_and_punishment,0.8355284,0.7397701144218445,0.6543280482292175,True
qb_019135,public_sentiment,qb_019135__public_sentiment,0.83520794,0.7267614006996155,0.7097054719924927,True
qb_019135,capacity_and_resources,qb_019135__capacity_and_resources,0.86264724,0.7318481206893921,0.6481431722640991,True
qb_006708,political,qb_006708__political,0.862031,0.7962418794631958,0.5911604166030884,True
qb_006708,legality_constitutionality,qb_006708__legality_constitutionality,0.7798487,0.8427367210388184,0.5903743505477905,True
qb_006708,policy_prescription,qb_006708__policy_prescription,0.8779676,0.8116312026977539,0.6389794945716858,True
qb_010718,health_and_safety,qb_010718__health_and_safety,0.77946794,0.6939716339111328,0.5678901672363281,True
qb_010718,capacity_and_resources,qb_010718__capacity_and_resources,0.79004514,0.7376206517219543,0.6104690432548523,True
qb_010718,quality_of_life,qb_010718__quality_of_life,0.7949202,0.7062991261482239,0.6064625978469849,True
qb_010718,public_sentiment,qb_010718__public_sentiment,0.77535784,0.7331042289733887,0.6408678889274597,True
qb_009552,morality,qb_009552__morality,0.8983786,0.7489508390426636,0.6170101165771484,True
qb_009552,legality_constitutionality,qb_009552__legality_constitutionality,0.8581406,0.7892755270004272,0.6296431422233582,True
qb_009552,economic,qb_009552__economic,0.82704914,0.7236130237579346,0.657609760761261,True
qb_009552,public_sentiment,qb_009552__public_sentiment,0.866987,0.7519757747650146,0.6672480702400208,True
qb_009552,quality_of_life,qb_009552__quality_of_life,0.89197135,0.7919954657554626,0.6299210786819458,True
qb_014370,legality_constitutionality,qb_014370__legality_constitutionality,0.90514934,0.8010499477386475,0.6232032179832458,True
qb_014370,political,qb_014370__political,0.8407296,0.7236135601997375,0.7013776898384094,True
qb_001867,political,qb_001867__political,0.9219836,0.7843881845474243,0.5822576880455017,True
qb_001867,crime_and_punishment,qb_001867__crime_and_punishment,0.8345297,0.7960135340690613,0.574708104133606,True
qb_001867,cultural_identity,qb_001867__cultural_identity,0.8449386,0.7887758016586304,0.6257374286651611,True
qb_001867,public_sentiment,qb_001867__public_sentiment,0.87575877,0.7888069152832031,0.6339856386184692,True
qb_001867,security_and_defense,qb_001867__security_and_defense,0.89119464,0.7976558208465576,0.6338186860084534,True
qb_001867,fairness_and_equality,qb_001867__fairness_and_equality,0.9195816,0.7988544702529907,0.6306413412094116,True
qb_011216,political,qb_011216__political,0.8949268,0.8071804046630859,0.6137093305587769,True
qb_011216,public_sentiment,qb_011216__public_sentiment,0.8585738,0.8291156888008118,0.6211068630218506,True
qb_011216,legality_constitutionality,qb_011216__legality_constitutionality,0.8209638,0.728259265422821,0.6144976615905762,True
qb_011216,external_regulation,qb_011216__external_regulation,0.87663984,0.7746207118034363,0.6886316537857056,True
qb_011216,capacity_and_resources,qb_011216__capacity_and_resources,0.88777405,0.8078653812408447,0.6534382700920105,True
qb_003665,security_and_defense,qb_003665__security_and_defense,0.92087924,0.7962769269943237,0.5938604474067688,True
qb_003665,political,qb_003665__political,0.8363717,0.7380433678627014,0.6396071314811707,True
qb_003665,capacity_and_resources,qb_003665__capacity_and_resources,0.8234657,0.7776253819465637,0.5755242109298706,True
qb_003665,health_and_safety,qb_003665__health_and_safety,0.7927028,0.7080546617507935,0.6343787908554077,True
qb_003665,public_sentiment,qb_003665__public_sentiment,0.787884,0.7587963938713074,0.6353086233139038,True
qb_003665,policy_prescription,qb_003665__policy_prescription,0.75977254,0.7193936109542847,0.614065945148468,True
qb_011848,security_and_defense,qb_011848__security_and_defense,0.8609013,0.8486340641975403,0.6697575449943542,True
qb_011848,political,qb_011848__political,0.9242828,0.8137115240097046,0.6477233171463013,True
qb_011848,policy_prescription,qb_011848__policy_prescription,0.82976836,0.7301332950592041,0.6055704951286316,True
qb_011848,public_sentiment,qb_011848__public_sentiment,0.8949588,0.800794780254364,0.6484139561653137,True
qb_011848,cultural_identity,qb_011848__cultural_identity,0.8808423,0.7811667323112488,0.6532061696052551,True
qb_004676,political,qb_004676__political,0.7905115,0.7440304756164551,0.5739790201187134,True
qb_004676,cultural_identity,qb_004676__cultural_identity,0.88793266,0.7761997580528259,0.6314815878868103,True
qb_004676,policy_prescription,qb_004676__policy_prescription,0.89774704,0.7116870284080505,0.6593722105026245,True
qb_004676,capacity_and_resources,qb_004676__capacity_and_resources,0.86522216,0.7375615239143372,0.6441695690155029,True
qb_004676,morality,qb_004676__morality,0.93060184,0.7561105489730835,0.6397677659988403,True
qb_004676,public_sentiment,qb_004676__public_sentiment,0.8832408,0.7585992813110352,0.6742066740989685,True
qb_016483,health_and_safety,qb_016483__health_and_safety,0.81400174,0.7059570550918579,0.6116290092468262,True
qb_016483,capacity_and_resources,qb_016483__capacity_and_resources,0.8361644,0.7058398127555847,0.6062333583831787,True
qb_016483,public_sentiment,qb_016483__public_sentiment,0.87389416,0.8033261299133301,0.6957715153694153,True
qb_007716,security_and_defense,qb_007716__security_and_defense,0.8091073,0.6863014101982117,0.6418517827987671,True
qb_007716,external_regulation,qb_007716__external_regulation,0.69330674,0.6695201396942139,0.6345373392105103,True
qb_020024,security_and_defense,qb_020024__security_and_defense,0.8016369,0.7771822214126587,0.6186219453811646,True
qb_020024,external_regulation,qb_020024__external_regulation,0.8478887,0.8104228377342224,0.5973857641220093,True
qb_020024,policy_prescription,qb_020024__policy_prescription,0.78971004,0.7749333381652832,0.586085855960846,True
qb_020717,political,qb_020717__political,0.8420137,0.7972243428230286,0.6479629278182983,True
qb_020717,public_sentiment,qb_020717__public_sentiment,0.8895608,0.7592806220054626,0.6569603681564331,True
qb_012238,crime_and_punishment,qb_012238__crime_and_punishment,0.84681976,0.8205968737602234,0.6229808926582336,True
qb_012238,legality_constitutionality,qb_012238__legality_constitutionality,0.8295665,0.8486021757125854,0.6645990610122681,True
qb_012238,political,qb_012238__political,0.90272593,0.8493315577507019,0.6382404565811157,True
qb_003747,legality_constitutionality,qb_003747__legality_constitutionality,0.82370186,0.7037895321846008,0.6298707723617554,True
qb_003747,crime_and_punishment,qb_003747__crime_and_punishment,0.8291837,0.7524371147155762,0.6786154508590698,True
qb_003747,economic,qb_003747__economic,0.68325067,0.6479455828666687,0.5503417253494263,True
qb_003747,fairness_and_equality,qb_003747__fairness_and_equality,0.87854064,0.7592344284057617,0.6116375923156738,True
qb_003747,political,qb_003747__political,0.8780672,0.7537153959274292,0.7222633361816406,True
qb_007314,political,qb_007314__political,0.8611702,0.7326552271842957,0.6452521085739136,True
qb_007314,public_sentiment,qb_007314__public_sentiment,0.8533579,0.7523652911186218,0.6402225494384766,True
qb_007314,security_and_defense,qb_007314__security_and_defense,0.8856418,0.7677361369132996,0.635694682598114,True
qb_007314,policy_prescription,qb_007314__policy_prescription,0.78057665,0.6907991766929626,0.6147714853286743,True
qb_017430,health_and_safety,qb_017430__health_and_safety,0.8108202,0.7151825428009033,0.5916811227798462,True
qb_017430,political,qb_017430__political,0.87952346,0.819782018661499,0.6858816146850586,True
qb_017430,public_sentiment,qb_017430__public_sentiment,0.89419484,0.840440034866333,0.6780967116355896,True
qb_012930,public_sentiment,qb_012930__public_sentiment,0.8594215,0.7767985463142395,0.6058743000030518,True
qb_012930,quality_of_life,qb_012930__quality_of_life,0.8636571,0.7587946057319641,0.5766064524650574,True
qb_012930,economic,qb_012930__economic,0.684337,0.7554721236228943,0.5912308096885681,True
qb_012930,legality_constitutionality,qb_012930__legality_constitutionality,0.8427064,0.7028083205223083,0.6153215169906616,True
qb_000433,political,qb_000433__political,0.83839756,0.8031162023544312,0.640680730342865,True
qb_000433,morality,qb_000433__morality,0.9124852,0.7463169693946838,0.5888955593109131,True
qb_000433,public_sentiment,qb_000433__public_sentiment,0.75619936,0.722855806350708,0.6327035427093506,True
qb_015881,security_and_defense,qb_015881__security_and_defense,0.938697,0.8404484987258911,0.5811989307403564,True
qb_015881,public_sentiment,qb_015881__public_sentiment,0.8620671,0.7383098602294922,0.6401451826095581,True
qb_015881,political,qb_015881__political,0.84373,0.8099504709243774,0.6309935450553894,True
qb_015881,crime_and_punishment,qb_015881__crime_and_punishment,0.9252503,0.7726019620895386,0.5596866607666016,True
qb_015881,legality_constitutionality,qb_015881__legality_constitutionality,0.80251753,0.7994864583015442,0.5496550798416138,True
qb_003060,health_and_safety,qb_003060__health_and_safety,0.86675715,0.7450916171073914,0.6295728087425232,True
qb_003060,policy_prescription,qb_003060__policy_prescription,0.8472408,0.7864951491355896,0.6795900464057922,True
qb_003060,political,qb_003060__political,0.8632334,0.7601733207702637,0.6649402379989624,True
qb_003060,economic,qb_003060__economic,0.79104775,0.728043258190155,0.6597462892532349,True
qb_001815,legality_constitutionality,qb_001815__legality_constitutionality,0.9066557,0.8842206597328186,0.5905268788337708,True
qb_001815,political,qb_001815__political,0.9455981,0.9089022874832153,0.6516529321670532,True
qb_001815,economic,qb_001815__economic,0.90285134,0.7885710000991821,0.5817426443099976,True
qb_003153,security_and_defense,qb_003153__security_and_defense,0.89998436,0.8280540704727173,0.6203576326370239,True
qb_003153,capacity_and_resources,qb_003153__capacity_and_resources,0.8266957,0.8317504525184631,0.6197736263275146,True
qb_011654,health_and_safety,qb_011654__health_and_safety,0.78131604,0.7366299629211426,0.643844723701477,True
qb_011654,capacity_and_resources,qb_011654__capacity_and_resources,0.84055734,0.8026236295700073,0.6098510026931763,True
qb_011654,policy_prescription,qb_011654__policy_prescription,0.87225145,0.8244959115982056,0.6302472352981567,True
qb_011515,political,qb_011515__political,0.8762213,0.7400875687599182,0.6897815465927124,True
qb_011515,external_regulation,qb_011515__external_regulation,0.7503059,0.7271476984024048,0.6404909491539001,True
qb_011515,security_and_defense,qb_011515__security_and_defense,0.74461156,0.7535926699638367,0.5905513763427734,True
qb_011515,capacity_and_resources,qb_011515__capacity_and_resources,0.85685784,0.7035917043685913,0.612486720085144,True
qb_011515,policy_prescription,qb_011515__policy_prescription,0.81749,0.7268848419189453,0.6288945078849792,True
qb_011515,morality,qb_011515__morality,0.8535973,0.7487069964408875,0.648215115070343,True
qb_011515,public_sentiment,qb_011515__public_sentiment,0.7843468,0.7514350414276123,0.648176908493042,True
qb_007312,political,qb_007312__political,0.93961346,0.8350783586502075,0.6121155619621277,True
qb_007312,morality,qb_007312__morality,0.896582,0.7594320774078369,0.6502206325531006,True
qb_007312,public_sentiment,qb_007312__public_sentiment,0.9159868,0.7976385951042175,0.6600849032402039,True
qb_020582,crime_and_punishment,qb_020582__crime_and_punishment,0.77468157,0.7345755696296692,0.6134904623031616,True
qb_020582,public_sentiment,qb_020582__public_sentiment,0.89758396,0.7554322481155396,0.6291438937187195,True
qb_020582,legality_constitutionality,qb_020582__legality_constitutionality,0.88028675,0.6882854700088501,0.595145046710968,True
qb_020582,fairness_and_equality,qb_020582__fairness_and_equality,0.78541,0.7711420655250549,0.6215928196907043,True
qb_020582,political,qb_020582__political,0.8349858,0.7630121111869812,0.6824824810028076,True
qb_020582,security_and_defense,qb_020582__security_and_defense,0.8782992,0.7615439295768738,0.6860236525535583,True
qb_000405,security_and_defense,qb_000405__security_and_defense,0.9125388,0.8628202080726624,0.6317552328109741,True
qb_000405,political,qb_000405__political,0.85445166,0.7469074726104736,0.61765056848526,True
qb_000405,policy_prescription,qb_000405__policy_prescription,0.8580473,0.7967149615287781,0.6648678183555603,True
qb_000405,capacity_and_resources,qb_000405__capacity_and_resources,0.8781037,0.8233916163444519,0.6064689755439758,True
qb_006969,health_and_safety,qb_006969__health_and_safety,0.8720094,0.7020988464355469,0.6309350728988647,True
qb_006969,political,qb_006969__political,0.8323399,0.7551112174987793,0.6390131115913391,True
qb_006969,public_sentiment,qb_006969__public_sentiment,0.8435296,0.7662562131881714,0.6515671014785767,True
qb_006969,policy_prescription,qb_006969__policy_prescription,0.8440306,0.729181706905365,0.6596786379814148,True
qb_006969,economic,qb_006969__economic,0.78720367,0.7416900396347046,0.6593559980392456,True
qb_019540,legality_constitutionality,qb_019540__legality_constitutionality,0.886912,0.8370918035507202,0.6156772971153259,True
qb_019540,crime_and_punishment,qb_019540__crime_and_punishment,0.84273,0.8099108934402466,0.6049185991287231,True
qb_019540,political,qb_019540__political,0.85067177,0.7758083939552307,0.6529133319854736,True
qb_016798,economic,qb_016798__economic,0.823618,0.8235293626785278,0.628873884677887,True
qb_016798,public_sentiment,qb_016798__public_sentiment,0.8220943,0.7317392826080322,0.6108459234237671,True
qb_010138,legality_constitutionality,qb_010138__legality_constitutionality,0.8792577,0.8045327663421631,0.6016151309013367,True
qb_010138,economic,qb_010138__economic,0.84295607,0.7869303822517395,0.6025459170341492,True
qb_010138,morality,qb_010138__morality,0.83961093,0.7535576820373535,0.6480110883712769,True
qb_010138,public_sentiment,qb_010138__public_sentiment,0.815085,0.7091561555862427,0.6418636441230774,True
qb_010138,quality_of_life,qb_010138__quality_of_life,0.83686316,0.7500563859939575,0.6074734926223755,True
qb_007387,security_and_defense,qb_007387__security_and_defense,0.88297766,0.795843780040741,0.60382080078125,True
qb_007387,political,qb_007387__political,0.86565,0.7399132251739502,0.6042332649230957,True
qb_007387,capacity_and_resources,qb_007387__capacity_and_resources,0.7930675,0.7564340233802795,0.6453470587730408,True
qb_007387,policy_prescription,qb_007387__policy_prescription,0.84784377,0.7375529408454895,0.574434220790863,True
qb_007387,morality,qb_007387__morality,0.9092176,0.7315573692321777,0.5889677405357361,True
qb_009379,economic,qb_009379__economic,0.85086405,0.7349785566329956,0.6265945434570312,True
qb_009379,political,qb_009379__political,0.84259117,0.7198249697685242,0.6123092770576477,True
qb_009379,capacity_and_resources,qb_009379__capacity_and_resources,0.8185731,0.6972588300704956,0.6475433111190796,True
qb_011176,legality_constitutionality,qb_011176__legality_constitutionality,0.8948397,0.7275888323783875,0.6171568632125854,True
qb_011176,policy_prescription,qb_011176__policy_prescription,0.88670075,0.7246758937835693,0.6263670921325684,True
qb_011176,security_and_defense,qb_011176__security_and_defense,0.829121,0.7973084449768066,0.5976141691207886,True
qb_011176,public_sentiment,qb_011176__public_sentiment,0.85233474,0.7105957865715027,0.6770526766777039,True
qb_002787,political,qb_002787__political,0.8983873,0.8514313697814941,0.6437536478042603,True
qb_002787,policy_prescription,qb_002787__policy_prescription,0.8949593,0.8228917121887207,0.62840735912323,True
qb_002787,security_and_defense,qb_002787__security_and_defense,0.9071477,0.8641824722290039,0.6226669549942017,True
qb_002787,external_regulation,qb_002787__external_regulation,0.8565155,0.8196206092834473,0.6544268131256104,True
qb_000273,health_and_safety,qb_000273__health_and_safety,0.7867223,,0.5750309228897095,False
qb_014860,security_and_defense,qb_014860__security_and_defense,0.83624244,0.7839930653572083,0.6394973993301392,True
qb_014860,external_regulation,qb_014860__external_regulation,0.8782357,0.8076930046081543,0.6006401181221008,True
qb_014860,policy_prescription,qb_014860__policy_prescription,0.8162059,0.7754924297332764,0.5848706364631653,True
qb_014860,political,qb_014860__political,0.8083948,0.7877256274223328,0.631799578666687,True
qb_006574,legality_constitutionality,qb_006574__legality_constitutionality,0.7640717,0.752767026424408,0.6873018741607666,True
qb_006574,crime_and_punishment,qb_006574__crime_and_punishment,0.78853154,0.7142564654350281,0.680856466293335,True
qb_006574,political,qb_006574__political,0.86770123,0.7822954058647156,0.6082910895347595,True
qb_006574,security_and_defense,qb_006574__security_and_defense,0.80978006,0.7253608703613281,0.634101152420044,True
qb_006574,public_sentiment,qb_006574__public_sentiment,0.8901521,0.756389319896698,0.709250271320343,True
qb_013758,legality_constitutionality,qb_013758__legality_constitutionality,0.80765665,0.7829786539077759,0.6513094305992126,True
qb_013758,political,qb_013758__political,0.94301045,0.8388513922691345,0.6206798553466797,True
qb_013758,crime_and_punishment,qb_013758__crime_and_punishment,0.8966633,0.8471047878265381,0.6264055967330933,True
qb_014665,legality_constitutionality,qb_014665__legality_constitutionality,0.8167072,0.8045161366462708,0.6158261895179749,True
qb_014665,health_and_safety,qb_014665__health_and_safety,0.83277464,0.776435911655426,0.6417741775512695,True
qb_000799,security_and_defense,qb_000799__security_and_defense,0.7854472,0.7144255638122559,0.6360433101654053,True
qb_000799,political,qb_000799__political,0.8298507,0.7305599451065063,0.7024967074394226,True
qb_000799,external_regulation,qb_000799__external_regulation,0.7979304,0.7522097826004028,0.6512191295623779,True
qb_000799,capacity_and_resources,qb_000799__capacity_and_resources,0.7984791,0.6989052891731262,0.6241624355316162,True
qb_000799,policy_prescription,qb_000799__policy_prescription,0.75185204,0.7455253601074219,0.634539783000946,True
qb_000799,crime_and_punishment,qb_000799__crime_and_punishment,0.746803,0.7100768685340881,0.6160591840744019,True
qb_014657,political,qb_014657__political,0.9258225,0.8398129940032959,0.6502400636672974,True
qb_014657,public_sentiment,qb_014657__public_sentiment,0.8770432,0.7648683786392212,0.6354911923408508,True
qb_014283,crime_and_punishment,qb_014283__crime_and_punishment,0.7492393,0.7089950442314148,0.6355975866317749,True
qb_014283,legality_constitutionality,qb_014283__legality_constitutionality,0.8353249,0.7498590350151062,0.6051178574562073,True
qb_014283,public_sentiment,qb_014283__public_sentiment,0.8301535,0.7256081104278564,0.6558799743652344,True
qb_014283,morality,qb_014283__morality,0.84441304,0.7371242642402649,0.6165521740913391,True
qb_000880,health_and_safety,qb_000880__health_and_safety,0.8669835,0.7488274574279785,0.6391280889511108,True
qb_000880,policy_prescription,qb_000880__policy_prescription,0.80552906,0.7518017888069153,0.6227548122406006,True
qb_000880,capacity_and_resources,qb_000880__capacity_and_resources,0.85501885,0.7421978712081909,0.6083579659461975,True
qb_000880,economic,qb_000880__economic,0.8167932,0.80650794506073,0.5972011685371399,True
qb_000880,quality_of_life,qb_000880__quality_of_life,0.8170028,0.7311414480209351,0.6326025128364563,True
qb_000880,political,qb_000880__political,0.8563945,0.7402165532112122,0.6303611397743225,True
qb_000880,security_and_defense,qb_000880__security_and_defense,0.84027505,0.7858431935310364,0.6198241710662842,True
qb_000880,cultural_identity,qb_000880__cultural_identity,0.8970741,0.7073220014572144,0.6199145913124084,True
qb_021024,external_regulation,qb_021024__external_regulation,0.89478016,0.7736489772796631,0.5914596319198608,True
qb_021024,political,qb_021024__political,0.8490152,0.7753487825393677,0.5887877345085144,True
qb_013479,cultural_identity,qb_013479__cultural_identity,0.85431725,0.7093595266342163,0.6505815982818604,True
qb_013479,public_sentiment,qb_013479__public_sentiment,0.9002892,0.7677207589149475,0.6422195434570312,True
qb_013479,fairness_and_equality,qb_013479__fairness_and_equality,0.8633467,0.7797036170959473,0.6301775574684143,True
qb_013479,crime_and_punishment,qb_013479__crime_and_punishment,0.7377324,0.800743818283081,0.6298395991325378,True
qb_013479,security_and_defense,qb_013479__security_and_defense,0.82457817,0.7416305541992188,0.6295954585075378,True
qb_021006,crime_and_punishment,qb_021006__crime_and_punishment,0.79434043,0.7048439979553223,0.5601706504821777,True
qb_021006,legality_constitutionality,qb_021006__legality_constitutionality,0.8402176,0.7699159383773804,0.5650920867919922,True
qb_021006,security_and_defense,qb_021006__security_and_defense,0.8329088,0.7278909683227539,0.5781675577163696,True
qb_016572,political,qb_016572__political,0.85647255,0.812595546245575,0.6451293230056763,True
qb_016572,policy_prescription,qb_016572__policy_prescription,0.80250466,0.7466114163398743,0.6698883771896362,True
qb_016572,morality,qb_016572__morality,0.8248477,0.7691777944564819,0.6488633155822754,True
qb_006350,economic,qb_006350__economic,0.8789725,0.7701079249382019,0.6270037889480591,True
qb_006350,quality_of_life,qb_006350__quality_of_life,0.7911788,0.7971487045288086,0.610959529876709,True
qb_003967,legality_constitutionality,qb_003967__legality_constitutionality,0.8616371,0.8084754943847656,0.5915891528129578,True
qb_003967,economic,qb_003967__economic,0.7825634,0.760458767414093,0.6356741786003113,True
qb_003967,cultural_identity,qb_003967__cultural_identity,0.9146197,0.7870880961418152,0.5704766511917114,True
qb_003967,public_sentiment,qb_003967__public_sentiment,0.89532566,0.7302911877632141,0.6448678374290466,True
qb_021019,economic,qb_021019__economic,0.8514807,,0.5847311615943909,False
qb_012001,policy_prescription,qb_012001__policy_prescription,0.88335013,0.7913771271705627,0.5912753343582153,True
qb_012001,legality_constitutionality,qb_012001__legality_constitutionality,0.83737516,0.7611951231956482,0.6378117799758911,True
qb_012001,political,qb_012001__political,0.8550353,0.7748508453369141,0.646285355091095,True
qb_012001,security_and_defense,qb_012001__security_and_defense,0.83103037,0.7967796325683594,0.6376021504402161,True
qb_021366,political,qb_021366__political,0.86008227,0.7423474192619324,0.6601969003677368,True
qb_021366,policy_prescription,qb_021366__policy_prescription,0.81146437,0.7975531220436096,0.6007057428359985,True
qb_021366,public_sentiment,qb_021366__public_sentiment,0.80188894,0.7353312969207764,0.6491462588310242,True
qb_021366,health_and_safety,qb_021366__health_and_safety,0.8680249,0.7692950367927551,0.6869249939918518,True
qb_007404,economic,qb_007404__economic,0.838661,0.7858483195304871,0.6097490191459656,True
qb_007404,political,qb_007404__political,0.8220527,0.7462903261184692,0.6513974070549011,True
qb_007404,capacity_and_resources,qb_007404__capacity_and_resources,0.811447,0.7716930508613586,0.6200469732284546,True
qb_007404,public_sentiment,qb_007404__public_sentiment,0.8589104,0.7544840574264526,0.6797536611557007,True
qb_007404,policy_prescription,qb_007404__policy_prescription,0.84254545,0.7593560814857483,0.6415780186653137,True
qb_007404,morality,qb_007404__morality,0.8198629,0.7691328525543213,0.6266875267028809,True
qb_005623,legality_constitutionality,qb_005623__legality_constitutionality,0.8080989,0.8119655251502991,0.6610016822814941,True
qb_005623,political,qb_005623__political,0.9112185,0.716295063495636,0.6437954902648926,True
qb_009740,legality_constitutionality,qb_009740__legality_constitutionality,0.90194523,0.7686808705329895,0.61887526512146,True
qb_009740,political,qb_009740__political,0.92912984,0.856578528881073,0.6047576665878296,True
qb_009740,crime_and_punishment,qb_009740__crime_and_punishment,0.9196112,0.7506203651428223,0.5808397531509399,True
qb_009740,security_and_defense,qb_009740__security_and_defense,0.92751,0.8226029276847839,0.5985102653503418,True
qb_009829,political,qb_009829__political,0.8881652,0.85466468334198,0.6901388168334961,True
qb_009829,public_sentiment,qb_009829__public_sentiment,0.8442694,0.7976229786872864,0.6459750533103943,True
qb_009829,policy_prescription,qb_009829__policy_prescription,0.8919334,0.7824891805648804,0.653605580329895,True
qb_009829,capacity_and_resources,qb_009829__capacity_and_resources,0.9321788,0.7651373147964478,0.6130088567733765,True
qb_009829,security_and_defense,qb_009829__security_and_defense,0.9284652,0.831533670425415,0.6441423892974854,True
qb_007231,legality_constitutionality,qb_007231__legality_constitutionality,0.7703898,0.7448750138282776,0.6338492631912231,True
qb_007231,policy_prescription,qb_007231__policy_prescription,0.8855593,0.749093770980835,0.6425412893295288,True
qb_007231,political,qb_007231__political,0.8278561,0.7330361604690552,0.6742924451828003,True
qb_017878,public_sentiment,qb_017878__public_sentiment,0.7847459,0.8957741260528564,0.6514314413070679,True
qb_017878,political,qb_017878__political,0.83106333,0.7245638370513916,0.6428056955337524,True
qb_003103,political,qb_003103__political,0.9127258,0.7562015652656555,0.6778292655944824,True
qb_003103,external_regulation,qb_003103__external_regulation,0.80430603,0.8082945346832275,0.7086968421936035,True
qb_003103,security_and_defense,qb_003103__security_and_defense,0.85137594,0.8308424353599548,0.6835830807685852,True
qb_012021,health_and_safety,qb_012021__health_and_safety,0.83433604,0.8023703694343567,0.5896311402320862,True
qb_012021,fairness_and_equality,qb_012021__fairness_and_equality,0.9137716,0.7764781713485718,0.6042582392692566,True
qb_012021,external_regulation,qb_012021__external_regulation,0.8484139,0.811450719833374,0.6211049556732178,True
qb_012021,capacity_and_resources,qb_012021__capacity_and_resources,0.8467225,0.8049030303955078,0.6252691149711609,True
qb_012021,public_sentiment,qb_012021__public_sentiment,0.9196503,0.7761726379394531,0.6625297665596008,True
qb_015491,health_and_safety,qb_015491__health_and_safety,0.87665844,0.7411611080169678,0.6399232149124146,True
qb_015491,capacity_and_resources,qb_015491__capacity_and_resources,0.72847176,0.6681236624717712,0.5513386726379395,True
qb_015491,policy_prescription,qb_015491__policy_prescription,0.8140675,0.8032176494598389,0.605472207069397,True
qb_015491,quality_of_life,qb_015491__quality_of_life,0.76006925,0.8175666332244873,0.6291490793228149,True
qb_010739,legality_constitutionality,qb_010739__legality_constitutionality,0.8075471,0.7750062346458435,0.6189044117927551,True
qb_010739,policy_prescription,qb_010739__policy_prescription,0.8190529,0.7673156261444092,0.6259657144546509,True
qb_010739,crime_and_punishment,qb_010739__crime_and_punishment,0.68377066,0.7831851840019226,0.6178123950958252,True
qb_010739,political,qb_010739__political,0.8346313,0.7201985716819763,0.6868780255317688,True
qb_009402,external_regulation,qb_009402__external_regulation,0.78745514,0.7127029895782471,0.6630423665046692,True
qb_009402,political,qb_009402__political,0.8788439,0.6584540605545044,0.6573655009269714,True
qb_001857,health_and_safety,qb_001857__health_and_safety,0.7673012,0.7307710647583008,0.6493914723396301,True
qb_001857,capacity_and_resources,qb_001857__capacity_and_resources,0.8009063,0.7845677137374878,0.6581314206123352,True
qb_001857,security_and_defense,qb_001857__security_and_defense,0.8249195,0.8122109174728394,0.6845463514328003,True
qb_011139,legality_constitutionality,qb_011139__legality_constitutionality,0.7893158,0.7224570512771606,0.6056984663009644,True
qb_011139,political,qb_011139__political,0.86572856,0.7502171993255615,0.6581463813781738,True
qb_011139,public_sentiment,qb_011139__public_sentiment,0.8376589,0.7515008449554443,0.6789630651473999,True
qb_001997,policy_prescription,qb_001997__policy_prescription,0.81299114,0.7605621814727783,0.6058389544487,True
qb_001997,political,qb_001997__political,0.8909664,0.7265326380729675,0.6191197037696838,True
qb_001997,economic,qb_001997__economic,0.91554797,0.8109593987464905,0.622279942035675,True
qb_001997,health_and_safety,qb_001997__health_and_safety,0.83548814,0.7950201034545898,0.6002174019813538,True
qb_017682,security_and_defense,qb_017682__security_and_defense,0.8502667,0.7799824476242065,0.6145605444908142,True
qb_017682,external_regulation,qb_017682__external_regulation,0.81209815,0.7207573056221008,0.6866687536239624,True
qb_017682,political,qb_017682__political,0.8995973,0.6828947067260742,0.6271507740020752,True
qb_017682,capacity_and_resources,qb_017682__capacity_and_resources,0.8265267,0.7182679772377014,0.6207321882247925,True
qb_017682,health_and_safety,qb_017682__health_and_safety,0.80235523,0.6964766979217529,0.6385022401809692,True
qb_016811,political,qb_016811__political,0.8346117,0.7706094980239868,0.6870548129081726,True
qb_016811,legality_constitutionality,qb_016811__legality_constitutionality,0.8112521,0.7125471830368042,0.6260722279548645,True
qb_016811,public_sentiment,qb_016811__public_sentiment,0.75261664,0.6484885811805725,0.6308019757270813,True
qb_013355,health_and_safety,qb_013355__health_and_safety,0.81524366,0.7435924410820007,0.6400805711746216,True
qb_013355,capacity_and_resources,qb_013355__capacity_and_resources,0.77800775,0.7999608516693115,0.6789236664772034,True
qb_013355,legality_constitutionality,qb_013355__legality_constitutionality,0.84116095,0.8364478945732117,0.6836111545562744,True
qb_013355,political,qb_013355__political,0.9114864,0.8009371161460876,0.6265606880187988,True
qb_014337,political,qb_014337__political,0.8323494,0.7847545146942139,0.6779146194458008,True
qb_014337,security_and_defense,qb_014337__security_and_defense,0.90107155,0.7642555832862854,0.6042896509170532,True
qb_020112,political,qb_020112__political,0.8639067,0.7851155400276184,0.6633520126342773,True
qb_020112,policy_prescription,qb_020112__policy_prescription,0.8181575,0.7408714294433594,0.6907302737236023,True
qb_020112,health_and_safety,qb_020112__health_and_safety,0.7899852,0.7438295483589172,0.6161447763442993,True
qb_020112,public_sentiment,qb_020112__public_sentiment,0.8093617,0.7554430961608887,0.659673810005188,True
qb_007912,policy_prescription,qb_007912__policy_prescription,0.90262306,0.7915037274360657,0.578557014465332,True
qb_007912,fairness_and_equality,qb_007912__fairness_and_equality,0.90901315,0.8604561686515808,0.5787335634231567,True
qb_007912,cultural_identity,qb_007912__cultural_identity,0.9063358,0.8526996970176697,0.5920556783676147,True
qb_007912,public_sentiment,qb_007912__public_sentiment,0.8466035,0.7886964678764343,0.6561399102210999,True
qb_013811,economic,qb_013811__economic,0.8300401,0.8120099306106567,0.6626012325286865,True
qb_013811,policy_prescription,qb_013811__policy_prescription,0.92201626,0.7896552085876465,0.6067370176315308,True
qb_013811,capacity_and_resources,qb_013811__capacity_and_resources,0.85112756,0.8084949254989624,0.6457594633102417,True
qb_013811,political,qb_013811__political,0.900354,0.7813543081283569,0.6500452160835266,True
qb_013811,public_sentiment,qb_013811__public_sentiment,0.8104702,0.804866373538971,0.6468932628631592,True
qb_008444,political,qb_008444__political,0.7217803,0.6799521446228027,0.633943498134613,True
qb_008444,capacity_and_resources,qb_008444__capacity_and_resources,0.7053797,0.688843846321106,0.5970674753189087,True
qb_008444,public_sentiment,qb_008444__public_sentiment,0.8514224,0.7580866813659668,0.6264211535453796,True
qb_012352,legality_constitutionality,qb_012352__legality_constitutionality,0.92225003,0.8533787727355957,0.6982203722000122,True
qb_012352,crime_and_punishment,qb_012352__crime_and_punishment,0.9687738,0.8531283736228943,0.6587238311767578,True
qb_012352,political,qb_012352__political,0.9100543,0.8301160335540771,0.6579343676567078,True
qb_012352,external_regulation,qb_012352__external_regulation,0.8743034,0.8489144444465637,0.6691228747367859,True
qb_004548,security_and_defense,qb_004548__security_and_defense,0.81480914,0.7898849248886108,0.6761778593063354,True
qb_004548,external_regulation,qb_004548__external_regulation,0.8595629,0.8074053525924683,0.6161141395568848,True
qb_004548,economic,qb_004548__economic,0.80384994,0.7469956278800964,0.6357256770133972,True
qb_004548,policy_prescription,qb_004548__policy_prescription,0.8300148,0.7800072431564331,0.6429365277290344,True
qb_004548,legality_constitutionality,qb_004548__legality_constitutionality,0.7896344,0.7675690650939941,0.6661821603775024,True
qb_004548,political,qb_004548__political,0.939903,0.8121487498283386,0.675319492816925,True
qb_009185,political,qb_009185__political,0.8797475,0.7585776448249817,0.6445404291152954,True
qb_009185,legality_constitutionality,qb_009185__legality_constitutionality,0.76424813,0.7856869697570801,0.5887974500656128,True
qb_009185,crime_and_punishment,qb_009185__crime_and_punishment,0.79294574,0.7712337374687195,0.6537374258041382,True
qb_010133,health_and_safety,qb_010133__health_and_safety,0.9336202,0.9070360064506531,0.6765141487121582,True
qb_010133,public_sentiment,qb_010133__public_sentiment,0.9104686,0.9136335253715515,0.6710716485977173,True
qb_010133,political,qb_010133__political,0.9321803,0.9442708492279053,0.6227154731750488,True
qb_010133,policy_prescription,qb_010133__policy_prescription,0.95668155,0.9105334281921387,0.6337634921073914,True
qb_002573,policy_prescription,qb_002573__policy_prescription,0.90501225,0.8776911497116089,0.6041065454483032,True
qb_002573,legality_constitutionality,qb_002573__legality_constitutionality,0.86067176,0.8062916994094849,0.6382222175598145,True
qb_002573,political,qb_002573__political,0.914012,0.8702824711799622,0.6150887608528137,True
qb_002573,fairness_and_equality,qb_002573__fairness_and_equality,0.83151567,0.771283745765686,0.5974222421646118,True
qb_002573,economic,qb_002573__economic,0.8223911,0.8312269449234009,0.6905590295791626,True
qb_008540,legality_constitutionality,qb_008540__legality_constitutionality,0.82873446,0.8718265295028687,0.5729986429214478,True
qb_008540,political,qb_008540__political,0.93511254,0.7895128726959229,0.6208061575889587,True
qb_012198,economic,qb_012198__economic,0.81086266,0.8139318823814392,0.6401627659797668,True
qb_012198,external_regulation,qb_012198__external_regulation,0.77580976,0.7827821969985962,0.6419458389282227,True
qb_012198,policy_prescription,qb_012198__policy_prescription,0.77688426,0.7572268843650818,0.6563418507575989,True
qb_004362,capacity_and_resources,qb_004362__capacity_and_resources,0.79876256,0.7512831687927246,0.581705629825592,True
qb_004362,health_and_safety,qb_004362__health_and_safety,0.8135575,0.7910913825035095,0.6242460012435913,True
qb_004362,economic,qb_004362__economic,0.88355255,0.7299004197120667,0.5793090462684631,True
qb_002881,economic,qb_002881__economic,0.76906025,0.7497358322143555,0.6287103891372681,True
qb_002881,public_sentiment,qb_002881__public_sentiment,0.8424208,0.699580729007721,0.6243995428085327,True
qb_007498,economic,qb_007498__economic,0.78712857,0.7861881852149963,0.6413663029670715,True
qb_007498,health_and_safety,qb_007498__health_and_safety,0.86790156,0.7324549555778503,0.5766291618347168,True
qb_007498,policy_prescription,qb_007498__policy_prescription,0.93680763,0.768660843372345,0.5974571704864502,True
qb_007498,quality_of_life,qb_007498__quality_of_life,0.80468416,0.8196401000022888,0.628261148929596,True
qb_014289,economic,qb_014289__economic,0.86906826,0.8171628713607788,0.6484119296073914,True
qb_014289,policy_prescription,qb_014289__policy_prescription,0.8230328,0.8310726881027222,0.6442669034004211,True
qb_014289,fairness_and_equality,qb_014289__fairness_and_equality,0.8558928,0.8498845100402832,0.6145553588867188,True
qb_014289,political,qb_014289__political,0.87703276,0.763849675655365,0.6615034937858582,True
qb_014289,health_and_safety,qb_014289__health_and_safety,0.8544384,0.7764172554016113,0.6214320063591003,True
qb_000304,political,qb_000304__political,0.8808997,0.8062630295753479,0.5882759094238281,True
qb_000304,policy_prescription,qb_000304__policy_prescription,0.9315249,0.8469075560569763,0.6122313141822815,True
qb_000304,health_and_safety,qb_000304__health_and_safety,0.8816732,0.8052412271499634,0.620297908782959,True
qb_000304,public_sentiment,qb_000304__public_sentiment,0.89503735,0.81926429271698,0.6198619604110718,True
qb_000304,legality_constitutionality,qb_000304__legality_constitutionality,0.9336629,0.7686806321144104,0.6375289559364319,True
qb_008563,legality_constitutionality,qb_008563__legality_constitutionality,0.83522534,0.844660758972168,0.5677698850631714,True
qb_008563,crime_and_punishment,qb_008563__crime_and_punishment,0.934979,0.7111803293228149,0.6243124008178711,True
qb_010337,security_and_defense,qb_010337__security_and_defense,0.8276774,0.7701066136360168,0.6257606744766235,True
qb_010337,external_regulation,qb_010337__external_regulation,0.7628087,0.7496723532676697,0.6273128390312195,True
qb_010337,crime_and_punishment,qb_010337__crime_and_punishment,0.7607234,0.7357973456382751,0.5942299962043762,True
qb_010337,policy_prescription,qb_010337__policy_prescription,0.8007593,0.8124093413352966,0.618514895439148,True
qb_014455,legality_constitutionality,qb_014455__legality_constitutionality,0.90970254,0.8557133674621582,0.6536112427711487,True
qb_014455,policy_prescription,qb_014455__policy_prescription,0.90286577,0.8064923286437988,0.6084463000297546,True
qb_014455,security_and_defense,qb_014455__security_and_defense,0.88651055,0.8448917865753174,0.6377462148666382,True
qb_014455,political,qb_014455__political,0.8541969,0.7619006037712097,0.6467823386192322,True
qb_007731,economic,qb_007731__economic,0.8997434,0.7709338665008545,0.6398791074752808,True
qb_007731,external_regulation,qb_007731__external_regulation,0.85082394,0.7831403613090515,0.6484035849571228,True
qb_007731,policy_prescription,qb_007731__policy_prescription,0.9343417,0.792060375213623,0.64106684923172,True
qb_007731,political,qb_007731__political,0.886062,0.7415478825569153,0.6794019341468811,True
qb_013219,political,qb_013219__political,0.9667838,0.9013568758964539,0.6125813722610474,True
qb_013219,crime_and_punishment,qb_013219__crime_and_punishment,0.91035795,0.9510393142700195,0.6196439862251282,True
qb_010824,security_and_defense,qb_010824__security_and_defense,0.7990019,0.7298581004142761,0.6264967918395996,True
qb_010824,external_regulation,qb_010824__external_regulation,0.79980624,0.7403708696365356,0.6639128923416138,True
qb_010824,political,qb_010824__political,0.8970561,0.7277683615684509,0.6759818196296692,True
qb_010824,capacity_and_resources,qb_010824__capacity_and_resources,0.82323104,0.7418770790100098,0.5948675274848938,True
qb_010824,morality,qb_010824__morality,0.8719826,0.772323489189148,0.6326239109039307,True
qb_000130,policy_prescription,qb_000130__policy_prescription,0.84861106,0.7589024305343628,0.6533565521240234,True
qb_000130,political,qb_000130__political,0.8509918,0.7259303331375122,0.636034369468689,True
qb_000130,legality_constitutionality,qb_000130__legality_constitutionality,0.7991271,0.8125594854354858,0.6371423006057739,True
qb_020092,security_and_defense,qb_020092__security_and_defense,0.8336426,0.8080453276634216,0.6287738084793091,True
qb_020092,external_regulation,qb_020092__external_regulation,0.82482374,0.775817334651947,0.6277926564216614,True
qb_020092,policy_prescription,qb_020092__policy_prescription,0.78200036,0.8053603172302246,0.6238747835159302,True
qb_020092,political,qb_020092__political,0.86336577,0.788837194442749,0.689268946647644,True
qb_018514,cultural_identity,qb_018514__cultural_identity,0.7901927,0.8539928197860718,0.5571786165237427,True
qb_018514,legality_constitutionality,qb_018514__legality_constitutionality,0.907075,0.8420031666755676,0.6537982225418091,True
qb_018514,political,qb_018514__political,0.92871916,0.8076888918876648,0.6212126016616821,True
qb_015469,political,qb_015469__political,0.85184515,0.6964441537857056,0.647396445274353,True
qb_015469,policy_prescription,qb_015469__policy_prescription,0.83803934,0.8500674962997437,0.5997438430786133,True
qb_015469,health_and_safety,qb_015469__health_and_safety,0.84403974,0.7861517667770386,0.6369386911392212,True
qb_002913,political,qb_002913__political,0.82821304,0.7822065353393555,0.6600762605667114,True
qb_002913,legality_constitutionality,qb_002913__legality_constitutionality,0.8600469,0.813384473323822,0.6313077807426453,True
qb_002913,fairness_and_equality,qb_002913__fairness_and_equality,0.82698095,0.741621732711792,0.6764404773712158,True
qb_007003,health_and_safety,qb_007003__health_and_safety,0.87115425,0.8051235675811768,0.5910994410514832,True
qb_007003,policy_prescription,qb_007003__policy_prescription,0.9081302,0.9512715339660645,0.5536776781082153,True
qb_007003,political,qb_007003__political,0.87693757,0.7835274934768677,0.6659398078918457,True
qb_019323,legality_constitutionality,qb_019323__legality_constitutionality,0.88309836,0.9042028188705444,0.5929223895072937,True
qb_019323,political,qb_019323__political,0.93426085,0.8947865962982178,0.6123422384262085,True
qb_021411,security_and_defense,qb_021411__security_and_defense,0.78742886,0.8061986565589905,0.6463737487792969,True
qb_021411,crime_and_punishment,qb_021411__crime_and_punishment,0.8398544,0.7639930248260498,0.6644338369369507,True
qb_021411,public_sentiment,qb_021411__public_sentiment,0.8108375,0.6938052773475647,0.6162992715835571,True
qb_021411,morality,qb_021411__morality,0.86357963,0.7402918934822083,0.6198517084121704,True
qb_019236,political,qb_019236__political,0.89861166,0.9201480150222778,0.6245478987693787,True
qb_019236,public_sentiment,qb_019236__public_sentiment,0.93323946,0.9036986827850342,0.5880593061447144,True
qb_008843,political,qb_008843__political,0.84699047,0.8222783803939819,0.6289712190628052,True
qb_008843,morality,qb_008843__morality,0.8439591,0.7165595293045044,0.6463222503662109,True
qb_008843,legality_constitutionality,qb_008843__legality_constitutionality,0.79047394,0.7514388561248779,0.617466151714325,True
qb_018422,external_regulation,qb_018422__external_regulation,0.8475896,0.8803927302360535,0.6253396272659302,True
qb_018422,security_and_defense,qb_018422__security_and_defense,0.7787121,0.7837926745414734,0.6229246854782104,True
qb_018422,political,qb_018422__political,0.89471203,0.7226908206939697,0.6422908902168274,True
qb_004775,economic,qb_004775__economic,0.81552327,0.7883951663970947,0.6196297407150269,True
qb_004775,political,qb_004775__political,0.9130686,0.7069153785705566,0.6920217275619507,True
qb_004775,policy_prescription,qb_004775__policy_prescription,0.88520414,0.7846516370773315,0.6106448769569397,True
qb_001374,legality_constitutionality,qb_001374__legality_constitutionality,0.844656,0.9100908041000366,0.6481342911720276,True
qb_001374,crime_and_punishment,qb_001374__crime_and_punishment,0.8402167,0.8164246082305908,0.6267784833908081,True
qb_001374,fairness_and_equality,qb_001374__fairness_and_equality,0.7895467,0.7135076522827148,0.5794824361801147,True
qb_001374,morality,qb_001374__morality,0.821307,0.7213445901870728,0.6153312921524048,True
qb_001374,economic,qb_001374__economic,0.76115596,0.7485641241073608,0.5663827657699585,True
qb_017250,legality_constitutionality,qb_017250__legality_constitutionality,0.8226349,0.7901053428649902,0.592462420463562,True
qb_017250,crime_and_punishment,qb_017250__crime_and_punishment,0.82062525,0.81778883934021,0.6628748178482056,True
qb_017250,policy_prescription,qb_017250__policy_prescription,0.75111496,0.7200822830200195,0.59282386302948,True
qb_017250,political,qb_017250__political,0.8078226,0.8221461772918701,0.6964651346206665,True
qb_017250,external_regulation,qb_017250__external_regulation,0.8036644,0.7485690712928772,0.6127012372016907,True
qb_007063,legality_constitutionality,qb_007063__legality_constitutionality,0.91845,0.8224667310714722,0.5924137234687805,True
qb_007063,crime_and_punishment,qb_007063__crime_and_punishment,0.8509851,0.8089562654495239,0.6224907636642456,True
qb_007063,political,qb_007063__political,0.8089353,0.7812836766242981,0.5580788254737854,True
qb_002903,economic,qb_002903__economic,0.8526704,0.8742387890815735,0.6201303005218506,True
qb_002903,capacity_and_resources,qb_002903__capacity_and_resources,0.8970467,0.8516287207603455,0.5568434596061707,True
qb_002903,policy_prescription,qb_002903__policy_prescription,0.9294267,0.8487349152565002,0.5901141166687012,True
qb_002903,quality_of_life,qb_002903__quality_of_life,0.9635371,0.8585332036018372,0.5378196239471436,True
qb_017394,political,qb_017394__political,0.8520465,0.7013823986053467,0.6313788890838623,True
qb_017394,security_and_defense,qb_017394__security_and_defense,0.8506318,0.8071890473365784,0.6631564497947693,True
qb_017394,crime_and_punishment,qb_017394__crime_and_punishment,0.80459034,0.7098263502120972,0.6527117490768433,True
qb_002008,security_and_defense,qb_002008__security_and_defense,0.8003609,0.7720432281494141,0.6312328577041626,True
qb_002008,public_sentiment,qb_002008__public_sentiment,0.84386873,0.7716173529624939,0.6522799730300903,True
qb_002008,crime_and_punishment,qb_002008__crime_and_punishment,0.7864591,0.7966547012329102,0.6392077803611755,True
qb_017046,security_and_defense,qb_017046__security_and_defense,0.77125645,0.759351909160614,0.6928797960281372,True
qb_017046,policy_prescription,qb_017046__policy_prescription,0.85236555,0.8321731090545654,0.6374057531356812,True
qb_017046,political,qb_017046__political,0.8135117,0.803398847579956,0.6911946535110474,True
qb_017046,external_regulation,qb_017046__external_regulation,0.89953035,0.8310807347297668,0.6591669917106628,True
qb_017046,legality_constitutionality,qb_017046__legality_constitutionality,0.9028513,0.8788989186286926,0.6379013061523438,True
qb_019419,policy_prescription,qb_019419__policy_prescription,0.829674,0.7684166431427002,0.6276999711990356,True
qb_019419,security_and_defense,qb_019419__security_and_defense,0.7483324,0.7913652658462524,0.6782911419868469,True
qb_019419,capacity_and_resources,qb_019419__capacity_and_resources,0.8593759,0.7078918218612671,0.6300345063209534,True
qb_019419,political,qb_019419__political,0.9254173,0.7272731065750122,0.6343288421630859,True
qb_019419,legality_constitutionality,qb_019419__legality_constitutionality,0.76889956,0.7019810676574707,0.6121090054512024,True
qb_019419,cultural_identity,qb_019419__cultural_identity,0.8828927,0.6872384548187256,0.6217580437660217,True
qb_002093,public_sentiment,qb_002093__public_sentiment,0.87172395,0.7703121900558472,0.6649715900421143,True
qb_002093,cultural_identity,qb_002093__cultural_identity,0.83175987,0.794454038143158,0.5668789148330688,True
qb_002961,capacity_and_resources,qb_002961__capacity_and_resources,0.88704467,0.784098744392395,0.6021552085876465,True
qb_002961,other,qb_002961__other,0.87977237,0.7390955686569214,0.5917085409164429,True
qb_006513,public_sentiment,qb_006513__public_sentiment,0.81932163,0.7203184962272644,0.651313841342926,True
qb_006513,political,qb_006513__political,0.84345937,0.7175126075744629,0.6580828428268433,True
qb_006513,crime_and_punishment,qb_006513__crime_and_punishment,0.84098494,0.7652638554573059,0.6032961010932922,True
qb_006513,policy_prescription,qb_006513__policy_prescription,0.8246083,0.7579851150512695,0.6475447416305542,True
qb_015782,political,qb_015782__political,0.91929245,0.7678040862083435,0.6556762456893921,True
qb_015782,legality_constitutionality,qb_015782__legality_constitutionality,0.78792846,0.8168975710868835,0.6557988524436951,True
qb_015782,external_regulation,qb_015782__external_regulation,0.7552609,0.7367351055145264,0.6861613988876343,True
qb_015782,public_sentiment,qb_015782__public_sentiment,0.8094995,0.7732858657836914,0.6931078433990479,True
qb_010566,political,qb_010566__political,0.881184,0.7344826459884644,0.6612750887870789,True
qb_010566,legality_constitutionality,qb_010566__legality_constitutionality,0.7776748,0.7913240790367126,0.6211614608764648,True
qb_010566,policy_prescription,qb_010566__policy_prescription,0.83275235,0.7410362362861633,0.6386457085609436,True
qb_013964,legality_constitutionality,qb_013964__legality_constitutionality,0.85207164,0.8428141474723816,0.6411072611808777,True
qb_013964,security_and_defense,qb_013964__security_and_defense,0.8372086,0.8261341452598572,0.6003812551498413,True
qb_013964,crime_and_punishment,qb_013964__crime_and_punishment,0.91985136,0.8755699396133423,0.620166540145874,True
qb_013964,policy_prescription,qb_013964__policy_prescription,0.84393746,0.7928051948547363,0.6389650106430054,True
qb_013964,external_regulation,qb_013964__external_regulation,0.85049546,0.9114800691604614,0.6073638200759888,True
qb_005506,cultural_identity,qb_005506__cultural_identity,0.8268124,0.8566981554031372,0.6137580275535583,True
qb_005506,political,qb_005506__political,0.85605395,0.791528582572937,0.6022002100944519,True
qb_005506,fairness_and_equality,qb_005506__fairness_and_equality,0.91583455,0.8036384582519531,0.6242747902870178,True
qb_004298,security_and_defense,qb_004298__security_and_defense,0.8545892,0.8161273002624512,0.6386178135871887,True
qb_004298,policy_prescription,qb_004298__policy_prescription,0.8359568,0.815721869468689,0.6438964605331421,True
qb_004298,fairness_and_equality,qb_004298__fairness_and_equality,0.8310211,0.8089173436164856,0.6079154014587402,True
qb_004298,capacity_and_resources,qb_004298__capacity_and_resources,0.7584867,0.7582319974899292,0.6307584643363953,True
qb_004298,economic,qb_004298__economic,0.86011976,0.7554927468299866,0.5655354261398315,True
qb_004298,health_and_safety,qb_004298__health_and_safety,0.79274064,0.8232763409614563,0.6194489598274231,True
qb_004298,political,qb_004298__political,0.88040674,0.7659044861793518,0.6590515375137329,True
qb_004298,cultural_identity,qb_004298__cultural_identity,0.844489,0.7989451289176941,0.5884434580802917,True
qb_000602,legality_constitutionality,qb_000602__legality_constitutionality,0.77254117,0.7642934918403625,0.6122764348983765,True
qb_000602,economic,qb_000602__economic,0.86036146,0.7026576399803162,0.6016737818717957,True
qb_000602,political,qb_000602__political,0.8633121,0.7144804000854492,0.6780294179916382,True
qb_000602,policy_prescription,qb_000602__policy_prescription,0.8037019,0.6585105061531067,0.6055762767791748,True
qb_004504,legality_constitutionality,qb_004504__legality_constitutionality,0.72922933,0.7599416971206665,0.5968610644340515,True
qb_004504,economic,qb_004504__economic,0.87892103,0.7333128452301025,0.6291732788085938,True
qb_004504,health_and_safety,qb_004504__health_and_safety,0.8275714,0.6676782965660095,0.6490761041641235,True
qb_004504,crime_and_punishment,qb_004504__crime_and_punishment,0.77946013,0.751433253288269,0.598563551902771,True
qb_004504,public_sentiment,qb_004504__public_sentiment,0.7751154,0.7024822235107422,0.6426161527633667,True
qb_012039,political,qb_012039__political,0.8467688,0.8179450035095215,0.5959110260009766,True
qb_012039,morality,qb_012039__morality,0.85528684,0.8441518545150757,0.6088943481445312,True
qb_000088,political,qb_000088__political,0.7910089,0.7108097076416016,0.684217095375061,True
qb_000088,external_regulation,qb_000088__external_regulation,0.8768494,0.8161354064941406,0.5998530983924866,True
qb_000088,policy_prescription,qb_000088__policy_prescription,0.79976845,0.8139914274215698,0.6533462405204773,True
qb_000088,economic,qb_000088__economic,0.9563805,0.7923027873039246,0.6157653331756592,True
qb_000088,public_sentiment,qb_000088__public_sentiment,0.8488332,0.7356643676757812,0.6540933847427368,True
qb_001527,external_regulation,qb_001527__external_regulation,0.8823235,0.8203200101852417,0.6297098398208618,True
qb_001527,security_and_defense,qb_001527__security_and_defense,0.8653027,0.8028100728988647,0.6648741960525513,True
qb_001527,political,qb_001527__political,0.83024675,0.732694149017334,0.6317092776298523,True
qb_000241,political,qb_000241__political,0.88538605,0.771432638168335,0.6468502879142761,True
qb_000241,legality_constitutionality,qb_000241__legality_constitutionality,0.81292623,0.7788134813308716,0.6093708872795105,True
qb_000241,public_sentiment,qb_000241__public_sentiment,0.89180803,0.7515751123428345,0.6559216976165771,True
qb_013010,policy_prescription,qb_013010__policy_prescription,0.79407763,0.7538089752197266,0.6033283472061157,True
qb_013010,economic,qb_013010__economic,0.798588,0.746637225151062,0.6281548738479614,True
qb_013010,political,qb_013010__political,0.8735782,0.7190242409706116,0.6345356702804565,True
qb_013010,capacity_and_resources,qb_013010__capacity_and_resources,0.85824883,0.7167956233024597,0.6068786382675171,True
qb_013010,quality_of_life,qb_013010__quality_of_life,0.8674794,0.7277458906173706,0.6005231738090515,True
qb_013010,health_and_safety,qb_013010__health_and_safety,0.8705481,0.7304401397705078,0.5991134643554688,True
qb_014378,political,qb_014378__political,0.8713318,0.7236006259918213,0.6480001211166382,True
qb_014378,security_and_defense,qb_014378__security_and_defense,0.7990711,0.7302263975143433,0.5978927612304688,True
qb_014378,policy_prescription,qb_014378__policy_prescription,0.7854364,0.7171112895011902,0.6365989446640015,True
qb_014378,public_sentiment,qb_014378__public_sentiment,0.86193836,0.7616190910339355,0.716979444026947,True
qb_014378,capacity_and_resources,qb_014378__capacity_and_resources,0.7810857,0.6883226633071899,0.6314297914505005,True
qb_011931,health_and_safety,qb_011931__health_and_safety,0.8011486,0.6593900918960571,0.5806068181991577,True
qb_011931,capacity_and_resources,qb_011931__capacity_and_resources,0.8434,0.662299633026123,0.5989199280738831,True
qb_011931,political,qb_011931__political,0.8742572,0.7206848859786987,0.6093527674674988,True
qb_002285,economic,qb_002285__economic,0.8584689,0.7241928577423096,0.666098952293396,True
qb_002285,external_regulation,qb_002285__external_regulation,0.8001518,0.7462114691734314,0.6116154789924622,True
qb_002285,policy_prescription,qb_002285__policy_prescription,0.8442483,0.6685543060302734,0.604135274887085,True
qb_002285,political,qb_002285__political,0.89466727,0.7313699126243591,0.6478022933006287,True
qb_003494,crime_and_punishment,qb_003494__crime_and_punishment,0.8411822,0.6807767748832703,0.5734653472900391,True
qb_003494,security_and_defense,qb_003494__security_and_defense,0.8149913,0.7214884757995605,0.6126962304115295,True
qb_003494,legality_constitutionality,qb_003494__legality_constitutionality,0.8039145,0.7472584843635559,0.6056255102157593,True
qb_003494,health_and_safety,qb_003494__health_and_safety,0.7682025,0.7093432545661926,0.6138651967048645,True
qb_009002,health_and_safety,qb_009002__health_and_safety,0.7514596,0.7215458750724792,0.6245123147964478,True
qb_009002,capacity_and_resources,qb_009002__capacity_and_resources,0.7812047,0.8186776041984558,0.6452670097351074,True
qb_009002,security_and_defense,qb_009002__security_and_defense,0.8273972,0.7589367032051086,0.6805843114852905,True
qb_009002,political,qb_009002__political,0.8899152,0.7403704524040222,0.6466618180274963,True
qb_020612,political,qb_020612__political,0.88722634,0.8122758865356445,0.6579286456108093,True
qb_020612,public_sentiment,qb_020612__public_sentiment,0.89652234,0.8759457468986511,0.6301661729812622,True
qb_008875,political,qb_008875__political,0.8909768,0.8469458818435669,0.6227337121963501,True
qb_008875,public_sentiment,qb_008875__public_sentiment,0.86717546,0.8934298753738403,0.6494230031967163,True
qb_001115,political,qb_001115__political,0.860669,0.7985640168190002,0.6947165727615356,True
qb_001115,public_sentiment,qb_001115__public_sentiment,0.88463473,0.7578555345535278,0.6154670715332031,True
qb_001115,morality,qb_001115__morality,0.88797766,0.7442880868911743,0.6666504740715027,True
qb_019240,health_and_safety,qb_019240__health_and_safety,0.7896573,0.8430353999137878,0.6757935881614685,True
qb_019240,policy_prescription,qb_019240__policy_prescription,0.8857416,0.7944216728210449,0.6596023440361023,True
qb_019240,political,qb_019240__political,0.905112,0.766671895980835,0.6375713348388672,True
qb_019240,legality_constitutionality,qb_019240__legality_constitutionality,0.8387872,0.8322013020515442,0.6089257001876831,True
qb_016204,legality_constitutionality,qb_016204__legality_constitutionality,0.8285599,0.7256782054901123,0.5831061005592346,True
qb_016204,political,qb_016204__political,0.8456235,0.6713616847991943,0.588546633720398,True
qb_016204,health_and_safety,qb_016204__health_and_safety,0.79761994,0.6914291977882385,0.615714430809021,True
qb_003607,legality_constitutionality,qb_003607__legality_constitutionality,0.8695889,0.8008136749267578,0.6591497659683228,True
qb_003607,political,qb_003607__political,0.9203936,0.8305113911628723,0.6686023473739624,True
qb_007758,policy_prescription,qb_007758__policy_prescription,0.8433958,0.8152414560317993,0.6340969204902649,True
qb_007758,legality_constitutionality,qb_007758__legality_constitutionality,0.8594759,0.8433849215507507,0.6389483213424683,True
qb_007758,morality,qb_007758__morality,0.86663723,0.8716288805007935,0.5758277177810669,True
qb_007758,fairness_and_equality,qb_007758__fairness_and_equality,0.8984245,0.8747000694274902,0.6196893453598022,True
qb_007758,cultural_identity,qb_007758__cultural_identity,0.88103783,0.8518765568733215,0.6166939735412598,True
qb_020645,policy_prescription,qb_020645__policy_prescription,0.88674414,0.8467682600021362,0.638181209564209,True
qb_020645,security_and_defense,qb_020645__security_and_defense,0.8334028,0.8306654095649719,0.6822900772094727,True
qb_020645,political,qb_020645__political,0.9257978,0.7621707320213318,0.6531339883804321,True
qb_009657,cultural_identity,qb_009657__cultural_identity,0.88827723,0.6793423891067505,0.6448293924331665,True
qb_009657,health_and_safety,qb_009657__health_and_safety,0.8146419,0.6359599232673645,0.5861223936080933,True
qb_004157,capacity_and_resources,qb_004157__capacity_and_resources,0.8258126,0.7853223085403442,0.5882468819618225,True
qb_004157,public_sentiment,qb_004157__public_sentiment,0.88519776,0.7382951974868774,0.6381104588508606,True
qb_004157,political,qb_004157__political,0.87925965,0.7883278131484985,0.6152790188789368,True
qb_004157,quality_of_life,qb_004157__quality_of_life,0.8307672,0.840085506439209,0.6580336689949036,True
qb_004157,security_and_defense,qb_004157__security_and_defense,0.8451762,0.8031563758850098,0.6141783595085144,True
qb_004157,economic,qb_004157__economic,0.8847791,0.7581530809402466,0.5620659589767456,True
qb_009019,political,qb_009019__political,0.8069488,0.7448447942733765,0.6675128936767578,True
qb_009019,policy_prescription,qb_009019__policy_prescription,0.9056135,0.808458685874939,0.6371335983276367,True
qb_009019,legality_constitutionality,qb_009019__legality_constitutionality,0.8506755,0.7650439143180847,0.607006847858429,True
qb_009019,public_sentiment,qb_009019__public_sentiment,0.81596756,0.7418832182884216,0.621711015701294,True
qb_009019,fairness_and_equality,qb_009019__fairness_and_equality,0.84698224,0.7424007654190063,0.5692486763000488,True
qb_009019,morality,qb_009019__morality,0.88354325,0.7475017309188843,0.6688840389251709,True
qb_010898,legality_constitutionality,qb_010898__legality_constitutionality,0.83351016,0.784480094909668,0.6344457864761353,True
qb_010898,political,qb_010898__political,0.8288239,0.7235773801803589,0.6548495292663574,True
qb_010898,policy_prescription,qb_010898__policy_prescription,0.79772437,0.7575721740722656,0.6260320544242859,True
qb_010898,morality,qb_010898__morality,0.8833013,0.7590606212615967,0.6574689745903015,True
qb_010898,public_sentiment,qb_010898__public_sentiment,0.8227867,0.7664953470230103,0.6536503434181213,True
qb_009601,political,qb_009601__political,0.85395485,0.788227915763855,0.6196152567863464,True
qb_009601,public_sentiment,qb_009601__public_sentiment,0.84623694,0.7937661409378052,0.623426079750061,True
qb_017595,political,qb_017595__political,0.93289244,0.8169530630111694,0.6798176169395447,True
qb_017595,public_sentiment,qb_017595__public_sentiment,0.8656492,0.7654467821121216,0.6383312344551086,True
qb_017595,cultural_identity,qb_017595__cultural_identity,0.7790525,0.7695975303649902,0.6259137988090515,True
qb_017595,fairness_and_equality,qb_017595__fairness_and_equality,0.8300435,0.8178747296333313,0.6458722949028015,True
qb_017595,morality,qb_017595__morality,0.8528942,0.7766860723495483,0.6395105123519897,True
qb_017595,legality_constitutionality,qb_017595__legality_constitutionality,0.84805566,0.7876765131950378,0.6045135259628296,True
qb_003264,political,qb_003264__political,0.90764165,0.8312659859657288,0.6525582075119019,True
qb_003264,fairness_and_equality,qb_003264__fairness_and_equality,0.87789595,0.859359085559845,0.6471442580223083,True
qb_008782,political,qb_008782__political,0.88719356,0.6856679916381836,0.594676673412323,True
qb_008782,economic,qb_008782__economic,0.7981536,0.8514025211334229,0.6517492532730103,True
qb_012623,health_and_safety,qb_012623__health_and_safety,0.81806237,0.7236663103103638,0.5985752940177917,True
qb_012623,policy_prescription,qb_012623__policy_prescription,0.7660241,0.7546665668487549,0.5937320590019226,True
qb_012623,political,qb_012623__political,0.73812556,0.6553852558135986,0.661310076713562,True
qb_012540,political,qb_012540__political,0.9220228,0.8251173496246338,0.6802708506584167,True
qb_012540,legality_constitutionality,qb_012540__legality_constitutionality,0.90036356,0.7617611885070801,0.6042059659957886,True
qb_012540,security_and_defense,qb_012540__security_and_defense,0.9146668,0.842376708984375,0.6419832110404968,True
qb_012540,external_regulation,qb_012540__external_regulation,0.8529263,0.7980737686157227,0.6589428186416626,True
qb_008108,political,qb_008108__political,0.8514732,0.7873527407646179,0.6264196634292603,True
qb_008108,public_sentiment,qb_008108__public_sentiment,0.894329,0.8002862334251404,0.6813874244689941,True
qb_008108,health_and_safety,qb_008108__health_and_safety,0.8260306,0.7445995807647705,0.6097511649131775,True
qb_008108,cultural_identity,qb_008108__cultural_identity,0.85115975,0.7391610145568848,0.6520918607711792,True
qb_004623,political,qb_004623__political,0.91089684,0.7539206743240356,0.674103856086731,True
qb_004623,policy_prescription,qb_004623__policy_prescription,0.80868804,0.6754277348518372,0.6036893725395203,True
qb_004623,fairness_and_equality,qb_004623__fairness_and_equality,0.86824584,0.7628700137138367,0.5895898938179016,True
qb_004623,economic,qb_004623__economic,0.84570885,0.743573784828186,0.6024390459060669,True
qb_004623,public_sentiment,qb_004623__public_sentiment,0.83581036,0.747643768787384,0.6507617235183716,True
qb_004623,morality,qb_004623__morality,0.80550826,0.7599578499794006,0.6093552112579346,True
qb_006760,political,qb_006760__political,0.8959686,0.8263797163963318,0.6763718128204346,True
qb_006760,legality_constitutionality,qb_006760__legality_constitutionality,0.8637316,0.7419326901435852,0.6567069888114929,True
qb_006760,public_sentiment,qb_006760__public_sentiment,0.8702568,0.784510612487793,0.6436777114868164,True
qb_006760,policy_prescription,qb_006760__policy_prescription,0.7909357,0.7467374205589294,0.6655617952346802,True
qb_013423,economic,qb_013423__economic,0.92001116,0.8319276571273804,0.6356086730957031,True
qb_013423,policy_prescription,qb_013423__policy_prescription,0.88183886,0.748410701751709,0.6881664991378784,True
qb_013423,political,qb_013423__political,0.91049135,0.8535109758377075,0.6138638257980347,True
qb_016319,political,qb_016319__political,0.8598963,0.870937168598175,0.6020751595497131,True
qb_016319,economic,qb_016319__economic,0.7732093,0.7127959132194519,0.665221095085144,True
qb_016319,capacity_and_resources,qb_016319__capacity_and_resources,0.8839225,0.8604738116264343,0.6111394762992859,True
qb_016319,public_sentiment,qb_016319__public_sentiment,0.90215755,0.8814289569854736,0.6157962679862976,True
qb_021246,quality_of_life,qb_021246__quality_of_life,0.79798967,0.702369749546051,0.5877017974853516,True
qb_021246,public_sentiment,qb_021246__public_sentiment,0.8688428,0.6822309494018555,0.6481319665908813,True
qb_021246,political,qb_021246__political,0.8420711,0.7208027839660645,0.6788730621337891,True
qb_021246,cultural_identity,qb_021246__cultural_identity,0.874341,0.6015219688415527,0.6156200170516968,True
qb_021246,economic,qb_021246__economic,0.79956615,0.7693768739700317,0.5886925458908081,True
qb_021246,fairness_and_equality,qb_021246__fairness_and_equality,0.8403996,0.7498712539672852,0.6131036281585693,True
qb_021246,morality,qb_021246__morality,0.8252964,0.7210949659347534,0.6151643395423889,True
qb_021246,health_and_safety,qb_021246__health_and_safety,0.8451767,0.703357458114624,0.6216646432876587,True
qb_018996,political,qb_018996__political,0.87510693,0.6354508996009827,0.6388356685638428,True
qb_018996,economic,qb_018996__economic,0.8413584,0.6958789229393005,0.6426734924316406,True
qb_018996,external_regulation,qb_018996__external_regulation,0.901527,0.7756317853927612,0.6476171612739563,True
qb_011266,health_and_safety,qb_011266__health_and_safety,0.83781886,0.7587540149688721,0.6029095649719238,True
qb_011266,policy_prescription,qb_011266__policy_prescription,0.79529613,0.7457797527313232,0.6058582067489624,True
qb_011266,political,qb_011266__political,0.82552326,0.7872583270072937,0.6566265821456909,True
qb_002742,capacity_and_resources,qb_002742__capacity_and_resources,0.86693156,0.8513031005859375,0.594204306602478,True
qb_002742,economic,qb_002742__economic,0.9243499,0.8060638904571533,0.5970144271850586,True
qb_002742,public_sentiment,qb_002742__public_sentiment,0.82275426,0.7841836810112,0.6191827058792114,True
qb_002742,health_and_safety,qb_002742__health_and_safety,0.8403001,0.7178872227668762,0.5998740792274475,True
qb_020680,economic,qb_020680__economic,0.80025613,0.7686741352081299,0.6044796109199524,True
qb_020680,health_and_safety,qb_020680__health_and_safety,0.802735,0.7222265005111694,0.6146618127822876,True
qb_020680,policy_prescription,qb_020680__policy_prescription,0.79844385,0.843808114528656,0.6170453429222107,True
qb_015310,external_regulation,qb_015310__external_regulation,0.85663027,0.7844331860542297,0.6523740887641907,True
qb_015310,public_sentiment,qb_015310__public_sentiment,0.8973274,0.7508931159973145,0.6382805705070496,True
qb_015310,political,qb_015310__political,0.8347243,0.8009321093559265,0.7051595449447632,True
qb_015310,morality,qb_015310__morality,0.8131039,0.7370119094848633,0.6365289688110352,True
qb_002058,security_and_defense,qb_002058__security_and_defense,0.79305077,0.7661449313163757,0.603152871131897,True
qb_002058,capacity_and_resources,qb_002058__capacity_and_resources,0.8321367,0.7657607197761536,0.631159245967865,True
qb_002058,external_regulation,qb_002058__external_regulation,0.83230376,0.7429041266441345,0.6692169904708862,True
qb_002058,political,qb_002058__political,0.8256551,0.7362354397773743,0.6765530705451965,True
qb_011512,economic,qb_011512__economic,0.8305824,0.8990247845649719,0.6140201091766357,True
qb_011512,cultural_identity,qb_011512__cultural_identity,0.83816254,0.7575274109840393,0.6180614233016968,True
qb_011512,public_sentiment,qb_011512__public_sentiment,0.8330218,0.7913159728050232,0.6429136395454407,True
qb_011512,quality_of_life,qb_011512__quality_of_life,0.8705542,0.7597818970680237,0.59245765209198,True
qb_013992,cultural_identity,qb_013992__cultural_identity,0.8807771,0.7452908158302307,0.6072213053703308,True
qb_013992,public_sentiment,qb_013992__public_sentiment,0.89024675,0.7373554110527039,0.6062154769897461,True
qb_013992,political,qb_013992__political,0.8586864,0.7988492846488953,0.5833827257156372,True
qb_013992,fairness_and_equality,qb_013992__fairness_and_equality,0.7865734,0.7346819043159485,0.6413857340812683,True
qb_003014,health_and_safety,qb_003014__health_and_safety,0.8724854,0.8515453934669495,0.653672993183136,True
qb_003014,policy_prescription,qb_003014__policy_prescription,0.89622957,0.8498392701148987,0.6211960911750793,True
qb_003014,capacity_and_resources,qb_003014__capacity_and_resources,0.9217489,0.8230474591255188,0.6113018989562988,True
qb_003014,public_sentiment,qb_003014__public_sentiment,0.8158249,0.8062599301338196,0.6356284022331238,True
qb_011489,economic,qb_011489__economic,0.8819171,0.7765427827835083,0.5331629514694214,True
qb_011489,political,qb_011489__political,0.8224727,0.8078017234802246,0.6500931978225708,True
qb_011489,capacity_and_resources,qb_011489__capacity_and_resources,0.81001943,0.7412182092666626,0.5943928956985474,True
qb_000764,political,qb_000764__political,0.8786421,0.8281997442245483,0.6152262091636658,True
qb_000764,public_sentiment,qb_000764__public_sentiment,0.9174404,0.8182101845741272,0.6377339959144592,True
qb_004926,legality_constitutionality,qb_004926__legality_constitutionality,0.89726746,0.7314594388008118,0.6618849039077759,True
qb_004926,political,qb_004926__political,0.87136227,0.713161051273346,0.6685516238212585,True
qb_004926,crime_and_punishment,qb_004926__crime_and_punishment,0.86851037,0.7337257862091064,0.6292681097984314,True
qb_004926,public_sentiment,qb_004926__public_sentiment,0.8285498,0.7448835372924805,0.6404942274093628,True
qb_011112,legality_constitutionality,qb_011112__legality_constitutionality,0.9166213,0.7384228706359863,0.6047552824020386,True
qb_011112,political,qb_011112__political,0.8764348,0.7885891199111938,0.6151102185249329,True
qb_011112,public_sentiment,qb_011112__public_sentiment,0.8549515,0.7665417790412903,0.6379213333129883,True
qb_000648,policy_prescription,qb_000648__policy_prescription,0.78669286,0.7855903506278992,0.6467572450637817,True
qb_000648,health_and_safety,qb_000648__health_and_safety,0.9335362,0.8219655156135559,0.5602694749832153,True
qb_000648,fairness_and_equality,qb_000648__fairness_and_equality,0.78568304,0.866268515586853,0.6305964589118958,True
qb_000648,political,qb_000648__political,0.82194614,0.7005035877227783,0.6270170211791992,True
qb_000648,economic,qb_000648__economic,0.9149765,0.838595986366272,0.5974960327148438,True
qb_020128,policy_prescription,qb_020128__policy_prescription,0.91810507,0.7570989727973938,0.6431905627250671,True
qb_020128,security_and_defense,qb_020128__security_and_defense,0.90577954,0.7733849287033081,0.6374247074127197,True
qb_020128,political,qb_020128__political,0.85894865,0.6925737857818604,0.696310818195343,True
qb_020128,crime_and_punishment,qb_020128__crime_and_punishment,0.8004081,0.7694326639175415,0.6254532337188721,True
qb_020128,legality_constitutionality,qb_020128__legality_constitutionality,0.8876021,0.7742717266082764,0.649990439414978,True
qb_015271,political,qb_015271__political,0.83089346,0.8106093406677246,0.6401088833808899,True
qb_015271,public_sentiment,qb_015271__public_sentiment,0.9063353,0.781852662563324,0.682279646396637,True
qb_015271,economic,qb_015271__economic,0.834805,0.7592088580131531,0.6638806462287903,True
qb_015271,cultural_identity,qb_015271__cultural_identity,0.8192487,0.7998881340026855,0.665967583656311,True
qb_000651,economic,qb_000651__economic,0.8976569,0.8070141077041626,0.5980033874511719,True
qb_000651,policy_prescription,qb_000651__policy_prescription,0.83761215,0.7277050614356995,0.6102238893508911,True
qb_000651,political,qb_000651__political,0.85900044,0.7509029507637024,0.687808632850647,True
qb_000651,external_regulation,qb_000651__external_regulation,0.8575864,0.7680928111076355,0.6448468565940857,True
qb_000651,crime_and_punishment,qb_000651__crime_and_punishment,0.8414006,0.7513454556465149,0.6157461404800415,True
qb_000651,quality_of_life,qb_000651__quality_of_life,0.9223991,0.8070935010910034,0.6263343691825867,True
qb_000651,capacity_and_resources,qb_000651__capacity_and_resources,0.9205516,0.8246570825576782,0.675539493560791,True
qb_016620,political,qb_016620__political,0.82642,0.7513853907585144,0.658112645149231,True
qb_016620,cultural_identity,qb_016620__cultural_identity,0.8820498,0.8174176216125488,0.6261422038078308,True
qb_016620,morality,qb_016620__morality,0.8253312,0.7483522295951843,0.6625523567199707,True
qb_016620,public_sentiment,qb_016620__public_sentiment,0.7937511,0.7723506093025208,0.6282172799110413,True
qb_008148,economic,qb_008148__economic,0.80495,0.7184147834777832,0.6168408989906311,True
qb_008148,policy_prescription,qb_008148__policy_prescription,0.7935056,0.7409358024597168,0.647525429725647,True
qb_008148,capacity_and_resources,qb_008148__capacity_and_resources,0.8485154,0.7410828471183777,0.6055996417999268,True
qb_008148,political,qb_008148__political,0.90525424,0.6915321350097656,0.6591087579727173,True
qb_004090,political,qb_004090__political,0.91718554,0.8798376321792603,0.6076055765151978,True
qb_004090,capacity_and_resources,qb_004090__capacity_and_resources,0.87820256,0.8240042924880981,0.6186395883560181,True
qb_001597,legality_constitutionality,qb_001597__legality_constitutionality,0.88373756,0.8536650538444519,0.645666241645813,True
qb_001597,political,qb_001597__political,0.92431736,0.891679048538208,0.6109157800674438,True
qb_001597,crime_and_punishment,qb_001597__crime_and_punishment,0.7963637,0.7842827439308167,0.6196500062942505,True
qb_001597,security_and_defense,qb_001597__security_and_defense,0.93215704,0.8715736269950867,0.6473084688186646,True
qb_020278,external_regulation,qb_020278__external_regulation,0.88711506,0.8368249535560608,0.6154394149780273,True
qb_020278,security_and_defense,qb_020278__security_and_defense,0.8231018,0.8183485269546509,0.621397852897644,True
qb_020278,political,qb_020278__political,0.8892211,0.8023033142089844,0.6634235382080078,True
qb_003052,political,qb_003052__political,0.8834696,0.7502965927124023,0.6660753488540649,True
qb_003052,public_sentiment,qb_003052__public_sentiment,0.8703588,0.8325623869895935,0.7228452563285828,True
qb_016140,political,qb_016140__political,0.83842665,0.6671209335327148,0.6397303342819214,True
qb_016140,health_and_safety,qb_016140__health_and_safety,0.78924286,0.7611238956451416,0.6392678022384644,True
qb_016140,policy_prescription,qb_016140__policy_prescription,0.8136685,0.6952633261680603,0.58277827501297,True
qb_016140,fairness_and_equality,qb_016140__fairness_and_equality,0.81579137,0.6849967241287231,0.6052680015563965,True
qb_016140,cultural_identity,qb_016140__cultural_identity,0.9010557,0.75971919298172,0.6244710087776184,True
qb_017395,policy_prescription,qb_017395__policy_prescription,0.77497184,0.7738457322120667,0.5855792164802551,True
qb_017395,economic,qb_017395__economic,0.8043972,0.7159278988838196,0.6133815050125122,True
qb_017395,capacity_and_resources,qb_017395__capacity_and_resources,0.83858526,0.7828830480575562,0.6409008502960205,True
qb_018972,legality_constitutionality,qb_018972__legality_constitutionality,0.89602995,0.8014352917671204,0.6421560645103455,True
qb_018972,fairness_and_equality,qb_018972__fairness_and_equality,0.804199,0.754574716091156,0.6321194767951965,True
qb_018972,cultural_identity,qb_018972__cultural_identity,0.8136588,0.8235156536102295,0.6158767938613892,True
qb_019636,external_regulation,qb_019636__external_regulation,0.80857235,0.7968446612358093,0.6161655187606812,True
qb_019636,security_and_defense,qb_019636__security_and_defense,0.7459638,0.7420198321342468,0.6486498117446899,True
qb_019636,economic,qb_019636__economic,0.8904647,0.8233105540275574,0.6346925497055054,True
qb_019636,political,qb_019636__political,0.81757146,0.7330126166343689,0.6249974966049194,True
qb_004097,economic,qb_004097__economic,0.86106515,0.7982515096664429,0.6237287521362305,True
qb_004097,capacity_and_resources,qb_004097__capacity_and_resources,0.8146155,0.8127647638320923,0.6133456826210022,True
qb_004097,quality_of_life,qb_004097__quality_of_life,0.88320506,0.7913363575935364,0.5719649791717529,True
qb_001695,policy_prescription,qb_001695__policy_prescription,0.87635535,0.836075484752655,0.6681660413742065,True
qb_001695,legality_constitutionality,qb_001695__legality_constitutionality,0.8437149,0.7369514107704163,0.6815086007118225,True
qb_001695,political,qb_001695__political,0.7989638,0.7975802421569824,0.6358040571212769,True
qb_001695,cultural_identity,qb_001695__cultural_identity,0.8882378,0.805534839630127,0.6685457229614258,True
qb_012645,political,qb_012645__political,0.84635216,0.7529350519180298,0.6706956028938293,True
qb_012645,economic,qb_012645__economic,0.81461674,0.7750720977783203,0.582168459892273,True
qb_012645,public_sentiment,qb_012645__public_sentiment,0.8855956,0.7969521880149841,0.6133639812469482,True
qb_018354,health_and_safety,qb_018354__health_and_safety,0.8108403,0.7708893418312073,0.618034839630127,True
qb_018354,capacity_and_resources,qb_018354__capacity_and_resources,0.77318776,0.6969173550605774,0.5738567113876343,True
qb_018354,policy_prescription,qb_018354__policy_prescription,0.86175334,0.7574556469917297,0.6130712032318115,True
qb_018354,quality_of_life,qb_018354__quality_of_life,0.8491969,0.7318549156188965,0.5843957662582397,True
qb_001418,political,qb_001418__political,0.88938636,0.7609351277351379,0.6324414014816284,True
qb_001418,legality_constitutionality,qb_001418__legality_constitutionality,0.74057424,0.6487984657287598,0.6273074150085449,True
qb_001418,cultural_identity,qb_001418__cultural_identity,0.7624297,0.628894031047821,0.6089383363723755,True
qb_001418,public_sentiment,qb_001418__public_sentiment,0.9206159,0.6884787678718567,0.6851644515991211,True
qb_007850,political,qb_007850__political,0.96387804,0.7661357522010803,0.5984136462211609,True
qb_007850,legality_constitutionality,qb_007850__legality_constitutionality,0.8102168,0.7068848609924316,0.633186936378479,True
qb_007850,external_regulation,qb_007850__external_regulation,0.8720714,0.74611896276474,0.6398933529853821,True
qb_007850,policy_prescription,qb_007850__policy_prescription,0.8350192,0.7338551878929138,0.598284125328064,True
qb_014586,policy_prescription,qb_014586__policy_prescription,0.86145556,0.7927374839782715,0.6401323080062866,True
qb_014586,security_and_defense,qb_014586__security_and_defense,0.8225597,0.7396417856216431,0.6547636389732361,True
qb_014586,political,qb_014586__political,0.8826449,0.7680758833885193,0.6924794912338257,True
qb_015658,policy_prescription,qb_015658__policy_prescription,0.82149875,0.7531653046607971,0.6594052910804749,True
qb_015658,health_and_safety,qb_015658__health_and_safety,0.89521086,0.8088251948356628,0.6173809766769409,True
qb_015658,economic,qb_015658__economic,0.85406214,0.8262181282043457,0.6426706314086914,True
qb_015658,political,qb_015658__political,0.89805436,0.8487628102302551,0.6472183465957642,True
qb_003713,economic,qb_003713__economic,0.79003435,0.7580299377441406,0.6101700663566589,True
qb_003713,capacity_and_resources,qb_003713__capacity_and_resources,0.78575295,0.7272930145263672,0.6440514326095581,True
qb_003713,health_and_safety,qb_003713__health_and_safety,0.74182624,0.7536492347717285,0.6472715139389038,True
qb_003713,political,qb_003713__political,0.84779036,0.7613277435302734,0.6707469820976257,True
qb_015095,policy_prescription,qb_015095__policy_prescription,0.87247115,0.7783564329147339,0.647054135799408,True
qb_015095,legality_constitutionality,qb_015095__legality_constitutionality,0.8074051,0.8043690323829651,0.6463120579719543,True
qb_015095,public_sentiment,qb_015095__public_sentiment,0.8647766,0.7196405529975891,0.6412886381149292,True
qb_015095,health_and_safety,qb_015095__health_and_safety,0.7836903,0.6990776658058167,0.6050700545310974,True
qb_015095,political,qb_015095__political,0.8395572,0.780246913433075,0.6794592142105103,True
qb_007115,economic,qb_007115__economic,0.78838986,0.757347583770752,0.6248884797096252,True
qb_007115,public_sentiment,qb_007115__public_sentiment,0.8435285,0.7310916185379028,0.6320029497146606,True
qb_007115,capacity_and_resources,qb_007115__capacity_and_resources,0.83548284,0.7306060194969177,0.6455051898956299,True
qb_015502,legality_constitutionality,qb_015502__legality_constitutionality,0.9264849,0.8534342646598816,0.6755319237709045,True
qb_015502,crime_and_punishment,qb_015502__crime_and_punishment,0.85461545,0.8518977165222168,0.6580544710159302,True
qb_015502,security_and_defense,qb_015502__security_and_defense,0.8169971,0.9015819430351257,0.6639047861099243,True
qb_015502,political,qb_015502__political,0.8939128,0.8502817153930664,0.6742760539054871,True
qb_015825,morality,qb_015825__morality,0.9194699,0.7958964705467224,0.6479135751724243,True
qb_015825,crime_and_punishment,qb_015825__crime_and_punishment,0.8109963,0.6915090084075928,0.6121851205825806,True
qb_015825,cultural_identity,qb_015825__cultural_identity,0.8662039,0.764387845993042,0.6520825624465942,True
qb_015825,political,qb_015825__political,0.8521973,0.7486655116081238,0.6121411323547363,True
qb_021114,political,qb_021114__political,0.8340498,0.7730151414871216,0.6385113000869751,True
qb_021114,health_and_safety,qb_021114__health_and_safety,0.83311605,0.7436707615852356,0.6012542247772217,True
qb_021114,legality_constitutionality,qb_021114__legality_constitutionality,0.8384774,0.7253744602203369,0.6166598200798035,True
qb_012507,economic,qb_012507__economic,0.79836303,0.8762550950050354,0.6084362268447876,True
qb_012507,policy_prescription,qb_012507__policy_prescription,0.90918505,0.8058279156684875,0.6246616244316101,True
qb_012507,fairness_and_equality,qb_012507__fairness_and_equality,0.9416587,0.7701900601387024,0.612277626991272,True
qb_012507,political,qb_012507__political,0.8643847,0.7524611949920654,0.6526888608932495,True
qb_012507,quality_of_life,qb_012507__quality_of_life,0.777075,0.7912700176239014,0.6018222570419312,True
qb_009905,public_sentiment,qb_009905__public_sentiment,0.904505,0.7433828115463257,0.6301166415214539,True
qb_009905,morality,qb_009905__morality,0.8283467,0.7851612567901611,0.624242901802063,True
qb_007106,policy_prescription,qb_007106__policy_prescription,0.95371985,0.8362767100334167,0.5845190286636353,True
qb_007106,political,qb_007106__political,0.9186784,0.885476291179657,0.6398014426231384,True
qb_007106,public_sentiment,qb_007106__public_sentiment,0.8922137,0.7761990427970886,0.6565402746200562,True
qb_007106,security_and_defense,qb_007106__security_and_defense,0.9055213,0.8291661143302917,0.617027223110199,True
qb_018041,capacity_and_resources,qb_018041__capacity_and_resources,0.74621475,0.7187067270278931,0.6209686994552612,True
qb_018041,quality_of_life,qb_018041__quality_of_life,0.83357024,0.8043867349624634,0.5800744295120239,True
qb_008050,economic,qb_008050__economic,0.80404186,0.7521268129348755,0.6255079507827759,True
qb_008050,political,qb_008050__political,0.8554714,0.7031593322753906,0.6746765971183777,True
qb_012191,legality_constitutionality,qb_012191__legality_constitutionality,0.81198627,0.8329184651374817,0.6649449467658997,True
qb_012191,cultural_identity,qb_012191__cultural_identity,0.84551483,0.7469311952590942,0.6330115795135498,True
qb_012191,political,qb_012191__political,0.84069455,0.7212212085723877,0.7029690742492676,True
qb_016989,policy_prescription,qb_016989__policy_prescription,0.9325987,0.8689068555831909,0.6030246615409851,True
qb_016989,economic,qb_016989__economic,0.87115,0.7909634113311768,0.6303561925888062,True
qb_016989,political,qb_016989__political,0.9308455,0.7954684495925903,0.6560889482498169,True
qb_010992,political,qb_010992__political,0.7788429,0.8057374358177185,0.6846011877059937,True
qb_010992,economic,qb_010992__economic,0.8341054,0.825815737247467,0.6358699798583984,True
qb_010992,fairness_and_equality,qb_010992__fairness_and_equality,0.8858194,0.8439221382141113,0.6335867047309875,True
qb_010992,morality,qb_010992__morality,0.89893055,0.793006181716919,0.6053060293197632,True
qb_020013,political,qb_020013__political,0.9452473,0.935832142829895,0.591321587562561,True
qb_020013,public_sentiment,qb_020013__public_sentiment,0.8398783,0.8323691487312317,0.686414361000061,True
qb_005307,legality_constitutionality,qb_005307__legality_constitutionality,0.85716283,0.7833778262138367,0.6050132513046265,True
qb_005307,political,qb_005307__political,0.8701512,0.8275179862976074,0.6401304006576538,True
qb_005307,security_and_defense,qb_005307__security_and_defense,0.8083746,0.8371838927268982,0.6285054683685303,True
qb_005307,crime_and_punishment,qb_005307__crime_and_punishment,0.83592904,0.8099848628044128,0.6422758102416992,True
qb_004358,crime_and_punishment,qb_004358__crime_and_punishment,0.77318424,0.7784961462020874,0.6064621806144714,True
qb_004358,policy_prescription,qb_004358__policy_prescription,0.9228461,0.7530804872512817,0.6447763442993164,True
qb_004358,legality_constitutionality,qb_004358__legality_constitutionality,0.8464867,0.7400433421134949,0.6024622917175293,True
qb_004358,fairness_and_equality,qb_004358__fairness_and_equality,0.94929934,0.7584434151649475,0.6014172434806824,True
qb_004358,public_sentiment,qb_004358__public_sentiment,0.8252143,0.7795394659042358,0.6469764709472656,True
qb_004358,political,qb_004358__political,0.8487614,0.7596383094787598,0.6885830163955688,True
qb_010524,policy_prescription,qb_010524__policy_prescription,0.8872074,0.709352970123291,0.6384400129318237,True
qb_010524,political,qb_010524__political,0.90031564,0.6932778358459473,0.6482279896736145,True
qb_010524,health_and_safety,qb_010524__health_and_safety,0.8048116,0.6641104817390442,0.6543776392936707,True
qb_010524,crime_and_punishment,qb_010524__crime_and_punishment,0.79452807,0.6884872317314148,0.6197827458381653,True
qb_011604,economic,qb_011604__economic,0.9357233,0.8354362845420837,0.6448484063148499,True
qb_011604,policy_prescription,qb_011604__policy_prescription,0.9072086,0.8722403645515442,0.6908693909645081,True
qb_011604,external_regulation,qb_011604__external_regulation,0.9168838,0.8066034913063049,0.6424082517623901,True
qb_011604,legality_constitutionality,qb_011604__legality_constitutionality,0.79700375,0.8739904761314392,0.643905520439148,True
qb_016725,legality_constitutionality,qb_016725__legality_constitutionality,0.79259,0.8161990642547607,0.5780857801437378,True
qb_016725,policy_prescription,qb_016725__policy_prescription,0.88409203,0.7680237889289856,0.6839002370834351,True
qb_016725,political,qb_016725__political,0.84969974,0.7206637859344482,0.6395330429077148,True
qb_018042,health_and_safety,qb_018042__health_and_safety,0.8228387,0.7630249857902527,0.5675301551818848,True
qb_018042,public_sentiment,qb_018042__public_sentiment,0.79221493,0.7233017683029175,0.6470056772232056,True
qb_018042,policy_prescription,qb_018042__policy_prescription,0.8744955,0.7659214735031128,0.6518436670303345,True
qb_018042,capacity_and_resources,qb_018042__capacity_and_resources,0.81997967,0.73447185754776,0.6055809855461121,True
qb_018042,quality_of_life,qb_018042__quality_of_life,0.8131663,0.7863970994949341,0.5586086511611938,True
qb_018220,political,qb_018220__political,0.8863132,0.8021315336227417,0.6686170697212219,True
qb_018220,policy_prescription,qb_018220__policy_prescription,0.758271,0.7492332458496094,0.6334441900253296,True
qb_018220,morality,qb_018220__morality,0.91328096,0.7874796390533447,0.6178039312362671,True
qb_013927,security_and_defense,qb_013927__security_and_defense,0.78878874,0.7650997042655945,0.5927990078926086,True
qb_013927,external_regulation,qb_013927__external_regulation,0.8620105,0.7694408297538757,0.6317102313041687,True
qb_013927,political,qb_013927__political,0.8152238,0.7088289856910706,0.6768273711204529,True
qb_003166,political,qb_003166__political,0.87749004,0.6062734723091125,0.6058626174926758,True
qb_003166,legality_constitutionality,qb_003166__legality_constitutionality,0.84414065,0.6860647201538086,0.6355724334716797,True
qb_003166,public_sentiment,qb_003166__public_sentiment,0.9031906,0.7137161493301392,0.621284544467926,True
qb_001786,political,qb_001786__political,0.8739112,0.7120317220687866,0.6338790655136108,True
qb_001786,policy_prescription,qb_001786__policy_prescription,0.9054502,0.7542792558670044,0.5869508981704712,True
qb_001786,economic,qb_001786__economic,0.7955562,0.7401903867721558,0.6334542632102966,True
qb_009900,legality_constitutionality,qb_009900__legality_constitutionality,0.8120656,0.8310689926147461,0.6422019004821777,True
qb_009900,political,qb_009900__political,0.82101536,0.7375671863555908,0.685738742351532,True
qb_009900,policy_prescription,qb_009900__policy_prescription,0.8491765,0.7092477083206177,0.6426619291305542,True
qb_004790,economic,qb_004790__economic,0.7823441,0.8076077699661255,0.5959128737449646,True
qb_004790,health_and_safety,qb_004790__health_and_safety,0.86098146,0.7955058813095093,0.6045169830322266,True
qb_004790,policy_prescription,qb_004790__policy_prescription,0.85367703,0.7111510038375854,0.5348106026649475,True
qb_004790,public_sentiment,qb_004790__public_sentiment,0.77604944,0.756301999092102,0.6297394037246704,True
qb_004790,capacity_and_resources,qb_004790__capacity_and_resources,0.85925865,0.7743407487869263,0.5855652093887329,True
qb_004790,fairness_and_equality,qb_004790__fairness_and_equality,0.8226539,0.7985743284225464,0.5903152823448181,True
qb_004790,quality_of_life,qb_004790__quality_of_life,0.78249514,0.7912548184394836,0.5760515928268433,True
qb_011345,fairness_and_equality,qb_011345__fairness_and_equality,0.85939175,0.7031563520431519,0.5991410613059998,True
qb_011345,policy_prescription,qb_011345__policy_prescription,0.81198573,0.8017813563346863,0.5995049476623535,True
qb_011345,economic,qb_011345__economic,0.806502,0.7524129152297974,0.5816685557365417,True
qb_011345,crime_and_punishment,qb_011345__crime_and_punishment,0.87250423,0.7341316342353821,0.5549686551094055,True
qb_011345,political,qb_011345__political,0.89457655,0.7983241081237793,0.6482463479042053,True
qb_011345,public_sentiment,qb_011345__public_sentiment,0.84619725,0.7893521189689636,0.6158788204193115,True
qb_011345,morality,qb_011345__morality,0.89553803,0.7725011706352234,0.6320905685424805,True
qb_011345,cultural_identity,qb_011345__cultural_identity,0.86090815,0.7612298727035522,0.5641084909439087,True
qb_011507,political,qb_011507__political,0.8855394,0.7998621463775635,0.7185107469558716,True
qb_011507,legality_constitutionality,qb_011507__legality_constitutionality,0.79558426,0.8168411254882812,0.5904726982116699,True
qb_011507,policy_prescription,qb_011507__policy_prescription,0.79836726,0.8206696510314941,0.6208702325820923,True
qb_011507,morality,qb_011507__morality,0.818915,0.7259078025817871,0.6299123764038086,True
qb_011507,public_sentiment,qb_011507__public_sentiment,0.81688154,0.6933372616767883,0.6800369024276733,True
qb_020540,policy_prescription,qb_020540__policy_prescription,0.824389,0.7781274914741516,0.5877959132194519,True
qb_020540,crime_and_punishment,qb_020540__crime_and_punishment,0.8438095,0.7395792007446289,0.5945892333984375,True
qb_020540,political,qb_020540__political,0.8654036,0.6596373319625854,0.6915037631988525,True
qb_020540,legality_constitutionality,qb_020540__legality_constitutionality,0.78332436,0.7251706719398499,0.5944405794143677,True
qb_020540,public_sentiment,qb_020540__public_sentiment,0.81149125,0.6611606478691101,0.6502072215080261,True
qb_020540,economic,qb_020540__economic,0.7725805,0.8450887799263,0.6503324508666992,True
qb_020540,capacity_and_resources,qb_020540__capacity_and_resources,0.8334483,0.775070309638977,0.6451924443244934,True
qb_015831,political,qb_015831__political,0.908877,0.6715238690376282,0.628271758556366,True
qb_015831,public_sentiment,qb_015831__public_sentiment,0.8581839,0.7595614194869995,0.6770996451377869,True
qb_015831,health_and_safety,qb_015831__health_and_safety,0.7584443,0.7612431049346924,0.6578149795532227,True
qb_003917,political,qb_003917__political,0.8834681,0.8076602220535278,0.6844894289970398,True
qb_003917,security_and_defense,qb_003917__security_and_defense,0.7780237,0.7652474641799927,0.6645272374153137,True
qb_003917,policy_prescription,qb_003917__policy_prescription,0.82267064,0.723950982093811,0.6602835655212402,True
qb_006746,legality_constitutionality,qb_006746__legality_constitutionality,0.89127636,0.684721052646637,0.6272664666175842,True
qb_006746,political,qb_006746__political,0.8769953,0.7884857058525085,0.6632652282714844,True
qb_006746,fairness_and_equality,qb_006746__fairness_and_equality,0.8324034,0.8146362900733948,0.6931912899017334,True
qb_006746,public_sentiment,qb_006746__public_sentiment,0.8405161,0.6786385178565979,0.6800560355186462,True
qb_007546,crime_and_punishment,qb_007546__crime_and_punishment,0.7712296,0.8162805438041687,0.6018046736717224,True
qb_007546,legality_constitutionality,qb_007546__legality_constitutionality,0.77430767,0.8010798096656799,0.6087898015975952,True
qb_007546,security_and_defense,qb_007546__security_and_defense,0.8019092,0.7552188038825989,0.6214338541030884,True
qb_011687,political,qb_011687__political,0.87909114,0.6803914904594421,0.6884481906890869,True
qb_011687,legality_constitutionality,qb_011687__legality_constitutionality,0.8323425,0.699023962020874,0.5834192633628845,True
qb_011687,public_sentiment,qb_011687__public_sentiment,0.87529933,0.7711142301559448,0.6468063592910767,True
qb_012764,health_and_safety,qb_012764__health_and_safety,0.7856272,0.7644652128219604,0.5930625796318054,True
qb_012764,capacity_and_resources,qb_012764__capacity_and_resources,0.8301866,0.7344778180122375,0.6061973571777344,True
qb_012764,policy_prescription,qb_012764__policy_prescription,0.8069335,0.7487165331840515,0.5896684527397156,True
qb_012764,quality_of_life,qb_012764__quality_of_life,0.81963396,0.7624672651290894,0.592513918876648,True
qb_012764,public_sentiment,qb_012764__public_sentiment,0.8839768,0.7508262991905212,0.6729692220687866,True
qb_012764,morality,qb_012764__morality,0.86517984,0.7664307951927185,0.6017466187477112,True
qb_003791,policy_prescription,qb_003791__policy_prescription,0.9268081,0.8504436016082764,0.5921422243118286,True
qb_003791,political,qb_003791__political,0.8706477,0.8693321943283081,0.634327232837677,True
qb_003791,cultural_identity,qb_003791__cultural_identity,0.8563846,0.8026557564735413,0.6518571972846985,True
qb_018838,legality_constitutionality,qb_018838__legality_constitutionality,0.9024248,0.8492414951324463,0.6602319478988647,True
qb_018838,political,qb_018838__political,0.90707374,0.8482505083084106,0.5860474705696106,True
qb_018838,policy_prescription,qb_018838__policy_prescription,0.8820713,0.8682016134262085,0.6088396310806274,True
qb_018838,security_and_defense,qb_018838__security_and_defense,0.9226259,0.8679477572441101,0.6232343912124634,True
qb_018838,crime_and_punishment,qb_018838__crime_and_punishment,0.91221815,0.8359058499336243,0.614058792591095,True
qb_003737,legality_constitutionality,qb_003737__legality_constitutionality,0.9104982,0.8312357068061829,0.6365601420402527,True
qb_003737,morality,qb_003737__morality,0.88647324,0.8059980869293213,0.591981053352356,True
qb_003737,health_and_safety,qb_003737__health_and_safety,0.7562356,0.7737143635749817,0.6317771077156067,True
qb_003737,policy_prescription,qb_003737__policy_prescription,0.77945286,0.7473760843276978,0.6269906759262085,True
qb_003737,economic,qb_003737__economic,0.8673086,0.820899486541748,0.6086798906326294,True
qb_002477,political,qb_002477__political,0.88928366,,0.660908579826355,False
qb_003651,legality_constitutionality,qb_003651__legality_constitutionality,0.941229,0.919630229473114,0.5819867849349976,True
qb_003651,political,qb_003651__political,0.7628141,0.7273128032684326,0.6847398281097412,True
qb_003651,economic,qb_003651__economic,0.8624276,0.8307209014892578,0.6362747550010681,True
qb_006170,legality_constitutionality,qb_006170__legality_constitutionality,0.8257935,0.8115206956863403,0.6008385419845581,True
qb_006170,capacity_and_resources,qb_006170__capacity_and_resources,0.8114793,0.7658692598342896,0.6285725831985474,True
qb_006170,political,qb_006170__political,0.8342961,0.7974742650985718,0.6333907842636108,True
qb_006170,crime_and_punishment,qb_006170__crime_and_punishment,0.8587082,0.7601871490478516,0.6288818120956421,True
qb_006170,morality,qb_006170__morality,0.9053545,0.7779185175895691,0.6334706544876099,True
qb_012157,political,qb_012157__political,0.86827826,0.7756555676460266,0.6339825391769409,True
qb_012157,capacity_and_resources,qb_012157__capacity_and_resources,0.7901231,0.7933201789855957,0.6084729433059692,True
qb_017711,political,qb_017711__political,0.84862775,0.6674386262893677,0.6202598810195923,True
qb_017711,policy_prescription,qb_017711__policy_prescription,0.786279,0.70833820104599,0.6360753774642944,True
qb_015303,policy_prescription,qb_015303__policy_prescription,0.8894142,0.8316804766654968,0.661216139793396,True
qb_015303,health_and_safety,qb_015303__health_and_safety,0.8220224,0.8622902631759644,0.5749897956848145,True
qb_015303,political,qb_015303__political,0.9033315,0.6865499019622803,0.6556650400161743,True
qb_015303,legality_constitutionality,qb_015303__legality_constitutionality,0.83759415,0.7893988490104675,0.6474735140800476,True
qb_015303,economic,qb_015303__economic,0.86138964,0.817348837852478,0.6177734136581421,True
qb_018162,security_and_defense,qb_018162__security_and_defense,0.87138027,0.8780280947685242,0.6534546613693237,True
qb_018162,political,qb_018162__political,0.8789364,0.7654056549072266,0.5866771936416626,True
qb_018162,policy_prescription,qb_018162__policy_prescription,0.91992617,0.8290532231330872,0.6209386587142944,True
qb_018162,capacity_and_resources,qb_018162__capacity_and_resources,0.83874124,0.7570285201072693,0.6251298189163208,True
qb_018162,cultural_identity,qb_018162__cultural_identity,0.8355625,0.8266753554344177,0.6366509199142456,True
qb_014773,political,qb_014773__political,0.8912935,0.8053160905838013,0.6404718160629272,True
qb_014773,policy_prescription,qb_014773__policy_prescription,0.8698726,0.7623156309127808,0.6099978089332581,True
qb_014773,capacity_and_resources,qb_014773__capacity_and_resources,0.8662269,0.807174563407898,0.6701604127883911,True
qb_006644,security_and_defense,qb_006644__security_and_defense,0.8300015,0.7636922597885132,0.6487411856651306,True
qb_006644,political,qb_006644__political,0.8781152,0.7780390381813049,0.6203721761703491,True
qb_006644,external_regulation,qb_006644__external_regulation,0.77851355,0.6884324550628662,0.5793949961662292,True
qb_006644,cultural_identity,qb_006644__cultural_identity,0.919703,0.7120752334594727,0.5702964067459106,True
qb_006644,capacity_and_resources,qb_006644__capacity_and_resources,0.7492895,0.7041763067245483,0.5746781229972839,True
qb_001848,policy_prescription,qb_001848__policy_prescription,0.8242143,0.765842616558075,0.6280500888824463,True
qb_001848,legality_constitutionality,qb_001848__legality_constitutionality,0.7766944,0.7920422554016113,0.6305918097496033,True
qb_001848,health_and_safety,qb_001848__health_and_safety,0.8552,0.7232296466827393,0.6455487012863159,True
qb_001848,political,qb_001848__political,0.8281473,0.7337468266487122,0.6737006902694702,True
qb_001694,legality_constitutionality,qb_001694__legality_constitutionality,0.9218052,0.7804664373397827,0.6588848829269409,True
qb_001694,political,qb_001694__political,0.84278256,0.7551779747009277,0.6181768178939819,True
qb_009307,policy_prescription,qb_009307__policy_prescription,0.8023678,0.7195635437965393,0.610214352607727,True
qb_009307,fairness_and_equality,qb_009307__fairness_and_equality,0.8656978,0.7907923460006714,0.5894795656204224,True
qb_009307,political,qb_009307__political,0.7896522,0.7462249994277954,0.6173439621925354,True
qb_009307,public_sentiment,qb_009307__public_sentiment,0.7183474,0.7572777271270752,0.5698901414871216,True
qb_009307,health_and_safety,qb_009307__health_and_safety,0.7941805,0.6920437216758728,0.599819540977478,True
qb_000775,political,qb_000775__political,0.80654705,0.730660617351532,0.6326112151145935,True
qb_000775,policy_prescription,qb_000775__policy_prescription,0.85531473,0.761120617389679,0.6317737698554993,True
qb_000775,economic,qb_000775__economic,0.75952315,0.7720868587493896,0.661624550819397,True
qb_000775,external_regulation,qb_000775__external_regulation,0.86420643,0.8124008774757385,0.6246007084846497,True
qb_020486,security_and_defense,qb_020486__security_and_defense,0.84885085,0.7728739976882935,0.6480656862258911,True
qb_020486,policy_prescription,qb_020486__policy_prescription,0.7505679,0.7545168995857239,0.6234057545661926,True
qb_020486,political,qb_020486__political,0.88115263,0.7994478940963745,0.594312846660614,True
qb_020486,public_sentiment,qb_020486__public_sentiment,0.81839037,0.7529894113540649,0.6618903875350952,True
qb_020486,external_regulation,qb_020486__external_regulation,0.9116008,0.7987252473831177,0.6143107414245605,True
qb_020486,morality,qb_020486__morality,0.7007969,0.6688552498817444,0.5748555660247803,True
qb_015423,capacity_and_resources,qb_015423__capacity_and_resources,0.83019626,0.7890442609786987,0.6471515893936157,True
qb_015423,legality_constitutionality,qb_015423__legality_constitutionality,0.8224567,0.7658765316009521,0.6211008429527283,True
qb_002260,political,qb_002260__political,0.9500423,0.8064224720001221,0.6126502752304077,True
qb_002260,legality_constitutionality,qb_002260__legality_constitutionality,0.7189858,0.8067013621330261,0.5859397649765015,True
qb_002260,public_sentiment,qb_002260__public_sentiment,0.8479534,0.8062220811843872,0.6876060366630554,True
qb_002260,external_regulation,qb_002260__external_regulation,0.89819527,0.7806403040885925,0.6410075426101685,True
qb_002260,crime_and_punishment,qb_002260__crime_and_punishment,0.9053528,0.824619710445404,0.666223406791687,True
qb_021078,fairness_and_equality,qb_021078__fairness_and_equality,0.875139,0.7626155614852905,0.6293518543243408,True
qb_021078,political,qb_021078__political,0.9006195,0.8583985567092896,0.6535278558731079,True
qb_021078,public_sentiment,qb_021078__public_sentiment,0.8192865,0.7713758945465088,0.6629520654678345,True
qb_007296,political,qb_007296__political,0.8848176,0.7843805551528931,0.6738142967224121,True
qb_007296,morality,qb_007296__morality,0.78835106,0.7177413702011108,0.6095370650291443,True
qb_007296,public_sentiment,qb_007296__public_sentiment,0.89160997,0.7848238945007324,0.688673198223114,True
qb_014243,policy_prescription,qb_014243__policy_prescription,0.76225257,0.7901094555854797,0.6353737115859985,True
qb_014243,legality_constitutionality,qb_014243__legality_constitutionality,0.82917726,0.7856820821762085,0.6839538216590881,True
qb_014243,economic,qb_014243__economic,0.82343006,0.7666077613830566,0.6244750618934631,True
qb_014243,political,qb_014243__political,0.88901216,0.7318593263626099,0.6633264422416687,True
qb_014243,health_and_safety,qb_014243__health_and_safety,0.8766422,0.7560731172561646,0.6592634916305542,True
qb_012526,political,qb_012526__political,0.88062435,0.7764398455619812,0.6113187670707703,True
qb_012526,security_and_defense,qb_012526__security_and_defense,0.9281885,0.8314930200576782,0.6099867820739746,True
qb_019709,political,qb_019709__political,0.8704072,0.8434208035469055,0.6312045454978943,True
qb_019709,morality,qb_019709__morality,0.8840865,0.790617823600769,0.6734774112701416,True
qb_019709,security_and_defense,qb_019709__security_and_defense,0.8657291,0.8178069591522217,0.6390268206596375,True
qb_007040,legality_constitutionality,qb_007040__legality_constitutionality,0.793505,0.830605685710907,0.5910406708717346,True
qb_007040,crime_and_punishment,qb_007040__crime_and_punishment,0.8708983,0.8161554932594299,0.6194899678230286,True
qb_007040,economic,qb_007040__economic,0.8621551,0.7843340039253235,0.6391676664352417,True
qb_007040,political,qb_007040__political,0.8626887,0.7885141968727112,0.608073353767395,True
qb_004491,security_and_defense,qb_004491__security_and_defense,0.8360679,0.8120837211608887,0.6321670413017273,True
qb_004491,policy_prescription,qb_004491__policy_prescription,0.8388971,0.7523133158683777,0.5788110494613647,True
qb_004491,legality_constitutionality,qb_004491__legality_constitutionality,0.87944496,0.7734578847885132,0.6136282682418823,True
qb_004491,political,qb_004491__political,0.8186167,0.6929754614830017,0.6568154096603394,True
qb_004491,external_regulation,qb_004491__external_regulation,0.80608326,0.7298009395599365,0.6895005106925964,True
qb_003304,political,qb_003304__political,0.88079256,0.6667795181274414,0.6370177268981934,True
qb_003304,legality_constitutionality,qb_003304__legality_constitutionality,0.90460575,0.7047879099845886,0.5774556398391724,True
qb_003304,policy_prescription,qb_003304__policy_prescription,0.7517327,0.7180420756340027,0.6046773195266724,True
qb_003304,public_sentiment,qb_003304__public_sentiment,0.89765096,0.7292881011962891,0.6260939836502075,True
qb_017477,political,qb_017477__political,0.8575374,0.7626791000366211,0.6849609613418579,True
qb_017477,health_and_safety,qb_017477__health_and_safety,0.7895732,0.7499606013298035,0.6476345062255859,True
qb_017477,capacity_and_resources,qb_017477__capacity_and_resources,0.8875811,0.7804399132728577,0.7004789710044861,True
qb_017477,public_sentiment,qb_017477__public_sentiment,0.82328236,0.7691830396652222,0.6739845275878906,True
qb_017477,policy_prescription,qb_017477__policy_prescription,0.7819501,0.7182837724685669,0.5937255620956421,True
qb_002097,political,qb_002097__political,0.9000902,0.7833450436592102,0.6394866108894348,True
qb_002097,legality_constitutionality,qb_002097__legality_constitutionality,0.8263089,0.7798217535018921,0.6453377604484558,True
qb_002097,external_regulation,qb_002097__external_regulation,0.76691693,0.773808479309082,0.7019019722938538,True
qb_002097,policy_prescription,qb_002097__policy_prescription,0.83286214,0.7651623487472534,0.6783522367477417,True
qb_002097,security_and_defense,qb_002097__security_and_defense,0.83483964,0.7434779405593872,0.6652132272720337,True
qb_010600,cultural_identity,qb_010600__cultural_identity,0.8271934,0.6942849159240723,0.5899940729141235,True
qb_010600,public_sentiment,qb_010600__public_sentiment,0.7947935,0.7328787446022034,0.6508058309555054,True
qb_010600,fairness_and_equality,qb_010600__fairness_and_equality,0.83481926,0.7004834413528442,0.607531726360321,True
qb_010600,policy_prescription,qb_010600__policy_prescription,0.8363333,0.6750470995903015,0.596366822719574,True
qb_010600,crime_and_punishment,qb_010600__crime_and_punishment,0.804158,0.6528002023696899,0.5932294130325317,True
qb_017820,economic,qb_017820__economic,0.7765269,0.7616454362869263,0.6308754086494446,True
qb_017820,capacity_and_resources,qb_017820__capacity_and_resources,0.7807301,0.7166407108306885,0.6149249076843262,True
qb_017820,health_and_safety,qb_017820__health_and_safety,0.79473996,0.6839517951011658,0.6359864473342896,True
qb_001199,legality_constitutionality,qb_001199__legality_constitutionality,0.90741825,0.9604556560516357,0.6351667642593384,True
qb_001199,political,qb_001199__political,0.933145,0.9305512309074402,0.6097963452339172,True
qb_001199,external_regulation,qb_001199__external_regulation,0.9095482,0.8865911364555359,0.5906611680984497,True
qb_001199,crime_and_punishment,qb_001199__crime_and_punishment,0.9041876,0.9333853125572205,0.6420262455940247,True
qb_003725,political,qb_003725__political,0.91393816,0.8223723769187927,0.6248914003372192,True
qb_003725,crime_and_punishment,qb_003725__crime_and_punishment,0.82193506,0.7963740825653076,0.6519390940666199,True
qb_003725,legality_constitutionality,qb_003725__legality_constitutionality,0.87982965,0.8103423118591309,0.5814303159713745,True
qb_007433,economic,qb_007433__economic,0.87021637,0.7084092497825623,0.6263332366943359,True
qb_007433,political,qb_007433__political,0.8839452,0.7875587344169617,0.6150215268135071,True
qb_007433,legality_constitutionality,qb_007433__legality_constitutionality,0.7882391,0.7131889462471008,0.635536789894104,True
qb_007433,cultural_identity,qb_007433__cultural_identity,0.9610923,0.6988224983215332,0.6130865812301636,True
qb_010901,crime_and_punishment,qb_010901__crime_and_punishment,0.73915684,0.7703297138214111,0.621700644493103,True
qb_010901,security_and_defense,qb_010901__security_and_defense,0.82192564,0.772266685962677,0.6005975008010864,True
qb_010901,capacity_and_resources,qb_010901__capacity_and_resources,0.8370002,0.7223258018493652,0.5977050065994263,True
qb_010901,public_sentiment,qb_010901__public_sentiment,0.8007245,0.7207348942756653,0.6353334784507751,True
qb_002918,political,qb_002918__political,0.9024856,0.7945623397827148,0.6523666381835938,True
qb_002918,external_regulation,qb_002918__external_regulation,0.8166196,0.6866755485534668,0.632580578327179,True
qb_002918,security_and_defense,qb_002918__security_and_defense,0.77639157,0.7632858753204346,0.6436277627944946,True
qb_002918,legality_constitutionality,qb_002918__legality_constitutionality,0.88306737,0.6768054366111755,0.6833580732345581,True
qb_017055,capacity_and_resources,qb_017055__capacity_and_resources,0.77557826,0.754286527633667,0.6194013357162476,True
qb_017055,legality_constitutionality,qb_017055__legality_constitutionality,0.76882434,0.8108353614807129,0.5762389898300171,True
qb_017055,fairness_and_equality,qb_017055__fairness_and_equality,0.90139294,0.8367325663566589,0.586654782295227,True
qb_010750,economic,qb_010750__economic,0.7917719,0.6933010220527649,0.6529305577278137,True
qb_010750,policy_prescription,qb_010750__policy_prescription,0.8891151,0.8543850779533386,0.6524204015731812,True
qb_010750,capacity_and_resources,qb_010750__capacity_and_resources,0.8006129,0.6781060695648193,0.627375066280365,True
qb_009045,security_and_defense,qb_009045__security_and_defense,0.7853229,0.7556303143501282,0.6202210187911987,True
qb_009045,capacity_and_resources,qb_009045__capacity_and_resources,0.84388316,0.7232518196105957,0.6014184951782227,True
qb_009045,political,qb_009045__political,0.8657013,0.7409493923187256,0.6437082290649414,True
qb_015786,economic,qb_015786__economic,0.8510259,0.7865452766418457,0.6141002178192139,True
qb_015786,public_sentiment,qb_015786__public_sentiment,0.8594403,0.818305253982544,0.6588120460510254,True
qb_015786,morality,qb_015786__morality,0.9077568,0.787861168384552,0.5919927358627319,True
qb_015786,political,qb_015786__political,0.8984799,0.8079922795295715,0.6264032125473022,True
qb_007239,health_and_safety,qb_007239__health_and_safety,0.86503917,0.7858858704566956,0.5872994661331177,True
qb_007239,policy_prescription,qb_007239__policy_prescription,0.80816627,0.726720929145813,0.6299067735671997,True
qb_007239,legality_constitutionality,qb_007239__legality_constitutionality,0.81665105,0.7696143388748169,0.630954384803772,True
qb_021599,public_sentiment,qb_021599__public_sentiment,0.72265446,0.7652601599693298,0.6904609799385071,True
qb_021599,policy_prescription,qb_021599__policy_prescription,0.8933215,0.6834471821784973,0.6044546365737915,True
qb_021599,political,qb_021599__political,0.81893086,0.7133869528770447,0.6225018501281738,True
qb_021599,economic,qb_021599__economic,0.8859162,0.5841690897941589,0.5931323170661926,True
qb_011105,legality_constitutionality,qb_011105__legality_constitutionality,0.80718255,0.8614540100097656,0.6001909971237183,True
qb_011105,political,qb_011105__political,0.8920995,0.8363305330276489,0.6097695231437683,True
qb_011105,economic,qb_011105__economic,0.9197214,0.790867269039154,0.6098619699478149,True
qb_004528,political,qb_004528__political,0.86090004,0.7835643887519836,0.6107965111732483,True
qb_004528,public_sentiment,qb_004528__public_sentiment,0.86031806,0.8227301836013794,0.6582702398300171,True
qb_004528,policy_prescription,qb_004528__policy_prescription,0.8686739,0.7836357355117798,0.6458388566970825,True
qb_004528,morality,qb_004528__morality,0.86691284,0.8198578357696533,0.6619278788566589,True
qb_004528,legality_constitutionality,qb_004528__legality_constitutionality,0.85383964,0.8014140129089355,0.6891545057296753,True
qb_020157,capacity_and_resources,qb_020157__capacity_and_resources,0.89080733,0.8039276003837585,0.6611211895942688,True
qb_020157,policy_prescription,qb_020157__policy_prescription,0.9170889,0.8163501024246216,0.6403582692146301,True
qb_020157,political,qb_020157__political,0.8293345,0.7285423874855042,0.6496105194091797,True
qb_020157,health_and_safety,qb_020157__health_and_safety,0.82286155,0.7873303294181824,0.6312633156776428,True
qb_020157,economic,qb_020157__economic,0.7870757,0.8040223121643066,0.622433066368103,True
qb_020157,security_and_defense,qb_020157__security_and_defense,0.9043682,0.7345369458198547,0.6361892223358154,True
qb_008301,fairness_and_equality,qb_008301__fairness_and_equality,0.86540174,0.8037126660346985,0.6399237513542175,True
qb_008301,policy_prescription,qb_008301__policy_prescription,0.81565475,0.9292619824409485,0.6074956655502319,True
qb_008301,political,qb_008301__political,0.8688556,0.8393318057060242,0.651649534702301,True
qb_008301,cultural_identity,qb_008301__cultural_identity,0.9276177,0.8297317028045654,0.6335076093673706,True
qb_000266,political,qb_000266__political,0.9160727,0.8577775955200195,0.6319729089736938,True
qb_000266,security_and_defense,qb_000266__security_and_defense,0.8781214,0.8717511296272278,0.6247779726982117,True
qb_009874,legality_constitutionality,qb_009874__legality_constitutionality,0.86134756,0.9060569405555725,0.6410785913467407,True
qb_009874,political,qb_009874__political,0.8881442,0.8051947355270386,0.6509092450141907,True
qb_000902,political,qb_000902__political,0.7876097,0.7363487482070923,0.6914795637130737,True
qb_000902,policy_prescription,qb_000902__policy_prescription,0.88996077,0.7939758896827698,0.6752561330795288,True
qb_000902,legality_constitutionality,qb_000902__legality_constitutionality,0.89023197,0.7388191223144531,0.6894267201423645,True
qb_001922,morality,qb_001922__morality,0.9359199,0.7427518963813782,0.59024977684021,True
qb_001922,fairness_and_equality,qb_001922__fairness_and_equality,0.8149998,0.701848030090332,0.6229394674301147,True
qb_001922,public_sentiment,qb_001922__public_sentiment,0.76904285,0.7013838887214661,0.6452428102493286,True
qb_001922,cultural_identity,qb_001922__cultural_identity,0.81969994,0.7733990550041199,0.6338512301445007,True
qb_019653,capacity_and_resources,qb_019653__capacity_and_resources,0.9214945,0.8788022994995117,0.6068179607391357,True
qb_019653,policy_prescription,qb_019653__policy_prescription,0.8823691,0.8807547092437744,0.597773015499115,True
qb_019653,quality_of_life,qb_019653__quality_of_life,0.8892906,0.8879764080047607,0.5690029263496399,True
qb_016904,capacity_and_resources,qb_016904__capacity_and_resources,0.91558325,0.7641885280609131,0.5807911157608032,True
qb_016904,political,qb_016904__political,0.83480084,0.7998293042182922,0.6070199012756348,True
qb_016904,policy_prescription,qb_016904__policy_prescription,0.7981758,0.7795560956001282,0.672181248664856,True
qb_016904,public_sentiment,qb_016904__public_sentiment,0.8163419,0.7849176526069641,0.62192302942276,True
qb_021163,health_and_safety,qb_021163__health_and_safety,0.8540405,0.7270278334617615,0.6541334390640259,True
qb_021163,morality,qb_021163__morality,0.8657353,0.8337409496307373,0.6231244802474976,True
qb_021163,quality_of_life,qb_021163__quality_of_life,0.8601584,0.8185949325561523,0.6149953007698059,True
qb_003795,security_and_defense,qb_003795__security_and_defense,0.75254107,0.7484694719314575,0.6358116269111633,True
qb_003795,external_regulation,qb_003795__external_regulation,0.89171445,0.7335443496704102,0.6262079477310181,True
qb_003795,political,qb_003795__political,0.83892226,0.7132954597473145,0.6665336489677429,True
qb_019673,policy_prescription,qb_019673__policy_prescription,0.89000547,0.8143353462219238,0.6354899406433105,True
qb_019673,legality_constitutionality,qb_019673__legality_constitutionality,0.85079455,0.8513826727867126,0.5964186191558838,True
qb_019673,health_and_safety,qb_019673__health_and_safety,0.88461196,0.7541360855102539,0.6487538814544678,True
qb_019673,morality,qb_019673__morality,0.80594486,0.7800869941711426,0.5790785551071167,True
qb_019673,public_sentiment,qb_019673__public_sentiment,0.83920646,0.7765128016471863,0.6499300599098206,True
qb_007750,economic,qb_007750__economic,0.94178516,0.877795398235321,0.6312136650085449,True
qb_007750,policy_prescription,qb_007750__policy_prescription,0.8697433,0.7720374464988708,0.6494957208633423,True
qb_007750,health_and_safety,qb_007750__health_and_safety,0.9147227,0.8004758954048157,0.5840247273445129,True
qb_007750,quality_of_life,qb_007750__quality_of_life,0.9240479,0.7306013107299805,0.5745619535446167,True
qb_007750,capacity_and_resources,qb_007750__capacity_and_resources,0.85602283,0.8060413599014282,0.6504915356636047,True
qb_000223,political,qb_000223__political,0.7934394,0.6968669891357422,0.6152612566947937,True
qb_000223,health_and_safety,qb_000223__health_and_safety,0.8611278,0.7717579007148743,0.5731309652328491,True
qb_000223,policy_prescription,qb_000223__policy_prescription,0.8475807,0.7403782606124878,0.5844190716743469,True
qb_009672,security_and_defense,qb_009672__security_and_defense,0.90962493,0.853888988494873,0.617292046546936,True
qb_009672,capacity_and_resources,qb_009672__capacity_and_resources,0.89919806,0.8052724599838257,0.5947478413581848,True
qb_009672,political,qb_009672__political,0.911552,0.7291467785835266,0.5966404676437378,True
qb_014962,political,qb_014962__political,0.8819431,0.8464095592498779,0.6567538976669312,True
qb_014962,public_sentiment,qb_014962__public_sentiment,0.8600462,0.8029868006706238,0.6615431308746338,True
qb_014962,legality_constitutionality,qb_014962__legality_constitutionality,0.8530372,0.7056618332862854,0.6649775505065918,True
qb_014962,security_and_defense,qb_014962__security_and_defense,0.8974358,0.7333869338035583,0.6718541383743286,True
qb_010172,policy_prescription,qb_010172__policy_prescription,0.7779307,0.736088216304779,0.6183391213417053,True
qb_010172,external_regulation,qb_010172__external_regulation,0.8698375,0.7561240196228027,0.5883248448371887,True
qb_010172,fairness_and_equality,qb_010172__fairness_and_equality,0.8273522,0.715621829032898,0.5463554263114929,True
qb_010172,political,qb_010172__political,0.8000369,0.7197874188423157,0.6026235818862915,True
qb_010172,security_and_defense,qb_010172__security_and_defense,0.753051,0.784454345703125,0.6040130853652954,True
qb_010172,public_sentiment,qb_010172__public_sentiment,0.8375187,0.7719596028327942,0.6359780430793762,True
qb_012910,crime_and_punishment,qb_012910__crime_and_punishment,0.9020175,0.8800339698791504,0.6375656127929688,True
qb_012910,fairness_and_equality,qb_012910__fairness_and_equality,0.86134756,0.8336484432220459,0.5859504342079163,True
qb_012910,legality_constitutionality,qb_012910__legality_constitutionality,0.78571045,0.7783410549163818,0.6038105487823486,True
qb_012910,external_regulation,qb_012910__external_regulation,0.7918551,0.7622420787811279,0.6084345579147339,True
qb_002154,legality_constitutionality,qb_002154__legality_constitutionality,0.88768995,0.8174329400062561,0.6336323022842407,True
qb_002154,crime_and_punishment,qb_002154__crime_and_punishment,0.80788296,0.7606020569801331,0.6632691621780396,True
qb_002154,political,qb_002154__political,0.9022425,0.6862382888793945,0.5980522036552429,True
qb_010667,crime_and_punishment,qb_010667__crime_and_punishment,0.8289659,0.7683094143867493,0.5911287069320679,True
qb_010667,legality_constitutionality,qb_010667__legality_constitutionality,0.9092946,0.8441109657287598,0.6036661863327026,True
qb_010667,public_sentiment,qb_010667__public_sentiment,0.86225,0.7472904324531555,0.6337469220161438,True
qb_010667,health_and_safety,qb_010667__health_and_safety,0.84194994,0.7407481670379639,0.5875211358070374,True
qb_010667,cultural_identity,qb_010667__cultural_identity,0.8908155,0.7723617553710938,0.607123613357544,True
qb_010667,fairness_and_equality,qb_010667__fairness_and_equality,0.82762325,0.7979413270950317,0.6018604040145874,True
qb_010667,morality,qb_010667__morality,0.8729191,0.7918463945388794,0.5761405229568481,True
qb_013895,economic,qb_013895__economic,0.842637,0.8864869475364685,0.6175888776779175,True
qb_013895,policy_prescription,qb_013895__policy_prescription,0.90065515,0.8379015922546387,0.6106138229370117,True
qb_013895,political,qb_013895__political,0.8527038,0.7312995791435242,0.6508287191390991,True
qb_013895,fairness_and_equality,qb_013895__fairness_and_equality,0.8261052,0.7947208285331726,0.6040733456611633,True
qb_013017,capacity_and_resources,qb_013017__capacity_and_resources,0.8384694,0.7013970613479614,0.6643322706222534,True
qb_013017,political,qb_013017__political,0.8570218,0.7297896146774292,0.6706416010856628,True
qb_013017,crime_and_punishment,qb_013017__crime_and_punishment,0.89021945,0.8060054779052734,0.6156384944915771,True
qb_013017,legality_constitutionality,qb_013017__legality_constitutionality,0.7962316,0.6541696786880493,0.5878657102584839,True
qb_013017,security_and_defense,qb_013017__security_and_defense,0.8337897,0.7802274227142334,0.6359308362007141,True
qb_020330,political,qb_020330__political,0.83612597,0.790447473526001,0.6333891749382019,True
qb_020330,security_and_defense,qb_020330__security_and_defense,0.8162226,0.7584853172302246,0.620132565498352,True
qb_020330,legality_constitutionality,qb_020330__legality_constitutionality,0.92344266,0.6957710981369019,0.5661175847053528,True
qb_020330,morality,qb_020330__morality,0.856625,0.7338297963142395,0.6172510981559753,True
qb_020330,cultural_identity,qb_020330__cultural_identity,0.9040297,0.8311818838119507,0.6062252521514893,True
qb_015888,economic,qb_015888__economic,0.79312867,0.7354477047920227,0.6564198136329651,True
qb_015888,capacity_and_resources,qb_015888__capacity_and_resources,0.80343246,0.7803033590316772,0.617371141910553,True
qb_004792,security_and_defense,qb_004792__security_and_defense,0.9138317,0.8058984875679016,0.643419623374939,True
qb_004792,policy_prescription,qb_004792__policy_prescription,0.81930053,0.757188618183136,0.6140473484992981,True
qb_004792,political,qb_004792__political,0.83543396,0.7688332796096802,0.6437856554985046,True
qb_004792,health_and_safety,qb_004792__health_and_safety,0.7584759,0.657561182975769,0.5727890729904175,True
qb_004792,cultural_identity,qb_004792__cultural_identity,0.876277,0.7607356905937195,0.6040606498718262,True
qb_004792,public_sentiment,qb_004792__public_sentiment,0.8214148,0.8015688061714172,0.653211236000061,True
qb_013668,political,qb_013668__political,0.9029393,0.7411954402923584,0.6468247771263123,True
qb_013668,economic,qb_013668__economic,0.85511696,0.7355316281318665,0.6486168503761292,True
qb_013668,public_sentiment,qb_013668__public_sentiment,0.8421734,0.8090120553970337,0.6480820775032043,True
qb_014103,political,qb_014103__political,0.8821193,0.8359723687171936,0.6029390096664429,True
qb_014103,security_and_defense,qb_014103__security_and_defense,0.76810014,0.73399418592453,0.6324817538261414,True
qb_014103,public_sentiment,qb_014103__public_sentiment,0.8011034,0.7304610013961792,0.6195100545883179,True
qb_014103,fairness_and_equality,qb_014103__fairness_and_equality,0.8612981,0.7276303172111511,0.6349392533302307,True
qb_014103,legality_constitutionality,qb_014103__legality_constitutionality,0.83441097,0.7825371026992798,0.6056078672409058,True
qb_015474,security_and_defense,qb_015474__security_and_defense,0.7871362,0.76204514503479,0.5668236017227173,True
qb_015474,external_regulation,qb_015474__external_regulation,0.8292999,0.7446272373199463,0.6614219546318054,True
qb_015474,public_sentiment,qb_015474__public_sentiment,0.8563906,0.7034969329833984,0.6579371690750122,True
qb_001305,political,qb_001305__political,0.88874805,,0.6535747051239014,False
qb_015972,policy_prescription,qb_015972__policy_prescription,0.8479781,0.7944493889808655,0.5989707708358765,True
qb_015972,legality_constitutionality,qb_015972__legality_constitutionality,0.9064292,0.7567345499992371,0.6192581057548523,True
qb_015972,security_and_defense,qb_015972__security_and_defense,0.8042425,0.8744331002235413,0.62884521484375,True
qb_015972,political,qb_015972__political,0.93720007,0.7568466067314148,0.6396202445030212,True
qb_016646,policy_prescription,qb_016646__policy_prescription,0.8309714,0.8402994275093079,0.6307204961776733,True
qb_016646,political,qb_016646__political,0.83947456,0.7890810966491699,0.7043070197105408,True
qb_016646,health_and_safety,qb_016646__health_and_safety,0.8817259,0.8305811882019043,0.669672966003418,True
qb_014029,legality_constitutionality,qb_014029__legality_constitutionality,0.8289162,0.8487837314605713,0.6152681112289429,True
qb_014029,political,qb_014029__political,0.9130499,0.7738287448883057,0.6367523670196533,True
qb_013071,legality_constitutionality,qb_013071__legality_constitutionality,0.93564135,0.7304161787033081,0.6365600824356079,True
qb_013071,external_regulation,qb_013071__external_regulation,0.8173454,0.8265662789344788,0.6625252366065979,True
qb_013071,political,qb_013071__political,0.87660795,0.7415443658828735,0.5808327794075012,True
qb_013071,policy_prescription,qb_013071__policy_prescription,0.7349309,0.7234818935394287,0.5797182321548462,True
qb_013071,security_and_defense,qb_013071__security_and_defense,0.8512894,0.7838104367256165,0.6107109785079956,True
qb_005719,political,qb_005719__political,0.8820674,,0.5944369435310364,False
qb_016132,legality_constitutionality,qb_016132__legality_constitutionality,0.8559241,0.7883481383323669,0.5776757001876831,True
qb_016132,health_and_safety,qb_016132__health_and_safety,0.8192918,0.7281478643417358,0.5830241441726685,True
qb_016132,political,qb_016132__political,0.84611297,0.7484521865844727,0.648301899433136,True
qb_016132,capacity_and_resources,qb_016132__capacity_and_resources,0.8531075,0.7582060098648071,0.6607585549354553,True
qb_016132,public_sentiment,qb_016132__public_sentiment,0.80846655,0.7409192323684692,0.6250606775283813,True
qb_016132,policy_prescription,qb_016132__policy_prescription,0.81656384,0.780722975730896,0.6436136960983276,True
qb_021132,legality_constitutionality,qb_021132__legality_constitutionality,0.85859156,0.6494109034538269,0.5917927026748657,True
qb_021132,public_sentiment,qb_021132__public_sentiment,0.8846048,0.6936723589897156,0.6233054995536804,True
qb_021132,cultural_identity,qb_021132__cultural_identity,0.8740524,0.7027904391288757,0.6104481220245361,True
qb_021132,political,qb_021132__political,0.9113213,0.7872872352600098,0.641897976398468,True
qb_008055,economic,qb_008055__economic,0.83573985,0.8020029067993164,0.6339303255081177,True
qb_008055,health_and_safety,qb_008055__health_and_safety,0.89423454,0.7836841344833374,0.6138666868209839,True
qb_014815,health_and_safety,qb_014815__health_and_safety,0.8126151,0.756085216999054,0.5835071802139282,True
qb_014815,capacity_and_resources,qb_014815__capacity_and_resources,0.7595254,0.785022497177124,0.5954338312149048,True
qb_014815,policy_prescription,qb_014815__policy_prescription,0.84997785,0.7636058330535889,0.6002925634384155,True
qb_014815,public_sentiment,qb_014815__public_sentiment,0.84070677,0.7366105914115906,0.6409615278244019,True
qb_018321,security_and_defense,qb_018321__security_and_defense,0.86565816,0.7310470938682556,0.6320366263389587,True
qb_018321,legality_constitutionality,qb_018321__legality_constitutionality,0.7899331,0.6309431791305542,0.579817533493042,True
qb_018321,crime_and_punishment,qb_018321__crime_and_punishment,0.8344681,0.7630153894424438,0.6667743921279907,True
qb_018321,public_sentiment,qb_018321__public_sentiment,0.8115667,0.674359917640686,0.6604949831962585,True
qb_018321,political,qb_018321__political,0.82949716,0.7517034411430359,0.6093912124633789,True
qb_000157,legality_constitutionality,qb_000157__legality_constitutionality,0.79861295,0.8653251528739929,0.6236324906349182,True
qb_000157,political,qb_000157__political,0.84102815,0.7533677220344543,0.6670761108398438,True
qb_000157,policy_prescription,qb_000157__policy_prescription,0.82444614,0.729665994644165,0.5941241979598999,True
qb_005484,economic,qb_005484__economic,0.8390415,0.7992755174636841,0.6008538603782654,True
qb_005484,policy_prescription,qb_005484__policy_prescription,0.83392346,0.812950849533081,0.6248917579650879,True
qb_005484,political,qb_005484__political,0.8771366,0.7511129379272461,0.6629769206047058,True
qb_005484,health_and_safety,qb_005484__health_and_safety,0.7809897,0.7513300180435181,0.6164473295211792,True
qb_005484,quality_of_life,qb_005484__quality_of_life,0.84530854,0.8141878247261047,0.6272343993186951,True
qb_009742,fairness_and_equality,qb_009742__fairness_and_equality,0.8836239,0.7790683507919312,0.5886601209640503,True
qb_009742,policy_prescription,qb_009742__policy_prescription,0.7900623,0.7850821614265442,0.6615551710128784,True
qb_009742,public_sentiment,qb_009742__public_sentiment,0.82687384,0.7664693593978882,0.6150562763214111,True
qb_009742,cultural_identity,qb_009742__cultural_identity,0.87526286,0.7916237711906433,0.5818799734115601,True
qb_009742,legality_constitutionality,qb_009742__legality_constitutionality,0.8493525,0.7827166318893433,0.5590726733207703,True
qb_009742,morality,qb_009742__morality,0.8278431,0.7743103504180908,0.6051815152168274,True
qb_009742,political,qb_009742__political,0.8397748,0.753605306148529,0.6223527789115906,True
qb_019823,political,qb_019823__political,0.8448355,0.7643488645553589,0.6341615915298462,True
qb_019823,legality_constitutionality,qb_019823__legality_constitutionality,0.85691565,0.7410061359405518,0.7150172591209412,True
qb_018687,legality_constitutionality,qb_018687__legality_constitutionality,0.9092076,0.8188179135322571,0.6085449457168579,True
qb_018687,political,qb_018687__political,0.90721196,0.8042008876800537,0.6099737286567688,True
qb_018687,fairness_and_equality,qb_018687__fairness_and_equality,0.87165594,0.8717722296714783,0.6267715692520142,True
qb_018687,economic,qb_018687__economic,0.8731161,0.7981889843940735,0.6695778369903564,True
qb_001080,legality_constitutionality,qb_001080__legality_constitutionality,0.816739,0.7728750705718994,0.6227234601974487,True
qb_001080,crime_and_punishment,qb_001080__crime_and_punishment,0.78976417,0.8197196125984192,0.6173592209815979,True
qb_001080,external_regulation,qb_001080__external_regulation,0.80187654,0.7791494727134705,0.6533617973327637,True
qb_001080,security_and_defense,qb_001080__security_and_defense,0.87195027,0.7831938862800598,0.6058496236801147,True
qb_001080,political,qb_001080__political,0.7768086,0.7620027661323547,0.6590353846549988,True
qb_001080,morality,qb_001080__morality,0.8949835,0.7826972603797913,0.6481621861457825,True
qb_001080,public_sentiment,qb_001080__public_sentiment,0.8460258,0.7898095846176147,0.6366701722145081,True
qb_001080,health_and_safety,qb_001080__health_and_safety,0.8377368,0.789297878742218,0.6381486654281616,True
qb_018254,political,qb_018254__political,0.9410306,0.7966775894165039,0.6771690845489502,True
qb_018254,policy_prescription,qb_018254__policy_prescription,0.79825974,0.7435348033905029,0.6577837467193604,True
qb_018254,cultural_identity,qb_018254__cultural_identity,0.87695336,0.8762907385826111,0.6951135993003845,True
qb_018254,public_sentiment,qb_018254__public_sentiment,0.89239323,0.7779248356819153,0.6466845273971558,True
qb_000635,policy_prescription,qb_000635__policy_prescription,0.8556082,0.7354756593704224,0.5935496687889099,True
qb_000635,morality,qb_000635__morality,0.88394094,0.8031604886054993,0.5563613176345825,True
qb_000635,cultural_identity,qb_000635__cultural_identity,0.87659466,0.7654749751091003,0.5670295357704163,True
qb_000635,fairness_and_equality,qb_000635__fairness_and_equality,0.92318237,0.8178857564926147,0.5932921171188354,True
qb_000635,political,qb_000635__political,0.8789968,0.7801588177680969,0.6821966171264648,True
qb_000635,public_sentiment,qb_000635__public_sentiment,0.9166606,0.8295788764953613,0.6149494647979736,True
qb_014662,health_and_safety,qb_014662__health_and_safety,0.81163454,0.7415547966957092,0.6324455142021179,True
qb_014662,public_sentiment,qb_014662__public_sentiment,0.84588814,0.7769235372543335,0.6421285271644592,True
qb_008965,security_and_defense,qb_008965__security_and_defense,0.8576852,0.8126187920570374,0.6511540412902832,True
qb_008965,capacity_and_resources,qb_008965__capacity_and_resources,0.8623658,0.8536389470100403,0.6376933455467224,True
qb_008965,external_regulation,qb_008965__external_regulation,0.818223,0.84760981798172,0.6194359660148621,True
qb_008965,political,qb_008965__political,0.94254386,0.8181367516517639,0.6522043347358704,True
qb_015693,legality_constitutionality,qb_015693__legality_constitutionality,0.8659003,0.7307054996490479,0.6347256898880005,True
qb_015693,political,qb_015693__political,0.8312602,0.7625696063041687,0.5957111120223999,True
qb_015693,crime_and_punishment,qb_015693__crime_and_punishment,0.8215492,0.7352604866027832,0.6220749020576477,True
qb_015693,economic,qb_015693__economic,0.87306166,0.7943833470344543,0.6880614757537842,True
qb_014101,policy_prescription,qb_014101__policy_prescription,0.8693001,0.8544242978096008,0.6181395053863525,True
qb_014101,political,qb_014101__political,0.86803865,0.7690789699554443,0.6352124214172363,True
qb_014101,security_and_defense,qb_014101__security_and_defense,0.8996043,0.864572286605835,0.6455816030502319,True
qb_014101,health_and_safety,qb_014101__health_and_safety,0.91536593,0.8186394572257996,0.6046651601791382,True
qb_011549,political,qb_011549__political,0.8410379,0.7434598207473755,0.664280891418457,True
qb_011549,external_regulation,qb_011549__external_regulation,0.8360673,0.794285237789154,0.6262222528457642,True
qb_011549,policy_prescription,qb_011549__policy_prescription,0.8548622,0.7353346943855286,0.6096450090408325,True
qb_011549,health_and_safety,qb_011549__health_and_safety,0.8150033,0.6907489895820618,0.6362923383712769,True
qb_011549,economic,qb_011549__economic,0.806424,0.8313107490539551,0.6139583587646484,True
qb_014732,policy_prescription,qb_014732__policy_prescription,0.7947884,0.7088574171066284,0.6244758367538452,True
qb_014732,external_regulation,qb_014732__external_regulation,0.8652425,0.6731092929840088,0.6225948333740234,True
qb_014732,health_and_safety,qb_014732__health_and_safety,0.81097853,0.7446321249008179,0.6193087697029114,True
qb_014732,political,qb_014732__political,0.8261446,0.7405494451522827,0.6553934812545776,True
qb_014732,public_sentiment,qb_014732__public_sentiment,0.8149847,0.7333111763000488,0.6611865758895874,True
qb_014732,security_and_defense,qb_014732__security_and_defense,0.8504342,0.6929932832717896,0.6246041059494019,True
qb_017800,crime_and_punishment,qb_017800__crime_and_punishment,0.7882141,0.8140020966529846,0.6017630696296692,True
qb_017800,security_and_defense,qb_017800__security_and_defense,0.7952366,0.7344109416007996,0.6112338900566101,True
qb_017800,economic,qb_017800__economic,0.8912611,0.7421396374702454,0.6737724542617798,True
qb_017800,external_regulation,qb_017800__external_regulation,0.8392309,0.7570298314094543,0.601344883441925,True
qb_008362,legality_constitutionality,qb_008362__legality_constitutionality,0.8342031,0.8037734031677246,0.6203582882881165,True
qb_008362,policy_prescription,qb_008362__policy_prescription,0.90646166,0.788357138633728,0.6961225271224976,True
qb_008362,political,qb_008362__political,0.8642783,0.7101478576660156,0.6768285036087036,True
qb_008362,fairness_and_equality,qb_008362__fairness_and_equality,0.80045795,0.8009426593780518,0.6260063648223877,True
qb_008362,cultural_identity,qb_008362__cultural_identity,0.8087137,0.8597602844238281,0.6402026414871216,True
qb_015462,health_and_safety,qb_015462__health_and_safety,0.88309,0.8644506931304932,0.6066105365753174,True
qb_015462,policy_prescription,qb_015462__policy_prescription,0.86485964,0.8032859563827515,0.5995389223098755,True
qb_015462,quality_of_life,qb_015462__quality_of_life,0.8752077,0.8350256681442261,0.5968167185783386,True
qb_016397,political,qb_016397__political,0.9956598,0.9119234085083008,0.6531817317008972,True
qb_016397,public_sentiment,qb_016397__public_sentiment,0.91993606,0.9165551662445068,0.6080504059791565,True
qb_019355,political,qb_019355__political,0.88848174,0.8125466704368591,0.565468430519104,True
qb_019355,public_sentiment,qb_019355__public_sentiment,0.8379773,0.8090773224830627,0.6127117276191711,True
qb_019901,political,qb_019901__political,0.836567,0.8084367513656616,0.6853846311569214,True
qb_019901,capacity_and_resources,qb_019901__capacity_and_resources,0.82025605,0.741442084312439,0.6311920285224915,True
qb_018497,policy_prescription,qb_018497__policy_prescription,0.78627896,0.8137621879577637,0.6077997088432312,True
qb_018497,capacity_and_resources,qb_018497__capacity_and_resources,0.8306712,0.7845336198806763,0.6650537252426147,True
qb_018497,health_and_safety,qb_018497__health_and_safety,0.8553852,0.769970178604126,0.6238248944282532,True
qb_018497,morality,qb_018497__morality,0.8158039,0.8277550339698792,0.6431916952133179,True
qb_018497,political,qb_018497__political,0.92724645,0.8016583919525146,0.6686012148857117,True
qb_001703,legality_constitutionality,qb_001703__legality_constitutionality,0.8644807,0.724265992641449,0.6587482690811157,True
qb_001703,political,qb_001703__political,0.8864751,0.7752587199211121,0.6887202262878418,True
qb_001703,morality,qb_001703__morality,0.927727,0.8240861892700195,0.6101085543632507,True
qb_015742,crime_and_punishment,qb_015742__crime_and_punishment,0.7874265,0.7552857398986816,0.6100906729698181,True
qb_015742,legality_constitutionality,qb_015742__legality_constitutionality,0.88411444,0.7824313640594482,0.6530858874320984,True
qb_015742,morality,qb_015742__morality,0.87858504,0.7388627529144287,0.5837832689285278,True
qb_020352,policy_prescription,qb_020352__policy_prescription,0.82650435,0.7336455583572388,0.5702123641967773,True
qb_020352,economic,qb_020352__economic,0.86740446,0.7736029624938965,0.646487295627594,True
qb_020352,health_and_safety,qb_020352__health_and_safety,0.82543856,0.7647769451141357,0.5982543230056763,True
qb_020352,quality_of_life,qb_020352__quality_of_life,0.84430337,0.7809060215950012,0.5985912084579468,True
qb_020352,public_sentiment,qb_020352__public_sentiment,0.8435775,0.766136646270752,0.6584984660148621,True
qb_011739,economic,qb_011739__economic,0.8424796,0.8303818702697754,0.5912013053894043,True
qb_011739,capacity_and_resources,qb_011739__capacity_and_resources,0.8395029,0.8236660361289978,0.5959262251853943,True
qb_011739,policy_prescription,qb_011739__policy_prescription,0.6724855,0.8380743265151978,0.5783649682998657,True
qb_011739,political,qb_011739__political,0.88379264,0.7448949217796326,0.6120473146438599,True
qb_011739,quality_of_life,qb_011739__quality_of_life,0.90152603,0.7810002565383911,0.5590944290161133,True
qb_020866,security_and_defense,qb_020866__security_and_defense,0.8179424,0.7878299355506897,0.6507477760314941,True
qb_020866,external_regulation,qb_020866__external_regulation,0.837854,0.7309749126434326,0.645941436290741,True
qb_020866,policy_prescription,qb_020866__policy_prescription,0.83266294,0.7290427684783936,0.6485507488250732,True
qb_020866,economic,qb_020866__economic,0.83071566,0.7758492231369019,0.663282573223114,True
qb_020866,capacity_and_resources,qb_020866__capacity_and_resources,0.80347705,0.7627995610237122,0.6508914232254028,True
qb_004881,political,qb_004881__political,0.8842993,0.6603755354881287,0.6127175092697144,True
qb_004881,legality_constitutionality,qb_004881__legality_constitutionality,0.85710317,0.738320529460907,0.6094087958335876,True
qb_004881,cultural_identity,qb_004881__cultural_identity,0.7608422,0.7778624892234802,0.538780689239502,True
qb_004881,fairness_and_equality,qb_004881__fairness_and_equality,0.85933954,0.7474455237388611,0.583337664604187,True
qb_000725,political,qb_000725__political,0.77174294,0.6914166808128357,0.6238138675689697,True
qb_000725,crime_and_punishment,qb_000725__crime_and_punishment,0.87562513,0.7937600612640381,0.6194449663162231,True
qb_000725,security_and_defense,qb_000725__security_and_defense,0.9023181,0.808059573173523,0.6425862312316895,True
qb_000725,legality_constitutionality,qb_000725__legality_constitutionality,0.9431205,0.7990604639053345,0.6402477622032166,True
qb_000725,cultural_identity,qb_000725__cultural_identity,0.91788137,0.7572265267372131,0.5926593542098999,True
qb_000725,public_sentiment,qb_000725__public_sentiment,0.80022365,0.6906488537788391,0.6824697852134705,True
qb_003895,legality_constitutionality,qb_003895__legality_constitutionality,0.8504529,0.8207375407218933,0.6338962316513062,True
qb_003895,economic,qb_003895__economic,0.8957986,0.796021044254303,0.6120041012763977,True
qb_003895,health_and_safety,qb_003895__health_and_safety,0.8725238,0.7722585201263428,0.6163805723190308,True
qb_003895,political,qb_003895__political,0.9351262,0.7987232804298401,0.6822776794433594,True
qb_021141,health_and_safety,qb_021141__health_and_safety,0.79782104,0.7355496287345886,0.6109822988510132,True
qb_021141,policy_prescription,qb_021141__policy_prescription,0.7444804,0.7813032269477844,0.6464282870292664,True
qb_012582,health_and_safety,qb_012582__health_and_safety,0.8815243,0.7912024855613708,0.5848553776741028,True
qb_012582,policy_prescription,qb_012582__policy_prescription,0.80167377,0.7802126407623291,0.6223009824752808,True
qb_012582,political,qb_012582__political,0.8826619,0.8240185379981995,0.6327590346336365,True
qb_001798,security_and_defense,qb_001798__security_and_defense,0.80227655,0.7426140308380127,0.5667732357978821,True
qb_001798,external_regulation,qb_001798__external_regulation,0.7308812,0.6741036772727966,0.6106694340705872,True
qb_001798,political,qb_001798__political,0.8456751,0.7214710712432861,0.6828622817993164,True
qb_013155,political,qb_013155__political,0.8854082,0.8468635082244873,0.6619916558265686,True
qb_013155,security_and_defense,qb_013155__security_and_defense,0.9158259,0.8555177450180054,0.6350580453872681,True
qb_013155,policy_prescription,qb_013155__policy_prescription,0.8976519,0.8506648540496826,0.6227639317512512,True
qb_013155,public_sentiment,qb_013155__public_sentiment,0.8978637,0.79708331823349,0.6190217733383179,True
qb_013155,crime_and_punishment,qb_013155__crime_and_punishment,0.77697337,0.7562193870544434,0.6255909204483032,True
qb_008297,security_and_defense,qb_008297__security_and_defense,0.86375517,0.8345003128051758,0.6072863936424255,True
qb_008297,capacity_and_resources,qb_008297__capacity_and_resources,0.89261186,0.7378707528114319,0.5700215697288513,True
qb_008297,public_sentiment,qb_008297__public_sentiment,0.85882217,0.7388201951980591,0.6456082463264465,True
qb_005381,security_and_defense,qb_005381__security_and_defense,0.815638,0.7146679162979126,0.6192274689674377,True
qb_005381,policy_prescription,qb_005381__policy_prescription,0.86942744,0.7448312044143677,0.6214028596878052,True
qb_005381,external_regulation,qb_005381__external_regulation,0.8338598,0.7456964254379272,0.6934797167778015,True
qb_005381,health_and_safety,qb_005381__health_and_safety,0.8424368,0.6588031053543091,0.648076057434082,True
qb_005381,political,qb_005381__political,0.8436796,0.7694066166877747,0.6800869107246399,True
qb_005381,legality_constitutionality,qb_005381__legality_constitutionality,0.84742093,0.74474036693573,0.6453467607498169,True
qb_010212,political,qb_010212__political,0.8776209,0.701606273651123,0.6950008273124695,True
qb_010212,policy_prescription,qb_010212__policy_prescription,0.8485688,0.7331998944282532,0.5880428552627563,True
qb_010212,economic,qb_010212__economic,0.8657035,0.8632693886756897,0.6375043988227844,True
qb_010212,health_and_safety,qb_010212__health_and_safety,0.8782569,0.7208132147789001,0.6093000769615173,True
qb_001793,policy_prescription,qb_001793__policy_prescription,0.8574401,0.8164920210838318,0.635140061378479,True
qb_001793,legality_constitutionality,qb_001793__legality_constitutionality,0.85646343,0.7848846316337585,0.6287418603897095,True
qb_001793,political,qb_001793__political,0.8367198,0.7115111351013184,0.6490329504013062,True
qb_001793,morality,qb_001793__morality,0.82288325,0.7721980214118958,0.6087156534194946,True
qb_013362,policy_prescription,qb_013362__policy_prescription,0.8570464,0.8460466861724854,0.6718051433563232,True
qb_013362,political,qb_013362__political,0.8897168,0.7631130814552307,0.691743016242981,True
qb_013362,economic,qb_013362__economic,0.89768,0.8152028918266296,0.6627517938613892,True
qb_013294,policy_prescription,qb_013294__policy_prescription,0.8881564,0.6939334869384766,0.6029737591743469,True
qb_013294,political,qb_013294__political,0.85572207,0.6840778589248657,0.6651565432548523,True
qb_013294,legality_constitutionality,qb_013294__legality_constitutionality,0.8506722,0.7673386335372925,0.653355598449707,True
qb_016574,cultural_identity,qb_016574__cultural_identity,0.85888183,0.799472451210022,0.623367190361023,True
qb_016574,political,qb_016574__political,0.8857237,0.7742783427238464,0.6174171566963196,True
qb_016574,public_sentiment,qb_016574__public_sentiment,0.876963,0.7329201698303223,0.6747757792472839,True
qb_016574,fairness_and_equality,qb_016574__fairness_and_equality,0.77980256,0.8079380989074707,0.6591119170188904,True
qb_016574,external_regulation,qb_016574__external_regulation,0.8131274,0.8032218813896179,0.6464570164680481,True
qb_016574,health_and_safety,qb_016574__health_and_safety,0.8336338,0.7890982031822205,0.6348864436149597,True
qb_020630,political,qb_020630__political,0.85659766,0.7900576591491699,0.615962028503418,True
qb_020630,policy_prescription,qb_020630__policy_prescription,0.87023926,0.7950895428657532,0.6822924613952637,True
qb_020630,capacity_and_resources,qb_020630__capacity_and_resources,0.8340951,0.8023802638053894,0.6581162214279175,True
qb_020630,public_sentiment,qb_020630__public_sentiment,0.8797966,0.8046270608901978,0.6684764623641968,True
qb_020630,economic,qb_020630__economic,0.8304881,0.8467305302619934,0.6625587344169617,True
qb_020630,fairness_and_equality,qb_020630__fairness_and_equality,0.8669577,0.8084121942520142,0.6464558243751526,True
qb_019697,capacity_and_resources,qb_019697__capacity_and_resources,0.83158827,0.7307413816452026,0.5992060899734497,True
qb_019697,other,qb_019697__other,0.81667197,0.7352031469345093,0.6027151346206665,True
qb_012860,economic,qb_012860__economic,0.8914635,0.8289916515350342,0.6082013249397278,True
qb_012860,policy_prescription,qb_012860__policy_prescription,0.8458406,0.8464963436126709,0.6344631910324097,True
qb_007152,legality_constitutionality,qb_007152__legality_constitutionality,0.87010825,,0.556780993938446,False
qb_005930,policy_prescription,qb_005930__policy_prescription,0.8067244,0.8125650882720947,0.622900664806366,True
qb_005930,legality_constitutionality,qb_005930__legality_constitutionality,0.8365582,0.7566303014755249,0.6339408159255981,True
qb_005930,morality,qb_005930__morality,0.91289055,0.7685942649841309,0.5883327722549438,True
qb_005930,political,qb_005930__political,0.83518547,0.7124319076538086,0.7123233079910278,True
qb_005930,health_and_safety,qb_005930__health_and_safety,0.8781351,0.7899580597877502,0.6128813028335571,True
qb_016342,political,qb_016342__political,0.8837081,0.7739810347557068,0.608046293258667,True
qb_016342,legality_constitutionality,qb_016342__legality_constitutionality,0.8478783,0.7700954675674438,0.6271036863327026,True
qb_015526,economic,qb_015526__economic,0.80368,0.7643297910690308,0.6358135938644409,True
qb_015526,policy_prescription,qb_015526__policy_prescription,0.85181344,0.8833433389663696,0.5930566191673279,True
qb_015526,political,qb_015526__political,0.862082,0.8182343244552612,0.6626133322715759,True
qb_008855,legality_constitutionality,qb_008855__legality_constitutionality,0.82597494,0.8798024654388428,0.6000767946243286,True
qb_008855,political,qb_008855__political,0.9263373,0.8165741562843323,0.6825525164604187,True
qb_008855,crime_and_punishment,qb_008855__crime_and_punishment,0.9071978,0.8105003237724304,0.6471315622329712,True
qb_008855,morality,qb_008855__morality,0.91591364,0.8367188572883606,0.6226097941398621,True
qb_004319,security_and_defense,qb_004319__security_and_defense,0.7890167,0.8161600828170776,0.6240668892860413,True
qb_004319,external_regulation,qb_004319__external_regulation,0.8618579,0.8566319942474365,0.6393129229545593,True
qb_001358,legality_constitutionality,qb_001358__legality_constitutionality,0.8157606,0.8373519778251648,0.6216610670089722,True
qb_001358,policy_prescription,qb_001358__policy_prescription,0.8566313,0.809526264667511,0.6049630045890808,True
qb_001358,fairness_and_equality,qb_001358__fairness_and_equality,0.88008726,0.7844539284706116,0.6298007369041443,True
qb_001358,cultural_identity,qb_001358__cultural_identity,0.8393011,0.837674081325531,0.6016258001327515,True
qb_004831,legality_constitutionality,qb_004831__legality_constitutionality,0.792413,0.7742387652397156,0.6143638491630554,True
qb_004831,policy_prescription,qb_004831__policy_prescription,0.8170529,0.7543712258338928,0.6438771486282349,True
qb_004831,crime_and_punishment,qb_004831__crime_and_punishment,0.79761064,0.7647340297698975,0.6341575980186462,True
qb_004831,economic,qb_004831__economic,0.87804496,0.8244760036468506,0.6298878192901611,True
qb_004578,policy_prescription,qb_004578__policy_prescription,0.93814474,0.7890876531600952,0.5887760519981384,True
qb_004578,morality,qb_004578__morality,0.81707126,0.7696475982666016,0.6280919313430786,True
qb_004578,political,qb_004578__political,0.84238064,0.7379289865493774,0.6353952288627625,True
qb_004578,fairness_and_equality,qb_004578__fairness_and_equality,0.8650819,0.7878352403640747,0.6377472877502441,True
qb_004578,economic,qb_004578__economic,0.7996445,0.7800296545028687,0.6357707977294922,True
qb_004578,public_sentiment,qb_004578__public_sentiment,0.74361384,0.7385367155075073,0.66729336977005,True
qb_020651,political,qb_020651__political,0.8114009,0.7823026180267334,0.6769397258758545,True
qb_020651,policy_prescription,qb_020651__policy_prescription,0.7714935,0.8035335540771484,0.6596872806549072,True
qb_020651,crime_and_punishment,qb_020651__crime_and_punishment,0.79414,0.7881744503974915,0.6298600435256958,True
qb_020651,legality_constitutionality,qb_020651__legality_constitutionality,0.8700193,0.7743356823921204,0.6269134879112244,True
qb_020651,security_and_defense,qb_020651__security_and_defense,0.8130403,0.8080917596817017,0.6033378839492798,True
qb_020651,morality,qb_020651__morality,0.8428663,0.7571215629577637,0.6375619173049927,True
qb_004568,public_sentiment,qb_004568__public_sentiment,0.864426,0.6705699563026428,0.6010645031929016,True
qb_004568,cultural_identity,qb_004568__cultural_identity,0.8120953,0.7289364337921143,0.6219653487205505,True
qb_004568,quality_of_life,qb_004568__quality_of_life,0.78028214,0.6894067525863647,0.6079655885696411,True
qb_008808,political,qb_008808__political,0.8592007,0.7493064999580383,0.677688717842102,True
qb_008808,economic,qb_008808__economic,0.84584516,0.7559287548065186,0.6886731386184692,True
qb_008808,security_and_defense,qb_008808__security_and_defense,0.84627336,0.8134047389030457,0.6438426971435547,True
qb_008808,quality_of_life,qb_008808__quality_of_life,0.8702886,0.7780493497848511,0.6802355647087097,True
qb_008808,public_sentiment,qb_008808__public_sentiment,0.90574265,0.7350136041641235,0.6615932583808899,True
qb_008808,capacity_and_resources,qb_008808__capacity_and_resources,0.8512081,0.778455913066864,0.6473050117492676,True
qb_016992,economic,qb_016992__economic,0.9160575,0.8511732220649719,0.6033461093902588,True
qb_016992,policy_prescription,qb_016992__policy_prescription,0.846319,0.8293759226799011,0.6277248859405518,True
qb_016992,political,qb_016992__political,0.8704186,0.7985478043556213,0.7043293714523315,True
qb_016992,fairness_and_equality,qb_016992__fairness_and_equality,0.9080905,0.8369227051734924,0.6147767305374146,True
qb_002379,political,qb_002379__political,0.8738704,0.7586000561714172,0.6459304690361023,True
qb_002379,crime_and_punishment,qb_002379__crime_and_punishment,0.8141209,0.7368800044059753,0.600881040096283,True
qb_002379,public_sentiment,qb_002379__public_sentiment,0.7603662,0.7409601807594299,0.5947660803794861,True
qb_002379,cultural_identity,qb_002379__cultural_identity,0.8535849,0.7766434550285339,0.6601740121841431,True
qb_011164,public_sentiment,qb_011164__public_sentiment,0.8001261,0.7573451995849609,0.5954381227493286,True
qb_011164,political,qb_011164__political,0.8663902,0.7427148222923279,0.6332297921180725,True
qb_011164,morality,qb_011164__morality,0.8505921,0.7796497344970703,0.6623578667640686,True
qb_011164,economic,qb_011164__economic,0.88974226,0.7966358661651611,0.6244455575942993,True
qb_006422,cultural_identity,qb_006422__cultural_identity,0.896915,0.8678444623947144,0.5977690815925598,True
qb_006422,fairness_and_equality,qb_006422__fairness_and_equality,0.95038486,0.8923121690750122,0.6051309704780579,True
qb_006422,policy_prescription,qb_006422__policy_prescription,0.90363693,0.85330730676651,0.5911945700645447,True
qb_006422,political,qb_006422__political,0.8537021,0.8005248308181763,0.6184481382369995,True
qb_006422,morality,qb_006422__morality,0.8563316,0.8382192254066467,0.6224161386489868,True
qb_020364,political,qb_020364__political,0.8870205,0.6931335926055908,0.6386643052101135,True
qb_020364,policy_prescription,qb_020364__policy_prescription,0.74551094,0.8538221716880798,0.5849276185035706,True
qb_020364,capacity_and_resources,qb_020364__capacity_and_resources,0.94725454,0.7542790770530701,0.6150436401367188,True
qb_020364,economic,qb_020364__economic,0.75588816,0.8603241443634033,0.6689128279685974,True
qb_007533,political,qb_007533__political,0.9231258,0.8452434539794922,0.6675022840499878,True
qb_007533,policy_prescription,qb_007533__policy_prescription,0.9100835,0.8276389837265015,0.6251783967018127,True
qb_007533,public_sentiment,qb_007533__public_sentiment,0.9142489,0.8173505663871765,0.6072661280632019,True
qb_007533,health_and_safety,qb_007533__health_and_safety,0.8428014,0.7536296248435974,0.6549530029296875,True
qb_007533,quality_of_life,qb_007533__quality_of_life,0.886125,0.7840219736099243,0.6397340297698975,True
qb_008498,legality_constitutionality,qb_008498__legality_constitutionality,0.7909196,0.7693322896957397,0.5999765396118164,True
qb_008498,economic,qb_008498__economic,0.86734957,0.7753432393074036,0.57955002784729,True
qb_011928,public_sentiment,qb_011928__public_sentiment,0.87965554,0.8102445602416992,0.652664840221405,True
qb_011928,policy_prescription,qb_011928__policy_prescription,0.82565993,0.7522886395454407,0.649753987789154,True
qb_011928,morality,qb_011928__morality,0.9172894,0.8573431372642517,0.6186716556549072,True
qb_011928,cultural_identity,qb_011928__cultural_identity,0.89932716,0.8017694354057312,0.5727737545967102,True
qb_001455,political,qb_001455__political,0.91211975,0.8582957983016968,0.5862206816673279,True
qb_001455,public_sentiment,qb_001455__public_sentiment,0.91194427,0.8153637647628784,0.604131281375885,True
qb_001455,cultural_identity,qb_001455__cultural_identity,0.84842324,0.8271266222000122,0.6421977281570435,True
qb_000749,political,qb_000749__political,0.8627614,0.8274458050727844,0.6655483245849609,True
qb_000749,policy_prescription,qb_000749__policy_prescription,0.9122168,0.7569047808647156,0.6221910119056702,True
qb_000749,public_sentiment,qb_000749__public_sentiment,0.93997616,0.7417106628417969,0.6798101663589478,True
qb_000749,fairness_and_equality,qb_000749__fairness_and_equality,0.9034492,0.8009653687477112,0.6286717653274536,True
qb_009297,security_and_defense,qb_009297__security_and_defense,0.82151073,0.7762875556945801,0.6325305700302124,True
qb_009297,health_and_safety,qb_009297__health_and_safety,0.81580436,0.7721917629241943,0.6327735185623169,True
qb_009297,external_regulation,qb_009297__external_regulation,0.82016265,0.6605137586593628,0.658573567867279,True
qb_012468,political,qb_012468__political,0.8941723,0.7360165119171143,0.694343090057373,True
qb_012468,economic,qb_012468__economic,0.8032726,0.7172685861587524,0.6364249587059021,True
qb_012468,policy_prescription,qb_012468__policy_prescription,0.79512787,0.7171231508255005,0.6058434844017029,True
qb_012468,health_and_safety,qb_012468__health_and_safety,0.76774764,0.7392313480377197,0.6389915347099304,True
qb_012468,public_sentiment,qb_012468__public_sentiment,0.88145685,0.7030606865882874,0.6809169054031372,True
qb_019834,legality_constitutionality,qb_019834__legality_constitutionality,0.79558516,0.7923538088798523,0.6388064622879028,True
qb_019834,political,qb_019834__political,0.92144156,0.8105673789978027,0.6096943616867065,True
qb_019834,crime_and_punishment,qb_019834__crime_and_punishment,0.8548148,0.7661288976669312,0.5826751589775085,True
qb_019834,security_and_defense,qb_019834__security_and_defense,0.89296955,0.8095709085464478,0.676849365234375,True
qb_019834,fairness_and_equality,qb_019834__fairness_and_equality,0.90307176,0.8361852765083313,0.6277023553848267,True
qb_019834,morality,qb_019834__morality,0.8009685,0.7475026249885559,0.646009087562561,True
qb_005386,legality_constitutionality,qb_005386__legality_constitutionality,0.8310485,0.8506984710693359,0.6647052764892578,True
qb_005386,political,qb_005386__political,0.89653206,0.7677051424980164,0.6911354660987854,True
qb_005386,external_regulation,qb_005386__external_regulation,0.9154396,0.8358777761459351,0.6898070573806763,True
qb_015329,legality_constitutionality,qb_015329__legality_constitutionality,0.8539696,0.8982927799224854,0.6697317957878113,True
qb_015329,crime_and_punishment,qb_015329__crime_and_punishment,0.88143146,0.7905726432800293,0.6687033176422119,True
qb_015329,political,qb_015329__political,0.91136646,0.7098071575164795,0.6391159296035767,True
qb_013405,political,qb_013405__political,0.9196731,0.6585260629653931,0.5721043944358826,True
qb_013405,legality_constitutionality,qb_013405__legality_constitutionality,0.8558949,0.7474092245101929,0.670535683631897,True
qb_013405,public_sentiment,qb_013405__public_sentiment,0.84596133,0.6925339102745056,0.6548221707344055,True
qb_013405,security_and_defense,qb_013405__security_and_defense,0.87989676,0.7677934765815735,0.6338198781013489,True
qb_013405,capacity_and_resources,qb_013405__capacity_and_resources,0.8583727,0.7270936965942383,0.6087918877601624,True
qb_012819,external_regulation,qb_012819__external_regulation,0.77366155,0.7142096757888794,0.6460226774215698,True
qb_012819,economic,qb_012819__economic,0.81427884,0.7147586345672607,0.5925545692443848,True
qb_012819,policy_prescription,qb_012819__policy_prescription,0.6861292,0.7373377084732056,0.6336706876754761,True
qb_012819,political,qb_012819__political,0.8589747,0.7206791639328003,0.6498163938522339,True
qb_012819,capacity_and_resources,qb_012819__capacity_and_resources,0.83604753,0.7171269059181213,0.643061637878418,True
qb_012819,security_and_defense,qb_012819__security_and_defense,0.8287258,0.7058718204498291,0.6411760449409485,True
qb_019767,political,qb_019767__political,0.924506,0.7444637417793274,0.6752294898033142,True
qb_019767,public_sentiment,qb_019767__public_sentiment,0.8517348,0.7101189494132996,0.6227542161941528,True
qb_019767,policy_prescription,qb_019767__policy_prescription,0.8068113,0.7396770119667053,0.6502892374992371,True
qb_019767,health_and_safety,qb_019767__health_and_safety,0.90738136,0.736555278301239,0.6810065507888794,True
qb_019767,fairness_and_equality,qb_019767__fairness_and_equality,0.9022496,0.7450636029243469,0.671085774898529,True
qb_019767,legality_constitutionality,qb_019767__legality_constitutionality,0.9015821,0.7088984251022339,0.6296355128288269,True
qb_019767,economic,qb_019767__economic,0.8151573,0.7001686096191406,0.6514183282852173,True
qb_019767,capacity_and_resources,qb_019767__capacity_and_resources,0.8113165,0.7008328437805176,0.639994740486145,True
qb_008186,policy_prescription,qb_008186__policy_prescription,0.8771435,0.773713231086731,0.6668681502342224,True
qb_008186,security_and_defense,qb_008186__security_and_defense,0.9039433,0.798461377620697,0.6117132902145386,True
qb_008186,legality_constitutionality,qb_008186__legality_constitutionality,0.8559921,0.7354601621627808,0.6317704916000366,True
qb_008186,crime_and_punishment,qb_008186__crime_and_punishment,0.78217936,0.7901769876480103,0.6588582992553711,True
qb_008186,public_sentiment,qb_008186__public_sentiment,0.88472563,0.7625203132629395,0.6718513369560242,True
qb_008186,health_and_safety,qb_008186__health_and_safety,0.8155225,0.7998958826065063,0.6830686330795288,True
qb_007428,public_sentiment,qb_007428__public_sentiment,0.9016975,0.7625667452812195,0.6231955289840698,True
qb_007428,external_regulation,qb_007428__external_regulation,0.8950407,0.8055849075317383,0.575168251991272,True
qb_007428,political,qb_007428__political,0.9233689,0.8189282417297363,0.6488142013549805,True
qb_007428,quality_of_life,qb_007428__quality_of_life,0.8602605,0.7973179817199707,0.6238700151443481,True
qb_013788,security_and_defense,qb_013788__security_and_defense,0.80226064,0.7723860740661621,0.6213937997817993,True
qb_013788,capacity_and_resources,qb_013788__capacity_and_resources,0.7168112,0.7329795360565186,0.5965047478675842,True
qb_011720,economic,qb_011720__economic,0.88204473,0.7503693103790283,0.6831998825073242,True
qb_011720,political,qb_011720__political,0.88300335,0.7327491044998169,0.6121630072593689,True
qb_011720,external_regulation,qb_011720__external_regulation,0.78896,0.7194890975952148,0.622270941734314,True
qb_011720,capacity_and_resources,qb_011720__capacity_and_resources,0.8273033,0.7486757636070251,0.6776366233825684,True
qb_011720,policy_prescription,qb_011720__policy_prescription,0.8230931,0.7290427088737488,0.642039954662323,True
qb_011720,quality_of_life,qb_011720__quality_of_life,0.75213516,0.7326064109802246,0.6193240284919739,True
qb_015106,economic,qb_015106__economic,0.76757324,0.7397459149360657,0.6036018133163452,True
qb_015106,health_and_safety,qb_015106__health_and_safety,0.7922578,0.6926095485687256,0.6557704210281372,True
qb_015106,capacity_and_resources,qb_015106__capacity_and_resources,0.73337704,0.6406969428062439,0.599916398525238,True
qb_015106,political,qb_015106__political,0.8648348,0.7655515074729919,0.644191563129425,True
qb_005777,legality_constitutionality,qb_005777__legality_constitutionality,0.78571665,0.7023520469665527,0.6205960512161255,True
qb_005777,crime_and_punishment,qb_005777__crime_and_punishment,0.84122884,0.7821744084358215,0.6209138035774231,True
qb_005777,public_sentiment,qb_005777__public_sentiment,0.8319274,0.7300685048103333,0.6485443711280823,True
qb_005777,capacity_and_resources,qb_005777__capacity_and_resources,0.84032923,0.7150088548660278,0.5814349055290222,True
qb_005777,morality,qb_005777__morality,0.8489837,0.7754599452018738,0.6329988837242126,True
qb_018079,political,qb_018079__political,0.8008635,0.7892654538154602,0.6363505721092224,True
qb_018079,cultural_identity,qb_018079__cultural_identity,0.857033,0.662861704826355,0.5760712623596191,True
qb_018079,public_sentiment,qb_018079__public_sentiment,0.8578995,0.754645586013794,0.660186767578125,True
qb_019440,public_sentiment,qb_019440__public_sentiment,0.8525009,0.7964197993278503,0.6111232042312622,True
qb_019440,economic,qb_019440__economic,0.8835912,0.8279821276664734,0.5790585279464722,True
qb_019440,capacity_and_resources,qb_019440__capacity_and_resources,0.8373662,0.843916654586792,0.5955297946929932,True
qb_009324,security_and_defense,qb_009324__security_and_defense,0.8726742,0.7874422669410706,0.6433259844779968,True
qb_009324,public_sentiment,qb_009324__public_sentiment,0.8123575,0.7100725769996643,0.6597709655761719,True
qb_009324,legality_constitutionality,qb_009324__legality_constitutionality,0.9102843,0.7840077877044678,0.6482109427452087,True
qb_009324,capacity_and_resources,qb_009324__capacity_and_resources,0.8728541,0.778593122959137,0.6182683110237122,True
qb_015156,legality_constitutionality,qb_015156__legality_constitutionality,0.82225215,0.802959680557251,0.5915705561637878,True
qb_015156,political,qb_015156__political,0.82308006,0.6971498131752014,0.6151549816131592,True
qb_015156,health_and_safety,qb_015156__health_and_safety,0.8064656,0.679011344909668,0.5916327238082886,True
qb_019458,security_and_defense,qb_019458__security_and_defense,0.8019838,0.7993334531784058,0.6316202878952026,True
qb_019458,health_and_safety,qb_019458__health_and_safety,0.81448454,0.7004648447036743,0.6170021295547485,True
qb_019458,capacity_and_resources,qb_019458__capacity_and_resources,0.78500724,0.7704505324363708,0.6315722465515137,True
qb_019458,political,qb_019458__political,0.81577957,0.7238094210624695,0.6509696245193481,True
qb_019458,quality_of_life,qb_019458__quality_of_life,0.7512019,0.7233505845069885,0.6114709377288818,True
qb_019458,economic,qb_019458__economic,0.8100694,0.7133912444114685,0.6248900294303894,True
qb_003135,legality_constitutionality,qb_003135__legality_constitutionality,0.853777,0.8705616593360901,0.659744381904602,True
qb_003135,fairness_and_equality,qb_003135__fairness_and_equality,0.9363086,0.8451502323150635,0.6338330507278442,True
qb_003135,cultural_identity,qb_003135__cultural_identity,0.8464751,0.8016934990882874,0.6178718209266663,True
qb_009471,health_and_safety,qb_009471__health_and_safety,0.92882705,0.7996597290039062,0.6551277041435242,True
qb_009471,capacity_and_resources,qb_009471__capacity_and_resources,0.7765534,0.7690696120262146,0.606242835521698,True
qb_000513,political,qb_000513__political,0.83063626,0.7537396550178528,0.6331901550292969,True
qb_000513,morality,qb_000513__morality,0.8258362,0.7270091772079468,0.6482867002487183,True
qb_021482,political,qb_021482__political,0.9159931,0.7621718645095825,0.5503345131874084,True
qb_021482,security_and_defense,qb_021482__security_and_defense,0.8321134,0.7667025923728943,0.6363212466239929,True
qb_021482,cultural_identity,qb_021482__cultural_identity,0.90143013,0.804612398147583,0.6204056739807129,True
qb_021482,morality,qb_021482__morality,0.8769089,0.850588321685791,0.6340062618255615,True
qb_021482,fairness_and_equality,qb_021482__fairness_and_equality,0.7639266,0.8300016522407532,0.6244690418243408,True
qb_005814,economic,qb_005814__economic,0.8743602,0.563017725944519,0.6157256960868835,True
qb_005814,external_regulation,qb_005814__external_regulation,0.90199363,0.685648500919342,0.649007260799408,True
qb_005814,health_and_safety,qb_005814__health_and_safety,0.92080134,0.5933946371078491,0.6090310215950012,True
qb_015984,health_and_safety,qb_015984__health_and_safety,0.8659196,0.6866422295570374,0.6245315670967102,True
qb_015984,political,qb_015984__political,0.8574261,0.7461206316947937,0.5958608388900757,True
qb_019939,political,qb_019939__political,0.8933151,0.8116798996925354,0.625472366809845,True
qb_019939,policy_prescription,qb_019939__policy_prescription,0.8981894,0.831295907497406,0.6444228291511536,True
qb_019939,morality,qb_019939__morality,0.86576414,0.8054359555244446,0.5905047655105591,True
qb_019939,public_sentiment,qb_019939__public_sentiment,0.92854226,0.8308498859405518,0.6171520948410034,True
qb_003150,political,qb_003150__political,0.83305126,0.7264930605888367,0.6304785013198853,True
qb_003150,policy_prescription,qb_003150__policy_prescription,0.8743493,0.7959050536155701,0.5891391038894653,True
qb_003150,economic,qb_003150__economic,0.88636553,0.7823084592819214,0.6540423035621643,True
qb_016473,legality_constitutionality,qb_016473__legality_constitutionality,0.79984605,0.8565575480461121,0.6721086502075195,True
qb_016473,crime_and_punishment,qb_016473__crime_and_punishment,0.8585504,0.7955434322357178,0.666284441947937,True
qb_016473,political,qb_016473__political,0.84583676,0.7485833764076233,0.6518588066101074,True
qb_015560,political,qb_015560__political,0.8419833,0.7203180193901062,0.635583758354187,True
qb_015560,legality_constitutionality,qb_015560__legality_constitutionality,0.81905776,0.7985826730728149,0.6563210487365723,True
qb_010853,cultural_identity,qb_010853__cultural_identity,0.80646265,0.7641955614089966,0.6088710427284241,True
qb_010853,political,qb_010853__political,0.8371937,0.7557736039161682,0.645995020866394,True
qb_010853,fairness_and_equality,qb_010853__fairness_and_equality,0.818086,0.7670592069625854,0.594723105430603,True
qb_010853,security_and_defense,qb_010853__security_and_defense,0.767539,0.7993527054786682,0.6137334108352661,True
qb_010853,crime_and_punishment,qb_010853__crime_and_punishment,0.83776605,0.742662250995636,0.5984100103378296,True
qb_010853,public_sentiment,qb_010853__public_sentiment,0.8529372,0.7863996624946594,0.589453399181366,True
qb_010853,legality_constitutionality,qb_010853__legality_constitutionality,0.9045359,0.7669963240623474,0.5401180386543274,True
qb_010853,policy_prescription,qb_010853__policy_prescription,0.79700935,0.7223262190818787,0.662899374961853,True
qb_013280,morality,qb_013280__morality,0.8849207,0.8533451557159424,0.6435564756393433,True
qb_013280,public_sentiment,qb_013280__public_sentiment,0.8134757,0.8000075221061707,0.5850268006324768,True
qb_013280,security_and_defense,qb_013280__security_and_defense,0.8931301,0.8126395344734192,0.625320553779602,True
qb_013280,cultural_identity,qb_013280__cultural_identity,0.866226,0.8273922801017761,0.6216841340065002,True
qb_010232,morality,qb_010232__morality,0.8219869,0.8280784487724304,0.6341564059257507,True
qb_010232,political,qb_010232__political,0.8639499,0.7581323981285095,0.6725299954414368,True
qb_000712,political,qb_000712__political,0.8629521,0.772259533405304,0.6749939918518066,True
qb_000712,legality_constitutionality,qb_000712__legality_constitutionality,0.8975295,0.7490563988685608,0.636867344379425,True
qb_000712,policy_prescription,qb_000712__policy_prescription,0.92762494,0.776063084602356,0.6208163499832153,True
qb_000712,fairness_and_equality,qb_000712__fairness_and_equality,0.8915553,0.7563422918319702,0.6081022024154663,True
qb_000712,cultural_identity,qb_000712__cultural_identity,0.89800954,0.749444305896759,0.5908335447311401,True
qb_000712,public_sentiment,qb_000712__public_sentiment,0.84359246,0.7637920379638672,0.6329582929611206,True
qb_009545,legality_constitutionality,qb_009545__legality_constitutionality,0.8955399,0.7566174268722534,0.660417377948761,True
qb_009545,policy_prescription,qb_009545__policy_prescription,0.79925555,0.8712610602378845,0.6386574506759644,True
qb_009545,political,qb_009545__political,0.93095136,0.7637749910354614,0.6608524322509766,True
qb_014032,political,qb_014032__political,0.92533374,0.7940120697021484,0.6279361844062805,True
qb_014032,security_and_defense,qb_014032__security_and_defense,0.9140414,0.7957058548927307,0.6399840116500854,True
qb_014032,public_sentiment,qb_014032__public_sentiment,0.8251894,0.6840112805366516,0.6702950596809387,True
qb_014032,external_regulation,qb_014032__external_regulation,0.8898307,0.7625840306282043,0.5914260745048523,True
qb_006398,security_and_defense,qb_006398__security_and_defense,0.8201005,0.7721278667449951,0.6511010527610779,True
qb_006398,legality_constitutionality,qb_006398__legality_constitutionality,0.8192693,0.7284867167472839,0.6209601163864136,True
qb_006398,crime_and_punishment,qb_006398__crime_and_punishment,0.89365566,0.7659586668014526,0.6347813010215759,True
qb_006398,external_regulation,qb_006398__external_regulation,0.81458277,0.7786973118782043,0.6531094312667847,True
qb_006398,economic,qb_006398__economic,0.78570443,0.7206330299377441,0.6711994409561157,True
qb_006398,political,qb_006398__political,0.841342,0.6974907517433167,0.6641826629638672,True
qb_002433,legality_constitutionality,qb_002433__legality_constitutionality,0.8759624,0.7659440040588379,0.6080106496810913,True
qb_002433,policy_prescription,qb_002433__policy_prescription,0.91993386,0.8940165638923645,0.594817042350769,True
qb_002433,political,qb_002433__political,0.84869415,0.7537726759910583,0.6312388777732849,True
qb_002433,health_and_safety,qb_002433__health_and_safety,0.8742533,0.8753781318664551,0.6160983443260193,True
qb_016583,legality_constitutionality,qb_016583__legality_constitutionality,0.8791869,0.8140228390693665,0.6358276605606079,True
qb_016583,political,qb_016583__political,0.84887135,0.7674129009246826,0.674071192741394,True
qb_016583,health_and_safety,qb_016583__health_and_safety,0.8878539,0.7764208912849426,0.6341803669929504,True
qb_000026,legality_constitutionality,qb_000026__legality_constitutionality,0.8323704,0.7695294618606567,0.6156195402145386,True
qb_000026,security_and_defense,qb_000026__security_and_defense,0.8348378,0.8068269491195679,0.6355074048042297,True
qb_000026,cultural_identity,qb_000026__cultural_identity,0.7936789,0.6906774044036865,0.5925852060317993,True
qb_011717,legality_constitutionality,qb_011717__legality_constitutionality,0.85639685,0.837780237197876,0.5856486558914185,True
qb_011717,capacity_and_resources,qb_011717__capacity_and_resources,0.76196074,0.7788451313972473,0.6335383653640747,True
qb_011717,security_and_defense,qb_011717__security_and_defense,0.89778996,0.8250505328178406,0.6068430542945862,True
qb_011083,cultural_identity,qb_011083__cultural_identity,0.9186796,0.8447100520133972,0.6061654090881348,True
qb_011083,political,qb_011083__political,0.9326781,0.859131932258606,0.6388683915138245,True
qb_009918,legality_constitutionality,qb_009918__legality_constitutionality,0.8413969,0.7984732985496521,0.6527141332626343,True
qb_009918,political,qb_009918__political,0.8791833,0.7308866381645203,0.6941884160041809,True
qb_009918,crime_and_punishment,qb_009918__crime_and_punishment,0.8817704,0.786732017993927,0.6471228003501892,True
qb_009918,morality,qb_009918__morality,0.8555929,0.7112862467765808,0.6516545414924622,True
qb_001729,legality_constitutionality,qb_001729__legality_constitutionality,0.8755219,0.6814764738082886,0.5763860940933228,True
qb_001729,political,qb_001729__political,0.8518244,0.7754483819007874,0.6361727118492126,True
qb_001729,public_sentiment,qb_001729__public_sentiment,0.82562655,0.7073478698730469,0.639907717704773,True
qb_009151,policy_prescription,qb_009151__policy_prescription,0.8486394,0.8267254829406738,0.6127187609672546,True
qb_009151,health_and_safety,qb_009151__health_and_safety,0.8961649,0.8247880935668945,0.5848605036735535,True
qb_009151,economic,qb_009151__economic,0.866081,0.790677011013031,0.5555165410041809,True
qb_009151,capacity_and_resources,qb_009151__capacity_and_resources,0.86720544,0.8034532070159912,0.645706832408905,True
qb_005042,external_regulation,qb_005042__external_regulation,0.84594196,0.801049530506134,0.6656787991523743,True
qb_005042,policy_prescription,qb_005042__policy_prescription,0.79967356,0.7830367684364319,0.6442097425460815,True
qb_005042,legality_constitutionality,qb_005042__legality_constitutionality,0.9096117,0.7595902681350708,0.6259060502052307,True
qb_005042,cultural_identity,qb_005042__cultural_identity,0.9179441,0.8206610679626465,0.6299606561660767,True
qb_005042,morality,qb_005042__morality,0.8439356,0.7323556542396545,0.6633886694908142,True
qb_005042,economic,qb_005042__economic,0.8797679,0.7270195484161377,0.6472012996673584,True
qb_006907,political,qb_006907__political,0.8552609,0.6875789165496826,0.6949547529220581,True
qb_006907,policy_prescription,qb_006907__policy_prescription,0.8286822,0.785961925983429,0.6587427258491516,True
qb_006907,security_and_defense,qb_006907__security_and_defense,0.8372614,0.7772151231765747,0.6565126180648804,True
qb_006907,economic,qb_006907__economic,0.74690163,0.7450447678565979,0.6572182178497314,True
qb_006907,capacity_and_resources,qb_006907__capacity_and_resources,0.82023454,0.7597646117210388,0.6276959180831909,True
qb_019017,political,qb_019017__political,0.8950665,0.7302769422531128,0.6248005628585815,True
qb_019017,legality_constitutionality,qb_019017__legality_constitutionality,0.87577486,0.7485896348953247,0.6391770839691162,True
qb_003973,legality_constitutionality,qb_003973__legality_constitutionality,0.8989459,0.7963363528251648,0.6250901222229004,True
qb_003973,security_and_defense,qb_003973__security_and_defense,0.8871237,0.7852032780647278,0.6203704476356506,True
qb_003973,political,qb_003973__political,0.8776626,0.800234317779541,0.6636307835578918,True
qb_003973,crime_and_punishment,qb_003973__crime_and_punishment,0.841587,0.7852950692176819,0.6433402299880981,True
qb_008919,political,qb_008919__political,0.8991921,0.8028618097305298,0.619799792766571,True
qb_008919,legality_constitutionality,qb_008919__legality_constitutionality,0.8604223,0.7701047658920288,0.6184431314468384,True
qb_017622,political,qb_017622__political,0.86687106,0.779381275177002,0.6383920907974243,True
qb_017622,public_sentiment,qb_017622__public_sentiment,0.8430011,0.811036229133606,0.6260568499565125,True
qb_005901,security_and_defense,qb_005901__security_and_defense,0.79872096,0.730999231338501,0.5898381471633911,True
qb_005901,external_regulation,qb_005901__external_regulation,0.82096434,0.8019223213195801,0.6341808438301086,True
qb_005901,policy_prescription,qb_005901__policy_prescription,0.8342268,0.7713271975517273,0.6097122430801392,True
qb_005901,political,qb_005901__political,0.9066769,0.7668594717979431,0.6815804243087769,True
qb_012854,legality_constitutionality,qb_012854__legality_constitutionality,0.9164604,0.8518713116645813,0.6229199171066284,True
qb_012854,crime_and_punishment,qb_012854__crime_and_punishment,0.91495806,0.8906599879264832,0.6734086275100708,True
qb_012854,political,qb_012854__political,0.8959829,0.8748974800109863,0.6151819825172424,True
qb_014848,political,qb_014848__political,0.85016996,0.753829300403595,0.6763783693313599,True
qb_014848,policy_prescription,qb_014848__policy_prescription,0.894845,0.7134855389595032,0.644055187702179,True
qb_003979,capacity_and_resources,qb_003979__capacity_and_resources,0.7994723,0.7610845565795898,0.6200317144393921,True
qb_003979,public_sentiment,qb_003979__public_sentiment,0.791813,0.7609445452690125,0.5752680897712708,True
qb_003979,economic,qb_003979__economic,0.91464126,0.8134171366691589,0.6193811893463135,True
qb_003979,quality_of_life,qb_003979__quality_of_life,0.79477644,0.7606632709503174,0.6046789884567261,True
qb_001323,morality,qb_001323__morality,0.73391336,0.6964558959007263,0.6259462237358093,True
qb_001323,public_sentiment,qb_001323__public_sentiment,0.8016763,0.7452836036682129,0.6434820294380188,True
qb_001323,quality_of_life,qb_001323__quality_of_life,0.7573765,0.7185041904449463,0.6320745348930359,True
qb_011762,crime_and_punishment,qb_011762__crime_and_punishment,0.7982594,0.7973145246505737,0.5956865549087524,True
qb_011762,security_and_defense,qb_011762__security_and_defense,0.9176418,0.8437645435333252,0.6356706619262695,True
qb_011762,legality_constitutionality,qb_011762__legality_constitutionality,0.82503474,0.7740435600280762,0.5864999890327454,True
qb_009920,legality_constitutionality,qb_009920__legality_constitutionality,0.8083235,0.7459328174591064,0.6629867553710938,True
qb_009920,political,qb_009920__political,0.8785451,0.7976182103157043,0.5687562227249146,True
qb_009920,crime_and_punishment,qb_009920__crime_and_punishment,0.82133305,0.8071731925010681,0.6395734548568726,True
qb_009920,external_regulation,qb_009920__external_regulation,0.90776,0.7496871948242188,0.6604604721069336,True
qb_011032,security_and_defense,qb_011032__security_and_defense,0.8476815,0.9507919549942017,0.629076361656189,True
qb_011032,external_regulation,qb_011032__external_regulation,0.86704767,0.7682474851608276,0.6657204031944275,True
qb_011032,policy_prescription,qb_011032__policy_prescription,0.8183608,0.865557849407196,0.6794186234474182,True
qb_013248,security_and_defense,qb_013248__security_and_defense,0.85236764,0.7502110004425049,0.6034541726112366,True
qb_013248,health_and_safety,qb_013248__health_and_safety,0.7889309,0.7377824783325195,0.6051191091537476,True
qb_013248,political,qb_013248__political,0.8470887,0.7511088848114014,0.6515458822250366,True
qb_013248,external_regulation,qb_013248__external_regulation,0.8002683,0.7735756635665894,0.5850170850753784,True
qb_013248,public_sentiment,qb_013248__public_sentiment,0.8457869,0.7675213813781738,0.6488898396492004,True
qb_010416,crime_and_punishment,qb_010416__crime_and_punishment,0.8480594,0.8080153465270996,0.5949295163154602,True
qb_010416,public_sentiment,qb_010416__public_sentiment,0.8889302,0.7590382695198059,0.5884608030319214,True
qb_010416,legality_constitutionality,qb_010416__legality_constitutionality,0.87367594,0.7601443529129028,0.5732351541519165,True
qb_005867,external_regulation,qb_005867__external_regulation,0.9089117,0.8067477941513062,0.6187692880630493,True
qb_005867,economic,qb_005867__economic,0.88690495,0.8319005370140076,0.6413819789886475,True
qb_005867,political,qb_005867__political,0.835636,0.6912590265274048,0.6410287022590637,True
qb_011959,policy_prescription,qb_011959__policy_prescription,0.8783608,0.7542119026184082,0.6460383534431458,True
qb_011959,crime_and_punishment,qb_011959__crime_and_punishment,0.95573074,0.7852957248687744,0.6120069622993469,True
qb_011959,health_and_safety,qb_011959__health_and_safety,0.71928936,0.7142603397369385,0.5781300663948059,True
qb_011959,public_sentiment,qb_011959__public_sentiment,0.83256423,0.7711188197135925,0.632662832736969,True
qb_011959,political,qb_011959__political,0.8914069,0.7554430365562439,0.6704322099685669,True
qb_008832,legality_constitutionality,qb_008832__legality_constitutionality,0.8782562,0.8877515196800232,0.5924800038337708,True
qb_008832,political,qb_008832__political,0.9253434,0.8606080412864685,0.6725236773490906,True
qb_001015,legality_constitutionality,qb_001015__legality_constitutionality,0.87594825,0.7103841304779053,0.581731915473938,True
qb_001015,political,qb_001015__political,0.9027997,0.773302435874939,0.5886191129684448,True
qb_001015,capacity_and_resources,qb_001015__capacity_and_resources,0.82987344,0.725780725479126,0.5858843326568604,True
qb_012974,economic,qb_012974__economic,0.83593595,0.7821500897407532,0.616904616355896,True
qb_012974,quality_of_life,qb_012974__quality_of_life,0.8247341,0.840575098991394,0.6422252058982849,True
qb_002026,political,qb_002026__political,0.90019137,0.831448495388031,0.6772433519363403,True
qb_002026,public_sentiment,qb_002026__public_sentiment,0.9188502,0.7989959716796875,0.5815707445144653,True
qb_021479,security_and_defense,qb_021479__security_and_defense,0.8795315,0.7983741760253906,0.6715289354324341,True
qb_021479,public_sentiment,qb_021479__public_sentiment,0.8342664,0.672905683517456,0.5995630621910095,True
qb_001925,political,qb_001925__political,0.8980633,0.7027470469474792,0.6307697296142578,True
qb_001925,policy_prescription,qb_001925__policy_prescription,0.80958855,0.7481977343559265,0.6129897832870483,True
qb_011799,political,qb_011799__political,0.8878279,0.8170782327651978,0.7045396566390991,True
qb_011799,security_and_defense,qb_011799__security_and_defense,0.90269023,0.8053244352340698,0.6819334030151367,True
qb_011799,policy_prescription,qb_011799__policy_prescription,0.79712164,0.7749477028846741,0.661583423614502,True
qb_011799,legality_constitutionality,qb_011799__legality_constitutionality,0.8003954,0.7684523463249207,0.634674072265625,True
qb_011799,crime_and_punishment,qb_011799__crime_and_punishment,0.85516846,0.813153862953186,0.6715162992477417,True
qb_011799,public_sentiment,qb_011799__public_sentiment,0.8725576,0.7633312940597534,0.6400081515312195,True
qb_005415,policy_prescription,qb_005415__policy_prescription,0.8697728,0.8146897554397583,0.646885097026825,True
qb_005415,political,qb_005415__political,0.9154879,0.7833592891693115,0.6238061785697937,True
qb_005415,economic,qb_005415__economic,0.9420489,0.8148099184036255,0.6376433968544006,True
qb_005948,policy_prescription,qb_005948__policy_prescription,0.85868925,0.7446805834770203,0.6542375683784485,True
qb_005948,capacity_and_resources,qb_005948__capacity_and_resources,0.770972,0.7580723762512207,0.655719518661499,True
qb_005948,political,qb_005948__political,0.8983395,0.763461709022522,0.6822870373725891,True
qb_005948,crime_and_punishment,qb_005948__crime_and_punishment,0.83378696,0.7302287817001343,0.6227155327796936,True
qb_005948,legality_constitutionality,qb_005948__legality_constitutionality,0.77983224,0.7455540895462036,0.6321738958358765,True
qb_004366,political,qb_004366__political,0.85098094,0.8076845407485962,0.6857377290725708,True
qb_004366,legality_constitutionality,qb_004366__legality_constitutionality,0.8549726,0.707994818687439,0.6506223678588867,True
qb_004366,public_sentiment,qb_004366__public_sentiment,0.8963128,0.7573013305664062,0.6392088532447815,True
qb_011875,political,qb_011875__political,0.889047,0.7587442398071289,0.6492805480957031,True
qb_011875,public_sentiment,qb_011875__public_sentiment,0.8416637,0.7648123502731323,0.5993870496749878,True
qb_011875,morality,qb_011875__morality,0.84796464,0.8142105340957642,0.5929827690124512,True
qb_007488,health_and_safety,qb_007488__health_and_safety,0.847947,0.7451346516609192,0.5943183898925781,True
qb_007488,policy_prescription,qb_007488__policy_prescription,0.84819365,0.7503641247749329,0.6022073030471802,True
qb_007488,public_sentiment,qb_007488__public_sentiment,0.77486545,0.7365619540214539,0.6524314880371094,True
qb_000178,economic,qb_000178__economic,0.85571015,0.8126956224441528,0.6326850056648254,True
qb_000178,policy_prescription,qb_000178__policy_prescription,0.91593504,0.6985178589820862,0.6067601442337036,True
qb_000178,political,qb_000178__political,0.8928873,0.73656165599823,0.6464487314224243,True
qb_020047,health_and_safety,qb_020047__health_and_safety,0.90821713,0.8058345913887024,0.5926443338394165,True
qb_020047,economic,qb_020047__economic,0.8543532,0.7252708077430725,0.5525903105735779,True
qb_020047,policy_prescription,qb_020047__policy_prescription,0.8533354,0.7495973110198975,0.575639545917511,True
qb_020047,political,qb_020047__political,0.8577568,0.7879544496536255,0.6268458962440491,True
qb_020047,capacity_and_resources,qb_020047__capacity_and_resources,0.8383382,0.8134313821792603,0.5939953923225403,True
qb_014507,political,qb_014507__political,0.8881034,0.6854001879692078,0.6115059852600098,True
qb_014507,security_and_defense,qb_014507__security_and_defense,0.76589143,0.6674558520317078,0.6429794430732727,True
qb_014507,legality_constitutionality,qb_014507__legality_constitutionality,0.8577647,0.7160434126853943,0.6280267238616943,True
qb_014507,public_sentiment,qb_014507__public_sentiment,0.8340077,0.7212245464324951,0.6679871678352356,True
qb_016664,political,qb_016664__political,0.7975033,0.7244715094566345,0.6754853129386902,True
qb_016664,fairness_and_equality,qb_016664__fairness_and_equality,0.8063477,0.7951439619064331,0.627342939376831,True
qb_016664,crime_and_punishment,qb_016664__crime_and_punishment,0.8129039,0.7521068453788757,0.6876764893531799,True
qb_008645,policy_prescription,qb_008645__policy_prescription,0.7193209,0.78463214635849,0.6076201796531677,True
qb_008645,economic,qb_008645__economic,0.80163294,0.726218044757843,0.6102531552314758,True
qb_008645,quality_of_life,qb_008645__quality_of_life,0.8581759,0.7405629754066467,0.6214516758918762,True
qb_008645,capacity_and_resources,qb_008645__capacity_and_resources,0.7920284,0.7853063344955444,0.6307287216186523,True
qb_008645,political,qb_008645__political,0.83207595,0.7545641660690308,0.6507930159568787,True
qb_008645,health_and_safety,qb_008645__health_and_safety,0.83952034,0.7391682863235474,0.6151548624038696,True
qb_021268,political,qb_021268__political,0.861047,0.7453950643539429,0.657241702079773,True
qb_021268,policy_prescription,qb_021268__policy_prescription,0.8599014,0.7454336881637573,0.6346600651741028,True
qb_021268,capacity_and_resources,qb_021268__capacity_and_resources,0.9028467,0.6982455253601074,0.5998831391334534,True
qb_003384,policy_prescription,qb_003384__policy_prescription,0.8435439,0.8180564045906067,0.6518353819847107,True
qb_003384,political,qb_003384__political,0.8578147,0.7564451098442078,0.6494641304016113,True
qb_003384,security_and_defense,qb_003384__security_and_defense,0.8312611,0.7437430620193481,0.6839152574539185,True
qb_015588,political,qb_015588__political,0.88213074,,0.6898848414421082,False
qb_000457,political,qb_000457__political,0.88615894,0.8356678485870361,0.6261814832687378,True
qb_000457,policy_prescription,qb_000457__policy_prescription,0.86508024,0.8132021427154541,0.6323755979537964,True
qb_000457,capacity_and_resources,qb_000457__capacity_and_resources,0.8296216,0.7751871347427368,0.6031376719474792,True
qb_020286,political,qb_020286__political,0.8629516,0.7381104230880737,0.6689541935920715,True
qb_020286,fairness_and_equality,qb_020286__fairness_and_equality,0.8538903,0.6999039649963379,0.6319140195846558,True
qb_020286,public_sentiment,qb_020286__public_sentiment,0.8884534,0.746956467628479,0.650226891040802,True
qb_008292,legality_constitutionality,qb_008292__legality_constitutionality,0.85608125,0.7846479415893555,0.6544532179832458,True
qb_008292,economic,qb_008292__economic,0.80677533,0.7765926718711853,0.6499232053756714,True
qb_008292,capacity_and_resources,qb_008292__capacity_and_resources,0.8797685,0.8358436226844788,0.6405155062675476,True
qb_017708,political,qb_017708__political,0.8584797,0.8342662453651428,0.6609980463981628,True
qb_017708,economic,qb_017708__economic,0.83396554,0.8500292301177979,0.6486927270889282,True
qb_017708,capacity_and_resources,qb_017708__capacity_and_resources,0.93556905,0.7847189903259277,0.6373562812805176,True
qb_017708,policy_prescription,qb_017708__policy_prescription,0.89944166,0.7350744605064392,0.6654052734375,True
qb_012530,political,qb_012530__political,0.90178406,0.7641761898994446,0.6165200471878052,True
qb_012530,legality_constitutionality,qb_012530__legality_constitutionality,0.7942687,0.7894972562789917,0.6386247873306274,True
qb_012530,public_sentiment,qb_012530__public_sentiment,0.80426574,0.7292543649673462,0.6811956167221069,True
qb_012530,policy_prescription,qb_012530__policy_prescription,0.8182894,0.7801437377929688,0.695014476776123,True
qb_012530,morality,qb_012530__morality,0.8373612,0.7792069911956787,0.6402244567871094,True
qb_019868,political,qb_019868__political,0.8770417,0.689414381980896,0.642922043800354,True
qb_019868,policy_prescription,qb_019868__policy_prescription,0.70388734,0.6825570464134216,0.6251808404922485,True
qb_019868,capacity_and_resources,qb_019868__capacity_and_resources,0.8446704,0.712048351764679,0.6539336442947388,True
qb_004170,health_and_safety,qb_004170__health_and_safety,0.8011745,0.7597198486328125,0.6705698370933533,True
qb_004170,policy_prescription,qb_004170__policy_prescription,0.84604627,0.7285599708557129,0.6487083435058594,True
qb_004170,capacity_and_resources,qb_004170__capacity_and_resources,0.79322386,0.6852319240570068,0.5684078931808472,True
qb_004170,political,qb_004170__political,0.86207986,0.7131989598274231,0.6678401231765747,True
qb_002833,legality_constitutionality,qb_002833__legality_constitutionality,0.8946387,0.8126472234725952,0.6313958764076233,True
qb_002833,morality,qb_002833__morality,0.8531087,0.7674568295478821,0.6061522960662842,True
qb_002833,health_and_safety,qb_002833__health_and_safety,0.76379037,0.7619368433952332,0.5616219639778137,True
qb_002833,policy_prescription,qb_002833__policy_prescription,0.8126874,0.753989577293396,0.6434745788574219,True
qb_002833,fairness_and_equality,qb_002833__fairness_and_equality,0.88146657,0.816596508026123,0.6153528094291687,True
qb_002833,political,qb_002833__political,0.877383,0.7252297401428223,0.6764655709266663,True
qb_002833,cultural_identity,qb_002833__cultural_identity,0.8804147,0.7892853021621704,0.5608671307563782,True
qb_014116,security_and_defense,qb_014116__security_and_defense,0.8566847,0.8744978904724121,0.6432728171348572,True
qb_014116,political,qb_014116__political,0.88542616,0.7966885566711426,0.642686128616333,True
qb_014116,external_regulation,qb_014116__external_regulation,0.82342714,0.8733818531036377,0.6098195314407349,True
qb_009667,legality_constitutionality,qb_009667__legality_constitutionality,0.82311875,0.879148542881012,0.6506927609443665,True
qb_009667,crime_and_punishment,qb_009667__crime_and_punishment,0.8286761,0.7766278386116028,0.6473308205604553,True
qb_009667,political,qb_009667__political,0.8019095,0.8075777292251587,0.6419149041175842,True
qb_019630,political,qb_019630__political,0.87149644,0.7459699511528015,0.6311759948730469,True
qb_019630,health_and_safety,qb_019630__health_and_safety,0.8880856,0.7757740616798401,0.6320013999938965,True
qb_019630,policy_prescription,qb_019630__policy_prescription,0.8611089,0.7763959765434265,0.6689963340759277,True
qb_019630,capacity_and_resources,qb_019630__capacity_and_resources,0.8626033,0.7542949318885803,0.5696529150009155,True
qb_004411,legality_constitutionality,qb_004411__legality_constitutionality,0.8334943,0.9446057081222534,0.6547454595565796,True
qb_004411,political,qb_004411__political,0.8945674,0.744450569152832,0.6525917053222656,True
qb_014053,policy_prescription,qb_014053__policy_prescription,0.92166007,0.7974292039871216,0.6489373445510864,True
qb_014053,economic,qb_014053__economic,0.8337372,0.7439526915550232,0.6498112082481384,True
qb_014053,public_sentiment,qb_014053__public_sentiment,0.85743016,0.7968746423721313,0.6338626146316528,True
qb_014053,morality,qb_014053__morality,0.9202497,0.818670928478241,0.6387304067611694,True
qb_014053,capacity_and_resources,qb_014053__capacity_and_resources,0.86187565,0.8549891710281372,0.6228736639022827,True
qb_014053,political,qb_014053__political,0.90607214,0.831595778465271,0.6345011591911316,True
qb_016547,security_and_defense,qb_016547__security_and_defense,0.8101294,0.7778903841972351,0.6258436441421509,True
qb_016547,political,qb_016547__political,0.8201564,0.7596895694732666,0.6447148323059082,True
qb_016547,external_regulation,qb_016547__external_regulation,0.8073533,0.7358878254890442,0.6762258410453796,True
qb_016547,health_and_safety,qb_016547__health_and_safety,0.78740925,0.6939255595207214,0.5839865803718567,True
qb_019205,political,qb_019205__political,0.90304327,0.762608528137207,0.6755713224411011,True
qb_019205,morality,qb_019205__morality,0.74141645,0.8002084493637085,0.6068024635314941,True
qb_019205,cultural_identity,qb_019205__cultural_identity,0.8536525,0.7837742567062378,0.6720897555351257,True
qb_007535,legality_constitutionality,qb_007535__legality_constitutionality,0.9091028,0.7720621228218079,0.5857173204421997,True
qb_007535,political,qb_007535__political,0.8509087,0.7845001816749573,0.6182498931884766,True
qb_007535,public_sentiment,qb_007535__public_sentiment,0.8176367,0.7624301910400391,0.635589063167572,True
qb_007535,external_regulation,qb_007535__external_regulation,0.82634544,0.7905595898628235,0.6173328757286072,True
qb_010726,quality_of_life,qb_010726__quality_of_life,0.9080356,0.7826073169708252,0.6258113384246826,True
qb_010726,capacity_and_resources,qb_010726__capacity_and_resources,0.77254426,0.7631152272224426,0.5949323177337646,True
qb_010726,health_and_safety,qb_010726__health_and_safety,0.7904614,0.7339129447937012,0.6428011655807495,True
qb_003064,political,qb_003064__political,0.7404988,0.8029311895370483,0.6034609079360962,True
qb_003064,legality_constitutionality,qb_003064__legality_constitutionality,0.91770685,0.8468260765075684,0.6189231872558594,True
qb_013494,crime_and_punishment,qb_013494__crime_and_punishment,0.8753572,0.7655397653579712,0.5900589227676392,True
qb_013494,policy_prescription,qb_013494__policy_prescription,0.8533152,0.7874571681022644,0.6643174290657043,True
qb_013494,political,qb_013494__political,0.87446296,0.7946189641952515,0.6638962030410767,True
qb_008606,policy_prescription,qb_008606__policy_prescription,0.81666934,0.7652783989906311,0.6275122761726379,True
qb_008606,health_and_safety,qb_008606__health_and_safety,0.8505665,0.7822496294975281,0.6222184896469116,True
qb_008606,political,qb_008606__political,0.9183873,0.7243903875350952,0.6346405148506165,True
qb_008606,capacity_and_resources,qb_008606__capacity_and_resources,0.780657,0.7610239386558533,0.6405752897262573,True
qb_008606,legality_constitutionality,qb_008606__legality_constitutionality,0.81591696,0.7953495383262634,0.6520007848739624,True
qb_014278,security_and_defense,qb_014278__security_and_defense,0.81487757,0.8008403778076172,0.6231459379196167,True
qb_014278,crime_and_punishment,qb_014278__crime_and_punishment,0.7980859,0.7938241958618164,0.6034926176071167,True
qb_014278,morality,qb_014278__morality,0.8237461,0.7565119862556458,0.6286429166793823,True
qb_014278,legality_constitutionality,qb_014278__legality_constitutionality,0.82068044,0.7745383977890015,0.5998486280441284,True
qb_014278,public_sentiment,qb_014278__public_sentiment,0.8489506,0.7717097997665405,0.6229435205459595,True
qb_014278,political,qb_014278__political,0.83297455,0.7550729513168335,0.6513071060180664,True
qb_004974,public_sentiment,qb_004974__public_sentiment,0.8679033,0.7224458456039429,0.6416827440261841,True
qb_004974,security_and_defense,qb_004974__security_and_defense,0.84631306,0.731249213218689,0.6199129819869995,True
qb_004974,quality_of_life,qb_004974__quality_of_life,0.8527175,0.7396409511566162,0.5931400060653687,True
qb_019278,political,qb_019278__political,0.90318763,0.7209117412567139,0.6327048540115356,True
qb_019278,policy_prescription,qb_019278__policy_prescription,0.86962813,0.7842000722885132,0.615613579750061,True
qb_019278,fairness_and_equality,qb_019278__fairness_and_equality,0.89804804,0.7785073518753052,0.6400820016860962,True
qb_019278,public_sentiment,qb_019278__public_sentiment,0.8731088,0.7468810081481934,0.6495980620384216,True
qb_019278,legality_constitutionality,qb_019278__legality_constitutionality,0.8689081,0.7030798196792603,0.6438373923301697,True
qb_013643,legality_constitutionality,qb_013643__legality_constitutionality,0.91453207,0.646825909614563,0.626842200756073,True
qb_013643,external_regulation,qb_013643__external_regulation,0.88439226,0.692147970199585,0.6158896684646606,True
qb_013643,security_and_defense,qb_013643__security_and_defense,0.82838106,0.7815194129943848,0.6310954093933105,True
qb_013643,political,qb_013643__political,0.90112257,0.6907373666763306,0.6429963111877441,True
qb_013643,policy_prescription,qb_013643__policy_prescription,0.85854626,0.7549751996994019,0.6178627610206604,True
qb_006617,political,qb_006617__political,0.85566413,0.7594491839408875,0.6262428760528564,True
qb_006617,economic,qb_006617__economic,0.7958235,0.754212498664856,0.6143565773963928,True
qb_006617,capacity_and_resources,qb_006617__capacity_and_resources,0.8494757,0.7758358120918274,0.6282923221588135,True
qb_006617,security_and_defense,qb_006617__security_and_defense,0.89118934,0.7721086740493774,0.6492986679077148,True
qb_006617,public_sentiment,qb_006617__public_sentiment,0.86341476,0.7503159642219543,0.6729192137718201,True
qb_006617,fairness_and_equality,qb_006617__fairness_and_equality,0.80356526,0.7491880655288696,0.5836528539657593,True
qb_014505,legality_constitutionality,qb_014505__legality_constitutionality,0.8552407,0.76811283826828,0.626726508140564,True
qb_014505,political,qb_014505__political,0.8814336,0.8848786950111389,0.6495667695999146,True
qb_014505,economic,qb_014505__economic,0.81820893,0.8612344264984131,0.6230765581130981,True
qb_014505,fairness_and_equality,qb_014505__fairness_and_equality,0.84640384,0.8577104806900024,0.6295827031135559,True
qb_014505,cultural_identity,qb_014505__cultural_identity,0.8628638,0.7879412174224854,0.6203182935714722,True
qb_017974,economic,qb_017974__economic,0.8846718,0.7579663395881653,0.5762892365455627,True
qb_017974,capacity_and_resources,qb_017974__capacity_and_resources,0.8934036,0.8421632647514343,0.608561635017395,True
qb_017974,quality_of_life,qb_017974__quality_of_life,0.8600328,0.8022778630256653,0.6003857851028442,True
qb_017974,political,qb_017974__political,0.85992986,0.7643831372261047,0.6842813491821289,True
qb_013216,political,qb_013216__political,0.952762,0.866891086101532,0.6247124671936035,True
qb_013216,public_sentiment,qb_013216__public_sentiment,0.83006424,0.753440260887146,0.5986469984054565,True
qb_013216,legality_constitutionality,qb_013216__legality_constitutionality,0.8533554,0.7294114232063293,0.6538998484611511,True
qb_013216,fairness_and_equality,qb_013216__fairness_and_equality,0.91707003,0.8603191375732422,0.6135144233703613,True
qb_013216,morality,qb_013216__morality,0.9060544,0.7989010214805603,0.5983859896659851,True
qb_013216,cultural_identity,qb_013216__cultural_identity,0.91991603,0.8622168302536011,0.6664981245994568,True
qb_013216,economic,qb_013216__economic,0.8265014,0.8149593472480774,0.6288312673568726,True
qb_003976,economic,qb_003976__economic,0.8983976,,0.615277886390686,False
qb_007663,policy_prescription,qb_007663__policy_prescription,0.86571586,0.7840245962142944,0.617280900478363,True
qb_007663,cultural_identity,qb_007663__cultural_identity,0.9241682,0.7471714615821838,0.6314733624458313,True
qb_013109,legality_constitutionality,qb_013109__legality_constitutionality,0.80268705,0.7447681427001953,0.6371737122535706,True
qb_013109,political,qb_013109__political,0.8813854,0.7249252200126648,0.6655780673027039,True
qb_013109,public_sentiment,qb_013109__public_sentiment,0.7763743,0.6818186044692993,0.6723424196243286,True
qb_015716,economic,qb_015716__economic,0.8310363,0.8829188346862793,0.6146652698516846,True
qb_015716,policy_prescription,qb_015716__policy_prescription,0.85986614,0.7472379803657532,0.6200502514839172,True
qb_015716,external_regulation,qb_015716__external_regulation,0.91493845,0.7992003560066223,0.6156534552574158,True
qb_015716,political,qb_015716__political,0.7805785,0.6917004585266113,0.6349939107894897,True
qb_009911,legality_constitutionality,qb_009911__legality_constitutionality,0.85606045,0.8195733428001404,0.6398175954818726,True
qb_009911,economic,qb_009911__economic,0.90057695,0.8471737504005432,0.5902997255325317,True
qb_009911,crime_and_punishment,qb_009911__crime_and_punishment,0.8954806,0.821635365486145,0.6220433712005615,True
qb_010425,economic,qb_010425__economic,0.83615637,,0.5789529085159302,False
qb_006263,legality_constitutionality,qb_006263__legality_constitutionality,0.8121269,0.7935738563537598,0.6963278651237488,True
qb_006263,security_and_defense,qb_006263__security_and_defense,0.7863093,0.7382093667984009,0.6395494341850281,True
qb_006263,crime_and_punishment,qb_006263__crime_and_punishment,0.80662054,0.8033727407455444,0.6082848310470581,True
qb_010747,political,qb_010747__political,0.96049297,0.8546619415283203,0.6557874083518982,True
qb_010747,public_sentiment,qb_010747__public_sentiment,0.93260384,0.8717198967933655,0.6805009841918945,True
qb_013628,political,qb_013628__political,0.90742946,0.7717645168304443,0.6094668507575989,True
qb_013628,legality_constitutionality,qb_013628__legality_constitutionality,0.90178585,0.6900262832641602,0.6022682785987854,True
qb_013628,public_sentiment,qb_013628__public_sentiment,0.85963327,0.7205608487129211,0.6111913323402405,True
qb_008041,political,qb_008041__political,0.9267582,,0.6000698804855347,False
qb_013671,economic,qb_013671__economic,0.8229083,0.8046755790710449,0.6343446373939514,True
qb_013671,political,qb_013671__political,0.90076876,0.8347148895263672,0.6664972305297852,True
qb_013671,capacity_and_resources,qb_013671__capacity_and_resources,0.8821871,0.820644736289978,0.6402872800827026,True
qb_003178,policy_prescription,qb_003178__policy_prescription,0.86748785,0.7904343605041504,0.5914827585220337,True
qb_003178,legality_constitutionality,qb_003178__legality_constitutionality,0.87874997,0.8547186851501465,0.6354286670684814,True
qb_003178,morality,qb_003178__morality,0.9067808,0.817636251449585,0.6214514970779419,True
qb_003178,health_and_safety,qb_003178__health_and_safety,0.86924386,0.8142843842506409,0.6455630660057068,True
qb_003178,public_sentiment,qb_003178__public_sentiment,0.8275908,0.7293433547019958,0.6285361051559448,True
qb_018386,political,qb_018386__political,0.8161266,0.7286881804466248,0.7261272668838501,True
qb_018386,legality_constitutionality,qb_018386__legality_constitutionality,0.83895314,0.7313323616981506,0.644267737865448,True
qb_018386,public_sentiment,qb_018386__public_sentiment,0.75759983,0.7123134136199951,0.6775014996528625,True
qb_018386,crime_and_punishment,qb_018386__crime_and_punishment,0.81836706,0.7263854146003723,0.6636170148849487,True
qb_020181,political,qb_020181__political,0.82987523,0.7546858191490173,0.6143176555633545,True
qb_020181,legality_constitutionality,qb_020181__legality_constitutionality,0.8073789,0.7642843723297119,0.6832180619239807,True
qb_020181,crime_and_punishment,qb_020181__crime_and_punishment,0.8183776,0.7439723014831543,0.6465663909912109,True
qb_008663,political,qb_008663__political,0.85349256,0.8026817440986633,0.5910258889198303,True
qb_008663,legality_constitutionality,qb_008663__legality_constitutionality,0.8820117,0.8029913902282715,0.6462401151657104,True
qb_008663,capacity_and_resources,qb_008663__capacity_and_resources,0.7888975,0.7747309803962708,0.627405047416687,True
qb_008663,security_and_defense,qb_008663__security_and_defense,0.905348,0.8333534002304077,0.6285806894302368,True
qb_008663,morality,qb_008663__morality,0.87444925,0.8088221549987793,0.6307862401008606,True
qb_012697,public_sentiment,qb_012697__public_sentiment,0.870844,0.7645143866539001,0.6379841566085815,True
qb_012697,health_and_safety,qb_012697__health_and_safety,0.8866983,0.7763970494270325,0.6078846454620361,True
qb_012697,policy_prescription,qb_012697__policy_prescription,0.8417138,0.867464542388916,0.6220840215682983,True
qb_012697,crime_and_punishment,qb_012697__crime_and_punishment,0.84474766,0.7583869099617004,0.611420214176178,True
qb_008371,legality_constitutionality,qb_008371__legality_constitutionality,0.840283,0.693565309047699,0.6511853933334351,True
qb_008371,political,qb_008371__political,0.9203514,0.7471401691436768,0.5940879583358765,True
qb_008371,fairness_and_equality,qb_008371__fairness_and_equality,0.89572144,0.7893680334091187,0.6374804377555847,True
qb_006396,political,qb_006396__political,0.8793683,0.769136369228363,0.6448959112167358,True
qb_006396,public_sentiment,qb_006396__public_sentiment,0.8434268,0.6547349095344543,0.6020978093147278,True
qb_006396,legality_constitutionality,qb_006396__legality_constitutionality,0.8220119,0.6711910963058472,0.6910070776939392,True
qb_016913,health_and_safety,qb_016913__health_and_safety,0.82933587,0.8027158379554749,0.5819258689880371,True
qb_016913,policy_prescription,qb_016913__policy_prescription,0.8988315,0.7993047833442688,0.6081782579421997,True
qb_016913,legality_constitutionality,qb_016913__legality_constitutionality,0.91511554,0.8128736019134521,0.6383160352706909,True
qb_016913,political,qb_016913__political,0.92249644,0.8065025210380554,0.6383149027824402,True
qb_003191,health_and_safety,qb_003191__health_and_safety,0.8009649,,0.6082536578178406,False
qb_006252,health_and_safety,qb_006252__health_and_safety,0.7864419,,0.5978742837905884,False
qb_001143,security_and_defense,qb_001143__security_and_defense,0.7973804,0.7839792370796204,0.6324809789657593,True
qb_001143,public_sentiment,qb_001143__public_sentiment,0.8513301,0.7534759640693665,0.6339750289916992,True
qb_001143,political,qb_001143__political,0.90450406,0.709804117679596,0.6134557723999023,True
qb_001143,crime_and_punishment,qb_001143__crime_and_punishment,0.8662795,0.7050370573997498,0.6333388090133667,True
qb_016782,legality_constitutionality,qb_016782__legality_constitutionality,0.8184865,0.7630325555801392,0.6199130415916443,True
qb_016782,crime_and_punishment,qb_016782__crime_and_punishment,0.9335001,0.9011395573616028,0.6616765856742859,True
qb_016782,political,qb_016782__political,0.94538814,0.8694548606872559,0.6271389126777649,True
qb_000253,economic,qb_000253__economic,0.8800291,0.73565673828125,0.6033446192741394,True
qb_000253,quality_of_life,qb_000253__quality_of_life,0.74044186,0.7998899221420288,0.5482527613639832,True
qb_000253,political,qb_000253__political,0.8886409,0.6585889458656311,0.6199841499328613,True
qb_002998,cultural_identity,qb_002998__cultural_identity,0.87288356,0.8070504665374756,0.6145756244659424,True
qb_002998,political,qb_002998__political,0.87904084,0.7580335736274719,0.6594823002815247,True
qb_002998,public_sentiment,qb_002998__public_sentiment,0.8754169,0.7618330717086792,0.636382520198822,True
qb_002998,morality,qb_002998__morality,0.8965941,0.7469549179077148,0.5684094429016113,True
qb_002998,fairness_and_equality,qb_002998__fairness_and_equality,0.8471052,0.7596110701560974,0.6235417127609253,True
qb_015372,policy_prescription,qb_015372__policy_prescription,0.90937567,0.8448309898376465,0.6074449419975281,True
qb_015372,economic,qb_015372__economic,0.81917906,0.8238139152526855,0.6361063122749329,True
qb_015372,political,qb_015372__political,0.8805711,0.7453464865684509,0.6559491753578186,True
qb_015372,health_and_safety,qb_015372__health_and_safety,0.91549295,0.821193516254425,0.5980682373046875,True
qb_009321,economic,qb_009321__economic,0.8836848,0.8501491546630859,0.6556136012077332,True
qb_009321,external_regulation,qb_009321__external_regulation,0.87465024,0.8178573846817017,0.6823829412460327,True
qb_009321,capacity_and_resources,qb_009321__capacity_and_resources,0.7436581,0.7025143504142761,0.5789888501167297,True
qb_009321,public_sentiment,qb_009321__public_sentiment,0.84125584,0.7311187386512756,0.6863378286361694,True
qb_009321,security_and_defense,qb_009321__security_and_defense,0.78869,0.7866926193237305,0.6113092303276062,True
qb_001789,public_sentiment,qb_001789__public_sentiment,0.9038753,0.914927065372467,0.5970326662063599,True
qb_001789,political,qb_001789__political,0.91008514,0.8596158027648926,0.6012993454933167,True
qb_004372,economic,qb_004372__economic,0.8724814,0.7788099646568298,0.5475614666938782,True
qb_004372,policy_prescription,qb_004372__policy_prescription,0.8837844,0.7967427968978882,0.6621932983398438,True
qb_004372,legality_constitutionality,qb_004372__legality_constitutionality,0.86872196,0.84013831615448,0.6149523854255676,True
qb_009010,legality_constitutionality,qb_009010__legality_constitutionality,0.8501512,0.7566013932228088,0.6597030162811279,True
qb_009010,policy_prescription,qb_009010__policy_prescription,0.823459,0.7770605087280273,0.6554131507873535,True
qb_009010,political,qb_009010__political,0.88758373,0.8164873719215393,0.6743518114089966,True
qb_009010,public_sentiment,qb_009010__public_sentiment,0.8874564,0.7734726071357727,0.6677926182746887,True
qb_016184,health_and_safety,qb_016184__health_and_safety,0.79356706,0.7689586877822876,0.6549747586250305,True
qb_016184,policy_prescription,qb_016184__policy_prescription,0.8073107,0.7481436729431152,0.6034246683120728,True
qb_016184,economic,qb_016184__economic,0.75360787,0.7026129961013794,0.6185933351516724,True
qb_016184,morality,qb_016184__morality,0.892225,0.7567260265350342,0.6195237636566162,True
qb_016184,political,qb_016184__political,0.8737215,0.7375163435935974,0.6697424054145813,True
qb_012309,health_and_safety,qb_012309__health_and_safety,0.89947206,0.6776887774467468,0.6493614315986633,True
qb_012309,political,qb_012309__political,0.80943316,0.8092435598373413,0.6481760144233704,True
qb_012309,public_sentiment,qb_012309__public_sentiment,0.85326004,0.7487209439277649,0.6356337666511536,True
qb_005491,health_and_safety,qb_005491__health_and_safety,0.7949355,0.8181926608085632,0.6161702871322632,True
qb_005491,capacity_and_resources,qb_005491__capacity_and_resources,0.8000931,0.7213730812072754,0.5287919044494629,True
qb_005491,political,qb_005491__political,0.8668977,0.7562549114227295,0.6454700827598572,True
qb_014698,security_and_defense,qb_014698__security_and_defense,0.7790152,0.7453230023384094,0.6277710795402527,True
qb_014698,external_regulation,qb_014698__external_regulation,0.9117954,0.8125759363174438,0.6331672668457031,True
qb_014698,economic,qb_014698__economic,0.8535383,0.8119117617607117,0.6187201738357544,True
qb_014698,policy_prescription,qb_014698__policy_prescription,0.8614045,0.7955134510993958,0.6221766471862793,True
qb_014698,capacity_and_resources,qb_014698__capacity_and_resources,0.87702656,0.8117369413375854,0.607840895652771,True
qb_014698,political,qb_014698__political,0.80820614,0.7690571546554565,0.6360666751861572,True
qb_014698,public_sentiment,qb_014698__public_sentiment,0.8501507,0.771414041519165,0.6091110706329346,True
qb_014698,legality_constitutionality,qb_014698__legality_constitutionality,0.8879175,0.7687879800796509,0.610743522644043,True
qb_010586,political,qb_010586__political,0.89858925,0.8079779744148254,0.6448274850845337,True
qb_010586,crime_and_punishment,qb_010586__crime_and_punishment,0.8214522,0.6951391696929932,0.6561629176139832,True
qb_010586,morality,qb_010586__morality,0.8223666,0.7537993788719177,0.6394244432449341,True
qb_010586,public_sentiment,qb_010586__public_sentiment,0.86842376,0.774681806564331,0.6132303476333618,True
qb_019049,legality_constitutionality,qb_019049__legality_constitutionality,0.93959045,,0.617184042930603,False
qb_008394,health_and_safety,qb_008394__health_and_safety,0.7296586,0.7399740219116211,0.57349693775177,True
qb_008394,public_sentiment,qb_008394__public_sentiment,0.9049479,0.6798031330108643,0.6475406885147095,True
qb_012737,political,qb_012737__political,0.8774618,0.7981319427490234,0.6182289123535156,True
qb_012737,public_sentiment,qb_012737__public_sentiment,0.8409109,0.816055953502655,0.6065969467163086,True
qb_012737,cultural_identity,qb_012737__cultural_identity,0.8825765,0.7984631061553955,0.5692693591117859,True
qb_012737,fairness_and_equality,qb_012737__fairness_and_equality,0.92563814,0.8085918426513672,0.5942592620849609,True
qb_011004,policy_prescription,qb_011004__policy_prescription,0.85068065,0.7806249260902405,0.633682370185852,True
qb_011004,public_sentiment,qb_011004__public_sentiment,0.8807211,0.8350794315338135,0.7077274918556213,True
qb_011004,economic,qb_011004__economic,0.86891496,0.7573613524436951,0.6350275278091431,True
qb_002638,security_and_defense,qb_002638__security_and_defense,0.86948276,0.8203631639480591,0.6460433006286621,True
qb_002638,political,qb_002638__political,0.88396955,0.8045474886894226,0.6530270576477051,True
qb_002638,external_regulation,qb_002638__external_regulation,0.79975677,0.8506251573562622,0.6133356094360352,True
qb_003125,security_and_defense,qb_003125__security_and_defense,0.81893975,0.8023903369903564,0.63238126039505,True
qb_003125,capacity_and_resources,qb_003125__capacity_and_resources,0.8793173,0.7444086670875549,0.5795527100563049,True
qb_003125,policy_prescription,qb_003125__policy_prescription,0.8538155,0.7243747115135193,0.6724678874015808,True
qb_016948,economic,qb_016948__economic,0.7894068,0.7976596355438232,0.6066399812698364,True
qb_016948,quality_of_life,qb_016948__quality_of_life,0.8937896,0.7608695030212402,0.647237241268158,True
qb_007053,crime_and_punishment,qb_007053__crime_and_punishment,0.8865796,0.7559302449226379,0.5887181162834167,True
qb_007053,legality_constitutionality,qb_007053__legality_constitutionality,0.8615383,0.6859766840934753,0.559264063835144,True
qb_007053,cultural_identity,qb_007053__cultural_identity,0.7946149,0.7005055546760559,0.5682896375656128,True
qb_007053,morality,qb_007053__morality,0.86013967,0.7243819832801819,0.573824942111969,True
qb_013581,political,qb_013581__political,0.8271612,0.7460546493530273,0.6408470869064331,True
qb_013581,legality_constitutionality,qb_013581__legality_constitutionality,0.88752836,0.8718085289001465,0.6580975651741028,True
qb_013581,policy_prescription,qb_013581__policy_prescription,0.8828908,0.8155025243759155,0.6606219410896301,True
qb_000532,cultural_identity,qb_000532__cultural_identity,0.8492159,0.7413471341133118,0.6637165546417236,True
qb_000532,quality_of_life,qb_000532__quality_of_life,0.79170066,0.7217374444007874,0.611709713935852,True
qb_000532,capacity_and_resources,qb_000532__capacity_and_resources,0.7650826,0.6845963001251221,0.6149248480796814,True
qb_000532,public_sentiment,qb_000532__public_sentiment,0.82507455,0.7805141806602478,0.677697479724884,True
qb_009072,security_and_defense,qb_009072__security_and_defense,0.8029822,0.8329564332962036,0.607444703578949,True
qb_009072,external_regulation,qb_009072__external_regulation,0.843394,0.813006579875946,0.6518645286560059,True
qb_009072,policy_prescription,qb_009072__policy_prescription,0.79006875,0.7527908086776733,0.6408612728118896,True
qb_009072,capacity_and_resources,qb_009072__capacity_and_resources,0.87211525,0.7937176823616028,0.5980921983718872,True
qb_009072,political,qb_009072__political,0.8306328,0.7115710973739624,0.643456220626831,True
qb_009072,economic,qb_009072__economic,0.8435204,0.8289859890937805,0.6478761434555054,True
qb_009072,health_and_safety,qb_009072__health_and_safety,0.7983911,0.7184873223304749,0.6413062214851379,True
qb_009072,morality,qb_009072__morality,0.8162642,0.7440378069877625,0.6453459858894348,True
qb_007449,political,qb_007449__political,0.8859516,0.7524784207344055,0.6581544876098633,True
qb_007449,legality_constitutionality,qb_007449__legality_constitutionality,0.8135819,0.7788432836532593,0.6395844221115112,True
qb_007449,fairness_and_equality,qb_007449__fairness_and_equality,0.82723886,0.7556160092353821,0.6402638554573059,True
qb_007610,political,qb_007610__political,0.80878574,0.750002920627594,0.5806271433830261,True
qb_007610,public_sentiment,qb_007610__public_sentiment,0.84955776,0.8044495582580566,0.6039679050445557,True
qb_007610,cultural_identity,qb_007610__cultural_identity,0.9189079,0.8082711100578308,0.6577228307723999,True
qb_004739,external_regulation,qb_004739__external_regulation,0.87262857,0.7091498374938965,0.5631930232048035,True
qb_004739,political,qb_004739__political,0.90522987,0.7781475782394409,0.6260205507278442,True
qb_004739,security_and_defense,qb_004739__security_and_defense,0.73446167,0.8365974426269531,0.5680588483810425,True
qb_021052,policy_prescription,qb_021052__policy_prescription,0.78891265,0.8084113001823425,0.6132612228393555,True
qb_021052,economic,qb_021052__economic,0.7709317,0.7436766624450684,0.6208831071853638,True
qb_021052,legality_constitutionality,qb_021052__legality_constitutionality,0.8529912,0.7592498064041138,0.6419655680656433,True
qb_021052,fairness_and_equality,qb_021052__fairness_and_equality,0.91308224,0.772088885307312,0.5679384469985962,True
qb_021052,political,qb_021052__political,0.8201855,0.7658356428146362,0.6006463766098022,True
qb_021052,morality,qb_021052__morality,0.8693063,0.804997444152832,0.6149506568908691,True
qb_008435,morality,qb_008435__morality,0.924317,,0.6484269499778748,False
qb_021438,crime_and_punishment,qb_021438__crime_and_punishment,0.84858197,0.8152520656585693,0.6238721609115601,True
qb_021438,security_and_defense,qb_021438__security_and_defense,0.78767896,0.7949021458625793,0.672845184803009,True
qb_021438,public_sentiment,qb_021438__public_sentiment,0.91862035,0.7806679010391235,0.6997107267379761,True
qb_011923,security_and_defense,qb_011923__security_and_defense,0.84462076,0.7778511047363281,0.6344245076179504,True
qb_011923,capacity_and_resources,qb_011923__capacity_and_resources,0.8565224,0.790928304195404,0.6212711930274963,True
qb_011923,economic,qb_011923__economic,0.81381875,0.7141583561897278,0.6380532383918762,True
qb_011923,external_regulation,qb_011923__external_regulation,0.82791626,0.7657241225242615,0.6381703615188599,True
qb_021068,legality_constitutionality,qb_021068__legality_constitutionality,0.8252106,0.8078923225402832,0.6477761268615723,True
qb_021068,political,qb_021068__political,0.820446,0.7597773671150208,0.6299509406089783,True
qb_021068,economic,qb_021068__economic,0.84095955,0.7000097632408142,0.6285486221313477,True
qb_015430,political,qb_015430__political,0.84150344,0.8341240882873535,0.6533867120742798,True
qb_015430,public_sentiment,qb_015430__public_sentiment,0.8660873,0.8002570867538452,0.6475277543067932,True
qb_015430,morality,qb_015430__morality,0.8995019,0.7934370040893555,0.6092709302902222,True
qb_015839,health_and_safety,qb_015839__health_and_safety,0.82549256,0.8578729629516602,0.6105126142501831,True
qb_015839,policy_prescription,qb_015839__policy_prescription,0.8357746,0.8247396945953369,0.5687026977539062,True
qb_013115,policy_prescription,qb_013115__policy_prescription,0.8330915,0.8144569396972656,0.6293717622756958,True
qb_013115,external_regulation,qb_013115__external_regulation,0.8045222,0.7771056294441223,0.6407044529914856,True
qb_013115,economic,qb_013115__economic,0.81708515,0.8119598627090454,0.6438297033309937,True
qb_013115,crime_and_punishment,qb_013115__crime_and_punishment,0.85809094,0.7978121042251587,0.6075101494789124,True
qb_013115,quality_of_life,qb_013115__quality_of_life,0.8160007,0.7442531585693359,0.6160592436790466,True
qb_013115,political,qb_013115__political,0.90838647,0.7708157300949097,0.679099440574646,True
qb_011551,policy_prescription,qb_011551__policy_prescription,0.78225946,0.8089304566383362,0.629837691783905,True
qb_011551,health_and_safety,qb_011551__health_and_safety,0.8433472,0.8222062587738037,0.5690944790840149,True
qb_011551,capacity_and_resources,qb_011551__capacity_and_resources,0.8383007,0.8021852374076843,0.5426944494247437,True
qb_011551,quality_of_life,qb_011551__quality_of_life,0.8464898,0.8096003532409668,0.6164793372154236,True
qb_003183,economic,qb_003183__economic,0.9457914,0.7817382216453552,0.6662980318069458,True
qb_003183,policy_prescription,qb_003183__policy_prescription,0.89834934,0.7893843650817871,0.6348075866699219,True
qb_003183,political,qb_003183__political,0.88843024,0.7736871242523193,0.649324893951416,True
qb_003183,legality_constitutionality,qb_003183__legality_constitutionality,0.8470632,0.7695903778076172,0.5744724273681641,True
qb_015022,political,qb_015022__political,0.8571212,0.7340859174728394,0.6254956722259521,True
qb_015022,economic,qb_015022__economic,0.85542786,0.7342928647994995,0.5940731167793274,True
qb_015022,capacity_and_resources,qb_015022__capacity_and_resources,0.88091457,0.7840928435325623,0.607086181640625,True
qb_015022,security_and_defense,qb_015022__security_and_defense,0.831377,0.7942332029342651,0.5959868431091309,True
qb_015022,fairness_and_equality,qb_015022__fairness_and_equality,0.92299354,0.7883987426757812,0.6611195206642151,True
qb_002200,political,qb_002200__political,0.88628864,0.7067611217498779,0.6375561952590942,True
qb_002200,public_sentiment,qb_002200__public_sentiment,0.87413144,0.6799008846282959,0.6692153811454773,True
qb_002200,health_and_safety,qb_002200__health_and_safety,0.7750807,0.6510525345802307,0.5972566604614258,True
qb_006816,political,qb_006816__political,0.8761092,0.7605583667755127,0.6159982085227966,True
qb_006816,morality,qb_006816__morality,0.8869328,0.8032793402671814,0.6082080602645874,True
qb_006816,policy_prescription,qb_006816__policy_prescription,0.84103775,0.8384110927581787,0.6513850688934326,True
qb_009026,political,qb_009026__political,0.85613966,0.711129367351532,0.6858847141265869,True
qb_009026,security_and_defense,qb_009026__security_and_defense,0.7870735,0.7762437462806702,0.6731148958206177,True
qb_009026,legality_constitutionality,qb_009026__legality_constitutionality,0.85681117,0.8235710263252258,0.6566759347915649,True
qb_009026,external_regulation,qb_009026__external_regulation,0.7566968,0.7953484654426575,0.6686123013496399,True
qb_018950,policy_prescription,qb_018950__policy_prescription,0.8685516,0.7453776597976685,0.6074172258377075,True
qb_018950,health_and_safety,qb_018950__health_and_safety,0.89201814,0.7986757755279541,0.6092456579208374,True
qb_018950,political,qb_018950__political,0.8921873,0.7991993427276611,0.6404174566268921,True
qb_016305,security_and_defense,qb_016305__security_and_defense,0.8289138,0.7597042918205261,0.6070437431335449,True
qb_016305,external_regulation,qb_016305__external_regulation,0.906317,0.7857655882835388,0.6614943742752075,True
qb_016305,policy_prescription,qb_016305__policy_prescription,0.864081,0.7525169849395752,0.6112313270568848,True
qb_016305,political,qb_016305__political,0.8158148,0.7128246426582336,0.6534196138381958,True
qb_016305,economic,qb_016305__economic,0.8013004,0.7808958292007446,0.6490302085876465,True
qb_016305,capacity_and_resources,qb_016305__capacity_and_resources,0.8078765,0.7199026346206665,0.6021519303321838,True
qb_017936,political,qb_017936__political,0.8326018,0.7838103175163269,0.6719255447387695,True
qb_017936,public_sentiment,qb_017936__public_sentiment,0.8652506,0.8134790062904358,0.6188735365867615,True
qb_017936,morality,qb_017936__morality,0.8809999,0.7854341268539429,0.6356674432754517,True
qb_001918,security_and_defense,qb_001918__security_and_defense,0.8694015,0.8756844997406006,0.6056922674179077,True
qb_001918,external_regulation,qb_001918__external_regulation,0.85026425,0.7876168489456177,0.6575539112091064,True
qb_001918,policy_prescription,qb_001918__policy_prescription,0.81206405,0.7788615226745605,0.6212287545204163,True
qb_001918,political,qb_001918__political,0.83652294,0.7053788900375366,0.6529139280319214,True
qb_001918,public_sentiment,qb_001918__public_sentiment,0.8617068,0.709915280342102,0.640494704246521,True
qb_004525,political,qb_004525__political,0.9132689,0.8318682312965393,0.6815788149833679,True
qb_004525,legality_constitutionality,qb_004525__legality_constitutionality,0.87919843,0.8700632452964783,0.6073883771896362,True
qb_020523,fairness_and_equality,qb_020523__fairness_and_equality,0.7752296,0.7781049013137817,0.5416320562362671,True
qb_020523,public_sentiment,qb_020523__public_sentiment,0.8311257,0.6944918632507324,0.6296348571777344,True
qb_020523,morality,qb_020523__morality,0.83718324,0.7584137916564941,0.5775482058525085,True
qb_014572,security_and_defense,qb_014572__security_and_defense,0.94239926,0.8347216248512268,0.5272977352142334,True
qb_014572,external_regulation,qb_014572__external_regulation,0.84979343,0.8362612128257751,0.5840930938720703,True
qb_014572,capacity_and_resources,qb_014572__capacity_and_resources,0.8832989,0.8212655186653137,0.587803065776825,True
qb_014572,policy_prescription,qb_014572__policy_prescription,0.9556053,0.8308453559875488,0.5545331239700317,True
qb_014572,political,qb_014572__political,0.8632396,0.7193366289138794,0.6349984407424927,True
qb_012020,political,qb_012020__political,0.8768988,0.7779085636138916,0.606948733329773,True
qb_012020,public_sentiment,qb_012020__public_sentiment,0.83074427,0.7609949707984924,0.6551721096038818,True
qb_001041,political,qb_001041__political,0.87658095,0.9220434427261353,0.6290409564971924,True
qb_001041,cultural_identity,qb_001041__cultural_identity,0.8599016,0.804045557975769,0.6441161036491394,True
qb_001041,morality,qb_001041__morality,0.8493897,0.7456464767456055,0.5725023746490479,True
qb_015486,economic,qb_015486__economic,0.8627947,0.8067541718482971,0.634088397026062,True
qb_015486,political,qb_015486__political,0.8601501,0.8217033743858337,0.6543321013450623,True
qb_015486,legality_constitutionality,qb_015486__legality_constitutionality,0.8750703,0.7789745330810547,0.6205551624298096,True
qb_015486,morality,qb_015486__morality,0.89747405,0.8139901161193848,0.6515132188796997,True
qb_013462,legality_constitutionality,qb_013462__legality_constitutionality,0.8679759,0.7610422968864441,0.6677789688110352,True
qb_013462,policy_prescription,qb_013462__policy_prescription,0.86876667,0.8037160038948059,0.6484414339065552,True
qb_013462,political,qb_013462__political,0.83386254,0.7286133766174316,0.6364296674728394,True
qb_013462,fairness_and_equality,qb_013462__fairness_and_equality,0.8316564,0.7553923726081848,0.664157509803772,True
qb_005333,security_and_defense,qb_005333__security_and_defense,0.8274011,0.8134106993675232,0.6305574178695679,True
qb_005333,morality,qb_005333__morality,0.85204834,0.734063982963562,0.621073305606842,True
qb_005333,capacity_and_resources,qb_005333__capacity_and_resources,0.9059258,0.8191906213760376,0.5755780935287476,True
qb_000544,legality_constitutionality,qb_000544__legality_constitutionality,0.8148634,0.7523830533027649,0.6278765201568604,True
qb_000544,crime_and_punishment,qb_000544__crime_and_punishment,0.88226503,0.6904796361923218,0.5499534606933594,True
qb_000544,economic,qb_000544__economic,0.8560717,0.5960983037948608,0.594180703163147,True
qb_000544,security_and_defense,qb_000544__security_and_defense,0.8323927,0.8259958028793335,0.5997821688652039,True
qb_000544,external_regulation,qb_000544__external_regulation,0.8619444,0.686022162437439,0.6844021081924438,True
qb_011049,political,qb_011049__political,0.8549362,0.8050312995910645,0.617704451084137,True
qb_011049,policy_prescription,qb_011049__policy_prescription,0.85618544,0.8626928329467773,0.669247031211853,True
qb_011049,capacity_and_resources,qb_011049__capacity_and_resources,0.90134805,0.8538841605186462,0.6399758458137512,True
qb_011049,economic,qb_011049__economic,0.794773,0.7685014605522156,0.6724569201469421,True
qb_011049,legality_constitutionality,qb_011049__legality_constitutionality,0.82834136,0.8371627926826477,0.622182309627533,True
qb_008741,policy_prescription,qb_008741__policy_prescription,0.86557287,0.8033432364463806,0.6120305061340332,True
qb_008741,legality_constitutionality,qb_008741__legality_constitutionality,0.86216164,0.7796633243560791,0.7009523510932922,True
qb_008741,political,qb_008741__political,0.88788587,0.6920894384384155,0.6828979253768921,True
qb_008741,capacity_and_resources,qb_008741__capacity_and_resources,0.7693338,0.75991290807724,0.6356910467147827,True
qb_008741,crime_and_punishment,qb_008741__crime_and_punishment,0.9090837,0.8130803108215332,0.6664746999740601,True
qb_011794,morality,qb_011794__morality,0.8671495,0.7769209742546082,0.6378074884414673,True
qb_011794,cultural_identity,qb_011794__cultural_identity,0.88446,0.8240087628364563,0.6173060536384583,True
qb_011794,political,qb_011794__political,0.90671384,0.849022626876831,0.6166990399360657,True
qb_011794,public_sentiment,qb_011794__public_sentiment,0.8736733,0.8028163909912109,0.5647802352905273,True
qb_011261,health_and_safety,qb_011261__health_and_safety,0.78956246,0.7592865824699402,0.6093558669090271,True
qb_011261,capacity_and_resources,qb_011261__capacity_and_resources,0.7913748,0.7015120387077332,0.610007107257843,True
qb_011261,policy_prescription,qb_011261__policy_prescription,0.7914089,0.7429797053337097,0.6058489084243774,True
qb_011261,public_sentiment,qb_011261__public_sentiment,0.8790958,0.6912581920623779,0.6322022676467896,True
qb_016597,security_and_defense,qb_016597__security_and_defense,0.81012213,0.8028839230537415,0.6506044268608093,True
qb_016597,crime_and_punishment,qb_016597__crime_and_punishment,0.8220806,0.8522256016731262,0.6380979418754578,True
qb_016597,cultural_identity,qb_016597__cultural_identity,0.81140745,0.7838374972343445,0.591863214969635,True
qb_016597,capacity_and_resources,qb_016597__capacity_and_resources,0.74313456,0.7124612331390381,0.5983313322067261,True
qb_007480,political,qb_007480__political,0.91313434,0.8122371435165405,0.5899151563644409,True
qb_007480,public_sentiment,qb_007480__public_sentiment,0.80231863,0.7886008024215698,0.6055842638015747,True
qb_007480,cultural_identity,qb_007480__cultural_identity,0.8749243,0.763121485710144,0.6063765287399292,True
qb_004512,security_and_defense,qb_004512__security_and_defense,0.7770387,0.8121805191040039,0.6008022427558899,True
qb_004512,external_regulation,qb_004512__external_regulation,0.822569,0.7653785347938538,0.6011108160018921,True
qb_002855,crime_and_punishment,qb_002855__crime_and_punishment,0.76202273,0.7490527033805847,0.6106220483779907,True
qb_002855,legality_constitutionality,qb_002855__legality_constitutionality,0.8690599,0.754071056842804,0.6219586133956909,True
qb_002855,political,qb_002855__political,0.8356636,0.799669086933136,0.6313310861587524,True
qb_002855,public_sentiment,qb_002855__public_sentiment,0.88137805,0.7054594159126282,0.6762913465499878,True
qb_012125,political,qb_012125__political,0.90888023,0.8506410121917725,0.6218662261962891,True
qb_012125,cultural_identity,qb_012125__cultural_identity,0.9272784,0.8685324192047119,0.6465120911598206,True
qb_012125,public_sentiment,qb_012125__public_sentiment,0.8868979,0.8208731412887573,0.6163936853408813,True
qb_013673,political,qb_013673__political,0.75290537,0.6680647730827332,0.6334894895553589,True
qb_013673,legality_constitutionality,qb_013673__legality_constitutionality,0.8970662,0.6762677431106567,0.6364277601242065,True
qb_013673,cultural_identity,qb_013673__cultural_identity,0.8808755,0.7255919575691223,0.6121220588684082,True
qb_003040,security_and_defense,qb_003040__security_and_defense,0.8331011,0.7976768612861633,0.6109834909439087,True
qb_003040,capacity_and_resources,qb_003040__capacity_and_resources,0.8751272,0.7881488800048828,0.6081869602203369,True
qb_003040,public_sentiment,qb_003040__public_sentiment,0.8097131,0.7428260445594788,0.7136315703392029,True
qb_003040,political,qb_003040__political,0.83254695,0.7545472979545593,0.5951598286628723,True
qb_013212,legality_constitutionality,qb_013212__legality_constitutionality,0.85986054,0.789103627204895,0.6189695596694946,True
qb_013212,policy_prescription,qb_013212__policy_prescription,0.890533,0.8654797673225403,0.6236525774002075,True
qb_013212,fairness_and_equality,qb_013212__fairness_and_equality,0.9276718,0.8374349474906921,0.6139056086540222,True
qb_013212,capacity_and_resources,qb_013212__capacity_and_resources,0.7816761,0.7190914154052734,0.6409308314323425,True
qb_013212,political,qb_013212__political,0.87417555,0.7564350962638855,0.634438693523407,True
qb_013212,cultural_identity,qb_013212__cultural_identity,0.8815406,0.8444498181343079,0.6350598335266113,True
qb_009229,political,qb_009229__political,0.9353164,0.7541447281837463,0.6623634099960327,True
qb_009229,external_regulation,qb_009229__external_regulation,0.8944148,0.776157796382904,0.6175798177719116,True
qb_009229,legality_constitutionality,qb_009229__legality_constitutionality,0.9126803,0.7462186813354492,0.6045866012573242,True
qb_009229,policy_prescription,qb_009229__policy_prescription,0.84627527,0.7582423090934753,0.6675021052360535,True
qb_008819,political,qb_008819__political,0.8241615,,0.6482701897621155,False
qb_000107,fairness_and_equality,qb_000107__fairness_and_equality,0.9306366,0.8256072998046875,0.6142681837081909,True
qb_000107,legality_constitutionality,qb_000107__legality_constitutionality,0.7848939,0.7755566835403442,0.6445275545120239,True
qb_000107,policy_prescription,qb_000107__policy_prescription,0.8060063,0.8141463994979858,0.6564240455627441,True
qb_000107,economic,qb_000107__economic,0.8158082,0.7876263856887817,0.6495361328125,True
qb_000107,capacity_and_resources,qb_000107__capacity_and_resources,0.7905795,0.8020201921463013,0.6263260245323181,True
qb_000107,morality,qb_000107__morality,0.89606607,0.8046585917472839,0.6106236577033997,True
qb_000072,political,qb_000072__political,0.8791486,0.8503731489181519,0.6136588454246521,True
qb_000072,external_regulation,qb_000072__external_regulation,0.8708329,0.8397700786590576,0.6427485942840576,True
qb_000072,public_sentiment,qb_000072__public_sentiment,0.91802686,0.7962433099746704,0.6180315613746643,True
qb_011969,security_and_defense,qb_011969__security_and_defense,0.81424093,0.7931512594223022,0.6456626653671265,True
qb_011969,external_regulation,qb_011969__external_regulation,0.8218163,0.7676789164543152,0.6328822374343872,True
qb_011969,political,qb_011969__political,0.86984086,0.7339047193527222,0.6231721639633179,True
qb_011969,health_and_safety,qb_011969__health_and_safety,0.80087316,0.7748207449913025,0.6057645082473755,True
qb_011969,legality_constitutionality,qb_011969__legality_constitutionality,0.85457456,0.8016562461853027,0.629168689250946,True
qb_011969,public_sentiment,qb_011969__public_sentiment,0.8252608,0.7619713544845581,0.6608120203018188,True
qb_011969,capacity_and_resources,qb_011969__capacity_and_resources,0.8222374,0.7336360216140747,0.6129275560379028,True
qb_012838,security_and_defense,qb_012838__security_and_defense,0.7948295,0.846320629119873,0.5995196104049683,True
qb_012838,crime_and_punishment,qb_012838__crime_and_punishment,0.81012285,0.785969078540802,0.6172516942024231,True
qb_012838,health_and_safety,qb_012838__health_and_safety,0.77516526,0.6967982053756714,0.6063165068626404,True
qb_012838,cultural_identity,qb_012838__cultural_identity,0.8225197,0.7669574618339539,0.6764758825302124,True
qb_012838,quality_of_life,qb_012838__quality_of_life,0.84572875,0.8382319211959839,0.6205848455429077,True
qb_003012,crime_and_punishment,qb_003012__crime_and_punishment,0.81713295,0.7927374839782715,0.5837172269821167,True
qb_003012,security_and_defense,qb_003012__security_and_defense,0.8421681,0.8080633878707886,0.6463512182235718,True
qb_003012,cultural_identity,qb_003012__cultural_identity,0.77244776,0.6658048629760742,0.5868316888809204,True
qb_005475,fairness_and_equality,qb_005475__fairness_and_equality,0.7808864,0.770605742931366,0.5854995846748352,True
qb_005475,political,qb_005475__political,0.83185524,0.7533539533615112,0.6113723516464233,True
qb_005475,morality,qb_005475__morality,0.7277286,0.7400556802749634,0.580383837223053,True
qb_005475,public_sentiment,qb_005475__public_sentiment,0.9237236,0.7854619026184082,0.6159399747848511,True
qb_005475,economic,qb_005475__economic,0.82276917,0.7739970088005066,0.6015781164169312,True
qb_005475,health_and_safety,qb_005475__health_and_safety,0.8530338,0.7846681475639343,0.5636497735977173,True
qb_013337,political,qb_013337__political,0.8891064,0.7563577890396118,0.6375386714935303,True
qb_013337,morality,qb_013337__morality,0.8541527,0.7554388046264648,0.6792266368865967,True
qb_013337,cultural_identity,qb_013337__cultural_identity,0.8630612,0.79178386926651,0.6421796083450317,True
qb_013337,health_and_safety,qb_013337__health_and_safety,0.8422231,0.6339628100395203,0.6113818883895874,True
qb_013337,public_sentiment,qb_013337__public_sentiment,0.8855244,0.7272846102714539,0.59636390209198,True
qb_013337,fairness_and_equality,qb_013337__fairness_and_equality,0.8400811,0.741867184638977,0.5852206349372864,True
qb_002748,fairness_and_equality,qb_002748__fairness_and_equality,0.76776075,0.8195635676383972,0.6012589335441589,True
qb_002748,cultural_identity,qb_002748__cultural_identity,0.8785113,0.8329541683197021,0.594237208366394,True
qb_002748,public_sentiment,qb_002748__public_sentiment,0.8365029,0.8047494292259216,0.6413564682006836,True
qb_002748,morality,qb_002748__morality,0.8595584,0.7618424296379089,0.5985190868377686,True
qb_014098,political,qb_014098__political,0.92091036,0.7598354816436768,0.7102228403091431,True
qb_014098,fairness_and_equality,qb_014098__fairness_and_equality,0.8461274,0.710756778717041,0.5934487581253052,True
qb_014098,legality_constitutionality,qb_014098__legality_constitutionality,0.81846786,0.7334946393966675,0.6526845693588257,True
qb_015897,public_sentiment,qb_015897__public_sentiment,0.8674793,0.7727110981941223,0.6595168709754944,True
qb_015897,legality_constitutionality,qb_015897__legality_constitutionality,0.8403481,0.7161388993263245,0.6327487230300903,True
qb_015897,crime_and_punishment,qb_015897__crime_and_punishment,0.84447634,0.7868816256523132,0.6209625005722046,True
qb_015897,security_and_defense,qb_015897__security_and_defense,0.8988558,0.8122745156288147,0.596695601940155,True
qb_015897,political,qb_015897__political,0.89819425,0.7590419054031372,0.6400740742683411,True
qb_005068,political,qb_005068__political,0.83184546,0.795458197593689,0.7006424069404602,True
qb_005068,capacity_and_resources,qb_005068__capacity_and_resources,0.8157677,0.696945309638977,0.6771853566169739,True
qb_005068,public_sentiment,qb_005068__public_sentiment,0.822806,0.7685412168502808,0.6591008305549622,True
qb_010542,external_regulation,qb_010542__external_regulation,0.9105325,0.9140302538871765,0.609690248966217,True
qb_010542,political,qb_010542__political,0.9309721,0.947555422782898,0.5863807797431946,True
qb_009155,crime_and_punishment,qb_009155__crime_and_punishment,0.8513246,0.8005586266517639,0.6994168162345886,True
qb_009155,legality_constitutionality,qb_009155__legality_constitutionality,0.8256991,0.7461943030357361,0.588232696056366,True
qb_021738,security_and_defense,qb_021738__security_and_defense,0.7002185,0.7646278142929077,0.6306020617485046,True
qb_021738,external_regulation,qb_021738__external_regulation,0.83137435,0.7977696657180786,0.5936906337738037,True
qb_021738,political,qb_021738__political,0.8510083,0.7448008060455322,0.6291640996932983,True
qb_013376,political,qb_013376__political,0.8843004,,0.6633706092834473,False
qb_000343,political,qb_000343__political,0.8878378,0.7579929828643799,0.6926666498184204,True
qb_000343,morality,qb_000343__morality,0.8817071,0.7747626304626465,0.6295970678329468,True
qb_000343,public_sentiment,qb_000343__public_sentiment,0.829797,0.810447096824646,0.6073426008224487,True
qb_017378,policy_prescription,qb_017378__policy_prescription,0.9110938,0.7847617268562317,0.5918380618095398,True
qb_017378,economic,qb_017378__economic,0.861469,0.8042622208595276,0.6271080374717712,True
qb_017378,political,qb_017378__political,0.82607454,0.8087531328201294,0.6797231435775757,True
qb_007782,external_regulation,qb_007782__external_regulation,0.874727,0.7760258316993713,0.5964143872261047,True
qb_007782,security_and_defense,qb_007782__security_and_defense,0.7869072,0.77183598279953,0.6080467104911804,True
qb_007782,political,qb_007782__political,0.90953594,0.714806079864502,0.666218638420105,True
qb_007782,policy_prescription,qb_007782__policy_prescription,0.8360306,0.746833324432373,0.581127405166626,True
qb_014356,political,qb_014356__political,0.8925885,0.7467647194862366,0.634327232837677,True
qb_014356,policy_prescription,qb_014356__policy_prescription,0.77896196,0.7378168106079102,0.6176556348800659,True
qb_014356,legality_constitutionality,qb_014356__legality_constitutionality,0.81200826,0.7420195937156677,0.6101844906806946,True
qb_014356,morality,qb_014356__morality,0.85848635,0.7569680213928223,0.6402543783187866,True
qb_017576,political,qb_017576__political,0.8608804,0.8520016074180603,0.6160445809364319,True
qb_017576,economic,qb_017576__economic,0.8593352,0.8103134632110596,0.6482911705970764,True
qb_017576,capacity_and_resources,qb_017576__capacity_and_resources,0.8011392,0.8131359815597534,0.6059587001800537,True
qb_000053,economic,qb_000053__economic,0.88019264,0.755369246006012,0.6019023656845093,True
qb_000053,policy_prescription,qb_000053__policy_prescription,0.87311006,0.794265866279602,0.5946842432022095,True
qb_011392,crime_and_punishment,qb_011392__crime_and_punishment,0.7940637,0.6607990860939026,0.5923738479614258,True
qb_011392,legality_constitutionality,qb_011392__legality_constitutionality,0.7789597,0.7486960291862488,0.6485648155212402,True
qb_011392,political,qb_011392__political,0.89675903,0.6449011564254761,0.6347377300262451,True
qb_011392,morality,qb_011392__morality,0.8121836,0.6863906979560852,0.6000500917434692,True
qb_003955,policy_prescription,qb_003955__policy_prescription,0.8812847,0.7735615372657776,0.5988897085189819,True
qb_003955,economic,qb_003955__economic,0.9026056,0.7937858700752258,0.5948344469070435,True
qb_003955,capacity_and_resources,qb_003955__capacity_and_resources,0.8013754,0.7720916271209717,0.6262785196304321,True
qb_003955,external_regulation,qb_003955__external_regulation,0.8957711,0.763157308101654,0.6127766966819763,True
qb_003955,political,qb_003955__political,0.897434,0.7959119081497192,0.6666196584701538,True
qb_003955,quality_of_life,qb_003955__quality_of_life,0.92568666,0.7998623847961426,0.6280874609947205,True
qb_000416,security_and_defense,qb_000416__security_and_defense,0.8446789,0.7572540044784546,0.6074212789535522,True
qb_000416,external_regulation,qb_000416__external_regulation,0.9075224,0.813225269317627,0.6448413133621216,True
qb_000416,political,qb_000416__political,0.73994875,0.7970589995384216,0.6453765630722046,True
qb_000416,public_sentiment,qb_000416__public_sentiment,0.92853546,0.7641111612319946,0.6551831960678101,True
qb_000416,policy_prescription,qb_000416__policy_prescription,0.88833344,0.8069330453872681,0.644697368144989,True
qb_000416,capacity_and_resources,qb_000416__capacity_and_resources,0.84774923,0.7691937685012817,0.6355908513069153,True
qb_001238,political,qb_001238__political,0.8286017,0.8303266167640686,0.6265013813972473,True
qb_001238,legality_constitutionality,qb_001238__legality_constitutionality,0.8195434,0.6858940124511719,0.66670161485672,True
qb_001238,public_sentiment,qb_001238__public_sentiment,0.8416023,0.7293877601623535,0.6275683045387268,True
qb_003525,economic,qb_003525__economic,0.9386968,0.8353720307350159,0.6450292468070984,True
qb_003525,external_regulation,qb_003525__external_regulation,0.92935675,0.8560062050819397,0.5761845707893372,True
qb_003525,policy_prescription,qb_003525__policy_prescription,0.81949544,0.7812687754631042,0.6266538500785828,True
qb_003525,political,qb_003525__political,0.85798705,0.7869142889976501,0.7129037976264954,True
qb_018916,political,qb_018916__political,0.9065512,0.6487427949905396,0.6647585034370422,True
qb_018916,legality_constitutionality,qb_018916__legality_constitutionality,0.8181374,0.7166554927825928,0.6205151677131653,True
qb_018916,policy_prescription,qb_018916__policy_prescription,0.8235903,0.7233337163925171,0.6659356355667114,True
qb_000742,external_regulation,qb_000742__external_regulation,0.85889614,0.8639364838600159,0.6635111570358276,True
qb_000742,public_sentiment,qb_000742__public_sentiment,0.8416419,0.7803106307983398,0.6807911992073059,True
qb_000742,political,qb_000742__political,0.89941543,0.7920334935188293,0.700781524181366,True
qb_000742,capacity_and_resources,qb_000742__capacity_and_resources,0.8447724,0.7692224383354187,0.6719434857368469,True
qb_014434,economic,qb_014434__economic,0.7849639,0.7808437347412109,0.6252745985984802,True
qb_014434,health_and_safety,qb_014434__health_and_safety,0.7795079,0.7211021780967712,0.5920785069465637,True
qb_014434,policy_prescription,qb_014434__policy_prescription,0.6883938,0.647625744342804,0.6020621061325073,True
qb_014434,quality_of_life,qb_014434__quality_of_life,0.76087236,0.7128170132637024,0.5992603302001953,True
qb_014970,political,qb_014970__political,0.88699967,0.8634253144264221,0.607424795627594,True
qb_014970,policy_prescription,qb_014970__policy_prescription,0.8060812,0.7818993330001831,0.5907033681869507,True
qb_014970,economic,qb_014970__economic,0.9243876,0.864794135093689,0.6326032876968384,True
qb_014970,security_and_defense,qb_014970__security_and_defense,0.9293958,0.8670134544372559,0.6077471375465393,True
qb_014970,public_sentiment,qb_014970__public_sentiment,0.8837835,0.8260066509246826,0.6485096216201782,True
qb_016146,health_and_safety,qb_016146__health_and_safety,0.8058915,0.8341808915138245,0.63053959608078,True
qb_016146,policy_prescription,qb_016146__policy_prescription,0.80017555,0.7613769769668579,0.6514967083930969,True
qb_016146,political,qb_016146__political,0.8708428,0.7852494716644287,0.6828762888908386,True
qb_000282,economic,qb_000282__economic,0.8385231,0.7801138162612915,0.638360321521759,True
qb_000282,political,qb_000282__political,0.9069359,0.7357603907585144,0.6402974128723145,True
qb_000282,public_sentiment,qb_000282__public_sentiment,0.80751956,0.7568882703781128,0.6383470296859741,True
qb_003722,legality_constitutionality,qb_003722__legality_constitutionality,0.79831105,0.7671473026275635,0.6374944448471069,True
qb_003722,political,qb_003722__political,0.77417856,0.7045202255249023,0.6309643983840942,True
qb_003722,public_sentiment,qb_003722__public_sentiment,0.8543191,0.7247357964515686,0.6358829736709595,True
qb_020553,legality_constitutionality,qb_020553__legality_constitutionality,0.89236563,0.7707223892211914,0.622178852558136,True
qb_020553,public_sentiment,qb_020553__public_sentiment,0.8224615,0.7289401292800903,0.6388977766036987,True
qb_020553,policy_prescription,qb_020553__policy_prescription,0.7760506,0.7568317651748657,0.6424493789672852,True
qb_020553,political,qb_020553__political,0.8101276,0.7663910388946533,0.6455453634262085,True
qb_020553,security_and_defense,qb_020553__security_and_defense,0.8142418,0.7394410371780396,0.5982576608657837,True
qb_020499,legality_constitutionality,qb_020499__legality_constitutionality,0.9523721,0.9425692558288574,0.6019248366355896,True
qb_020499,health_and_safety,qb_020499__health_and_safety,0.90543175,0.7478788495063782,0.5924056768417358,True
qb_020499,public_sentiment,qb_020499__public_sentiment,0.8394985,0.7364038825035095,0.6676624417304993,True
qb_020499,capacity_and_resources,qb_020499__capacity_and_resources,0.86745846,0.7469649314880371,0.5789390206336975,True
qb_020108,morality,qb_020108__morality,0.9017296,0.7510476112365723,0.6262456178665161,True
qb_020108,crime_and_punishment,qb_020108__crime_and_punishment,0.8272868,0.7853548526763916,0.6533099412918091,True
qb_006450,economic,qb_006450__economic,0.8555039,0.8019342422485352,0.595399796962738,True
qb_006450,public_sentiment,qb_006450__public_sentiment,0.8623455,0.8016815185546875,0.6256502270698547,True
qb_006450,quality_of_life,qb_006450__quality_of_life,0.97540295,0.7978073358535767,0.6116124391555786,True
qb_010779,policy_prescription,qb_010779__policy_prescription,0.75341696,0.6976389288902283,0.611194908618927,True
qb_010779,health_and_safety,qb_010779__health_and_safety,0.8669056,0.629893958568573,0.6339226365089417,True
qb_010779,political,qb_010779__political,0.8745417,0.7375730276107788,0.6392568349838257,True
qb_010779,public_sentiment,qb_010779__public_sentiment,0.77473986,0.7519028782844543,0.7337837219238281,True
qb_010779,morality,qb_010779__morality,0.81380093,0.7571722269058228,0.6387026906013489,True
qb_007860,political,qb_007860__political,0.8572454,0.7833815813064575,0.667241096496582,True
qb_007860,crime_and_punishment,qb_007860__crime_and_punishment,0.87576824,0.7481664419174194,0.6251090168952942,True
qb_007860,security_and_defense,qb_007860__security_and_defense,0.8767018,0.7810384631156921,0.6410088539123535,True
qb_007860,legality_constitutionality,qb_007860__legality_constitutionality,0.802501,0.7065932750701904,0.6397555470466614,True
qb_007860,morality,qb_007860__morality,0.81092054,0.7762436866760254,0.6199733018875122,True
qb_009513,security_and_defense,qb_009513__security_and_defense,0.82274795,0.7939308285713196,0.5885723233222961,True
qb_009513,external_regulation,qb_009513__external_regulation,0.7803718,0.699536919593811,0.5505867600440979,True
qb_009513,political,qb_009513__political,0.8563017,0.7611221075057983,0.6294915080070496,True
qb_009513,capacity_and_resources,qb_009513__capacity_and_resources,0.869328,0.7909127473831177,0.6180890798568726,True
qb_009513,economic,qb_009513__economic,0.8840859,0.7688838839530945,0.6072992086410522,True
qb_014515,political,qb_014515__political,0.9309608,0.8498826026916504,0.6467248797416687,True
qb_014515,legality_constitutionality,qb_014515__legality_constitutionality,0.91966,0.8761582970619202,0.6416714787483215,True
qb_019895,policy_prescription,qb_019895__policy_prescription,0.9201714,0.8159465789794922,0.6335344910621643,True
qb_019895,legality_constitutionality,qb_019895__legality_constitutionality,0.83729166,0.7715957164764404,0.6505670547485352,True
qb_019895,political,qb_019895__political,0.9283863,0.7621709704399109,0.6456543803215027,True
qb_019895,security_and_defense,qb_019895__security_and_defense,0.9451931,0.7969366908073425,0.6092614531517029,True
qb_019895,external_regulation,qb_019895__external_regulation,0.9000889,0.817582905292511,0.6747793555259705,True
qb_019895,economic,qb_019895__economic,0.84623206,0.7378056645393372,0.6369026303291321,True
qb_007371,policy_prescription,qb_007371__policy_prescription,0.9109342,0.8261280059814453,0.6605503559112549,True
qb_007371,legality_constitutionality,qb_007371__legality_constitutionality,0.87015015,0.7824145555496216,0.6417385339736938,True
qb_007371,security_and_defense,qb_007371__security_and_defense,0.88456845,0.7644622921943665,0.6096416711807251,True
qb_007371,health_and_safety,qb_007371__health_and_safety,0.8547745,0.7755207419395447,0.6304827928543091,True
qb_007371,political,qb_007371__political,0.89020914,0.7756497859954834,0.6587508320808411,True
qb_004939,political,qb_004939__political,0.8614794,0.7722004652023315,0.6738044619560242,True
qb_004939,public_sentiment,qb_004939__public_sentiment,0.8733942,0.7215440273284912,0.6718786954879761,True
qb_004939,cultural_identity,qb_004939__cultural_identity,0.8384242,0.6773591041564941,0.6226785778999329,True
qb_020966,legality_constitutionality,qb_020966__legality_constitutionality,0.8369322,0.7632555365562439,0.6248885989189148,True
qb_020966,policy_prescription,qb_020966__policy_prescription,0.810571,0.7629590034484863,0.6373658180236816,True
qb_020966,public_sentiment,qb_020966__public_sentiment,0.9090789,0.7856115698814392,0.6357511281967163,True
qb_020966,security_and_defense,qb_020966__security_and_defense,0.9033737,0.7625921368598938,0.6460099220275879,True
qb_014146,economic,qb_014146__economic,0.86505073,0.825364351272583,0.6241422295570374,True
qb_014146,external_regulation,qb_014146__external_regulation,0.868513,0.801762580871582,0.6168591976165771,True
qb_014146,policy_prescription,qb_014146__policy_prescription,0.78759825,0.7160428166389465,0.6676689982414246,True
qb_014146,political,qb_014146__political,0.8420534,0.7655614018440247,0.624626636505127,True
qb_014607,economic,qb_014607__economic,0.8362655,0.702923059463501,0.6230255961418152,True
qb_014607,public_sentiment,qb_014607__public_sentiment,0.85014665,0.7999280095100403,0.5809561014175415,True
qb_011436,economic,qb_011436__economic,0.88232505,0.8211826682090759,0.6231603622436523,True
qb_011436,policy_prescription,qb_011436__policy_prescription,0.8054018,0.754657506942749,0.5872393846511841,True
qb_011436,fairness_and_equality,qb_011436__fairness_and_equality,0.90314054,0.8518447875976562,0.6061241030693054,True
qb_011436,capacity_and_resources,qb_011436__capacity_and_resources,0.81321037,0.7814205288887024,0.5811337232589722,True
qb_005652,crime_and_punishment,qb_005652__crime_and_punishment,0.8142608,0.6699989438056946,0.6007797718048096,True
qb_005652,public_sentiment,qb_005652__public_sentiment,0.83812904,0.6653223633766174,0.609249472618103,True
qb_005652,security_and_defense,qb_005652__security_and_defense,0.7353321,0.7468822598457336,0.5962053537368774,True
qb_005652,health_and_safety,qb_005652__health_and_safety,0.80863214,0.7305065989494324,0.6353625655174255,True
qb_000759,political,qb_000759__political,0.8280075,0.7484609484672546,0.6747951507568359,True
qb_000759,crime_and_punishment,qb_000759__crime_and_punishment,0.91711843,0.7031300067901611,0.5820480585098267,True
qb_014439,political,qb_014439__political,0.89269996,0.7807027101516724,0.6589988470077515,True
qb_014439,public_sentiment,qb_014439__public_sentiment,0.8230613,0.7557015419006348,0.5957322716712952,True
qb_007161,political,qb_007161__political,0.9028477,0.7930059432983398,0.6261440515518188,True
qb_007161,external_regulation,qb_007161__external_regulation,0.939522,0.7901191711425781,0.6211384534835815,True
qb_007161,policy_prescription,qb_007161__policy_prescription,0.91808975,0.7934988737106323,0.6069740056991577,True
qb_007161,public_sentiment,qb_007161__public_sentiment,0.8836279,0.7678644061088562,0.6262215375900269,True
qb_007161,legality_constitutionality,qb_007161__legality_constitutionality,0.8490441,0.7113415002822876,0.6088584661483765,True
qb_020403,political,qb_020403__political,0.89614046,0.8583424091339111,0.6875692009925842,True
qb_020403,fairness_and_equality,qb_020403__fairness_and_equality,0.89525974,0.8341293334960938,0.6596766710281372,True
qb_020403,public_sentiment,qb_020403__public_sentiment,0.86417556,0.8277307152748108,0.6663574576377869,True
qb_020403,cultural_identity,qb_020403__cultural_identity,0.8894179,0.8640297055244446,0.6668068170547485,True
qb_021441,security_and_defense,qb_021441__security_and_defense,0.90232384,0.8441304564476013,0.6439120173454285,True
qb_021441,external_regulation,qb_021441__external_regulation,0.8502055,0.853760302066803,0.6414893865585327,True
qb_021441,policy_prescription,qb_021441__policy_prescription,0.87447643,0.8006249070167542,0.6725228428840637,True
qb_021441,cultural_identity,qb_021441__cultural_identity,0.8259697,0.7700158953666687,0.6256507039070129,True
qb_000909,health_and_safety,qb_000909__health_and_safety,0.7955375,0.7686126828193665,0.6614819169044495,True
qb_000909,capacity_and_resources,qb_000909__capacity_and_resources,0.8305126,0.7438772320747375,0.6192178130149841,True
qb_000909,policy_prescription,qb_000909__policy_prescription,0.8649044,0.7228293418884277,0.6485000848770142,True
qb_000909,public_sentiment,qb_000909__public_sentiment,0.82374305,0.7368245720863342,0.6263896822929382,True
qb_012147,security_and_defense,qb_012147__security_and_defense,0.9470137,0.8179609775543213,0.572851300239563,True
qb_012147,political,qb_012147__political,0.8769586,0.7548635005950928,0.664678692817688,True
qb_012147,external_regulation,qb_012147__external_regulation,0.8825476,0.894490122795105,0.607340395450592,True
qb_012147,policy_prescription,qb_012147__policy_prescription,0.9153906,0.8203977346420288,0.6094080209732056,True
qb_012147,capacity_and_resources,qb_012147__capacity_and_resources,0.8875485,0.8547629117965698,0.5858970880508423,True
qb_002761,political,qb_002761__political,0.8776983,0.8100889921188354,0.6311382055282593,True
qb_002761,legality_constitutionality,qb_002761__legality_constitutionality,0.890214,0.7848750352859497,0.5966116189956665,True
qb_002761,crime_and_punishment,qb_002761__crime_and_punishment,0.87695146,0.8774887919425964,0.6275238394737244,True
qb_002761,security_and_defense,qb_002761__security_and_defense,0.89227855,0.7932528853416443,0.64423006772995,True
qb_002761,public_sentiment,qb_002761__public_sentiment,0.91352564,0.7768568992614746,0.6718322038650513,True
qb_004144,legality_constitutionality,qb_004144__legality_constitutionality,0.80166525,0.7445956468582153,0.6402500867843628,True
qb_004144,political,qb_004144__political,0.8641266,0.8106706142425537,0.67805016040802,True
qb_004144,morality,qb_004144__morality,0.8129207,0.767647385597229,0.6188818216323853,True
qb_011629,legality_constitutionality,qb_011629__legality_constitutionality,0.7777263,0.7454404830932617,0.6329029202461243,True
qb_011629,crime_and_punishment,qb_011629__crime_and_punishment,0.8045398,0.7506954073905945,0.5617934465408325,True
qb_011629,health_and_safety,qb_011629__health_and_safety,0.8080335,0.7200196981430054,0.6426969170570374,True
qb_006677,crime_and_punishment,qb_006677__crime_and_punishment,0.9049604,0.7136795520782471,0.6265517473220825,True
qb_006677,legality_constitutionality,qb_006677__legality_constitutionality,0.77187216,0.7754448056221008,0.6598172187805176,True
qb_006677,economic,qb_006677__economic,0.82955575,0.6959174275398254,0.6087830662727356,True
qb_006677,public_sentiment,qb_006677__public_sentiment,0.7899519,0.685997486114502,0.6427785158157349,True
qb_014206,legality_constitutionality,qb_014206__legality_constitutionality,0.77097476,0.8058849573135376,0.5820595622062683,True
qb_014206,crime_and_punishment,qb_014206__crime_and_punishment,0.847213,0.8314121961593628,0.6320533156394958,True
qb_014206,public_sentiment,qb_014206__public_sentiment,0.8183856,0.740703821182251,0.6038920283317566,True
qb_014206,cultural_identity,qb_014206__cultural_identity,0.8449685,0.7072976231575012,0.612166166305542,True
qb_014206,fairness_and_equality,qb_014206__fairness_and_equality,0.87257296,0.7686367034912109,0.5933238863945007,True
qb_014206,morality,qb_014206__morality,0.83954275,0.775015652179718,0.629269540309906,True
qb_020271,policy_prescription,qb_020271__policy_prescription,0.84837747,0.7965270280838013,0.6476392149925232,True
qb_020271,crime_and_punishment,qb_020271__crime_and_punishment,0.8125505,0.8404995203018188,0.6294271349906921,True
qb_020271,security_and_defense,qb_020271__security_and_defense,0.8238013,0.7725628018379211,0.6234897375106812,True
qb_020271,political,qb_020271__political,0.8858216,0.7295505404472351,0.6630991697311401,True
qb_020271,capacity_and_resources,qb_020271__capacity_and_resources,0.8776829,0.8681639432907104,0.6309226751327515,True
qb_009156,security_and_defense,qb_009156__security_and_defense,0.9189432,0.8470160961151123,0.6789627075195312,True
qb_009156,health_and_safety,qb_009156__health_and_safety,0.80393577,0.763817548751831,0.6318134069442749,True
qb_009156,external_regulation,qb_009156__external_regulation,0.8925847,0.7966041564941406,0.5981664657592773,True
