article_id,frame,cell_key,within_cell,within_article_cross_frame,cross_article,has_sibling
qb_003272,legality_constitutionality,qb_003272__legality_constitutionality,0.6013047,0.6208059191703796,0.2869287431240082,True
qb_003272,political,qb_003272__political,0.7385434,0.6043927073478699,0.3294919431209564,True
qb_003272,public_sentiment,qb_003272__public_sentiment,0.70839787,0.5566390156745911,0.3657786548137665,True
qb_003272,crime_and_punishment,qb_003272__crime_and_punishment,0.6992608,0.5921361446380615,0.22215890884399414,True
qb_019519,political,qb_019519__political,0.68775034,0.5476109981536865,0.3014124035835266,True
qb_019519,economic,qb_019519__economic,0.5995175,0.5896206498146057,0.17843669652938843,True
qb_019519,policy_prescription,qb_019519__policy_prescription,0.66323376,0.6782546043395996,0.2801419496536255,True
qb_007772,health_and_safety,qb_007772__health_and_safety,0.64810485,0.6416078805923462,0.2137083262205124,True
qb_007772,public_sentiment,qb_007772__public_sentiment,0.9048561,0.841264009475708,0.207315593957901,True
qb_007772,political,qb_007772__political,0.8321485,0.7860363721847534,0.2570200562477112,True
qb_009703,cultural_identity,qb_009703__cultural_identity,0.81714153,0.4486480951309204,0.1408836841583252,True
qb_009703,public_sentiment,qb_009703__public_sentiment,0.6610201,0.33264586329460144,0.25213247537612915,True
qb_009703,legality_constitutionality,qb_009703__legality_constitutionality,0.6239637,0.3827784061431885,0.20175126194953918,True
qb_009703,political,qb_009703__political,0.7161138,0.5112979412078857,0.23210422694683075,True
qb_008313,policy_prescription,qb_008313__policy_prescription,0.7435075,0.5715157985687256,0.18890142440795898,True
qb_008313,political,qb_008313__political,0.680691,0.5286211967468262,0.22397713363170624,True
qb_008313,public_sentiment,qb_008313__public_sentiment,0.85782015,0.5750412940979004,0.2551003694534302,True
qb_021261,security_and_defense,qb_021261__security_and_defense,0.7420564,0.6755430698394775,0.2040872573852539,True
qb_021261,external_regulation,qb_021261__external_regulation,0.8277458,0.6017434000968933,0.2135823667049408,True
qb_021261,political,qb_021261__political,0.8412709,0.6887131333351135,0.212842658162117,True
qb_021261,capacity_and_resources,qb_021261__capacity_and_resources,0.655839,0.560495138168335,0.19245712459087372,True
qb_021261,health_and_safety,qb_021261__health_and_safety,0.84279764,0.5169747471809387,0.15847128629684448,True
qb_019453,legality_constitutionality,qb_019453__legality_constitutionality,0.76688564,0.6716670989990234,0.18633471429347992,True
qb_019453,political,qb_019453__political,0.73635805,0.6495815515518188,0.25215616822242737,True
qb_020192,legality_constitutionality,qb_020192__legality_constitutionality,0.7484167,0.6539557576179504,0.1698281317949295,True
qb_020192,political,qb_020192__political,0.59747636,0.5182841420173645,0.3278486132621765,True
qb_020192,cultural_identity,qb_020192__cultural_identity,0.86094505,0.5958540439605713,0.1564491242170334,True
qb_020192,fairness_and_equality,qb_020192__fairness_and_equality,0.7995467,0.5360650420188904,0.19100961089134216,True
qb_017167,political,qb_017167__political,0.82943064,0.5952948331832886,0.21252146363258362,True
qb_017167,public_sentiment,qb_017167__public_sentiment,0.7932209,0.6829659938812256,0.2142469882965088,True
qb_017167,health_and_safety,qb_017167__health_and_safety,0.7732817,0.5569695234298706,0.253264844417572,True
qb_017615,economic,qb_017615__economic,0.804296,0.4691721200942993,0.1692231148481369,True
qb_017615,public_sentiment,qb_017615__public_sentiment,0.58180594,0.5798982977867126,0.1613897681236267,True
qb_003828,legality_constitutionality,qb_003828__legality_constitutionality,0.63662446,0.5509248375892639,0.16796372830867767,True
qb_003828,policy_prescription,qb_003828__policy_prescription,0.79231226,0.5664457082748413,0.27473562955856323,True
qb_003828,cultural_identity,qb_003828__cultural_identity,0.8067161,0.6219062209129333,0.22995348274707794,True
qb_003828,political,qb_003828__political,0.71093786,0.4740736186504364,0.3070477843284607,True
qb_003828,fairness_and_equality,qb_003828__fairness_and_equality,0.8135558,0.5718591213226318,0.24327993392944336,True
qb_015003,political,qb_015003__political,0.7155564,0.5194261074066162,0.19200502336025238,True
qb_015003,economic,qb_015003__economic,0.6109132,0.5126105546951294,0.2939002215862274,True
qb_015003,policy_prescription,qb_015003__policy_prescription,0.64618224,0.48352187871932983,0.20349392294883728,True
qb_015003,capacity_and_resources,qb_015003__capacity_and_resources,0.5988369,0.5325656533241272,0.21257691085338593,True
qb_015003,public_sentiment,qb_015003__public_sentiment,0.76351094,0.6359354257583618,0.34878018498420715,True
qb_018511,economic,qb_018511__economic,0.6486361,0.5981598496437073,0.263431191444397,True
qb_018511,policy_prescription,qb_018511__policy_prescription,0.68366146,0.4968584179878235,0.19286899268627167,True
qb_018511,capacity_and_resources,qb_018511__capacity_and_resources,0.53197116,0.5153626203536987,0.28591710329055786,True
qb_001368,cultural_identity,qb_001368__cultural_identity,0.75534594,0.7393856048583984,0.19300515949726105,True
qb_001368,political,qb_001368__political,0.80948806,0.6150760650634766,0.22875872254371643,True
qb_001368,fairness_and_equality,qb_001368__fairness_and_equality,0.83126235,0.6608130931854248,0.17932748794555664,True
qb_001368,morality,qb_001368__morality,0.8001178,0.6984797716140747,0.19176527857780457,True
qb_001368,public_sentiment,qb_001368__public_sentiment,0.89185476,0.7567764520645142,0.2210821807384491,True
qb_011457,economic,qb_011457__economic,0.79346335,0.6911660432815552,0.2509462237358093,True
qb_011457,political,qb_011457__political,0.7938766,0.7887232303619385,0.28073352575302124,True
qb_006925,external_regulation,qb_006925__external_regulation,0.74901235,0.6059226393699646,0.18350961804389954,True
qb_006925,political,qb_006925__political,0.6773283,0.5205190777778625,0.27293696999549866,True
qb_006925,legality_constitutionality,qb_006925__legality_constitutionality,0.76264757,0.595145046710968,0.19466502964496613,True
qb_006925,crime_and_punishment,qb_006925__crime_and_punishment,0.7585084,0.6083949208259583,0.26661089062690735,True
qb_006925,policy_prescription,qb_006925__policy_prescription,0.7812151,0.6326068043708801,0.2862434983253479,True
qb_013655,legality_constitutionality,qb_013655__legality_constitutionality,0.7100917,0.5670635104179382,0.19422148168087006,True
qb_013655,crime_and_punishment,qb_013655__crime_and_punishment,0.7777614,0.5830390453338623,0.21837842464447021,True
qb_013655,political,qb_013655__political,0.7566707,0.6045421361923218,0.21118596196174622,True
qb_001630,policy_prescription,qb_001630__policy_prescription,0.73113847,0.6642650365829468,0.28088638186454773,True
qb_001630,health_and_safety,qb_001630__health_and_safety,0.63158953,0.6435959339141846,0.2722284495830536,True
qb_001630,economic,qb_001630__economic,0.65839756,0.6457144618034363,0.26019376516342163,True
qb_001630,political,qb_001630__political,0.75652647,0.5751880407333374,0.2525534927845001,True
qb_001630,fairness_and_equality,qb_001630__fairness_and_equality,0.771718,0.6353766918182373,0.22156977653503418,True
qb_011948,security_and_defense,qb_011948__security_and_defense,0.63737494,0.65325528383255,0.2953113317489624,True
qb_011948,crime_and_punishment,qb_011948__crime_and_punishment,0.6068491,0.5973904132843018,0.2753910422325134,True
qb_011948,external_regulation,qb_011948__external_regulation,0.83602536,0.6214561462402344,0.2621675133705139,True
qb_011948,legality_constitutionality,qb_011948__legality_constitutionality,0.81924415,0.5471687912940979,0.24537762999534607,True
qb_011948,political,qb_011948__political,0.7695307,0.4790683388710022,0.3070530295372009,True
qb_006606,political,qb_006606__political,0.8100352,0.6274787187576294,0.26831743121147156,True
qb_006606,public_sentiment,qb_006606__public_sentiment,0.8117081,0.5920194387435913,0.24856659770011902,True
qb_006606,capacity_and_resources,qb_006606__capacity_and_resources,0.7775321,0.6145168542861938,0.2604328989982605,True
qb_016127,health_and_safety,qb_016127__health_and_safety,0.65409976,0.5077487230300903,0.1870652586221695,True
qb_016127,policy_prescription,qb_016127__policy_prescription,0.7220173,0.531461238861084,0.2004851996898651,True
qb_016127,political,qb_016127__political,0.75338966,0.6221840381622314,0.23084218800067902,True
qb_019129,policy_prescription,qb_019129__policy_prescription,0.6515467,0.5561985373497009,0.3074301779270172,True
qb_019129,economic,qb_019129__economic,0.56282336,0.6299446225166321,0.20934149622917175,True
qb_019129,quality_of_life,qb_019129__quality_of_life,0.6629684,0.5728151202201843,0.1864118129014969,True
qb_019129,capacity_and_resources,qb_019129__capacity_and_resources,0.61726654,0.5669369101524353,0.18638788163661957,True
qb_007903,legality_constitutionality,qb_007903__legality_constitutionality,0.6284504,0.6329783201217651,0.27004948258399963,True
qb_007903,political,qb_007903__political,0.7496391,0.5841656923294067,0.243353933095932,True
qb_018184,political,qb_018184__political,0.6764159,0.744370698928833,0.2617379426956177,True
qb_018184,fairness_and_equality,qb_018184__fairness_and_equality,0.7597739,0.6992635130882263,0.25572469830513,True
qb_018184,morality,qb_018184__morality,0.87253296,0.756098210811615,0.23018009960651398,True
qb_012949,legality_constitutionality,qb_012949__legality_constitutionality,0.712948,0.5633527040481567,0.19924800097942352,True
qb_012949,economic,qb_012949__economic,0.76135707,0.5607548356056213,0.19424964487552643,True
qb_004499,political,qb_004499__political,0.877364,0.7704036235809326,0.26279935240745544,True
qb_004499,public_sentiment,qb_004499__public_sentiment,0.9157684,0.8160605430603027,0.24008433520793915,True
qb_020948,health_and_safety,qb_020948__health_and_safety,0.71617746,0.6354052424430847,0.20211224257946014,True
qb_020948,capacity_and_resources,qb_020948__capacity_and_resources,0.686377,0.5652403235435486,0.24534077942371368,True
qb_020948,policy_prescription,qb_020948__policy_prescription,0.7113277,0.670362114906311,0.20956364274024963,True
qb_020948,economic,qb_020948__economic,0.6507571,0.6002749800682068,0.21013882756233215,True
qb_020948,public_sentiment,qb_020948__public_sentiment,0.851112,0.575872540473938,0.2061212807893753,True
qb_020948,fairness_and_equality,qb_020948__fairness_and_equality,0.70860934,0.5709549784660339,0.2089935541152954,True
qb_020948,political,qb_020948__political,0.7720734,0.6681419610977173,0.2588942050933838,True
qb_017303,political,qb_017303__political,0.79635966,0.6098021864891052,0.3129619359970093,True
qb_017303,public_sentiment,qb_017303__public_sentiment,0.68994105,0.6008356809616089,0.2893398404121399,True
qb_001971,political,qb_001971__political,0.6540214,0.7016487121582031,0.24592895805835724,True
qb_001971,public_sentiment,qb_001971__public_sentiment,0.66530776,0.671944260597229,0.1979203224182129,True
qb_006315,health_and_safety,qb_006315__health_and_safety,0.7538177,0.619737446308136,0.19374756515026093,True
qb_006315,policy_prescription,qb_006315__policy_prescription,0.7588121,0.5060125589370728,0.2213912457227707,True
qb_006315,crime_and_punishment,qb_006315__crime_and_punishment,0.8075601,0.5548972487449646,0.22714178264141083,True
qb_006315,public_sentiment,qb_006315__public_sentiment,0.74732554,0.5908387899398804,0.2005929946899414,True
qb_006315,capacity_and_resources,qb_006315__capacity_and_resources,0.83239365,0.6915327310562134,0.20169559121131897,True
qb_006315,morality,qb_006315__morality,0.6959363,0.5866472721099854,0.20896735787391663,True
qb_006315,political,qb_006315__political,0.640401,0.5667215585708618,0.2632428705692291,True
qb_006315,cultural_identity,qb_006315__cultural_identity,0.7878176,0.5593258738517761,0.26786503195762634,True
qb_016595,economic,qb_016595__economic,0.7720958,0.5962042808532715,0.2297077625989914,True
qb_016595,policy_prescription,qb_016595__policy_prescription,0.8764941,0.7954283952713013,0.20425471663475037,True
qb_016595,political,qb_016595__political,0.74611866,0.6023743152618408,0.19150888919830322,True
qb_016391,political,qb_016391__political,0.8243631,0.6085512638092041,0.222549706697464,True
qb_016391,legality_constitutionality,qb_016391__legality_constitutionality,0.77366316,0.6435648202896118,0.2850216031074524,True
qb_016391,policy_prescription,qb_016391__policy_prescription,0.679749,0.6539163589477539,0.2713478207588196,True
qb_016391,crime_and_punishment,qb_016391__crime_and_punishment,0.85983956,0.7017266750335693,0.24208442866802216,True
qb_016391,morality,qb_016391__morality,0.90922284,0.6332906484603882,0.2672060430049896,True
qb_005134,capacity_and_resources,qb_005134__capacity_and_resources,0.73785627,0.5485381484031677,0.24372701346874237,True
qb_005134,health_and_safety,qb_005134__health_and_safety,0.62317586,0.5972340703010559,0.21091847121715546,True
qb_005134,economic,qb_005134__economic,0.69945335,0.6460853815078735,0.24542522430419922,True
qb_005134,political,qb_005134__political,0.83977246,0.7162017822265625,0.2500763535499573,True
qb_011008,crime_and_punishment,qb_011008__crime_and_punishment,0.6710404,0.5245611071586609,0.2155645340681076,True
qb_011008,political,qb_011008__political,0.7339281,0.6497177481651306,0.28767237067222595,True
qb_011008,external_regulation,qb_011008__external_regulation,0.7152937,0.5828144550323486,0.2728499472141266,True
qb_011008,public_sentiment,qb_011008__public_sentiment,0.8138355,0.5810386538505554,0.22725620865821838,True
qb_020841,policy_prescription,qb_020841__policy_prescription,0.7641052,0.6831220388412476,0.21214215457439423,True
qb_020841,security_and_defense,qb_020841__security_and_defense,0.79758656,0.6996003985404968,0.24408170580863953,True
qb_020841,political,qb_020841__political,0.6925279,0.6930516958236694,0.3217744827270508,True
qb_011204,external_regulation,qb_011204__external_regulation,0.6975343,0.5413017868995667,0.23489227890968323,True
qb_011204,political,qb_011204__political,0.5943841,0.5543349981307983,0.20846323668956757,True
qb_011204,public_sentiment,qb_011204__public_sentiment,0.80544794,0.492143452167511,0.1720358431339264,True
qb_011204,security_and_defense,qb_011204__security_and_defense,0.72734326,0.574586808681488,0.2261248528957367,True
qb_011204,legality_constitutionality,qb_011204__legality_constitutionality,0.63083947,0.4452151656150818,0.19041335582733154,True
qb_007007,legality_constitutionality,qb_007007__legality_constitutionality,0.6890998,0.7292088866233826,0.20784106850624084,True
qb_007007,political,qb_007007__political,0.80378515,0.6626554727554321,0.2902275323867798,True
qb_007007,crime_and_punishment,qb_007007__crime_and_punishment,0.81399745,0.7461668252944946,0.20394623279571533,True
qb_019524,political,qb_019524__political,0.6727488,0.6628943085670471,0.2588048577308655,True
qb_019524,economic,qb_019524__economic,0.70102805,0.4481675326824188,0.2131296694278717,True
qb_019524,policy_prescription,qb_019524__policy_prescription,0.68372434,0.6150965094566345,0.25765514373779297,True
qb_019524,fairness_and_equality,qb_019524__fairness_and_equality,0.7349726,0.6626421809196472,0.19981977343559265,True
qb_009516,policy_prescription,qb_009516__policy_prescription,0.74465984,0.7435886263847351,0.17849895358085632,True
qb_009516,economic,qb_009516__economic,0.6968871,0.7630311250686646,0.2290259301662445,True
qb_009065,political,qb_009065__political,0.6518918,0.5591270327568054,0.27039188146591187,True
qb_009065,policy_prescription,qb_009065__policy_prescription,0.70603263,0.6415672302246094,0.2155226469039917,True
qb_009065,economic,qb_009065__economic,0.5805782,0.5549866557121277,0.2757345736026764,True
qb_009065,security_and_defense,qb_009065__security_and_defense,0.84469616,0.5900648236274719,0.2661316990852356,True
qb_012660,health_and_safety,qb_012660__health_and_safety,0.7261157,0.7386850714683533,0.18947842717170715,True
qb_012660,political,qb_012660__political,0.65563095,0.6164475083351135,0.2086144983768463,True
qb_012660,capacity_and_resources,qb_012660__capacity_and_resources,0.8387692,0.663899838924408,0.21226462721824646,True
qb_012660,public_sentiment,qb_012660__public_sentiment,0.7971283,0.67986661195755,0.31513768434524536,True
qb_011647,health_and_safety,qb_011647__health_and_safety,0.7709335,0.5648658871650696,0.13586607575416565,True
qb_011647,capacity_and_resources,qb_011647__capacity_and_resources,0.72314495,0.6381323933601379,0.20633232593536377,True
qb_011647,economic,qb_011647__economic,0.8322736,0.6356002688407898,0.28899455070495605,True
qb_011647,political,qb_011647__political,0.8325517,0.5287995934486389,0.27979665994644165,True
qb_013083,public_sentiment,qb_013083__public_sentiment,0.7778932,0.6907941699028015,0.3179319202899933,True
qb_013083,political,qb_013083__political,0.78175825,0.5112901329994202,0.19404473900794983,True
qb_013083,security_and_defense,qb_013083__security_and_defense,0.74130607,0.7248796224594116,0.32819682359695435,True
qb_013083,policy_prescription,qb_013083__policy_prescription,0.7098663,0.5166206955909729,0.2648404538631439,True
qb_013083,economic,qb_013083__economic,0.7436979,0.6315420866012573,0.2438477724790573,True
qb_004334,health_and_safety,qb_004334__health_and_safety,0.6783368,0.581371009349823,0.15773965418338776,True
qb_004334,legality_constitutionality,qb_004334__legality_constitutionality,0.72428286,0.5658305287361145,0.2594333291053772,True
qb_004334,capacity_and_resources,qb_004334__capacity_and_resources,0.71297085,0.544360339641571,0.18198351562023163,True
qb_004334,political,qb_004334__political,0.7377629,0.5703685283660889,0.3107708990573883,True
qb_004336,economic,qb_004336__economic,0.67463046,0.5965298414230347,0.15213270485401154,True
qb_004336,quality_of_life,qb_004336__quality_of_life,0.72880733,0.4475557804107666,0.17122043669223785,True
qb_004336,political,qb_004336__political,0.65605354,0.6468062400817871,0.21317200362682343,True
qb_004336,policy_prescription,qb_004336__policy_prescription,0.55874294,0.6175628900527954,0.20047497749328613,True
qb_004336,public_sentiment,qb_004336__public_sentiment,0.85634726,0.5432700514793396,0.1653774082660675,True
qb_011836,political,qb_011836__political,0.92445,0.7408592700958252,0.27169269323349,True
qb_011836,capacity_and_resources,qb_011836__capacity_and_resources,0.79377097,0.8116528987884521,0.29019737243652344,True
qb_006904,legality_constitutionality,qb_006904__legality_constitutionality,0.75484616,0.6992520093917847,0.24898624420166016,True
qb_006904,political,qb_006904__political,0.81719136,0.5328471660614014,0.3185141086578369,True
qb_006904,crime_and_punishment,qb_006904__crime_and_punishment,0.7617641,0.5537343621253967,0.23197774589061737,True
qb_016434,legality_constitutionality,qb_016434__legality_constitutionality,0.74441886,0.5705100297927856,0.18266944587230682,True
qb_016434,health_and_safety,qb_016434__health_and_safety,0.7121074,0.661636233329773,0.16954515874385834,True
qb_016434,capacity_and_resources,qb_016434__capacity_and_resources,0.6782798,0.5950141549110413,0.19496965408325195,True
qb_016434,political,qb_016434__political,0.8094313,0.5486525297164917,0.20868830382823944,True
qb_016434,policy_prescription,qb_016434__policy_prescription,0.71094835,0.6606380343437195,0.2823455035686493,True
qb_016434,public_sentiment,qb_016434__public_sentiment,0.79264915,0.5944580435752869,0.285197913646698,True
qb_020995,political,qb_020995__political,0.697319,0.6216996908187866,0.2622215747833252,True
qb_020995,health_and_safety,qb_020995__health_and_safety,0.722308,0.4926060140132904,0.15424683690071106,True
qb_020995,economic,qb_020995__economic,0.70190823,0.6461336612701416,0.21608570218086243,True
qb_020995,capacity_and_resources,qb_020995__capacity_and_resources,0.7852601,0.645431637763977,0.2145281285047531,True
qb_020995,policy_prescription,qb_020995__policy_prescription,0.6957654,0.6666212677955627,0.2234765589237213,True
qb_006562,political,qb_006562__political,0.6311591,0.4029109477996826,0.2830716073513031,True
qb_006562,public_sentiment,qb_006562__public_sentiment,0.8353924,0.6181250214576721,0.29702669382095337,True
qb_006562,security_and_defense,qb_006562__security_and_defense,0.65822583,0.6228342652320862,0.25381627678871155,True
qb_006562,crime_and_punishment,qb_006562__crime_and_punishment,0.6880807,0.5284783840179443,0.31684017181396484,True
qb_006562,morality,qb_006562__morality,0.68137497,0.5015702843666077,0.2982519268989563,True
qb_020238,health_and_safety,qb_020238__health_and_safety,0.6021533,0.50626540184021,0.22159183025360107,True
qb_020238,capacity_and_resources,qb_020238__capacity_and_resources,0.7182053,0.4762907326221466,0.24394650757312775,True
qb_020238,public_sentiment,qb_020238__public_sentiment,0.8997925,0.5758706331253052,0.28383108973503113,True
qb_015506,political,qb_015506__political,0.7400565,0.49164384603500366,0.2999410629272461,True
qb_015506,public_sentiment,qb_015506__public_sentiment,0.6975348,0.5192580819129944,0.27852195501327515,True
qb_015506,economic,qb_015506__economic,0.69303346,0.46568137407302856,0.24552622437477112,True
qb_012587,legality_constitutionality,qb_012587__legality_constitutionality,0.597921,0.4315735697746277,0.21896786987781525,True
qb_012587,political,qb_012587__political,0.73477364,0.5002733469009399,0.20690461993217468,True
qb_012587,policy_prescription,qb_012587__policy_prescription,0.7640669,0.490487277507782,0.21962277591228485,True
qb_012587,public_sentiment,qb_012587__public_sentiment,0.76468974,0.45845645666122437,0.2393903285264969,True
qb_012587,fairness_and_equality,qb_012587__fairness_and_equality,0.66946,0.49744582176208496,0.23920610547065735,True
qb_008348,political,qb_008348__political,0.6197187,0.4260944128036499,0.21927781403064728,True
qb_008348,economic,qb_008348__economic,0.5970986,0.5634817481040955,0.2212006151676178,True
qb_005116,political,qb_005116__political,0.63150567,0.5810843706130981,0.28356701135635376,True
qb_005116,cultural_identity,qb_005116__cultural_identity,0.8721963,0.5600688457489014,0.22125311195850372,True
qb_005116,public_sentiment,qb_005116__public_sentiment,0.7011969,0.6573014855384827,0.23509064316749573,True
qb_021425,legality_constitutionality,qb_021425__legality_constitutionality,0.72074,0.7465353012084961,0.19791948795318604,True
qb_021425,political,qb_021425__political,0.7229579,0.6723613739013672,0.3026544451713562,True
qb_021425,crime_and_punishment,qb_021425__crime_and_punishment,0.75198364,0.7066563367843628,0.23199212551116943,True
qb_016625,cultural_identity,qb_016625__cultural_identity,0.8426424,0.7021132707595825,0.183284729719162,True
qb_016625,fairness_and_equality,qb_016625__fairness_and_equality,0.8803022,0.6614660024642944,0.14286959171295166,True
qb_016625,political,qb_016625__political,0.8268458,0.6992769241333008,0.20944729447364807,True
qb_019547,public_sentiment,qb_019547__public_sentiment,0.6588141,0.487459272146225,0.21415576338768005,True
qb_019547,morality,qb_019547__morality,0.7409465,0.37262678146362305,0.2382650375366211,True
qb_001031,political,qb_001031__political,0.7732038,0.5517520308494568,0.21520093083381653,True
qb_001031,policy_prescription,qb_001031__policy_prescription,0.7466795,0.5234108567237854,0.2406144142150879,True
qb_015567,health_and_safety,qb_015567__health_and_safety,0.65100354,0.5958907604217529,0.24681350588798523,True
qb_015567,capacity_and_resources,qb_015567__capacity_and_resources,0.7226554,0.5917561054229736,0.2074405699968338,True
qb_015567,public_sentiment,qb_015567__public_sentiment,0.5987021,0.5565378665924072,0.27775222063064575,True
qb_015567,political,qb_015567__political,0.6716749,0.5948179960250854,0.2653043866157532,True
qb_015567,economic,qb_015567__economic,0.70598245,0.5077589154243469,0.189255490899086,True
qb_015567,policy_prescription,qb_015567__policy_prescription,0.5974671,0.555450975894928,0.2043691873550415,True
qb_015056,legality_constitutionality,qb_015056__legality_constitutionality,0.7667196,0.7791792154312134,0.2116057574748993,True
qb_015056,political,qb_015056__political,0.78819466,0.6430728435516357,0.27080291509628296,True
qb_015056,crime_and_punishment,qb_015056__crime_and_punishment,0.8122126,0.7371684312820435,0.2444552630186081,True
qb_018222,health_and_safety,qb_018222__health_and_safety,0.69980943,0.7237701416015625,0.22515065968036652,True
qb_018222,policy_prescription,qb_018222__policy_prescription,0.6971639,0.7093045711517334,0.15899495780467987,True
qb_013463,security_and_defense,qb_013463__security_and_defense,0.76982486,0.7530014514923096,0.2060435712337494,True
qb_013463,capacity_and_resources,qb_013463__capacity_and_resources,0.83760774,0.7408193945884705,0.20731374621391296,True
qb_013463,morality,qb_013463__morality,0.9055315,0.6534914970397949,0.18888448178768158,True
qb_006160,political,qb_006160__political,0.60872924,0.5054351687431335,0.2555457353591919,True
qb_006160,public_sentiment,qb_006160__public_sentiment,0.748864,0.5474327802658081,0.24057237803936005,True
qb_014211,health_and_safety,qb_014211__health_and_safety,0.61710614,0.427829384803772,0.13188956677913666,True
qb_014211,other,qb_014211__other,0.776632,0.5509634613990784,0.15038380026817322,True
qb_015046,political,qb_015046__political,0.8573234,0.5352967977523804,0.30985933542251587,True
qb_015046,policy_prescription,qb_015046__policy_prescription,0.65333945,0.6311134099960327,0.26380831003189087,True
qb_015046,health_and_safety,qb_015046__health_and_safety,0.77815425,0.7225801944732666,0.3177957832813263,True
qb_010073,health_and_safety,qb_010073__health_and_safety,0.7012992,0.557513415813446,0.2676377594470978,True
qb_010073,political,qb_010073__political,0.7511629,0.5819248557090759,0.27649936079978943,True
qb_010073,policy_prescription,qb_010073__policy_prescription,0.72653913,0.6133164167404175,0.36360257863998413,True
qb_010073,capacity_and_resources,qb_010073__capacity_and_resources,0.76273036,0.5114122629165649,0.3063834309577942,True
qb_003988,security_and_defense,qb_003988__security_and_defense,0.6363756,0.4619748890399933,0.24306268990039825,True
qb_003988,health_and_safety,qb_003988__health_and_safety,0.6369327,0.26736873388290405,0.16673964262008667,True
qb_003988,public_sentiment,qb_003988__public_sentiment,0.85471714,0.4277064800262451,0.28131479024887085,True
qb_018729,economic,qb_018729__economic,0.6103467,0.5856512784957886,0.18395985662937164,True
qb_018729,quality_of_life,qb_018729__quality_of_life,0.6758166,0.6626466512680054,0.16223923861980438,True
qb_006108,cultural_identity,qb_006108__cultural_identity,0.8744422,0.7499496936798096,0.21560092270374298,True
qb_006108,public_sentiment,qb_006108__public_sentiment,0.8401892,0.6872544288635254,0.20548959076404572,True
qb_006108,political,qb_006108__political,0.8589134,0.7533905506134033,0.2938522398471832,True
qb_006108,morality,qb_006108__morality,0.8816321,0.7088910937309265,0.25563696026802063,True
qb_006108,economic,qb_006108__economic,0.76742244,0.7060513496398926,0.1805822104215622,True
qb_015837,health_and_safety,qb_015837__health_and_safety,0.7519243,0.6365403532981873,0.2381412237882614,True
qb_015837,policy_prescription,qb_015837__policy_prescription,0.7620281,0.6173012256622314,0.19332090020179749,True
qb_015837,external_regulation,qb_015837__external_regulation,0.7301014,0.6405084133148193,0.16015741229057312,True
qb_015837,economic,qb_015837__economic,0.76570654,0.45964527130126953,0.1915110945701599,True
qb_007177,security_and_defense,qb_007177__security_and_defense,0.7570116,0.5394807457923889,0.2379828244447708,True
qb_007177,policy_prescription,qb_007177__policy_prescription,0.7356468,0.5544661283493042,0.25256282091140747,True
qb_007177,legality_constitutionality,qb_007177__legality_constitutionality,0.6837441,0.26148003339767456,0.1971045583486557,True
qb_010762,legality_constitutionality,qb_010762__legality_constitutionality,0.79609275,0.6807507872581482,0.21138949692249298,True
qb_010762,political,qb_010762__political,0.7446549,0.6681458353996277,0.23443743586540222,True
qb_010762,fairness_and_equality,qb_010762__fairness_and_equality,0.6796351,0.5304847359657288,0.18304498493671417,True
qb_010762,policy_prescription,qb_010762__policy_prescription,0.7584415,0.8362410068511963,0.23737362027168274,True
qb_019963,legality_constitutionality,qb_019963__legality_constitutionality,0.8384734,,0.252654492855072,False
qb_000332,public_sentiment,qb_000332__public_sentiment,0.78723836,0.6984724998474121,0.29330286383628845,True
qb_000332,political,qb_000332__political,0.81790125,0.6407902240753174,0.2615775465965271,True
qb_000332,policy_prescription,qb_000332__policy_prescription,0.8373351,0.7174167633056641,0.2740035951137543,True
qb_000332,health_and_safety,qb_000332__health_and_safety,0.5196656,0.4662338197231293,0.21646833419799805,True
qb_016603,political,qb_016603__political,0.74486244,0.7213193774223328,0.3142467737197876,True
qb_016603,legality_constitutionality,qb_016603__legality_constitutionality,0.76513827,0.7390547394752502,0.1996283382177353,True
qb_016603,policy_prescription,qb_016603__policy_prescription,0.8338001,0.6950356364250183,0.28145116567611694,True
qb_016603,morality,qb_016603__morality,0.90626776,0.7436405420303345,0.25974786281585693,True
qb_016603,public_sentiment,qb_016603__public_sentiment,0.85407543,0.6148108243942261,0.2763609290122986,True
qb_016603,cultural_identity,qb_016603__cultural_identity,0.72277135,0.6078990697860718,0.2235158383846283,True
qb_014345,political,qb_014345__political,0.7103246,0.6895475387573242,0.2229832112789154,True
qb_014345,public_sentiment,qb_014345__public_sentiment,0.7436612,0.6791289448738098,0.2802675664424896,True
qb_014345,morality,qb_014345__morality,0.7373089,0.6656811237335205,0.26652878522872925,True
qb_014345,economic,qb_014345__economic,0.764653,0.6564955115318298,0.2733520269393921,True
qb_003084,public_sentiment,qb_003084__public_sentiment,0.8566673,0.7313748598098755,0.20213396847248077,True
qb_003084,crime_and_punishment,qb_003084__crime_and_punishment,0.7132172,0.7316935062408447,0.23478522896766663,True
qb_003084,cultural_identity,qb_003084__cultural_identity,0.83225226,0.7026215195655823,0.19941766560077667,True
qb_006333,political,qb_006333__political,0.7951721,0.5746946334838867,0.24120602011680603,True
qb_006333,policy_prescription,qb_006333__policy_prescription,0.66917217,0.5733009576797485,0.22525377571582794,True
qb_006333,economic,qb_006333__economic,0.7546235,0.49859416484832764,0.19233791530132294,True
qb_006333,health_and_safety,qb_006333__health_and_safety,0.6629028,0.6153498888015747,0.2636033892631531,True
qb_006333,capacity_and_resources,qb_006333__capacity_and_resources,0.7387662,0.5584629774093628,0.21204033493995667,True
qb_006578,political,qb_006578__political,0.8345821,0.7495980262756348,0.21295876801013947,True
qb_006578,fairness_and_equality,qb_006578__fairness_and_equality,0.86701035,0.7897989749908447,0.22253990173339844,True
qb_010112,external_regulation,qb_010112__external_regulation,0.71044177,0.6732550859451294,0.21491196751594543,True
qb_010112,political,qb_010112__political,0.7993141,0.6356782913208008,0.31810328364372253,True
qb_010112,policy_prescription,qb_010112__policy_prescription,0.8049103,0.661218523979187,0.2079995572566986,True
qb_010112,health_and_safety,qb_010112__health_and_safety,0.80519235,0.6561360359191895,0.2548738121986389,True
qb_010112,security_and_defense,qb_010112__security_and_defense,0.74313074,0.6615362167358398,0.25192975997924805,True
qb_020378,political,qb_020378__political,0.61299944,0.575530469417572,0.26129165291786194,True
qb_020378,policy_prescription,qb_020378__policy_prescription,0.74926984,0.71799236536026,0.31952500343322754,True
qb_020378,capacity_and_resources,qb_020378__capacity_and_resources,0.8848599,0.5130559206008911,0.22945860028266907,True
qb_020056,political,qb_020056__political,0.7279154,0.4247872829437256,0.25904589891433716,True
qb_020056,legality_constitutionality,qb_020056__legality_constitutionality,0.64938045,0.5388338565826416,0.19671741127967834,True
qb_020056,public_sentiment,qb_020056__public_sentiment,0.651052,0.37735599279403687,0.2505437731742859,True
qb_001035,legality_constitutionality,qb_001035__legality_constitutionality,0.845356,0.7038797736167908,0.2260201871395111,True
qb_001035,health_and_safety,qb_001035__health_and_safety,0.70795906,0.722901463508606,0.20800283551216125,True
qb_001035,crime_and_punishment,qb_001035__crime_and_punishment,0.77907956,0.6781320571899414,0.25248968601226807,True
qb_001035,political,qb_001035__political,0.80527985,0.6093935966491699,0.24065370857715607,True
qb_001035,fairness_and_equality,qb_001035__fairness_and_equality,0.77466977,0.6780179738998413,0.24247488379478455,True
qb_013997,political,qb_013997__political,0.90220225,0.7890936732292175,0.2391071766614914,True
qb_013997,policy_prescription,qb_013997__policy_prescription,0.7792725,0.7222498059272766,0.26008138060569763,True
qb_013997,health_and_safety,qb_013997__health_and_safety,0.82154477,0.7371748089790344,0.17346394062042236,True
qb_013997,public_sentiment,qb_013997__public_sentiment,0.7957771,0.6619696021080017,0.1867927461862564,True
qb_019554,security_and_defense,qb_019554__security_and_defense,0.659238,0.7317948937416077,0.2751813232898712,True
qb_019554,crime_and_punishment,qb_019554__crime_and_punishment,0.7544756,0.6422901153564453,0.25363093614578247,True
qb_004765,political,qb_004765__political,0.63334703,0.6270774602890015,0.2621145248413086,True
qb_004765,external_regulation,qb_004765__external_regulation,0.6645467,0.5147459506988525,0.29554858803749084,True
qb_004765,public_sentiment,qb_004765__public_sentiment,0.8045328,0.5713028907775879,0.2854463756084442,True
qb_005316,health_and_safety,qb_005316__health_and_safety,0.812964,0.6524806618690491,0.2264811098575592,True
qb_005316,quality_of_life,qb_005316__quality_of_life,0.72350144,0.6790724396705627,0.20551447570323944,True
qb_005316,political,qb_005316__political,0.74301624,0.5041512250900269,0.3716208040714264,True
qb_000233,political,qb_000233__political,0.85947454,0.6601085662841797,0.23531489074230194,True
qb_000233,legality_constitutionality,qb_000233__legality_constitutionality,0.73867327,0.7987408638000488,0.2121940404176712,True
qb_000233,economic,qb_000233__economic,0.87819016,0.7393519282341003,0.2883753478527069,True
qb_000233,public_sentiment,qb_000233__public_sentiment,0.83516574,0.8208160400390625,0.21556687355041504,True
qb_016481,economic,qb_016481__economic,0.62114,0.4957851469516754,0.18319420516490936,True
qb_016481,policy_prescription,qb_016481__policy_prescription,0.8812421,0.5108219385147095,0.20709581673145294,True
qb_016481,political,qb_016481__political,0.80061156,0.6221010684967041,0.25062096118927,True
qb_012518,crime_and_punishment,qb_012518__crime_and_punishment,0.74587035,0.6015976667404175,0.19082960486412048,True
qb_012518,security_and_defense,qb_012518__security_and_defense,0.7627895,0.5559372901916504,0.24955809116363525,True
qb_012518,capacity_and_resources,qb_012518__capacity_and_resources,0.82227933,0.5233905911445618,0.17761901021003723,True
qb_008817,legality_constitutionality,qb_008817__legality_constitutionality,0.6882149,0.6467145085334778,0.3165585994720459,True
qb_008817,crime_and_punishment,qb_008817__crime_and_punishment,0.69133246,0.7109565734863281,0.2496689260005951,True
qb_008817,public_sentiment,qb_008817__public_sentiment,0.69970834,0.5547944903373718,0.2097027599811554,True
qb_008817,capacity_and_resources,qb_008817__capacity_and_resources,0.8675819,0.5706580877304077,0.23877856135368347,True
qb_008817,morality,qb_008817__morality,0.81535965,0.6647554636001587,0.20650537312030792,True
qb_021011,political,qb_021011__political,0.65619564,0.6093471050262451,0.2669987976551056,True
qb_021011,public_sentiment,qb_021011__public_sentiment,0.77831733,0.6243939399719238,0.22489269077777863,True
qb_014680,economic,qb_014680__economic,0.71916986,0.5040016770362854,0.1807442605495453,True
qb_014680,health_and_safety,qb_014680__health_and_safety,0.7295637,0.49953922629356384,0.21098046004772186,True
qb_014680,public_sentiment,qb_014680__public_sentiment,0.75598353,0.5093724727630615,0.27637213468551636,True
qb_009954,political,qb_009954__political,0.816373,0.5517879128456116,0.18278346955776215,True
qb_009954,public_sentiment,qb_009954__public_sentiment,0.6965651,0.6740250587463379,0.2342221736907959,True
qb_016933,public_sentiment,qb_016933__public_sentiment,0.7421398,0.6667282581329346,0.3039650619029999,True
qb_016933,political,qb_016933__political,0.71783006,0.6472858190536499,0.35851120948791504,True
qb_014753,political,qb_014753__political,0.76478976,0.5666195154190063,0.21785855293273926,True
qb_014753,legality_constitutionality,qb_014753__legality_constitutionality,0.67160785,0.4864252209663391,0.3027445375919342,True
qb_012025,public_sentiment,qb_012025__public_sentiment,0.7904233,0.6811185479164124,0.24246159195899963,True
qb_012025,fairness_and_equality,qb_012025__fairness_and_equality,0.80855095,0.6821308135986328,0.1946704089641571,True
qb_012025,morality,qb_012025__morality,0.81841993,0.7092651724815369,0.15874813497066498,True
qb_012025,policy_prescription,qb_012025__policy_prescription,0.7056619,0.7060076594352722,0.19151671230793,True
qb_012025,legality_constitutionality,qb_012025__legality_constitutionality,0.7577573,0.6813432574272156,0.19414494931697845,True
qb_012025,cultural_identity,qb_012025__cultural_identity,0.867861,0.6561471223831177,0.223337322473526,True
qb_005409,health_and_safety,qb_005409__health_and_safety,0.78939193,0.7129772901535034,0.1513630449771881,True
qb_005409,policy_prescription,qb_005409__policy_prescription,0.760831,0.7046881914138794,0.21784989535808563,True
qb_018463,political,qb_018463__political,0.7648041,0.6393447518348694,0.2928742468357086,True
qb_018463,legality_constitutionality,qb_018463__legality_constitutionality,0.761937,0.6592363119125366,0.2747783064842224,True
qb_018463,public_sentiment,qb_018463__public_sentiment,0.8322935,0.6124749183654785,0.21139463782310486,True
qb_018463,morality,qb_018463__morality,0.7876684,0.6574330925941467,0.24935951828956604,True
qb_005655,health_and_safety,qb_005655__health_and_safety,0.68498313,0.6523095369338989,0.24831469357013702,True
qb_005655,capacity_and_resources,qb_005655__capacity_and_resources,0.7542229,0.6989880800247192,0.2351197898387909,True
qb_005655,policy_prescription,qb_005655__policy_prescription,0.7027791,0.6626185178756714,0.2243492305278778,True
qb_019592,legality_constitutionality,qb_019592__legality_constitutionality,0.7380866,0.5607665777206421,0.23949572443962097,True
qb_019592,policy_prescription,qb_019592__policy_prescription,0.8202379,0.45646387338638306,0.2512122690677643,True
qb_019592,political,qb_019592__political,0.66684747,0.6116178035736084,0.26596879959106445,True
qb_015602,morality,qb_015602__morality,0.7838253,0.7513735890388489,0.1974084973335266,True
qb_015602,cultural_identity,qb_015602__cultural_identity,0.62732446,0.5878871083259583,0.2557465732097626,True
qb_015602,public_sentiment,qb_015602__public_sentiment,0.9207741,0.6541422009468079,0.22284865379333496,True
qb_015602,economic,qb_015602__economic,0.8087014,0.6810645461082458,0.20794637501239777,True
qb_019916,security_and_defense,qb_019916__security_and_defense,0.7035302,0.6492354869842529,0.21247951686382294,True
qb_019916,capacity_and_resources,qb_019916__capacity_and_resources,0.65721166,0.6297717690467834,0.22189883887767792,True
qb_019916,external_regulation,qb_019916__external_regulation,0.7903118,0.6728681921958923,0.17240671813488007,True
qb_019916,cultural_identity,qb_019916__cultural_identity,0.8572884,0.6133516430854797,0.17946019768714905,True
qb_019496,political,qb_019496__political,0.7560631,0.21836112439632416,0.2692142724990845,True
qb_019496,legality_constitutionality,qb_019496__legality_constitutionality,0.7233007,0.25290197134017944,0.3025892972946167,True
qb_019496,security_and_defense,qb_019496__security_and_defense,0.63339174,0.2462756335735321,0.22671611607074738,True
qb_019496,external_regulation,qb_019496__external_regulation,0.69313836,0.3690031170845032,0.25486475229263306,True
qb_019496,economic,qb_019496__economic,0.6195836,0.22701013088226318,0.24585676193237305,True
qb_005749,political,qb_005749__political,0.66185266,0.7255806922912598,0.2928108274936676,True
qb_005749,morality,qb_005749__morality,0.7843144,0.47448495030403137,0.2531673312187195,True
qb_005749,public_sentiment,qb_005749__public_sentiment,0.7476592,0.6372471451759338,0.2604003846645355,True
qb_005749,legality_constitutionality,qb_005749__legality_constitutionality,0.64795226,0.5074854493141174,0.2983025908470154,True
qb_006049,security_and_defense,qb_006049__security_and_defense,0.76301646,0.5277911424636841,0.2134172022342682,True
qb_006049,external_regulation,qb_006049__external_regulation,0.602296,0.5178177356719971,0.24536804854869843,True
qb_006049,political,qb_006049__political,0.8660844,0.4342423379421234,0.22419898211956024,True
qb_004230,security_and_defense,qb_004230__security_and_defense,0.82571405,0.7746889591217041,0.19892774522304535,True
qb_004230,external_regulation,qb_004230__external_regulation,0.6842202,0.5782935619354248,0.247170090675354,True
qb_004230,capacity_and_resources,qb_004230__capacity_and_resources,0.8384031,0.6894669532775879,0.26638948917388916,True
qb_004230,policy_prescription,qb_004230__policy_prescription,0.84761924,0.6258223056793213,0.24497902393341064,True
qb_010927,health_and_safety,qb_010927__health_and_safety,0.7098005,0.7114615440368652,0.23900668323040009,True
qb_010927,policy_prescription,qb_010927__policy_prescription,0.7249006,0.6007289886474609,0.28016743063926697,True
qb_010927,morality,qb_010927__morality,0.7560394,0.5867393612861633,0.20338642597198486,True
qb_010927,legality_constitutionality,qb_010927__legality_constitutionality,0.7352767,0.6418495774269104,0.21529023349285126,True
qb_014555,political,qb_014555__political,0.77702844,0.5504062175750732,0.3432604968547821,True
qb_014555,policy_prescription,qb_014555__policy_prescription,0.7671754,0.4790874719619751,0.3283190131187439,True
qb_014555,public_sentiment,qb_014555__public_sentiment,0.7727457,0.3691372871398926,0.27113693952560425,True
qb_014555,legality_constitutionality,qb_014555__legality_constitutionality,0.61493134,0.30971065163612366,0.2173352688550949,True
qb_000527,political,qb_000527__political,0.8089639,0.6800991296768188,0.1769607812166214,True
qb_000527,cultural_identity,qb_000527__cultural_identity,0.69666356,0.649370014667511,0.22033922374248505,True
qb_000527,fairness_and_equality,qb_000527__fairness_and_equality,0.7987944,0.7154773473739624,0.2167176455259323,True
qb_018775,economic,qb_018775__economic,0.7144012,0.6687716245651245,0.18102851510047913,True
qb_018775,policy_prescription,qb_018775__policy_prescription,0.656593,0.5437660813331604,0.2583462595939636,True
qb_018775,political,qb_018775__political,0.767275,0.516355574131012,0.2524200677871704,True
qb_018775,fairness_and_equality,qb_018775__fairness_and_equality,0.7163249,0.6430997252464294,0.24273213744163513,True
qb_018775,health_and_safety,qb_018775__health_and_safety,0.768685,0.5245740413665771,0.2514351010322571,True
qb_003070,legality_constitutionality,qb_003070__legality_constitutionality,0.7624676,0.5943057537078857,0.23655855655670166,True
qb_003070,policy_prescription,qb_003070__policy_prescription,0.82684606,0.6399408578872681,0.27244871854782104,True
qb_003070,crime_and_punishment,qb_003070__crime_and_punishment,0.70573395,0.6913144588470459,0.18697485327720642,True
qb_003070,health_and_safety,qb_003070__health_and_safety,0.81781185,0.6229119300842285,0.1544957458972931,True
qb_003070,fairness_and_equality,qb_003070__fairness_and_equality,0.7650454,0.6209291219711304,0.17198017239570618,True
qb_003070,political,qb_003070__political,0.82394415,0.5112825632095337,0.19862395524978638,True
qb_013094,legality_constitutionality,qb_013094__legality_constitutionality,0.7266778,0.5673122406005859,0.25398367643356323,True
qb_013094,crime_and_punishment,qb_013094__crime_and_punishment,0.6242268,0.5293395519256592,0.23619380593299866,True
qb_013094,public_sentiment,qb_013094__public_sentiment,0.7941787,0.5635277628898621,0.2675756812095642,True
qb_013094,capacity_and_resources,qb_013094__capacity_and_resources,0.7350144,0.5965568423271179,0.2801177501678467,True
qb_004167,political,qb_004167__political,0.717279,0.6406546831130981,0.2724222242832184,True
qb_004167,public_sentiment,qb_004167__public_sentiment,0.7880817,0.5245952606201172,0.27271008491516113,True
qb_009778,political,qb_009778__political,0.82483923,0.7121503353118896,0.24792233109474182,True
qb_009778,public_sentiment,qb_009778__public_sentiment,0.8130157,0.6216681003570557,0.1864582598209381,True
qb_009778,cultural_identity,qb_009778__cultural_identity,0.8676632,0.6228765249252319,0.1713026762008667,True
qb_000618,health_and_safety,qb_000618__health_and_safety,0.6851585,0.5353233218193054,0.1711934506893158,True
qb_000618,policy_prescription,qb_000618__policy_prescription,0.65605295,0.5935223698616028,0.23102188110351562,True
qb_000618,quality_of_life,qb_000618__quality_of_life,0.6565075,0.5652115941047668,0.10876588523387909,True
qb_000618,capacity_and_resources,qb_000618__capacity_and_resources,0.5422497,0.5040913224220276,0.2912878394126892,True
qb_015793,cultural_identity,qb_015793__cultural_identity,0.6462587,0.5583884716033936,0.23771265149116516,True
qb_015793,public_sentiment,qb_015793__public_sentiment,0.70451766,0.5703393220901489,0.185068741440773,True
qb_015793,political,qb_015793__political,0.7163264,0.5900657176971436,0.1779148429632187,True
qb_015793,fairness_and_equality,qb_015793__fairness_and_equality,0.7278939,0.5325213074684143,0.18569481372833252,True
qb_015793,morality,qb_015793__morality,0.7299545,0.5882163047790527,0.20168201625347137,True
qb_006068,external_regulation,qb_006068__external_regulation,0.7572472,0.5728583335876465,0.1855601966381073,True
qb_006068,security_and_defense,qb_006068__security_and_defense,0.76872975,0.4579787850379944,0.21886134147644043,True
qb_006068,political,qb_006068__political,0.6444783,0.6016043424606323,0.2405661642551422,True
qb_006068,morality,qb_006068__morality,0.79636663,0.5170230865478516,0.2334415465593338,True
qb_006068,health_and_safety,qb_006068__health_and_safety,0.78344476,0.5482011437416077,0.18667349219322205,True
qb_018853,political,qb_018853__political,0.66863024,0.6430442333221436,0.3033537268638611,True
qb_018853,public_sentiment,qb_018853__public_sentiment,0.73423684,0.7062779664993286,0.19342158734798431,True
qb_013242,political,qb_013242__political,0.63816005,0.3373682200908661,0.13301756978034973,True
qb_013242,capacity_and_resources,qb_013242__capacity_and_resources,0.8311638,0.3686199188232422,0.1815222203731537,True
qb_013242,public_sentiment,qb_013242__public_sentiment,0.6600602,0.576700747013092,0.25539135932922363,True
qb_013242,fairness_and_equality,qb_013242__fairness_and_equality,0.84176135,0.44905170798301697,0.18611472845077515,True
qb_012168,political,qb_012168__political,0.7716818,0.6712722778320312,0.27398228645324707,True
qb_012168,health_and_safety,qb_012168__health_and_safety,0.7334049,0.5737034678459167,0.22304408252239227,True
qb_012168,policy_prescription,qb_012168__policy_prescription,0.75770915,0.4012717008590698,0.16845932602882385,True
qb_012168,security_and_defense,qb_012168__security_and_defense,0.66748303,0.4291987121105194,0.2756081223487854,True
qb_012168,public_sentiment,qb_012168__public_sentiment,0.77789915,0.6712343692779541,0.21158087253570557,True
qb_012715,security_and_defense,qb_012715__security_and_defense,0.6458115,0.5843212008476257,0.2091282159090042,True
qb_012715,external_regulation,qb_012715__external_regulation,0.5873704,0.5734004378318787,0.17306998372077942,True
qb_012715,economic,qb_012715__economic,0.63691896,0.47998806834220886,0.22027328610420227,True
qb_012715,policy_prescription,qb_012715__policy_prescription,0.62665397,0.5828883647918701,0.23344585299491882,True
qb_003839,health_and_safety,qb_003839__health_and_safety,0.8209263,0.6318439245223999,0.1854620724916458,True
qb_003839,political,qb_003839__political,0.7536156,0.5614961385726929,0.18185973167419434,True
qb_003839,policy_prescription,qb_003839__policy_prescription,0.84855616,0.604171097278595,0.17453141510486603,True
qb_003839,external_regulation,qb_003839__external_regulation,0.7197882,0.5331680178642273,0.1915833055973053,True
qb_003839,capacity_and_resources,qb_003839__capacity_and_resources,0.88178134,0.5958923101425171,0.16186802089214325,True
qb_003839,fairness_and_equality,qb_003839__fairness_and_equality,0.7175977,0.5477547645568848,0.19686254858970642,True
qb_003839,security_and_defense,qb_003839__security_and_defense,0.7574904,0.5951186418533325,0.22755911946296692,True
qb_003839,crime_and_punishment,qb_003839__crime_and_punishment,0.60894597,0.44394904375076294,0.27411311864852905,True
qb_014049,legality_constitutionality,qb_014049__legality_constitutionality,0.7293868,0.6534731388092041,0.2206421196460724,True
qb_014049,political,qb_014049__political,0.6941799,0.6046749353408813,0.22805830836296082,True
qb_014049,public_sentiment,qb_014049__public_sentiment,0.81736714,0.5954930782318115,0.3367525339126587,True
qb_003499,external_regulation,qb_003499__external_regulation,0.6894765,0.6371049284934998,0.2039480209350586,True
qb_003499,capacity_and_resources,qb_003499__capacity_and_resources,0.74195,0.6164320111274719,0.23541244864463806,True
qb_003499,health_and_safety,qb_003499__health_and_safety,0.79513305,0.5474562644958496,0.15947511792182922,True
qb_003499,political,qb_003499__political,0.7843125,0.6336957812309265,0.2737157642841339,True
qb_010793,political,qb_010793__political,0.79423666,0.7630378007888794,0.29589709639549255,True
qb_010793,public_sentiment,qb_010793__public_sentiment,0.76262724,0.7044100761413574,0.28709742426872253,True
qb_012440,legality_constitutionality,qb_012440__legality_constitutionality,0.71801734,0.6313198208808899,0.22056591510772705,True
qb_012440,policy_prescription,qb_012440__policy_prescription,0.71328664,0.5989058017730713,0.19332516193389893,True
qb_012440,political,qb_012440__political,0.7490533,0.5939093232154846,0.29536202549934387,True
qb_012440,health_and_safety,qb_012440__health_and_safety,0.71773666,0.5908499956130981,0.21445247530937195,True
qb_019776,political,qb_019776__political,0.75935656,0.6329258680343628,0.2919497489929199,True
qb_019776,public_sentiment,qb_019776__public_sentiment,0.6589666,0.5921863317489624,0.26364096999168396,True
qb_019776,crime_and_punishment,qb_019776__crime_and_punishment,0.6371175,0.4908401370048523,0.25235408544540405,True
qb_019776,policy_prescription,qb_019776__policy_prescription,0.7574295,0.4500979781150818,0.2508848309516907,True
qb_019776,cultural_identity,qb_019776__cultural_identity,0.6926546,0.602385401725769,0.22572335600852966,True
qb_000780,external_regulation,qb_000780__external_regulation,0.6633964,0.6188271045684814,0.18878033757209778,True
qb_000780,political,qb_000780__political,0.66452867,0.5734566450119019,0.22304534912109375,True
qb_000780,policy_prescription,qb_000780__policy_prescription,0.6193776,0.6198418736457825,0.3640720546245575,True
qb_000780,crime_and_punishment,qb_000780__crime_and_punishment,0.7979213,0.6272907853126526,0.21034841239452362,True
qb_000121,political,qb_000121__political,0.8553898,0.7815542221069336,0.2986310124397278,True
qb_000121,legality_constitutionality,qb_000121__legality_constitutionality,0.88833696,0.7430004477500916,0.259368896484375,True
qb_003648,security_and_defense,qb_003648__security_and_defense,0.7429504,0.5624836683273315,0.20254334807395935,True
qb_003648,external_regulation,qb_003648__external_regulation,0.64556926,0.5624600052833557,0.2776685357093811,True
qb_003648,policy_prescription,qb_003648__policy_prescription,0.77057886,0.6003221273422241,0.2671871483325958,True
qb_003648,political,qb_003648__political,0.5891701,0.6101100444793701,0.26129284501075745,True
qb_003648,public_sentiment,qb_003648__public_sentiment,0.76630974,0.5883400440216064,0.22071996331214905,True
qb_005102,health_and_safety,qb_005102__health_and_safety,0.66299355,0.6671580672264099,0.29338160157203674,True
qb_005102,policy_prescription,qb_005102__policy_prescription,0.7852597,0.5952811241149902,0.2648472189903259,True
qb_005102,capacity_and_resources,qb_005102__capacity_and_resources,0.7300993,0.561021089553833,0.21261663734912872,True
qb_005102,quality_of_life,qb_005102__quality_of_life,0.8061751,0.6315255165100098,0.1950106918811798,True
qb_005102,public_sentiment,qb_005102__public_sentiment,0.87971646,0.5966017246246338,0.284645140171051,True
qb_013504,political,qb_013504__political,0.86758745,0.5440289378166199,0.3089558482170105,True
qb_013504,security_and_defense,qb_013504__security_and_defense,0.75926006,0.5302073955535889,0.226702481508255,True
qb_013504,legality_constitutionality,qb_013504__legality_constitutionality,0.76913387,0.4889410734176636,0.2758568525314331,True
qb_013504,external_regulation,qb_013504__external_regulation,0.7447574,0.5553364157676697,0.23208193480968475,True
qb_011054,security_and_defense,qb_011054__security_and_defense,0.71679807,0.6663545966148376,0.21537646651268005,True
qb_011054,external_regulation,qb_011054__external_regulation,0.7148304,0.6769883632659912,0.2097916305065155,True
qb_011054,political,qb_011054__political,0.6721886,0.5137701630592346,0.38715800642967224,True
qb_011054,capacity_and_resources,qb_011054__capacity_and_resources,0.6648249,0.5962908267974854,0.23390083014965057,True
qb_011054,policy_prescription,qb_011054__policy_prescription,0.74291456,0.5295988321304321,0.24609866738319397,True
qb_019567,political,qb_019567__political,0.79870564,,0.2990869879722595,False
qb_010589,legality_constitutionality,qb_010589__legality_constitutionality,0.77104825,0.601628303527832,0.19307482242584229,True
qb_010589,fairness_and_equality,qb_010589__fairness_and_equality,0.6253172,0.5872182250022888,0.22307395935058594,True
qb_010589,policy_prescription,qb_010589__policy_prescription,0.6496287,0.6805741190910339,0.23036012053489685,True
qb_010589,cultural_identity,qb_010589__cultural_identity,0.66007423,0.6865326762199402,0.18357253074645996,True
qb_009115,health_and_safety,qb_009115__health_and_safety,0.7008615,0.5793565511703491,0.16694048047065735,True
qb_009115,capacity_and_resources,qb_009115__capacity_and_resources,0.65505797,0.5614756345748901,0.20917606353759766,True
qb_009115,public_sentiment,qb_009115__public_sentiment,0.81062245,0.6711120009422302,0.2286241054534912,True
qb_015175,health_and_safety,qb_015175__health_and_safety,0.72531563,0.5613915324211121,0.1881408840417862,True
qb_015175,policy_prescription,qb_015175__policy_prescription,0.5771401,0.664023220539093,0.23494505882263184,True
qb_015175,security_and_defense,qb_015175__security_and_defense,0.5801483,0.6552934050559998,0.17085424065589905,True
qb_015175,capacity_and_resources,qb_015175__capacity_and_resources,0.62501633,0.6591222286224365,0.19659622013568878,True
qb_012945,political,qb_012945__political,0.83791095,0.7062851786613464,0.2831727862358093,True
qb_012945,economic,qb_012945__economic,0.7883449,0.7046162486076355,0.1955929398536682,True
qb_012945,legality_constitutionality,qb_012945__legality_constitutionality,0.7500362,0.6819800734519958,0.2539896070957184,True
qb_012945,public_sentiment,qb_012945__public_sentiment,0.7653724,0.539733350276947,0.3581370711326599,True
qb_007857,policy_prescription,qb_007857__policy_prescription,0.71577764,0.589759349822998,0.2537615895271301,True
qb_007857,security_and_defense,qb_007857__security_and_defense,0.8208603,0.6971335411071777,0.22132405638694763,True
qb_007857,economic,qb_007857__economic,0.77673554,0.5680995583534241,0.2082289755344391,True
qb_007857,crime_and_punishment,qb_007857__crime_and_punishment,0.6598055,0.6436337828636169,0.2933676540851593,True
qb_003173,health_and_safety,qb_003173__health_and_safety,0.6229326,0.6412262916564941,0.2024543285369873,True
qb_003173,policy_prescription,qb_003173__policy_prescription,0.74515855,0.6415274143218994,0.25437498092651367,True
qb_021216,political,qb_021216__political,0.6935456,0.6098845601081848,0.2236556112766266,True
qb_021216,policy_prescription,qb_021216__policy_prescription,0.6913576,0.5691225528717041,0.2890602946281433,True
qb_021216,public_sentiment,qb_021216__public_sentiment,0.8688905,0.6403427720069885,0.2757109999656677,True
qb_004969,morality,qb_004969__morality,0.7677177,0.555627167224884,0.19925639033317566,True
qb_004969,security_and_defense,qb_004969__security_and_defense,0.6831653,0.6514989137649536,0.24731631577014923,True
qb_004969,political,qb_004969__political,0.70485544,0.5178775191307068,0.29319483041763306,True
qb_004969,external_regulation,qb_004969__external_regulation,0.7872757,0.5816331505775452,0.2820682227611542,True
qb_004969,policy_prescription,qb_004969__policy_prescription,0.7049496,0.6153189539909363,0.23631875216960907,True
qb_004969,capacity_and_resources,qb_004969__capacity_and_resources,0.6758852,0.6359273195266724,0.24774475395679474,True
qb_015409,political,qb_015409__political,0.8322771,0.6027706861495972,0.2271076887845993,True
qb_015409,capacity_and_resources,qb_015409__capacity_and_resources,0.79500484,0.7091732621192932,0.19631311297416687,True
qb_015409,public_sentiment,qb_015409__public_sentiment,0.7364936,0.6616806983947754,0.2309819757938385,True
qb_000503,political,qb_000503__political,0.8431771,0.48897773027420044,0.2481299340724945,True
qb_000503,capacity_and_resources,qb_000503__capacity_and_resources,0.7821547,0.563171923160553,0.16262169182300568,True
qb_000503,health_and_safety,qb_000503__health_and_safety,0.69762754,0.6183818578720093,0.1996937096118927,True
qb_000503,policy_prescription,qb_000503__policy_prescription,0.8025146,0.6275420784950256,0.22460882365703583,True
qb_000503,quality_of_life,qb_000503__quality_of_life,0.7291373,0.5764368176460266,0.17819646000862122,True
qb_000503,public_sentiment,qb_000503__public_sentiment,0.83042103,0.5599488019943237,0.26116177439689636,True
qb_019809,political,qb_019809__political,0.8315861,0.6718037724494934,0.21785473823547363,True
qb_019809,economic,qb_019809__economic,0.7942309,0.6690564155578613,0.21175317466259003,True
qb_019809,public_sentiment,qb_019809__public_sentiment,0.79420173,0.673744261264801,0.25181782245635986,True
qb_010527,health_and_safety,qb_010527__health_and_safety,0.655488,0.5323366522789001,0.2001728117465973,True
qb_010527,economic,qb_010527__economic,0.7397594,0.5518676042556763,0.1483730524778366,True
qb_010527,capacity_and_resources,qb_010527__capacity_and_resources,0.7819816,0.6084921360015869,0.23806989192962646,True
qb_010527,quality_of_life,qb_010527__quality_of_life,0.7669021,0.6931714415550232,0.158484548330307,True
qb_010527,morality,qb_010527__morality,0.83867854,0.6277075409889221,0.19590608775615692,True
qb_020359,political,qb_020359__political,0.74616504,0.5594100952148438,0.26502126455307007,True
qb_020359,external_regulation,qb_020359__external_regulation,0.6545346,0.6064110398292542,0.20831730961799622,True
qb_020359,public_sentiment,qb_020359__public_sentiment,0.81821495,0.4664895832538605,0.1958526074886322,True
qb_020359,morality,qb_020359__morality,0.7427611,0.5961723923683167,0.2483806610107422,True
qb_002440,legality_constitutionality,qb_002440__legality_constitutionality,0.70855165,0.6152104139328003,0.2004380226135254,True
qb_002440,security_and_defense,qb_002440__security_and_defense,0.7891049,0.6783580183982849,0.21999704837799072,True
qb_002440,crime_and_punishment,qb_002440__crime_and_punishment,0.77203643,0.6569324731826782,0.26631495356559753,True
qb_002440,political,qb_002440__political,0.7808322,0.5931361317634583,0.24535565078258514,True
qb_009831,economic,qb_009831__economic,0.76223665,0.6057981252670288,0.22973792254924774,True
qb_009831,health_and_safety,qb_009831__health_and_safety,0.78262323,0.5255616903305054,0.26184698939323425,True
qb_016615,policy_prescription,qb_016615__policy_prescription,0.6422719,0.6458644866943359,0.20338305830955505,True
qb_016615,political,qb_016615__political,0.83874404,0.6365402340888977,0.2261393815279007,True
qb_016615,economic,qb_016615__economic,0.6722286,0.5733652114868164,0.1804393231868744,True
qb_016615,legality_constitutionality,qb_016615__legality_constitutionality,0.74116546,0.6104817390441895,0.29132068157196045,True
qb_016615,public_sentiment,qb_016615__public_sentiment,0.88264126,0.5206119418144226,0.2079530656337738,True
qb_001947,public_sentiment,qb_001947__public_sentiment,0.8158764,0.64544278383255,0.25264114141464233,True
qb_001947,health_and_safety,qb_001947__health_and_safety,0.59246755,0.4975653886795044,0.25842082500457764,True
qb_001947,political,qb_001947__political,0.8703249,0.42657026648521423,0.2777412235736847,True
qb_001947,capacity_and_resources,qb_001947__capacity_and_resources,0.90014666,0.597063422203064,0.17547056078910828,True
qb_005833,external_regulation,qb_005833__external_regulation,0.69149894,0.5941949486732483,0.2154964655637741,True
qb_005833,economic,qb_005833__economic,0.7765701,0.6341825723648071,0.17884963750839233,True
qb_005833,security_and_defense,qb_005833__security_and_defense,0.6731802,0.6389429569244385,0.20128896832466125,True
qb_005833,political,qb_005833__political,0.73670495,0.5755782127380371,0.22563615441322327,True
qb_015123,political,qb_015123__political,0.7766666,0.6149032115936279,0.25742435455322266,True
qb_015123,policy_prescription,qb_015123__policy_prescription,0.788039,0.688147246837616,0.30109483003616333,True
qb_015123,security_and_defense,qb_015123__security_and_defense,0.7496121,0.6978266835212708,0.25838738679885864,True
qb_015123,economic,qb_015123__economic,0.64770293,0.6063622832298279,0.23162369430065155,True
qb_010846,legality_constitutionality,qb_010846__legality_constitutionality,0.74215674,0.7381196022033691,0.2364172637462616,True
qb_010846,economic,qb_010846__economic,0.68107885,0.6976169347763062,0.21403801441192627,True
qb_010846,crime_and_punishment,qb_010846__crime_and_punishment,0.7847569,0.7622107267379761,0.2150718718767166,True
qb_014836,political,qb_014836__political,0.7884942,0.6817536354064941,0.3077930510044098,True
qb_014836,morality,qb_014836__morality,0.8220687,0.7011426687240601,0.2970964014530182,True
qb_014836,legality_constitutionality,qb_014836__legality_constitutionality,0.7819199,0.7036204934120178,0.27664855122566223,True
qb_004566,security_and_defense,qb_004566__security_and_defense,0.76007056,0.7371945381164551,0.16070033609867096,True
qb_004566,policy_prescription,qb_004566__policy_prescription,0.73559254,0.7351698875427246,0.23096172511577606,True
qb_004566,health_and_safety,qb_004566__health_and_safety,0.7220162,0.6129374504089355,0.20939047634601593,True
qb_004566,political,qb_004566__political,0.7053937,0.6817252039909363,0.17861635982990265,True
qb_017579,economic,qb_017579__economic,0.7601373,0.5080293416976929,0.20709285140037537,True
qb_017579,policy_prescription,qb_017579__policy_prescription,0.69511807,0.5121541023254395,0.2363608330488205,True
qb_017579,capacity_and_resources,qb_017579__capacity_and_resources,0.58409595,0.4610322415828705,0.27047935128211975,True
qb_017579,political,qb_017579__political,0.7584191,0.4465238153934479,0.17325839400291443,True
qb_017579,fairness_and_equality,qb_017579__fairness_and_equality,0.7189596,0.498431921005249,0.19176539778709412,True
qb_017579,health_and_safety,qb_017579__health_and_safety,0.71101886,0.5215190649032593,0.2525801956653595,True
qb_017579,quality_of_life,qb_017579__quality_of_life,0.658705,0.5242739915847778,0.23168297111988068,True
qb_008770,political,qb_008770__political,0.670655,0.6751002073287964,0.22664842009544373,True
qb_008770,morality,qb_008770__morality,0.802956,0.5842583179473877,0.2092239409685135,True
qb_008770,public_sentiment,qb_008770__public_sentiment,0.878049,0.6306705474853516,0.24395672976970673,True
qb_018800,morality,qb_018800__morality,0.85514724,0.570759654045105,0.2728285491466522,True
qb_018800,political,qb_018800__political,0.81170905,0.5486627817153931,0.26806172728538513,True
qb_018800,public_sentiment,qb_018800__public_sentiment,0.7395008,0.6082590222358704,0.1965618133544922,True
qb_018800,policy_prescription,qb_018800__policy_prescription,0.79368263,0.5718663930892944,0.3113804757595062,True
qb_018800,crime_and_punishment,qb_018800__crime_and_punishment,0.69286656,0.537889838218689,0.22144488990306854,True
qb_018800,cultural_identity,qb_018800__cultural_identity,0.68975073,0.5554671287536621,0.19779542088508606,True
qb_018800,external_regulation,qb_018800__external_regulation,0.7932041,0.6513024568557739,0.18476638197898865,True
qb_014829,economic,qb_014829__economic,0.7812434,0.7109856605529785,0.12362869083881378,True
qb_014829,political,qb_014829__political,0.8140346,0.7042149305343628,0.2607908844947815,True
qb_008804,security_and_defense,qb_008804__security_and_defense,0.6213163,0.5976517200469971,0.21044602990150452,True
qb_008804,political,qb_008804__political,0.7824418,0.44744038581848145,0.23387520015239716,True
qb_008804,external_regulation,qb_008804__external_regulation,0.76476574,0.5066494941711426,0.2278720587491989,True
qb_008804,capacity_and_resources,qb_008804__capacity_and_resources,0.73999643,0.5227938294410706,0.18294762074947357,True
qb_004485,political,qb_004485__political,0.69630396,0.6925138235092163,0.24170324206352234,True
qb_004485,public_sentiment,qb_004485__public_sentiment,0.7831217,0.6346727609634399,0.3156295120716095,True
qb_021126,political,qb_021126__political,0.6049395,0.5765209197998047,0.3042674958705902,True
qb_021126,legality_constitutionality,qb_021126__legality_constitutionality,0.74192333,0.5008366703987122,0.22568556666374207,True
qb_016339,health_and_safety,qb_016339__health_and_safety,0.5652114,0.637877345085144,0.24630379676818848,True
qb_016339,capacity_and_resources,qb_016339__capacity_and_resources,0.80375975,0.7199766635894775,0.2266700565814972,True
qb_020254,health_and_safety,qb_020254__health_and_safety,0.635112,0.6511195302009583,0.22433850169181824,True
qb_020254,quality_of_life,qb_020254__quality_of_life,0.8332052,0.6625709533691406,0.27719178795814514,True
qb_020254,cultural_identity,qb_020254__cultural_identity,0.7606952,0.7008338570594788,0.21353694796562195,True
qb_020254,morality,qb_020254__morality,0.7932894,0.7177199721336365,0.2221168577671051,True
qb_020254,public_sentiment,qb_020254__public_sentiment,0.8356221,0.7321474552154541,0.2119908332824707,True
qb_001205,political,qb_001205__political,0.84491575,0.6207213401794434,0.23699374496936798,True
qb_001205,morality,qb_001205__morality,0.73399425,0.5546876192092896,0.2801395058631897,True
qb_001205,security_and_defense,qb_001205__security_and_defense,0.7246107,0.6241123676300049,0.27807503938674927,True
qb_004139,legality_constitutionality,qb_004139__legality_constitutionality,0.7157344,0.7038079500198364,0.18078172206878662,True
qb_004139,political,qb_004139__political,0.7079195,0.6213805079460144,0.3285483717918396,True
qb_004139,crime_and_punishment,qb_004139__crime_and_punishment,0.7152914,0.6219830513000488,0.28949666023254395,True
qb_016733,external_regulation,qb_016733__external_regulation,0.7192028,0.5971921682357788,0.25289613008499146,True
qb_016733,policy_prescription,qb_016733__policy_prescription,0.7675842,0.6117953062057495,0.2026558667421341,True
qb_016733,security_and_defense,qb_016733__security_and_defense,0.75678885,0.7434787750244141,0.22285309433937073,True
qb_016733,economic,qb_016733__economic,0.72717696,0.6423743963241577,0.24144311249256134,True
qb_016733,political,qb_016733__political,0.70753086,0.5939729809761047,0.27559196949005127,True
qb_018803,health_and_safety,qb_018803__health_and_safety,0.76538885,0.6348341703414917,0.19455698132514954,True
qb_018803,political,qb_018803__political,0.71686566,0.5982155799865723,0.2991519272327423,True
qb_018803,legality_constitutionality,qb_018803__legality_constitutionality,0.689886,0.5784434080123901,0.20093092322349548,True
qb_002324,legality_constitutionality,qb_002324__legality_constitutionality,0.70816857,0.4432925879955292,0.25024858117103577,True
qb_002324,political,qb_002324__political,0.63511294,0.5814676284790039,0.2730184495449066,True
qb_002324,public_sentiment,qb_002324__public_sentiment,0.7433695,0.651788592338562,0.23489096760749817,True
qb_016851,legality_constitutionality,qb_016851__legality_constitutionality,0.64942724,0.6219974160194397,0.1860472857952118,True
qb_016851,political,qb_016851__political,0.70266795,0.5762982964515686,0.27036041021347046,True
qb_016851,security_and_defense,qb_016851__security_and_defense,0.616495,0.5193737745285034,0.21120445430278778,True
qb_015200,security_and_defense,qb_015200__security_and_defense,0.7473297,0.7444592714309692,0.18569061160087585,True
qb_015200,political,qb_015200__political,0.8289252,0.6786210536956787,0.17949751019477844,True
qb_015200,public_sentiment,qb_015200__public_sentiment,0.76937884,0.6254433393478394,0.2002093344926834,True
qb_000123,political,qb_000123__political,0.8744391,0.7512527704238892,0.2547076940536499,True
qb_000123,morality,qb_000123__morality,0.83906555,0.8043832778930664,0.2583605647087097,True
qb_008018,economic,qb_008018__economic,0.81014925,0.8088326454162598,0.143855020403862,True
qb_008018,policy_prescription,qb_008018__policy_prescription,0.8274683,0.5892300605773926,0.1764526069164276,True
qb_008018,fairness_and_equality,qb_008018__fairness_and_equality,0.71680003,0.839683473110199,0.19131413102149963,True
qb_008018,political,qb_008018__political,0.79465437,0.6893319487571716,0.23950715363025665,True
qb_005148,economic,qb_005148__economic,0.7337445,0.6132243871688843,0.2306106984615326,True
qb_005148,policy_prescription,qb_005148__policy_prescription,0.77022135,0.6232904195785522,0.271168977022171,True
qb_005148,quality_of_life,qb_005148__quality_of_life,0.6342126,0.5895977020263672,0.22273936867713928,True
qb_015900,economic,qb_015900__economic,0.8423036,0.7308692932128906,0.18745186924934387,True
qb_015900,policy_prescription,qb_015900__policy_prescription,0.79590684,0.7226730585098267,0.1987079679965973,True
qb_015900,political,qb_015900__political,0.77412564,0.621360182762146,0.26507824659347534,True
qb_015900,external_regulation,qb_015900__external_regulation,0.669826,0.7057270407676697,0.3251243531703949,True
qb_015900,capacity_and_resources,qb_015900__capacity_and_resources,0.81711185,0.6447094678878784,0.2095993459224701,True
qb_015900,security_and_defense,qb_015900__security_and_defense,0.65607107,0.6691794991493225,0.21597924828529358,True
qb_018528,economic,qb_018528__economic,0.80652046,0.6144376993179321,0.15462112426757812,True
qb_018528,capacity_and_resources,qb_018528__capacity_and_resources,0.7431606,0.547412633895874,0.18801376223564148,True
qb_018528,quality_of_life,qb_018528__quality_of_life,0.7070831,0.6106299757957458,0.17637088894844055,True
qb_018528,security_and_defense,qb_018528__security_and_defense,0.6921092,0.5404839515686035,0.22105517983436584,True
qb_018528,external_regulation,qb_018528__external_regulation,0.54823214,0.581985354423523,0.15918304026126862,True
qb_012793,policy_prescription,qb_012793__policy_prescription,0.77262425,0.680414617061615,0.19406500458717346,True
qb_012793,security_and_defense,qb_012793__security_and_defense,0.7833423,0.688360333442688,0.2694874703884125,True
qb_012793,political,qb_012793__political,0.79069734,0.6717802286148071,0.32174840569496155,True
qb_012793,economic,qb_012793__economic,0.72724116,0.6801560521125793,0.1793733388185501,True
qb_012793,cultural_identity,qb_012793__cultural_identity,0.82532144,0.6505305767059326,0.16809305548667908,True
qb_009238,policy_prescription,qb_009238__policy_prescription,0.74014676,0.6503283381462097,0.26618692278862,True
qb_009238,crime_and_punishment,qb_009238__crime_and_punishment,0.7521366,0.60247802734375,0.2545464038848877,True
qb_009238,political,qb_009238__political,0.8507253,0.5002866387367249,0.255622923374176,True
qb_009238,legality_constitutionality,qb_009238__legality_constitutionality,0.7494031,0.6764920949935913,0.24039609730243683,True
qb_009238,cultural_identity,qb_009238__cultural_identity,0.8642446,0.6040451526641846,0.22917547821998596,True
qb_009238,public_sentiment,qb_009238__public_sentiment,0.68986565,0.6032072901725769,0.2757736146450043,True
qb_017702,political,qb_017702__political,0.7520647,0.6506162881851196,0.2476465255022049,True
qb_017702,public_sentiment,qb_017702__public_sentiment,0.66633916,0.6655513048171997,0.25668925046920776,True
qb_021135,political,qb_021135__political,0.7645204,0.6712053418159485,0.19118569791316986,True
qb_021135,public_sentiment,qb_021135__public_sentiment,0.84223723,0.7271769046783447,0.25498390197753906,True
qb_021135,capacity_and_resources,qb_021135__capacity_and_resources,0.805297,0.702254056930542,0.22715720534324646,True
qb_011099,policy_prescription,qb_011099__policy_prescription,0.73935485,0.6255913376808167,0.26785311102867126,True
qb_011099,health_and_safety,qb_011099__health_and_safety,0.7642137,0.7110406756401062,0.1970159262418747,True
qb_011099,morality,qb_011099__morality,0.7606267,0.5454186797142029,0.27850818634033203,True
qb_011099,public_sentiment,qb_011099__public_sentiment,0.7422419,0.5927069187164307,0.24676179885864258,True
qb_013526,legality_constitutionality,qb_013526__legality_constitutionality,0.66976213,0.5178878307342529,0.17086847126483917,True
qb_013526,political,qb_013526__political,0.8078604,0.5745357871055603,0.28704267740249634,True
qb_013526,policy_prescription,qb_013526__policy_prescription,0.74475884,0.5554847717285156,0.20569773018360138,True
qb_013526,public_sentiment,qb_013526__public_sentiment,0.6914797,0.5803554058074951,0.21722455322742462,True
qb_020695,health_and_safety,qb_020695__health_and_safety,0.7349454,0.7478740215301514,0.24486234784126282,True
qb_020695,policy_prescription,qb_020695__policy_prescription,0.6544076,0.6284290552139282,0.2854548990726471,True
qb_020695,legality_constitutionality,qb_020695__legality_constitutionality,0.75020766,0.5429943799972534,0.2106861174106598,True
qb_020695,political,qb_020695__political,0.85755074,0.6466326713562012,0.285914808511734,True
qb_020695,economic,qb_020695__economic,0.8602102,0.5744146108627319,0.2531152069568634,True
qb_018504,security_and_defense,qb_018504__security_and_defense,0.759436,0.5956600308418274,0.26404500007629395,True
qb_018504,policy_prescription,qb_018504__policy_prescription,0.7868357,0.6622180342674255,0.3313958942890167,True
qb_018504,political,qb_018504__political,0.70561194,0.5648918747901917,0.27738267183303833,True
qb_018504,crime_and_punishment,qb_018504__crime_and_punishment,0.5910084,0.6928953528404236,0.3107459247112274,True
qb_000580,economic,qb_000580__economic,0.58956146,0.6919556260108948,0.20721133053302765,True
qb_000580,quality_of_life,qb_000580__quality_of_life,0.5640158,0.42764782905578613,0.19592419266700745,True
qb_021027,health_and_safety,qb_021027__health_and_safety,0.70221955,0.6821269989013672,0.21575045585632324,True
qb_021027,public_sentiment,qb_021027__public_sentiment,0.7031509,0.6219143867492676,0.2801591157913208,True
qb_021027,policy_prescription,qb_021027__policy_prescription,0.6727914,0.5608465075492859,0.24818101525306702,True
qb_021027,capacity_and_resources,qb_021027__capacity_and_resources,0.7601198,0.6788970828056335,0.22373592853546143,True
qb_021027,political,qb_021027__political,0.725279,0.5757120847702026,0.29586371779441833,True
qb_000980,policy_prescription,qb_000980__policy_prescription,0.84262574,0.785862147808075,0.26056644320487976,True
qb_000980,legality_constitutionality,qb_000980__legality_constitutionality,0.8341186,0.8139054179191589,0.24000298976898193,True
qb_000980,political,qb_000980__political,0.668689,0.6721127033233643,0.24668297171592712,True
qb_000980,security_and_defense,qb_000980__security_and_defense,0.8587212,0.7417592406272888,0.3211546838283539,True
qb_010329,policy_prescription,qb_010329__policy_prescription,0.66704667,0.55963534116745,0.20492394268512726,True
qb_010329,health_and_safety,qb_010329__health_and_safety,0.7684008,0.5998921990394592,0.12489006668329239,True
qb_010329,capacity_and_resources,qb_010329__capacity_and_resources,0.5999405,0.6013925671577454,0.24565517902374268,True
qb_010329,quality_of_life,qb_010329__quality_of_life,0.65605,0.6777815222740173,0.13387398421764374,True
qb_019098,political,qb_019098__political,0.73569995,0.6496840119361877,0.29836899042129517,True
qb_019098,capacity_and_resources,qb_019098__capacity_and_resources,0.70705414,0.48177289962768555,0.2066943645477295,True
qb_019098,public_sentiment,qb_019098__public_sentiment,0.80374974,0.6737741231918335,0.26976919174194336,True
qb_019098,cultural_identity,qb_019098__cultural_identity,0.8184806,0.638759434223175,0.24254965782165527,True
qb_019098,economic,qb_019098__economic,0.733353,0.5548264980316162,0.23306986689567566,True
qb_010281,political,qb_010281__political,0.79545724,0.5947569608688354,0.2483772486448288,True
qb_010281,external_regulation,qb_010281__external_regulation,0.78314495,0.7030827403068542,0.28968900442123413,True
qb_010281,economic,qb_010281__economic,0.7906549,0.5898839235305786,0.25798094272613525,True
qb_010281,public_sentiment,qb_010281__public_sentiment,0.87235767,0.6439116597175598,0.25446590781211853,True
qb_010281,policy_prescription,qb_010281__policy_prescription,0.7737218,0.6412853002548218,0.22066369652748108,True
qb_018537,political,qb_018537__political,0.8398277,0.5849542021751404,0.30137506127357483,True
qb_018537,morality,qb_018537__morality,0.77743685,0.605194091796875,0.25953951478004456,True
qb_018537,public_sentiment,qb_018537__public_sentiment,0.69853127,0.5897912383079529,0.2927702069282532,True
qb_018537,policy_prescription,qb_018537__policy_prescription,0.72733164,0.5740108489990234,0.24734175205230713,True
qb_018537,fairness_and_equality,qb_018537__fairness_and_equality,0.76204807,0.5991689562797546,0.21122431755065918,True
qb_006084,quality_of_life,qb_006084__quality_of_life,0.795902,0.636048436164856,0.23898175358772278,True
qb_006084,public_sentiment,qb_006084__public_sentiment,0.7466874,0.543005108833313,0.26047149300575256,True
qb_003439,policy_prescription,qb_003439__policy_prescription,0.70870775,0.5730494856834412,0.28007763624191284,True
qb_003439,political,qb_003439__political,0.55640686,0.41150033473968506,0.2941902279853821,True
qb_003439,security_and_defense,qb_003439__security_and_defense,0.61527133,0.649303138256073,0.2584708631038666,True
qb_003439,public_sentiment,qb_003439__public_sentiment,0.7937467,0.4833360016345978,0.2623758912086487,True
qb_000312,policy_prescription,qb_000312__policy_prescription,0.75397086,0.591744601726532,0.26134103536605835,True
qb_000312,economic,qb_000312__economic,0.5996579,0.541358470916748,0.16593888401985168,True
qb_000312,political,qb_000312__political,0.82079566,0.652878999710083,0.29330143332481384,True
qb_000312,health_and_safety,qb_000312__health_and_safety,0.75412357,0.6049653887748718,0.26912856101989746,True
qb_018239,political,qb_018239__political,0.91233057,0.47674474120140076,0.22685405611991882,True
qb_018239,security_and_defense,qb_018239__security_and_defense,0.6304035,0.5005760192871094,0.2531631588935852,True
qb_018239,cultural_identity,qb_018239__cultural_identity,0.7474904,0.39018356800079346,0.2593018412590027,True
qb_018239,morality,qb_018239__morality,0.71267116,0.584798276424408,0.32526516914367676,True
qb_018239,crime_and_punishment,qb_018239__crime_and_punishment,0.71244615,0.5448234677314758,0.2322019785642624,True
qb_006507,fairness_and_equality,qb_006507__fairness_and_equality,0.6836469,0.6009302735328674,0.21910583972930908,True
qb_006507,public_sentiment,qb_006507__public_sentiment,0.7132976,0.588078498840332,0.23027949035167694,True
qb_006507,political,qb_006507__political,0.6245453,0.6030609607696533,0.29350951313972473,True
qb_006507,economic,qb_006507__economic,0.8218601,0.5755845904350281,0.22930864989757538,True
qb_006507,policy_prescription,qb_006507__policy_prescription,0.7308073,0.5537631511688232,0.22956085205078125,True
qb_006752,policy_prescription,qb_006752__policy_prescription,0.6715151,0.6525015234947205,0.2727474570274353,True
qb_006752,security_and_defense,qb_006752__security_and_defense,0.79661,0.6594893336296082,0.2314036339521408,True
qb_006752,political,qb_006752__political,0.80042577,0.5751748085021973,0.26552367210388184,True
qb_006752,crime_and_punishment,qb_006752__crime_and_punishment,0.6937635,0.6503320336341858,0.24953684210777283,True
qb_006752,legality_constitutionality,qb_006752__legality_constitutionality,0.8079592,0.6774875521659851,0.267434298992157,True
qb_006752,public_sentiment,qb_006752__public_sentiment,0.8442446,0.6022759675979614,0.2742869555950165,True
qb_008173,crime_and_punishment,qb_008173__crime_and_punishment,0.62542474,0.48841264843940735,0.19535429775714874,True
qb_008173,security_and_defense,qb_008173__security_and_defense,0.67384523,0.524505615234375,0.2103138417005539,True
qb_008173,health_and_safety,qb_008173__health_and_safety,0.82136154,0.5418555736541748,0.21407635509967804,True
qb_009775,economic,qb_009775__economic,0.5331252,0.6501234173774719,0.2573903203010559,True
qb_009775,capacity_and_resources,qb_009775__capacity_and_resources,0.7905131,0.5082817673683167,0.18772588670253754,True
qb_001153,political,qb_001153__political,0.7951313,0.7696263194084167,0.27191582322120667,True
qb_001153,legality_constitutionality,qb_001153__legality_constitutionality,0.7747881,0.6831456422805786,0.239205002784729,True
qb_001153,morality,qb_001153__morality,0.92065203,0.8088922500610352,0.21913614869117737,True
qb_001153,crime_and_punishment,qb_001153__crime_and_punishment,0.82235307,0.7744203805923462,0.2497977465391159,True
qb_001153,cultural_identity,qb_001153__cultural_identity,0.8254492,0.8197741508483887,0.24918897449970245,True
qb_001153,public_sentiment,qb_001153__public_sentiment,0.81429064,0.7822725772857666,0.35263222455978394,True
qb_001047,legality_constitutionality,qb_001047__legality_constitutionality,0.74306154,0.5318126082420349,0.24827328324317932,True
qb_001047,political,qb_001047__political,0.67424333,0.5274974703788757,0.3141453266143799,True
qb_001047,policy_prescription,qb_001047__policy_prescription,0.6649313,0.6044959425926208,0.23571142554283142,True
qb_001047,security_and_defense,qb_001047__security_and_defense,0.75442255,0.5723960995674133,0.24127307534217834,True
qb_012994,health_and_safety,qb_012994__health_and_safety,0.60090625,0.49099498987197876,0.19711993634700775,True
qb_012994,policy_prescription,qb_012994__policy_prescription,0.6596963,0.5347197651863098,0.21912641823291779,True
qb_012994,capacity_and_resources,qb_012994__capacity_and_resources,0.70414853,0.40861135721206665,0.2159568965435028,True
qb_012994,economic,qb_012994__economic,0.6367214,0.4652498662471771,0.26403674483299255,True
qb_012994,quality_of_life,qb_012994__quality_of_life,0.77042675,0.4927964210510254,0.15496346354484558,True
qb_012994,external_regulation,qb_012994__external_regulation,0.5664222,0.42595165967941284,0.12048208713531494,True
qb_018483,health_and_safety,qb_018483__health_and_safety,0.6914364,0.5881754159927368,0.2745993137359619,True
qb_018483,policy_prescription,qb_018483__policy_prescription,0.7098176,0.6779204607009888,0.25939297676086426,True
qb_018483,capacity_and_resources,qb_018483__capacity_and_resources,0.68407315,0.5341125726699829,0.2287428379058838,True
qb_001405,external_regulation,qb_001405__external_regulation,0.75195813,0.6578940153121948,0.22147659957408905,True
qb_001405,security_and_defense,qb_001405__security_and_defense,0.76402056,0.6245473623275757,0.2197825014591217,True
qb_001405,political,qb_001405__political,0.79109645,0.6310150623321533,0.19043460488319397,True
qb_001405,policy_prescription,qb_001405__policy_prescription,0.71322924,0.59519362449646,0.1525510996580124,True
qb_001405,morality,qb_001405__morality,0.73755455,0.6399686932563782,0.1626119166612625,True
qb_000946,policy_prescription,qb_000946__policy_prescription,0.7356204,0.6520540118217468,0.2079741656780243,True
qb_000946,political,qb_000946__political,0.7067407,0.5724602341651917,0.23774118721485138,True
qb_000946,economic,qb_000946__economic,0.73653126,0.5629050135612488,0.25310173630714417,True
qb_000946,quality_of_life,qb_000946__quality_of_life,0.5695796,0.547812283039093,0.22778375446796417,True
qb_003792,political,qb_003792__political,0.7252934,0.6087747812271118,0.36517852544784546,True
qb_003792,public_sentiment,qb_003792__public_sentiment,0.78602004,0.591471254825592,0.18718808889389038,True
qb_004238,economic,qb_004238__economic,0.69477,0.6346256136894226,0.24521727859973907,True
qb_004238,external_regulation,qb_004238__external_regulation,0.7550522,0.6897695660591125,0.2338804006576538,True
qb_004238,policy_prescription,qb_004238__policy_prescription,0.58457357,0.5946217179298401,0.2452680617570877,True
qb_004238,political,qb_004238__political,0.81524813,0.6337091326713562,0.27770310640335083,True
qb_002283,political,qb_002283__political,0.68803364,,0.196153461933136,False
qb_016898,economic,qb_016898__economic,0.5389463,0.3992833197116852,0.11948104202747345,True
qb_016898,policy_prescription,qb_016898__policy_prescription,0.567803,0.5618380904197693,0.1730329543352127,True
qb_016898,quality_of_life,qb_016898__quality_of_life,0.7433836,0.436676025390625,0.14496691524982452,True
qb_016898,public_sentiment,qb_016898__public_sentiment,0.6914789,0.5050104260444641,0.26778167486190796,True
qb_015874,political,qb_015874__political,0.73579526,0.670952558517456,0.37271344661712646,True
qb_015874,policy_prescription,qb_015874__policy_prescription,0.78434765,0.6265765428543091,0.3220744729042053,True
qb_015874,legality_constitutionality,qb_015874__legality_constitutionality,0.7266357,0.5980111956596375,0.30107223987579346,True
qb_015874,public_sentiment,qb_015874__public_sentiment,0.813381,0.6209397912025452,0.26726871728897095,True
qb_015874,fairness_and_equality,qb_015874__fairness_and_equality,0.50111717,0.4457864761352539,0.23640072345733643,True
qb_008486,health_and_safety,qb_008486__health_and_safety,0.6434902,,0.23107627034187317,False
qb_012164,crime_and_punishment,qb_012164__crime_and_punishment,0.78589296,0.4757271707057953,0.2620891034603119,True
qb_012164,political,qb_012164__political,0.8563515,0.5708982348442078,0.2946208417415619,True
qb_012164,legality_constitutionality,qb_012164__legality_constitutionality,0.5364344,0.7192798256874084,0.20833313465118408,True
qb_012164,cultural_identity,qb_012164__cultural_identity,0.7649156,0.5136609077453613,0.23639674484729767,True
qb_009145,external_regulation,qb_009145__external_regulation,0.71570355,0.6041269302368164,0.1857437640428543,True
qb_009145,political,qb_009145__political,0.7972151,0.584196150302887,0.20242054760456085,True
qb_009145,economic,qb_009145__economic,0.7840284,0.6156330108642578,0.23654356598854065,True
qb_009145,security_and_defense,qb_009145__security_and_defense,0.73270047,0.6211755871772766,0.19321885704994202,True
qb_009145,cultural_identity,qb_009145__cultural_identity,0.6929624,0.6082428693771362,0.2038576304912567,True
qb_009145,legality_constitutionality,qb_009145__legality_constitutionality,0.79894876,0.5789174437522888,0.1451224982738495,True
qb_009145,public_sentiment,qb_009145__public_sentiment,0.90109766,0.5877976417541504,0.2029179036617279,True
qb_010649,political,qb_010649__political,0.7156425,0.5666648745536804,0.23772796988487244,True
qb_010649,morality,qb_010649__morality,0.8444636,0.5458680391311646,0.18605239689350128,True
qb_010649,public_sentiment,qb_010649__public_sentiment,0.85113335,0.5696603059768677,0.1896292120218277,True
qb_010649,security_and_defense,qb_010649__security_and_defense,0.7189548,0.6593334674835205,0.21143043041229248,True
qb_010649,cultural_identity,qb_010649__cultural_identity,0.74228376,0.6056169271469116,0.1485719233751297,True
qb_010649,external_regulation,qb_010649__external_regulation,0.7517401,0.5966900587081909,0.2738650143146515,True
qb_010649,capacity_and_resources,qb_010649__capacity_and_resources,0.7692716,0.6032578945159912,0.18098194897174835,True
qb_014822,external_regulation,qb_014822__external_regulation,0.7387069,0.7404232025146484,0.30038028955459595,True
qb_014822,political,qb_014822__political,0.77824265,0.7601889967918396,0.3443439304828644,True
qb_014822,security_and_defense,qb_014822__security_and_defense,0.78677,0.7593664526939392,0.22839602828025818,True
qb_014822,public_sentiment,qb_014822__public_sentiment,0.82021695,0.7414848804473877,0.3382541537284851,True
qb_008960,economic,qb_008960__economic,0.70288503,0.6514959931373596,0.2697787582874298,True
qb_008960,public_sentiment,qb_008960__public_sentiment,0.79200023,0.7175638675689697,0.212550088763237,True
qb_019157,political,qb_019157__political,0.83440197,0.6991887092590332,0.2792275547981262,True
qb_019157,economic,qb_019157__economic,0.69676036,0.7456023693084717,0.21169009804725647,True
qb_019157,fairness_and_equality,qb_019157__fairness_and_equality,0.78403854,0.7298571467399597,0.21424689888954163,True
qb_009891,security_and_defense,qb_009891__security_and_defense,0.6829988,0.3623339831829071,0.19461940228939056,True
qb_009891,political,qb_009891__political,0.62619865,0.3594542145729065,0.2862810492515564,True
qb_017128,legality_constitutionality,qb_017128__legality_constitutionality,0.62884814,0.7009682655334473,0.30564171075820923,True
qb_017128,political,qb_017128__political,0.712141,0.5924978256225586,0.28329306840896606,True
qb_017128,fairness_and_equality,qb_017128__fairness_and_equality,0.71105486,0.588594377040863,0.2549671530723572,True
qb_010213,health_and_safety,qb_010213__health_and_safety,0.74178827,0.6502662301063538,0.19958747923374176,True
qb_010213,political,qb_010213__political,0.62302095,0.6104558110237122,0.241936594247818,True
qb_010213,policy_prescription,qb_010213__policy_prescription,0.7762537,0.6073470711708069,0.14865466952323914,True
qb_010213,legality_constitutionality,qb_010213__legality_constitutionality,0.77845347,0.6746622920036316,0.19840741157531738,True
qb_012083,economic,qb_012083__economic,0.6452962,0.42191481590270996,0.1800428181886673,True
qb_012083,policy_prescription,qb_012083__policy_prescription,0.6380987,0.5180265307426453,0.2722342908382416,True
qb_012083,political,qb_012083__political,0.79585886,0.5907343029975891,0.28498372435569763,True
qb_012083,capacity_and_resources,qb_012083__capacity_and_resources,0.822376,0.4385799169540405,0.28014588356018066,True
qb_008159,economic,qb_008159__economic,0.807505,0.7864320278167725,0.20243485271930695,True
qb_008159,external_regulation,qb_008159__external_regulation,0.8339505,0.7858875393867493,0.21293053030967712,True
qb_008159,political,qb_008159__political,0.78085774,0.6607790589332581,0.20874126255512238,True
qb_008159,capacity_and_resources,qb_008159__capacity_and_resources,0.8032583,0.7409537434577942,0.2602744996547699,True
qb_017540,economic,qb_017540__economic,0.8553114,,0.20584245026111603,False
qb_018217,political,qb_018217__political,0.68713653,0.5768575668334961,0.18742582201957703,True
qb_018217,cultural_identity,qb_018217__cultural_identity,0.7021851,0.6390336751937866,0.2181294858455658,True
qb_018217,public_sentiment,qb_018217__public_sentiment,0.71849084,0.6637463569641113,0.22167304158210754,True
qb_003949,political,qb_003949__political,0.6719996,0.5481270551681519,0.3517586886882782,True
qb_003949,public_sentiment,qb_003949__public_sentiment,0.7298962,0.5290671586990356,0.18234553933143616,True
qb_006529,legality_constitutionality,qb_006529__legality_constitutionality,0.82022196,0.6861364841461182,0.21651199460029602,True
qb_006529,crime_and_punishment,qb_006529__crime_and_punishment,0.8283088,0.7014891505241394,0.22688360512256622,True
qb_006529,political,qb_006529__political,0.78810483,0.5877555012702942,0.258024126291275,True
qb_006529,economic,qb_006529__economic,0.863813,0.6457923650741577,0.22732751071453094,True
qb_011246,political,qb_011246__political,0.7156796,0.3953489065170288,0.24417801201343536,True
qb_011246,economic,qb_011246__economic,0.6720941,0.5725207328796387,0.22330789268016815,True
qb_011246,morality,qb_011246__morality,0.8495563,0.44343459606170654,0.2675537168979645,True
qb_001810,political,qb_001810__political,0.8857306,0.5082287788391113,0.19615483283996582,True
qb_001810,morality,qb_001810__morality,0.8321465,0.5776985883712769,0.19653505086898804,True
qb_001810,public_sentiment,qb_001810__public_sentiment,0.78050166,0.5281697511672974,0.3160250782966614,True
qb_001810,security_and_defense,qb_001810__security_and_defense,0.8371384,0.670661449432373,0.19809000194072723,True
qb_001810,health_and_safety,qb_001810__health_and_safety,0.83574456,0.5258225798606873,0.2667103707790375,True
qb_001810,economic,qb_001810__economic,0.8727908,0.6487618684768677,0.23088113963603973,True
qb_001810,quality_of_life,qb_001810__quality_of_life,0.89352584,0.6565164923667908,0.20200541615486145,True
qb_021049,political,qb_021049__political,0.8160769,0.5643136501312256,0.2845264673233032,True
qb_021049,health_and_safety,qb_021049__health_and_safety,0.70119673,0.5648016929626465,0.24682636559009552,True
qb_021049,public_sentiment,qb_021049__public_sentiment,0.8239044,0.6151764392852783,0.3190839886665344,True
qb_021049,policy_prescription,qb_021049__policy_prescription,0.7776862,0.6690722107887268,0.28499656915664673,True
qb_021049,capacity_and_resources,qb_021049__capacity_and_resources,0.7939758,0.48386508226394653,0.24722866714000702,True
qb_021300,political,qb_021300__political,0.7856374,0.6276320219039917,0.3154429495334625,True
qb_021300,capacity_and_resources,qb_021300__capacity_and_resources,0.7646348,0.6424761414527893,0.24137520790100098,True
qb_021300,health_and_safety,qb_021300__health_and_safety,0.7707309,0.6088805198669434,0.18030260503292084,True
qb_021300,policy_prescription,qb_021300__policy_prescription,0.757336,0.7186493873596191,0.23655179142951965,True
qb_011243,capacity_and_resources,qb_011243__capacity_and_resources,0.64890826,0.5264756083488464,0.23877251148223877,True
qb_011243,economic,qb_011243__economic,0.70384854,0.5595985054969788,0.23149916529655457,True
qb_011243,quality_of_life,qb_011243__quality_of_life,0.66251016,0.5287619233131409,0.16133077442646027,True
qb_011243,security_and_defense,qb_011243__security_and_defense,0.7772237,0.5924797654151917,0.24442847073078156,True
qb_005233,legality_constitutionality,qb_005233__legality_constitutionality,0.87250835,0.7340703010559082,0.2587166428565979,True
qb_005233,health_and_safety,qb_005233__health_and_safety,0.8324233,0.8269419074058533,0.22010870277881622,True
qb_005233,political,qb_005233__political,0.8209111,0.5773118138313293,0.2380818873643875,True
qb_005233,capacity_and_resources,qb_005233__capacity_and_resources,0.7555741,0.6416816711425781,0.20073623955249786,True
qb_020958,cultural_identity,qb_020958__cultural_identity,0.73702383,0.7015240788459778,0.17949366569519043,True
qb_020958,public_sentiment,qb_020958__public_sentiment,0.8194895,0.6845647692680359,0.2724410891532898,True
qb_020958,political,qb_020958__political,0.7624953,0.6652190685272217,0.2658662796020508,True
qb_020958,security_and_defense,qb_020958__security_and_defense,0.69260645,0.502002477645874,0.18550094962120056,True
qb_001914,policy_prescription,qb_001914__policy_prescription,0.7844829,0.6785709857940674,0.2342766970396042,True
qb_001914,crime_and_punishment,qb_001914__crime_and_punishment,0.77600247,0.6728965640068054,0.20368459820747375,True
qb_001914,political,qb_001914__political,0.7090081,0.5912595391273499,0.23527133464813232,True
qb_001914,public_sentiment,qb_001914__public_sentiment,0.77013105,0.6106626987457275,0.3205755352973938,True
qb_001914,fairness_and_equality,qb_001914__fairness_and_equality,0.67498195,0.5752295851707458,0.21415457129478455,True
qb_010980,security_and_defense,qb_010980__security_and_defense,0.72726727,0.6877379417419434,0.2231936752796173,True
qb_010980,political,qb_010980__political,0.81724524,0.6779507398605347,0.25261542201042175,True
qb_016117,political,qb_016117__political,0.737694,0.660184383392334,0.20075993239879608,True
qb_016117,policy_prescription,qb_016117__policy_prescription,0.7696928,0.4117443263530731,0.22717614471912384,True
qb_016117,external_regulation,qb_016117__external_regulation,0.82328004,0.566321611404419,0.22297313809394836,True
qb_016117,cultural_identity,qb_016117__cultural_identity,0.77093256,0.6444138288497925,0.26337960362434387,True
qb_016117,public_sentiment,qb_016117__public_sentiment,0.945531,0.6534974575042725,0.2724168300628662,True
qb_014689,political,qb_014689__political,0.5888359,0.48471295833587646,0.2458363026380539,True
qb_014689,policy_prescription,qb_014689__policy_prescription,0.71240985,0.5544756054878235,0.2715136408805847,True
qb_014689,legality_constitutionality,qb_014689__legality_constitutionality,0.7631159,0.6162486672401428,0.29795777797698975,True
qb_014689,economic,qb_014689__economic,0.55552995,0.40993988513946533,0.26314306259155273,True
qb_002304,policy_prescription,qb_002304__policy_prescription,0.6966707,0.6567363739013672,0.26292750239372253,True
qb_002304,cultural_identity,qb_002304__cultural_identity,0.7304034,0.6552161574363708,0.2464979887008667,True
qb_002304,public_sentiment,qb_002304__public_sentiment,0.8374696,0.7726724147796631,0.28072208166122437,True
qb_002304,political,qb_002304__political,0.83122104,0.6610437631607056,0.28483542799949646,True
qb_020811,security_and_defense,qb_020811__security_and_defense,0.78501326,0.6804684996604919,0.2475544512271881,True
qb_020811,political,qb_020811__political,0.83385557,0.655937671661377,0.2457154244184494,True
qb_020811,external_regulation,qb_020811__external_regulation,0.73232675,0.6507535576820374,0.20870395004749298,True
qb_020811,policy_prescription,qb_020811__policy_prescription,0.7343403,0.7256342768669128,0.2767617404460907,True
qb_017798,political,qb_017798__political,0.7643379,0.7029331922531128,0.2840002179145813,True
qb_017798,legality_constitutionality,qb_017798__legality_constitutionality,0.7810738,0.59055095911026,0.26173579692840576,True
qb_017798,crime_and_punishment,qb_017798__crime_and_punishment,0.7283114,0.5872089862823486,0.2571289539337158,True
qb_017798,security_and_defense,qb_017798__security_and_defense,0.6895468,0.5430939197540283,0.266651451587677,True
qb_017798,public_sentiment,qb_017798__public_sentiment,0.7983873,0.567354679107666,0.23753531277179718,True
qb_016363,economic,qb_016363__economic,0.6499367,0.5050166249275208,0.19514329731464386,True
qb_016363,policy_prescription,qb_016363__policy_prescription,0.6433937,0.5936434864997864,0.22303728759288788,True
qb_016363,political,qb_016363__political,0.7333962,0.5830346345901489,0.2823389172554016,True
qb_016363,fairness_and_equality,qb_016363__fairness_and_equality,0.7912313,0.5407420992851257,0.21733565628528595,True
qb_021566,public_sentiment,qb_021566__public_sentiment,0.7592507,0.6271620392799377,0.19432902336120605,True
qb_021566,health_and_safety,qb_021566__health_and_safety,0.7344507,0.5926197171211243,0.22132238745689392,True
qb_021566,policy_prescription,qb_021566__policy_prescription,0.6916286,0.5731804966926575,0.2726738452911377,True
qb_004962,legality_constitutionality,qb_004962__legality_constitutionality,0.69508207,0.6017241477966309,0.22734007239341736,True
qb_004962,political,qb_004962__political,0.7957167,0.5211985111236572,0.34587642550468445,True
qb_011691,cultural_identity,qb_011691__cultural_identity,0.82363963,0.6363765597343445,0.21519999206066132,True
qb_011691,political,qb_011691__political,0.7636799,0.6263158917427063,0.3017505407333374,True
qb_011691,fairness_and_equality,qb_011691__fairness_and_equality,0.7088074,0.6476664543151855,0.16444924473762512,True
qb_011691,legality_constitutionality,qb_011691__legality_constitutionality,0.6688087,0.594735324382782,0.20633742213249207,True
qb_011691,public_sentiment,qb_011691__public_sentiment,0.7522478,0.5019798278808594,0.2813689410686493,True
qb_011691,policy_prescription,qb_011691__policy_prescription,0.8020988,0.5757132768630981,0.1907365322113037,True
qb_001055,public_sentiment,qb_001055__public_sentiment,0.75412166,0.5847988128662109,0.17524027824401855,True
qb_001055,cultural_identity,qb_001055__cultural_identity,0.9044219,0.6855612397193909,0.14864203333854675,True
qb_001055,fairness_and_equality,qb_001055__fairness_and_equality,0.8362392,0.6005241274833679,0.16120052337646484,True
qb_001055,morality,qb_001055__morality,0.74076355,0.6691378951072693,0.19430701434612274,True
qb_006935,political,qb_006935__political,0.66565466,,0.2741168141365051,False
qb_000833,security_and_defense,qb_000833__security_and_defense,0.66448593,0.7458512187004089,0.20814228057861328,True
qb_000833,capacity_and_resources,qb_000833__capacity_and_resources,0.86398244,0.675142765045166,0.23048636317253113,True
qb_000833,health_and_safety,qb_000833__health_and_safety,0.7624251,0.7609763145446777,0.15666988492012024,True
qb_000833,political,qb_000833__political,0.8191123,0.6319820880889893,0.22005856037139893,True
qb_021510,external_regulation,qb_021510__external_regulation,0.8135333,0.6617096662521362,0.33914217352867126,True
qb_021510,political,qb_021510__political,0.74765825,0.6841322183609009,0.2836697995662689,True
qb_021510,public_sentiment,qb_021510__public_sentiment,0.88982046,0.6375901699066162,0.3907485008239746,True
qb_016953,legality_constitutionality,qb_016953__legality_constitutionality,0.8328817,0.6514843702316284,0.2604709565639496,True
qb_016953,political,qb_016953__political,0.73041487,0.4523402154445648,0.25305330753326416,True
qb_016953,health_and_safety,qb_016953__health_and_safety,0.657006,0.6026509404182434,0.228009432554245,True
qb_016953,policy_prescription,qb_016953__policy_prescription,0.7344048,0.5084092617034912,0.16761192679405212,True
qb_003961,political,qb_003961__political,0.652219,0.6482101678848267,0.18580959737300873,True
qb_003961,cultural_identity,qb_003961__cultural_identity,0.73376834,0.6479372978210449,0.2285197675228119,True
qb_003961,public_sentiment,qb_003961__public_sentiment,0.8153721,0.6353212594985962,0.3126429617404938,True
qb_003961,fairness_and_equality,qb_003961__fairness_and_equality,0.70089704,0.5413028001785278,0.26477232575416565,True
qb_003961,morality,qb_003961__morality,0.78356946,0.6298341751098633,0.2924092710018158,True
qb_020761,legality_constitutionality,qb_020761__legality_constitutionality,0.5698683,0.43372347950935364,0.2941226363182068,True
qb_020761,morality,qb_020761__morality,0.75758326,0.5012062788009644,0.32783931493759155,True
qb_020761,political,qb_020761__political,0.7481876,0.4725855588912964,0.33104246854782104,True
qb_020761,public_sentiment,qb_020761__public_sentiment,0.7437544,0.5368514060974121,0.2776237428188324,True
qb_020761,cultural_identity,qb_020761__cultural_identity,0.8551074,0.5584198236465454,0.27383193373680115,True
qb_001944,political,qb_001944__political,0.6904055,0.5239120721817017,0.21015062928199768,True
qb_001944,policy_prescription,qb_001944__policy_prescription,0.6506529,0.49670135974884033,0.2892075181007385,True
qb_001944,economic,qb_001944__economic,0.68053806,0.5485717058181763,0.213425874710083,True
qb_020879,security_and_defense,qb_020879__security_and_defense,0.8152197,0.7284970283508301,0.19329103827476501,True
qb_020879,cultural_identity,qb_020879__cultural_identity,0.7832007,0.7006939053535461,0.1640762984752655,True
qb_020879,public_sentiment,qb_020879__public_sentiment,0.80856377,0.6809861063957214,0.23611637949943542,True
qb_020879,quality_of_life,qb_020879__quality_of_life,0.73382115,0.6483096480369568,0.20902416110038757,True
qb_017763,political,qb_017763__political,0.8328012,0.6982238292694092,0.30112385749816895,True
qb_017763,morality,qb_017763__morality,0.70347285,0.6789800524711609,0.2810940742492676,True
qb_017763,public_sentiment,qb_017763__public_sentiment,0.83510315,0.6714696884155273,0.31190481781959534,True
qb_021674,political,qb_021674__political,0.8302551,0.6531589031219482,0.27390551567077637,True
qb_021674,legality_constitutionality,qb_021674__legality_constitutionality,0.7801355,0.6954646110534668,0.27282387018203735,True
qb_021674,crime_and_punishment,qb_021674__crime_and_punishment,0.87122375,0.6392464637756348,0.2795271575450897,True
qb_018198,political,qb_018198__political,0.74253964,0.6641896367073059,0.292562872171402,True
qb_018198,legality_constitutionality,qb_018198__legality_constitutionality,0.8266455,0.6370221972465515,0.2031969279050827,True
qb_018312,health_and_safety,qb_018312__health_and_safety,0.8435222,0.7823182940483093,0.17819039523601532,True
qb_018312,policy_prescription,qb_018312__policy_prescription,0.8211384,0.788029134273529,0.19038398563861847,True
qb_018312,public_sentiment,qb_018312__public_sentiment,0.87205213,0.6761385798454285,0.17402705550193787,True
qb_018312,capacity_and_resources,qb_018312__capacity_and_resources,0.85634387,0.7490589022636414,0.2721955180168152,True
qb_003991,political,qb_003991__political,0.8277236,0.6272051930427551,0.22397518157958984,True
qb_003991,capacity_and_resources,qb_003991__capacity_and_resources,0.7018408,0.6746559143066406,0.25643154978752136,True
qb_012275,political,qb_012275__political,0.7170784,,0.23239345848560333,False
qb_008588,political,qb_008588__political,0.62831134,0.7161133289337158,0.19499468803405762,True
qb_008588,policy_prescription,qb_008588__policy_prescription,0.81238556,0.6611810326576233,0.2453894168138504,True
qb_008588,cultural_identity,qb_008588__cultural_identity,0.7961302,0.6281620860099792,0.212640643119812,True
qb_008588,fairness_and_equality,qb_008588__fairness_and_equality,0.7655582,0.6292456388473511,0.20799808204174042,True
qb_008588,morality,qb_008588__morality,0.71143454,0.6455291509628296,0.21407708525657654,True
qb_015158,political,qb_015158__political,0.763867,0.421424001455307,0.2983725368976593,True
qb_015158,external_regulation,qb_015158__external_regulation,0.56859684,0.5673280358314514,0.19485028088092804,True
qb_015158,policy_prescription,qb_015158__policy_prescription,0.6692254,0.42809221148490906,0.2217140942811966,True
qb_015158,legality_constitutionality,qb_015158__legality_constitutionality,0.7195246,0.5605011582374573,0.25990360975265503,True
qb_015158,economic,qb_015158__economic,0.71241856,0.43834856152534485,0.19336000084877014,True
qb_002768,political,qb_002768__political,0.62820995,,0.20086470246315002,False
qb_019446,political,qb_019446__political,0.8554647,0.6882529258728027,0.31370869278907776,True
qb_019446,health_and_safety,qb_019446__health_and_safety,0.75531584,0.6710858345031738,0.25428253412246704,True
qb_019446,legality_constitutionality,qb_019446__legality_constitutionality,0.7621403,0.6077088713645935,0.2346549928188324,True
qb_019446,public_sentiment,qb_019446__public_sentiment,0.8559838,0.6267189979553223,0.27835139632225037,True
qb_020897,legality_constitutionality,qb_020897__legality_constitutionality,0.7407834,0.6568610072135925,0.2967034876346588,True
qb_020897,crime_and_punishment,qb_020897__crime_and_punishment,0.6415659,0.5683541297912598,0.2401147335767746,True
qb_020897,political,qb_020897__political,0.68152905,0.6463773846626282,0.23657336831092834,True
qb_020897,public_sentiment,qb_020897__public_sentiment,0.6983314,0.5408951640129089,0.2475239783525467,True
qb_007769,political,qb_007769__political,0.6400892,0.4930533468723297,0.2921222746372223,True
qb_007769,external_regulation,qb_007769__external_regulation,0.78865236,0.45464423298835754,0.2164267748594284,True
qb_007769,economic,qb_007769__economic,0.6221131,0.5264398455619812,0.2530326545238495,True
qb_007769,capacity_and_resources,qb_007769__capacity_and_resources,0.62483144,0.45043525099754333,0.17179711163043976,True
qb_008399,security_and_defense,qb_008399__security_and_defense,0.6974243,0.6161171197891235,0.22132956981658936,True
qb_008399,policy_prescription,qb_008399__policy_prescription,0.76378965,0.6180221438407898,0.20272941887378693,True
qb_008399,health_and_safety,qb_008399__health_and_safety,0.8425895,0.5375620722770691,0.17303895950317383,True
qb_008399,external_regulation,qb_008399__external_regulation,0.7247683,0.6167629361152649,0.1936357021331787,True
qb_008399,capacity_and_resources,qb_008399__capacity_and_resources,0.78025883,0.629392683506012,0.24380716681480408,True
qb_008399,political,qb_008399__political,0.8209363,0.5573642253875732,0.23794016242027283,True
qb_017334,political,qb_017334__political,0.75098,0.4165017008781433,0.34555739164352417,True
qb_017334,legality_constitutionality,qb_017334__legality_constitutionality,0.6116584,0.3515174090862274,0.26396721601486206,True
qb_015695,morality,qb_015695__morality,0.6275088,0.5235022306442261,0.2678118348121643,True
qb_015695,external_regulation,qb_015695__external_regulation,0.67620575,0.43199998140335083,0.20655901730060577,True
qb_015695,economic,qb_015695__economic,0.68718123,0.5121665000915527,0.21717412769794464,True
qb_015695,political,qb_015695__political,0.66356057,0.4773118197917938,0.21350379288196564,True
qb_015695,public_sentiment,qb_015695__public_sentiment,0.7011527,0.3811728358268738,0.2551165521144867,True
qb_013745,health_and_safety,qb_013745__health_and_safety,0.7047322,0.5248666405677795,0.28773990273475647,True
qb_013745,crime_and_punishment,qb_013745__crime_and_punishment,0.8242984,0.5807403326034546,0.2896566390991211,True
qb_013745,political,qb_013745__political,0.6350677,0.5113041996955872,0.22685472667217255,True
qb_013745,policy_prescription,qb_013745__policy_prescription,0.691193,0.5831050872802734,0.21317796409130096,True
qb_013745,morality,qb_013745__morality,0.7777896,0.5083114504814148,0.24440017342567444,True
qb_013745,public_sentiment,qb_013745__public_sentiment,0.7459229,0.5127190351486206,0.2315426766872406,True
qb_013745,cultural_identity,qb_013745__cultural_identity,0.5933757,0.5171788930892944,0.22016480565071106,True
qb_013745,fairness_and_equality,qb_013745__fairness_and_equality,0.6876615,0.5279523134231567,0.1888447254896164,True
qb_011680,security_and_defense,qb_011680__security_and_defense,0.90494496,0.712990939617157,0.2021101713180542,True
qb_011680,external_regulation,qb_011680__external_regulation,0.684073,0.564612627029419,0.22649726271629333,True
qb_011680,political,qb_011680__political,0.6955683,0.5963782668113708,0.2573702037334442,True
qb_011680,cultural_identity,qb_011680__cultural_identity,0.79138374,0.6720099449157715,0.18311454355716705,True
qb_010274,legality_constitutionality,qb_010274__legality_constitutionality,0.80672014,0.6442157626152039,0.31916970014572144,True
qb_010274,political,qb_010274__political,0.808813,0.5949984788894653,0.3131193518638611,True
qb_010274,security_and_defense,qb_010274__security_and_defense,0.77344894,0.7205501794815063,0.2869574725627899,True
qb_020943,public_sentiment,qb_020943__public_sentiment,0.8017147,0.6123843193054199,0.2001025378704071,True
qb_020943,quality_of_life,qb_020943__quality_of_life,0.8061701,0.6222232580184937,0.17031307518482208,True
qb_020943,morality,qb_020943__morality,0.7306497,0.5947921276092529,0.17942042648792267,True
qb_020943,crime_and_punishment,qb_020943__crime_and_punishment,0.7231082,0.5594425797462463,0.2557101249694824,True
qb_020943,economic,qb_020943__economic,0.90432656,0.6179279088973999,0.18900761008262634,True
qb_001555,economic,qb_001555__economic,0.7930429,0.5777484774589539,0.2059023380279541,True
qb_001555,health_and_safety,qb_001555__health_and_safety,0.7692898,0.6279276609420776,0.25031179189682007,True
qb_020906,political,qb_020906__political,0.8682118,0.6638887524604797,0.2210470736026764,True
qb_020906,security_and_defense,qb_020906__security_and_defense,0.75777,0.6762994527816772,0.22540462017059326,True
qb_020906,crime_and_punishment,qb_020906__crime_and_punishment,0.8258938,0.6868331432342529,0.2451164424419403,True
qb_000215,political,qb_000215__political,0.73898196,0.5966173410415649,0.2743922173976898,True
qb_000215,legality_constitutionality,qb_000215__legality_constitutionality,0.8079285,0.5658537745475769,0.27779853343963623,True
qb_000215,public_sentiment,qb_000215__public_sentiment,0.8461654,0.6031111478805542,0.2583373486995697,True
qb_000441,security_and_defense,qb_000441__security_and_defense,0.86989844,0.7672187685966492,0.24034306406974792,True
qb_000441,capacity_and_resources,qb_000441__capacity_and_resources,0.80921495,0.7526817321777344,0.23105506598949432,True
qb_000441,public_sentiment,qb_000441__public_sentiment,0.81924653,0.7539523243904114,0.22441832721233368,True
qb_000441,cultural_identity,qb_000441__cultural_identity,0.8396699,0.6988465785980225,0.18148061633110046,True
qb_017585,political,qb_017585__political,0.7263208,0.4939540922641754,0.26173293590545654,True
qb_017585,external_regulation,qb_017585__external_regulation,0.71865076,0.6612789630889893,0.19216008484363556,True
qb_017585,security_and_defense,qb_017585__security_and_defense,0.6545664,0.5882649421691895,0.19364634156227112,True
qb_017585,policy_prescription,qb_017585__policy_prescription,0.68257785,0.7496766448020935,0.23268690705299377,True
qb_008788,capacity_and_resources,qb_008788__capacity_and_resources,0.6614241,0.48040294647216797,0.19886590540409088,True
qb_008788,political,qb_008788__political,0.7704812,0.5069035291671753,0.28679436445236206,True
qb_004668,legality_constitutionality,qb_004668__legality_constitutionality,0.78831,0.7927478551864624,0.2750994563102722,True
qb_004668,political,qb_004668__political,0.8218502,0.671695351600647,0.29392924904823303,True
qb_004668,crime_and_punishment,qb_004668__crime_and_punishment,0.78770256,0.6931754350662231,0.2898910641670227,True
qb_015223,political,qb_015223__political,0.7469975,0.667129397392273,0.25037887692451477,True
qb_015223,legality_constitutionality,qb_015223__legality_constitutionality,0.7862713,0.8432986736297607,0.25694242119789124,True
qb_004099,political,qb_004099__political,0.62390924,0.6190316081047058,0.25287216901779175,True
qb_004099,policy_prescription,qb_004099__policy_prescription,0.67382056,0.5948466658592224,0.2552404999732971,True
qb_004099,legality_constitutionality,qb_004099__legality_constitutionality,0.7558509,0.6057694554328918,0.29031476378440857,True
qb_004099,economic,qb_004099__economic,0.7312673,0.6364451050758362,0.3065255284309387,True
qb_011695,economic,qb_011695__economic,0.6671599,0.6117794513702393,0.24025583267211914,True
qb_011695,policy_prescription,qb_011695__policy_prescription,0.7496673,0.5330245494842529,0.2450827658176422,True
qb_011695,health_and_safety,qb_011695__health_and_safety,0.7540027,0.5926312804222107,0.2169807255268097,True
qb_011695,political,qb_011695__political,0.78354776,0.5898866057395935,0.263601690530777,True
qb_006115,external_regulation,qb_006115__external_regulation,0.75884545,0.663097620010376,0.23923476040363312,True
qb_006115,security_and_defense,qb_006115__security_and_defense,0.7446673,0.7414833307266235,0.27760225534439087,True
qb_006115,political,qb_006115__political,0.7568353,0.6441189050674438,0.22830232977867126,True
qb_004476,legality_constitutionality,qb_004476__legality_constitutionality,0.6477494,0.6037072539329529,0.26585501432418823,True
qb_004476,political,qb_004476__political,0.7467816,0.4760255813598633,0.2727321684360504,True
qb_004476,security_and_defense,qb_004476__security_and_defense,0.76878256,0.6814473271369934,0.27654919028282166,True
qb_004476,capacity_and_resources,qb_004476__capacity_and_resources,0.737866,0.5408678650856018,0.30475401878356934,True
qb_021083,political,qb_021083__political,0.7450461,0.6103043556213379,0.1979135274887085,True
qb_021083,public_sentiment,qb_021083__public_sentiment,0.86312044,0.6466861963272095,0.3176920413970947,True
qb_021083,morality,qb_021083__morality,0.74578667,0.584435224533081,0.2505059838294983,True
qb_019149,crime_and_punishment,qb_019149__crime_and_punishment,0.6861086,0.5941600203514099,0.18485839664936066,True
qb_019149,security_and_defense,qb_019149__security_and_defense,0.7243391,0.5449994802474976,0.26096659898757935,True
qb_010619,legality_constitutionality,qb_010619__legality_constitutionality,0.74242866,0.7224607467651367,0.22438916563987732,True
qb_010619,policy_prescription,qb_010619__policy_prescription,0.72855586,0.6913270354270935,0.2513015568256378,True
qb_010619,political,qb_010619__political,0.73564273,0.6847994923591614,0.2677305042743683,True
qb_000218,legality_constitutionality,qb_000218__legality_constitutionality,0.7535906,0.6516231894493103,0.26463499665260315,True
qb_000218,crime_and_punishment,qb_000218__crime_and_punishment,0.7164425,0.7015840411186218,0.22036990523338318,True
qb_000218,morality,qb_000218__morality,0.7266387,0.6969842910766602,0.23812174797058105,True
qb_000218,cultural_identity,qb_000218__cultural_identity,0.82478,0.7127153277397156,0.21000578999519348,True
qb_020170,policy_prescription,qb_020170__policy_prescription,0.73910975,0.6331777572631836,0.23447787761688232,True
qb_020170,security_and_defense,qb_020170__security_and_defense,0.93839324,0.6666229963302612,0.22636711597442627,True
qb_020170,health_and_safety,qb_020170__health_and_safety,0.7876192,0.6732124090194702,0.2611655294895172,True
qb_020170,political,qb_020170__political,0.78604007,0.45058202743530273,0.2639135420322418,True
qb_020170,economic,qb_020170__economic,0.84203744,0.6994025111198425,0.21498200297355652,True
qb_020170,capacity_and_resources,qb_020170__capacity_and_resources,0.7449546,0.6575292348861694,0.22934968769550323,True
qb_020170,legality_constitutionality,qb_020170__legality_constitutionality,0.82461387,0.6910461187362671,0.23623549938201904,True
qb_020170,crime_and_punishment,qb_020170__crime_and_punishment,0.74454737,0.578112781047821,0.26665186882019043,True
qb_002264,legality_constitutionality,qb_002264__legality_constitutionality,0.81263906,0.6874223947525024,0.23774774372577667,True
qb_002264,policy_prescription,qb_002264__policy_prescription,0.64188254,0.621297299861908,0.31446021795272827,True
qb_002264,political,qb_002264__political,0.77032053,0.6968348622322083,0.2659740447998047,True
qb_002264,security_and_defense,qb_002264__security_and_defense,0.71580374,0.6679402589797974,0.34154295921325684,True
qb_002264,capacity_and_resources,qb_002264__capacity_and_resources,0.86479694,0.629792332649231,0.2855067551136017,True
qb_002264,morality,qb_002264__morality,0.6759368,0.6500476002693176,0.28195303678512573,True
qb_020259,security_and_defense,qb_020259__security_and_defense,0.5792407,0.7154313325881958,0.1942553073167801,True
qb_020259,crime_and_punishment,qb_020259__crime_and_punishment,0.61855185,0.5849413871765137,0.24550065398216248,True
qb_020259,health_and_safety,qb_020259__health_and_safety,0.6299499,0.6326861381530762,0.24521851539611816,True
qb_021610,economic,qb_021610__economic,0.5605107,0.4553172290325165,0.2107793390750885,True
qb_021610,capacity_and_resources,qb_021610__capacity_and_resources,0.69076264,0.4490557312965393,0.19704130291938782,True
qb_021610,public_sentiment,qb_021610__public_sentiment,0.59801555,0.5452038645744324,0.2507641911506653,True
qb_020488,morality,qb_020488__morality,0.71852934,0.6084909439086914,0.26496145129203796,True
qb_020488,political,qb_020488__political,0.6993656,0.6127031445503235,0.22578144073486328,True
qb_020488,legality_constitutionality,qb_020488__legality_constitutionality,0.7476791,0.5582647919654846,0.15592887997627258,True
qb_020488,public_sentiment,qb_020488__public_sentiment,0.70154464,0.5905521512031555,0.22113756835460663,True
qb_020488,health_and_safety,qb_020488__health_and_safety,0.70825547,0.5738677978515625,0.2733587324619293,True
qb_020488,policy_prescription,qb_020488__policy_prescription,0.79159933,0.6166456937789917,0.24496419727802277,True
qb_013333,legality_constitutionality,qb_013333__legality_constitutionality,0.7481495,0.5745551586151123,0.1923127919435501,True
qb_013333,political,qb_013333__political,0.7019099,0.6455097198486328,0.2623027265071869,True
qb_014080,political,qb_014080__political,0.7032128,0.6321228742599487,0.2556224465370178,True
qb_014080,legality_constitutionality,qb_014080__legality_constitutionality,0.69819194,0.5815008282661438,0.2569393515586853,True
qb_014080,fairness_and_equality,qb_014080__fairness_and_equality,0.74329025,0.5752557516098022,0.21238425374031067,True
qb_014080,cultural_identity,qb_014080__cultural_identity,0.64184964,0.5036100745201111,0.2738937437534332,True
qb_014080,morality,qb_014080__morality,0.7411674,0.6356275081634521,0.2504090666770935,True
qb_021668,political,qb_021668__political,0.865088,0.819925844669342,0.29303792119026184,True
qb_021668,public_sentiment,qb_021668__public_sentiment,0.82666796,0.7977863550186157,0.17846539616584778,True
qb_018539,security_and_defense,qb_018539__security_and_defense,0.58980775,0.6991324424743652,0.2546473741531372,True
qb_018539,political,qb_018539__political,0.87259257,0.555598795413971,0.2406599074602127,True
qb_018539,external_regulation,qb_018539__external_regulation,0.7225406,0.6093347072601318,0.25185805559158325,True
qb_002565,policy_prescription,qb_002565__policy_prescription,0.54818904,0.614291787147522,0.24550656974315643,True
qb_002565,legality_constitutionality,qb_002565__legality_constitutionality,0.73806924,0.6883231997489929,0.2486834079027176,True
qb_002565,external_regulation,qb_002565__external_regulation,0.7396869,0.6450445652008057,0.2588106095790863,True
qb_002565,morality,qb_002565__morality,0.74814576,0.46170157194137573,0.17765532433986664,True
qb_002565,economic,qb_002565__economic,0.6713597,0.5948337912559509,0.21690909564495087,True
qb_002565,political,qb_002565__political,0.84372556,0.6368235349655151,0.2209186553955078,True
qb_002565,cultural_identity,qb_002565__cultural_identity,0.88294256,0.6291834115982056,0.2121308147907257,True
qb_011356,political,qb_011356__political,0.68982303,0.6075304746627808,0.2412852793931961,True
qb_011356,policy_prescription,qb_011356__policy_prescription,0.74014914,0.6341331601142883,0.21825666725635529,True
qb_011356,economic,qb_011356__economic,0.67323136,0.6251873970031738,0.1456483006477356,True
qb_019622,economic,qb_019622__economic,0.6499917,0.4997507929801941,0.19614741206169128,True
qb_019622,public_sentiment,qb_019622__public_sentiment,0.8641484,0.6118606328964233,0.2143210470676422,True
qb_010162,political,qb_010162__political,0.6506809,0.6113086938858032,0.2856578528881073,True
qb_010162,public_sentiment,qb_010162__public_sentiment,0.6799121,0.5964653491973877,0.233951598405838,True
qb_006661,health_and_safety,qb_006661__health_and_safety,0.5778158,0.3984319567680359,0.1604197770357132,True
qb_006661,public_sentiment,qb_006661__public_sentiment,0.8513818,0.45089519023895264,0.1829468011856079,True
qb_006661,legality_constitutionality,qb_006661__legality_constitutionality,0.6853974,0.5309527516365051,0.21946477890014648,True
qb_005403,economic,qb_005403__economic,0.6433855,0.7820221185684204,0.19415339827537537,True
qb_005403,policy_prescription,qb_005403__policy_prescription,0.7751049,0.6549831628799438,0.26030099391937256,True
qb_005403,political,qb_005403__political,0.75884336,0.5781219005584717,0.17572352290153503,True
qb_018027,policy_prescription,qb_018027__policy_prescription,0.7842152,0.7238772511482239,0.2195681631565094,True
qb_018027,capacity_and_resources,qb_018027__capacity_and_resources,0.8135979,0.6297084093093872,0.1876692920923233,True
qb_018027,security_and_defense,qb_018027__security_and_defense,0.6551175,0.6378269195556641,0.24105802178382874,True
qb_018027,political,qb_018027__political,0.72646964,0.6287332773208618,0.26588115096092224,True
qb_018027,external_regulation,qb_018027__external_regulation,0.72339046,0.5954488515853882,0.19907698035240173,True
qb_006305,cultural_identity,qb_006305__cultural_identity,0.77422667,,0.1964154839515686,False
qb_016231,political,qb_016231__political,0.8258002,0.731025218963623,0.2678353190422058,True
qb_016231,policy_prescription,qb_016231__policy_prescription,0.77091867,0.5963588356971741,0.25631341338157654,True
qb_016231,public_sentiment,qb_016231__public_sentiment,0.8652329,0.6245443224906921,0.3038696050643921,True
qb_016231,morality,qb_016231__morality,0.70797616,0.5678198933601379,0.2334536761045456,True
qb_017953,legality_constitutionality,qb_017953__legality_constitutionality,0.6572356,0.5814884901046753,0.23571941256523132,True
qb_017953,political,qb_017953__political,0.80995154,0.6766912937164307,0.22621925175189972,True
qb_017953,policy_prescription,qb_017953__policy_prescription,0.7516269,0.5379600524902344,0.22485652565956116,True
qb_017953,economic,qb_017953__economic,0.7159952,0.6384066343307495,0.23511087894439697,True
qb_017953,capacity_and_resources,qb_017953__capacity_and_resources,0.6869052,0.6769613027572632,0.2413392961025238,True
qb_020925,policy_prescription,qb_020925__policy_prescription,0.77627945,0.6813916563987732,0.3108495771884918,True
qb_020925,security_and_defense,qb_020925__security_and_defense,0.7914686,0.7978701591491699,0.2900424003601074,True
qb_020925,economic,qb_020925__economic,0.7252816,0.6356555819511414,0.25945335626602173,True
qb_020925,political,qb_020925__political,0.6597532,0.6613767743110657,0.28118735551834106,True
qb_018122,security_and_defense,qb_018122__security_and_defense,0.73517925,0.6516504883766174,0.1806674301624298,True
qb_018122,public_sentiment,qb_018122__public_sentiment,0.8438225,0.5372229814529419,0.1600281447172165,True
qb_018122,political,qb_018122__political,0.79434204,0.6998853087425232,0.24413016438484192,True
qb_014415,political,qb_014415__political,0.8633432,0.6534106731414795,0.2429058849811554,True
qb_014415,economic,qb_014415__economic,0.5967404,0.5665379762649536,0.21663737297058105,True
qb_014415,public_sentiment,qb_014415__public_sentiment,0.72173417,0.5451210737228394,0.30059999227523804,True
qb_014415,policy_prescription,qb_014415__policy_prescription,0.73391926,0.7107479572296143,0.24168531596660614,True
qb_014415,quality_of_life,qb_014415__quality_of_life,0.8350285,0.6010690331459045,0.18944567441940308,True
qb_021702,political,qb_021702__political,0.7524985,0.549616813659668,0.18739566206932068,True
qb_021702,legality_constitutionality,qb_021702__legality_constitutionality,0.7899606,0.6880669593811035,0.2854149341583252,True
qb_010547,public_sentiment,qb_010547__public_sentiment,0.7087754,0.616570770740509,0.2424989640712738,True
qb_010547,political,qb_010547__political,0.7454516,0.6060599088668823,0.32901236414909363,True
qb_007350,political,qb_007350__political,0.7085147,0.6290256977081299,0.2593340277671814,True
qb_007350,external_regulation,qb_007350__external_regulation,0.74904466,0.6016770005226135,0.3102341294288635,True
qb_010754,legality_constitutionality,qb_010754__legality_constitutionality,0.79845715,0.7908161282539368,0.28975197672843933,True
qb_010754,external_regulation,qb_010754__external_regulation,0.81429696,0.7199161648750305,0.3023253083229065,True
qb_010754,crime_and_punishment,qb_010754__crime_and_punishment,0.75331354,0.7080651521682739,0.24523182213306427,True
qb_010754,security_and_defense,qb_010754__security_and_defense,0.7565528,0.6792162656784058,0.23102736473083496,True
qb_010754,political,qb_010754__political,0.7122319,0.6745467185974121,0.3195311725139618,True
qb_007703,economic,qb_007703__economic,0.8153286,0.5937846899032593,0.2065204381942749,True
qb_007703,capacity_and_resources,qb_007703__capacity_and_resources,0.75094295,0.586006760597229,0.1991393268108368,True
qb_007703,quality_of_life,qb_007703__quality_of_life,0.78023183,0.5983744859695435,0.17991474270820618,True
qb_001879,security_and_defense,qb_001879__security_and_defense,0.6952526,0.7053263783454895,0.1911161243915558,True
qb_001879,crime_and_punishment,qb_001879__crime_and_punishment,0.6993912,0.6180411577224731,0.29689663648605347,True
qb_001879,political,qb_001879__political,0.9109878,0.6820375919342041,0.24047724902629852,True
qb_001879,policy_prescription,qb_001879__policy_prescription,0.67512786,0.520267903804779,0.2411445677280426,True
qb_001879,public_sentiment,qb_001879__public_sentiment,0.8602939,0.5762190818786621,0.24921777844429016,True
qb_001879,legality_constitutionality,qb_001879__legality_constitutionality,0.8602166,0.6591954231262207,0.2814919948577881,True
qb_013387,political,qb_013387__political,0.81140316,0.7384448051452637,0.22484402358531952,True
qb_013387,public_sentiment,qb_013387__public_sentiment,0.81115156,0.7977682948112488,0.21117810904979706,True
qb_000481,political,qb_000481__political,0.7033002,0.45991402864456177,0.28455403447151184,True
qb_000481,policy_prescription,qb_000481__policy_prescription,0.60429174,0.4743218421936035,0.20648150146007538,True
qb_007868,health_and_safety,qb_007868__health_and_safety,0.716623,0.62761390209198,0.20464864373207092,True
qb_007868,economic,qb_007868__economic,0.7538038,0.6457145810127258,0.22556953132152557,True
qb_007868,public_sentiment,qb_007868__public_sentiment,0.8914757,0.6003484129905701,0.23855896294116974,True
qb_007868,political,qb_007868__political,0.7917699,0.542561411857605,0.25328606367111206,True
qb_007868,policy_prescription,qb_007868__policy_prescription,0.7263377,0.6430808901786804,0.22822169959545135,True
qb_007868,quality_of_life,qb_007868__quality_of_life,0.8094346,0.646170973777771,0.20773205161094666,True
qb_007635,political,qb_007635__political,0.80087024,0.5788121223449707,0.2222905158996582,True
qb_007635,policy_prescription,qb_007635__policy_prescription,0.78318167,0.6681742668151855,0.28021085262298584,True
qb_007635,security_and_defense,qb_007635__security_and_defense,0.7385,0.5847832560539246,0.3178468346595764,True
qb_007325,economic,qb_007325__economic,0.6701858,0.5681627988815308,0.21326084434986115,True
qb_007325,capacity_and_resources,qb_007325__capacity_and_resources,0.6159822,0.4546912610530853,0.23080578446388245,True
qb_004454,legality_constitutionality,qb_004454__legality_constitutionality,0.7066988,0.672228217124939,0.22103877365589142,True
qb_004454,security_and_defense,qb_004454__security_and_defense,0.6494999,0.6164586544036865,0.23747828602790833,True
qb_000001,crime_and_punishment,qb_000001__crime_and_punishment,0.878579,0.7347070574760437,0.24037735164165497,True
qb_000001,health_and_safety,qb_000001__health_and_safety,0.6675074,0.6613271236419678,0.21661193668842316,True
qb_000001,quality_of_life,qb_000001__quality_of_life,0.7620219,0.7029206156730652,0.17059817910194397,True
qb_000001,public_sentiment,qb_000001__public_sentiment,0.74411356,0.6376352310180664,0.19074471294879913,True
qb_010439,legality_constitutionality,qb_010439__legality_constitutionality,0.8470979,0.644640326499939,0.22454461455345154,True
qb_010439,economic,qb_010439__economic,0.7865382,0.6832758188247681,0.20503666996955872,True
qb_010439,political,qb_010439__political,0.8756336,0.6809221506118774,0.29942330718040466,True
qb_002415,economic,qb_002415__economic,0.78116524,0.5897396802902222,0.20585563778877258,True
qb_002415,external_regulation,qb_002415__external_regulation,0.7615917,0.642080545425415,0.22315046191215515,True
qb_002415,policy_prescription,qb_002415__policy_prescription,0.6890628,0.6429233551025391,0.2083788365125656,True
qb_002415,security_and_defense,qb_002415__security_and_defense,0.73255885,0.6160364747047424,0.25411221385002136,True
qb_002415,health_and_safety,qb_002415__health_and_safety,0.7739785,0.5105644464492798,0.21181710064411163,True
qb_004498,health_and_safety,qb_004498__health_and_safety,0.79821426,0.6587432622909546,0.20362429320812225,True
qb_004498,policy_prescription,qb_004498__policy_prescription,0.6767436,0.8030658960342407,0.3039812743663788,True
qb_010522,economic,qb_010522__economic,0.7093889,0.5390182137489319,0.2105945646762848,True
qb_010522,health_and_safety,qb_010522__health_and_safety,0.71802616,0.5777853727340698,0.24356350302696228,True
qb_010522,capacity_and_resources,qb_010522__capacity_and_resources,0.85655093,0.521980881690979,0.19611617922782898,True
qb_019531,health_and_safety,qb_019531__health_and_safety,0.68516445,0.5259517431259155,0.31668758392333984,True
qb_019531,political,qb_019531__political,0.65479004,0.6189157962799072,0.23230615258216858,True
qb_019531,public_sentiment,qb_019531__public_sentiment,0.71630955,0.6365309953689575,0.24376852810382843,True
qb_016253,political,qb_016253__political,0.7958646,0.4566894769668579,0.22489388287067413,True
qb_016253,capacity_and_resources,qb_016253__capacity_and_resources,0.7988813,0.4468870759010315,0.1998177170753479,True
qb_007892,legality_constitutionality,qb_007892__legality_constitutionality,0.72042227,0.7634954452514648,0.20369382202625275,True
qb_007892,political,qb_007892__political,0.61812603,0.6120914816856384,0.23487989604473114,True
qb_015699,security_and_defense,qb_015699__security_and_defense,0.68103456,0.6317421793937683,0.25857192277908325,True
qb_015699,external_regulation,qb_015699__external_regulation,0.707693,0.5831858515739441,0.1775774508714676,True
qb_015699,legality_constitutionality,qb_015699__legality_constitutionality,0.7638912,0.5687735080718994,0.19697292149066925,True
qb_015699,capacity_and_resources,qb_015699__capacity_and_resources,0.62780714,0.6433212161064148,0.20040735602378845,True
qb_017459,security_and_defense,qb_017459__security_and_defense,0.6957884,0.6050068736076355,0.28715452551841736,True
qb_017459,policy_prescription,qb_017459__policy_prescription,0.6726492,0.6517947316169739,0.23376397788524628,True
qb_017459,external_regulation,qb_017459__external_regulation,0.6919937,0.5442391633987427,0.2059800922870636,True
qb_017459,political,qb_017459__political,0.6522389,0.5502827167510986,0.24233591556549072,True
qb_017459,economic,qb_017459__economic,0.75310177,0.5785943269729614,0.2756642699241638,True
qb_017459,capacity_and_resources,qb_017459__capacity_and_resources,0.6624627,0.5943505764007568,0.2799646556377411,True
qb_017459,public_sentiment,qb_017459__public_sentiment,0.75467324,0.560489296913147,0.2839040756225586,True
qb_017459,morality,qb_017459__morality,0.77056897,0.5731359720230103,0.23110978305339813,True
qb_017119,legality_constitutionality,qb_017119__legality_constitutionality,0.7973627,0.6921892762184143,0.32127267122268677,True
qb_017119,security_and_defense,qb_017119__security_and_defense,0.79324937,0.6787620782852173,0.3242022395133972,True
qb_009926,policy_prescription,qb_009926__policy_prescription,0.8115228,0.6080546975135803,0.24482795596122742,True
qb_009926,political,qb_009926__political,0.765641,0.6142619252204895,0.22936680912971497,True
qb_009926,crime_and_punishment,qb_009926__crime_and_punishment,0.8589905,0.6142451763153076,0.2584910988807678,True
qb_009926,morality,qb_009926__morality,0.7123767,0.594663143157959,0.2864588499069214,True
qb_021185,external_regulation,qb_021185__external_regulation,0.83264214,0.6086372137069702,0.2802159786224365,True
qb_021185,political,qb_021185__political,0.8158889,0.5157419443130493,0.18841131031513214,True
qb_011481,political,qb_011481__political,0.63897866,0.5575471520423889,0.29062390327453613,True
qb_011481,public_sentiment,qb_011481__public_sentiment,0.7382084,0.5178368091583252,0.2019958794116974,True
qb_009654,security_and_defense,qb_009654__security_and_defense,0.7578834,0.5949326157569885,0.26936694979667664,True
qb_009654,political,qb_009654__political,0.69673204,0.6230711340904236,0.2928900420665741,True
qb_009654,policy_prescription,qb_009654__policy_prescription,0.6999534,0.5546625852584839,0.28209516406059265,True
qb_009654,capacity_and_resources,qb_009654__capacity_and_resources,0.8243317,0.6108123064041138,0.2247454673051834,True
qb_009654,public_sentiment,qb_009654__public_sentiment,0.89461577,0.5733909606933594,0.2636924386024475,True
qb_009654,economic,qb_009654__economic,0.63527626,0.5550820827484131,0.1956658810377121,True
qb_009654,morality,qb_009654__morality,0.85536337,0.5794227719306946,0.27702194452285767,True
qb_005533,fairness_and_equality,qb_005533__fairness_and_equality,0.87437564,0.5736718773841858,0.12850968539714813,True
qb_005533,cultural_identity,qb_005533__cultural_identity,0.80761653,0.5391428470611572,0.14790748059749603,True
qb_005533,morality,qb_005533__morality,0.74422264,0.730082094669342,0.1230793446302414,True
qb_008006,legality_constitutionality,qb_008006__legality_constitutionality,0.7869316,0.425245076417923,0.1710873693227768,True
qb_008006,morality,qb_008006__morality,0.62879694,0.6312388777732849,0.25471892952919006,True
qb_008006,health_and_safety,qb_008006__health_and_safety,0.72526515,0.539152204990387,0.19822582602500916,True
qb_008006,economic,qb_008006__economic,0.7557289,0.6539619565010071,0.21682453155517578,True
qb_016839,legality_constitutionality,qb_016839__legality_constitutionality,0.75256795,0.36253735423088074,0.25703635811805725,True
qb_016839,political,qb_016839__political,0.8174225,0.3618336021900177,0.25328439474105835,True
qb_016839,security_and_defense,qb_016839__security_and_defense,0.7061097,0.30089566111564636,0.23354730010032654,True
qb_016839,public_sentiment,qb_016839__public_sentiment,0.74896294,0.38419586420059204,0.22927328944206238,True
qb_016839,crime_and_punishment,qb_016839__crime_and_punishment,0.7386945,0.41684794425964355,0.210317462682724,True
qb_006784,political,qb_006784__political,0.7627354,0.5937789678573608,0.23746392130851746,True
qb_006784,legality_constitutionality,qb_006784__legality_constitutionality,0.65432596,0.5192328691482544,0.34330835938453674,True
qb_006784,external_regulation,qb_006784__external_regulation,0.6420267,0.5786081552505493,0.3185299336910248,True
qb_006784,morality,qb_006784__morality,0.77540827,0.48507076501846313,0.2951257824897766,True
qb_006784,crime_and_punishment,qb_006784__crime_and_punishment,0.761463,0.6272696852684021,0.3226553201675415,True
qb_002112,policy_prescription,qb_002112__policy_prescription,0.6665902,0.5672569870948792,0.17260496318340302,True
qb_002112,public_sentiment,qb_002112__public_sentiment,0.90182424,0.7934117317199707,0.20336636900901794,True
qb_002112,fairness_and_equality,qb_002112__fairness_and_equality,0.86299664,0.6630821824073792,0.1768990010023117,True
qb_002112,political,qb_002112__political,0.7661942,0.6961744427680969,0.22540828585624695,True
qb_012486,security_and_defense,qb_012486__security_and_defense,0.7228852,0.6723194122314453,0.18960979580879211,True
qb_012486,crime_and_punishment,qb_012486__crime_and_punishment,0.7213152,0.5982061624526978,0.2406860888004303,True
qb_012486,capacity_and_resources,qb_012486__capacity_and_resources,0.65400046,0.5843563675880432,0.1957101821899414,True
qb_012486,health_and_safety,qb_012486__health_and_safety,0.8105444,0.5857564210891724,0.19768311083316803,True
qb_012486,cultural_identity,qb_012486__cultural_identity,0.5777706,0.5150938034057617,0.26030877232551575,True
qb_007797,political,qb_007797__political,0.7654603,0.6792600154876709,0.18154191970825195,True
qb_007797,public_sentiment,qb_007797__public_sentiment,0.8228024,0.699264407157898,0.2126195728778839,True
qb_012656,legality_constitutionality,qb_012656__legality_constitutionality,0.764559,0.6653324365615845,0.25346460938453674,True
qb_012656,policy_prescription,qb_012656__policy_prescription,0.76101947,0.5684590339660645,0.21864524483680725,True
qb_021323,health_and_safety,qb_021323__health_and_safety,0.7380667,0.6713501214981079,0.24395892024040222,True
qb_021323,capacity_and_resources,qb_021323__capacity_and_resources,0.6537502,0.6042650938034058,0.22183427214622498,True
qb_020709,policy_prescription,qb_020709__policy_prescription,0.6565573,0.5868802666664124,0.16286112368106842,True
qb_020709,economic,qb_020709__economic,0.66017354,0.6770368218421936,0.22256019711494446,True
qb_020709,public_sentiment,qb_020709__public_sentiment,0.72519654,0.6018993258476257,0.23698966205120087,True
qb_020709,capacity_and_resources,qb_020709__capacity_and_resources,0.7419898,0.6545212268829346,0.202735036611557,True
qb_012431,political,qb_012431__political,0.7706924,0.6652168035507202,0.27762773633003235,True
qb_012431,fairness_and_equality,qb_012431__fairness_and_equality,0.7415144,0.662609875202179,0.3022225797176361,True
qb_012431,morality,qb_012431__morality,0.74600315,0.7571997046470642,0.2144564688205719,True
qb_012431,health_and_safety,qb_012431__health_and_safety,0.6791695,0.5716381072998047,0.20631150901317596,True
qb_007775,political,qb_007775__political,0.7545671,0.6319830417633057,0.329214483499527,True
qb_007775,legality_constitutionality,qb_007775__legality_constitutionality,0.6346483,0.6135284900665283,0.16449731588363647,True
qb_007775,security_and_defense,qb_007775__security_and_defense,0.91905993,0.6288740038871765,0.2715906798839569,True
qb_007775,economic,qb_007775__economic,0.7031394,0.5054497718811035,0.24051260948181152,True
qb_016683,external_regulation,qb_016683__external_regulation,0.74794203,0.6501036286354065,0.1949230581521988,True
qb_016683,policy_prescription,qb_016683__policy_prescription,0.8098942,0.5820112824440002,0.3184903860092163,True
qb_016683,economic,qb_016683__economic,0.7971264,0.6774375438690186,0.24061903357505798,True
qb_016683,political,qb_016683__political,0.8345061,0.5316087603569031,0.2697708010673523,True
qb_015220,political,qb_015220__political,0.73312473,0.7127008438110352,0.2260061502456665,True
qb_015220,economic,qb_015220__economic,0.686368,0.6824710369110107,0.19984357059001923,True
qb_015220,capacity_and_resources,qb_015220__capacity_and_resources,0.7825544,0.6645872592926025,0.1954781711101532,True
qb_009059,political,qb_009059__political,0.6508347,0.48239052295684814,0.19459159672260284,True
qb_009059,legality_constitutionality,qb_009059__legality_constitutionality,0.83700293,0.7423338294029236,0.1676320731639862,True
qb_009059,public_sentiment,qb_009059__public_sentiment,0.7776928,0.639301061630249,0.24877509474754333,True
qb_001732,political,qb_001732__political,0.7556118,0.41064897179603577,0.21587452292442322,True
qb_001732,legality_constitutionality,qb_001732__legality_constitutionality,0.6588392,0.5479355454444885,0.27534183859825134,True
qb_019712,economic,qb_019712__economic,0.73707986,0.6450703740119934,0.1507083624601364,True
qb_019712,quality_of_life,qb_019712__quality_of_life,0.7150987,0.6591081619262695,0.138220876455307,True
qb_007375,political,qb_007375__political,0.7869257,0.5818167924880981,0.24685700237751007,True
qb_007375,policy_prescription,qb_007375__policy_prescription,0.696445,0.570785641670227,0.2746399939060211,True
qb_007375,capacity_and_resources,qb_007375__capacity_and_resources,0.68563676,0.629345178604126,0.2599927484989166,True
qb_007375,economic,qb_007375__economic,0.6421279,0.5967742204666138,0.23997609317302704,True
qb_007375,health_and_safety,qb_007375__health_and_safety,0.6907847,0.5644588470458984,0.21757683157920837,True
qb_007375,public_sentiment,qb_007375__public_sentiment,0.78984725,0.5040752291679382,0.3151797652244568,True
qb_017925,economic,qb_017925__economic,0.7318834,,0.26839524507522583,False
qb_019135,legality_constitutionality,qb_019135__legality_constitutionality,0.7261676,0.4915218949317932,0.270364373922348,True
qb_019135,political,qb_019135__political,0.68531406,0.5172433853149414,0.27447518706321716,True
qb_019135,crime_and_punishment,qb_019135__crime_and_punishment,0.77645844,0.48426470160484314,0.2556901276111603,True
qb_019135,public_sentiment,qb_019135__public_sentiment,0.6730748,0.44776850938796997,0.33636707067489624,True
qb_019135,capacity_and_resources,qb_019135__capacity_and_resources,0.76381636,0.5458654761314392,0.25835299491882324,True
qb_006708,political,qb_006708__political,0.70134926,0.6026859283447266,0.21565759181976318,True
qb_006708,legality_constitutionality,qb_006708__legality_constitutionality,0.68070805,0.7294700741767883,0.25610506534576416,True
qb_006708,policy_prescription,qb_006708__policy_prescription,0.71456957,0.6449443101882935,0.31771233677864075,True
qb_010718,health_and_safety,qb_010718__health_and_safety,0.69658864,0.532603919506073,0.1856996715068817,True
qb_010718,capacity_and_resources,qb_010718__capacity_and_resources,0.7351824,0.6439376473426819,0.2073594033718109,True
qb_010718,quality_of_life,qb_010718__quality_of_life,0.6887707,0.518315851688385,0.23625898361206055,True
qb_010718,public_sentiment,qb_010718__public_sentiment,0.6840033,0.5117866396903992,0.2551870346069336,True
qb_009552,morality,qb_009552__morality,0.81222546,0.5629578828811646,0.25900429487228394,True
qb_009552,legality_constitutionality,qb_009552__legality_constitutionality,0.64792997,0.542380690574646,0.26198023557662964,True
qb_009552,economic,qb_009552__economic,0.607314,0.40882131457328796,0.20024724304676056,True
qb_009552,public_sentiment,qb_009552__public_sentiment,0.70461035,0.5350238084793091,0.2883354127407074,True
qb_009552,quality_of_life,qb_009552__quality_of_life,0.73750323,0.582897424697876,0.2829308807849884,True
qb_014370,legality_constitutionality,qb_014370__legality_constitutionality,0.7697889,0.5688104629516602,0.22509706020355225,True
qb_014370,political,qb_014370__political,0.6362467,0.46781307458877563,0.3064998984336853,True
qb_001867,political,qb_001867__political,0.7823322,0.6663863062858582,0.23967678844928741,True
qb_001867,crime_and_punishment,qb_001867__crime_and_punishment,0.7370312,0.6882869005203247,0.26594194769859314,True
qb_001867,cultural_identity,qb_001867__cultural_identity,0.75468683,0.6680797934532166,0.1994914561510086,True
qb_001867,public_sentiment,qb_001867__public_sentiment,0.8423486,0.6866856813430786,0.2521321177482605,True
qb_001867,security_and_defense,qb_001867__security_and_defense,0.8305218,0.7205685973167419,0.26766273379325867,True
qb_001867,fairness_and_equality,qb_001867__fairness_and_equality,0.89091796,0.6343729496002197,0.24870061874389648,True
qb_011216,political,qb_011216__political,0.69869715,0.5979090929031372,0.248647540807724,True
qb_011216,public_sentiment,qb_011216__public_sentiment,0.78608346,0.5988082885742188,0.20026454329490662,True
qb_011216,legality_constitutionality,qb_011216__legality_constitutionality,0.66496795,0.4108846187591553,0.1828739047050476,True
qb_011216,external_regulation,qb_011216__external_regulation,0.70967305,0.544552206993103,0.32861799001693726,True
qb_011216,capacity_and_resources,qb_011216__capacity_and_resources,0.74437964,0.5871236324310303,0.29511091113090515,True
qb_003665,security_and_defense,qb_003665__security_and_defense,0.8538747,0.711139976978302,0.2633470892906189,True
qb_003665,political,qb_003665__political,0.7402494,0.6152201890945435,0.2572477459907532,True
qb_003665,capacity_and_resources,qb_003665__capacity_and_resources,0.7705205,0.6898306608200073,0.2281353920698166,True
qb_003665,health_and_safety,qb_003665__health_and_safety,0.65730643,0.5706099271774292,0.28789788484573364,True
qb_003665,public_sentiment,qb_003665__public_sentiment,0.72052383,0.6806519627571106,0.27008917927742004,True
qb_003665,policy_prescription,qb_003665__policy_prescription,0.8005439,0.6917522549629211,0.3282519280910492,True
qb_011848,security_and_defense,qb_011848__security_and_defense,0.650301,0.6288158893585205,0.2659747302532196,True
qb_011848,political,qb_011848__political,0.8554314,0.7160965204238892,0.2996593415737152,True
qb_011848,policy_prescription,qb_011848__policy_prescription,0.80235565,0.648719072341919,0.2206939160823822,True
qb_011848,public_sentiment,qb_011848__public_sentiment,0.8220121,0.6920150518417358,0.24448087811470032,True
qb_011848,cultural_identity,qb_011848__cultural_identity,0.82635325,0.628760039806366,0.20700006186962128,True
qb_004676,political,qb_004676__political,0.8095967,0.6221966743469238,0.27238571643829346,True
qb_004676,cultural_identity,qb_004676__cultural_identity,0.7851865,0.6558942794799805,0.2432878017425537,True
qb_004676,policy_prescription,qb_004676__policy_prescription,0.8432157,0.4936257302761078,0.27194151282310486,True
qb_004676,capacity_and_resources,qb_004676__capacity_and_resources,0.83398426,0.6156274676322937,0.27828511595726013,True
qb_004676,morality,qb_004676__morality,0.83900535,0.5937799215316772,0.2508763372898102,True
qb_004676,public_sentiment,qb_004676__public_sentiment,0.78378177,0.6266706585884094,0.2933451533317566,True
qb_016483,health_and_safety,qb_016483__health_and_safety,0.5908896,0.5264073610305786,0.18152257800102234,True
qb_016483,capacity_and_resources,qb_016483__capacity_and_resources,0.6276078,0.4578861594200134,0.19100375473499298,True
qb_016483,public_sentiment,qb_016483__public_sentiment,0.7951238,0.5369423627853394,0.33994001150131226,True
qb_007716,security_and_defense,qb_007716__security_and_defense,0.7633895,0.5049401521682739,0.2047654092311859,True
qb_007716,external_regulation,qb_007716__external_regulation,0.61465806,0.5106807947158813,0.19870822131633759,True
qb_020024,security_and_defense,qb_020024__security_and_defense,0.7047889,0.7313258647918701,0.1970714032649994,True
qb_020024,external_regulation,qb_020024__external_regulation,0.7230046,0.6923003196716309,0.12903344631195068,True
qb_020024,policy_prescription,qb_020024__policy_prescription,0.80114853,0.7229107618331909,0.271181583404541,True
qb_020717,political,qb_020717__political,0.6923684,0.5858457088470459,0.19536274671554565,True
qb_020717,public_sentiment,qb_020717__public_sentiment,0.7508882,0.5095807313919067,0.26385220885276794,True
qb_012238,crime_and_punishment,qb_012238__crime_and_punishment,0.82077175,0.516872227191925,0.24083924293518066,True
qb_012238,legality_constitutionality,qb_012238__legality_constitutionality,0.65609896,0.6835499405860901,0.262625515460968,True
qb_012238,political,qb_012238__political,0.7685008,0.6447468996047974,0.27705687284469604,True
qb_003747,legality_constitutionality,qb_003747__legality_constitutionality,0.7149129,0.44445309042930603,0.1585710048675537,True
qb_003747,crime_and_punishment,qb_003747__crime_and_punishment,0.7586058,0.5335056781768799,0.27314260601997375,True
qb_003747,economic,qb_003747__economic,0.6362425,0.5793726444244385,0.24031543731689453,True
qb_003747,fairness_and_equality,qb_003747__fairness_and_equality,0.9020717,0.5153546333312988,0.1954633891582489,True
qb_003747,political,qb_003747__political,0.6919359,0.5045727491378784,0.2972263693809509,True
qb_007314,political,qb_007314__political,0.708956,0.4862612783908844,0.2742348611354828,True
qb_007314,public_sentiment,qb_007314__public_sentiment,0.79020274,0.5093398094177246,0.21804824471473694,True
qb_007314,security_and_defense,qb_007314__security_and_defense,0.7624386,0.5402817130088806,0.22464711964130402,True
qb_007314,policy_prescription,qb_007314__policy_prescription,0.63310885,0.42900213599205017,0.1802501082420349,True
qb_017430,health_and_safety,qb_017430__health_and_safety,0.6839906,0.5506085753440857,0.23002199828624725,True
qb_017430,political,qb_017430__political,0.80236316,0.6677018404006958,0.31170374155044556,True
qb_017430,public_sentiment,qb_017430__public_sentiment,0.80032027,0.7510419487953186,0.27314871549606323,True
qb_012930,public_sentiment,qb_012930__public_sentiment,0.8459907,0.6958836913108826,0.1904527246952057,True
qb_012930,quality_of_life,qb_012930__quality_of_life,0.8390088,0.6416507363319397,0.1789538562297821,True
qb_012930,economic,qb_012930__economic,0.655746,0.6916475296020508,0.25953787565231323,True
qb_012930,legality_constitutionality,qb_012930__legality_constitutionality,0.66536796,0.42747876048088074,0.20301063358783722,True
qb_000433,political,qb_000433__political,0.7508059,0.7652617692947388,0.24068710207939148,True
qb_000433,morality,qb_000433__morality,0.81309515,0.6344983577728271,0.22535142302513123,True
qb_000433,public_sentiment,qb_000433__public_sentiment,0.76134795,0.668926477432251,0.3199096620082855,True
qb_015881,security_and_defense,qb_015881__security_and_defense,0.80533326,0.6581944227218628,0.14690588414669037,True
qb_015881,public_sentiment,qb_015881__public_sentiment,0.78995156,0.5075552463531494,0.23593583703041077,True
qb_015881,political,qb_015881__political,0.6749178,0.6004040837287903,0.23995280265808105,True
qb_015881,crime_and_punishment,qb_015881__crime_and_punishment,0.7704377,0.5923028588294983,0.18752631545066833,True
qb_015881,legality_constitutionality,qb_015881__legality_constitutionality,0.6511493,0.5798618197441101,0.13496696949005127,True
qb_003060,health_and_safety,qb_003060__health_and_safety,0.7035172,0.4853568971157074,0.19298045337200165,True
qb_003060,policy_prescription,qb_003060__policy_prescription,0.73576117,0.6807300448417664,0.3406793177127838,True
qb_003060,political,qb_003060__political,0.799367,0.5597481727600098,0.308976948261261,True
qb_003060,economic,qb_003060__economic,0.58482385,0.5550161004066467,0.2547229826450348,True
qb_001815,legality_constitutionality,qb_001815__legality_constitutionality,0.7020093,0.696121871471405,0.1707906723022461,True
qb_001815,political,qb_001815__political,0.86455995,0.7116294503211975,0.2806538939476013,True
qb_001815,economic,qb_001815__economic,0.78463924,0.5660703778266907,0.24504223465919495,True
qb_003153,security_and_defense,qb_003153__security_and_defense,0.6894356,0.7273794412612915,0.2599636912345886,True
qb_003153,capacity_and_resources,qb_003153__capacity_and_resources,0.7826687,0.7080176472663879,0.18281300365924835,True
qb_011654,health_and_safety,qb_011654__health_and_safety,0.6650313,0.5529119968414307,0.22306521236896515,True
qb_011654,capacity_and_resources,qb_011654__capacity_and_resources,0.67104363,0.554084300994873,0.20832964777946472,True
qb_011654,policy_prescription,qb_011654__policy_prescription,0.6801669,0.6441676020622253,0.22442615032196045,True
qb_011515,political,qb_011515__political,0.7931007,0.58444744348526,0.32595670223236084,True
qb_011515,external_regulation,qb_011515__external_regulation,0.6717402,0.5919707417488098,0.22865936160087585,True
qb_011515,security_and_defense,qb_011515__security_and_defense,0.7016723,0.5868023633956909,0.23995482921600342,True
qb_011515,capacity_and_resources,qb_011515__capacity_and_resources,0.8023491,0.49637049436569214,0.2374533712863922,True
qb_011515,policy_prescription,qb_011515__policy_prescription,0.6990252,0.534126877784729,0.20875784754753113,True
qb_011515,morality,qb_011515__morality,0.75614035,0.5497915148735046,0.23145410418510437,True
qb_011515,public_sentiment,qb_011515__public_sentiment,0.67380905,0.573443591594696,0.25841084122657776,True
qb_007312,political,qb_007312__political,0.85847116,0.6990963220596313,0.21205225586891174,True
qb_007312,morality,qb_007312__morality,0.814144,0.5987785458564758,0.2770634591579437,True
qb_007312,public_sentiment,qb_007312__public_sentiment,0.8427339,0.6361709833145142,0.25153592228889465,True
qb_020582,crime_and_punishment,qb_020582__crime_and_punishment,0.5888494,0.5290683507919312,0.23570100963115692,True
qb_020582,public_sentiment,qb_020582__public_sentiment,0.8825042,0.547002911567688,0.23230183124542236,True
qb_020582,legality_constitutionality,qb_020582__legality_constitutionality,0.67579997,0.4021095335483551,0.18311479687690735,True
qb_020582,fairness_and_equality,qb_020582__fairness_and_equality,0.66438365,0.544440507888794,0.23649533092975616,True
qb_020582,political,qb_020582__political,0.64963686,0.4735548496246338,0.3163343071937561,True
qb_020582,security_and_defense,qb_020582__security_and_defense,0.7554151,0.5447535514831543,0.27139776945114136,True
qb_000405,security_and_defense,qb_000405__security_and_defense,0.79249215,0.6777949929237366,0.2186424434185028,True
qb_000405,political,qb_000405__political,0.7363523,0.571725070476532,0.270355224609375,True
qb_000405,policy_prescription,qb_000405__policy_prescription,0.84662724,0.639671266078949,0.2605690360069275,True
qb_000405,capacity_and_resources,qb_000405__capacity_and_resources,0.7213427,0.6721799969673157,0.2236485481262207,True
qb_006969,health_and_safety,qb_006969__health_and_safety,0.7531282,0.487465500831604,0.26961880922317505,True
qb_006969,political,qb_006969__political,0.78840584,0.582897424697876,0.2332918643951416,True
qb_006969,public_sentiment,qb_006969__public_sentiment,0.8226158,0.5716795325279236,0.2543627619743347,True
qb_006969,policy_prescription,qb_006969__policy_prescription,0.7493591,0.5359635949134827,0.27245089411735535,True
qb_006969,economic,qb_006969__economic,0.5786935,0.5635791420936584,0.24348938465118408,True
qb_019540,legality_constitutionality,qb_019540__legality_constitutionality,0.7797787,0.669730007648468,0.22862815856933594,True
qb_019540,crime_and_punishment,qb_019540__crime_and_punishment,0.8348111,0.611735463142395,0.20391365885734558,True
qb_019540,political,qb_019540__political,0.67982817,0.603471040725708,0.22707264125347137,True
qb_016798,economic,qb_016798__economic,0.66942525,0.6585537195205688,0.16685311496257782,True
qb_016798,public_sentiment,qb_016798__public_sentiment,0.81407356,0.4855654835700989,0.25938522815704346,True
qb_010138,legality_constitutionality,qb_010138__legality_constitutionality,0.7852889,0.5843374729156494,0.20231112837791443,True
qb_010138,economic,qb_010138__economic,0.758356,0.5584079027175903,0.17673255503177643,True
qb_010138,morality,qb_010138__morality,0.74724627,0.5281449556350708,0.25034451484680176,True
qb_010138,public_sentiment,qb_010138__public_sentiment,0.7952385,0.5190175175666809,0.2631567418575287,True
qb_010138,quality_of_life,qb_010138__quality_of_life,0.68073285,0.5098788738250732,0.2155822515487671,True
qb_007387,security_and_defense,qb_007387__security_and_defense,0.7834066,0.5894953012466431,0.18026414513587952,True
qb_007387,political,qb_007387__political,0.6911105,0.4683499038219452,0.2344580888748169,True
qb_007387,capacity_and_resources,qb_007387__capacity_and_resources,0.5584524,0.5387700796127319,0.18378996849060059,True
qb_007387,policy_prescription,qb_007387__policy_prescription,0.7105389,0.5884865522384644,0.2363862693309784,True
qb_007387,morality,qb_007387__morality,0.77817243,0.4974052309989929,0.1925443857908249,True
qb_009379,economic,qb_009379__economic,0.623572,0.5238640308380127,0.2591131329536438,True
qb_009379,political,qb_009379__political,0.75069135,0.4897739291191101,0.26996463537216187,True
qb_009379,capacity_and_resources,qb_009379__capacity_and_resources,0.66693985,0.43197008967399597,0.2572638988494873,True
qb_011176,legality_constitutionality,qb_011176__legality_constitutionality,0.79538256,0.5952410697937012,0.23520538210868835,True
qb_011176,policy_prescription,qb_011176__policy_prescription,0.7710318,0.5819522738456726,0.23674483597278595,True
qb_011176,security_and_defense,qb_011176__security_and_defense,0.73204553,0.6690123081207275,0.20594176650047302,True
qb_011176,public_sentiment,qb_011176__public_sentiment,0.7408486,0.5181415677070618,0.27320656180381775,True
qb_002787,political,qb_002787__political,0.7863231,0.6546599268913269,0.2411014288663864,True
qb_002787,policy_prescription,qb_002787__policy_prescription,0.72436774,0.7172439694404602,0.2382347285747528,True
qb_002787,security_and_defense,qb_002787__security_and_defense,0.81912434,0.6884401440620422,0.21139077842235565,True
qb_002787,external_regulation,qb_002787__external_regulation,0.7229428,0.6633743643760681,0.1939047873020172,True
qb_000273,health_and_safety,qb_000273__health_and_safety,0.63750064,,0.15257421135902405,False
qb_014860,security_and_defense,qb_014860__security_and_defense,0.6633094,0.6305355429649353,0.2525103986263275,True
qb_014860,external_regulation,qb_014860__external_regulation,0.6718713,0.6598813533782959,0.17586244642734528,True
qb_014860,policy_prescription,qb_014860__policy_prescription,0.83510625,0.5969622731208801,0.1963907927274704,True
qb_014860,political,qb_014860__political,0.6820941,0.6190409660339355,0.2037491351366043,True
qb_006574,legality_constitutionality,qb_006574__legality_constitutionality,0.56023633,0.5022931694984436,0.2877376675605774,True
qb_006574,crime_and_punishment,qb_006574__crime_and_punishment,0.7324543,0.5604946613311768,0.286579966545105,True
qb_006574,political,qb_006574__political,0.7546648,0.5896662473678589,0.2574211359024048,True
qb_006574,security_and_defense,qb_006574__security_and_defense,0.6854093,0.5154133439064026,0.2628587782382965,True
qb_006574,public_sentiment,qb_006574__public_sentiment,0.7516308,0.5514510273933411,0.31421002745628357,True
qb_013758,legality_constitutionality,qb_013758__legality_constitutionality,0.69115084,0.6165684461593628,0.2611267566680908,True
qb_013758,political,qb_013758__political,0.8137898,0.6063235998153687,0.21675214171409607,True
qb_013758,crime_and_punishment,qb_013758__crime_and_punishment,0.72619915,0.720940351486206,0.24782738089561462,True
qb_014665,legality_constitutionality,qb_014665__legality_constitutionality,0.79322684,0.6343555450439453,0.18446040153503418,True
qb_014665,health_and_safety,qb_014665__health_and_safety,0.76620257,0.6386115550994873,0.17068101465702057,True
qb_000799,security_and_defense,qb_000799__security_and_defense,0.717618,0.6563427448272705,0.31972038745880127,True
qb_000799,political,qb_000799__political,0.72833025,0.712859570980072,0.34956976771354675,True
qb_000799,external_regulation,qb_000799__external_regulation,0.8095576,0.6998507976531982,0.24814355373382568,True
qb_000799,capacity_and_resources,qb_000799__capacity_and_resources,0.73994285,0.5534590482711792,0.23371410369873047,True
qb_000799,policy_prescription,qb_000799__policy_prescription,0.7507643,0.7193396687507629,0.27617600560188293,True
qb_000799,crime_and_punishment,qb_000799__crime_and_punishment,0.7011791,0.618297278881073,0.2374536246061325,True
qb_014657,political,qb_014657__political,0.90790224,0.716425895690918,0.2331603318452835,True
qb_014657,public_sentiment,qb_014657__public_sentiment,0.8171309,0.6824792623519897,0.2710179090499878,True
qb_014283,crime_and_punishment,qb_014283__crime_and_punishment,0.5704626,0.43714895844459534,0.22469183802604675,True
qb_014283,legality_constitutionality,qb_014283__legality_constitutionality,0.78042346,0.5495720505714417,0.17529723048210144,True
qb_014283,public_sentiment,qb_014283__public_sentiment,0.80602634,0.49521270394325256,0.2370624840259552,True
qb_014283,morality,qb_014283__morality,0.7398335,0.4606740474700928,0.13934022188186646,True
qb_000880,health_and_safety,qb_000880__health_and_safety,0.69570994,0.5310171842575073,0.19399920105934143,True
qb_000880,policy_prescription,qb_000880__policy_prescription,0.7137519,0.5673217177391052,0.18556088209152222,True
qb_000880,capacity_and_resources,qb_000880__capacity_and_resources,0.6495482,0.6034075021743774,0.17620010673999786,True
qb_000880,economic,qb_000880__economic,0.75877225,0.5817685127258301,0.19116458296775818,True
qb_000880,quality_of_life,qb_000880__quality_of_life,0.6953883,0.5991225242614746,0.3332210183143616,True
qb_000880,political,qb_000880__political,0.82147324,0.5666506886482239,0.2432384192943573,True
qb_000880,security_and_defense,qb_000880__security_and_defense,0.65202606,0.6081138849258423,0.22693200409412384,True
qb_000880,cultural_identity,qb_000880__cultural_identity,0.82744896,0.5052856206893921,0.23352916538715363,True
qb_021024,external_regulation,qb_021024__external_regulation,0.8821797,0.6867164373397827,0.1862819939851761,True
qb_021024,political,qb_021024__political,0.7851155,0.5756666660308838,0.2213716059923172,True
qb_013479,cultural_identity,qb_013479__cultural_identity,0.7071853,0.5235809087753296,0.22841887176036835,True
qb_013479,public_sentiment,qb_013479__public_sentiment,0.8381109,0.614291787147522,0.24083857238292694,True
qb_013479,fairness_and_equality,qb_013479__fairness_and_equality,0.68427044,0.6081838607788086,0.1751384735107422,True
qb_013479,crime_and_punishment,qb_013479__crime_and_punishment,0.6829776,0.5786049365997314,0.2573656439781189,True
qb_013479,security_and_defense,qb_013479__security_and_defense,0.72721016,0.5763536691665649,0.2547251582145691,True
qb_021006,crime_and_punishment,qb_021006__crime_and_punishment,0.684499,0.49006927013397217,0.17290666699409485,True
qb_021006,legality_constitutionality,qb_021006__legality_constitutionality,0.8009136,0.525607705116272,0.18671777844429016,True
qb_021006,security_and_defense,qb_021006__security_and_defense,0.71922326,0.47231924533843994,0.2368432581424713,True
qb_016572,political,qb_016572__political,0.7117493,0.6327865123748779,0.2358793467283249,True
qb_016572,policy_prescription,qb_016572__policy_prescription,0.6990242,0.5547258257865906,0.32136964797973633,True
qb_016572,morality,qb_016572__morality,0.7744049,0.4904531240463257,0.2553548812866211,True
qb_006350,economic,qb_006350__economic,0.7246093,0.6836624145507812,0.20900335907936096,True
qb_006350,quality_of_life,qb_006350__quality_of_life,0.80934644,0.6496739387512207,0.20681412518024445,True
qb_003967,legality_constitutionality,qb_003967__legality_constitutionality,0.78238136,0.6860458254814148,0.22110554575920105,True
qb_003967,economic,qb_003967__economic,0.7251455,0.6325485110282898,0.20851993560791016,True
qb_003967,cultural_identity,qb_003967__cultural_identity,0.8728659,0.6466941833496094,0.21107888221740723,True
qb_003967,public_sentiment,qb_003967__public_sentiment,0.8429838,0.5710821747779846,0.24636387825012207,True
qb_021019,economic,qb_021019__economic,0.62925565,,0.18184992671012878,False
qb_012001,policy_prescription,qb_012001__policy_prescription,0.74883926,0.6823218464851379,0.18332672119140625,True
qb_012001,legality_constitutionality,qb_012001__legality_constitutionality,0.7829527,0.6477230191230774,0.2702776789665222,True
qb_012001,political,qb_012001__political,0.68047076,0.6440468430519104,0.2831234931945801,True
qb_012001,security_and_defense,qb_012001__security_and_defense,0.7197764,0.565194308757782,0.22401230037212372,True
qb_021366,political,qb_021366__political,0.7902128,0.6164807677268982,0.2725679278373718,True
qb_021366,policy_prescription,qb_021366__policy_prescription,0.6540085,0.5688292980194092,0.21620340645313263,True
qb_021366,public_sentiment,qb_021366__public_sentiment,0.77522403,0.55985027551651,0.26096129417419434,True
qb_021366,health_and_safety,qb_021366__health_and_safety,0.6880162,0.5535963773727417,0.2747878134250641,True
qb_007404,economic,qb_007404__economic,0.7264117,0.5821292996406555,0.19136348366737366,True
qb_007404,political,qb_007404__political,0.66785324,0.539750337600708,0.2820245623588562,True
qb_007404,capacity_and_resources,qb_007404__capacity_and_resources,0.69718546,0.5687639117240906,0.16750362515449524,True
qb_007404,public_sentiment,qb_007404__public_sentiment,0.8075914,0.508253812789917,0.30424416065216064,True
qb_007404,policy_prescription,qb_007404__policy_prescription,0.711163,0.6098443269729614,0.22632113099098206,True
qb_007404,morality,qb_007404__morality,0.69268554,0.5654014348983765,0.19853240251541138,True
qb_005623,legality_constitutionality,qb_005623__legality_constitutionality,0.7408385,0.7980635762214661,0.2749214768409729,True
qb_005623,political,qb_005623__political,0.83018225,0.6001728773117065,0.3208671808242798,True
qb_009740,legality_constitutionality,qb_009740__legality_constitutionality,0.90883327,0.49178600311279297,0.21762916445732117,True
qb_009740,political,qb_009740__political,0.82788074,0.7210049629211426,0.24346432089805603,True
qb_009740,crime_and_punishment,qb_009740__crime_and_punishment,0.75710964,0.5809118151664734,0.23987960815429688,True
qb_009740,security_and_defense,qb_009740__security_and_defense,0.8175247,0.6316012144088745,0.2587010860443115,True
qb_009829,political,qb_009829__political,0.8578429,0.7484711408615112,0.27620282769203186,True
qb_009829,public_sentiment,qb_009829__public_sentiment,0.7588909,0.6694115400314331,0.2553284168243408,True
qb_009829,policy_prescription,qb_009829__policy_prescription,0.82210577,0.7079732418060303,0.33280205726623535,True
qb_009829,capacity_and_resources,qb_009829__capacity_and_resources,0.8029845,0.6782621145248413,0.21631118655204773,True
qb_009829,security_and_defense,qb_009829__security_and_defense,0.8377931,0.7177542448043823,0.3031661808490753,True
qb_007231,legality_constitutionality,qb_007231__legality_constitutionality,0.5199677,0.45866623520851135,0.19955608248710632,True
qb_007231,policy_prescription,qb_007231__policy_prescription,0.74488854,0.6004685759544373,0.269758403301239,True
qb_007231,political,qb_007231__political,0.64456755,0.43696144223213196,0.3079203963279724,True
qb_017878,public_sentiment,qb_017878__public_sentiment,0.71151245,0.867186963558197,0.3280341625213623,True
qb_017878,political,qb_017878__political,0.8042102,0.5528385043144226,0.2884855270385742,True
qb_003103,political,qb_003103__political,0.79201066,0.6106785535812378,0.3867657780647278,True
qb_003103,external_regulation,qb_003103__external_regulation,0.6992354,0.7043029069900513,0.33488330245018005,True
qb_003103,security_and_defense,qb_003103__security_and_defense,0.7736438,0.7371503114700317,0.33183926343917847,True
qb_012021,health_and_safety,qb_012021__health_and_safety,0.7199937,0.6623165607452393,0.13748840987682343,True
qb_012021,fairness_and_equality,qb_012021__fairness_and_equality,0.8481349,0.6456353068351746,0.21440866589546204,True
qb_012021,external_regulation,qb_012021__external_regulation,0.7554455,0.6983448266983032,0.2244632989168167,True
qb_012021,capacity_and_resources,qb_012021__capacity_and_resources,0.77462363,0.68715900182724,0.22705861926078796,True
qb_012021,public_sentiment,qb_012021__public_sentiment,0.8389546,0.600612461566925,0.2923160195350647,True
qb_015491,health_and_safety,qb_015491__health_and_safety,0.7803226,0.6591057777404785,0.23019960522651672,True
qb_015491,capacity_and_resources,qb_015491__capacity_and_resources,0.7214031,0.5103031992912292,0.1851799339056015,True
qb_015491,policy_prescription,qb_015491__policy_prescription,0.8031677,0.7333288192749023,0.20421557128429413,True
qb_015491,quality_of_life,qb_015491__quality_of_life,0.66179657,0.659579336643219,0.28360292315483093,True
qb_010739,legality_constitutionality,qb_010739__legality_constitutionality,0.7554438,0.6444258093833923,0.25737810134887695,True
qb_010739,policy_prescription,qb_010739__policy_prescription,0.7381091,0.6631587147712708,0.23948392271995544,True
qb_010739,crime_and_punishment,qb_010739__crime_and_punishment,0.49686986,0.7236353754997253,0.3131310045719147,True
qb_010739,political,qb_010739__political,0.7320633,0.6036327481269836,0.3045496642589569,True
qb_009402,external_regulation,qb_009402__external_regulation,0.6941408,0.3958601951599121,0.22125880420207977,True
qb_009402,political,qb_009402__political,0.8027565,0.36957746744155884,0.30153971910476685,True
qb_001857,health_and_safety,qb_001857__health_and_safety,0.750378,0.6528462171554565,0.1980438530445099,True
qb_001857,capacity_and_resources,qb_001857__capacity_and_resources,0.7657847,0.6756457686424255,0.24054625630378723,True
qb_001857,security_and_defense,qb_001857__security_and_defense,0.76745266,0.7529847621917725,0.17055611312389374,True
qb_011139,legality_constitutionality,qb_011139__legality_constitutionality,0.6905948,0.5286016464233398,0.23925809562206268,True
qb_011139,political,qb_011139__political,0.6944518,0.5164614915847778,0.25337234139442444,True
qb_011139,public_sentiment,qb_011139__public_sentiment,0.6613513,0.5385997295379639,0.302507221698761,True
qb_001997,policy_prescription,qb_001997__policy_prescription,0.7233481,0.6858131885528564,0.19295081496238708,True
qb_001997,political,qb_001997__political,0.83143985,0.5564460754394531,0.2551516592502594,True
qb_001997,economic,qb_001997__economic,0.79440427,0.55614173412323,0.20986826717853546,True
qb_001997,health_and_safety,qb_001997__health_and_safety,0.7258232,0.6155975461006165,0.20665761828422546,True
qb_017682,security_and_defense,qb_017682__security_and_defense,0.8089326,0.6617835164070129,0.19144311547279358,True
qb_017682,external_regulation,qb_017682__external_regulation,0.727836,0.6033593416213989,0.26679864525794983,True
qb_017682,political,qb_017682__political,0.8560545,0.5380542278289795,0.26444771885871887,True
qb_017682,capacity_and_resources,qb_017682__capacity_and_resources,0.7664063,0.6417853832244873,0.278461217880249,True
qb_017682,health_and_safety,qb_017682__health_and_safety,0.8172335,0.4887685775756836,0.1596345752477646,True
qb_016811,political,qb_016811__political,0.65764844,0.5163483619689941,0.3004438877105713,True
qb_016811,legality_constitutionality,qb_016811__legality_constitutionality,0.7102312,0.48241692781448364,0.24414777755737305,True
qb_016811,public_sentiment,qb_016811__public_sentiment,0.7162041,0.5126553773880005,0.336195707321167,True
qb_013355,health_and_safety,qb_013355__health_and_safety,0.8235025,0.6466741561889648,0.19099974632263184,True
qb_013355,capacity_and_resources,qb_013355__capacity_and_resources,0.6632249,0.6102017760276794,0.21408900618553162,True
qb_013355,legality_constitutionality,qb_013355__legality_constitutionality,0.75839067,0.6852964758872986,0.19774238765239716,True
qb_013355,political,qb_013355__political,0.74890625,0.6122446656227112,0.24099788069725037,True
qb_014337,political,qb_014337__political,0.73735344,0.6490281820297241,0.32414528727531433,True
qb_014337,security_and_defense,qb_014337__security_and_defense,0.68212706,0.5780130624771118,0.18342265486717224,True
qb_020112,political,qb_020112__political,0.7549946,0.5761725306510925,0.24374866485595703,True
qb_020112,policy_prescription,qb_020112__policy_prescription,0.55441093,0.5080541968345642,0.259046733379364,True
qb_020112,health_and_safety,qb_020112__health_and_safety,0.6145439,0.5017527937889099,0.24434144794940948,True
qb_020112,public_sentiment,qb_020112__public_sentiment,0.7000134,0.5302450656890869,0.27458691596984863,True
qb_007912,policy_prescription,qb_007912__policy_prescription,0.8312341,0.6833892464637756,0.16930286586284637,True
qb_007912,fairness_and_equality,qb_007912__fairness_and_equality,0.8404993,0.7200431227684021,0.1658743917942047,True
qb_007912,cultural_identity,qb_007912__cultural_identity,0.82255816,0.7242764830589294,0.19881154596805573,True
qb_007912,public_sentiment,qb_007912__public_sentiment,0.82365376,0.7137856483459473,0.2156558483839035,True
qb_013811,economic,qb_013811__economic,0.6954206,0.6324986815452576,0.3503046929836273,True
qb_013811,policy_prescription,qb_013811__policy_prescription,0.8030455,0.5943582057952881,0.2457474023103714,True
qb_013811,capacity_and_resources,qb_013811__capacity_and_resources,0.69043565,0.6374802589416504,0.2810591757297516,True
qb_013811,political,qb_013811__political,0.85601246,0.6518208980560303,0.3012610375881195,True
qb_013811,public_sentiment,qb_013811__public_sentiment,0.7801915,0.6312811970710754,0.2859223186969757,True
qb_008444,political,qb_008444__political,0.6036637,0.4815875291824341,0.2322487086057663,True
qb_008444,capacity_and_resources,qb_008444__capacity_and_resources,0.6309339,0.5067609548568726,0.22354936599731445,True
qb_008444,public_sentiment,qb_008444__public_sentiment,0.73507607,0.5657703876495361,0.1867230236530304,True
qb_012352,legality_constitutionality,qb_012352__legality_constitutionality,0.79296196,0.6912474036216736,0.30025047063827515,True
qb_012352,crime_and_punishment,qb_012352__crime_and_punishment,0.88433576,0.6334368586540222,0.20784123241901398,True
qb_012352,political,qb_012352__political,0.79599655,0.6371668577194214,0.25147196650505066,True
qb_012352,external_regulation,qb_012352__external_regulation,0.8049408,0.6489570736885071,0.2838425040245056,True
qb_004548,security_and_defense,qb_004548__security_and_defense,0.7266102,0.6072832345962524,0.3159806430339813,True
qb_004548,external_regulation,qb_004548__external_regulation,0.7103449,0.6404110193252563,0.2512880861759186,True
qb_004548,economic,qb_004548__economic,0.7063904,0.6059991121292114,0.2571071982383728,True
qb_004548,policy_prescription,qb_004548__policy_prescription,0.691604,0.5649336576461792,0.18975241482257843,True
qb_004548,legality_constitutionality,qb_004548__legality_constitutionality,0.5862247,0.5122501850128174,0.2992667555809021,True
qb_004548,political,qb_004548__political,0.8088193,0.6180194616317749,0.3189576268196106,True
qb_009185,political,qb_009185__political,0.79437256,0.6395534873008728,0.3022584021091461,True
qb_009185,legality_constitutionality,qb_009185__legality_constitutionality,0.72307175,0.6978601813316345,0.2133142054080963,True
qb_009185,crime_and_punishment,qb_009185__crime_and_punishment,0.75480276,0.7196916937828064,0.3103296756744385,True
qb_010133,health_and_safety,qb_010133__health_and_safety,0.8137557,0.7598719000816345,0.29761844873428345,True
qb_010133,public_sentiment,qb_010133__public_sentiment,0.81876856,0.6881111264228821,0.30430275201797485,True
qb_010133,political,qb_010133__political,0.77649045,0.8188660144805908,0.20926931500434875,True
qb_010133,policy_prescription,qb_010133__policy_prescription,0.8107545,0.7333667874336243,0.2604132890701294,True
qb_002573,policy_prescription,qb_002573__policy_prescription,0.7977306,0.7720922231674194,0.22295522689819336,True
qb_002573,legality_constitutionality,qb_002573__legality_constitutionality,0.8419095,0.6628293395042419,0.2463381290435791,True
qb_002573,political,qb_002573__political,0.7526825,0.740634024143219,0.24780216813087463,True
qb_002573,fairness_and_equality,qb_002573__fairness_and_equality,0.66614884,0.6086158156394958,0.22503259778022766,True
qb_002573,economic,qb_002573__economic,0.7796983,0.7563877105712891,0.2704702317714691,True
qb_008540,legality_constitutionality,qb_008540__legality_constitutionality,0.7457458,0.724266529083252,0.2270873486995697,True
qb_008540,political,qb_008540__political,0.70455456,0.6402790546417236,0.26364952325820923,True
qb_012198,economic,qb_012198__economic,0.5944365,0.6316421031951904,0.24845561385154724,True
qb_012198,external_regulation,qb_012198__external_regulation,0.7183905,0.6477248072624207,0.25317391753196716,True
qb_012198,policy_prescription,qb_012198__policy_prescription,0.68539476,0.5792055130004883,0.26796358823776245,True
qb_004362,capacity_and_resources,qb_004362__capacity_and_resources,0.78058374,0.6836392879486084,0.21647512912750244,True
qb_004362,health_and_safety,qb_004362__health_and_safety,0.7377725,0.6732578277587891,0.2643345296382904,True
qb_004362,economic,qb_004362__economic,0.8394209,0.6501326560974121,0.17411276698112488,True
qb_002881,economic,qb_002881__economic,0.62952375,0.5644292235374451,0.16811425983905792,True
qb_002881,public_sentiment,qb_002881__public_sentiment,0.7620282,0.5185045003890991,0.19189231097698212,True
qb_007498,economic,qb_007498__economic,0.60036916,0.5396754145622253,0.26322799921035767,True
qb_007498,health_and_safety,qb_007498__health_and_safety,0.6227786,0.4700582027435303,0.18759289383888245,True
qb_007498,policy_prescription,qb_007498__policy_prescription,0.805696,0.5432144403457642,0.22091516852378845,True
qb_007498,quality_of_life,qb_007498__quality_of_life,0.6301614,0.5631508231163025,0.24198517203330994,True
qb_014289,economic,qb_014289__economic,0.5247445,0.5572324991226196,0.1796528548002243,True
qb_014289,policy_prescription,qb_014289__policy_prescription,0.6181669,0.5477420091629028,0.260796457529068,True
qb_014289,fairness_and_equality,qb_014289__fairness_and_equality,0.68688583,0.6449503898620605,0.18365806341171265,True
qb_014289,political,qb_014289__political,0.6825402,0.5898032188415527,0.28035885095596313,True
qb_014289,health_and_safety,qb_014289__health_and_safety,0.6768862,0.4978068470954895,0.2223157435655594,True
qb_000304,political,qb_000304__political,0.7983452,0.689254641532898,0.26539844274520874,True
qb_000304,policy_prescription,qb_000304__policy_prescription,0.8515935,0.7214798927307129,0.2563421130180359,True
qb_000304,health_and_safety,qb_000304__health_and_safety,0.8453939,0.6678568124771118,0.2355300486087799,True
qb_000304,public_sentiment,qb_000304__public_sentiment,0.82652277,0.639820396900177,0.2239091694355011,True
qb_000304,legality_constitutionality,qb_000304__legality_constitutionality,0.9023495,0.5761104822158813,0.31795674562454224,True
qb_008563,legality_constitutionality,qb_008563__legality_constitutionality,0.8133343,0.633217453956604,0.1939990520477295,True
qb_008563,crime_and_punishment,qb_008563__crime_and_punishment,0.8650225,0.4855589270591736,0.2691877484321594,True
qb_010337,security_and_defense,qb_010337__security_and_defense,0.7235695,0.6552504301071167,0.15355485677719116,True
qb_010337,external_regulation,qb_010337__external_regulation,0.67728907,0.6556546688079834,0.1769479364156723,True
qb_010337,crime_and_punishment,qb_010337__crime_and_punishment,0.7511014,0.5576841235160828,0.2387380599975586,True
qb_010337,policy_prescription,qb_010337__policy_prescription,0.6093861,0.6474239230155945,0.299372136592865,True
qb_014455,legality_constitutionality,qb_014455__legality_constitutionality,0.7850787,0.6757214665412903,0.27402085065841675,True
qb_014455,policy_prescription,qb_014455__policy_prescription,0.78453135,0.6704686284065247,0.24215590953826904,True
qb_014455,security_and_defense,qb_014455__security_and_defense,0.8068529,0.5922331213951111,0.24402430653572083,True
qb_014455,political,qb_014455__political,0.6295117,0.5689444541931152,0.2666250169277191,True
qb_007731,economic,qb_007731__economic,0.680742,0.5242387652397156,0.24495701491832733,True
qb_007731,external_regulation,qb_007731__external_regulation,0.66383094,0.5192519426345825,0.18852992355823517,True
qb_007731,policy_prescription,qb_007731__policy_prescription,0.8465003,0.5736274719238281,0.19636395573616028,True
qb_007731,political,qb_007731__political,0.79568875,0.5299367308616638,0.2723885774612427,True
qb_013219,political,qb_013219__political,0.83544695,0.7822484374046326,0.22363872826099396,True
qb_013219,crime_and_punishment,qb_013219__crime_and_punishment,0.83486915,0.8026555776596069,0.2443617880344391,True
qb_010824,security_and_defense,qb_010824__security_and_defense,0.6799424,0.5811207890510559,0.213544562458992,True
qb_010824,external_regulation,qb_010824__external_regulation,0.82917,0.652797281742096,0.30087918043136597,True
qb_010824,political,qb_010824__political,0.8286599,0.5906779766082764,0.19414925575256348,True
qb_010824,capacity_and_resources,qb_010824__capacity_and_resources,0.70776397,0.5787041187286377,0.20109586417675018,True
qb_010824,morality,qb_010824__morality,0.7546201,0.5798995494842529,0.25362923741340637,True
qb_000130,policy_prescription,qb_000130__policy_prescription,0.8181391,0.7195768356323242,0.3064423203468323,True
qb_000130,political,qb_000130__political,0.794608,0.6064554452896118,0.22975465655326843,True
qb_000130,legality_constitutionality,qb_000130__legality_constitutionality,0.78631103,0.7516016960144043,0.32762017846107483,True
qb_020092,security_and_defense,qb_020092__security_and_defense,0.7909925,0.7053375244140625,0.2226623296737671,True
qb_020092,external_regulation,qb_020092__external_regulation,0.73046124,0.6365532875061035,0.1905212104320526,True
qb_020092,policy_prescription,qb_020092__policy_prescription,0.73102885,0.7234300971031189,0.24781036376953125,True
qb_020092,political,qb_020092__political,0.77841866,0.6629863977432251,0.3102383315563202,True
qb_018514,cultural_identity,qb_018514__cultural_identity,0.7876354,0.6405320167541504,0.192422553896904,True
qb_018514,legality_constitutionality,qb_018514__legality_constitutionality,0.7671911,0.6172400712966919,0.2598763704299927,True
qb_018514,political,qb_018514__political,0.80158925,0.5788683891296387,0.24601440131664276,True
qb_015469,political,qb_015469__political,0.77696764,0.5223342180252075,0.30962806940078735,True
qb_015469,policy_prescription,qb_015469__policy_prescription,0.67320967,0.6787489652633667,0.2436104118824005,True
qb_015469,health_and_safety,qb_015469__health_and_safety,0.7090377,0.6501325368881226,0.2878255844116211,True
qb_002913,political,qb_002913__political,0.6715871,0.5948123335838318,0.2716405391693115,True
qb_002913,legality_constitutionality,qb_002913__legality_constitutionality,0.8111596,0.6196272373199463,0.22790098190307617,True
qb_002913,fairness_and_equality,qb_002913__fairness_and_equality,0.77371514,0.6167399883270264,0.3273744583129883,True
qb_007003,health_and_safety,qb_007003__health_and_safety,0.7760024,0.6972287893295288,0.21017387509346008,True
qb_007003,policy_prescription,qb_007003__policy_prescription,0.76014555,0.8265907168388367,0.2037668526172638,True
qb_007003,political,qb_007003__political,0.7796899,0.5955376625061035,0.3045770525932312,True
qb_019323,legality_constitutionality,qb_019323__legality_constitutionality,0.72526854,0.7142873406410217,0.21261386573314667,True
qb_019323,political,qb_019323__political,0.7707082,0.7108154296875,0.21323370933532715,True
qb_021411,security_and_defense,qb_021411__security_and_defense,0.7151165,0.7088379859924316,0.20031337440013885,True
qb_021411,crime_and_punishment,qb_021411__crime_and_punishment,0.775912,0.5857388377189636,0.3060758709907532,True
qb_021411,public_sentiment,qb_021411__public_sentiment,0.79871744,0.5920187830924988,0.18672898411750793,True
qb_021411,morality,qb_021411__morality,0.78756917,0.6061633229255676,0.155605286359787,True
qb_019236,political,qb_019236__political,0.7855756,0.7567460536956787,0.27420222759246826,True
qb_019236,public_sentiment,qb_019236__public_sentiment,0.842244,0.7548660039901733,0.22743961215019226,True
qb_008843,political,qb_008843__political,0.7358678,0.7003383636474609,0.2189795970916748,True
qb_008843,morality,qb_008843__morality,0.85111403,0.5948516726493835,0.306549608707428,True
qb_008843,legality_constitutionality,qb_008843__legality_constitutionality,0.66108316,0.605699896812439,0.20127251744270325,True
qb_018422,external_regulation,qb_018422__external_regulation,0.82987297,0.6373306512832642,0.19014933705329895,True
qb_018422,security_and_defense,qb_018422__security_and_defense,0.7106172,0.6337594985961914,0.19147251546382904,True
qb_018422,political,qb_018422__political,0.75362504,0.4835624694824219,0.3112103044986725,True
qb_004775,economic,qb_004775__economic,0.6964965,0.5699564218521118,0.24743394553661346,True
qb_004775,political,qb_004775__political,0.8383719,0.5288529396057129,0.3259207606315613,True
qb_004775,policy_prescription,qb_004775__policy_prescription,0.77550226,0.6710936427116394,0.2770349383354187,True
qb_001374,legality_constitutionality,qb_001374__legality_constitutionality,0.76406384,0.8465000987052917,0.2775270640850067,True
qb_001374,crime_and_punishment,qb_001374__crime_and_punishment,0.77851963,0.6871836185455322,0.22793476283550262,True
qb_001374,fairness_and_equality,qb_001374__fairness_and_equality,0.69466275,0.5335264801979065,0.15996381640434265,True
qb_001374,morality,qb_001374__morality,0.6917608,0.5747948288917542,0.2005583792924881,True
qb_001374,economic,qb_001374__economic,0.5420065,0.5929362773895264,0.17384862899780273,True
qb_017250,legality_constitutionality,qb_017250__legality_constitutionality,0.78190804,0.7057739496231079,0.16638369858264923,True
qb_017250,crime_and_punishment,qb_017250__crime_and_punishment,0.81376535,0.7973853349685669,0.29151472449302673,True
qb_017250,policy_prescription,qb_017250__policy_prescription,0.6005853,0.5660868883132935,0.22753970324993134,True
qb_017250,political,qb_017250__political,0.7571316,0.7246118187904358,0.29876577854156494,True
qb_017250,external_regulation,qb_017250__external_regulation,0.78385705,0.6526907682418823,0.2608655095100403,True
qb_007063,legality_constitutionality,qb_007063__legality_constitutionality,0.88382876,0.5939473509788513,0.26265138387680054,True
qb_007063,crime_and_punishment,qb_007063__crime_and_punishment,0.6961026,0.731351375579834,0.21263369917869568,True
qb_007063,political,qb_007063__political,0.6782081,0.6260278224945068,0.21820101141929626,True
qb_002903,economic,qb_002903__economic,0.69288933,0.7579041123390198,0.2034824788570404,True
qb_002903,capacity_and_resources,qb_002903__capacity_and_resources,0.7660214,0.7327258586883545,0.17735758423805237,True
qb_002903,policy_prescription,qb_002903__policy_prescription,0.78816324,0.7461119294166565,0.2241111546754837,True
qb_002903,quality_of_life,qb_002903__quality_of_life,0.88133264,0.7231059670448303,0.14576943218708038,True
qb_017394,political,qb_017394__political,0.70300865,0.502558708190918,0.24874821305274963,True
qb_017394,security_and_defense,qb_017394__security_and_defense,0.7724314,0.6267604827880859,0.32103845477104187,True
qb_017394,crime_and_punishment,qb_017394__crime_and_punishment,0.78483325,0.5170632004737854,0.2785748243331909,True
qb_002008,security_and_defense,qb_002008__security_and_defense,0.7100248,0.6249223947525024,0.21501824259757996,True
qb_002008,public_sentiment,qb_002008__public_sentiment,0.761505,0.634231686592102,0.21898159384727478,True
qb_002008,crime_and_punishment,qb_002008__crime_and_punishment,0.6695035,0.6866148710250854,0.2332494556903839,True
qb_017046,security_and_defense,qb_017046__security_and_defense,0.5565723,0.5489150285720825,0.2719042897224426,True
qb_017046,policy_prescription,qb_017046__policy_prescription,0.590557,0.6017882227897644,0.1966768056154251,True
qb_017046,political,qb_017046__political,0.6480137,0.6165865659713745,0.34988677501678467,True
qb_017046,external_regulation,qb_017046__external_regulation,0.7719056,0.6335258483886719,0.2638327479362488,True
qb_017046,legality_constitutionality,qb_017046__legality_constitutionality,0.7988384,0.6666227579116821,0.2153145968914032,True
qb_019419,policy_prescription,qb_019419__policy_prescription,0.68633425,0.5721793174743652,0.24081656336784363,True
qb_019419,security_and_defense,qb_019419__security_and_defense,0.6447979,0.5763159990310669,0.30803781747817993,True
qb_019419,capacity_and_resources,qb_019419__capacity_and_resources,0.64316386,0.5081068873405457,0.245045468211174,True
qb_019419,political,qb_019419__political,0.8462423,0.5645240545272827,0.29793328046798706,True
qb_019419,legality_constitutionality,qb_019419__legality_constitutionality,0.6652368,0.4663403630256653,0.24412894248962402,True
qb_019419,cultural_identity,qb_019419__cultural_identity,0.8376391,0.4655086398124695,0.18472063541412354,True
qb_002093,public_sentiment,qb_002093__public_sentiment,0.8476474,0.6423623561859131,0.2422739565372467,True
qb_002093,cultural_identity,qb_002093__cultural_identity,0.69979143,0.6879196166992188,0.1807723194360733,True
qb_002961,capacity_and_resources,qb_002961__capacity_and_resources,0.8513081,0.682475209236145,0.17651793360710144,True
qb_002961,other,qb_002961__other,0.7271889,0.5445824265480042,0.14883370697498322,True
qb_006513,public_sentiment,qb_006513__public_sentiment,0.741382,0.581570565700531,0.3471429944038391,True
qb_006513,political,qb_006513__political,0.78679895,0.6167996525764465,0.3251880705356598,True
qb_006513,crime_and_punishment,qb_006513__crime_and_punishment,0.82571805,0.6417243480682373,0.21509552001953125,True
qb_006513,policy_prescription,qb_006513__policy_prescription,0.7993945,0.6636011004447937,0.29074111580848694,True
qb_015782,political,qb_015782__political,0.8408519,0.6135001182556152,0.2646079659461975,True
qb_015782,legality_constitutionality,qb_015782__legality_constitutionality,0.69651574,0.7206513285636902,0.32495182752609253,True
qb_015782,external_regulation,qb_015782__external_regulation,0.7034666,0.5900091528892517,0.31631821393966675,True
qb_015782,public_sentiment,qb_015782__public_sentiment,0.7437062,0.7193778157234192,0.32065722346305847,True
qb_010566,political,qb_010566__political,0.76047236,0.5955841541290283,0.26356619596481323,True
qb_010566,legality_constitutionality,qb_010566__legality_constitutionality,0.65799713,0.6508429050445557,0.20515401661396027,True
qb_010566,policy_prescription,qb_010566__policy_prescription,0.7677698,0.6117062568664551,0.20882883667945862,True
qb_013964,legality_constitutionality,qb_013964__legality_constitutionality,0.72112507,0.7716503143310547,0.2667979598045349,True
qb_013964,security_and_defense,qb_013964__security_and_defense,0.7985705,0.725229024887085,0.20019564032554626,True
qb_013964,crime_and_punishment,qb_013964__crime_and_punishment,0.7822573,0.6677623987197876,0.2214772254228592,True
qb_013964,policy_prescription,qb_013964__policy_prescription,0.7685923,0.7447309494018555,0.2246623933315277,True
qb_013964,external_regulation,qb_013964__external_regulation,0.7288304,0.7784355878829956,0.25980159640312195,True
qb_005506,cultural_identity,qb_005506__cultural_identity,0.75568044,0.7750222682952881,0.23687338829040527,True
qb_005506,political,qb_005506__political,0.8220345,0.6845372915267944,0.18760298192501068,True
qb_005506,fairness_and_equality,qb_005506__fairness_and_equality,0.88380325,0.7676979899406433,0.2353101521730423,True
qb_004298,security_and_defense,qb_004298__security_and_defense,0.68909305,0.6725339293479919,0.21163666248321533,True
qb_004298,policy_prescription,qb_004298__policy_prescription,0.7237924,0.6761549711227417,0.18501034379005432,True
qb_004298,fairness_and_equality,qb_004298__fairness_and_equality,0.6036496,0.5479859709739685,0.21101140975952148,True
qb_004298,capacity_and_resources,qb_004298__capacity_and_resources,0.6157423,0.6493259072303772,0.23532697558403015,True
qb_004298,economic,qb_004298__economic,0.76594424,0.5936869978904724,0.16542640328407288,True
qb_004298,health_and_safety,qb_004298__health_and_safety,0.637887,0.6186835169792175,0.22895805537700653,True
qb_004298,political,qb_004298__political,0.6806088,0.44404974579811096,0.22771437466144562,True
qb_004298,cultural_identity,qb_004298__cultural_identity,0.6594326,0.5516518950462341,0.2398834228515625,True
qb_000602,legality_constitutionality,qb_000602__legality_constitutionality,0.6411023,0.6291516423225403,0.21925529837608337,True
qb_000602,economic,qb_000602__economic,0.7458379,0.4638643264770508,0.18336428701877594,True
qb_000602,political,qb_000602__political,0.7094101,0.5341880917549133,0.2927978038787842,True
qb_000602,policy_prescription,qb_000602__policy_prescription,0.71687996,0.4302220046520233,0.2581362724304199,True
qb_004504,legality_constitutionality,qb_004504__legality_constitutionality,0.59949905,0.6559648513793945,0.22878751158714294,True
qb_004504,economic,qb_004504__economic,0.7510867,0.5429596304893494,0.2348962277173996,True
qb_004504,health_and_safety,qb_004504__health_and_safety,0.7432514,0.5659310817718506,0.2813757061958313,True
qb_004504,crime_and_punishment,qb_004504__crime_and_punishment,0.6210584,0.6662983894348145,0.2242184579372406,True
qb_004504,public_sentiment,qb_004504__public_sentiment,0.6685763,0.6023719906806946,0.2911883592605591,True
qb_012039,political,qb_012039__political,0.77562237,0.714003324508667,0.19525356590747833,True
qb_012039,morality,qb_012039__morality,0.7794838,0.7084078192710876,0.24226422607898712,True
qb_000088,political,qb_000088__political,0.6378285,0.4946185350418091,0.315967857837677,True
qb_000088,external_regulation,qb_000088__external_regulation,0.76446855,0.616907000541687,0.2416960746049881,True
qb_000088,policy_prescription,qb_000088__policy_prescription,0.63879144,0.6676008701324463,0.3142584562301636,True
qb_000088,economic,qb_000088__economic,0.8733435,0.5586419105529785,0.2277969866991043,True
qb_000088,public_sentiment,qb_000088__public_sentiment,0.7719754,0.5833601951599121,0.2572741210460663,True
qb_001527,external_regulation,qb_001527__external_regulation,0.7996454,0.6752239465713501,0.24224483966827393,True
qb_001527,security_and_defense,qb_001527__security_and_defense,0.7871101,0.6803027987480164,0.26575082540512085,True
qb_001527,political,qb_001527__political,0.78442216,0.6212366223335266,0.29700854420661926,True
qb_000241,political,qb_000241__political,0.8555459,0.7104974389076233,0.2907015085220337,True
qb_000241,legality_constitutionality,qb_000241__legality_constitutionality,0.72756755,0.6586477756500244,0.2066003829240799,True
qb_000241,public_sentiment,qb_000241__public_sentiment,0.775239,0.6021454930305481,0.3214937746524811,True
qb_013010,policy_prescription,qb_013010__policy_prescription,0.6883292,0.5145212411880493,0.22805377840995789,True
qb_013010,economic,qb_013010__economic,0.65037906,0.4575576186180115,0.15914258360862732,True
qb_013010,political,qb_013010__political,0.8194367,0.3901126980781555,0.20663419365882874,True
qb_013010,capacity_and_resources,qb_013010__capacity_and_resources,0.6474163,0.5328627824783325,0.22673797607421875,True
qb_013010,quality_of_life,qb_013010__quality_of_life,0.71142673,0.4622412621974945,0.17527350783348083,True
qb_013010,health_and_safety,qb_013010__health_and_safety,0.74152565,0.4718772768974304,0.21384596824645996,True
qb_014378,political,qb_014378__political,0.7741014,0.5072695016860962,0.2463451623916626,True
qb_014378,security_and_defense,qb_014378__security_and_defense,0.6516161,0.5169625878334045,0.20477302372455597,True
qb_014378,policy_prescription,qb_014378__policy_prescription,0.6431837,0.4718155264854431,0.22326210141181946,True
qb_014378,public_sentiment,qb_014378__public_sentiment,0.71953505,0.538257896900177,0.3162577748298645,True
qb_014378,capacity_and_resources,qb_014378__capacity_and_resources,0.7244789,0.47384411096572876,0.24428384006023407,True
qb_011931,health_and_safety,qb_011931__health_and_safety,0.7523366,0.523592472076416,0.22932109236717224,True
qb_011931,capacity_and_resources,qb_011931__capacity_and_resources,0.8140116,0.5388994812965393,0.2567066550254822,True
qb_011931,political,qb_011931__political,0.8091677,0.6049790382385254,0.18327416479587555,True
qb_002285,economic,qb_002285__economic,0.7391145,0.5003951787948608,0.24003282189369202,True
qb_002285,external_regulation,qb_002285__external_regulation,0.68141276,0.5670986175537109,0.21638604998588562,True
qb_002285,policy_prescription,qb_002285__policy_prescription,0.7747822,0.5082041621208191,0.22502689063549042,True
qb_002285,political,qb_002285__political,0.8281932,0.5072246193885803,0.29926836490631104,True
qb_003494,crime_and_punishment,qb_003494__crime_and_punishment,0.74174786,0.49065765738487244,0.15796759724617004,True
qb_003494,security_and_defense,qb_003494__security_and_defense,0.7620875,0.5346047282218933,0.20556899905204773,True
qb_003494,legality_constitutionality,qb_003494__legality_constitutionality,0.75826085,0.5572624206542969,0.19816844165325165,True
qb_003494,health_and_safety,qb_003494__health_and_safety,0.6602803,0.5800672769546509,0.21673043072223663,True
qb_009002,health_and_safety,qb_009002__health_and_safety,0.7152202,0.6428534984588623,0.23886652290821075,True
qb_009002,capacity_and_resources,qb_009002__capacity_and_resources,0.8660433,0.7467510104179382,0.2961069345474243,True
qb_009002,security_and_defense,qb_009002__security_and_defense,0.7686869,0.7149513363838196,0.24845245480537415,True
qb_009002,political,qb_009002__political,0.7594743,0.6722595691680908,0.2921571731567383,True
qb_020612,political,qb_020612__political,0.8562628,0.6472678184509277,0.3140042722225189,True
qb_020612,public_sentiment,qb_020612__public_sentiment,0.88175535,0.7160201072692871,0.2495725452899933,True
qb_008875,political,qb_008875__political,0.8496136,0.756313681602478,0.2597643733024597,True
qb_008875,public_sentiment,qb_008875__public_sentiment,0.7935847,0.814855694770813,0.24009940028190613,True
qb_001115,political,qb_001115__political,0.70222133,0.5797984600067139,0.3390914797782898,True
qb_001115,public_sentiment,qb_001115__public_sentiment,0.7054281,0.5857049226760864,0.2338675558567047,True
qb_001115,morality,qb_001115__morality,0.7382655,0.5556035041809082,0.3268694281578064,True
qb_019240,health_and_safety,qb_019240__health_and_safety,0.68464756,0.7560449242591858,0.28910788893699646,True
qb_019240,policy_prescription,qb_019240__policy_prescription,0.8350655,0.7515255808830261,0.2890903353691101,True
qb_019240,political,qb_019240__political,0.8076931,0.5598883032798767,0.26889535784721375,True
qb_019240,legality_constitutionality,qb_019240__legality_constitutionality,0.7633388,0.7021977305412292,0.20814868807792664,True
qb_016204,legality_constitutionality,qb_016204__legality_constitutionality,0.6508937,0.49583983421325684,0.20279240608215332,True
qb_016204,political,qb_016204__political,0.7790979,0.4856831431388855,0.1979423463344574,True
qb_016204,health_and_safety,qb_016204__health_and_safety,0.6083015,0.39368024468421936,0.1796155869960785,True
qb_003607,legality_constitutionality,qb_003607__legality_constitutionality,0.71036136,0.6824157238006592,0.23573049902915955,True
qb_003607,political,qb_003607__political,0.7097783,0.6538476943969727,0.31432443857192993,True
qb_007758,policy_prescription,qb_007758__policy_prescription,0.7802646,0.7615519165992737,0.19813935458660126,True
qb_007758,legality_constitutionality,qb_007758__legality_constitutionality,0.76306903,0.7385512590408325,0.20011405646800995,True
qb_007758,morality,qb_007758__morality,0.8098456,0.7667039632797241,0.1382979154586792,True
qb_007758,fairness_and_equality,qb_007758__fairness_and_equality,0.8196473,0.736391544342041,0.18752622604370117,True
qb_007758,cultural_identity,qb_007758__cultural_identity,0.8783719,0.7362722158432007,0.18141108751296997,True
qb_020645,policy_prescription,qb_020645__policy_prescription,0.6560674,0.6788806915283203,0.23719516396522522,True
qb_020645,security_and_defense,qb_020645__security_and_defense,0.6401595,0.6259256601333618,0.3071116805076599,True
qb_020645,political,qb_020645__political,0.7696055,0.49974536895751953,0.2301790416240692,True
qb_009657,cultural_identity,qb_009657__cultural_identity,0.8436758,0.49728715419769287,0.18525435030460358,True
qb_009657,health_and_safety,qb_009657__health_and_safety,0.74535453,0.3918783962726593,0.23396220803260803,True
qb_004157,capacity_and_resources,qb_004157__capacity_and_resources,0.72800547,0.6538475155830383,0.22904618084430695,True
qb_004157,public_sentiment,qb_004157__public_sentiment,0.77261,0.4704624116420746,0.1726658046245575,True
qb_004157,political,qb_004157__political,0.78424776,0.6048552989959717,0.2208339273929596,True
qb_004157,quality_of_life,qb_004157__quality_of_life,0.72086585,0.6610974669456482,0.22482089698314667,True
qb_004157,security_and_defense,qb_004157__security_and_defense,0.7626382,0.612016499042511,0.20359322428703308,True
qb_004157,economic,qb_004157__economic,0.7013893,0.5891417264938354,0.16330453753471375,True
qb_009019,political,qb_009019__political,0.67657393,0.49814334511756897,0.30803173780441284,True
qb_009019,policy_prescription,qb_009019__policy_prescription,0.68437165,0.570543110370636,0.23667223751544952,True
qb_009019,legality_constitutionality,qb_009019__legality_constitutionality,0.6538763,0.5866713523864746,0.215510293841362,True
qb_009019,public_sentiment,qb_009019__public_sentiment,0.7516988,0.5079525709152222,0.22985565662384033,True
qb_009019,fairness_and_equality,qb_009019__fairness_and_equality,0.7184773,0.5184366106987,0.2019355297088623,True
qb_009019,morality,qb_009019__morality,0.76629305,0.5283980369567871,0.31598472595214844,True
qb_010898,legality_constitutionality,qb_010898__legality_constitutionality,0.7597421,0.7099234461784363,0.21019458770751953,True
qb_010898,political,qb_010898__political,0.73665285,0.5445469617843628,0.246585413813591,True
qb_010898,policy_prescription,qb_010898__policy_prescription,0.69542503,0.5702785849571228,0.2535816431045532,True
qb_010898,morality,qb_010898__morality,0.7511308,0.5859435796737671,0.2864265441894531,True
qb_010898,public_sentiment,qb_010898__public_sentiment,0.7883826,0.5760252475738525,0.26899030804634094,True
qb_009601,political,qb_009601__political,0.80074096,0.5845422744750977,0.2083393633365631,True
qb_009601,public_sentiment,qb_009601__public_sentiment,0.70006883,0.602083683013916,0.15752799808979034,True
qb_017595,political,qb_017595__political,0.8481379,0.5925372242927551,0.2944999039173126,True
qb_017595,public_sentiment,qb_017595__public_sentiment,0.72756183,0.5657907724380493,0.27609288692474365,True
qb_017595,cultural_identity,qb_017595__cultural_identity,0.67287385,0.5116250514984131,0.19112002849578857,True
qb_017595,fairness_and_equality,qb_017595__fairness_and_equality,0.56813645,0.6030555963516235,0.24303138256072998,True
qb_017595,morality,qb_017595__morality,0.72044134,0.5704293847084045,0.2555054724216461,True
qb_017595,legality_constitutionality,qb_017595__legality_constitutionality,0.67744875,0.5933787226676941,0.23277369141578674,True
qb_003264,political,qb_003264__political,0.85892355,0.7642990350723267,0.3013215661048889,True
qb_003264,fairness_and_equality,qb_003264__fairness_and_equality,0.82037646,0.788088321685791,0.2550118863582611,True
qb_008782,political,qb_008782__political,0.7567131,0.4656854569911957,0.23658767342567444,True
qb_008782,economic,qb_008782__economic,0.75584114,0.6092850565910339,0.2589099407196045,True
qb_012623,health_and_safety,qb_012623__health_and_safety,0.70288366,0.5828015208244324,0.221665620803833,True
qb_012623,policy_prescription,qb_012623__policy_prescription,0.621444,0.6392208337783813,0.2804422080516815,True
qb_012623,political,qb_012623__political,0.5806337,0.41961416602134705,0.32264620065689087,True
qb_012540,political,qb_012540__political,0.74909645,0.5596821308135986,0.25642505288124084,True
qb_012540,legality_constitutionality,qb_012540__legality_constitutionality,0.7479382,0.4682769775390625,0.17246069014072418,True
qb_012540,security_and_defense,qb_012540__security_and_defense,0.81673986,0.6431121826171875,0.2234991043806076,True
qb_012540,external_regulation,qb_012540__external_regulation,0.6941736,0.5326305031776428,0.22574463486671448,True
qb_008108,political,qb_008108__political,0.79096293,0.6888778209686279,0.20974528789520264,True
qb_008108,public_sentiment,qb_008108__public_sentiment,0.8152982,0.592872679233551,0.3203769326210022,True
qb_008108,health_and_safety,qb_008108__health_and_safety,0.7141715,0.5720300674438477,0.2612481713294983,True
qb_008108,cultural_identity,qb_008108__cultural_identity,0.76090133,0.44246771931648254,0.2325424700975418,True
qb_004623,political,qb_004623__political,0.8762125,0.6131340265274048,0.2628132402896881,True
qb_004623,policy_prescription,qb_004623__policy_prescription,0.6659967,0.4447442889213562,0.2280556857585907,True
qb_004623,fairness_and_equality,qb_004623__fairness_and_equality,0.8339104,0.6596907377243042,0.1908862590789795,True
qb_004623,economic,qb_004623__economic,0.76791394,0.6268985271453857,0.24932534992694855,True
qb_004623,public_sentiment,qb_004623__public_sentiment,0.80353016,0.6167663931846619,0.2577463984489441,True
qb_004623,morality,qb_004623__morality,0.75891256,0.6906195878982544,0.21471670269966125,True
qb_006760,political,qb_006760__political,0.79470557,0.5866811275482178,0.2404930144548416,True
qb_006760,legality_constitutionality,qb_006760__legality_constitutionality,0.7551493,0.44124022126197815,0.23921887576580048,True
qb_006760,public_sentiment,qb_006760__public_sentiment,0.7706344,0.5382832288742065,0.22364649176597595,True
qb_006760,policy_prescription,qb_006760__policy_prescription,0.59347653,0.5198593735694885,0.37676098942756653,True
qb_013423,economic,qb_013423__economic,0.7425848,0.6276454925537109,0.26053792238235474,True
qb_013423,policy_prescription,qb_013423__policy_prescription,0.6649511,0.5030301809310913,0.26493334770202637,True
qb_013423,political,qb_013423__political,0.814451,0.706179141998291,0.2172759473323822,True
qb_016319,political,qb_016319__political,0.7738959,0.7359915375709534,0.23337559401988983,True
qb_016319,economic,qb_016319__economic,0.6264813,0.4124760627746582,0.21391578018665314,True
qb_016319,capacity_and_resources,qb_016319__capacity_and_resources,0.82180065,0.6894856095314026,0.24122336506843567,True
qb_016319,public_sentiment,qb_016319__public_sentiment,0.7337759,0.6464515328407288,0.2311263531446457,True
qb_021246,quality_of_life,qb_021246__quality_of_life,0.6664587,0.4964284300804138,0.17546173930168152,True
qb_021246,public_sentiment,qb_021246__public_sentiment,0.73617625,0.4939602315425873,0.2461967170238495,True
qb_021246,political,qb_021246__political,0.6779594,0.5221756100654602,0.27625805139541626,True
qb_021246,cultural_identity,qb_021246__cultural_identity,0.83153117,0.3166765868663788,0.22937771677970886,True
qb_021246,economic,qb_021246__economic,0.5565572,0.5423349738121033,0.18774206936359406,True
qb_021246,fairness_and_equality,qb_021246__fairness_and_equality,0.6898238,0.5254944562911987,0.19995056092739105,True
qb_021246,morality,qb_021246__morality,0.7031102,0.5195447206497192,0.20021840929985046,True
qb_021246,health_and_safety,qb_021246__health_and_safety,0.7370767,0.4798603057861328,0.1932154893875122,True
qb_018996,political,qb_018996__political,0.8059479,0.31375837326049805,0.2766426205635071,True
qb_018996,economic,qb_018996__economic,0.5864402,0.42872512340545654,0.24323086440563202,True
qb_018996,external_regulation,qb_018996__external_regulation,0.6490631,0.476824551820755,0.20524947345256805,True
qb_011266,health_and_safety,qb_011266__health_and_safety,0.7210064,0.6439779996871948,0.28422099351882935,True
qb_011266,policy_prescription,qb_011266__policy_prescription,0.7086648,0.6431235671043396,0.23013636469841003,True
qb_011266,political,qb_011266__political,0.7688075,0.6025599241256714,0.28548482060432434,True
qb_002742,capacity_and_resources,qb_002742__capacity_and_resources,0.63327336,0.6310291290283203,0.1780928671360016,True
qb_002742,economic,qb_002742__economic,0.7646992,0.5830090641975403,0.18576879799365997,True
qb_002742,public_sentiment,qb_002742__public_sentiment,0.80551326,0.6001166701316833,0.23618340492248535,True
qb_002742,health_and_safety,qb_002742__health_and_safety,0.6801448,0.5385865569114685,0.3058803379535675,True
qb_020680,economic,qb_020680__economic,0.6651869,0.6140890121459961,0.2169622927904129,True
qb_020680,health_and_safety,qb_020680__health_and_safety,0.60294735,0.4404836893081665,0.23623552918434143,True
qb_020680,policy_prescription,qb_020680__policy_prescription,0.69450706,0.6143519878387451,0.24531444907188416,True
qb_015310,external_regulation,qb_015310__external_regulation,0.8231558,0.6893864274024963,0.3041599690914154,True
qb_015310,public_sentiment,qb_015310__public_sentiment,0.87075406,0.6840851902961731,0.3200187683105469,True
qb_015310,political,qb_015310__political,0.66164756,0.6726641058921814,0.3329152464866638,True
qb_015310,morality,qb_015310__morality,0.68970025,0.6159003973007202,0.31644004583358765,True
qb_002058,security_and_defense,qb_002058__security_and_defense,0.79909855,0.6568430066108704,0.19433081150054932,True
qb_002058,capacity_and_resources,qb_002058__capacity_and_resources,0.8114032,0.7477027773857117,0.25640997290611267,True
qb_002058,external_regulation,qb_002058__external_regulation,0.84324694,0.6159189343452454,0.21890375018119812,True
qb_002058,political,qb_002058__political,0.780951,0.7211084961891174,0.2901453375816345,True
qb_011512,economic,qb_011512__economic,0.80287397,0.8016626238822937,0.16389498114585876,True
qb_011512,cultural_identity,qb_011512__cultural_identity,0.790727,0.6844425797462463,0.24777117371559143,True
qb_011512,public_sentiment,qb_011512__public_sentiment,0.8102118,0.7259316444396973,0.24903583526611328,True
qb_011512,quality_of_life,qb_011512__quality_of_life,0.7641804,0.6783478856086731,0.28200456500053406,True
qb_013992,cultural_identity,qb_013992__cultural_identity,0.82662,0.6114677786827087,0.2565174400806427,True
qb_013992,public_sentiment,qb_013992__public_sentiment,0.80019855,0.6458884477615356,0.21555578708648682,True
qb_013992,political,qb_013992__political,0.7329839,0.613658607006073,0.24478468298912048,True
qb_013992,fairness_and_equality,qb_013992__fairness_and_equality,0.67469615,0.4375927448272705,0.16605393588542938,True
qb_003014,health_and_safety,qb_003014__health_and_safety,0.71156883,0.6536719799041748,0.299775093793869,True
qb_003014,policy_prescription,qb_003014__policy_prescription,0.78777075,0.721110999584198,0.18997016549110413,True
qb_003014,capacity_and_resources,qb_003014__capacity_and_resources,0.8629167,0.7279998660087585,0.26316243410110474,True
qb_003014,public_sentiment,qb_003014__public_sentiment,0.756757,0.7163386940956116,0.20690178871154785,True
qb_011489,economic,qb_011489__economic,0.7045548,0.6643516421318054,0.21828946471214294,True
qb_011489,political,qb_011489__political,0.738635,0.5871479511260986,0.28243955969810486,True
qb_011489,capacity_and_resources,qb_011489__capacity_and_resources,0.6768812,0.6277893781661987,0.24272075295448303,True
qb_000764,political,qb_000764__political,0.77113885,0.7038449048995972,0.2533421814441681,True
qb_000764,public_sentiment,qb_000764__public_sentiment,0.8529345,0.7072596549987793,0.2195223867893219,True
qb_004926,legality_constitutionality,qb_004926__legality_constitutionality,0.88322365,0.5150060057640076,0.24826066195964813,True
qb_004926,political,qb_004926__political,0.69397116,0.5374188423156738,0.2901681661605835,True
qb_004926,crime_and_punishment,qb_004926__crime_and_punishment,0.7177964,0.5617057681083679,0.23681490123271942,True
qb_004926,public_sentiment,qb_004926__public_sentiment,0.82120055,0.5905840992927551,0.26181167364120483,True
qb_011112,legality_constitutionality,qb_011112__legality_constitutionality,0.76650524,0.5123953819274902,0.23362338542938232,True
qb_011112,political,qb_011112__political,0.6585224,0.5199170112609863,0.24826030433177948,True
qb_011112,public_sentiment,qb_011112__public_sentiment,0.7484863,0.570326030254364,0.22904321551322937,True
qb_000648,policy_prescription,qb_000648__policy_prescription,0.6246656,0.6915037631988525,0.2298746109008789,True
qb_000648,health_and_safety,qb_000648__health_and_safety,0.8626226,0.6607377529144287,0.21393421292304993,True
qb_000648,fairness_and_equality,qb_000648__fairness_and_equality,0.67582387,0.6683250665664673,0.24857743084430695,True
qb_000648,political,qb_000648__political,0.7465972,0.5045613646507263,0.22962331771850586,True
qb_000648,economic,qb_000648__economic,0.74648726,0.7277674078941345,0.20306503772735596,True
qb_020128,policy_prescription,qb_020128__policy_prescription,0.79277647,0.5955798625946045,0.26537156105041504,True
qb_020128,security_and_defense,qb_020128__security_and_defense,0.78261364,0.5892575979232788,0.2526480555534363,True
qb_020128,political,qb_020128__political,0.68761253,0.46318379044532776,0.30314236879348755,True
qb_020128,crime_and_punishment,qb_020128__crime_and_punishment,0.69656885,0.6118981242179871,0.2565838694572449,True
qb_020128,legality_constitutionality,qb_020128__legality_constitutionality,0.82399464,0.6446090936660767,0.2591940462589264,True
qb_015271,political,qb_015271__political,0.6675636,0.6167714595794678,0.2572506368160248,True
qb_015271,public_sentiment,qb_015271__public_sentiment,0.84220827,0.6623072624206543,0.3370918929576874,True
qb_015271,economic,qb_015271__economic,0.7515974,0.6132891178131104,0.27730533480644226,True
qb_015271,cultural_identity,qb_015271__cultural_identity,0.699455,0.6099849343299866,0.28806692361831665,True
qb_000651,economic,qb_000651__economic,0.74946856,0.5694233179092407,0.2607209086418152,True
qb_000651,policy_prescription,qb_000651__policy_prescription,0.77161336,0.5538250207901001,0.27003854513168335,True
qb_000651,political,qb_000651__political,0.8113623,0.5709418058395386,0.38700756430625916,True
qb_000651,external_regulation,qb_000651__external_regulation,0.65810853,0.45814746618270874,0.2384364902973175,True
qb_000651,crime_and_punishment,qb_000651__crime_and_punishment,0.69988155,0.5094921588897705,0.21661131083965302,True
qb_000651,quality_of_life,qb_000651__quality_of_life,0.8326725,0.609307587146759,0.26509612798690796,True
qb_000651,capacity_and_resources,qb_000651__capacity_and_resources,0.6936779,0.538375973701477,0.27456268668174744,True
qb_016620,political,qb_016620__political,0.79661596,0.6565592885017395,0.23786714673042297,True
qb_016620,cultural_identity,qb_016620__cultural_identity,0.8162829,0.760726273059845,0.2098511904478073,True
qb_016620,morality,qb_016620__morality,0.739213,0.6176174283027649,0.32246193289756775,True
qb_016620,public_sentiment,qb_016620__public_sentiment,0.7732131,0.6100119948387146,0.2707318961620331,True
qb_008148,economic,qb_008148__economic,0.504588,0.4435931146144867,0.21949048340320587,True
qb_008148,policy_prescription,qb_008148__policy_prescription,0.7601569,0.561548113822937,0.22887134552001953,True
qb_008148,capacity_and_resources,qb_008148__capacity_and_resources,0.7414619,0.5252213478088379,0.21258315443992615,True
qb_008148,political,qb_008148__political,0.7701012,0.4837007522583008,0.2640964090824127,True
qb_004090,political,qb_004090__political,0.7659408,0.6611528992652893,0.26555776596069336,True
qb_004090,capacity_and_resources,qb_004090__capacity_and_resources,0.8316629,0.7526654005050659,0.24733150005340576,True
qb_001597,legality_constitutionality,qb_001597__legality_constitutionality,0.7803241,0.7398440837860107,0.2965291738510132,True
qb_001597,political,qb_001597__political,0.9080512,0.8243205547332764,0.2747507095336914,True
qb_001597,crime_and_punishment,qb_001597__crime_and_punishment,0.69459844,0.6848841309547424,0.19201591610908508,True
qb_001597,security_and_defense,qb_001597__security_and_defense,0.8394592,0.74190753698349,0.30242055654525757,True
qb_020278,external_regulation,qb_020278__external_regulation,0.6854968,0.6324871778488159,0.1765601634979248,True
qb_020278,security_and_defense,qb_020278__security_and_defense,0.6824484,0.6335760951042175,0.17948885262012482,True
qb_020278,political,qb_020278__political,0.75105953,0.535617470741272,0.28838708996772766,True
qb_003052,political,qb_003052__political,0.75278306,0.6031865477561951,0.3638867437839508,True
qb_003052,public_sentiment,qb_003052__public_sentiment,0.7734002,0.6807771921157837,0.34508150815963745,True
qb_016140,political,qb_016140__political,0.78065455,0.3184538185596466,0.25939032435417175,True
qb_016140,health_and_safety,qb_016140__health_and_safety,0.55932724,0.49460816383361816,0.23983247578144073,True
qb_016140,policy_prescription,qb_016140__policy_prescription,0.66635823,0.5215067267417908,0.2563224732875824,True
qb_016140,fairness_and_equality,qb_016140__fairness_and_equality,0.82199657,0.5799240469932556,0.22455234825611115,True
qb_016140,cultural_identity,qb_016140__cultural_identity,0.82912815,0.6749271154403687,0.20918798446655273,True
qb_017395,policy_prescription,qb_017395__policy_prescription,0.57485455,0.5534548759460449,0.16868452727794647,True
qb_017395,economic,qb_017395__economic,0.74589384,0.4917830228805542,0.18811282515525818,True
qb_017395,capacity_and_resources,qb_017395__capacity_and_resources,0.6104597,0.5213531255722046,0.16304899752140045,True
qb_018972,legality_constitutionality,qb_018972__legality_constitutionality,0.67109203,0.49230098724365234,0.14660879969596863,True
qb_018972,fairness_and_equality,qb_018972__fairness_and_equality,0.6786624,0.5157854557037354,0.2001897394657135,True
qb_018972,cultural_identity,qb_018972__cultural_identity,0.62024575,0.5133259296417236,0.20115916430950165,True
qb_019636,external_regulation,qb_019636__external_regulation,0.6196303,0.6115643382072449,0.1793482005596161,True
qb_019636,security_and_defense,qb_019636__security_and_defense,0.6214894,0.583136796951294,0.26218360662460327,True
qb_019636,economic,qb_019636__economic,0.7661764,0.6306345462799072,0.2074812352657318,True
qb_019636,political,qb_019636__political,0.74858797,0.5866052508354187,0.2143382579088211,True
qb_004097,economic,qb_004097__economic,0.66243887,0.5731485486030579,0.1955125778913498,True
qb_004097,capacity_and_resources,qb_004097__capacity_and_resources,0.7364387,0.5880475640296936,0.20986433327198029,True
qb_004097,quality_of_life,qb_004097__quality_of_life,0.70231634,0.5663086175918579,0.2075975388288498,True
qb_001695,policy_prescription,qb_001695__policy_prescription,0.720824,0.6256192326545715,0.2696000039577484,True
qb_001695,legality_constitutionality,qb_001695__legality_constitutionality,0.7335903,0.4939219057559967,0.24675461649894714,True
qb_001695,political,qb_001695__political,0.65414834,0.6002640128135681,0.2701769471168518,True
qb_001695,cultural_identity,qb_001695__cultural_identity,0.80195767,0.6005246043205261,0.2863405644893646,True
qb_012645,political,qb_012645__political,0.6688787,0.6313128471374512,0.31319719552993774,True
qb_012645,economic,qb_012645__economic,0.77061486,0.5931437015533447,0.22778980433940887,True
qb_012645,public_sentiment,qb_012645__public_sentiment,0.80559766,0.7311290502548218,0.25767526030540466,True
qb_018354,health_and_safety,qb_018354__health_and_safety,0.6177643,0.5831834673881531,0.26652708649635315,True
qb_018354,capacity_and_resources,qb_018354__capacity_and_resources,0.75690436,0.5364091992378235,0.22899644076824188,True
qb_018354,policy_prescription,qb_018354__policy_prescription,0.75525385,0.5538361072540283,0.23660103976726532,True
qb_018354,quality_of_life,qb_018354__quality_of_life,0.7025727,0.5159779191017151,0.2113111913204193,True
qb_001418,political,qb_001418__political,0.7498715,0.520132839679718,0.2174389660358429,True
qb_001418,legality_constitutionality,qb_001418__legality_constitutionality,0.53306186,0.39882147312164307,0.24667391180992126,True
qb_001418,cultural_identity,qb_001418__cultural_identity,0.724018,0.30833402276039124,0.1928667277097702,True
qb_001418,public_sentiment,qb_001418__public_sentiment,0.84617066,0.3956162929534912,0.28841733932495117,True
qb_007850,political,qb_007850__political,0.90259707,0.6189083456993103,0.19657020270824432,True
qb_007850,legality_constitutionality,qb_007850__legality_constitutionality,0.66701317,0.516299843788147,0.2681347727775574,True
qb_007850,external_regulation,qb_007850__external_regulation,0.7258406,0.49600765109062195,0.15439541637897491,True
qb_007850,policy_prescription,qb_007850__policy_prescription,0.68560314,0.5190256237983704,0.2419305294752121,True
qb_014586,policy_prescription,qb_014586__policy_prescription,0.76218843,0.6605217456817627,0.27811145782470703,True
qb_014586,security_and_defense,qb_014586__security_and_defense,0.66693854,0.49054574966430664,0.2840915322303772,True
qb_014586,political,qb_014586__political,0.73394245,0.650071382522583,0.26218801736831665,True
qb_015658,policy_prescription,qb_015658__policy_prescription,0.55169964,0.5492925047874451,0.20916032791137695,True
qb_015658,health_and_safety,qb_015658__health_and_safety,0.76750714,0.607239305973053,0.208950474858284,True
qb_015658,economic,qb_015658__economic,0.72931343,0.6048972010612488,0.2541910409927368,True
qb_015658,political,qb_015658__political,0.8411625,0.746798038482666,0.2753751873970032,True
qb_003713,economic,qb_003713__economic,0.795308,0.6901841759681702,0.3066498637199402,True
qb_003713,capacity_and_resources,qb_003713__capacity_and_resources,0.7440488,0.6553751826286316,0.2565149664878845,True
qb_003713,health_and_safety,qb_003713__health_and_safety,0.5790571,0.6033694744110107,0.24990658462047577,True
qb_003713,political,qb_003713__political,0.77833486,0.6999531388282776,0.27173328399658203,True
qb_015095,policy_prescription,qb_015095__policy_prescription,0.7712109,0.7201462984085083,0.2528318464756012,True
qb_015095,legality_constitutionality,qb_015095__legality_constitutionality,0.69082594,0.684550404548645,0.27942413091659546,True
qb_015095,public_sentiment,qb_015095__public_sentiment,0.7758303,0.5376381278038025,0.25097137689590454,True
qb_015095,health_and_safety,qb_015095__health_and_safety,0.6529071,0.45058754086494446,0.1716965138912201,True
qb_015095,political,qb_015095__political,0.7719517,0.7155120968818665,0.25418466329574585,True
qb_007115,economic,qb_007115__economic,0.52646184,0.4977855384349823,0.20971181988716125,True
qb_007115,public_sentiment,qb_007115__public_sentiment,0.73964286,0.45302069187164307,0.20399180054664612,True
qb_007115,capacity_and_resources,qb_007115__capacity_and_resources,0.67328095,0.3989099860191345,0.1696942150592804,True
qb_015502,legality_constitutionality,qb_015502__legality_constitutionality,0.7506986,0.584446132183075,0.25964316725730896,True
qb_015502,crime_and_punishment,qb_015502__crime_and_punishment,0.6842156,0.6134696006774902,0.23628997802734375,True
qb_015502,security_and_defense,qb_015502__security_and_defense,0.76762027,0.6826838850975037,0.2548157274723053,True
qb_015502,political,qb_015502__political,0.7454356,0.6344540119171143,0.31045013666152954,True
qb_015825,morality,qb_015825__morality,0.78939867,0.6227126717567444,0.21786019206047058,True
qb_015825,crime_and_punishment,qb_015825__crime_and_punishment,0.80797935,0.41114822030067444,0.1965056210756302,True
qb_015825,cultural_identity,qb_015825__cultural_identity,0.811226,0.5754457116127014,0.2604351341724396,True
qb_015825,political,qb_015825__political,0.7771481,0.5355477333068848,0.27161288261413574,True
qb_021114,political,qb_021114__political,0.6286343,0.577824592590332,0.2610938251018524,True
qb_021114,health_and_safety,qb_021114__health_and_safety,0.6215598,0.570641040802002,0.24212899804115295,True
qb_021114,legality_constitutionality,qb_021114__legality_constitutionality,0.7002293,0.41607677936553955,0.17043879628181458,True
qb_012507,economic,qb_012507__economic,0.638006,0.6773509979248047,0.22125358879566193,True
qb_012507,policy_prescription,qb_012507__policy_prescription,0.6848312,0.6175438165664673,0.18303802609443665,True
qb_012507,fairness_and_equality,qb_012507__fairness_and_equality,0.82949686,0.5797812342643738,0.24189534783363342,True
qb_012507,political,qb_012507__political,0.8436727,0.616866946220398,0.32425427436828613,True
qb_012507,quality_of_life,qb_012507__quality_of_life,0.61919343,0.6107503771781921,0.2216987907886505,True
qb_009905,public_sentiment,qb_009905__public_sentiment,0.9169439,0.7220799922943115,0.23347099125385284,True
qb_009905,morality,qb_009905__morality,0.81660426,0.6607739329338074,0.18422621488571167,True
qb_007106,policy_prescription,qb_007106__policy_prescription,0.77570385,0.6593212485313416,0.23517537117004395,True
qb_007106,political,qb_007106__political,0.7502234,0.6726803779602051,0.32983896136283875,True
qb_007106,public_sentiment,qb_007106__public_sentiment,0.83423495,0.6234918236732483,0.3128594756126404,True
qb_007106,security_and_defense,qb_007106__security_and_defense,0.72596455,0.6456104516983032,0.2306201457977295,True
qb_018041,capacity_and_resources,qb_018041__capacity_and_resources,0.79740995,0.720127522945404,0.24525800347328186,True
qb_018041,quality_of_life,qb_018041__quality_of_life,0.8123416,0.7263108491897583,0.19164951145648956,True
qb_008050,economic,qb_008050__economic,0.6362784,0.5831788778305054,0.20005252957344055,True
qb_008050,political,qb_008050__political,0.69323635,0.5411149859428406,0.2888433337211609,True
qb_012191,legality_constitutionality,qb_012191__legality_constitutionality,0.69579667,0.5859069228172302,0.2625730335712433,True
qb_012191,cultural_identity,qb_012191__cultural_identity,0.72204304,0.5491001605987549,0.18036463856697083,True
qb_012191,political,qb_012191__political,0.72353214,0.4997525215148926,0.29107868671417236,True
qb_016989,policy_prescription,qb_016989__policy_prescription,0.82323635,0.7600126266479492,0.180773064494133,True
qb_016989,economic,qb_016989__economic,0.84040713,0.7309408187866211,0.17031876742839813,True
qb_016989,political,qb_016989__political,0.85926354,0.6514911651611328,0.23783664405345917,True
qb_010992,political,qb_010992__political,0.5547123,0.6762122511863708,0.2560693919658661,True
qb_010992,economic,qb_010992__economic,0.7669051,0.5612871646881104,0.19138021767139435,True
qb_010992,fairness_and_equality,qb_010992__fairness_and_equality,0.7320832,0.7030089497566223,0.23060891032218933,True
qb_010992,morality,qb_010992__morality,0.81983685,0.6467554569244385,0.21969285607337952,True
qb_020013,political,qb_020013__political,0.8405938,0.7171823978424072,0.19593170285224915,True
qb_020013,public_sentiment,qb_020013__public_sentiment,0.77930164,0.7924368977546692,0.33845385909080505,True
qb_005307,legality_constitutionality,qb_005307__legality_constitutionality,0.71073014,0.6793110966682434,0.25891590118408203,True
qb_005307,political,qb_005307__political,0.72934234,0.6787469387054443,0.24372684955596924,True
qb_005307,security_and_defense,qb_005307__security_and_defense,0.6458491,0.636360764503479,0.3018062114715576,True
qb_005307,crime_and_punishment,qb_005307__crime_and_punishment,0.84239626,0.6353058218955994,0.26093780994415283,True
qb_004358,crime_and_punishment,qb_004358__crime_and_punishment,0.61033344,0.5797504782676697,0.2086358517408371,True
qb_004358,policy_prescription,qb_004358__policy_prescription,0.8652036,0.6290158629417419,0.28877633810043335,True
qb_004358,legality_constitutionality,qb_004358__legality_constitutionality,0.6803659,0.5093657374382019,0.24789181351661682,True
qb_004358,fairness_and_equality,qb_004358__fairness_and_equality,0.7957288,0.5304082036018372,0.18410435318946838,True
qb_004358,public_sentiment,qb_004358__public_sentiment,0.8435742,0.5833559632301331,0.25108057260513306,True
qb_004358,political,qb_004358__political,0.70616806,0.582622230052948,0.31923457980155945,True
qb_010524,policy_prescription,qb_010524__policy_prescription,0.7552175,0.5287314057350159,0.25758594274520874,True
qb_010524,political,qb_010524__political,0.81246436,0.43999648094177246,0.25742870569229126,True
qb_010524,health_and_safety,qb_010524__health_and_safety,0.6964054,0.38074731826782227,0.2323322743177414,True
qb_010524,crime_and_punishment,qb_010524__crime_and_punishment,0.659704,0.4774550497531891,0.2440166026353836,True
qb_011604,economic,qb_011604__economic,0.7933917,0.6479770541191101,0.21391017735004425,True
qb_011604,policy_prescription,qb_011604__policy_prescription,0.8446832,0.7582709193229675,0.33028444647789,True
qb_011604,external_regulation,qb_011604__external_regulation,0.77029705,0.6395270824432373,0.2086445391178131,True
qb_011604,legality_constitutionality,qb_011604__legality_constitutionality,0.68813574,0.6276500821113586,0.25930312275886536,True
qb_016725,legality_constitutionality,qb_016725__legality_constitutionality,0.65287924,0.6093442440032959,0.19685208797454834,True
qb_016725,policy_prescription,qb_016725__policy_prescription,0.7450254,0.5296796560287476,0.30957573652267456,True
qb_016725,political,qb_016725__political,0.68165576,0.54576575756073,0.2628363370895386,True
qb_018042,health_and_safety,qb_018042__health_and_safety,0.6767013,0.5526865720748901,0.1451544463634491,True
qb_018042,public_sentiment,qb_018042__public_sentiment,0.70975935,0.547461986541748,0.2296602427959442,True
qb_018042,policy_prescription,qb_018042__policy_prescription,0.7684207,0.5419398546218872,0.20141594111919403,True
qb_018042,capacity_and_resources,qb_018042__capacity_and_resources,0.6029977,0.5837528109550476,0.15729989111423492,True
qb_018042,quality_of_life,qb_018042__quality_of_life,0.70249224,0.5567599534988403,0.11079518496990204,True
qb_018220,political,qb_018220__political,0.82028866,0.701852560043335,0.333323210477829,True
qb_018220,policy_prescription,qb_018220__policy_prescription,0.7486516,0.6697114706039429,0.2896762788295746,True
qb_018220,morality,qb_018220__morality,0.9058766,0.6844756007194519,0.27394410967826843,True
qb_013927,security_and_defense,qb_013927__security_and_defense,0.7095736,0.6684232354164124,0.19729116559028625,True
qb_013927,external_regulation,qb_013927__external_regulation,0.8007961,0.6283522248268127,0.17829643189907074,True
qb_013927,political,qb_013927__political,0.717799,0.6180956363677979,0.26487964391708374,True
qb_003166,political,qb_003166__political,0.83591586,0.22531229257583618,0.17317475378513336,True
qb_003166,legality_constitutionality,qb_003166__legality_constitutionality,0.69117427,0.43718430399894714,0.25931110978126526,True
qb_003166,public_sentiment,qb_003166__public_sentiment,0.8644918,0.5012850761413574,0.25927820801734924,True
qb_001786,political,qb_001786__political,0.7924015,0.43023890256881714,0.1919625699520111,True
qb_001786,policy_prescription,qb_001786__policy_prescription,0.7558485,0.49008291959762573,0.15302293002605438,True
qb_001786,economic,qb_001786__economic,0.6607789,0.4251452088356018,0.19408442080020905,True
qb_009900,legality_constitutionality,qb_009900__legality_constitutionality,0.6184857,0.5762544870376587,0.21838518977165222,True
qb_009900,political,qb_009900__political,0.6331266,0.5374597311019897,0.31494659185409546,True
qb_009900,policy_prescription,qb_009900__policy_prescription,0.6671083,0.4898998737335205,0.2241179496049881,True
qb_004790,economic,qb_004790__economic,0.63924575,0.6810382008552551,0.2220064401626587,True
qb_004790,health_and_safety,qb_004790__health_and_safety,0.7031288,0.6631923913955688,0.15011197328567505,True
qb_004790,policy_prescription,qb_004790__policy_prescription,0.8004018,0.6191515922546387,0.18474528193473816,True
qb_004790,public_sentiment,qb_004790__public_sentiment,0.7010325,0.6135533452033997,0.22105149924755096,True
qb_004790,capacity_and_resources,qb_004790__capacity_and_resources,0.75794023,0.6906310319900513,0.21431657671928406,True
qb_004790,fairness_and_equality,qb_004790__fairness_and_equality,0.75747776,0.6624646186828613,0.20347356796264648,True
qb_004790,quality_of_life,qb_004790__quality_of_life,0.7427268,0.6874172687530518,0.19430755078792572,True
qb_011345,fairness_and_equality,qb_011345__fairness_and_equality,0.81267357,0.5944024324417114,0.18301492929458618,True
qb_011345,policy_prescription,qb_011345__policy_prescription,0.7460179,0.6584488153457642,0.16690924763679504,True
qb_011345,economic,qb_011345__economic,0.7868074,0.6502184867858887,0.16854628920555115,True
qb_011345,crime_and_punishment,qb_011345__crime_and_punishment,0.82047266,0.6009044647216797,0.18875809013843536,True
qb_011345,political,qb_011345__political,0.82531565,0.7355518937110901,0.25444427132606506,True
qb_011345,public_sentiment,qb_011345__public_sentiment,0.8840948,0.6861312985420227,0.232584148645401,True
qb_011345,morality,qb_011345__morality,0.83986914,0.644285261631012,0.21537184715270996,True
qb_011345,cultural_identity,qb_011345__cultural_identity,0.73603356,0.5828917622566223,0.13014881312847137,True
qb_011507,political,qb_011507__political,0.7352349,0.6862891912460327,0.34363600611686707,True
qb_011507,legality_constitutionality,qb_011507__legality_constitutionality,0.6864383,0.6966543197631836,0.19175198674201965,True
qb_011507,policy_prescription,qb_011507__policy_prescription,0.7443398,0.6989436149597168,0.2365446537733078,True
qb_011507,morality,qb_011507__morality,0.7184651,0.5218783617019653,0.2570902109146118,True
qb_011507,public_sentiment,qb_011507__public_sentiment,0.7743752,0.47096583247184753,0.3013008236885071,True
qb_020540,policy_prescription,qb_020540__policy_prescription,0.7311646,0.6559410095214844,0.2322566956281662,True
qb_020540,crime_and_punishment,qb_020540__crime_and_punishment,0.7737658,0.6118438839912415,0.22254809737205505,True
qb_020540,political,qb_020540__political,0.74768245,0.3736712336540222,0.3491848111152649,True
qb_020540,legality_constitutionality,qb_020540__legality_constitutionality,0.69438624,0.5262567400932312,0.2748171091079712,True
qb_020540,public_sentiment,qb_020540__public_sentiment,0.7925764,0.4314633011817932,0.3184252381324768,True
qb_020540,economic,qb_020540__economic,0.71145225,0.6704080700874329,0.2665403187274933,True
qb_020540,capacity_and_resources,qb_020540__capacity_and_resources,0.81067765,0.6504568457603455,0.3078964352607727,True
qb_015831,political,qb_015831__political,0.8130406,0.40474075078964233,0.22784927487373352,True
qb_015831,public_sentiment,qb_015831__public_sentiment,0.7516253,0.5262658596038818,0.31038153171539307,True
qb_015831,health_and_safety,qb_015831__health_and_safety,0.6301507,0.5118682980537415,0.27510151267051697,True
qb_003917,political,qb_003917__political,0.78454286,0.7162901163101196,0.3348868787288666,True
qb_003917,security_and_defense,qb_003917__security_and_defense,0.61101353,0.5043764710426331,0.23795875906944275,True
qb_003917,policy_prescription,qb_003917__policy_prescription,0.65922284,0.6013396978378296,0.28385108709335327,True
qb_006746,legality_constitutionality,qb_006746__legality_constitutionality,0.8167498,0.3798017203807831,0.21142205595970154,True
qb_006746,political,qb_006746__political,0.6638708,0.6732305884361267,0.2678191065788269,True
qb_006746,fairness_and_equality,qb_006746__fairness_and_equality,0.8394833,0.5704238414764404,0.30752885341644287,True
qb_006746,public_sentiment,qb_006746__public_sentiment,0.75805086,0.37493982911109924,0.3435803949832916,True
qb_007546,crime_and_punishment,qb_007546__crime_and_punishment,0.66085887,0.6789996027946472,0.17428891360759735,True
qb_007546,legality_constitutionality,qb_007546__legality_constitutionality,0.67447317,0.7222299575805664,0.19756370782852173,True
qb_007546,security_and_defense,qb_007546__security_and_defense,0.75960267,0.6460458040237427,0.21766598522663116,True
qb_011687,political,qb_011687__political,0.6980766,0.314076691865921,0.28952935338020325,True
qb_011687,legality_constitutionality,qb_011687__legality_constitutionality,0.7870283,0.49614065885543823,0.23082461953163147,True
qb_011687,public_sentiment,qb_011687__public_sentiment,0.8086494,0.6844533681869507,0.24894163012504578,True
qb_012764,health_and_safety,qb_012764__health_and_safety,0.65471697,0.5718086957931519,0.2125484049320221,True
qb_012764,capacity_and_resources,qb_012764__capacity_and_resources,0.7427225,0.5698622465133667,0.19048967957496643,True
qb_012764,policy_prescription,qb_012764__policy_prescription,0.7349087,0.6168394088745117,0.2231573611497879,True
qb_012764,quality_of_life,qb_012764__quality_of_life,0.64318234,0.6040710210800171,0.15315677225589752,True
qb_012764,public_sentiment,qb_012764__public_sentiment,0.77627075,0.5763111114501953,0.2842666506767273,True
qb_012764,morality,qb_012764__morality,0.6907467,0.5990549325942993,0.21353015303611755,True
qb_003791,policy_prescription,qb_003791__policy_prescription,0.8211445,0.7078255414962769,0.2550862431526184,True
qb_003791,political,qb_003791__political,0.73361564,0.6539271473884583,0.24051091074943542,True
qb_003791,cultural_identity,qb_003791__cultural_identity,0.72656596,0.6462255716323853,0.2006826102733612,True
qb_018838,legality_constitutionality,qb_018838__legality_constitutionality,0.77896047,0.6997013092041016,0.25924021005630493,True
qb_018838,political,qb_018838__political,0.8143041,0.6960126757621765,0.2259715497493744,True
qb_018838,policy_prescription,qb_018838__policy_prescription,0.7703276,0.7273815870285034,0.2185610830783844,True
qb_018838,security_and_defense,qb_018838__security_and_defense,0.80233204,0.6793160438537598,0.21530547738075256,True
qb_018838,crime_and_punishment,qb_018838__crime_and_punishment,0.8124278,0.6850818991661072,0.22443799674510956,True
qb_003737,legality_constitutionality,qb_003737__legality_constitutionality,0.8349929,0.650765061378479,0.21360762417316437,True
qb_003737,morality,qb_003737__morality,0.79646075,0.6749356985092163,0.2148015946149826,True
qb_003737,health_and_safety,qb_003737__health_and_safety,0.65518373,0.6486448049545288,0.2599449157714844,True
qb_003737,policy_prescription,qb_003737__policy_prescription,0.6821526,0.5568221211433411,0.2020072489976883,True
qb_003737,economic,qb_003737__economic,0.7892064,0.6103416681289673,0.22701863944530487,True
qb_002477,political,qb_002477__political,0.76041114,,0.23724690079689026,False
qb_003651,legality_constitutionality,qb_003651__legality_constitutionality,0.8551822,0.8008655309677124,0.1941472589969635,True
qb_003651,political,qb_003651__political,0.8200996,0.6760249733924866,0.31058138608932495,True
qb_003651,economic,qb_003651__economic,0.8002985,0.7766547799110413,0.2518499195575714,True
qb_006170,legality_constitutionality,qb_006170__legality_constitutionality,0.70122963,0.7180871963500977,0.24220804870128632,True
qb_006170,capacity_and_resources,qb_006170__capacity_and_resources,0.8273375,0.6632130146026611,0.2923017144203186,True
qb_006170,political,qb_006170__political,0.737834,0.6706643104553223,0.2260677069425583,True
qb_006170,crime_and_punishment,qb_006170__crime_and_punishment,0.7604565,0.6164441108703613,0.23514747619628906,True
qb_006170,morality,qb_006170__morality,0.7815771,0.6745598912239075,0.26758667826652527,True
qb_012157,political,qb_012157__political,0.8193847,0.7012135982513428,0.2023051530122757,True
qb_012157,capacity_and_resources,qb_012157__capacity_and_resources,0.77583134,0.7066150903701782,0.26556462049484253,True
qb_017711,political,qb_017711__political,0.65104264,0.42649275064468384,0.18748213350772858,True
qb_017711,policy_prescription,qb_017711__policy_prescription,0.57903135,0.37288784980773926,0.21315082907676697,True
qb_015303,policy_prescription,qb_015303__policy_prescription,0.7605323,0.6844221353530884,0.2723667025566101,True
qb_015303,health_and_safety,qb_015303__health_and_safety,0.6936859,0.6656268835067749,0.15239396691322327,True
qb_015303,political,qb_015303__political,0.8096357,0.4652833044528961,0.2596755623817444,True
qb_015303,legality_constitutionality,qb_015303__legality_constitutionality,0.8004747,0.6549504995346069,0.24830050766468048,True
qb_015303,economic,qb_015303__economic,0.76713026,0.6548078656196594,0.22947394847869873,True
qb_018162,security_and_defense,qb_018162__security_and_defense,0.7383285,0.6954140067100525,0.2716057002544403,True
qb_018162,political,qb_018162__political,0.71718526,0.6183763146400452,0.26448115706443787,True
qb_018162,policy_prescription,qb_018162__policy_prescription,0.7636726,0.6369378566741943,0.22971908748149872,True
qb_018162,capacity_and_resources,qb_018162__capacity_and_resources,0.7406338,0.5858392119407654,0.2584308981895447,True
qb_018162,cultural_identity,qb_018162__cultural_identity,0.70251274,0.6748188138008118,0.2750043570995331,True
qb_014773,political,qb_014773__political,0.709589,0.6361466646194458,0.26029032468795776,True
qb_014773,policy_prescription,qb_014773__policy_prescription,0.58615106,0.4589284658432007,0.22402271628379822,True
qb_014773,capacity_and_resources,qb_014773__capacity_and_resources,0.6645459,0.5269737243652344,0.23273900151252747,True
qb_006644,security_and_defense,qb_006644__security_and_defense,0.6211722,0.537447452545166,0.23870205879211426,True
qb_006644,political,qb_006644__political,0.7384814,0.5023874640464783,0.12438925355672836,True
qb_006644,external_regulation,qb_006644__external_regulation,0.63708967,0.5224186778068542,0.2281924933195114,True
qb_006644,cultural_identity,qb_006644__cultural_identity,0.7289195,0.4888458847999573,0.16561603546142578,True
qb_006644,capacity_and_resources,qb_006644__capacity_and_resources,0.6945847,0.46955376863479614,0.16821907460689545,True
qb_001848,policy_prescription,qb_001848__policy_prescription,0.76167077,0.6867971420288086,0.26020318269729614,True
qb_001848,legality_constitutionality,qb_001848__legality_constitutionality,0.66551685,0.6510099768638611,0.2610486149787903,True
qb_001848,health_and_safety,qb_001848__health_and_safety,0.69627917,0.5288363099098206,0.2191741168498993,True
qb_001848,political,qb_001848__political,0.6762633,0.5314545631408691,0.3011099696159363,True
qb_001694,legality_constitutionality,qb_001694__legality_constitutionality,0.7570964,0.47165876626968384,0.2681953012943268,True
qb_001694,political,qb_001694__political,0.68995684,0.46149665117263794,0.27113503217697144,True
qb_009307,policy_prescription,qb_009307__policy_prescription,0.64952475,0.5630567073822021,0.19537949562072754,True
qb_009307,fairness_and_equality,qb_009307__fairness_and_equality,0.6634332,0.5699183940887451,0.205897718667984,True
qb_009307,political,qb_009307__political,0.71362555,0.5769726037979126,0.22738437354564667,True
qb_009307,public_sentiment,qb_009307__public_sentiment,0.62387073,0.5865145325660706,0.1595514714717865,True
qb_009307,health_and_safety,qb_009307__health_and_safety,0.75857997,0.5359678268432617,0.1442926824092865,True
qb_000775,political,qb_000775__political,0.81489384,0.6334816813468933,0.2662808299064636,True
qb_000775,policy_prescription,qb_000775__policy_prescription,0.76634103,0.6240701079368591,0.25011444091796875,True
qb_000775,economic,qb_000775__economic,0.659459,0.6265005469322205,0.2592794597148895,True
qb_000775,external_regulation,qb_000775__external_regulation,0.76660377,0.7066853642463684,0.2243557721376419,True
qb_020486,security_and_defense,qb_020486__security_and_defense,0.66213894,0.5833858251571655,0.27266937494277954,True
qb_020486,policy_prescription,qb_020486__policy_prescription,0.6634612,0.5630174875259399,0.22946318984031677,True
qb_020486,political,qb_020486__political,0.76064146,0.559073805809021,0.23076704144477844,True
qb_020486,public_sentiment,qb_020486__public_sentiment,0.8065063,0.6638311147689819,0.34015148878097534,True
qb_020486,external_regulation,qb_020486__external_regulation,0.75724345,0.5833330154418945,0.2770974636077881,True
qb_020486,morality,qb_020486__morality,0.5609261,0.46920448541641235,0.24392399191856384,True
qb_015423,capacity_and_resources,qb_015423__capacity_and_resources,0.72043854,0.670240581035614,0.27581948041915894,True
qb_015423,legality_constitutionality,qb_015423__legality_constitutionality,0.7011033,0.472059428691864,0.2084212303161621,True
qb_002260,political,qb_002260__political,0.82746506,0.6205046772956848,0.27240535616874695,True
qb_002260,legality_constitutionality,qb_002260__legality_constitutionality,0.5242032,0.664910078048706,0.18924526870250702,True
qb_002260,public_sentiment,qb_002260__public_sentiment,0.7430923,0.6070722937583923,0.3075222373008728,True
qb_002260,external_regulation,qb_002260__external_regulation,0.8440014,0.5603290796279907,0.3591996729373932,True
qb_002260,crime_and_punishment,qb_002260__crime_and_punishment,0.7239393,0.5740183591842651,0.3248834013938904,True
qb_021078,fairness_and_equality,qb_021078__fairness_and_equality,0.81207573,0.5516253709793091,0.22272467613220215,True
qb_021078,political,qb_021078__political,0.86571956,0.7904106378555298,0.2993296980857849,True
qb_021078,public_sentiment,qb_021078__public_sentiment,0.65956473,0.7764282822608948,0.28916794061660767,True
qb_007296,political,qb_007296__political,0.9103093,0.7063952684402466,0.25826025009155273,True
qb_007296,morality,qb_007296__morality,0.72169226,0.6153615713119507,0.2616726756095886,True
qb_007296,public_sentiment,qb_007296__public_sentiment,0.8836521,0.734927237033844,0.2293749749660492,True
qb_014243,policy_prescription,qb_014243__policy_prescription,0.7119535,0.5632911920547485,0.22506293654441833,True
qb_014243,legality_constitutionality,qb_014243__legality_constitutionality,0.65660775,0.5740445852279663,0.3033064305782318,True
qb_014243,economic,qb_014243__economic,0.6290265,0.5631083846092224,0.22783036530017853,True
qb_014243,political,qb_014243__political,0.7101474,0.47076013684272766,0.2590559124946594,True
qb_014243,health_and_safety,qb_014243__health_and_safety,0.82135487,0.5703760981559753,0.34411805868148804,True
qb_012526,political,qb_012526__political,0.7783588,0.683681309223175,0.16081397235393524,True
qb_012526,security_and_defense,qb_012526__security_and_defense,0.8562798,0.7098963856697083,0.17212776839733124,True
qb_019709,political,qb_019709__political,0.76058006,0.6509181261062622,0.2460896521806717,True
qb_019709,morality,qb_019709__morality,0.6863871,0.6096935272216797,0.31311169266700745,True
qb_019709,security_and_defense,qb_019709__security_and_defense,0.7420881,0.615802526473999,0.3083437383174896,True
qb_007040,legality_constitutionality,qb_007040__legality_constitutionality,0.684659,0.7228407263755798,0.22989313304424286,True
qb_007040,crime_and_punishment,qb_007040__crime_and_punishment,0.7151798,0.6691753268241882,0.24578890204429626,True
qb_007040,economic,qb_007040__economic,0.78851724,0.6830474734306335,0.30450981855392456,True
qb_007040,political,qb_007040__political,0.7443608,0.6826923489570618,0.2697601318359375,True
qb_004491,security_and_defense,qb_004491__security_and_defense,0.7559397,0.696613073348999,0.20065684616565704,True
qb_004491,policy_prescription,qb_004491__policy_prescription,0.6908636,0.5200455188751221,0.22661618888378143,True
qb_004491,legality_constitutionality,qb_004491__legality_constitutionality,0.7076776,0.5681957602500916,0.2671017646789551,True
qb_004491,political,qb_004491__political,0.78805023,0.6055697202682495,0.3049622178077698,True
qb_004491,external_regulation,qb_004491__external_regulation,0.6383552,0.5212999582290649,0.2987620234489441,True
qb_003304,political,qb_003304__political,0.7288084,0.4734085500240326,0.21137213706970215,True
qb_003304,legality_constitutionality,qb_003304__legality_constitutionality,0.80649936,0.494983434677124,0.19109836220741272,True
qb_003304,policy_prescription,qb_003304__policy_prescription,0.72914726,0.5242816209793091,0.1817541867494583,True
qb_003304,public_sentiment,qb_003304__public_sentiment,0.8723935,0.5171959400177002,0.2562229037284851,True
qb_017477,political,qb_017477__political,0.70780456,0.45646846294403076,0.32183122634887695,True
qb_017477,health_and_safety,qb_017477__health_and_safety,0.5480795,0.447932630777359,0.2514866590499878,True
qb_017477,capacity_and_resources,qb_017477__capacity_and_resources,0.73565984,0.5250152945518494,0.3120845556259155,True
qb_017477,public_sentiment,qb_017477__public_sentiment,0.7191649,0.5660805106163025,0.2705255150794983,True
qb_017477,policy_prescription,qb_017477__policy_prescription,0.6331087,0.5077350735664368,0.2514262795448303,True
qb_002097,political,qb_002097__political,0.8619355,0.6678870916366577,0.24563901126384735,True
qb_002097,legality_constitutionality,qb_002097__legality_constitutionality,0.7911861,0.7061954140663147,0.24962258338928223,True
qb_002097,external_regulation,qb_002097__external_regulation,0.6074083,0.5750634670257568,0.31272396445274353,True
qb_002097,policy_prescription,qb_002097__policy_prescription,0.74788463,0.6722105741500854,0.32160457968711853,True
qb_002097,security_and_defense,qb_002097__security_and_defense,0.7620883,0.6700412631034851,0.3900832533836365,True
qb_010600,cultural_identity,qb_010600__cultural_identity,0.7550403,0.5032116770744324,0.2248551845550537,True
qb_010600,public_sentiment,qb_010600__public_sentiment,0.7793993,0.5351088047027588,0.27306872606277466,True
qb_010600,fairness_and_equality,qb_010600__fairness_and_equality,0.784364,0.49480319023132324,0.25245338678359985,True
qb_010600,policy_prescription,qb_010600__policy_prescription,0.72082,0.46876049041748047,0.19036588072776794,True
qb_010600,crime_and_punishment,qb_010600__crime_and_punishment,0.7054228,0.421604186296463,0.2472241371870041,True
qb_017820,economic,qb_017820__economic,0.6263113,0.5402354001998901,0.17953607439994812,True
qb_017820,capacity_and_resources,qb_017820__capacity_and_resources,0.75253105,0.6249222755432129,0.2334771454334259,True
qb_017820,health_and_safety,qb_017820__health_and_safety,0.7463132,0.611268162727356,0.22576436400413513,True
qb_001199,legality_constitutionality,qb_001199__legality_constitutionality,0.8496248,0.8449607491493225,0.2757326662540436,True
qb_001199,political,qb_001199__political,0.8726752,0.801078736782074,0.23010674118995667,True
qb_001199,external_regulation,qb_001199__external_regulation,0.85036194,0.8014755845069885,0.23955348134040833,True
qb_001199,crime_and_punishment,qb_001199__crime_and_punishment,0.81473464,0.8078804612159729,0.2396698296070099,True
qb_003725,political,qb_003725__political,0.76714385,0.6292283535003662,0.3097074627876282,True
qb_003725,crime_and_punishment,qb_003725__crime_and_punishment,0.72430325,0.6706948280334473,0.2705306112766266,True
qb_003725,legality_constitutionality,qb_003725__legality_constitutionality,0.76782066,0.5445636510848999,0.23200717568397522,True
qb_007433,economic,qb_007433__economic,0.7645981,0.4263049364089966,0.23383724689483643,True
qb_007433,political,qb_007433__political,0.81775236,0.6152425408363342,0.24082446098327637,True
qb_007433,legality_constitutionality,qb_007433__legality_constitutionality,0.6148553,0.3551473617553711,0.25466984510421753,True
qb_007433,cultural_identity,qb_007433__cultural_identity,0.9524506,0.4857402741909027,0.2678397297859192,True
qb_010901,crime_and_punishment,qb_010901__crime_and_punishment,0.7241549,0.5880759358406067,0.21778428554534912,True
qb_010901,security_and_defense,qb_010901__security_and_defense,0.7693604,0.7010178565979004,0.2377520501613617,True
qb_010901,capacity_and_resources,qb_010901__capacity_and_resources,0.7612127,0.6785553097724915,0.18935972452163696,True
qb_010901,public_sentiment,qb_010901__public_sentiment,0.7576515,0.5823047757148743,0.246877983212471,True
qb_002918,political,qb_002918__political,0.8752991,0.6828799247741699,0.318934828042984,True
qb_002918,external_regulation,qb_002918__external_regulation,0.8471786,0.35750284790992737,0.25371140241622925,True
qb_002918,security_and_defense,qb_002918__security_and_defense,0.7187403,0.5443078875541687,0.24861331284046173,True
qb_002918,legality_constitutionality,qb_002918__legality_constitutionality,0.70787966,0.39110299944877625,0.27694207429885864,True
qb_017055,capacity_and_resources,qb_017055__capacity_and_resources,0.77253413,0.6594076156616211,0.1845599114894867,True
qb_017055,legality_constitutionality,qb_017055__legality_constitutionality,0.607801,0.5326894521713257,0.1611255407333374,True
qb_017055,fairness_and_equality,qb_017055__fairness_and_equality,0.87010217,0.7486043572425842,0.185185045003891,True
qb_010750,economic,qb_010750__economic,0.64932454,0.4870363473892212,0.2306232452392578,True
qb_010750,policy_prescription,qb_010750__policy_prescription,0.7676258,0.7303544878959656,0.21020035445690155,True
qb_010750,capacity_and_resources,qb_010750__capacity_and_resources,0.6100776,0.3610408902168274,0.20530827343463898,True
qb_009045,security_and_defense,qb_009045__security_and_defense,0.60002625,0.5824174880981445,0.20352379977703094,True
qb_009045,capacity_and_resources,qb_009045__capacity_and_resources,0.82344294,0.5790847539901733,0.18560783565044403,True
qb_009045,political,qb_009045__political,0.69571674,0.5598945617675781,0.25926586985588074,True
qb_015786,economic,qb_015786__economic,0.86954904,0.7572694420814514,0.23572182655334473,True
qb_015786,public_sentiment,qb_015786__public_sentiment,0.8674592,0.7336602807044983,0.3144582509994507,True
qb_015786,morality,qb_015786__morality,0.87200737,0.6944370865821838,0.20254004001617432,True
qb_015786,political,qb_015786__political,0.8111679,0.6474478244781494,0.2792679965496063,True
qb_007239,health_and_safety,qb_007239__health_and_safety,0.7577826,0.6494439840316772,0.20931079983711243,True
qb_007239,policy_prescription,qb_007239__policy_prescription,0.7163968,0.5876587629318237,0.2050638645887375,True
qb_007239,legality_constitutionality,qb_007239__legality_constitutionality,0.8150954,0.5905622243881226,0.23005111515522003,True
qb_021599,public_sentiment,qb_021599__public_sentiment,0.5135773,0.5028685927391052,0.2513776421546936,True
qb_021599,policy_prescription,qb_021599__policy_prescription,0.8089306,0.5276845097541809,0.23740649223327637,True
qb_021599,political,qb_021599__political,0.6535634,0.47099170088768005,0.20928239822387695,True
qb_021599,economic,qb_021599__economic,0.7032423,0.2093849778175354,0.13738515973091125,True
qb_011105,legality_constitutionality,qb_011105__legality_constitutionality,0.7859842,0.7432295083999634,0.30136966705322266,True
qb_011105,political,qb_011105__political,0.8098309,0.7363947629928589,0.29787707328796387,True
qb_011105,economic,qb_011105__economic,0.84909266,0.7448662519454956,0.2895129323005676,True
qb_004528,political,qb_004528__political,0.70269835,0.6252415776252747,0.20300953090190887,True
qb_004528,public_sentiment,qb_004528__public_sentiment,0.7998309,0.7303361892700195,0.2572864592075348,True
qb_004528,policy_prescription,qb_004528__policy_prescription,0.83361095,0.6147606372833252,0.2416420876979828,True
qb_004528,morality,qb_004528__morality,0.8288739,0.6585095524787903,0.24786241352558136,True
qb_004528,legality_constitutionality,qb_004528__legality_constitutionality,0.7986785,0.7017148733139038,0.2620828449726105,True
qb_020157,capacity_and_resources,qb_020157__capacity_and_resources,0.8543733,0.6252315640449524,0.2800061106681824,True
qb_020157,policy_prescription,qb_020157__policy_prescription,0.7777519,0.6592522859573364,0.21965932846069336,True
qb_020157,political,qb_020157__political,0.6293036,0.3799498677253723,0.26353898644447327,True
qb_020157,health_and_safety,qb_020157__health_and_safety,0.73853624,0.6099079251289368,0.21933023631572723,True
qb_020157,economic,qb_020157__economic,0.68580663,0.5869542360305786,0.18755941092967987,True
qb_020157,security_and_defense,qb_020157__security_and_defense,0.89367557,0.5869080424308777,0.26011866331100464,True
qb_008301,fairness_and_equality,qb_008301__fairness_and_equality,0.8109943,0.7052302956581116,0.21594341099262238,True
qb_008301,policy_prescription,qb_008301__policy_prescription,0.82015866,0.8463742733001709,0.21191272139549255,True
qb_008301,political,qb_008301__political,0.7098361,0.6420512795448303,0.29653120040893555,True
qb_008301,cultural_identity,qb_008301__cultural_identity,0.8319142,0.7516122460365295,0.24459931254386902,True
qb_000266,political,qb_000266__political,0.83749425,0.7488847970962524,0.30749931931495667,True
qb_000266,security_and_defense,qb_000266__security_and_defense,0.81931293,0.8580218553543091,0.22981533408164978,True
qb_009874,legality_constitutionality,qb_009874__legality_constitutionality,0.777143,0.7731893062591553,0.2825314998626709,True
qb_009874,political,qb_009874__political,0.782079,0.7339564561843872,0.22014503180980682,True
qb_000902,political,qb_000902__political,0.65375435,0.5591576099395752,0.33358168601989746,True
qb_000902,policy_prescription,qb_000902__policy_prescription,0.7723088,0.5705324411392212,0.2526959180831909,True
qb_000902,legality_constitutionality,qb_000902__legality_constitutionality,0.7584268,0.4885665476322174,0.2461954802274704,True
qb_001922,morality,qb_001922__morality,0.9542132,0.6039980053901672,0.20456692576408386,True
qb_001922,fairness_and_equality,qb_001922__fairness_and_equality,0.59794116,0.47155678272247314,0.2253677397966385,True
qb_001922,public_sentiment,qb_001922__public_sentiment,0.70955324,0.6053157448768616,0.22154319286346436,True
qb_001922,cultural_identity,qb_001922__cultural_identity,0.6956725,0.593513548374176,0.2615545988082886,True
qb_019653,capacity_and_resources,qb_019653__capacity_and_resources,0.7370702,0.6892979741096497,0.18094125390052795,True
qb_019653,policy_prescription,qb_019653__policy_prescription,0.6864169,0.7113345861434937,0.14951519668102264,True
qb_019653,quality_of_life,qb_019653__quality_of_life,0.7630813,0.6318190097808838,0.19289502501487732,True
qb_016904,capacity_and_resources,qb_016904__capacity_and_resources,0.82842785,0.6537008285522461,0.24099762737751007,True
qb_016904,political,qb_016904__political,0.7239762,0.7149415016174316,0.27203676104545593,True
qb_016904,policy_prescription,qb_016904__policy_prescription,0.7230752,0.6675180792808533,0.2809254229068756,True
qb_016904,public_sentiment,qb_016904__public_sentiment,0.76956284,0.7672627568244934,0.21363668143749237,True
qb_021163,health_and_safety,qb_021163__health_and_safety,0.7896221,0.6637876033782959,0.263897180557251,True
qb_021163,morality,qb_021163__morality,0.83845913,0.7990337610244751,0.20962902903556824,True
qb_021163,quality_of_life,qb_021163__quality_of_life,0.882108,0.7025541663169861,0.22877934575080872,True
qb_003795,security_and_defense,qb_003795__security_and_defense,0.6403024,0.6474425196647644,0.19773057103157043,True
qb_003795,external_regulation,qb_003795__external_regulation,0.7595234,0.680031955242157,0.22633102536201477,True
qb_003795,political,qb_003795__political,0.7895288,0.5793631076812744,0.2912394404411316,True
qb_019673,policy_prescription,qb_019673__policy_prescription,0.6516545,0.5486345291137695,0.20444388687610626,True
qb_019673,legality_constitutionality,qb_019673__legality_constitutionality,0.7642331,0.6911019086837769,0.1994793713092804,True
qb_019673,health_and_safety,qb_019673__health_and_safety,0.7067932,0.5094915628433228,0.21134576201438904,True
qb_019673,morality,qb_019673__morality,0.6944867,0.5792858600616455,0.1811521202325821,True
qb_019673,public_sentiment,qb_019673__public_sentiment,0.7978662,0.6437363028526306,0.2652095556259155,True
qb_007750,economic,qb_007750__economic,0.7097719,0.6335012912750244,0.21797886490821838,True
qb_007750,policy_prescription,qb_007750__policy_prescription,0.6788217,0.48989272117614746,0.2154618203639984,True
qb_007750,health_and_safety,qb_007750__health_and_safety,0.83992946,0.5180525183677673,0.281507283449173,True
qb_007750,quality_of_life,qb_007750__quality_of_life,0.7623451,0.5280579328536987,0.20001062750816345,True
qb_007750,capacity_and_resources,qb_007750__capacity_and_resources,0.6491275,0.6209515929222107,0.24858948588371277,True
qb_000223,political,qb_000223__political,0.72155374,0.5416427850723267,0.1996699422597885,True
qb_000223,health_and_safety,qb_000223__health_and_safety,0.75574285,0.5670598745346069,0.15837781131267548,True
qb_000223,policy_prescription,qb_000223__policy_prescription,0.65323544,0.5010421872138977,0.2123563289642334,True
qb_009672,security_and_defense,qb_009672__security_and_defense,0.8018688,0.7127894163131714,0.23242613673210144,True
qb_009672,capacity_and_resources,qb_009672__capacity_and_resources,0.791806,0.6668215990066528,0.22885987162590027,True
qb_009672,political,qb_009672__political,0.8215217,0.5821136236190796,0.296811044216156,True
qb_014962,political,qb_014962__political,0.7838993,0.6862619519233704,0.27635449171066284,True
qb_014962,public_sentiment,qb_014962__public_sentiment,0.8124238,0.6707639098167419,0.2626785635948181,True
qb_014962,legality_constitutionality,qb_014962__legality_constitutionality,0.7819743,0.33997011184692383,0.23579855263233185,True
qb_014962,security_and_defense,qb_014962__security_and_defense,0.8209904,0.5565953850746155,0.3317697048187256,True
qb_010172,policy_prescription,qb_010172__policy_prescription,0.70957994,0.5774573087692261,0.20606163144111633,True
qb_010172,external_regulation,qb_010172__external_regulation,0.7596433,0.6150339841842651,0.15984928607940674,True
qb_010172,fairness_and_equality,qb_010172__fairness_and_equality,0.7577218,0.5375033617019653,0.15208789706230164,True
qb_010172,political,qb_010172__political,0.77855337,0.6187472343444824,0.17890101671218872,True
qb_010172,security_and_defense,qb_010172__security_and_defense,0.70162123,0.6147867441177368,0.14764603972434998,True
qb_010172,public_sentiment,qb_010172__public_sentiment,0.8750893,0.6323554515838623,0.17314715683460236,True
qb_012910,crime_and_punishment,qb_012910__crime_and_punishment,0.7671779,0.6956882476806641,0.21179644763469696,True
qb_012910,fairness_and_equality,qb_012910__fairness_and_equality,0.7925021,0.6622710824012756,0.20659692585468292,True
qb_012910,legality_constitutionality,qb_012910__legality_constitutionality,0.6864471,0.6311308145523071,0.22793333232402802,True
qb_012910,external_regulation,qb_012910__external_regulation,0.6831675,0.6537438035011292,0.2197081297636032,True
qb_002154,legality_constitutionality,qb_002154__legality_constitutionality,0.8757589,0.690311849117279,0.1936156004667282,True
qb_002154,crime_and_punishment,qb_002154__crime_and_punishment,0.7594772,0.6059282422065735,0.22184006869792938,True
qb_002154,political,qb_002154__political,0.79015815,0.57993483543396,0.22347918152809143,True
qb_010667,crime_and_punishment,qb_010667__crime_and_punishment,0.7598028,0.6094672679901123,0.19049762189388275,True
qb_010667,legality_constitutionality,qb_010667__legality_constitutionality,0.8381475,0.719847559928894,0.24525663256645203,True
qb_010667,public_sentiment,qb_010667__public_sentiment,0.75193465,0.6662525534629822,0.26720982789993286,True
qb_010667,health_and_safety,qb_010667__health_and_safety,0.80140686,0.5788085460662842,0.2266344577074051,True
qb_010667,cultural_identity,qb_010667__cultural_identity,0.8023541,0.6015104651451111,0.18342739343643188,True
qb_010667,fairness_and_equality,qb_010667__fairness_and_equality,0.7270995,0.6146861910820007,0.22605577111244202,True
qb_010667,morality,qb_010667__morality,0.86190236,0.7228077054023743,0.2266882210969925,True
qb_013895,economic,qb_013895__economic,0.644838,0.7419179081916809,0.19189375638961792,True
qb_013895,policy_prescription,qb_013895__policy_prescription,0.7385629,0.6384711265563965,0.1897350400686264,True
qb_013895,political,qb_013895__political,0.6593764,0.5758674740791321,0.31598931550979614,True
qb_013895,fairness_and_equality,qb_013895__fairness_and_equality,0.7251519,0.5932148098945618,0.25081247091293335,True
qb_013017,capacity_and_resources,qb_013017__capacity_and_resources,0.77167124,0.6250227689743042,0.3444269001483917,True
qb_013017,political,qb_013017__political,0.78119373,0.578959584236145,0.30448228120803833,True
qb_013017,crime_and_punishment,qb_013017__crime_and_punishment,0.7560052,0.668591320514679,0.20667359232902527,True
qb_013017,legality_constitutionality,qb_013017__legality_constitutionality,0.669142,0.5537645816802979,0.21569287776947021,True
qb_013017,security_and_defense,qb_013017__security_and_defense,0.69499254,0.645496129989624,0.2285774201154709,True
qb_020330,political,qb_020330__political,0.6591016,0.5768147110939026,0.21715030074119568,True
qb_020330,security_and_defense,qb_020330__security_and_defense,0.7668616,0.6399975419044495,0.24113881587982178,True
qb_020330,legality_constitutionality,qb_020330__legality_constitutionality,0.8333623,0.48360809683799744,0.15477494895458221,True
qb_020330,morality,qb_020330__morality,0.8152088,0.48964259028434753,0.2674344778060913,True
qb_020330,cultural_identity,qb_020330__cultural_identity,0.9055972,0.7149208188056946,0.19275136291980743,True
qb_015888,economic,qb_015888__economic,0.52570486,0.42919427156448364,0.23648662865161896,True
qb_015888,capacity_and_resources,qb_015888__capacity_and_resources,0.6161109,0.5121541023254395,0.20698361098766327,True
qb_004792,security_and_defense,qb_004792__security_and_defense,0.7350513,0.5860215425491333,0.1552870273590088,True
qb_004792,policy_prescription,qb_004792__policy_prescription,0.71401024,0.5272625684738159,0.18991395831108093,True
qb_004792,political,qb_004792__political,0.6773875,0.5202337503433228,0.26231077313423157,True
qb_004792,health_and_safety,qb_004792__health_and_safety,0.5897331,0.46436458826065063,0.1569022536277771,True
qb_004792,cultural_identity,qb_004792__cultural_identity,0.7506825,0.47679153084754944,0.14739838242530823,True
qb_004792,public_sentiment,qb_004792__public_sentiment,0.6907469,0.5449325442314148,0.20340034365653992,True
qb_013668,political,qb_013668__political,0.8025074,0.545735776424408,0.2513972520828247,True
qb_013668,economic,qb_013668__economic,0.661839,0.4417155683040619,0.17192813754081726,True
qb_013668,public_sentiment,qb_013668__public_sentiment,0.7122804,0.7085062265396118,0.2609850764274597,True
qb_014103,political,qb_014103__political,0.7212516,0.7088278532028198,0.2283068150281906,True
qb_014103,security_and_defense,qb_014103__security_and_defense,0.6816242,0.5842124223709106,0.28503182530403137,True
qb_014103,public_sentiment,qb_014103__public_sentiment,0.7096875,0.5646596550941467,0.2350497990846634,True
qb_014103,fairness_and_equality,qb_014103__fairness_and_equality,0.7606483,0.5112031698226929,0.266263872385025,True
qb_014103,legality_constitutionality,qb_014103__legality_constitutionality,0.7614684,0.5531706809997559,0.18136300146579742,True
qb_015474,security_and_defense,qb_015474__security_and_defense,0.7649723,0.6862913966178894,0.14581391215324402,True
qb_015474,external_regulation,qb_015474__external_regulation,0.74153274,0.6025286912918091,0.2014942467212677,True
qb_015474,public_sentiment,qb_015474__public_sentiment,0.78858435,0.562468409538269,0.2347269356250763,True
qb_001305,political,qb_001305__political,0.6845218,,0.24890156090259552,False
qb_015972,policy_prescription,qb_015972__policy_prescription,0.7303591,0.6283659934997559,0.22456388175487518,True
qb_015972,legality_constitutionality,qb_015972__legality_constitutionality,0.85672677,0.5992556214332581,0.2756728529930115,True
qb_015972,security_and_defense,qb_015972__security_and_defense,0.63962805,0.6598346829414368,0.18697130680084229,True
qb_015972,political,qb_015972__political,0.81819785,0.508421003818512,0.2350318431854248,True
qb_016646,policy_prescription,qb_016646__policy_prescription,0.64971536,0.812878429889679,0.23486316204071045,True
qb_016646,political,qb_016646__political,0.7495794,0.587509274482727,0.3825405538082123,True
qb_016646,health_and_safety,qb_016646__health_and_safety,0.7969699,0.6681559085845947,0.26242581009864807,True
qb_014029,legality_constitutionality,qb_014029__legality_constitutionality,0.72167313,0.72974693775177,0.20438256859779358,True
qb_014029,political,qb_014029__political,0.77121687,0.6330955028533936,0.23469431698322296,True
qb_013071,legality_constitutionality,qb_013071__legality_constitutionality,0.9066924,0.6849668622016907,0.29447999596595764,True
qb_013071,external_regulation,qb_013071__external_regulation,0.75453955,0.6785004138946533,0.25353971123695374,True
qb_013071,political,qb_013071__political,0.8485116,0.6577581763267517,0.20136325061321259,True
qb_013071,policy_prescription,qb_013071__policy_prescription,0.7924417,0.6451042890548706,0.22399215400218964,True
qb_013071,security_and_defense,qb_013071__security_and_defense,0.73673856,0.6485387086868286,0.20743076503276825,True
qb_005719,political,qb_005719__political,0.7154212,,0.18780699372291565,False
qb_016132,legality_constitutionality,qb_016132__legality_constitutionality,0.72506016,0.6287332773208618,0.15762099623680115,True
qb_016132,health_and_safety,qb_016132__health_and_safety,0.6970273,0.5023851990699768,0.17085881531238556,True
qb_016132,political,qb_016132__political,0.76823866,0.5441902279853821,0.2655489444732666,True
qb_016132,capacity_and_resources,qb_016132__capacity_and_resources,0.78620327,0.5947923064231873,0.23370471596717834,True
qb_016132,public_sentiment,qb_016132__public_sentiment,0.79077244,0.5483369827270508,0.24235673248767853,True
qb_016132,policy_prescription,qb_016132__policy_prescription,0.71399504,0.5989448428153992,0.23777154088020325,True
qb_021132,legality_constitutionality,qb_021132__legality_constitutionality,0.7178354,0.3807295858860016,0.1799507439136505,True
qb_021132,public_sentiment,qb_021132__public_sentiment,0.9051278,0.4934442937374115,0.21276915073394775,True
qb_021132,cultural_identity,qb_021132__cultural_identity,0.81380093,0.423766165971756,0.15660034120082855,True
qb_021132,political,qb_021132__political,0.8138387,0.6481931209564209,0.2382226288318634,True
qb_008055,economic,qb_008055__economic,0.6763971,0.5777902603149414,0.20808196067810059,True
qb_008055,health_and_safety,qb_008055__health_and_safety,0.7512611,0.5606870055198669,0.35621377825737,True
qb_014815,health_and_safety,qb_014815__health_and_safety,0.6718518,0.5699036717414856,0.15378186106681824,True
qb_014815,capacity_and_resources,qb_014815__capacity_and_resources,0.62522554,0.6523399949073792,0.1926303654909134,True
qb_014815,policy_prescription,qb_014815__policy_prescription,0.7828031,0.6651477217674255,0.22365689277648926,True
qb_014815,public_sentiment,qb_014815__public_sentiment,0.6987586,0.5740690231323242,0.2665657699108124,True
qb_018321,security_and_defense,qb_018321__security_and_defense,0.7404649,0.4748937785625458,0.21366086602210999,True
qb_018321,legality_constitutionality,qb_018321__legality_constitutionality,0.6776475,0.4022371470928192,0.21907298266887665,True
qb_018321,crime_and_punishment,qb_018321__crime_and_punishment,0.741103,0.4649083912372589,0.3078911304473877,True
qb_018321,public_sentiment,qb_018321__public_sentiment,0.8013598,0.4205198585987091,0.31630128622055054,True
qb_018321,political,qb_018321__political,0.77918065,0.6657811403274536,0.25584930181503296,True
qb_000157,legality_constitutionality,qb_000157__legality_constitutionality,0.6810442,0.7480180859565735,0.2990688681602478,True
qb_000157,political,qb_000157__political,0.76975936,0.6352100372314453,0.2706053853034973,True
qb_000157,policy_prescription,qb_000157__policy_prescription,0.7452376,0.5717731714248657,0.26907461881637573,True
qb_005484,economic,qb_005484__economic,0.74956524,0.6285762786865234,0.20397011935710907,True
qb_005484,policy_prescription,qb_005484__policy_prescription,0.75679487,0.69536292552948,0.2555713951587677,True
qb_005484,political,qb_005484__political,0.7677494,0.5127739310264587,0.26673832535743713,True
qb_005484,health_and_safety,qb_005484__health_and_safety,0.7325444,0.5379189848899841,0.2581174969673157,True
qb_005484,quality_of_life,qb_005484__quality_of_life,0.77129745,0.6474734544754028,0.211297869682312,True
qb_009742,fairness_and_equality,qb_009742__fairness_and_equality,0.878311,0.681244969367981,0.14015810191631317,True
qb_009742,policy_prescription,qb_009742__policy_prescription,0.6567269,0.6110119223594666,0.15331290662288666,True
qb_009742,public_sentiment,qb_009742__public_sentiment,0.7968906,0.6271281838417053,0.19400350749492645,True
qb_009742,cultural_identity,qb_009742__cultural_identity,0.83981097,0.666439414024353,0.14456665515899658,True
qb_009742,legality_constitutionality,qb_009742__legality_constitutionality,0.8142979,0.6461440920829773,0.1822417825460434,True
qb_009742,morality,qb_009742__morality,0.8089028,0.6770452260971069,0.1571548581123352,True
qb_009742,political,qb_009742__political,0.7808607,0.5985562801361084,0.23524396121501923,True
qb_019823,political,qb_019823__political,0.6638156,0.4943951964378357,0.23623161017894745,True
qb_019823,legality_constitutionality,qb_019823__legality_constitutionality,0.6584229,0.6020151972770691,0.2784830629825592,True
qb_018687,legality_constitutionality,qb_018687__legality_constitutionality,0.8446348,0.6463685631752014,0.24828889966011047,True
qb_018687,political,qb_018687__political,0.8338353,0.7053424715995789,0.30199331045150757,True
qb_018687,fairness_and_equality,qb_018687__fairness_and_equality,0.76752526,0.7412376999855042,0.3519045412540436,True
qb_018687,economic,qb_018687__economic,0.72065264,0.6396445631980896,0.34179234504699707,True
qb_001080,legality_constitutionality,qb_001080__legality_constitutionality,0.76692265,0.5829419493675232,0.1769208461046219,True
qb_001080,crime_and_punishment,qb_001080__crime_and_punishment,0.7821539,0.7137213945388794,0.19656187295913696,True
qb_001080,external_regulation,qb_001080__external_regulation,0.66567975,0.6606835722923279,0.20744654536247253,True
qb_001080,security_and_defense,qb_001080__security_and_defense,0.7695352,0.6656875610351562,0.20097199082374573,True
qb_001080,political,qb_001080__political,0.6634756,0.5760955214500427,0.2793949246406555,True
qb_001080,morality,qb_001080__morality,0.83246875,0.6473167538642883,0.24725475907325745,True
qb_001080,public_sentiment,qb_001080__public_sentiment,0.8387444,0.6067778468132019,0.30247101187705994,True
qb_001080,health_and_safety,qb_001080__health_and_safety,0.69913864,0.5929096937179565,0.22085122764110565,True
qb_018254,political,qb_018254__political,0.82199895,0.6237426400184631,0.2718581557273865,True
qb_018254,policy_prescription,qb_018254__policy_prescription,0.5940783,0.5455284714698792,0.2870120406150818,True
qb_018254,cultural_identity,qb_018254__cultural_identity,0.79926276,0.7449653744697571,0.3187114894390106,True
qb_018254,public_sentiment,qb_018254__public_sentiment,0.9020869,0.6793380379676819,0.21409909427165985,True
qb_000635,policy_prescription,qb_000635__policy_prescription,0.73468643,0.5795396566390991,0.18337500095367432,True
qb_000635,morality,qb_000635__morality,0.86204255,0.73466956615448,0.19108232855796814,True
qb_000635,cultural_identity,qb_000635__cultural_identity,0.8955827,0.6999738216400146,0.2365896999835968,True
qb_000635,fairness_and_equality,qb_000635__fairness_and_equality,0.8312775,0.7233479619026184,0.25119635462760925,True
qb_000635,political,qb_000635__political,0.8321929,0.7087638974189758,0.3092570900917053,True
qb_000635,public_sentiment,qb_000635__public_sentiment,0.8487632,0.7395939230918884,0.24562330543994904,True
qb_014662,health_and_safety,qb_014662__health_and_safety,0.5624595,0.593968391418457,0.22980765998363495,True
qb_014662,public_sentiment,qb_014662__public_sentiment,0.7644366,0.553207516670227,0.29602572321891785,True
qb_008965,security_and_defense,qb_008965__security_and_defense,0.7172147,0.6454752087593079,0.2451617419719696,True
qb_008965,capacity_and_resources,qb_008965__capacity_and_resources,0.7858932,0.7117554545402527,0.26245588064193726,True
qb_008965,external_regulation,qb_008965__external_regulation,0.72723126,0.7265427708625793,0.2013857364654541,True
qb_008965,political,qb_008965__political,0.7996744,0.688762366771698,0.2585064768791199,True
qb_015693,legality_constitutionality,qb_015693__legality_constitutionality,0.76704115,0.49895069003105164,0.2386859953403473,True
qb_015693,political,qb_015693__political,0.6099358,0.6204409003257751,0.1849314123392105,True
qb_015693,crime_and_punishment,qb_015693__crime_and_punishment,0.67660505,0.5873587131500244,0.23760740458965302,True
qb_015693,economic,qb_015693__economic,0.64768136,0.6395447850227356,0.26876723766326904,True
qb_014101,policy_prescription,qb_014101__policy_prescription,0.6969423,0.6705184578895569,0.2521103024482727,True
qb_014101,political,qb_014101__political,0.71478397,0.6015058159828186,0.2849196493625641,True
qb_014101,security_and_defense,qb_014101__security_and_defense,0.7768172,0.668417751789093,0.26387542486190796,True
qb_014101,health_and_safety,qb_014101__health_and_safety,0.79270625,0.6395565271377563,0.23670049011707306,True
qb_011549,political,qb_011549__political,0.7894981,0.4327990412712097,0.27477508783340454,True
qb_011549,external_regulation,qb_011549__external_regulation,0.626244,0.5239322185516357,0.20426598191261292,True
qb_011549,policy_prescription,qb_011549__policy_prescription,0.7480283,0.4476454257965088,0.17166170477867126,True
qb_011549,health_and_safety,qb_011549__health_and_safety,0.655376,0.3822893798351288,0.28485751152038574,True
qb_011549,economic,qb_011549__economic,0.66420895,0.530667781829834,0.17581476271152496,True
qb_014732,policy_prescription,qb_014732__policy_prescription,0.6956713,0.5065935850143433,0.223976731300354,True
qb_014732,external_regulation,qb_014732__external_regulation,0.82629967,0.4106846749782562,0.24790246784687042,True
qb_014732,health_and_safety,qb_014732__health_and_safety,0.7220285,0.5385268330574036,0.21300144493579865,True
qb_014732,political,qb_014732__political,0.73301995,0.5139867067337036,0.25032666325569153,True
qb_014732,public_sentiment,qb_014732__public_sentiment,0.75528973,0.44135794043540955,0.3014132082462311,True
qb_014732,security_and_defense,qb_014732__security_and_defense,0.80680835,0.39359986782073975,0.227991983294487,True
qb_017800,crime_and_punishment,qb_017800__crime_and_punishment,0.6901256,0.6980124115943909,0.1522396355867386,True
qb_017800,security_and_defense,qb_017800__security_and_defense,0.7354148,0.6700924038887024,0.22779545187950134,True
qb_017800,economic,qb_017800__economic,0.7104473,0.5950526595115662,0.2731933295726776,True
qb_017800,external_regulation,qb_017800__external_regulation,0.8487648,0.6676194071769714,0.21805691719055176,True
qb_008362,legality_constitutionality,qb_008362__legality_constitutionality,0.74816495,0.5980358123779297,0.22669294476509094,True
qb_008362,policy_prescription,qb_008362__policy_prescription,0.774362,0.616175651550293,0.28499144315719604,True
qb_008362,political,qb_008362__political,0.7114795,0.42051512002944946,0.3000001311302185,True
qb_008362,fairness_and_equality,qb_008362__fairness_and_equality,0.6083106,0.6333929300308228,0.2384948432445526,True
qb_008362,cultural_identity,qb_008362__cultural_identity,0.612105,0.6692937016487122,0.23151417076587677,True
qb_015462,health_and_safety,qb_015462__health_and_safety,0.7588664,0.6990476846694946,0.23276539146900177,True
qb_015462,policy_prescription,qb_015462__policy_prescription,0.7281323,0.6438087224960327,0.1760748326778412,True
qb_015462,quality_of_life,qb_015462__quality_of_life,0.71718717,0.6981731653213501,0.15642525255680084,True
qb_016397,political,qb_016397__political,0.96737546,0.7750205993652344,0.2594393491744995,True
qb_016397,public_sentiment,qb_016397__public_sentiment,0.81779706,0.7650877833366394,0.20393340289592743,True
qb_019355,political,qb_019355__political,0.82251036,0.6408747434616089,0.14877966046333313,True
qb_019355,public_sentiment,qb_019355__public_sentiment,0.8287941,0.690410315990448,0.25300586223602295,True
qb_019901,political,qb_019901__political,0.784243,0.7024068832397461,0.29812783002853394,True
qb_019901,capacity_and_resources,qb_019901__capacity_and_resources,0.8629124,0.6332070827484131,0.2720027565956116,True
qb_018497,policy_prescription,qb_018497__policy_prescription,0.7037118,0.689802885055542,0.2372746467590332,True
qb_018497,capacity_and_resources,qb_018497__capacity_and_resources,0.7060772,0.6080621480941772,0.24892863631248474,True
qb_018497,health_and_safety,qb_018497__health_and_safety,0.838011,0.6684752702713013,0.22642269730567932,True
qb_018497,morality,qb_018497__morality,0.8155066,0.7334437370300293,0.2935359477996826,True
qb_018497,political,qb_018497__political,0.84697026,0.6966239213943481,0.3459537625312805,True
qb_001703,legality_constitutionality,qb_001703__legality_constitutionality,0.72220623,0.5762805938720703,0.24652476608753204,True
qb_001703,political,qb_001703__political,0.8552147,0.5025681853294373,0.29109519720077515,True
qb_001703,morality,qb_001703__morality,0.8699787,0.6279751062393188,0.2627108693122864,True
qb_015742,crime_and_punishment,qb_015742__crime_and_punishment,0.6807723,0.6874731183052063,0.22357316315174103,True
qb_015742,legality_constitutionality,qb_015742__legality_constitutionality,0.86157274,0.634316623210907,0.21560823917388916,True
qb_015742,morality,qb_015742__morality,0.7620616,0.511927604675293,0.16735801100730896,True
qb_020352,policy_prescription,qb_020352__policy_prescription,0.78690696,0.5076771974563599,0.15735356509685516,True
qb_020352,economic,qb_020352__economic,0.6058996,0.5036504864692688,0.2151770293712616,True
qb_020352,health_and_safety,qb_020352__health_and_safety,0.65086985,0.5628202557563782,0.18798354268074036,True
qb_020352,quality_of_life,qb_020352__quality_of_life,0.73713243,0.6070685982704163,0.1993764489889145,True
qb_020352,public_sentiment,qb_020352__public_sentiment,0.74080247,0.5657728910446167,0.2049574851989746,True
qb_011739,economic,qb_011739__economic,0.5677715,0.5956196188926697,0.21629610657691956,True
qb_011739,capacity_and_resources,qb_011739__capacity_and_resources,0.6411102,0.6104824542999268,0.18747298419475555,True
qb_011739,policy_prescription,qb_011739__policy_prescription,0.42133376,0.6402025818824768,0.1741456687450409,True
qb_011739,political,qb_011739__political,0.80138457,0.6205605864524841,0.252777636051178,True
qb_011739,quality_of_life,qb_011739__quality_of_life,0.74240685,0.5383219122886658,0.1752171367406845,True
qb_020866,security_and_defense,qb_020866__security_and_defense,0.7147727,0.6607363820075989,0.21918945014476776,True
qb_020866,external_regulation,qb_020866__external_regulation,0.755114,0.63465416431427,0.28505071997642517,True
qb_020866,policy_prescription,qb_020866__policy_prescription,0.8730685,0.6673743724822998,0.2896375060081482,True
qb_020866,economic,qb_020866__economic,0.69327366,0.6112168431282043,0.2374332845211029,True
qb_020866,capacity_and_resources,qb_020866__capacity_and_resources,0.66927224,0.6816672086715698,0.32555773854255676,True
qb_004881,political,qb_004881__political,0.7166039,0.40722063183784485,0.23179766535758972,True
qb_004881,legality_constitutionality,qb_004881__legality_constitutionality,0.71639615,0.5721091628074646,0.18885967135429382,True
qb_004881,cultural_identity,qb_004881__cultural_identity,0.75139034,0.5467562675476074,0.19345757365226746,True
qb_004881,fairness_and_equality,qb_004881__fairness_and_equality,0.7241386,0.63405841588974,0.256926029920578,True
qb_000725,political,qb_000725__political,0.71918976,0.5343474745750427,0.20319601893424988,True
qb_000725,crime_and_punishment,qb_000725__crime_and_punishment,0.66951203,0.5651332139968872,0.23028627038002014,True
qb_000725,security_and_defense,qb_000725__security_and_defense,0.75286925,0.6329001188278198,0.25860604643821716,True
qb_000725,legality_constitutionality,qb_000725__legality_constitutionality,0.8018586,0.5945221185684204,0.25483688712120056,True
qb_000725,cultural_identity,qb_000725__cultural_identity,0.7980087,0.5751906037330627,0.25241923332214355,True
qb_000725,public_sentiment,qb_000725__public_sentiment,0.75563073,0.513235330581665,0.32408517599105835,True
qb_003895,legality_constitutionality,qb_003895__legality_constitutionality,0.8687541,0.7985033392906189,0.24867746233940125,True
qb_003895,economic,qb_003895__economic,0.7832782,0.6279553174972534,0.23628640174865723,True
qb_003895,health_and_safety,qb_003895__health_and_safety,0.73819494,0.6651828289031982,0.2177247256040573,True
qb_003895,political,qb_003895__political,0.8468014,0.6721641421318054,0.27480635046958923,True
qb_021141,health_and_safety,qb_021141__health_and_safety,0.6694373,0.5422549247741699,0.17198708653450012,True
qb_021141,policy_prescription,qb_021141__policy_prescription,0.6391862,0.7003710269927979,0.2333550900220871,True
qb_012582,health_and_safety,qb_012582__health_and_safety,0.89431953,0.7455763816833496,0.15553593635559082,True
qb_012582,policy_prescription,qb_012582__policy_prescription,0.76854676,0.7057077884674072,0.2377227246761322,True
qb_012582,political,qb_012582__political,0.7928176,0.6183009147644043,0.22898562252521515,True
qb_001798,security_and_defense,qb_001798__security_and_defense,0.75020957,0.7144103050231934,0.20396260917186737,True
qb_001798,external_regulation,qb_001798__external_regulation,0.659647,0.5775806307792664,0.1877405196428299,True
qb_001798,political,qb_001798__political,0.77862036,0.6937904357910156,0.2865813672542572,True
qb_013155,political,qb_013155__political,0.65601826,0.6334341764450073,0.29064124822616577,True
qb_013155,security_and_defense,qb_013155__security_and_defense,0.7711803,0.6380001306533813,0.2338721752166748,True
qb_013155,policy_prescription,qb_013155__policy_prescription,0.7740077,0.6087096929550171,0.2222733050584793,True
qb_013155,public_sentiment,qb_013155__public_sentiment,0.9032541,0.5839755535125732,0.26089411973953247,True
qb_013155,crime_and_punishment,qb_013155__crime_and_punishment,0.6687218,0.5278626680374146,0.21448159217834473,True
qb_008297,security_and_defense,qb_008297__security_and_defense,0.7778404,0.7017694711685181,0.24447889626026154,True
qb_008297,capacity_and_resources,qb_008297__capacity_and_resources,0.84972125,0.566338837146759,0.22789517045021057,True
qb_008297,public_sentiment,qb_008297__public_sentiment,0.7627634,0.5528737306594849,0.22060564160346985,True
qb_005381,security_and_defense,qb_005381__security_and_defense,0.58565277,0.5106793642044067,0.1986156404018402,True
qb_005381,policy_prescription,qb_005381__policy_prescription,0.72629124,0.5645344257354736,0.2687892019748688,True
qb_005381,external_regulation,qb_005381__external_regulation,0.81428987,0.5882455110549927,0.2706935405731201,True
qb_005381,health_and_safety,qb_005381__health_and_safety,0.74871373,0.3031561076641083,0.3339180648326874,True
qb_005381,political,qb_005381__political,0.76501656,0.5911697149276733,0.2677304744720459,True
qb_005381,legality_constitutionality,qb_005381__legality_constitutionality,0.7621801,0.5871949791908264,0.2704622447490692,True
qb_010212,political,qb_010212__political,0.6653413,0.34674954414367676,0.30166497826576233,True
qb_010212,policy_prescription,qb_010212__policy_prescription,0.6546229,0.4062565863132477,0.1522565633058548,True
qb_010212,economic,qb_010212__economic,0.8380142,0.7766249775886536,0.2009587585926056,True
qb_010212,health_and_safety,qb_010212__health_and_safety,0.64392495,0.4526754319667816,0.23328247666358948,True
qb_001793,policy_prescription,qb_001793__policy_prescription,0.7554959,0.5498929023742676,0.21916517615318298,True
qb_001793,legality_constitutionality,qb_001793__legality_constitutionality,0.82756555,0.6128005981445312,0.15663161873817444,True
qb_001793,political,qb_001793__political,0.6510446,0.475213885307312,0.24726171791553497,True
qb_001793,morality,qb_001793__morality,0.79704696,0.6286024451255798,0.2583687901496887,True
qb_013362,policy_prescription,qb_013362__policy_prescription,0.6128757,0.5644608736038208,0.2575814723968506,True
qb_013362,political,qb_013362__political,0.7490059,0.428474098443985,0.3136538565158844,True
qb_013362,economic,qb_013362__economic,0.75433576,0.5324613451957703,0.2847384214401245,True
qb_013294,policy_prescription,qb_013294__policy_prescription,0.75912696,0.38787850737571716,0.17317888140678406,True
qb_013294,political,qb_013294__political,0.7076695,0.5130721926689148,0.2475561797618866,True
qb_013294,legality_constitutionality,qb_013294__legality_constitutionality,0.88623524,0.5647953748703003,0.2610384523868561,True
qb_016574,cultural_identity,qb_016574__cultural_identity,0.7992091,0.59977787733078,0.21606126427650452,True
qb_016574,political,qb_016574__political,0.6698317,0.5809918642044067,0.2331116646528244,True
qb_016574,public_sentiment,qb_016574__public_sentiment,0.7057953,0.5221756100654602,0.3860439658164978,True
qb_016574,fairness_and_equality,qb_016574__fairness_and_equality,0.61316043,0.5919701457023621,0.2345610409975052,True
qb_016574,external_regulation,qb_016574__external_regulation,0.63789165,0.6034349203109741,0.23099014163017273,True
qb_016574,health_and_safety,qb_016574__health_and_safety,0.6853112,0.6315761804580688,0.21628053486347198,True
qb_020630,political,qb_020630__political,0.85090137,0.6945146918296814,0.2337685376405716,True
qb_020630,policy_prescription,qb_020630__policy_prescription,0.6291352,0.6101406216621399,0.2904483675956726,True
qb_020630,capacity_and_resources,qb_020630__capacity_and_resources,0.7236729,0.653033435344696,0.23135027289390564,True
qb_020630,public_sentiment,qb_020630__public_sentiment,0.8430004,0.7048369646072388,0.2679441273212433,True
qb_020630,economic,qb_020630__economic,0.7248862,0.6868559122085571,0.22637596726417542,True
qb_020630,fairness_and_equality,qb_020630__fairness_and_equality,0.7381078,0.6142246127128601,0.3150349259376526,True
qb_019697,capacity_and_resources,qb_019697__capacity_and_resources,0.73231316,0.7068263292312622,0.19088990986347198,True
qb_019697,other,qb_019697__other,0.79371595,0.6211472153663635,0.16829092800617218,True
qb_012860,economic,qb_012860__economic,0.72673136,0.6616286039352417,0.1672402322292328,True
qb_012860,policy_prescription,qb_012860__policy_prescription,0.7303076,0.6643323302268982,0.2221953421831131,True
qb_007152,legality_constitutionality,qb_007152__legality_constitutionality,0.7857597,,0.1925525963306427,False
qb_005930,policy_prescription,qb_005930__policy_prescription,0.7961415,0.6650364398956299,0.29064223170280457,True
qb_005930,legality_constitutionality,qb_005930__legality_constitutionality,0.6757787,0.5543521642684937,0.22170743346214294,True
qb_005930,morality,qb_005930__morality,0.7733315,0.6178176403045654,0.2022741287946701,True
qb_005930,political,qb_005930__political,0.6848806,0.547558069229126,0.32547682523727417,True
qb_005930,health_and_safety,qb_005930__health_and_safety,0.692796,0.6528866291046143,0.26455453038215637,True
qb_016342,political,qb_016342__political,0.78517765,0.7118338346481323,0.25323790311813354,True
qb_016342,legality_constitutionality,qb_016342__legality_constitutionality,0.6872293,0.5870029926300049,0.21746349334716797,True
qb_015526,economic,qb_015526__economic,0.65245235,0.5991544723510742,0.23503904044628143,True
qb_015526,policy_prescription,qb_015526__policy_prescription,0.79050136,0.7919067740440369,0.21419477462768555,True
qb_015526,political,qb_015526__political,0.7808858,0.7316689491271973,0.23498567938804626,True
qb_008855,legality_constitutionality,qb_008855__legality_constitutionality,0.7597724,0.7854501605033875,0.2725505232810974,True
qb_008855,political,qb_008855__political,0.91633207,0.7255885601043701,0.3520260751247406,True
qb_008855,crime_and_punishment,qb_008855__crime_and_punishment,0.80530214,0.7581171989440918,0.22518770396709442,True
qb_008855,morality,qb_008855__morality,0.8012266,0.6912978291511536,0.2638166546821594,True
qb_004319,security_and_defense,qb_004319__security_and_defense,0.7500595,0.7484322190284729,0.2222069948911667,True
qb_004319,external_regulation,qb_004319__external_regulation,0.78782284,0.6799731254577637,0.22536273300647736,True
qb_001358,legality_constitutionality,qb_001358__legality_constitutionality,0.69831485,0.6823711395263672,0.1530425250530243,True
qb_001358,policy_prescription,qb_001358__policy_prescription,0.70198476,0.5944230556488037,0.17485526204109192,True
qb_001358,fairness_and_equality,qb_001358__fairness_and_equality,0.7518888,0.6191413402557373,0.23139266669750214,True
qb_001358,cultural_identity,qb_001358__cultural_identity,0.7649804,0.6689866185188293,0.17242686450481415,True
qb_004831,legality_constitutionality,qb_004831__legality_constitutionality,0.6700341,0.6241647601127625,0.1572503000497818,True
qb_004831,policy_prescription,qb_004831__policy_prescription,0.6306076,0.6115738749504089,0.18777114152908325,True
qb_004831,crime_and_punishment,qb_004831__crime_and_punishment,0.71202946,0.6467236280441284,0.2028382122516632,True
qb_004831,economic,qb_004831__economic,0.84917855,0.6277962923049927,0.19113795459270477,True
qb_004578,policy_prescription,qb_004578__policy_prescription,0.81217074,0.7305560111999512,0.21661433577537537,True
qb_004578,morality,qb_004578__morality,0.7170078,0.590092658996582,0.24982306361198425,True
qb_004578,political,qb_004578__political,0.7446684,0.619655430316925,0.2757246494293213,True
qb_004578,fairness_and_equality,qb_004578__fairness_and_equality,0.7933044,0.6182134747505188,0.2090047150850296,True
qb_004578,economic,qb_004578__economic,0.63793314,0.5773097276687622,0.17302139103412628,True
qb_004578,public_sentiment,qb_004578__public_sentiment,0.56844795,0.5613991022109985,0.2781764268875122,True
qb_020651,political,qb_020651__political,0.6479187,0.6530574560165405,0.26348909735679626,True
qb_020651,policy_prescription,qb_020651__policy_prescription,0.7195522,0.661613941192627,0.30088871717453003,True
qb_020651,crime_and_punishment,qb_020651__crime_and_punishment,0.69889545,0.6470806002616882,0.2240639477968216,True
qb_020651,legality_constitutionality,qb_020651__legality_constitutionality,0.7871771,0.6359115839004517,0.22504910826683044,True
qb_020651,security_and_defense,qb_020651__security_and_defense,0.6662214,0.642505943775177,0.18722155690193176,True
qb_020651,morality,qb_020651__morality,0.7725316,0.5832480192184448,0.2605050206184387,True
qb_004568,public_sentiment,qb_004568__public_sentiment,0.79575896,0.39317116141319275,0.17353595793247223,True
qb_004568,cultural_identity,qb_004568__cultural_identity,0.72720665,0.5923142433166504,0.21501938998699188,True
qb_004568,quality_of_life,qb_004568__quality_of_life,0.6627474,0.5157821774482727,0.20092149078845978,True
qb_008808,political,qb_008808__political,0.7423538,0.5277155637741089,0.22943787276744843,True
qb_008808,economic,qb_008808__economic,0.64983875,0.5981007218360901,0.19594743847846985,True
qb_008808,security_and_defense,qb_008808__security_and_defense,0.78751504,0.6181414723396301,0.20157703757286072,True
qb_008808,quality_of_life,qb_008808__quality_of_life,0.7077052,0.5388363003730774,0.20444664359092712,True
qb_008808,public_sentiment,qb_008808__public_sentiment,0.77213,0.5279296040534973,0.2858293652534485,True
qb_008808,capacity_and_resources,qb_008808__capacity_and_resources,0.6239783,0.5597100257873535,0.25292229652404785,True
qb_016992,economic,qb_016992__economic,0.71248955,0.6476316452026367,0.20289547741413116,True
qb_016992,policy_prescription,qb_016992__policy_prescription,0.6382234,0.6276389956474304,0.220183327794075,True
qb_016992,political,qb_016992__political,0.8340542,0.6026471257209778,0.33905768394470215,True
qb_016992,fairness_and_equality,qb_016992__fairness_and_equality,0.6858892,0.6154195070266724,0.171198308467865,True
qb_002379,political,qb_002379__political,0.84150904,0.5874262452125549,0.25881171226501465,True
qb_002379,crime_and_punishment,qb_002379__crime_and_punishment,0.67542315,0.5501265525817871,0.1683529168367386,True
qb_002379,public_sentiment,qb_002379__public_sentiment,0.7171398,0.5340480804443359,0.2385246753692627,True
qb_002379,cultural_identity,qb_002379__cultural_identity,0.7032429,0.5876821875572205,0.2889302670955658,True
qb_011164,public_sentiment,qb_011164__public_sentiment,0.73150307,0.5831151604652405,0.1607612818479538,True
qb_011164,political,qb_011164__political,0.6460203,0.5020385384559631,0.22717204689979553,True
qb_011164,morality,qb_011164__morality,0.74073493,0.5622289180755615,0.28805166482925415,True
qb_011164,economic,qb_011164__economic,0.7073698,0.6009703278541565,0.21205084025859833,True
qb_006422,cultural_identity,qb_006422__cultural_identity,0.8335156,0.7635567784309387,0.162659153342247,True
qb_006422,fairness_and_equality,qb_006422__fairness_and_equality,0.8802726,0.7541807889938354,0.18457840383052826,True
qb_006422,policy_prescription,qb_006422__policy_prescription,0.7116841,0.6736944913864136,0.2088407725095749,True
qb_006422,political,qb_006422__political,0.65626526,0.6510599851608276,0.2166745960712433,True
qb_006422,morality,qb_006422__morality,0.7995027,0.7064199447631836,0.20796899497509003,True
qb_020364,political,qb_020364__political,0.86661124,0.6038479208946228,0.28848928213119507,True
qb_020364,policy_prescription,qb_020364__policy_prescription,0.5230975,0.7109587788581848,0.2086373269557953,True
qb_020364,capacity_and_resources,qb_020364__capacity_and_resources,0.81963944,0.5039207935333252,0.2096046507358551,True
qb_020364,economic,qb_020364__economic,0.6651831,0.6686792969703674,0.29469791054725647,True
qb_007533,political,qb_007533__political,0.84298956,0.7125953435897827,0.2633465826511383,True
qb_007533,policy_prescription,qb_007533__policy_prescription,0.82527596,0.7215735912322998,0.21222122013568878,True
qb_007533,public_sentiment,qb_007533__public_sentiment,0.90396005,0.7561285495758057,0.2696572244167328,True
qb_007533,health_and_safety,qb_007533__health_and_safety,0.7793064,0.6624618768692017,0.23064014315605164,True
qb_007533,quality_of_life,qb_007533__quality_of_life,0.8383549,0.6861873865127563,0.23597638309001923,True
qb_008498,legality_constitutionality,qb_008498__legality_constitutionality,0.76225555,0.6416137218475342,0.18445232510566711,True
qb_008498,economic,qb_008498__economic,0.7335317,0.5978494882583618,0.1517336070537567,True
qb_011928,public_sentiment,qb_011928__public_sentiment,0.8227942,0.6935880780220032,0.2547144591808319,True
qb_011928,policy_prescription,qb_011928__policy_prescription,0.760118,0.629356324672699,0.29952630400657654,True
qb_011928,morality,qb_011928__morality,0.80442035,0.717545211315155,0.26136690378189087,True
qb_011928,cultural_identity,qb_011928__cultural_identity,0.8487669,0.6309481859207153,0.1664828211069107,True
qb_001455,political,qb_001455__political,0.81896436,0.7229123115539551,0.20226497948169708,True
qb_001455,public_sentiment,qb_001455__public_sentiment,0.88797367,0.7133213877677917,0.20990021526813507,True
qb_001455,cultural_identity,qb_001455__cultural_identity,0.7017493,0.6969387531280518,0.15971402823925018,True
qb_000749,political,qb_000749__political,0.7234873,0.6437403559684753,0.24982981383800507,True
qb_000749,policy_prescription,qb_000749__policy_prescription,0.89011014,0.5886439681053162,0.262190580368042,True
qb_000749,public_sentiment,qb_000749__public_sentiment,0.87533474,0.5588420033454895,0.2624695301055908,True
qb_000749,fairness_and_equality,qb_000749__fairness_and_equality,0.8244245,0.6415696740150452,0.21393141150474548,True
qb_009297,security_and_defense,qb_009297__security_and_defense,0.805748,0.6560325622558594,0.20208266377449036,True
qb_009297,health_and_safety,qb_009297__health_and_safety,0.74062806,0.6504946351051331,0.16927602887153625,True
qb_009297,external_regulation,qb_009297__external_regulation,0.72859883,0.47309160232543945,0.20504793524742126,True
qb_012468,political,qb_012468__political,0.7556057,0.466905415058136,0.2984088063240051,True
qb_012468,economic,qb_012468__economic,0.6663218,0.4702379107475281,0.23383350670337677,True
qb_012468,policy_prescription,qb_012468__policy_prescription,0.658646,0.5072588920593262,0.23546385765075684,True
qb_012468,health_and_safety,qb_012468__health_and_safety,0.63069355,0.4789111018180847,0.3001236021518707,True
qb_012468,public_sentiment,qb_012468__public_sentiment,0.7926488,0.4280015230178833,0.27832522988319397,True
qb_019834,legality_constitutionality,qb_019834__legality_constitutionality,0.6581351,0.5986993312835693,0.3438389301300049,True
qb_019834,political,qb_019834__political,0.7988683,0.5548884272575378,0.25292953848838806,True
qb_019834,crime_and_punishment,qb_019834__crime_and_punishment,0.7050719,0.5325978994369507,0.21472057700157166,True
qb_019834,security_and_defense,qb_019834__security_and_defense,0.65921724,0.5766617655754089,0.33273181319236755,True
qb_019834,fairness_and_equality,qb_019834__fairness_and_equality,0.7777415,0.6178131699562073,0.24556612968444824,True
qb_019834,morality,qb_019834__morality,0.5967244,0.4736705422401428,0.2820360064506531,True
qb_005386,legality_constitutionality,qb_005386__legality_constitutionality,0.7393849,0.6364049911499023,0.31485825777053833,True
qb_005386,political,qb_005386__political,0.7457498,0.6082309484481812,0.30038827657699585,True
qb_005386,external_regulation,qb_005386__external_regulation,0.6955097,0.579603910446167,0.28513750433921814,True
qb_015329,legality_constitutionality,qb_015329__legality_constitutionality,0.7292276,0.6815986633300781,0.2122919261455536,True
qb_015329,crime_and_punishment,qb_015329__crime_and_punishment,0.6701771,0.5711988210678101,0.2093774527311325,True
qb_015329,political,qb_015329__political,0.8466389,0.4168345332145691,0.23855066299438477,True
qb_013405,political,qb_013405__political,0.85507154,0.42317283153533936,0.19369381666183472,True
qb_013405,legality_constitutionality,qb_013405__legality_constitutionality,0.81420857,0.5450869798660278,0.35080960392951965,True
qb_013405,public_sentiment,qb_013405__public_sentiment,0.7524272,0.38566291332244873,0.22236847877502441,True
qb_013405,security_and_defense,qb_013405__security_and_defense,0.80946374,0.5237746238708496,0.22510750591754913,True
qb_013405,capacity_and_resources,qb_013405__capacity_and_resources,0.73623633,0.5557944774627686,0.2657264173030853,True
qb_012819,external_regulation,qb_012819__external_regulation,0.5350796,0.478562593460083,0.23420584201812744,True
qb_012819,economic,qb_012819__economic,0.6836041,0.4979369640350342,0.16223394870758057,True
qb_012819,policy_prescription,qb_012819__policy_prescription,0.622398,0.5976449847221375,0.2259170114994049,True
qb_012819,political,qb_012819__political,0.6671435,0.5686202049255371,0.22614553570747375,True
qb_012819,capacity_and_resources,qb_012819__capacity_and_resources,0.75154126,0.5604974031448364,0.1937430500984192,True
qb_012819,security_and_defense,qb_012819__security_and_defense,0.70855653,0.5127817988395691,0.22142934799194336,True
qb_019767,political,qb_019767__political,0.7987946,0.4609776437282562,0.3074888288974762,True
qb_019767,public_sentiment,qb_019767__public_sentiment,0.7177541,0.4151085317134857,0.2590734660625458,True
qb_019767,policy_prescription,qb_019767__policy_prescription,0.6616638,0.45787104964256287,0.2578882873058319,True
qb_019767,health_and_safety,qb_019767__health_and_safety,0.851112,0.44713735580444336,0.2639937698841095,True
qb_019767,fairness_and_equality,qb_019767__fairness_and_equality,0.7787896,0.4228866696357727,0.3415650725364685,True
qb_019767,legality_constitutionality,qb_019767__legality_constitutionality,0.81956863,0.3947795629501343,0.18907885253429413,True
qb_019767,economic,qb_019767__economic,0.73598707,0.4331796169281006,0.26990658044815063,True
qb_019767,capacity_and_resources,qb_019767__capacity_and_resources,0.6047448,0.38715916872024536,0.21166709065437317,True
qb_008186,policy_prescription,qb_008186__policy_prescription,0.77719104,0.6341139078140259,0.28315940499305725,True
qb_008186,security_and_defense,qb_008186__security_and_defense,0.8090723,0.6791757941246033,0.26072683930397034,True
qb_008186,legality_constitutionality,qb_008186__legality_constitutionality,0.78010976,0.6436565518379211,0.2240915596485138,True
qb_008186,crime_and_punishment,qb_008186__crime_and_punishment,0.6188855,0.6107177138328552,0.27697306871414185,True
qb_008186,public_sentiment,qb_008186__public_sentiment,0.9042441,0.6632627248764038,0.2448848932981491,True
qb_008186,health_and_safety,qb_008186__health_and_safety,0.5915467,0.5261160135269165,0.24709472060203552,True
qb_007428,public_sentiment,qb_007428__public_sentiment,0.81918573,0.5814412236213684,0.23172059655189514,True
qb_007428,external_regulation,qb_007428__external_regulation,0.692774,0.6147328019142151,0.1880999654531479,True
qb_007428,political,qb_007428__political,0.82129353,0.6565760970115662,0.2234068214893341,True
qb_007428,quality_of_life,qb_007428__quality_of_life,0.7555615,0.6160615086555481,0.1889241635799408,True
qb_013788,security_and_defense,qb_013788__security_and_defense,0.82139736,0.655135989189148,0.20505675673484802,True
qb_013788,capacity_and_resources,qb_013788__capacity_and_resources,0.6408675,0.6117883920669556,0.20719309151172638,True
qb_011720,economic,qb_011720__economic,0.8381494,0.5154926180839539,0.24274477362632751,True
qb_011720,political,qb_011720__political,0.687558,0.5068274736404419,0.23742273449897766,True
qb_011720,external_regulation,qb_011720__external_regulation,0.6940981,0.501104474067688,0.21194052696228027,True
qb_011720,capacity_and_resources,qb_011720__capacity_and_resources,0.7698268,0.5368245840072632,0.20398473739624023,True
qb_011720,policy_prescription,qb_011720__policy_prescription,0.7377261,0.5226158499717712,0.2139655351638794,True
qb_011720,quality_of_life,qb_011720__quality_of_life,0.6303835,0.5146445035934448,0.2007908821105957,True
qb_015106,economic,qb_015106__economic,0.6604558,0.4552161395549774,0.1906081885099411,True
qb_015106,health_and_safety,qb_015106__health_and_safety,0.7172823,0.4038529098033905,0.2498345673084259,True
qb_015106,capacity_and_resources,qb_015106__capacity_and_resources,0.71887344,0.39573466777801514,0.21565334498882294,True
qb_015106,political,qb_015106__political,0.6574992,0.582555890083313,0.2768389582633972,True
qb_005777,legality_constitutionality,qb_005777__legality_constitutionality,0.7137045,0.6498016119003296,0.23022103309631348,True
qb_005777,crime_and_punishment,qb_005777__crime_and_punishment,0.7678776,0.6922765970230103,0.23673276603221893,True
qb_005777,public_sentiment,qb_005777__public_sentiment,0.6875248,0.57228684425354,0.27307868003845215,True
qb_005777,capacity_and_resources,qb_005777__capacity_and_resources,0.851024,0.6408324837684631,0.18781578540802002,True
qb_005777,morality,qb_005777__morality,0.8077362,0.7120830416679382,0.24063047766685486,True
qb_018079,political,qb_018079__political,0.54518396,0.570711076259613,0.2026992291212082,True
qb_018079,cultural_identity,qb_018079__cultural_identity,0.633977,0.4282487630844116,0.1907678246498108,True
qb_018079,public_sentiment,qb_018079__public_sentiment,0.7689589,0.543476939201355,0.2587015926837921,True
qb_019440,public_sentiment,qb_019440__public_sentiment,0.8779211,0.7553116083145142,0.23653244972229004,True
qb_019440,economic,qb_019440__economic,0.7969712,0.8070995211601257,0.21272480487823486,True
qb_019440,capacity_and_resources,qb_019440__capacity_and_resources,0.7728119,0.7315598726272583,0.22262530028820038,True
qb_009324,security_and_defense,qb_009324__security_and_defense,0.74532825,0.6710212230682373,0.2686411142349243,True
qb_009324,public_sentiment,qb_009324__public_sentiment,0.7310661,0.392316609621048,0.21837325394153595,True
qb_009324,legality_constitutionality,qb_009324__legality_constitutionality,0.81032,0.6465665102005005,0.23840443789958954,True
qb_009324,capacity_and_resources,qb_009324__capacity_and_resources,0.7737028,0.6700894832611084,0.23502376675605774,True
qb_015156,legality_constitutionality,qb_015156__legality_constitutionality,0.7605338,0.6385067701339722,0.2303752601146698,True
qb_015156,political,qb_015156__political,0.64217794,0.50208580493927,0.26025906205177307,True
qb_015156,health_and_safety,qb_015156__health_and_safety,0.6828478,0.44495490193367004,0.1980172097682953,True
qb_019458,security_and_defense,qb_019458__security_and_defense,0.63306093,0.559705376625061,0.16499505937099457,True
qb_019458,health_and_safety,qb_019458__health_and_safety,0.81814104,0.5475890040397644,0.2602866291999817,True
qb_019458,capacity_and_resources,qb_019458__capacity_and_resources,0.6554155,0.5930026769638062,0.21932904422283173,True
qb_019458,political,qb_019458__political,0.6677338,0.4916006028652191,0.2607484459877014,True
qb_019458,quality_of_life,qb_019458__quality_of_life,0.7127606,0.5584781765937805,0.1753578782081604,True
qb_019458,economic,qb_019458__economic,0.7087332,0.5267152190208435,0.1796088069677353,True
qb_003135,legality_constitutionality,qb_003135__legality_constitutionality,0.77117467,0.7306880950927734,0.20469340682029724,True
qb_003135,fairness_and_equality,qb_003135__fairness_and_equality,0.8941948,0.7517521977424622,0.15369005501270294,True
qb_003135,cultural_identity,qb_003135__cultural_identity,0.7163651,0.7124806642532349,0.1564367413520813,True
qb_009471,health_and_safety,qb_009471__health_and_safety,0.73959637,0.660959005355835,0.2720496356487274,True
qb_009471,capacity_and_resources,qb_009471__capacity_and_resources,0.7124032,0.6735130548477173,0.2562882602214813,True
qb_000513,political,qb_000513__political,0.7098514,0.6484963297843933,0.26001468300819397,True
qb_000513,morality,qb_000513__morality,0.7496816,0.6413320302963257,0.2652352750301361,True
qb_021482,political,qb_021482__political,0.76441306,0.4764612913131714,0.16316187381744385,True
qb_021482,security_and_defense,qb_021482__security_and_defense,0.7234925,0.44261664152145386,0.27182191610336304,True
qb_021482,cultural_identity,qb_021482__cultural_identity,0.80856824,0.523093581199646,0.20275373756885529,True
qb_021482,morality,qb_021482__morality,0.7035822,0.6669290661811829,0.24790461361408234,True
qb_021482,fairness_and_equality,qb_021482__fairness_and_equality,0.61030805,0.5294867753982544,0.22969603538513184,True
qb_005814,economic,qb_005814__economic,0.678536,0.23135927319526672,0.176844984292984,True
qb_005814,external_regulation,qb_005814__external_regulation,0.64060575,0.3766635060310364,0.18620304763317108,True
qb_005814,health_and_safety,qb_005814__health_and_safety,0.74060965,0.14722560346126556,0.2290375530719757,True
qb_015984,health_and_safety,qb_015984__health_and_safety,0.8578191,0.5656293630599976,0.27309560775756836,True
qb_015984,political,qb_015984__political,0.8055197,0.606026828289032,0.26238423585891724,True
qb_019939,political,qb_019939__political,0.77518624,0.712441623210907,0.28021520376205444,True
qb_019939,policy_prescription,qb_019939__policy_prescription,0.76911074,0.695112407207489,0.21771323680877686,True
qb_019939,morality,qb_019939__morality,0.75852466,0.6354541182518005,0.17894232273101807,True
qb_019939,public_sentiment,qb_019939__public_sentiment,0.77646667,0.6617310047149658,0.262813001871109,True
qb_003150,political,qb_003150__political,0.6630588,0.5070138573646545,0.2647949457168579,True
qb_003150,policy_prescription,qb_003150__policy_prescription,0.8306724,0.6249826550483704,0.21344764530658722,True
qb_003150,economic,qb_003150__economic,0.66350484,0.5402024984359741,0.21842417120933533,True
qb_016473,legality_constitutionality,qb_016473__legality_constitutionality,0.61054766,0.6153411865234375,0.23653674125671387,True
qb_016473,crime_and_punishment,qb_016473__crime_and_punishment,0.602238,0.5328508019447327,0.22163434326648712,True
qb_016473,political,qb_016473__political,0.6799514,0.4436364471912384,0.24372443556785583,True
qb_015560,political,qb_015560__political,0.7380576,0.3975840210914612,0.22540481388568878,True
qb_015560,legality_constitutionality,qb_015560__legality_constitutionality,0.59259856,0.6971415281295776,0.23248223960399628,True
qb_010853,cultural_identity,qb_010853__cultural_identity,0.8090033,0.6833803653717041,0.21562659740447998,True
qb_010853,political,qb_010853__political,0.70396245,0.6082926988601685,0.21365447342395782,True
qb_010853,fairness_and_equality,qb_010853__fairness_and_equality,0.7199211,0.6257855892181396,0.19002772867679596,True
qb_010853,security_and_defense,qb_010853__security_and_defense,0.7240379,0.691765546798706,0.19482450187206268,True
qb_010853,crime_and_punishment,qb_010853__crime_and_punishment,0.82949674,0.5576522350311279,0.18962669372558594,True
qb_010853,public_sentiment,qb_010853__public_sentiment,0.7362413,0.6562933921813965,0.12594595551490784,True
qb_010853,legality_constitutionality,qb_010853__legality_constitutionality,0.901574,0.6086140871047974,0.13871410489082336,True
qb_010853,policy_prescription,qb_010853__policy_prescription,0.64355034,0.5525280237197876,0.240875244140625,True
qb_013280,morality,qb_013280__morality,0.78357995,0.6890063285827637,0.18694910407066345,True
qb_013280,public_sentiment,qb_013280__public_sentiment,0.7782457,0.5779072642326355,0.1719963252544403,True
qb_013280,security_and_defense,qb_013280__security_and_defense,0.7057308,0.6545867919921875,0.20782914757728577,True
qb_013280,cultural_identity,qb_013280__cultural_identity,0.70257866,0.5837838649749756,0.18827052414417267,True
qb_010232,morality,qb_010232__morality,0.78155935,0.6605057716369629,0.2795111835002899,True
qb_010232,political,qb_010232__political,0.7193229,0.46216273307800293,0.30493903160095215,True
qb_000712,political,qb_000712__political,0.7242251,0.6327520608901978,0.2420322597026825,True
qb_000712,legality_constitutionality,qb_000712__legality_constitutionality,0.74494153,0.5113080739974976,0.22729115188121796,True
qb_000712,policy_prescription,qb_000712__policy_prescription,0.77762187,0.6030939221382141,0.20617249608039856,True
qb_000712,fairness_and_equality,qb_000712__fairness_and_equality,0.79482365,0.6050234436988831,0.2258291244506836,True
qb_000712,cultural_identity,qb_000712__cultural_identity,0.86464167,0.5718817114830017,0.19078750908374786,True
qb_000712,public_sentiment,qb_000712__public_sentiment,0.8298696,0.6115375757217407,0.1997300088405609,True
qb_009545,legality_constitutionality,qb_009545__legality_constitutionality,0.82781684,0.6011479496955872,0.2743530869483948,True
qb_009545,policy_prescription,qb_009545__policy_prescription,0.73699605,0.688459038734436,0.2558090388774872,True
qb_009545,political,qb_009545__political,0.82758284,0.6396860480308533,0.2719404101371765,True
qb_014032,political,qb_014032__political,0.74630773,0.6010187268257141,0.2597920298576355,True
qb_014032,security_and_defense,qb_014032__security_and_defense,0.8096082,0.6421902179718018,0.22627508640289307,True
qb_014032,public_sentiment,qb_014032__public_sentiment,0.70929635,0.5220651626586914,0.2724720537662506,True
qb_014032,external_regulation,qb_014032__external_regulation,0.7965292,0.6019213795661926,0.22441717982292175,True
qb_006398,security_and_defense,qb_006398__security_and_defense,0.683885,0.571401059627533,0.19543561339378357,True
qb_006398,legality_constitutionality,qb_006398__legality_constitutionality,0.6296551,0.48869413137435913,0.1821483075618744,True
qb_006398,crime_and_punishment,qb_006398__crime_and_punishment,0.70244944,0.5875115394592285,0.21532240509986877,True
qb_006398,external_regulation,qb_006398__external_regulation,0.72817403,0.6222419738769531,0.18315540254116058,True
qb_006398,economic,qb_006398__economic,0.65214825,0.5590273141860962,0.23082216084003448,True
qb_006398,political,qb_006398__political,0.6942768,0.533669114112854,0.3246314227581024,True
qb_002433,legality_constitutionality,qb_002433__legality_constitutionality,0.7538954,0.5725030303001404,0.19851729273796082,True
qb_002433,policy_prescription,qb_002433__policy_prescription,0.8220095,0.7304413914680481,0.18820251524448395,True
qb_002433,political,qb_002433__political,0.51883113,0.49592074751853943,0.21989330649375916,True
qb_002433,health_and_safety,qb_002433__health_and_safety,0.7113483,0.7149672508239746,0.21052153408527374,True
qb_016583,legality_constitutionality,qb_016583__legality_constitutionality,0.6906688,0.5333189964294434,0.20768824219703674,True
qb_016583,political,qb_016583__political,0.6970398,0.5434412956237793,0.30721718072891235,True
qb_016583,health_and_safety,qb_016583__health_and_safety,0.8033302,0.5120925307273865,0.22773489356040955,True
qb_000026,legality_constitutionality,qb_000026__legality_constitutionality,0.6427024,0.6000672578811646,0.23878923058509827,True
qb_000026,security_and_defense,qb_000026__security_and_defense,0.7171558,0.7284128665924072,0.2628920078277588,True
qb_000026,cultural_identity,qb_000026__cultural_identity,0.7712203,0.4074779450893402,0.20330269634723663,True
qb_011717,legality_constitutionality,qb_011717__legality_constitutionality,0.6781727,0.6669533848762512,0.21477587521076202,True
qb_011717,capacity_and_resources,qb_011717__capacity_and_resources,0.5684852,0.5439673662185669,0.21814671158790588,True
qb_011717,security_and_defense,qb_011717__security_and_defense,0.7674377,0.5810481905937195,0.21608905494213104,True
qb_011083,cultural_identity,qb_011083__cultural_identity,0.85519826,0.718215823173523,0.18655423820018768,True
qb_011083,political,qb_011083__political,0.8261528,0.7084582448005676,0.2347140610218048,True
qb_009918,legality_constitutionality,qb_009918__legality_constitutionality,0.67168117,0.5494878888130188,0.21193866431713104,True
qb_009918,political,qb_009918__political,0.7187958,0.5329303741455078,0.3724612295627594,True
qb_009918,crime_and_punishment,qb_009918__crime_and_punishment,0.670846,0.547511100769043,0.24580971896648407,True
qb_009918,morality,qb_009918__morality,0.66001517,0.46926191449165344,0.2147836983203888,True
qb_001729,legality_constitutionality,qb_001729__legality_constitutionality,0.8062171,0.4345990717411041,0.20253193378448486,True
qb_001729,political,qb_001729__political,0.72777736,0.577091634273529,0.27793315052986145,True
qb_001729,public_sentiment,qb_001729__public_sentiment,0.6351093,0.46403926610946655,0.2703472971916199,True
qb_009151,policy_prescription,qb_009151__policy_prescription,0.66533935,0.6772183775901794,0.2315504252910614,True
qb_009151,health_and_safety,qb_009151__health_and_safety,0.73602235,0.5806922912597656,0.19451257586479187,True
qb_009151,economic,qb_009151__economic,0.7060409,0.6508653163909912,0.1799057424068451,True
qb_009151,capacity_and_resources,qb_009151__capacity_and_resources,0.80559415,0.6340306401252747,0.19226965308189392,True
qb_005042,external_regulation,qb_005042__external_regulation,0.67876697,0.6378870010375977,0.2098970115184784,True
qb_005042,policy_prescription,qb_005042__policy_prescription,0.75759435,0.6701253056526184,0.23876257240772247,True
qb_005042,legality_constitutionality,qb_005042__legality_constitutionality,0.8352195,0.6418251991271973,0.18969395756721497,True
qb_005042,cultural_identity,qb_005042__cultural_identity,0.9040909,0.7058225870132446,0.207588791847229,True
qb_005042,morality,qb_005042__morality,0.7469653,0.5403420329093933,0.2376038283109665,True
qb_005042,economic,qb_005042__economic,0.64149225,0.4831352233886719,0.23583140969276428,True
qb_006907,political,qb_006907__political,0.64056283,0.38070836663246155,0.29513871669769287,True
qb_006907,policy_prescription,qb_006907__policy_prescription,0.59988797,0.5723644495010376,0.2386241853237152,True
qb_006907,security_and_defense,qb_006907__security_and_defense,0.84234506,0.6557643413543701,0.3324276804924011,True
qb_006907,economic,qb_006907__economic,0.5295142,0.44832155108451843,0.2876294255256653,True
qb_006907,capacity_and_resources,qb_006907__capacity_and_resources,0.660094,0.5157046318054199,0.21338525414466858,True
qb_019017,political,qb_019017__political,0.79703414,0.5946271419525146,0.20703358948230743,True
qb_019017,legality_constitutionality,qb_019017__legality_constitutionality,0.86310446,0.622825026512146,0.26877161860466003,True
qb_003973,legality_constitutionality,qb_003973__legality_constitutionality,0.78644645,0.6351301074028015,0.20125821232795715,True
qb_003973,security_and_defense,qb_003973__security_and_defense,0.821369,0.6117109656333923,0.22472330927848816,True
qb_003973,political,qb_003973__political,0.77484137,0.5529980063438416,0.28389978408813477,True
qb_003973,crime_and_punishment,qb_003973__crime_and_punishment,0.684636,0.5954279899597168,0.2827284336090088,True
qb_008919,political,qb_008919__political,0.8465471,0.6790509819984436,0.19276335835456848,True
qb_008919,legality_constitutionality,qb_008919__legality_constitutionality,0.78145397,0.6665716171264648,0.2590407431125641,True
qb_017622,political,qb_017622__political,0.7526604,0.6251074075698853,0.24449603259563446,True
qb_017622,public_sentiment,qb_017622__public_sentiment,0.7757228,0.6768063306808472,0.27061235904693604,True
qb_005901,security_and_defense,qb_005901__security_and_defense,0.6537725,0.6020368933677673,0.23428602516651154,True
qb_005901,external_regulation,qb_005901__external_regulation,0.7150039,0.6470391154289246,0.25411662459373474,True
qb_005901,policy_prescription,qb_005901__policy_prescription,0.78818643,0.6088712215423584,0.18453669548034668,True
qb_005901,political,qb_005901__political,0.7133943,0.5393400192260742,0.3095429539680481,True
qb_012854,legality_constitutionality,qb_012854__legality_constitutionality,0.8865329,0.7915585041046143,0.2777671813964844,True
qb_012854,crime_and_punishment,qb_012854__crime_and_punishment,0.80206436,0.7088255882263184,0.31625470519065857,True
qb_012854,political,qb_012854__political,0.8298545,0.7323545217514038,0.2031293362379074,True
qb_014848,political,qb_014848__political,0.6999446,0.512270450592041,0.31787818670272827,True
qb_014848,policy_prescription,qb_014848__policy_prescription,0.68490994,0.5138714909553528,0.2678452134132385,True
qb_003979,capacity_and_resources,qb_003979__capacity_and_resources,0.7613039,0.6133074760437012,0.24222096800804138,True
qb_003979,public_sentiment,qb_003979__public_sentiment,0.6601553,0.6630261540412903,0.23777103424072266,True
qb_003979,economic,qb_003979__economic,0.79921454,0.6471553444862366,0.2277487963438034,True
qb_003979,quality_of_life,qb_003979__quality_of_life,0.76651263,0.6503549218177795,0.2506837248802185,True
qb_001323,morality,qb_001323__morality,0.666888,0.6084405183792114,0.20657972991466522,True
qb_001323,public_sentiment,qb_001323__public_sentiment,0.7320961,0.6666045188903809,0.22050818800926208,True
qb_001323,quality_of_life,qb_001323__quality_of_life,0.6941538,0.5394840836524963,0.2650523781776428,True
qb_011762,crime_and_punishment,qb_011762__crime_and_punishment,0.7302486,0.6912342309951782,0.18359968066215515,True
qb_011762,security_and_defense,qb_011762__security_and_defense,0.8249923,0.7355045080184937,0.2644517421722412,True
qb_011762,legality_constitutionality,qb_011762__legality_constitutionality,0.7091321,0.6082125306129456,0.23805935680866241,True
qb_009920,legality_constitutionality,qb_009920__legality_constitutionality,0.6378805,0.5226384997367859,0.24144287407398224,True
qb_009920,political,qb_009920__political,0.77597505,0.6099430918693542,0.21507754921913147,True
qb_009920,crime_and_punishment,qb_009920__crime_and_punishment,0.657422,0.5597743391990662,0.21958771347999573,True
qb_009920,external_regulation,qb_009920__external_regulation,0.7589292,0.5030950903892517,0.25989794731140137,True
qb_011032,security_and_defense,qb_011032__security_and_defense,0.7683365,0.8831097483634949,0.19963642954826355,True
qb_011032,external_regulation,qb_011032__external_regulation,0.8029708,0.6761529445648193,0.23541417717933655,True
qb_011032,policy_prescription,qb_011032__policy_prescription,0.7718271,0.777519166469574,0.22328941524028778,True
qb_013248,security_and_defense,qb_013248__security_and_defense,0.8210338,0.596542239189148,0.15352660417556763,True
qb_013248,health_and_safety,qb_013248__health_and_safety,0.64574075,0.5583419799804688,0.1842411607503891,True
qb_013248,political,qb_013248__political,0.77197796,0.5739104151725769,0.226614311337471,True
qb_013248,external_regulation,qb_013248__external_regulation,0.6962498,0.6424887776374817,0.15915273129940033,True
qb_013248,public_sentiment,qb_013248__public_sentiment,0.76520836,0.586785078048706,0.20620854198932648,True
qb_010416,crime_and_punishment,qb_010416__crime_and_punishment,0.7560969,0.6396175622940063,0.25603052973747253,True
qb_010416,public_sentiment,qb_010416__public_sentiment,0.75803953,0.7053405046463013,0.21598930656909943,True
qb_010416,legality_constitutionality,qb_010416__legality_constitutionality,0.81834984,0.5544200539588928,0.18293292820453644,True
qb_005867,external_regulation,qb_005867__external_regulation,0.7151966,0.5989557504653931,0.20663921535015106,True
qb_005867,economic,qb_005867__economic,0.71438634,0.6184589862823486,0.22006230056285858,True
qb_005867,political,qb_005867__political,0.77110124,0.55619877576828,0.22678236663341522,True
qb_011959,policy_prescription,qb_011959__policy_prescription,0.7098508,0.5331439971923828,0.2945376932621002,True
qb_011959,crime_and_punishment,qb_011959__crime_and_punishment,0.8836764,0.6661824584007263,0.3016590178012848,True
qb_011959,health_and_safety,qb_011959__health_and_safety,0.64703417,0.45438316464424133,0.1733824461698532,True
qb_011959,public_sentiment,qb_011959__public_sentiment,0.777622,0.5360564589500427,0.24686098098754883,True
qb_011959,political,qb_011959__political,0.8364492,0.6138730049133301,0.33684009313583374,True
qb_008832,legality_constitutionality,qb_008832__legality_constitutionality,0.81699204,0.7883756160736084,0.25747179985046387,True
qb_008832,political,qb_008832__political,0.8990798,0.7638728618621826,0.3265638053417206,True
qb_001015,legality_constitutionality,qb_001015__legality_constitutionality,0.80878377,0.5952669382095337,0.17068736255168915,True
qb_001015,political,qb_001015__political,0.7787236,0.628075897693634,0.19075194001197815,True
qb_001015,capacity_and_resources,qb_001015__capacity_and_resources,0.7854327,0.7903643250465393,0.22551970183849335,True
qb_012974,economic,qb_012974__economic,0.7084053,0.7431380748748779,0.20955078303813934,True
qb_012974,quality_of_life,qb_012974__quality_of_life,0.7180896,0.6379084587097168,0.18491163849830627,True
qb_002026,political,qb_002026__political,0.6962982,0.6686437129974365,0.29018643498420715,True
qb_002026,public_sentiment,qb_002026__public_sentiment,0.8314689,0.5579820871353149,0.19385316967964172,True
qb_021479,security_and_defense,qb_021479__security_and_defense,0.7563579,0.6225355863571167,0.20809181034564972,True
qb_021479,public_sentiment,qb_021479__public_sentiment,0.87042767,0.5575606226921082,0.20300599932670593,True
qb_001925,political,qb_001925__political,0.7936255,0.5035279989242554,0.27572789788246155,True
qb_001925,policy_prescription,qb_001925__policy_prescription,0.6917324,0.6088162660598755,0.2631281316280365,True
qb_011799,political,qb_011799__political,0.7534566,0.5267173051834106,0.2854491174221039,True
qb_011799,security_and_defense,qb_011799__security_and_defense,0.7984289,0.5743083357810974,0.27826428413391113,True
qb_011799,policy_prescription,qb_011799__policy_prescription,0.6461151,0.5739430785179138,0.24686186015605927,True
qb_011799,legality_constitutionality,qb_011799__legality_constitutionality,0.66371334,0.5392424464225769,0.27574068307876587,True
qb_011799,crime_and_punishment,qb_011799__crime_and_punishment,0.7450243,0.6158257126808167,0.31458279490470886,True
qb_011799,public_sentiment,qb_011799__public_sentiment,0.8162073,0.5411452054977417,0.2589331567287445,True
qb_005415,policy_prescription,qb_005415__policy_prescription,0.60377586,0.49117806553840637,0.20896530151367188,True
qb_005415,political,qb_005415__political,0.8473141,0.5794527530670166,0.24066343903541565,True
qb_005415,economic,qb_005415__economic,0.9249448,0.5283695459365845,0.24451187252998352,True
qb_005948,policy_prescription,qb_005948__policy_prescription,0.7244514,0.6708365678787231,0.24611341953277588,True
qb_005948,capacity_and_resources,qb_005948__capacity_and_resources,0.7830776,0.5923404097557068,0.24768295884132385,True
qb_005948,political,qb_005948__political,0.7963054,0.5312466621398926,0.2580021619796753,True
qb_005948,crime_and_punishment,qb_005948__crime_and_punishment,0.65647286,0.4954966902732849,0.25880688428878784,True
qb_005948,legality_constitutionality,qb_005948__legality_constitutionality,0.7644694,0.6048952341079712,0.26501715183258057,True
qb_004366,political,qb_004366__political,0.7753432,0.6600106358528137,0.268241822719574,True
qb_004366,legality_constitutionality,qb_004366__legality_constitutionality,0.71298385,0.5690446496009827,0.2722833454608917,True
qb_004366,public_sentiment,qb_004366__public_sentiment,0.7639644,0.5875079035758972,0.2621381878852844,True
qb_011875,political,qb_011875__political,0.74037766,0.48171699047088623,0.2224503457546234,True
qb_011875,public_sentiment,qb_011875__public_sentiment,0.8342198,0.5683945417404175,0.17365138232707977,True
qb_011875,morality,qb_011875__morality,0.70490766,0.5197267532348633,0.18516385555267334,True
qb_007488,health_and_safety,qb_007488__health_and_safety,0.70918554,0.5877945423126221,0.20446839928627014,True
qb_007488,policy_prescription,qb_007488__policy_prescription,0.74086225,0.605277419090271,0.2101931869983673,True
qb_007488,public_sentiment,qb_007488__public_sentiment,0.79106426,0.5658689737319946,0.3103299140930176,True
qb_000178,economic,qb_000178__economic,0.67371905,0.5497821569442749,0.1621381938457489,True
qb_000178,policy_prescription,qb_000178__policy_prescription,0.66189116,0.487953245639801,0.22966472804546356,True
qb_000178,political,qb_000178__political,0.7844233,0.5060872435569763,0.2209448367357254,True
qb_020047,health_and_safety,qb_020047__health_and_safety,0.7977703,0.5912454128265381,0.19052834808826447,True
qb_020047,economic,qb_020047__economic,0.6962298,0.569102942943573,0.1735478788614273,True
qb_020047,policy_prescription,qb_020047__policy_prescription,0.7026974,0.5384065508842468,0.1617438644170761,True
qb_020047,political,qb_020047__political,0.77935034,0.6034145951271057,0.25045764446258545,True
qb_020047,capacity_and_resources,qb_020047__capacity_and_resources,0.66104287,0.6105270981788635,0.17512710392475128,True
qb_014507,political,qb_014507__political,0.6942358,0.2969731092453003,0.18051567673683167,True
qb_014507,security_and_defense,qb_014507__security_and_defense,0.6765022,0.33083587884902954,0.26024338603019714,True
qb_014507,legality_constitutionality,qb_014507__legality_constitutionality,0.797365,0.3839007318019867,0.2233896255493164,True
qb_014507,public_sentiment,qb_014507__public_sentiment,0.7107247,0.3755500018596649,0.3089572787284851,True
qb_016664,political,qb_016664__political,0.71651345,0.6254013180732727,0.33164700865745544,True
qb_016664,fairness_and_equality,qb_016664__fairness_and_equality,0.6867708,0.7466825246810913,0.24647529423236847,True
qb_016664,crime_and_punishment,qb_016664__crime_and_punishment,0.72534597,0.4980246424674988,0.2543547749519348,True
qb_008645,policy_prescription,qb_008645__policy_prescription,0.68822867,0.5442950129508972,0.18606796860694885,True
qb_008645,economic,qb_008645__economic,0.63353944,0.41586264967918396,0.2045772820711136,True
qb_008645,quality_of_life,qb_008645__quality_of_life,0.7557176,0.5056468844413757,0.20231893658638,True
qb_008645,capacity_and_resources,qb_008645__capacity_and_resources,0.6121754,0.5953110456466675,0.2680166959762573,True
qb_008645,political,qb_008645__political,0.7229464,0.46237286925315857,0.3069510757923126,True
qb_008645,health_and_safety,qb_008645__health_and_safety,0.7057778,0.45902013778686523,0.16564829647541046,True
qb_021268,political,qb_021268__political,0.7362794,0.48422184586524963,0.2784186005592346,True
qb_021268,policy_prescription,qb_021268__policy_prescription,0.6772046,0.5564786195755005,0.2554284930229187,True
qb_021268,capacity_and_resources,qb_021268__capacity_and_resources,0.74213314,0.4308363199234009,0.23023328185081482,True
qb_003384,policy_prescription,qb_003384__policy_prescription,0.8094223,0.7452808618545532,0.2880358099937439,True
qb_003384,political,qb_003384__political,0.8074616,0.6237468123435974,0.2795024812221527,True
qb_003384,security_and_defense,qb_003384__security_and_defense,0.74140906,0.5713670253753662,0.29256877303123474,True
qb_015588,political,qb_015588__political,0.7960947,,0.2912132143974304,False
qb_000457,political,qb_000457__political,0.81096196,0.7712113857269287,0.2510777413845062,True
qb_000457,policy_prescription,qb_000457__policy_prescription,0.77179515,0.7157667875289917,0.20667704939842224,True
qb_000457,capacity_and_resources,qb_000457__capacity_and_resources,0.7489544,0.6838513612747192,0.23001894354820251,True
qb_020286,political,qb_020286__political,0.708892,0.611817479133606,0.32471561431884766,True
qb_020286,fairness_and_equality,qb_020286__fairness_and_equality,0.6820531,0.38459670543670654,0.2178933173418045,True
qb_020286,public_sentiment,qb_020286__public_sentiment,0.6438911,0.5212080478668213,0.23873122036457062,True
qb_008292,legality_constitutionality,qb_008292__legality_constitutionality,0.7265077,0.6328417062759399,0.2895255386829376,True
qb_008292,economic,qb_008292__economic,0.5422846,0.6309146881103516,0.2530931234359741,True
qb_008292,capacity_and_resources,qb_008292__capacity_and_resources,0.8520542,0.7249783277511597,0.21214762330055237,True
qb_017708,political,qb_017708__political,0.72056586,0.6104773879051208,0.21695742011070251,True
qb_017708,economic,qb_017708__economic,0.61902916,0.5885283946990967,0.23969165980815887,True
qb_017708,capacity_and_resources,qb_017708__capacity_and_resources,0.7395046,0.5408598780632019,0.2657901644706726,True
qb_017708,policy_prescription,qb_017708__policy_prescription,0.68003595,0.4605255126953125,0.2098601758480072,True
qb_012530,political,qb_012530__political,0.79135156,0.6746107339859009,0.2290855348110199,True
qb_012530,legality_constitutionality,qb_012530__legality_constitutionality,0.76465476,0.6967222690582275,0.30089807510375977,True
qb_012530,public_sentiment,qb_012530__public_sentiment,0.7586895,0.586258053779602,0.3034767508506775,True
qb_012530,policy_prescription,qb_012530__policy_prescription,0.78051305,0.64383864402771,0.26585930585861206,True
qb_012530,morality,qb_012530__morality,0.7671974,0.661156952381134,0.28301823139190674,True
qb_019868,political,qb_019868__political,0.7862407,0.4205446243286133,0.24886588752269745,True
qb_019868,policy_prescription,qb_019868__policy_prescription,0.46690965,0.426990807056427,0.2529873549938202,True
qb_019868,capacity_and_resources,qb_019868__capacity_and_resources,0.7402563,0.5344374179840088,0.2428058683872223,True
qb_004170,health_and_safety,qb_004170__health_and_safety,0.56130445,0.517429530620575,0.25161755084991455,True
qb_004170,policy_prescription,qb_004170__policy_prescription,0.79160076,0.5475144386291504,0.23870167136192322,True
qb_004170,capacity_and_resources,qb_004170__capacity_and_resources,0.7205631,0.48085880279541016,0.18157385289669037,True
qb_004170,political,qb_004170__political,0.73704034,0.5272364020347595,0.2524726986885071,True
qb_002833,legality_constitutionality,qb_002833__legality_constitutionality,0.8021564,0.6483966708183289,0.2600839138031006,True
qb_002833,morality,qb_002833__morality,0.7713864,0.5768545269966125,0.17612147331237793,True
qb_002833,health_and_safety,qb_002833__health_and_safety,0.71842325,0.5606300234794617,0.20967333018779755,True
qb_002833,policy_prescription,qb_002833__policy_prescription,0.7467989,0.669806182384491,0.25663718581199646,True
qb_002833,fairness_and_equality,qb_002833__fairness_and_equality,0.7243195,0.6477264165878296,0.2028837949037552,True
qb_002833,political,qb_002833__political,0.77035654,0.47417718172073364,0.27294307947158813,True
qb_002833,cultural_identity,qb_002833__cultural_identity,0.8261124,0.6626645922660828,0.1623109132051468,True
qb_014116,security_and_defense,qb_014116__security_and_defense,0.76100117,0.6901251077651978,0.27026015520095825,True
qb_014116,political,qb_014116__political,0.74940383,0.7032291889190674,0.2552969455718994,True
qb_014116,external_regulation,qb_014116__external_regulation,0.68238366,0.6755638122558594,0.1893809735774994,True
qb_009667,legality_constitutionality,qb_009667__legality_constitutionality,0.6349133,0.7968347072601318,0.24088314175605774,True
qb_009667,crime_and_punishment,qb_009667__crime_and_punishment,0.7600001,0.5578358769416809,0.25568097829818726,True
qb_009667,political,qb_009667__political,0.60220295,0.6756506562232971,0.2551664710044861,True
qb_019630,political,qb_019630__political,0.88778836,0.6774559020996094,0.30762895941734314,True
qb_019630,health_and_safety,qb_019630__health_and_safety,0.85197717,0.6797612309455872,0.24691995978355408,True
qb_019630,policy_prescription,qb_019630__policy_prescription,0.79202724,0.6021908521652222,0.2521135210990906,True
qb_019630,capacity_and_resources,qb_019630__capacity_and_resources,0.75345325,0.6142847537994385,0.19781164824962616,True
qb_004411,legality_constitutionality,qb_004411__legality_constitutionality,0.6273478,0.833754301071167,0.25786781311035156,True
qb_004411,political,qb_004411__political,0.8251077,0.5662575364112854,0.2810431122779846,True
qb_014053,policy_prescription,qb_014053__policy_prescription,0.8351862,0.6163009405136108,0.24195480346679688,True
qb_014053,economic,qb_014053__economic,0.7359629,0.5118635296821594,0.18234625458717346,True
qb_014053,public_sentiment,qb_014053__public_sentiment,0.7427107,0.6366514563560486,0.23930075764656067,True
qb_014053,morality,qb_014053__morality,0.7462696,0.6158713102340698,0.3266412615776062,True
qb_014053,capacity_and_resources,qb_014053__capacity_and_resources,0.7687868,0.6897398233413696,0.2724865972995758,True
qb_014053,political,qb_014053__political,0.77450216,0.6028985977172852,0.2773573398590088,True
qb_016547,security_and_defense,qb_016547__security_and_defense,0.60046417,0.5478611588478088,0.2777464985847473,True
qb_016547,political,qb_016547__political,0.5900481,0.492928147315979,0.2922229468822479,True
qb_016547,external_regulation,qb_016547__external_regulation,0.6075936,0.4848385751247406,0.2989909052848816,True
qb_016547,health_and_safety,qb_016547__health_and_safety,0.6544876,0.4423450529575348,0.207844540476799,True
qb_019205,political,qb_019205__political,0.8708607,0.5921424627304077,0.28269535303115845,True
qb_019205,morality,qb_019205__morality,0.70531285,0.736922025680542,0.24483230710029602,True
qb_019205,cultural_identity,qb_019205__cultural_identity,0.7594224,0.6193122863769531,0.27729663252830505,True
qb_007535,legality_constitutionality,qb_007535__legality_constitutionality,0.710947,0.5504948496818542,0.265986829996109,True
qb_007535,political,qb_007535__political,0.7378302,0.6010072231292725,0.2828194200992584,True
qb_007535,public_sentiment,qb_007535__public_sentiment,0.75318825,0.5873100161552429,0.2738775610923767,True
qb_007535,external_regulation,qb_007535__external_regulation,0.6644255,0.5936723351478577,0.2832868993282318,True
qb_010726,quality_of_life,qb_010726__quality_of_life,0.78424716,0.6367894411087036,0.14366133511066437,True
qb_010726,capacity_and_resources,qb_010726__capacity_and_resources,0.66149974,0.6461009979248047,0.19247294962406158,True
qb_010726,health_and_safety,qb_010726__health_and_safety,0.66091955,0.6376404166221619,0.23339298367500305,True
qb_003064,political,qb_003064__political,0.67246574,0.6445410251617432,0.29569023847579956,True
qb_003064,legality_constitutionality,qb_003064__legality_constitutionality,0.7503671,0.7188022136688232,0.23355785012245178,True
qb_013494,crime_and_punishment,qb_013494__crime_and_punishment,0.7615557,0.6087982654571533,0.2501109838485718,True
qb_013494,policy_prescription,qb_013494__policy_prescription,0.6754523,0.6382764577865601,0.27575749158859253,True
qb_013494,political,qb_013494__political,0.72153,0.6566012501716614,0.3298436105251312,True
qb_008606,policy_prescription,qb_008606__policy_prescription,0.7454128,0.6534849405288696,0.22936026751995087,True
qb_008606,health_and_safety,qb_008606__health_and_safety,0.72563887,0.6064639091491699,0.22994574904441833,True
qb_008606,political,qb_008606__political,0.80750257,0.5803560614585876,0.28267234563827515,True
qb_008606,capacity_and_resources,qb_008606__capacity_and_resources,0.69512796,0.6609615087509155,0.270771861076355,True
qb_008606,legality_constitutionality,qb_008606__legality_constitutionality,0.7000528,0.667527437210083,0.2746273875236511,True
qb_014278,security_and_defense,qb_014278__security_and_defense,0.57963485,0.5912845730781555,0.2289303094148636,True
qb_014278,crime_and_punishment,qb_014278__crime_and_punishment,0.6861297,0.5797181129455566,0.18057069182395935,True
qb_014278,morality,qb_014278__morality,0.6615579,0.51512610912323,0.1930515170097351,True
qb_014278,legality_constitutionality,qb_014278__legality_constitutionality,0.7103151,0.6201506853103638,0.14521729946136475,True
qb_014278,public_sentiment,qb_014278__public_sentiment,0.8066555,0.5993911623954773,0.2086658775806427,True
qb_014278,political,qb_014278__political,0.6706494,0.5387561321258545,0.22410082817077637,True
qb_004974,public_sentiment,qb_004974__public_sentiment,0.84206504,0.70783931016922,0.23256513476371765,True
qb_004974,security_and_defense,qb_004974__security_and_defense,0.82702565,0.6061724424362183,0.22012630105018616,True
qb_004974,quality_of_life,qb_004974__quality_of_life,0.80540055,0.5992043018341064,0.1891898661851883,True
qb_019278,political,qb_019278__political,0.7979361,0.5850743055343628,0.3093772530555725,True
qb_019278,policy_prescription,qb_019278__policy_prescription,0.62346447,0.614759624004364,0.23440976440906525,True
qb_019278,fairness_and_equality,qb_019278__fairness_and_equality,0.74709576,0.584389328956604,0.25676625967025757,True
qb_019278,public_sentiment,qb_019278__public_sentiment,0.86524534,0.5993658900260925,0.23045580089092255,True
qb_019278,legality_constitutionality,qb_019278__legality_constitutionality,0.75860554,0.44319948554039,0.24746568500995636,True
qb_013643,legality_constitutionality,qb_013643__legality_constitutionality,0.7195238,0.2841072082519531,0.22157828509807587,True
qb_013643,external_regulation,qb_013643__external_regulation,0.77376544,0.3984020948410034,0.23395772278308868,True
qb_013643,security_and_defense,qb_013643__security_and_defense,0.65400887,0.562299370765686,0.25901100039482117,True
qb_013643,political,qb_013643__political,0.7181917,0.3992050886154175,0.26383310556411743,True
qb_013643,policy_prescription,qb_013643__policy_prescription,0.7735585,0.5532227754592896,0.23327867686748505,True
qb_006617,political,qb_006617__political,0.774087,0.5710709691047668,0.2516441345214844,True
qb_006617,economic,qb_006617__economic,0.7760127,0.629766583442688,0.24827513098716736,True
qb_006617,capacity_and_resources,qb_006617__capacity_and_resources,0.72153157,0.6122205853462219,0.22098203003406525,True
qb_006617,security_and_defense,qb_006617__security_and_defense,0.8219811,0.60285484790802,0.22373619675636292,True
qb_006617,public_sentiment,qb_006617__public_sentiment,0.7800162,0.6469613313674927,0.29771238565444946,True
qb_006617,fairness_and_equality,qb_006617__fairness_and_equality,0.85416627,0.6660218834877014,0.21630406379699707,True
qb_014505,legality_constitutionality,qb_014505__legality_constitutionality,0.7171811,0.6333466172218323,0.22405612468719482,True
qb_014505,political,qb_014505__political,0.7137259,0.6669641733169556,0.2661759853363037,True
qb_014505,economic,qb_014505__economic,0.70457625,0.6258828043937683,0.21502764523029327,True
qb_014505,fairness_and_equality,qb_014505__fairness_and_equality,0.6664515,0.6712499856948853,0.2625287175178528,True
qb_014505,cultural_identity,qb_014505__cultural_identity,0.77037823,0.614726185798645,0.2547515034675598,True
qb_017974,economic,qb_017974__economic,0.76035416,0.7068724036216736,0.21545545756816864,True
qb_017974,capacity_and_resources,qb_017974__capacity_and_resources,0.7897155,0.7253990173339844,0.1707824021577835,True
qb_017974,quality_of_life,qb_017974__quality_of_life,0.71032715,0.6780574917793274,0.1766626536846161,True
qb_017974,political,qb_017974__political,0.831288,0.660647451877594,0.28159740567207336,True
qb_013216,political,qb_013216__political,0.85119134,0.7576694488525391,0.1940183937549591,True
qb_013216,public_sentiment,qb_013216__public_sentiment,0.81007427,0.6406055688858032,0.24803216755390167,True
qb_013216,legality_constitutionality,qb_013216__legality_constitutionality,0.80301106,0.4890487790107727,0.21508407592773438,True
qb_013216,fairness_and_equality,qb_013216__fairness_and_equality,0.86497915,0.7784146070480347,0.2328239232301712,True
qb_013216,morality,qb_013216__morality,0.80479735,0.674836277961731,0.18804426491260529,True
qb_013216,cultural_identity,qb_013216__cultural_identity,0.8416343,0.7521966695785522,0.28118544816970825,True
qb_013216,economic,qb_013216__economic,0.77740914,0.7399939894676208,0.20932893455028534,True
qb_003976,economic,qb_003976__economic,0.8266244,,0.18019559979438782,False
qb_007663,policy_prescription,qb_007663__policy_prescription,0.7281823,0.6008462905883789,0.1874624639749527,True
qb_007663,cultural_identity,qb_007663__cultural_identity,0.8858277,0.5189276933670044,0.22899512946605682,True
qb_013109,legality_constitutionality,qb_013109__legality_constitutionality,0.5869424,0.5372163653373718,0.2622884213924408,True
qb_013109,political,qb_013109__political,0.7536361,0.5012521147727966,0.31457197666168213,True
qb_013109,public_sentiment,qb_013109__public_sentiment,0.6821691,0.48877638578414917,0.33472856879234314,True
qb_015716,economic,qb_015716__economic,0.71089846,0.6860299706459045,0.16501696407794952,True
qb_015716,policy_prescription,qb_015716__policy_prescription,0.6909052,0.6356074810028076,0.20122146606445312,True
qb_015716,external_regulation,qb_015716__external_regulation,0.8013638,0.6343894004821777,0.17264218628406525,True
qb_015716,political,qb_015716__political,0.74708074,0.5903148651123047,0.24374918639659882,True
qb_009911,legality_constitutionality,qb_009911__legality_constitutionality,0.6044382,0.69493567943573,0.22448842227458954,True
qb_009911,economic,qb_009911__economic,0.79858863,0.6776180267333984,0.1977725476026535,True
qb_009911,crime_and_punishment,qb_009911__crime_and_punishment,0.8504126,0.7074268460273743,0.28883805871009827,True
qb_010425,economic,qb_010425__economic,0.7559068,,0.1722988337278366,False
qb_006263,legality_constitutionality,qb_006263__legality_constitutionality,0.70765096,0.6692121624946594,0.3379034698009491,True
qb_006263,security_and_defense,qb_006263__security_and_defense,0.6863764,0.5570513010025024,0.28530392050743103,True
qb_006263,crime_and_punishment,qb_006263__crime_and_punishment,0.7061233,0.6939373016357422,0.26986822485923767,True
qb_010747,political,qb_010747__political,0.8008505,0.6216005086898804,0.30767545104026794,True
qb_010747,public_sentiment,qb_010747__public_sentiment,0.79857695,0.704414963722229,0.2924112379550934,True
qb_013628,political,qb_013628__political,0.7452946,0.48232871294021606,0.19467751681804657,True
qb_013628,legality_constitutionality,qb_013628__legality_constitutionality,0.8465737,0.43255725502967834,0.19564189016819,True
qb_013628,public_sentiment,qb_013628__public_sentiment,0.74491525,0.4944734275341034,0.19982576370239258,True
qb_008041,political,qb_008041__political,0.80428517,,0.30568942427635193,False
qb_013671,economic,qb_013671__economic,0.6469282,0.6949111223220825,0.22343948483467102,True
qb_013671,political,qb_013671__political,0.78021467,0.549443244934082,0.22537939250469208,True
qb_013671,capacity_and_resources,qb_013671__capacity_and_resources,0.78817916,0.540769100189209,0.2097834348678589,True
qb_003178,policy_prescription,qb_003178__policy_prescription,0.65251446,0.5564855337142944,0.21583065390586853,True
qb_003178,legality_constitutionality,qb_003178__legality_constitutionality,0.7965037,0.6354982852935791,0.2129698246717453,True
qb_003178,morality,qb_003178__morality,0.79074425,0.6674972772598267,0.22508466243743896,True
qb_003178,health_and_safety,qb_003178__health_and_safety,0.77985054,0.6625753045082092,0.20172269642353058,True
qb_003178,public_sentiment,qb_003178__public_sentiment,0.76481414,0.5190587043762207,0.2302512228488922,True
qb_018386,political,qb_018386__political,0.5401029,0.4235192835330963,0.35433536767959595,True
qb_018386,legality_constitutionality,qb_018386__legality_constitutionality,0.7054949,0.5329850316047668,0.2896153926849365,True
qb_018386,public_sentiment,qb_018386__public_sentiment,0.65780044,0.5079915523529053,0.3110280930995941,True
qb_018386,crime_and_punishment,qb_018386__crime_and_punishment,0.6582036,0.36848434805870056,0.2085661143064499,True
qb_020181,political,qb_020181__political,0.7243954,0.6226543188095093,0.22573700547218323,True
qb_020181,legality_constitutionality,qb_020181__legality_constitutionality,0.61718845,0.5358850955963135,0.3131215572357178,True
qb_020181,crime_and_punishment,qb_020181__crime_and_punishment,0.7133896,0.6315516233444214,0.3435390591621399,True
qb_008663,political,qb_008663__political,0.80975556,0.6858247518539429,0.23596087098121643,True
qb_008663,legality_constitutionality,qb_008663__legality_constitutionality,0.7553948,0.7261863350868225,0.25034499168395996,True
qb_008663,capacity_and_resources,qb_008663__capacity_and_resources,0.73649806,0.6783644556999207,0.2534218728542328,True
qb_008663,security_and_defense,qb_008663__security_and_defense,0.75206196,0.6994357109069824,0.23328959941864014,True
qb_008663,morality,qb_008663__morality,0.7944199,0.6511091589927673,0.2021709382534027,True
qb_012697,public_sentiment,qb_012697__public_sentiment,0.92847943,0.631738007068634,0.16879382729530334,True
qb_012697,health_and_safety,qb_012697__health_and_safety,0.8703716,0.626749575138092,0.11312930285930634,True
qb_012697,policy_prescription,qb_012697__policy_prescription,0.75837326,0.7475895881652832,0.23032185435295105,True
qb_012697,crime_and_punishment,qb_012697__crime_and_punishment,0.86627156,0.6737459301948547,0.2602456212043762,True
qb_008371,legality_constitutionality,qb_008371__legality_constitutionality,0.7667266,0.46218422055244446,0.28310123085975647,True
qb_008371,political,qb_008371__political,0.8717859,0.5537477731704712,0.2231152504682541,True
qb_008371,fairness_and_equality,qb_008371__fairness_and_equality,0.8148657,0.6695446372032166,0.24652822315692902,True
qb_006396,political,qb_006396__political,0.7935902,0.5490838289260864,0.29126662015914917,True
qb_006396,public_sentiment,qb_006396__public_sentiment,0.82517695,0.3355340361595154,0.21764130890369415,True
qb_006396,legality_constitutionality,qb_006396__legality_constitutionality,0.7058865,0.3042730689048767,0.3162679076194763,True
qb_016913,health_and_safety,qb_016913__health_and_safety,0.80107343,0.637345016002655,0.20487459003925323,True
qb_016913,policy_prescription,qb_016913__policy_prescription,0.7928829,0.6691343784332275,0.22516357898712158,True
qb_016913,legality_constitutionality,qb_016913__legality_constitutionality,0.8169769,0.6758572459220886,0.2763265073299408,True
qb_016913,political,qb_016913__political,0.799637,0.6107062697410583,0.2839924693107605,True
qb_003191,health_and_safety,qb_003191__health_and_safety,0.57314026,,0.14448556303977966,False
qb_006252,health_and_safety,qb_006252__health_and_safety,0.707348,,0.1791379451751709,False
qb_001143,security_and_defense,qb_001143__security_and_defense,0.7952647,0.6460957527160645,0.3114890158176422,True
qb_001143,public_sentiment,qb_001143__public_sentiment,0.7839712,0.6151431202888489,0.268839031457901,True
qb_001143,political,qb_001143__political,0.8840338,0.5561597347259521,0.28263550996780396,True
qb_001143,crime_and_punishment,qb_001143__crime_and_punishment,0.7740697,0.5027254819869995,0.26301050186157227,True
qb_016782,legality_constitutionality,qb_016782__legality_constitutionality,0.76029015,0.6977795958518982,0.3107318878173828,True
qb_016782,crime_and_punishment,qb_016782__crime_and_punishment,0.80847627,0.7447822093963623,0.26513051986694336,True
qb_016782,political,qb_016782__political,0.84376353,0.7154272794723511,0.29340633749961853,True
qb_000253,economic,qb_000253__economic,0.5937768,0.5385501384735107,0.16489174962043762,True
qb_000253,quality_of_life,qb_000253__quality_of_life,0.7220894,0.5942778587341309,0.16482488811016083,True
qb_000253,political,qb_000253__political,0.7121444,0.40707096457481384,0.24546849727630615,True
qb_002998,cultural_identity,qb_002998__cultural_identity,0.7521748,0.6912779808044434,0.1763983517885208,True
qb_002998,political,qb_002998__political,0.7709235,0.5808982253074646,0.2689155638217926,True
qb_002998,public_sentiment,qb_002998__public_sentiment,0.74328494,0.6248878240585327,0.1976340115070343,True
qb_002998,morality,qb_002998__morality,0.88599646,0.6273468136787415,0.16843263804912567,True
qb_002998,fairness_and_equality,qb_002998__fairness_and_equality,0.75673795,0.5143492221832275,0.1806163787841797,True
qb_015372,policy_prescription,qb_015372__policy_prescription,0.6983646,0.6831294894218445,0.2155541479587555,True
qb_015372,economic,qb_015372__economic,0.6944579,0.5675575137138367,0.22829923033714294,True
qb_015372,political,qb_015372__political,0.76201504,0.5879807472229004,0.23718073964118958,True
qb_015372,health_and_safety,qb_015372__health_and_safety,0.7574161,0.6237576007843018,0.22805452346801758,True
qb_009321,economic,qb_009321__economic,0.72219396,0.6585009694099426,0.23208408057689667,True
qb_009321,external_regulation,qb_009321__external_regulation,0.7220099,0.6728533506393433,0.2617100775241852,True
qb_009321,capacity_and_resources,qb_009321__capacity_and_resources,0.5902213,0.40004411339759827,0.15944984555244446,True
qb_009321,public_sentiment,qb_009321__public_sentiment,0.66286325,0.4825350046157837,0.2453547716140747,True
qb_009321,security_and_defense,qb_009321__security_and_defense,0.7698426,0.75045245885849,0.2099585235118866,True
qb_001789,public_sentiment,qb_001789__public_sentiment,0.76521575,0.7651299238204956,0.22404444217681885,True
qb_001789,political,qb_001789__political,0.8289131,0.6964592337608337,0.255862295627594,True
qb_004372,economic,qb_004372__economic,0.71196866,0.5370817184448242,0.17518071830272675,True
qb_004372,policy_prescription,qb_004372__policy_prescription,0.73622626,0.5559319257736206,0.29247480630874634,True
qb_004372,legality_constitutionality,qb_004372__legality_constitutionality,0.82993364,0.5993867516517639,0.20509853959083557,True
qb_009010,legality_constitutionality,qb_009010__legality_constitutionality,0.74783844,0.5599761605262756,0.24277453124523163,True
qb_009010,policy_prescription,qb_009010__policy_prescription,0.6757208,0.6052023768424988,0.2573552429676056,True
qb_009010,political,qb_009010__political,0.7519426,0.7076644897460938,0.31243541836738586,True
qb_009010,public_sentiment,qb_009010__public_sentiment,0.8426086,0.5716122388839722,0.2633327841758728,True
qb_016184,health_and_safety,qb_016184__health_and_safety,0.6096891,0.6377410292625427,0.2910401523113251,True
qb_016184,policy_prescription,qb_016184__policy_prescription,0.77686536,0.581540584564209,0.1980913132429123,True
qb_016184,economic,qb_016184__economic,0.733387,0.5959446430206299,0.20091314613819122,True
qb_016184,morality,qb_016184__morality,0.8472208,0.6497371196746826,0.26890313625335693,True
qb_016184,political,qb_016184__political,0.91414165,0.6454086303710938,0.3173123300075531,True
qb_012309,health_and_safety,qb_012309__health_and_safety,0.8193308,0.47505271434783936,0.2783092260360718,True
qb_012309,political,qb_012309__political,0.6033395,0.7043716907501221,0.3025478720664978,True
qb_012309,public_sentiment,qb_012309__public_sentiment,0.76130235,0.5547479391098022,0.32911217212677,True
qb_005491,health_and_safety,qb_005491__health_and_safety,0.68829787,0.6630824208259583,0.23802296817302704,True
qb_005491,capacity_and_resources,qb_005491__capacity_and_resources,0.7553815,0.6762732267379761,0.2040397673845291,True
qb_005491,political,qb_005491__political,0.8300272,0.6683679819107056,0.2981843054294586,True
qb_014698,security_and_defense,qb_014698__security_and_defense,0.6757839,0.5753987431526184,0.2649883031845093,True
qb_014698,external_regulation,qb_014698__external_regulation,0.829142,0.6644417643547058,0.24408307671546936,True
qb_014698,economic,qb_014698__economic,0.6741426,0.5709314942359924,0.18437586724758148,True
qb_014698,policy_prescription,qb_014698__policy_prescription,0.68226147,0.5861712694168091,0.25696080923080444,True
qb_014698,capacity_and_resources,qb_014698__capacity_and_resources,0.7438786,0.6090079545974731,0.18282672762870789,True
qb_014698,political,qb_014698__political,0.64656925,0.6140447854995728,0.234056755900383,True
qb_014698,public_sentiment,qb_014698__public_sentiment,0.70304126,0.574049174785614,0.16786041855812073,True
qb_014698,legality_constitutionality,qb_014698__legality_constitutionality,0.7659059,0.5762042999267578,0.15999877452850342,True
qb_010586,political,qb_010586__political,0.8345604,0.7002289295196533,0.20988519489765167,True
qb_010586,crime_and_punishment,qb_010586__crime_and_punishment,0.8216365,0.569575309753418,0.24200983345508575,True
qb_010586,morality,qb_010586__morality,0.83151835,0.5600677132606506,0.20803649723529816,True
qb_010586,public_sentiment,qb_010586__public_sentiment,0.79553103,0.666331946849823,0.2183588296175003,True
qb_019049,legality_constitutionality,qb_019049__legality_constitutionality,0.77074575,,0.26206719875335693,False
qb_008394,health_and_safety,qb_008394__health_and_safety,0.5256507,0.5472617745399475,0.1736455112695694,True
qb_008394,public_sentiment,qb_008394__public_sentiment,0.7696332,0.4365139603614807,0.23479974269866943,True
qb_012737,political,qb_012737__political,0.72532195,0.6080219745635986,0.2552870810031891,True
qb_012737,public_sentiment,qb_012737__public_sentiment,0.72916746,0.6225560903549194,0.2442711591720581,True
qb_012737,cultural_identity,qb_012737__cultural_identity,0.75594217,0.5702938437461853,0.22650356590747833,True
qb_012737,fairness_and_equality,qb_012737__fairness_and_equality,0.7909503,0.540989100933075,0.21076174080371857,True
qb_011004,policy_prescription,qb_011004__policy_prescription,0.791787,0.6186681985855103,0.2366059571504593,True
qb_011004,public_sentiment,qb_011004__public_sentiment,0.8009803,0.6760808229446411,0.2926318347454071,True
qb_011004,economic,qb_011004__economic,0.70885706,0.541760265827179,0.26644983887672424,True
qb_002638,security_and_defense,qb_002638__security_and_defense,0.8303133,0.768914520740509,0.3241185247898102,True
qb_002638,political,qb_002638__political,0.82435066,0.6998056769371033,0.2942802608013153,True
qb_002638,external_regulation,qb_002638__external_regulation,0.71593344,0.776019811630249,0.2685530483722687,True
qb_003125,security_and_defense,qb_003125__security_and_defense,0.70923996,0.673031210899353,0.20381541550159454,True
qb_003125,capacity_and_resources,qb_003125__capacity_and_resources,0.8330415,0.599355161190033,0.21094068884849548,True
qb_003125,policy_prescription,qb_003125__policy_prescription,0.73776454,0.5923947095870972,0.2848491072654724,True
qb_016948,economic,qb_016948__economic,0.6567091,0.6256197690963745,0.15518076717853546,True
qb_016948,quality_of_life,qb_016948__quality_of_life,0.724396,0.5283356308937073,0.23742175102233887,True
qb_007053,crime_and_punishment,qb_007053__crime_and_punishment,0.67765385,0.6526545882225037,0.20951609313488007,True
qb_007053,legality_constitutionality,qb_007053__legality_constitutionality,0.8281908,0.6355714797973633,0.15776576101779938,True
qb_007053,cultural_identity,qb_007053__cultural_identity,0.77344036,0.645132303237915,0.1498655080795288,True
qb_007053,morality,qb_007053__morality,0.8091985,0.7032831311225891,0.18353314697742462,True
qb_013581,political,qb_013581__political,0.71853876,0.54453444480896,0.22767452895641327,True
qb_013581,legality_constitutionality,qb_013581__legality_constitutionality,0.85616934,0.7692769169807434,0.2699347138404846,True
qb_013581,policy_prescription,qb_013581__policy_prescription,0.83855736,0.7303380370140076,0.2687399387359619,True
qb_000532,cultural_identity,qb_000532__cultural_identity,0.81105864,0.5416421294212341,0.22845175862312317,True
qb_000532,quality_of_life,qb_000532__quality_of_life,0.7465014,0.5248574614524841,0.19842471182346344,True
qb_000532,capacity_and_resources,qb_000532__capacity_and_resources,0.62219816,0.4590934216976166,0.25366002321243286,True
qb_000532,public_sentiment,qb_000532__public_sentiment,0.7194123,0.6203891634941101,0.22004088759422302,True
qb_009072,security_and_defense,qb_009072__security_and_defense,0.69225764,0.7340692281723022,0.15908147394657135,True
qb_009072,external_regulation,qb_009072__external_regulation,0.7068155,0.6208680868148804,0.20593301951885223,True
qb_009072,policy_prescription,qb_009072__policy_prescription,0.6436386,0.5959221720695496,0.2611537575721741,True
qb_009072,capacity_and_resources,qb_009072__capacity_and_resources,0.8749929,0.6954152584075928,0.15279272198677063,True
qb_009072,political,qb_009072__political,0.6562146,0.5148063898086548,0.2731366753578186,True
qb_009072,economic,qb_009072__economic,0.7815558,0.6574468016624451,0.2492975890636444,True
qb_009072,health_and_safety,qb_009072__health_and_safety,0.6384079,0.5151890516281128,0.21778181195259094,True
qb_009072,morality,qb_009072__morality,0.732811,0.6031529903411865,0.2594461441040039,True
qb_007449,political,qb_007449__political,0.7572131,0.49237963557243347,0.2749059200286865,True
qb_007449,legality_constitutionality,qb_007449__legality_constitutionality,0.6683301,0.5703595876693726,0.24819734692573547,True
qb_007449,fairness_and_equality,qb_007449__fairness_and_equality,0.71406794,0.5134313702583313,0.2551300525665283,True
qb_007610,political,qb_007610__political,0.6991146,0.6762490272521973,0.22198840975761414,True
qb_007610,public_sentiment,qb_007610__public_sentiment,0.8418029,0.7230254411697388,0.24046644568443298,True
qb_007610,cultural_identity,qb_007610__cultural_identity,0.80683196,0.6950778961181641,0.31235551834106445,True
qb_004739,external_regulation,qb_004739__external_regulation,0.74488795,0.5622899532318115,0.15834157168865204,True
qb_004739,political,qb_004739__political,0.7701211,0.5827212333679199,0.23216351866722107,True
qb_004739,security_and_defense,qb_004739__security_and_defense,0.7246392,0.6556100845336914,0.1745745986700058,True
qb_021052,policy_prescription,qb_021052__policy_prescription,0.6661825,0.7087527513504028,0.22339391708374023,True
qb_021052,economic,qb_021052__economic,0.7884761,0.6291830539703369,0.21849298477172852,True
qb_021052,legality_constitutionality,qb_021052__legality_constitutionality,0.75916475,0.6433645486831665,0.19338075816631317,True
qb_021052,fairness_and_equality,qb_021052__fairness_and_equality,0.87623376,0.6379866600036621,0.171532541513443,True
qb_021052,political,qb_021052__political,0.69958633,0.6309816837310791,0.2060273140668869,True
qb_021052,morality,qb_021052__morality,0.7830738,0.7155634760856628,0.25840437412261963,True
qb_008435,morality,qb_008435__morality,0.9394762,,0.26204949617385864,False
qb_021438,crime_and_punishment,qb_021438__crime_and_punishment,0.7743045,0.6926298141479492,0.2387566864490509,True
qb_021438,security_and_defense,qb_021438__security_and_defense,0.6764479,0.7239667773246765,0.2654084265232086,True
qb_021438,public_sentiment,qb_021438__public_sentiment,0.8519889,0.6938615441322327,0.27870306372642517,True
qb_011923,security_and_defense,qb_011923__security_and_defense,0.7015649,0.6516239047050476,0.24248699843883514,True
qb_011923,capacity_and_resources,qb_011923__capacity_and_resources,0.8011349,0.6734914779663086,0.22250671684741974,True
qb_011923,economic,qb_011923__economic,0.66261,0.5696035027503967,0.21975331008434296,True
qb_011923,external_regulation,qb_011923__external_regulation,0.7756201,0.5804228186607361,0.2150157392024994,True
qb_021068,legality_constitutionality,qb_021068__legality_constitutionality,0.81639993,0.6886438131332397,0.2590852975845337,True
qb_021068,political,qb_021068__political,0.7009623,0.5031443238258362,0.2564760446548462,True
qb_021068,economic,qb_021068__economic,0.71755135,0.458565354347229,0.24141323566436768,True
qb_015430,political,qb_015430__political,0.63272953,0.6266486644744873,0.2947865426540375,True
qb_015430,public_sentiment,qb_015430__public_sentiment,0.720713,0.6055431365966797,0.2429620772600174,True
qb_015430,morality,qb_015430__morality,0.8081118,0.588580310344696,0.2239706963300705,True
qb_015839,health_and_safety,qb_015839__health_and_safety,0.66752607,0.649661660194397,0.1756470501422882,True
qb_015839,policy_prescription,qb_015839__policy_prescription,0.65572315,0.7257319688796997,0.16609647870063782,True
qb_013115,policy_prescription,qb_013115__policy_prescription,0.7385187,0.749782919883728,0.23278748989105225,True
qb_013115,external_regulation,qb_013115__external_regulation,0.7492539,0.7109059691429138,0.2631552815437317,True
qb_013115,economic,qb_013115__economic,0.7153661,0.7021759152412415,0.2046416699886322,True
qb_013115,crime_and_punishment,qb_013115__crime_and_punishment,0.80307055,0.6990047693252563,0.1877775639295578,True
qb_013115,quality_of_life,qb_013115__quality_of_life,0.75728565,0.6682707667350769,0.19166290760040283,True
qb_013115,political,qb_013115__political,0.83185774,0.7127240896224976,0.2612503468990326,True
qb_011551,policy_prescription,qb_011551__policy_prescription,0.655435,0.674856960773468,0.19521644711494446,True
qb_011551,health_and_safety,qb_011551__health_and_safety,0.7759117,0.6690556406974792,0.17796309292316437,True
qb_011551,capacity_and_resources,qb_011551__capacity_and_resources,0.6565769,0.6441574692726135,0.16061373054981232,True
qb_011551,quality_of_life,qb_011551__quality_of_life,0.70194256,0.6565437316894531,0.24467770755290985,True
qb_003183,economic,qb_003183__economic,0.79135025,0.5889484286308289,0.2946119010448456,True
qb_003183,policy_prescription,qb_003183__policy_prescription,0.69781137,0.6162920594215393,0.1916264295578003,True
qb_003183,political,qb_003183__political,0.8116842,0.6354779601097107,0.30672964453697205,True
qb_003183,legality_constitutionality,qb_003183__legality_constitutionality,0.81162274,0.6033408045768738,0.22498448193073273,True
qb_015022,political,qb_015022__political,0.69012153,0.5028595924377441,0.2471787929534912,True
qb_015022,economic,qb_015022__economic,0.7358994,0.563902735710144,0.17044253647327423,True
qb_015022,capacity_and_resources,qb_015022__capacity_and_resources,0.8601869,0.540420651435852,0.20186443626880646,True
qb_015022,security_and_defense,qb_015022__security_and_defense,0.75312555,0.5949341058731079,0.2410026341676712,True
qb_015022,fairness_and_equality,qb_015022__fairness_and_equality,0.82763326,0.5875471830368042,0.29529428482055664,True
qb_002200,political,qb_002200__political,0.73723435,0.5365058183670044,0.24094808101654053,True
qb_002200,public_sentiment,qb_002200__public_sentiment,0.7969351,0.5043522119522095,0.3226126432418823,True
qb_002200,health_and_safety,qb_002200__health_and_safety,0.7475971,0.46045351028442383,0.31220951676368713,True
qb_006816,political,qb_006816__political,0.81600475,0.63652503490448,0.316831111907959,True
qb_006816,morality,qb_006816__morality,0.8102138,0.5741206407546997,0.26483452320098877,True
qb_006816,policy_prescription,qb_006816__policy_prescription,0.72915375,0.6454472541809082,0.3138163685798645,True
qb_009026,political,qb_009026__political,0.77142644,0.5446181893348694,0.32006359100341797,True
qb_009026,security_and_defense,qb_009026__security_and_defense,0.7444159,0.6662413477897644,0.3383556306362152,True
qb_009026,legality_constitutionality,qb_009026__legality_constitutionality,0.8212755,0.7286208271980286,0.237712100148201,True
qb_009026,external_regulation,qb_009026__external_regulation,0.6253544,0.6808632016181946,0.28655552864074707,True
qb_018950,policy_prescription,qb_018950__policy_prescription,0.70074296,0.5898987650871277,0.20980140566825867,True
qb_018950,health_and_safety,qb_018950__health_and_safety,0.722675,0.6079210638999939,0.21525347232818604,True
qb_018950,political,qb_018950__political,0.86819184,0.6492839455604553,0.24375410377979279,True
qb_016305,security_and_defense,qb_016305__security_and_defense,0.6629259,0.5643364787101746,0.1762641966342926,True
qb_016305,external_regulation,qb_016305__external_regulation,0.83980006,0.646388053894043,0.23489828407764435,True
qb_016305,policy_prescription,qb_016305__policy_prescription,0.7679304,0.6153950691223145,0.19196435809135437,True
qb_016305,political,qb_016305__political,0.63630766,0.5323386192321777,0.3068222403526306,True
qb_016305,economic,qb_016305__economic,0.71858174,0.5742702484130859,0.24109062552452087,True
qb_016305,capacity_and_resources,qb_016305__capacity_and_resources,0.80808914,0.5209892392158508,0.18816836178302765,True
qb_017936,political,qb_017936__political,0.78362703,0.6149910092353821,0.24354422092437744,True
qb_017936,public_sentiment,qb_017936__public_sentiment,0.79255503,0.7373596429824829,0.29622477293014526,True
qb_017936,morality,qb_017936__morality,0.80636173,0.4555875062942505,0.26814842224121094,True
qb_001918,security_and_defense,qb_001918__security_and_defense,0.82843447,0.711076021194458,0.1920274794101715,True
qb_001918,external_regulation,qb_001918__external_regulation,0.7175746,0.6347107887268066,0.23157815635204315,True
qb_001918,policy_prescription,qb_001918__policy_prescription,0.7388418,0.6678653359413147,0.24503712356090546,True
qb_001918,political,qb_001918__political,0.7539113,0.622815728187561,0.2809523940086365,True
qb_001918,public_sentiment,qb_001918__public_sentiment,0.81044054,0.5061197280883789,0.31079691648483276,True
qb_004525,political,qb_004525__political,0.78844583,0.6624019145965576,0.336102694272995,True
qb_004525,legality_constitutionality,qb_004525__legality_constitutionality,0.7316084,0.6462288498878479,0.21510370075702667,True
qb_020523,fairness_and_equality,qb_020523__fairness_and_equality,0.78018606,0.7156060338020325,0.18601933121681213,True
qb_020523,public_sentiment,qb_020523__public_sentiment,0.83778816,0.6564323306083679,0.18778736889362335,True
qb_020523,morality,qb_020523__morality,0.7832507,0.6629329919815063,0.1819750815629959,True
qb_014572,security_and_defense,qb_014572__security_and_defense,0.80574816,0.6815613508224487,0.15925368666648865,True
qb_014572,external_regulation,qb_014572__external_regulation,0.76355445,0.6991021633148193,0.22639939188957214,True
qb_014572,capacity_and_resources,qb_014572__capacity_and_resources,0.8608445,0.6262245178222656,0.26406803727149963,True
qb_014572,policy_prescription,qb_014572__policy_prescription,0.83300436,0.7064868211746216,0.216134712100029,True
qb_014572,political,qb_014572__political,0.87729704,0.5487391352653503,0.28198665380477905,True
qb_012020,political,qb_012020__political,0.77536434,0.6325695514678955,0.2521037459373474,True
qb_012020,public_sentiment,qb_012020__public_sentiment,0.7993975,0.6864454746246338,0.31972402334213257,True
qb_001041,political,qb_001041__political,0.7435982,0.798315703868866,0.22804424166679382,True
qb_001041,cultural_identity,qb_001041__cultural_identity,0.7485451,0.5515707731246948,0.2855710983276367,True
qb_001041,morality,qb_001041__morality,0.84669906,0.5315952301025391,0.21409252285957336,True
qb_015486,economic,qb_015486__economic,0.83033246,0.7538811564445496,0.2838711738586426,True
qb_015486,political,qb_015486__political,0.6640397,0.7267728447914124,0.28599414229393005,True
qb_015486,legality_constitutionality,qb_015486__legality_constitutionality,0.7544964,0.6241222023963928,0.27086779475212097,True
qb_015486,morality,qb_015486__morality,0.88466364,0.6907523274421692,0.2589167058467865,True
qb_013462,legality_constitutionality,qb_013462__legality_constitutionality,0.7648037,0.574192225933075,0.26205676794052124,True
qb_013462,policy_prescription,qb_013462__policy_prescription,0.7144507,0.620657205581665,0.22305503487586975,True
qb_013462,political,qb_013462__political,0.68463457,0.47058045864105225,0.26113221049308777,True
qb_013462,fairness_and_equality,qb_013462__fairness_and_equality,0.7537756,0.5150930881500244,0.2952052354812622,True
qb_005333,security_and_defense,qb_005333__security_and_defense,0.6049447,0.7296907305717468,0.29304856061935425,True
qb_005333,morality,qb_005333__morality,0.84558874,0.5962305665016174,0.29474449157714844,True
qb_005333,capacity_and_resources,qb_005333__capacity_and_resources,0.85918677,0.7673156261444092,0.1688915193080902,True
qb_000544,legality_constitutionality,qb_000544__legality_constitutionality,0.66487294,0.5229736566543579,0.2500753104686737,True
qb_000544,crime_and_punishment,qb_000544__crime_and_punishment,0.78067905,0.5298665761947632,0.1649562418460846,True
qb_000544,economic,qb_000544__economic,0.814523,0.25500330328941345,0.20003223419189453,True
qb_000544,security_and_defense,qb_000544__security_and_defense,0.70974004,0.7078939080238342,0.2701183259487152,True
qb_000544,external_regulation,qb_000544__external_regulation,0.7961204,0.4403412938117981,0.24354107677936554,True
qb_011049,political,qb_011049__political,0.824396,0.6963942050933838,0.23186080157756805,True
qb_011049,policy_prescription,qb_011049__policy_prescription,0.6937009,0.764401912689209,0.300380140542984,True
qb_011049,capacity_and_resources,qb_011049__capacity_and_resources,0.88908535,0.7206583023071289,0.2488831728696823,True
qb_011049,economic,qb_011049__economic,0.69344854,0.5630385875701904,0.29071077704429626,True
qb_011049,legality_constitutionality,qb_011049__legality_constitutionality,0.66879565,0.6543675661087036,0.2147715538740158,True
qb_008741,policy_prescription,qb_008741__policy_prescription,0.722204,0.5684333443641663,0.23411118984222412,True
qb_008741,legality_constitutionality,qb_008741__legality_constitutionality,0.74641716,0.6047388911247253,0.32241541147232056,True
qb_008741,political,qb_008741__political,0.7022531,0.46654969453811646,0.2852894365787506,True
qb_008741,capacity_and_resources,qb_008741__capacity_and_resources,0.7485664,0.6464567184448242,0.22509422898292542,True
qb_008741,crime_and_punishment,qb_008741__crime_and_punishment,0.74461484,0.5705841779708862,0.2526102662086487,True
qb_011794,morality,qb_011794__morality,0.76218206,0.6289405226707458,0.20662061870098114,True
qb_011794,cultural_identity,qb_011794__cultural_identity,0.78429294,0.6585841774940491,0.15155307948589325,True
qb_011794,political,qb_011794__political,0.8132815,0.6923606395721436,0.21257846057415009,True
qb_011794,public_sentiment,qb_011794__public_sentiment,0.7734971,0.6832947731018066,0.13070015609264374,True
qb_011261,health_and_safety,qb_011261__health_and_safety,0.6560192,0.6228561401367188,0.1614791452884674,True
qb_011261,capacity_and_resources,qb_011261__capacity_and_resources,0.6323251,0.49166297912597656,0.2151200771331787,True
qb_011261,policy_prescription,qb_011261__policy_prescription,0.7352859,0.5772268176078796,0.19578365981578827,True
qb_011261,public_sentiment,qb_011261__public_sentiment,0.7486434,0.4287970960140228,0.27094075083732605,True
qb_016597,security_and_defense,qb_016597__security_and_defense,0.78523123,0.7718146443367004,0.21516501903533936,True
qb_016597,crime_and_punishment,qb_016597__crime_and_punishment,0.8136343,0.7877357602119446,0.2339371144771576,True
qb_016597,cultural_identity,qb_016597__cultural_identity,0.8400869,0.7353982925415039,0.17998173832893372,True
qb_016597,capacity_and_resources,qb_016597__capacity_and_resources,0.7412517,0.7031344771385193,0.22083017230033875,True
qb_007480,political,qb_007480__political,0.76784724,0.6178944110870361,0.22623474895954132,True
qb_007480,public_sentiment,qb_007480__public_sentiment,0.8024627,0.6760506629943848,0.22031211853027344,True
qb_007480,cultural_identity,qb_007480__cultural_identity,0.79491556,0.6308830380439758,0.26921215653419495,True
qb_004512,security_and_defense,qb_004512__security_and_defense,0.66022176,0.712827205657959,0.2620156407356262,True
qb_004512,external_regulation,qb_004512__external_regulation,0.7922148,0.7165863513946533,0.21313229203224182,True
qb_002855,crime_and_punishment,qb_002855__crime_and_punishment,0.68781775,0.6321476697921753,0.2521180808544159,True
qb_002855,legality_constitutionality,qb_002855__legality_constitutionality,0.81865805,0.534970760345459,0.22554603219032288,True
qb_002855,political,qb_002855__political,0.796262,0.624142587184906,0.2836819589138031,True
qb_002855,public_sentiment,qb_002855__public_sentiment,0.8971821,0.4186736047267914,0.31084707379341125,True
qb_012125,political,qb_012125__political,0.8905464,0.7808183431625366,0.19362713396549225,True
qb_012125,cultural_identity,qb_012125__cultural_identity,0.9044504,0.7758132815361023,0.2217268943786621,True
qb_012125,public_sentiment,qb_012125__public_sentiment,0.8415436,0.7442288398742676,0.21406643092632294,True
qb_013673,political,qb_013673__political,0.6609225,0.4374167323112488,0.2550950050354004,True
qb_013673,legality_constitutionality,qb_013673__legality_constitutionality,0.72741735,0.4061988592147827,0.1983376443386078,True
qb_013673,cultural_identity,qb_013673__cultural_identity,0.7753661,0.4135741591453552,0.12828995287418365,True
qb_003040,security_and_defense,qb_003040__security_and_defense,0.72625935,0.6203983426094055,0.30010586977005005,True
qb_003040,capacity_and_resources,qb_003040__capacity_and_resources,0.836394,0.6065720915794373,0.19844527542591095,True
qb_003040,public_sentiment,qb_003040__public_sentiment,0.75790554,0.5451614260673523,0.291079580783844,True
qb_003040,political,qb_003040__political,0.72876954,0.568354606628418,0.22973856329917908,True
qb_013212,legality_constitutionality,qb_013212__legality_constitutionality,0.8106469,0.7024673223495483,0.26437753438949585,True
qb_013212,policy_prescription,qb_013212__policy_prescription,0.8161351,0.7523292303085327,0.2643825113773346,True
qb_013212,fairness_and_equality,qb_013212__fairness_and_equality,0.8653343,0.6949298977851868,0.22396090626716614,True
qb_013212,capacity_and_resources,qb_013212__capacity_and_resources,0.7691213,0.5712740421295166,0.24429917335510254,True
qb_013212,political,qb_013212__political,0.75397277,0.6057412624359131,0.23126062750816345,True
qb_013212,cultural_identity,qb_013212__cultural_identity,0.7984207,0.6744130849838257,0.3126533031463623,True
qb_009229,political,qb_009229__political,0.8165071,0.5629997849464417,0.25651925802230835,True
qb_009229,external_regulation,qb_009229__external_regulation,0.8497914,0.5892419219017029,0.272554486989975,True
qb_009229,legality_constitutionality,qb_009229__legality_constitutionality,0.7957971,0.6000932455062866,0.1729329377412796,True
qb_009229,policy_prescription,qb_009229__policy_prescription,0.76553243,0.6580004096031189,0.22387667000293732,True
qb_008819,political,qb_008819__political,0.62796426,,0.2474348545074463,False
qb_000107,fairness_and_equality,qb_000107__fairness_and_equality,0.8518466,0.7371295690536499,0.20247626304626465,True
qb_000107,legality_constitutionality,qb_000107__legality_constitutionality,0.7964182,0.6665776968002319,0.2430199682712555,True
qb_000107,policy_prescription,qb_000107__policy_prescription,0.82379025,0.7006088495254517,0.22279822826385498,True
qb_000107,economic,qb_000107__economic,0.74365383,0.7009531855583191,0.20902642607688904,True
qb_000107,capacity_and_resources,qb_000107__capacity_and_resources,0.6608951,0.7057880163192749,0.18477238714694977,True
qb_000107,morality,qb_000107__morality,0.7637284,0.723389208316803,0.18665683269500732,True
qb_000072,political,qb_000072__political,0.86298954,0.7527809739112854,0.2260938584804535,True
qb_000072,external_regulation,qb_000072__external_regulation,0.80368626,0.7293420433998108,0.2609608769416809,True
qb_000072,public_sentiment,qb_000072__public_sentiment,0.8539533,0.6033031940460205,0.2113853245973587,True
qb_011969,security_and_defense,qb_011969__security_and_defense,0.75096977,0.7127125859260559,0.2559756636619568,True
qb_011969,external_regulation,qb_011969__external_regulation,0.7951858,0.6943227052688599,0.1951666921377182,True
qb_011969,political,qb_011969__political,0.8063979,0.5984958410263062,0.20051626861095428,True
qb_011969,health_and_safety,qb_011969__health_and_safety,0.7132211,0.6820392608642578,0.22985875606536865,True
qb_011969,legality_constitutionality,qb_011969__legality_constitutionality,0.80890995,0.6983199715614319,0.23021964728832245,True
qb_011969,public_sentiment,qb_011969__public_sentiment,0.7931801,0.6164496541023254,0.19539958238601685,True
qb_011969,capacity_and_resources,qb_011969__capacity_and_resources,0.7937236,0.6702414751052856,0.23556463420391083,True
qb_012838,security_and_defense,qb_012838__security_and_defense,0.6594176,0.6960676908493042,0.1748557686805725,True
qb_012838,crime_and_punishment,qb_012838__crime_and_punishment,0.71949744,0.6446714401245117,0.23789258301258087,True
qb_012838,health_and_safety,qb_012838__health_and_safety,0.6773894,0.5035303831100464,0.10451287031173706,True
qb_012838,cultural_identity,qb_012838__cultural_identity,0.72004706,0.6387477517127991,0.2129918783903122,True
qb_012838,quality_of_life,qb_012838__quality_of_life,0.71648747,0.6507762670516968,0.15683729946613312,True
qb_003012,crime_and_punishment,qb_003012__crime_and_punishment,0.71928275,0.5507667064666748,0.2596490979194641,True
qb_003012,security_and_defense,qb_003012__security_and_defense,0.74586904,0.7291946411132812,0.25312864780426025,True
qb_003012,cultural_identity,qb_003012__cultural_identity,0.6343627,0.3638368248939514,0.17747190594673157,True
qb_005475,fairness_and_equality,qb_005475__fairness_and_equality,0.7884156,0.661091685295105,0.24171122908592224,True
qb_005475,political,qb_005475__political,0.7929659,0.6954509019851685,0.3037230968475342,True
qb_005475,morality,qb_005475__morality,0.6494204,0.6115443110466003,0.22358918190002441,True
qb_005475,public_sentiment,qb_005475__public_sentiment,0.820698,0.6989636421203613,0.29989469051361084,True
qb_005475,economic,qb_005475__economic,0.75291085,0.6571322679519653,0.2959674894809723,True
qb_005475,health_and_safety,qb_005475__health_and_safety,0.69456804,0.6789249181747437,0.1722417175769806,True
qb_013337,political,qb_013337__political,0.7184545,0.5092807412147522,0.23640839755535126,True
qb_013337,morality,qb_013337__morality,0.7390746,0.5163984894752502,0.2677317261695862,True
qb_013337,cultural_identity,qb_013337__cultural_identity,0.7562113,0.566715657711029,0.27927178144454956,True
qb_013337,health_and_safety,qb_013337__health_and_safety,0.6989141,0.19164443016052246,0.19097623229026794,True
qb_013337,public_sentiment,qb_013337__public_sentiment,0.8519087,0.5022042393684387,0.19148612022399902,True
qb_013337,fairness_and_equality,qb_013337__fairness_and_equality,0.8044978,0.516218364238739,0.23437440395355225,True
qb_002748,fairness_and_equality,qb_002748__fairness_and_equality,0.69100785,0.6262854933738708,0.17026963829994202,True
qb_002748,cultural_identity,qb_002748__cultural_identity,0.84688586,0.7278025150299072,0.2205820530653,True
qb_002748,public_sentiment,qb_002748__public_sentiment,0.84361696,0.7461479306221008,0.2590267062187195,True
qb_002748,morality,qb_002748__morality,0.81754684,0.6998624205589294,0.21302464604377747,True
qb_014098,political,qb_014098__political,0.8180859,0.5381488800048828,0.366441547870636,True
qb_014098,fairness_and_equality,qb_014098__fairness_and_equality,0.78223276,0.542197585105896,0.24051475524902344,True
qb_014098,legality_constitutionality,qb_014098__legality_constitutionality,0.77388245,0.657542884349823,0.25930386781692505,True
qb_015897,public_sentiment,qb_015897__public_sentiment,0.85067856,0.6774793267250061,0.25788620114326477,True
qb_015897,legality_constitutionality,qb_015897__legality_constitutionality,0.76253283,0.653915524482727,0.19071710109710693,True
qb_015897,crime_and_punishment,qb_015897__crime_and_punishment,0.7293326,0.7178244590759277,0.24421611428260803,True
qb_015897,security_and_defense,qb_015897__security_and_defense,0.82001424,0.7200621962547302,0.2127017229795456,True
qb_015897,political,qb_015897__political,0.8653039,0.7148585915565491,0.28577980399131775,True
qb_005068,political,qb_005068__political,0.6081026,0.5329751968383789,0.33731240034103394,True
qb_005068,capacity_and_resources,qb_005068__capacity_and_resources,0.7107254,0.4444293975830078,0.3073235750198364,True
qb_005068,public_sentiment,qb_005068__public_sentiment,0.68220145,0.4758855998516083,0.23855769634246826,True
qb_010542,external_regulation,qb_010542__external_regulation,0.7854739,0.7873526811599731,0.2514824867248535,True
qb_010542,political,qb_010542__political,0.8292538,0.8531934022903442,0.23384201526641846,True
qb_009155,crime_and_punishment,qb_009155__crime_and_punishment,0.7158791,0.6235142946243286,0.26164641976356506,True
qb_009155,legality_constitutionality,qb_009155__legality_constitutionality,0.73946726,0.6455762386322021,0.18808306753635406,True
qb_021738,security_and_defense,qb_021738__security_and_defense,0.5776365,0.6415387392044067,0.2076849639415741,True
qb_021738,external_regulation,qb_021738__external_regulation,0.84102136,0.6455172300338745,0.22626371681690216,True
qb_021738,political,qb_021738__political,0.6701051,0.6194462776184082,0.2163124978542328,True
qb_013376,political,qb_013376__political,0.78454345,,0.2669679522514343,False
qb_000343,political,qb_000343__political,0.87087655,0.626888632774353,0.3283807039260864,True
qb_000343,morality,qb_000343__morality,0.760913,0.5885670185089111,0.2146143913269043,True
qb_000343,public_sentiment,qb_000343__public_sentiment,0.7908983,0.6584019660949707,0.2828103005886078,True
qb_017378,policy_prescription,qb_017378__policy_prescription,0.79338706,0.7163268327713013,0.19947275519371033,True
qb_017378,economic,qb_017378__economic,0.77779984,0.616721510887146,0.16942790150642395,True
qb_017378,political,qb_017378__political,0.718906,0.6652207970619202,0.27346324920654297,True
qb_007782,external_regulation,qb_007782__external_regulation,0.8053213,0.6705487370491028,0.1621968150138855,True
qb_007782,security_and_defense,qb_007782__security_and_defense,0.7406719,0.6914542317390442,0.2546076476573944,True
qb_007782,political,qb_007782__political,0.8484162,0.5838459134101868,0.242256760597229,True
qb_007782,policy_prescription,qb_007782__policy_prescription,0.7831389,0.6177709102630615,0.2483939677476883,True
qb_014356,political,qb_014356__political,0.8446436,0.5784371495246887,0.21735170483589172,True
qb_014356,policy_prescription,qb_014356__policy_prescription,0.6242312,0.6647348403930664,0.23382878303527832,True
qb_014356,legality_constitutionality,qb_014356__legality_constitutionality,0.7246324,0.6513962745666504,0.20985832810401917,True
qb_014356,morality,qb_014356__morality,0.82178295,0.7098524570465088,0.27304282784461975,True
qb_017576,political,qb_017576__political,0.7202737,0.694471001625061,0.2357330322265625,True
qb_017576,economic,qb_017576__economic,0.8468749,0.7793329358100891,0.29236146807670593,True
qb_017576,capacity_and_resources,qb_017576__capacity_and_resources,0.8388133,0.7784361839294434,0.23543238639831543,True
qb_000053,economic,qb_000053__economic,0.6466669,0.528110146522522,0.1959727704524994,True
qb_000053,policy_prescription,qb_000053__policy_prescription,0.725399,0.6278095245361328,0.192081481218338,True
qb_011392,crime_and_punishment,qb_011392__crime_and_punishment,0.843441,0.5032060742378235,0.2370181381702423,True
qb_011392,legality_constitutionality,qb_011392__legality_constitutionality,0.75424623,0.5846443772315979,0.26119571924209595,True
qb_011392,political,qb_011392__political,0.8616363,0.4959613084793091,0.2498047798871994,True
qb_011392,morality,qb_011392__morality,0.64388144,0.4847189486026764,0.20482511818408966,True
qb_003955,policy_prescription,qb_003955__policy_prescription,0.8026549,0.569135308265686,0.19645722210407257,True
qb_003955,economic,qb_003955__economic,0.8097192,0.5912898778915405,0.20065554976463318,True
qb_003955,capacity_and_resources,qb_003955__capacity_and_resources,0.649395,0.5478733777999878,0.2627266049385071,True
qb_003955,external_regulation,qb_003955__external_regulation,0.7407969,0.4594699740409851,0.16075029969215393,True
qb_003955,political,qb_003955__political,0.7951765,0.5304194688796997,0.25172221660614014,True
qb_003955,quality_of_life,qb_003955__quality_of_life,0.7849183,0.5383696556091309,0.1777649223804474,True
qb_000416,security_and_defense,qb_000416__security_and_defense,0.72529984,0.5664299726486206,0.17778737843036652,True
qb_000416,external_regulation,qb_000416__external_regulation,0.7200104,0.6040425896644592,0.2577844262123108,True
qb_000416,political,qb_000416__political,0.47423267,0.6033779382705688,0.2585901618003845,True
qb_000416,public_sentiment,qb_000416__public_sentiment,0.82763886,0.5313414335250854,0.2804509699344635,True
qb_000416,policy_prescription,qb_000416__policy_prescription,0.88587546,0.6443584561347961,0.18820588290691376,True
qb_000416,capacity_and_resources,qb_000416__capacity_and_resources,0.7303153,0.5557852983474731,0.2397972047328949,True
qb_001238,political,qb_001238__political,0.77115405,0.7370441555976868,0.2491447478532791,True
qb_001238,legality_constitutionality,qb_001238__legality_constitutionality,0.77865005,0.5255163908004761,0.26473504304885864,True
qb_001238,public_sentiment,qb_001238__public_sentiment,0.76251984,0.6264311075210571,0.23991672694683075,True
qb_003525,economic,qb_003525__economic,0.76355064,0.5766507983207703,0.24332639575004578,True
qb_003525,external_regulation,qb_003525__external_regulation,0.78288436,0.6386660933494568,0.1859678030014038,True
qb_003525,policy_prescription,qb_003525__policy_prescription,0.7191286,0.6493830680847168,0.27615782618522644,True
qb_003525,political,qb_003525__political,0.79887754,0.6484062075614929,0.3620268702507019,True
qb_018916,political,qb_018916__political,0.7830792,0.4777415096759796,0.33898627758026123,True
qb_018916,legality_constitutionality,qb_018916__legality_constitutionality,0.68240166,0.5411658883094788,0.24793259799480438,True
qb_018916,policy_prescription,qb_018916__policy_prescription,0.7599462,0.5622866153717041,0.24699580669403076,True
qb_000742,external_regulation,qb_000742__external_regulation,0.79002076,0.7841022610664368,0.2974674701690674,True
qb_000742,public_sentiment,qb_000742__public_sentiment,0.74975955,0.5938600897789001,0.29590439796447754,True
qb_000742,political,qb_000742__political,0.877872,0.6699492335319519,0.3178171217441559,True
qb_000742,capacity_and_resources,qb_000742__capacity_and_resources,0.6445676,0.5296418070793152,0.2689977288246155,True
qb_014434,economic,qb_014434__economic,0.57485473,0.5454041957855225,0.1896909922361374,True
qb_014434,health_and_safety,qb_014434__health_and_safety,0.5861566,0.48197150230407715,0.17517001926898956,True
qb_014434,policy_prescription,qb_014434__policy_prescription,0.49290097,0.4240161180496216,0.23622551560401917,True
qb_014434,quality_of_life,qb_014434__quality_of_life,0.58273786,0.5298981070518494,0.2744765281677246,True
qb_014970,political,qb_014970__political,0.86663425,0.8062908053398132,0.20855119824409485,True
qb_014970,policy_prescription,qb_014970__policy_prescription,0.8598734,0.7882567048072815,0.2620806396007538,True
qb_014970,economic,qb_014970__economic,0.8540646,0.7850728034973145,0.28705424070358276,True
qb_014970,security_and_defense,qb_014970__security_and_defense,0.8707267,0.8242812752723694,0.2618711590766907,True
qb_014970,public_sentiment,qb_014970__public_sentiment,0.7977942,0.7499417662620544,0.26067912578582764,True
qb_016146,health_and_safety,qb_016146__health_and_safety,0.76462334,0.7539769411087036,0.2893739342689514,True
qb_016146,policy_prescription,qb_016146__policy_prescription,0.7746204,0.6967459917068481,0.2645920515060425,True
qb_016146,political,qb_016146__political,0.8392118,0.6498640775680542,0.3342873454093933,True
qb_000282,economic,qb_000282__economic,0.6581488,0.5717662572860718,0.18002277612686157,True
qb_000282,political,qb_000282__political,0.8588203,0.6311560869216919,0.23722222447395325,True
qb_000282,public_sentiment,qb_000282__public_sentiment,0.74996185,0.6084235906600952,0.2463141232728958,True
qb_003722,legality_constitutionality,qb_003722__legality_constitutionality,0.69513446,0.584990918636322,0.2438264787197113,True
qb_003722,political,qb_003722__political,0.62196356,0.5503631830215454,0.2585170865058899,True
qb_003722,public_sentiment,qb_003722__public_sentiment,0.7741984,0.5360985994338989,0.22765123844146729,True
qb_020553,legality_constitutionality,qb_020553__legality_constitutionality,0.7495886,0.5205053687095642,0.24246811866760254,True
qb_020553,public_sentiment,qb_020553__public_sentiment,0.65530074,0.5596475005149841,0.2438933551311493,True
qb_020553,policy_prescription,qb_020553__policy_prescription,0.663375,0.5433142185211182,0.2215043604373932,True
qb_020553,political,qb_020553__political,0.69196904,0.5420854091644287,0.24429026246070862,True
qb_020553,security_and_defense,qb_020553__security_and_defense,0.64295995,0.5138918161392212,0.24979117512702942,True
qb_020499,legality_constitutionality,qb_020499__legality_constitutionality,0.8456398,0.7585740685462952,0.21657390892505646,True
qb_020499,health_and_safety,qb_020499__health_and_safety,0.65362054,0.5440652966499329,0.22845199704170227,True
qb_020499,public_sentiment,qb_020499__public_sentiment,0.7317736,0.5591397881507874,0.2752426266670227,True
qb_020499,capacity_and_resources,qb_020499__capacity_and_resources,0.6767782,0.5390966534614563,0.21207281947135925,True
qb_020108,morality,qb_020108__morality,0.7867112,0.6396235823631287,0.21630620956420898,True
qb_020108,crime_and_punishment,qb_020108__crime_and_punishment,0.7781292,0.675213098526001,0.2272946536540985,True
qb_006450,economic,qb_006450__economic,0.7922404,0.6875573396682739,0.18029636144638062,True
qb_006450,public_sentiment,qb_006450__public_sentiment,0.8774551,0.6741193532943726,0.18149244785308838,True
qb_006450,quality_of_life,qb_006450__quality_of_life,0.9123866,0.644561231136322,0.2177388221025467,True
qb_010779,policy_prescription,qb_010779__policy_prescription,0.7298846,0.583216667175293,0.25965040922164917,True
qb_010779,health_and_safety,qb_010779__health_and_safety,0.81236804,0.4284493327140808,0.23330697417259216,True
qb_010779,political,qb_010779__political,0.83011675,0.6779675483703613,0.24223916232585907,True
qb_010779,public_sentiment,qb_010779__public_sentiment,0.7151731,0.6494458913803101,0.3878414034843445,True
qb_010779,morality,qb_010779__morality,0.7785495,0.6326239109039307,0.24773772060871124,True
qb_007860,political,qb_007860__political,0.7965927,0.6634478569030762,0.28694987297058105,True
qb_007860,crime_and_punishment,qb_007860__crime_and_punishment,0.8184552,0.5742789506912231,0.21511134505271912,True
qb_007860,security_and_defense,qb_007860__security_and_defense,0.765852,0.6458736658096313,0.2638898491859436,True
qb_007860,legality_constitutionality,qb_007860__legality_constitutionality,0.55060905,0.5909227132797241,0.22226908802986145,True
qb_007860,morality,qb_007860__morality,0.7465811,0.6423946619033813,0.2435280829668045,True
qb_009513,security_and_defense,qb_009513__security_and_defense,0.72226536,0.7232621908187866,0.17451931536197662,True
qb_009513,external_regulation,qb_009513__external_regulation,0.6698706,0.6038150191307068,0.18434803187847137,True
qb_009513,political,qb_009513__political,0.7674705,0.6207109689712524,0.20968060195446014,True
qb_009513,capacity_and_resources,qb_009513__capacity_and_resources,0.8768629,0.7391225099563599,0.18344268202781677,True
qb_009513,economic,qb_009513__economic,0.8088813,0.6376305818557739,0.16161075234413147,True
qb_014515,political,qb_014515__political,0.8090802,0.7746827602386475,0.27261215448379517,True
qb_014515,legality_constitutionality,qb_014515__legality_constitutionality,0.8490453,0.7206524610519409,0.29922741651535034,True
qb_019895,policy_prescription,qb_019895__policy_prescription,0.8015649,0.6183300018310547,0.21495135128498077,True
qb_019895,legality_constitutionality,qb_019895__legality_constitutionality,0.7289207,0.7073925733566284,0.22040362656116486,True
qb_019895,political,qb_019895__political,0.8314535,0.6431448459625244,0.31474167108535767,True
qb_019895,security_and_defense,qb_019895__security_and_defense,0.8400841,0.6833509206771851,0.26831087470054626,True
qb_019895,external_regulation,qb_019895__external_regulation,0.80937433,0.6814513802528381,0.2909116744995117,True
qb_019895,economic,qb_019895__economic,0.7151263,0.5290344953536987,0.2628859579563141,True
qb_007371,policy_prescription,qb_007371__policy_prescription,0.76133835,0.6508857607841492,0.330737441778183,True
qb_007371,legality_constitutionality,qb_007371__legality_constitutionality,0.7692866,0.7019020915031433,0.26252061128616333,True
qb_007371,security_and_defense,qb_007371__security_and_defense,0.764182,0.6199552416801453,0.23432421684265137,True
qb_007371,health_and_safety,qb_007371__health_and_safety,0.78594387,0.6208181381225586,0.24966736137866974,True
qb_007371,political,qb_007371__political,0.71876657,0.6136886477470398,0.3093128502368927,True
qb_004939,political,qb_004939__political,0.6424308,0.5631448030471802,0.24534031748771667,True
qb_004939,public_sentiment,qb_004939__public_sentiment,0.81820685,0.4085873067378998,0.2809455990791321,True
qb_004939,cultural_identity,qb_004939__cultural_identity,0.7815358,0.4333755373954773,0.20836731791496277,True
qb_020966,legality_constitutionality,qb_020966__legality_constitutionality,0.81617284,0.6883635520935059,0.2647431194782257,True
qb_020966,policy_prescription,qb_020966__policy_prescription,0.8027021,0.6990113258361816,0.23994937539100647,True
qb_020966,public_sentiment,qb_020966__public_sentiment,0.9254598,0.6710062026977539,0.21125304698944092,True
qb_020966,security_and_defense,qb_020966__security_and_defense,0.8239939,0.6772748827934265,0.24881629645824432,True
qb_014146,economic,qb_014146__economic,0.71670055,0.6381043791770935,0.23159761726856232,True
qb_014146,external_regulation,qb_014146__external_regulation,0.7119994,0.5736710429191589,0.23447975516319275,True
qb_014146,policy_prescription,qb_014146__policy_prescription,0.7629362,0.6266870498657227,0.2720257639884949,True
qb_014146,political,qb_014146__political,0.6569153,0.610367476940155,0.22774925827980042,True
qb_014607,economic,qb_014607__economic,0.7210337,0.43233901262283325,0.2100938856601715,True
qb_014607,public_sentiment,qb_014607__public_sentiment,0.7728152,0.6354410648345947,0.18530015647411346,True
qb_011436,economic,qb_011436__economic,0.82236266,0.7487109303474426,0.2217412292957306,True
qb_011436,policy_prescription,qb_011436__policy_prescription,0.66869444,0.7210330963134766,0.20898446440696716,True
qb_011436,fairness_and_equality,qb_011436__fairness_and_equality,0.80523276,0.752695620059967,0.23363478481769562,True
qb_011436,capacity_and_resources,qb_011436__capacity_and_resources,0.7203109,0.6872131824493408,0.23635144531726837,True
qb_005652,crime_and_punishment,qb_005652__crime_and_punishment,0.82699096,0.6179272532463074,0.18172487616539001,True
qb_005652,public_sentiment,qb_005652__public_sentiment,0.7938638,0.5389547944068909,0.2280774861574173,True
qb_005652,security_and_defense,qb_005652__security_and_defense,0.7300439,0.657447874546051,0.18699577450752258,True
qb_005652,health_and_safety,qb_005652__health_and_safety,0.73616385,0.6753401160240173,0.18373462557792664,True
qb_000759,political,qb_000759__political,0.72669876,0.6439204216003418,0.2903013527393341,True
qb_000759,crime_and_punishment,qb_000759__crime_and_punishment,0.8695489,0.5267730355262756,0.1546737402677536,True
qb_014439,political,qb_014439__political,0.75847954,0.4985615909099579,0.1989954560995102,True
qb_014439,public_sentiment,qb_014439__public_sentiment,0.80634356,0.557601273059845,0.2226637303829193,True
qb_007161,political,qb_007161__political,0.77085966,0.6669045686721802,0.23669226467609406,True
qb_007161,external_regulation,qb_007161__external_regulation,0.7424968,0.6173848509788513,0.2512725293636322,True
qb_007161,policy_prescription,qb_007161__policy_prescription,0.7844271,0.5910985469818115,0.2025180608034134,True
qb_007161,public_sentiment,qb_007161__public_sentiment,0.7699666,0.5572074055671692,0.25979894399642944,True
qb_007161,legality_constitutionality,qb_007161__legality_constitutionality,0.74791753,0.5040728449821472,0.22886185348033905,True
qb_020403,political,qb_020403__political,0.7861231,0.7301574349403381,0.258167564868927,True
qb_020403,fairness_and_equality,qb_020403__fairness_and_equality,0.78014684,0.7212639451026917,0.24825067818164825,True
qb_020403,public_sentiment,qb_020403__public_sentiment,0.8253232,0.729361355304718,0.29537540674209595,True
qb_020403,cultural_identity,qb_020403__cultural_identity,0.8449027,0.7466743588447571,0.2629988193511963,True
qb_021441,security_and_defense,qb_021441__security_and_defense,0.8258614,0.6687576174736023,0.18152835965156555,True
qb_021441,external_regulation,qb_021441__external_regulation,0.6244291,0.6467966437339783,0.18825474381446838,True
qb_021441,policy_prescription,qb_021441__policy_prescription,0.67839855,0.614063024520874,0.2856677174568176,True
qb_021441,cultural_identity,qb_021441__cultural_identity,0.7005129,0.5905575752258301,0.18058425188064575,True
qb_000909,health_and_safety,qb_000909__health_and_safety,0.5813461,0.5907314419746399,0.18601348996162415,True
qb_000909,capacity_and_resources,qb_000909__capacity_and_resources,0.7967976,0.587817907333374,0.22595500946044922,True
qb_000909,policy_prescription,qb_000909__policy_prescription,0.7284006,0.5018793940544128,0.21592016518115997,True
qb_000909,public_sentiment,qb_000909__public_sentiment,0.79795015,0.5955684781074524,0.21300546824932098,True
qb_012147,security_and_defense,qb_012147__security_and_defense,0.8117108,0.6673732995986938,0.16749852895736694,True
qb_012147,political,qb_012147__political,0.6399346,0.5634143352508545,0.28659915924072266,True
qb_012147,external_regulation,qb_012147__external_regulation,0.7754941,0.774311900138855,0.2319747507572174,True
qb_012147,policy_prescription,qb_012147__policy_prescription,0.83265424,0.6772276163101196,0.20121148228645325,True
qb_012147,capacity_and_resources,qb_012147__capacity_and_resources,0.7954208,0.7668326497077942,0.2066720724105835,True
qb_002761,political,qb_002761__political,0.71322817,0.5449038743972778,0.24517598748207092,True
qb_002761,legality_constitutionality,qb_002761__legality_constitutionality,0.7016648,0.5223361849784851,0.19925430417060852,True
qb_002761,crime_and_punishment,qb_002761__crime_and_punishment,0.6658965,0.6252302527427673,0.2830572724342346,True
qb_002761,security_and_defense,qb_002761__security_and_defense,0.7009079,0.5256965756416321,0.2661292850971222,True
qb_002761,public_sentiment,qb_002761__public_sentiment,0.7852981,0.5192676782608032,0.25478237867355347,True
qb_004144,legality_constitutionality,qb_004144__legality_constitutionality,0.76420164,0.564527153968811,0.21502451598644257,True
qb_004144,political,qb_004144__political,0.76151085,0.6507444381713867,0.20055460929870605,True
qb_004144,morality,qb_004144__morality,0.75098884,0.6563869714736938,0.2082710564136505,True
qb_011629,legality_constitutionality,qb_011629__legality_constitutionality,0.7529235,0.586556077003479,0.24629971385002136,True
qb_011629,crime_and_punishment,qb_011629__crime_and_punishment,0.74706316,0.749169647693634,0.18295884132385254,True
qb_011629,health_and_safety,qb_011629__health_and_safety,0.668594,0.48775652050971985,0.2683059573173523,True
qb_006677,crime_and_punishment,qb_006677__crime_and_punishment,0.77113736,0.4982954263687134,0.20644107460975647,True
qb_006677,legality_constitutionality,qb_006677__legality_constitutionality,0.6363758,0.6218194365501404,0.22959506511688232,True
qb_006677,economic,qb_006677__economic,0.6805467,0.5409739017486572,0.22654560208320618,True
qb_006677,public_sentiment,qb_006677__public_sentiment,0.7365591,0.5082294344902039,0.23131898045539856,True
qb_014206,legality_constitutionality,qb_014206__legality_constitutionality,0.69482696,0.6737579703330994,0.2851718068122864,True
qb_014206,crime_and_punishment,qb_014206__crime_and_punishment,0.5971832,0.6592105627059937,0.23316724598407745,True
qb_014206,public_sentiment,qb_014206__public_sentiment,0.63440716,0.5375665426254272,0.256875604391098,True
qb_014206,cultural_identity,qb_014206__cultural_identity,0.7383965,0.5001932382583618,0.23642757534980774,True
qb_014206,fairness_and_equality,qb_014206__fairness_and_equality,0.7442413,0.5556454062461853,0.2088940441608429,True
qb_014206,morality,qb_014206__morality,0.6725503,0.5480206608772278,0.21864023804664612,True
qb_020271,policy_prescription,qb_020271__policy_prescription,0.73974836,0.6719908714294434,0.25140461325645447,True
qb_020271,crime_and_punishment,qb_020271__crime_and_punishment,0.7185988,0.7455612421035767,0.2565838098526001,True
qb_020271,security_and_defense,qb_020271__security_and_defense,0.72084177,0.650570809841156,0.2310042381286621,True
qb_020271,political,qb_020271__political,0.8665854,0.6022752523422241,0.26771411299705505,True
qb_020271,capacity_and_resources,qb_020271__capacity_and_resources,0.7573124,0.7620038986206055,0.21153514087200165,True
qb_009156,security_and_defense,qb_009156__security_and_defense,0.7210752,0.7135422229766846,0.24229049682617188,True
qb_009156,health_and_safety,qb_009156__health_and_safety,0.7037108,0.5535838007926941,0.19771067798137665,True
qb_009156,external_regulation,qb_009156__external_regulation,0.6964814,0.5093787908554077,0.18872714042663574,True
