query_id,variant,mrr,recall@1,recall@5,recall@10,recall@20,recall@50,recall@100
hcm_aal_0,aal_real,0.05,0.0,0.0,0.0,1.0,1.0,1.0
hcm_aal_1,aal_real,0.5,0.0,1.0,1.0,1.0,1.0,1.0
hcm_aal_2,aal_real,1.0,1.0,1.0,1.0,1.0,1.0,1.0
hcm_aal_3,aal_real,0.019230769230769232,0.0,0.0,0.0,0.0,0.0,1.0
hcm_aal_4,aal_real,0.0006112469437652812,0.0,0.0,0.0,0.0,0.0,0.0
hcm_aal_5,aal_real,0.5,0.0,1.0,1.0,1.0,1.0,1.0
hcm_aal_6,aal_real,0.1,0.0,0.0,1.0,1.0,1.0,1.0
hcm_aal_7,aal_real,0.00042936882782310007,0.0,0.0,0.0,0.0,0.0,0.0
hcm_aal_8,aal_real,0.0031545741324921135,0.0,0.0,0.0,0.0,0.0,0.0
hcm_aal_9,aal_real,0.0027397260273972603,0.0,0.0,0.0,0.0,0.0,0.0
hcm_aal_10,aal_real,1.0,1.0,1.0,1.0,1.0,1.0,1.0
hcm_aal_11,aal_real,1.0,1.0,1.0,1.0,1.0,1.0,1.0
hcm_aal_12,aal_real,1.0,1.0,1.0,1.0,1.0,1.0,1.0
hcm_aal_13,aal_real,0.3333333333333333,0.0,1.0,1.0,1.0,1.0,1.0
hcm_aal_14,aal_real,0.3333333333333333,0.0,1.0,1.0,1.0,1.0,1.0
hcm_aal_15,aal_real,0.047619047619047616,0.0,0.0,0.0,0.0,1.0,1.0
hcm_aal_16,aal_real,0.009900990099009901,0.0,0.0,0.0,0.0,0.0,0.0
hcm_aal_17,aal_real,1.0,1.0,1.0,1.0,1.0,1.0,1.0
hcm_aal_18,aal_real,1.0,1.0,1.0,1.0,1.0,1.0,1.0
hcm_aal_19,aal_real,1.0,1.0,1.0,1.0,1.0,1.0,1.0
hcm_aal_20,aal_real,0.09090909090909091,0.0,0.0,0.0,1.0,1.0,1.0
hcm_aal_21,aal_real,0.0012642225031605564,0.0,0.0,0.0,0.0,0.0,0.0
hcm_aal_22,aal_real,0.010309278350515464,0.0,0.0,0.0,0.0,0.0,1.0
hcm_aal_23,aal_real,1.0,1.0,1.0,1.0,1.0,1.0,1.0
hcm_aal_24,aal_real,1.0,1.0,1.0,1.0,1.0,1.0,1.0
hcm_aal_25,aal_real,1.0,1.0,1.0,1.0,1.0,1.0,1.0
hcm_aal_26,aal_real,1.0,1.0,1.0,1.0,1.0,1.0,1.0
hcm_aal_27,aal_real,0.015384615384615385,0.0,0.0,0.0,0.0,0.0,1.0
hcm_aal_28,aal_real,0.3333333333333333,0.0,1.0,1.0,1.0,1.0,1.0
hcm_aal_29,aal_real,1.0,1.0,1.0,1.0,1.0,1.0,1.0
hcm_aal_30,aal_real,1.0,1.0,1.0,1.0,1.0,1.0,1.0
hcm_aal_31,aal_real,0.2,0.0,1.0,1.0,1.0,1.0,1.0
hcm_aal_32,aal_real,0.0010893246187363835,0.0,0.0,0.0,0.0,0.0,0.0
hcm_aal_33,aal_real,0.5,0.0,1.0,1.0,1.0,1.0,1.0
hcm_aal_34,aal_real,0.02564102564102564,0.0,0.0,0.0,0.0,1.0,1.0
hcm_aal_35,aal_real,0.05,0.0,0.0,0.0,1.0,1.0,1.0
hcm_aal_36,aal_real,1.0,1.0,1.0,1.0,1.0,1.0,1.0
hcm_aal_37,aal_real,0.0196078431372549,0.0,0.0,0.0,0.0,0.0,1.0
hcm_aal_38,aal_real,0.0026666666666666666,0.0,0.0,0.0,0.0,0.0,0.0
hcm_aal_39,aal_real,0.0025252525252525255,0.0,0.0,0.0,0.0,0.0,0.0
hcm_aal_40,aal_real,0.004098360655737705,0.0,0.0,0.0,0.0,0.0,0.0
hcm_aal_41,aal_real,0.07142857142857142,0.0,0.0,0.0,1.0,1.0,1.0
hcm_aal_42,aal_real,1.0,1.0,1.0,1.0,1.0,1.0,1.0
hcm_aal_43,aal_real,1.0,1.0,1.0,1.0,1.0,1.0,1.0
hcm_aal_44,aal_real,1.0,1.0,1.0,1.0,1.0,1.0,1.0
hcm_aal_45,aal_real,0.004739336492890996,0.0,0.0,0.0,0.0,0.0,0.0
hcm_aal_46,aal_real,0.000949667616334283,0.0,0.0,0.0,0.0,0.0,0.0
hcm_aal_47,aal_real,0.043478260869565216,0.0,0.0,0.0,0.0,1.0,1.0
hcm_aal_48,aal_real,0.006711409395973154,0.0,0.0,0.0,0.0,0.0,0.0
hcm_aal_49,aal_real,0.01098901098901099,0.0,0.0,0.0,0.0,0.0,1.0
hcm_aal_50,aal_real,1.0,1.0,1.0,1.0,1.0,1.0,1.0
hcm_aal_51,aal_real,0.021739130434782608,0.0,0.0,0.0,0.0,1.0,1.0
hcm_aal_52,aal_real,1.0,1.0,1.0,1.0,1.0,1.0,1.0
hcm_aal_53,aal_real,0.011627906976744186,0.0,0.0,0.0,0.0,0.0,1.0
hcm_aal_54,aal_real,0.034482758620689655,0.0,0.0,0.0,0.0,1.0,1.0
hcm_aal_55,aal_real,0.017543859649122806,0.0,0.0,0.0,0.0,0.0,1.0
hcm_aal_56,aal_real,1.0,1.0,1.0,1.0,1.0,1.0,1.0
hcm_aal_57,aal_real,1.0,1.0,1.0,1.0,1.0,1.0,1.0
hcm_aal_58,aal_real,0.1111111111111111,0.0,0.0,1.0,1.0,1.0,1.0
hcm_aal_59,aal_real,0.014705882352941176,0.0,0.0,0.0,0.0,0.0,1.0
hcm_aal_60,aal_real,0.3333333333333333,0.0,1.0,1.0,1.0,1.0,1.0
hcm_aal_61,aal_real,0.00205761316872428,0.0,0.0,0.0,0.0,0.0,0.0
hcm_aal_62,aal_real,0.06666666666666667,0.0,0.0,0.0,1.0,1.0,1.0
hcm_aal_63,aal_real,0.012195121951219513,0.0,0.0,0.0,0.0,0.0,1.0
hcm_aal_64,aal_real,0.0031847133757961785,0.0,0.0,0.0,0.0,0.0,0.0
hcm_aal_65,aal_real,1.0,1.0,1.0,1.0,1.0,1.0,1.0
hcm_aal_66,aal_real,1.0,1.0,1.0,1.0,1.0,1.0,1.0
hcm_aal_67,aal_real,0.5,0.0,1.0,1.0,1.0,1.0,1.0
hcm_aal_68,aal_real,0.00040749796251018743,0.0,0.0,0.0,0.0,0.0,0.0
hcm_aal_69,aal_real,1.0,1.0,1.0,1.0,1.0,1.0,1.0
hcm_aal_71,aal_real,0.05555555555555555,0.0,0.0,0.0,1.0,1.0,1.0
hcm_aal_72,aal_real,0.16666666666666666,0.0,0.0,1.0,1.0,1.0,1.0
hcm_aal_73,aal_real,1.0,1.0,1.0,1.0,1.0,1.0,1.0
hcm_aal_74,aal_real,0.0026246719160104987,0.0,0.0,0.0,0.0,0.0,0.0
hcm_aal_75,aal_real,0.016129032258064516,0.0,0.0,0.0,0.0,0.0,1.0
hcm_aal_76,aal_real,0.005,0.0,0.0,0.0,0.0,0.0,0.0
hcm_aal_77,aal_real,0.018518518518518517,0.0,0.0,0.0,0.0,0.0,1.0
hcm_aal_78,aal_real,1.0,1.0,1.0,1.0,1.0,1.0,1.0
hcm_aal_79,aal_real,0.041666666666666664,0.0,0.0,0.0,0.0,1.0,1.0
hcm_aal_80,aal_real,0.1111111111111111,0.0,0.0,1.0,1.0,1.0,1.0
hcm_aal_81,aal_real,1.0,1.0,1.0,1.0,1.0,1.0,1.0
hcm_aal_82,aal_real,0.1111111111111111,0.0,0.0,1.0,1.0,1.0,1.0
hcm_aal_83,aal_real,1.0,1.0,1.0,1.0,1.0,1.0,1.0
hcm_aal_84,aal_real,0.5,0.0,1.0,1.0,1.0,1.0,1.0
hcm_aal_85,aal_real,1.0,1.0,1.0,1.0,1.0,1.0,1.0
hcm_aal_86,aal_real,0.0022371364653243847,0.0,0.0,0.0,0.0,0.0,0.0
hcm_aal_87,aal_real,0.2,0.0,1.0,1.0,1.0,1.0,1.0
hcm_aal_88,aal_real,1.0,1.0,1.0,1.0,1.0,1.0,1.0
hcm_aal_89,aal_real,0.01818181818181818,0.0,0.0,0.0,0.0,0.0,1.0
hcm_aal_90,aal_real,0.25,0.0,1.0,1.0,1.0,1.0,1.0
hcm_aal_91,aal_real,0.025,0.0,0.0,0.0,0.0,1.0,1.0
hcm_aal_92,aal_real,1.0,1.0,1.0,1.0,1.0,1.0,1.0
hcm_aal_93,aal_real,0.0013351134846461949,0.0,0.0,0.0,0.0,0.0,0.0
hcm_aal_94,aal_real,1.0,1.0,1.0,1.0,1.0,1.0,1.0
hcm_aal_95,aal_real,0.0008223684210526315,0.0,0.0,0.0,0.0,0.0,0.0
hcm_aal_96,aal_real,1.0,1.0,1.0,1.0,1.0,1.0,1.0
hcm_aal_97,aal_real,0.014705882352941176,0.0,0.0,0.0,0.0,0.0,1.0
hcm_aal_98,aal_real,0.3333333333333333,0.0,1.0,1.0,1.0,1.0,1.0
hcm_aal_99,aal_real,0.125,0.0,0.0,1.0,1.0,1.0,1.0
hcm_aal_100,aal_real,0.00186219739292365,0.0,0.0,0.0,0.0,0.0,0.0
hcm_aal_101,aal_real,0.07142857142857142,0.0,0.0,0.0,1.0,1.0,1.0
hcm_aal_102,aal_real,1.0,1.0,1.0,1.0,1.0,1.0,1.0
hcm_aal_103,aal_real,1.0,1.0,1.0,1.0,1.0,1.0,1.0
hcm_aal_104,aal_real,0.006944444444444444,0.0,0.0,0.0,0.0,0.0,0.0
hcm_aal_105,aal_real,1.0,1.0,1.0,1.0,1.0,1.0,1.0
hcm_aal_106,aal_real,1.0,1.0,1.0,1.0,1.0,1.0,1.0
hcm_aal_107,aal_real,0.006622516556291391,0.0,0.0,0.0,0.0,0.0,0.0
hcm_aal_108,aal_real,1.0,1.0,1.0,1.0,1.0,1.0,1.0
hcm_aal_109,aal_real,0.013513513513513514,0.0,0.0,0.0,0.0,0.0,1.0
hcm_aal_110,aal_real,1.0,1.0,1.0,1.0,1.0,1.0,1.0
hcm_aal_111,aal_real,0.25,0.0,1.0,1.0,1.0,1.0,1.0
hcm_aal_112,aal_real,0.5,0.0,1.0,1.0,1.0,1.0,1.0
hcm_aal_113,aal_real,0.09090909090909091,0.0,0.0,0.0,1.0,1.0,1.0
hcm_aal_114,aal_real,0.3333333333333333,0.0,1.0,1.0,1.0,1.0,1.0
hcm_aal_115,aal_real,0.023255813953488372,0.0,0.0,0.0,0.0,1.0,1.0
hcm_aal_116,aal_real,1.0,1.0,1.0,1.0,1.0,1.0,1.0
hcm_aal_117,aal_real,0.010752688172043012,0.0,0.0,0.0,0.0,0.0,1.0
hcm_aal_118,aal_real,1.0,1.0,1.0,1.0,1.0,1.0,1.0
hcm_aal_119,aal_real,0.023809523809523808,0.0,0.0,0.0,0.0,1.0,1.0
hcm_aal_120,aal_real,1.0,1.0,1.0,1.0,1.0,1.0,1.0
hcm_aal_121,aal_real,1.0,1.0,1.0,1.0,1.0,1.0,1.0
hcm_aal_122,aal_real,0.5,0.0,1.0,1.0,1.0,1.0,1.0
hcm_aal_123,aal_real,0.004545454545454545,0.0,0.0,0.0,0.0,0.0,0.0
hcm_aal_124,aal_real,0.0053475935828877,0.0,0.0,0.0,0.0,0.0,0.0
hcm_aal_125,aal_real,1.0,1.0,1.0,1.0,1.0,1.0,1.0
hcm_aal_126,aal_real,0.5,0.0,1.0,1.0,1.0,1.0,1.0
hcm_aal_127,aal_real,0.5,0.0,1.0,1.0,1.0,1.0,1.0
hcm_aal_128,aal_real,1.0,1.0,1.0,1.0,1.0,1.0,1.0
hcm_aal_129,aal_real,0.3333333333333333,0.0,1.0,1.0,1.0,1.0,1.0
hcm_aal_130,aal_real,1.0,1.0,1.0,1.0,1.0,1.0,1.0
hcm_aal_131,aal_real,0.07142857142857142,0.0,0.0,0.0,1.0,1.0,1.0
hcm_aal_132,aal_real,0.003355704697986577,0.0,0.0,0.0,0.0,0.0,0.0
hcm_aal_133,aal_real,0.125,0.0,0.0,1.0,1.0,1.0,1.0
hcm_aal_134,aal_real,1.0,1.0,1.0,1.0,1.0,1.0,1.0
hcm_aal_135,aal_real,0.125,0.0,0.0,1.0,1.0,1.0,1.0
hcm_aal_136,aal_real,1.0,1.0,1.0,1.0,1.0,1.0,1.0
hcm_aal_137,aal_real,0.03571428571428571,0.0,0.0,0.0,0.0,1.0,1.0
hcm_aal_138,aal_real,1.0,1.0,1.0,1.0,1.0,1.0,1.0
hcm_aal_139,aal_real,1.0,1.0,1.0,1.0,1.0,1.0,1.0
hcm_aal_140,aal_real,0.005952380952380952,0.0,0.0,0.0,0.0,0.0,0.0
hcm_aal_141,aal_real,1.0,1.0,1.0,1.0,1.0,1.0,1.0
hcm_aal_142,aal_real,0.125,0.0,0.0,1.0,1.0,1.0,1.0
hcm_aal_143,aal_real,1.0,1.0,1.0,1.0,1.0,1.0,1.0
hcm_aal_145,aal_real,1.0,1.0,1.0,1.0,1.0,1.0,1.0
hcm_aal_146,aal_real,0.3333333333333333,0.0,1.0,1.0,1.0,1.0,1.0
hcm_aal_147,aal_real,0.006172839506172839,0.0,0.0,0.0,0.0,0.0,0.0
hcm_aal_148,aal_real,1.0,1.0,1.0,1.0,1.0,1.0,1.0
hcm_aal_149,aal_real,0.3333333333333333,0.0,1.0,1.0,1.0,1.0,1.0
hcm_aal_150,aal_real,1.0,1.0,1.0,1.0,1.0,1.0,1.0
hcm_aal_151,aal_real,0.3333333333333333,0.0,1.0,1.0,1.0,1.0,1.0
hcm_aal_152,aal_real,0.03333333333333333,0.0,0.0,0.0,0.0,1.0,1.0
hcm_aal_153,aal_real,0.0035842293906810036,0.0,0.0,0.0,0.0,0.0,0.0
hcm_aal_154,aal_real,0.02,0.0,0.0,0.0,0.0,1.0,1.0
hcm_aal_155,aal_real,0.3333333333333333,0.0,1.0,1.0,1.0,1.0,1.0
hcm_aal_156,aal_real,0.005076142131979695,0.0,0.0,0.0,0.0,0.0,0.0
hcm_aal_157,aal_real,0.0018796992481203006,0.0,0.0,0.0,0.0,0.0,0.0
hcm_aal_158,aal_real,0.25,0.0,1.0,1.0,1.0,1.0,1.0
hcm_aal_159,aal_real,1.0,1.0,1.0,1.0,1.0,1.0,1.0
hcm_aal_160,aal_real,0.05555555555555555,0.0,0.0,0.0,1.0,1.0,1.0
hcm_aal_161,aal_real,1.0,1.0,1.0,1.0,1.0,1.0,1.0
hcm_aal_162,aal_real,1.0,1.0,1.0,1.0,1.0,1.0,1.0
hcm_aal_163,aal_real,0.07142857142857142,0.0,0.0,0.0,1.0,1.0,1.0
hcm_aal_164,aal_real,0.0019193857965451055,0.0,0.0,0.0,0.0,0.0,0.0
hcm_aal_165,aal_real,0.0029411764705882353,0.0,0.0,0.0,0.0,0.0,0.0
hcm_aal_166,aal_real,1.0,1.0,1.0,1.0,1.0,1.0,1.0
hcm_aal_167,aal_real,1.0,1.0,1.0,1.0,1.0,1.0,1.0
hcm_aal_168,aal_real,0.3333333333333333,0.0,1.0,1.0,1.0,1.0,1.0
hcm_aal_169,aal_real,0.5,0.0,1.0,1.0,1.0,1.0,1.0
hcm_aal_170,aal_real,1.0,1.0,1.0,1.0,1.0,1.0,1.0
hcm_aal_171,aal_real,1.0,1.0,1.0,1.0,1.0,1.0,1.0
hcm_aal_172,aal_real,0.5,0.0,1.0,1.0,1.0,1.0,1.0
hcm_aal_173,aal_real,0.021739130434782608,0.0,0.0,0.0,0.0,1.0,1.0
hcm_aal_174,aal_real,0.03571428571428571,0.0,0.0,0.0,0.0,1.0,1.0
hcm_aal_175,aal_real,1.0,1.0,1.0,1.0,1.0,1.0,1.0
hcm_aal_176,aal_real,1.0,1.0,1.0,1.0,1.0,1.0,1.0
hcm_aal_177,aal_real,1.0,1.0,1.0,1.0,1.0,1.0,1.0
hcm_aal_178,aal_real,0.003861003861003861,0.0,0.0,0.0,0.0,0.0,0.0
hcm_aal_179,aal_real,1.0,1.0,1.0,1.0,1.0,1.0,1.0
hcm_aal_180,aal_real,0.005405405405405406,0.0,0.0,0.0,0.0,0.0,0.0
hcm_aal_181,aal_real,0.004032258064516129,0.0,0.0,0.0,0.0,0.0,0.0
hcm_aal_182,aal_real,0.006756756756756757,0.0,0.0,0.0,0.0,0.0,0.0
hcm_aal_183,aal_real,0.5,0.0,1.0,1.0,1.0,1.0,1.0
hcm_aal_184,aal_real,0.00234192037470726,0.0,0.0,0.0,0.0,0.0,0.0
hcm_aal_185,aal_real,0.0125,0.0,0.0,0.0,0.0,0.0,1.0
hcm_aal_186,aal_real,0.3333333333333333,0.0,1.0,1.0,1.0,1.0,1.0
hcm_aal_187,aal_real,0.0015220700152207,0.0,0.0,0.0,0.0,0.0,0.0
hcm_aal_188,aal_real,0.02857142857142857,0.0,0.0,0.0,0.0,1.0,1.0
hcm_aal_189,aal_real,1.0,1.0,1.0,1.0,1.0,1.0,1.0
hcm_aal_190,aal_real,1.0,1.0,1.0,1.0,1.0,1.0,1.0
hcm_aal_191,aal_real,0.0025974025974025974,0.0,0.0,0.0,0.0,0.0,0.0
hcm_aal_192,aal_real,0.05555555555555555,0.0,0.0,0.0,1.0,1.0,1.0
hcm_aal_193,aal_real,0.5,0.0,1.0,1.0,1.0,1.0,1.0
hcm_aal_194,aal_real,0.05263157894736842,0.0,0.0,0.0,1.0,1.0,1.0
hcm_aal_195,aal_real,0.007575757575757576,0.0,0.0,0.0,0.0,0.0,0.0
hcm_aal_196,aal_real,0.06666666666666667,0.0,0.0,0.0,1.0,1.0,1.0
hcm_aal_197,aal_real,0.06666666666666667,0.0,0.0,0.0,1.0,1.0,1.0
hcm_aal_198,aal_real,0.14285714285714285,0.0,0.0,1.0,1.0,1.0,1.0
hcm_aal_199,aal_real,1.0,1.0,1.0,1.0,1.0,1.0,1.0
hcm_aal_200,aal_real,0.5,0.0,1.0,1.0,1.0,1.0,1.0
hcm_aal_201,aal_real,0.000778816199376947,0.0,0.0,0.0,0.0,0.0,0.0
hcm_aal_202,aal_real,0.2,0.0,1.0,1.0,1.0,1.0,1.0
hcm_aal_203,aal_real,0.014705882352941176,0.0,0.0,0.0,0.0,0.0,1.0
hcm_aal_204,aal_real,0.3333333333333333,0.0,1.0,1.0,1.0,1.0,1.0
hcm_aal_205,aal_real,1.0,1.0,1.0,1.0,1.0,1.0,1.0
hcm_aal_206,aal_real,0.029411764705882353,0.0,0.0,0.0,0.0,1.0,1.0
hcm_aal_207,aal_real,0.3333333333333333,0.0,1.0,1.0,1.0,1.0,1.0
hcm_aal_208,aal_real,0.037037037037037035,0.0,0.0,0.0,0.0,1.0,1.0
hcm_aal_209,aal_real,1.0,1.0,1.0,1.0,1.0,1.0,1.0
hcm_aal_210,aal_real,0.0196078431372549,0.0,0.0,0.0,0.0,0.0,1.0
hcm_aal_211,aal_real,0.019230769230769232,0.0,0.0,0.0,0.0,0.0,1.0
hcm_aal_212,aal_real,0.001336898395721925,0.0,0.0,0.0,0.0,0.0,0.0
hcm_aal_213,aal_real,0.07142857142857142,0.0,0.0,0.0,1.0,1.0,1.0
hcm_aal_214,aal_real,0.0030959752321981426,0.0,0.0,0.0,0.0,0.0,0.0
hcm_aal_215,aal_real,1.0,1.0,1.0,1.0,1.0,1.0,1.0
hcm_aal_216,aal_real,0.25,0.0,1.0,1.0,1.0,1.0,1.0
hcm_aal_217,aal_real,1.0,1.0,1.0,1.0,1.0,1.0,1.0
hcm_aal_218,aal_real,0.008130081300813009,0.0,0.0,0.0,0.0,0.0,0.0
hcm_aal_219,aal_real,0.014084507042253521,0.0,0.0,0.0,0.0,0.0,1.0
hcm_aal_220,aal_real,1.0,1.0,1.0,1.0,1.0,1.0,1.0
hcm_aal_221,aal_real,0.25,0.0,1.0,1.0,1.0,1.0,1.0
hcm_aal_222,aal_real,1.0,1.0,1.0,1.0,1.0,1.0,1.0
hcm_aal_223,aal_real,0.06666666666666667,0.0,0.0,0.0,1.0,1.0,1.0
hcm_aal_224,aal_real,0.0007776049766718507,0.0,0.0,0.0,0.0,0.0,0.0
hcm_aal_225,aal_real,0.2,0.0,1.0,1.0,1.0,1.0,1.0
hcm_aal_226,aal_real,1.0,1.0,1.0,1.0,1.0,1.0,1.0
hcm_aal_227,aal_real,0.2,0.0,1.0,1.0,1.0,1.0,1.0
hcm_aal_228,aal_real,0.25,0.0,1.0,1.0,1.0,1.0,1.0
hcm_aal_229,aal_real,1.0,1.0,1.0,1.0,1.0,1.0,1.0
hcm_aal_230,aal_real,0.3333333333333333,0.0,1.0,1.0,1.0,1.0,1.0
hcm_aal_231,aal_real,0.008403361344537815,0.0,0.0,0.0,0.0,0.0,0.0
hcm_aal_232,aal_real,1.0,1.0,1.0,1.0,1.0,1.0,1.0
hcm_aal_233,aal_real,0.006802721088435374,0.0,0.0,0.0,0.0,0.0,0.0
hcm_aal_234,aal_real,0.0136986301369863,0.0,0.0,0.0,0.0,0.0,1.0
hcm_aal_235,aal_real,0.016129032258064516,0.0,0.0,0.0,0.0,0.0,1.0
hcm_aal_236,aal_real,1.0,1.0,1.0,1.0,1.0,1.0,1.0
hcm_aal_237,aal_real,0.034482758620689655,0.0,0.0,0.0,0.0,1.0,1.0
hcm_aal_238,aal_real,1.0,1.0,1.0,1.0,1.0,1.0,1.0
hcm_aal_239,aal_real,0.5,0.0,1.0,1.0,1.0,1.0,1.0
hcm_aal_240,aal_real,1.0,1.0,1.0,1.0,1.0,1.0,1.0
hcm_aal_241,aal_real,0.25,0.0,1.0,1.0,1.0,1.0,1.0
hcm_aal_242,aal_real,0.5,0.0,1.0,1.0,1.0,1.0,1.0
hcm_aal_243,aal_real,0.2,0.0,1.0,1.0,1.0,1.0,1.0
hcm_aal_244,aal_real,0.5,0.0,1.0,1.0,1.0,1.0,1.0
hcm_aal_245,aal_real,1.0,1.0,1.0,1.0,1.0,1.0,1.0
hcm_aal_246,aal_real,0.5,0.0,1.0,1.0,1.0,1.0,1.0
hcm_aal_247,aal_real,0.125,0.0,0.0,1.0,1.0,1.0,1.0
hcm_aal_248,aal_real,0.008264462809917356,0.0,0.0,0.0,0.0,0.0,0.0
hcm_aal_249,aal_real,0.03333333333333333,0.0,0.0,0.0,0.0,1.0,1.0
hcm_aal_250,aal_real,0.0005288207297726071,0.0,0.0,0.0,0.0,0.0,0.0
hcm_aal_251,aal_real,0.3333333333333333,0.0,1.0,1.0,1.0,1.0,1.0
hcm_aal_252,aal_real,0.2,0.0,1.0,1.0,1.0,1.0,1.0
hcm_aal_253,aal_real,0.2,0.0,1.0,1.0,1.0,1.0,1.0
hcm_aal_254,aal_real,0.0004786979415988511,0.0,0.0,0.0,0.0,0.0,0.0
hcm_aal_255,aal_real,0.0196078431372549,0.0,0.0,0.0,0.0,0.0,1.0
hcm_aal_256,aal_real,1.0,1.0,1.0,1.0,1.0,1.0,1.0
hcm_aal_257,aal_real,0.16666666666666666,0.0,0.0,1.0,1.0,1.0,1.0
hcm_aal_258,aal_real,0.07692307692307693,0.0,0.0,0.0,1.0,1.0,1.0
hcm_aal_259,aal_real,0.16666666666666666,0.0,0.0,1.0,1.0,1.0,1.0
hcm_aal_260,aal_real,1.0,1.0,1.0,1.0,1.0,1.0,1.0
hcm_aal_261,aal_real,0.047619047619047616,0.0,0.0,0.0,0.0,1.0,1.0
hcm_aal_262,aal_real,1.0,1.0,1.0,1.0,1.0,1.0,1.0
hcm_aal_263,aal_real,1.0,1.0,1.0,1.0,1.0,1.0,1.0
hcm_aal_264,aal_real,0.058823529411764705,0.0,0.0,0.0,1.0,1.0,1.0
hcm_aal_265,aal_real,0.5,0.0,1.0,1.0,1.0,1.0,1.0
hcm_aal_266,aal_real,1.0,1.0,1.0,1.0,1.0,1.0,1.0
hcm_aal_268,aal_real,1.0,1.0,1.0,1.0,1.0,1.0,1.0
hcm_aal_269,aal_real,0.008,0.0,0.0,0.0,0.0,0.0,0.0
hcm_aal_270,aal_real,0.058823529411764705,0.0,0.0,0.0,1.0,1.0,1.0
hcm_aal_271,aal_real,1.0,1.0,1.0,1.0,1.0,1.0,1.0
hcm_aal_272,aal_real,0.07692307692307693,0.0,0.0,0.0,1.0,1.0,1.0
hcm_aal_273,aal_real,1.0,1.0,1.0,1.0,1.0,1.0,1.0
hcm_aal_274,aal_real,1.0,1.0,1.0,1.0,1.0,1.0,1.0
hcm_aal_275,aal_real,0.006024096385542169,0.0,0.0,0.0,0.0,0.0,0.0
hcm_aal_276,aal_real,0.3333333333333333,0.0,1.0,1.0,1.0,1.0,1.0
hcm_aal_277,aal_real,1.0,1.0,1.0,1.0,1.0,1.0,1.0
hcm_aal_278,aal_real,0.001272264631043257,0.0,0.0,0.0,0.0,0.0,0.0
hcm_aal_279,aal_real,0.08333333333333333,0.0,0.0,0.0,1.0,1.0,1.0
hcm_aal_280,aal_real,0.3333333333333333,0.0,1.0,1.0,1.0,1.0,1.0
hcm_aal_281,aal_real,1.0,1.0,1.0,1.0,1.0,1.0,1.0
hcm_aal_282,aal_real,0.011235955056179775,0.0,0.0,0.0,0.0,0.0,1.0
hcm_aal_283,aal_real,0.5,0.0,1.0,1.0,1.0,1.0,1.0
hcm_aal_284,aal_real,1.0,1.0,1.0,1.0,1.0,1.0,1.0
hcm_aal_285,aal_real,0.03571428571428571,0.0,0.0,0.0,0.0,1.0,1.0
hcm_aal_286,aal_real,1.0,1.0,1.0,1.0,1.0,1.0,1.0
hcm_aal_287,aal_real,0.5,0.0,1.0,1.0,1.0,1.0,1.0
hcm_aal_288,aal_real,1.0,1.0,1.0,1.0,1.0,1.0,1.0
hcm_aal_289,aal_real,0.3333333333333333,0.0,1.0,1.0,1.0,1.0,1.0
hcm_aal_290,aal_real,1.0,1.0,1.0,1.0,1.0,1.0,1.0
hcm_aal_291,aal_real,1.0,1.0,1.0,1.0,1.0,1.0,1.0
hcm_aal_292,aal_real,0.5,0.0,1.0,1.0,1.0,1.0,1.0
hcm_aal_293,aal_real,0.14285714285714285,0.0,0.0,1.0,1.0,1.0,1.0
hcm_aal_294,aal_real,0.25,0.0,1.0,1.0,1.0,1.0,1.0
hcm_aal_295,aal_real,0.0045045045045045045,0.0,0.0,0.0,0.0,0.0,0.0
hcm_aal_296,aal_real,0.0008841732979664014,0.0,0.0,0.0,0.0,0.0,0.0
hcm_aal_297,aal_real,0.03225806451612903,0.0,0.0,0.0,0.0,1.0,1.0
hcm_aal_298,aal_real,0.07692307692307693,0.0,0.0,0.0,1.0,1.0,1.0
hcm_aal_299,aal_real,0.5,0.0,1.0,1.0,1.0,1.0,1.0
hcm_aal_300,aal_real,1.0,1.0,1.0,1.0,1.0,1.0,1.0
hcm_aal_301,aal_real,1.0,1.0,1.0,1.0,1.0,1.0,1.0
hcm_aal_302,aal_real,0.0014925373134328358,0.0,0.0,0.0,0.0,0.0,0.0
hcm_aal_303,aal_real,1.0,1.0,1.0,1.0,1.0,1.0,1.0
hcm_aal_304,aal_real,0.07142857142857142,0.0,0.0,0.0,1.0,1.0,1.0
hcm_aal_305,aal_real,0.005714285714285714,0.0,0.0,0.0,0.0,0.0,0.0
hcm_aal_306,aal_real,1.0,1.0,1.0,1.0,1.0,1.0,1.0
hcm_aal_307,aal_real,0.05263157894736842,0.0,0.0,0.0,1.0,1.0,1.0
hcm_aal_308,aal_real,1.0,1.0,1.0,1.0,1.0,1.0,1.0
hcm_aal_309,aal_real,0.02564102564102564,0.0,0.0,0.0,0.0,1.0,1.0
hcm_aal_310,aal_real,0.3333333333333333,0.0,1.0,1.0,1.0,1.0,1.0
hcm_aal_311,aal_real,0.007575757575757576,0.0,0.0,0.0,0.0,0.0,0.0
hcm_aal_312,aal_real,1.0,1.0,1.0,1.0,1.0,1.0,1.0
hcm_aal_313,aal_real,1.0,1.0,1.0,1.0,1.0,1.0,1.0
hcm_aal_314,aal_real,1.0,1.0,1.0,1.0,1.0,1.0,1.0
hcm_aal_315,aal_real,0.5,0.0,1.0,1.0,1.0,1.0,1.0
hcm_aal_316,aal_real,0.014285714285714285,0.0,0.0,0.0,0.0,0.0,1.0
hcm_aal_317,aal_real,0.14285714285714285,0.0,0.0,1.0,1.0,1.0,1.0
hcm_aal_318,aal_real,0.14285714285714285,0.0,0.0,1.0,1.0,1.0,1.0
hcm_aal_319,aal_real,1.0,1.0,1.0,1.0,1.0,1.0,1.0
hcm_aal_320,aal_real,0.125,0.0,0.0,1.0,1.0,1.0,1.0
hcm_aal_321,aal_real,0.02127659574468085,0.0,0.0,0.0,0.0,1.0,1.0
hcm_aal_322,aal_real,0.005128205128205128,0.0,0.0,0.0,0.0,0.0,0.0
hcm_aal_323,aal_real,1.0,1.0,1.0,1.0,1.0,1.0,1.0
hcm_aal_324,aal_real,0.02857142857142857,0.0,0.0,0.0,0.0,1.0,1.0
hcm_aal_325,aal_real,0.022727272727272728,0.0,0.0,0.0,0.0,1.0,1.0
hcm_aal_326,aal_real,0.016129032258064516,0.0,0.0,0.0,0.0,0.0,1.0
hcm_aal_327,aal_real,1.0,1.0,1.0,1.0,1.0,1.0,1.0
hcm_aal_328,aal_real,0.001310615989515072,0.0,0.0,0.0,0.0,0.0,0.0
hcm_aal_329,aal_real,0.5,0.0,1.0,1.0,1.0,1.0,1.0
hcm_aal_330,aal_real,1.0,1.0,1.0,1.0,1.0,1.0,1.0
hcm_aal_331,aal_real,0.5,0.0,1.0,1.0,1.0,1.0,1.0
hcm_aal_332,aal_real,0.1111111111111111,0.0,0.0,1.0,1.0,1.0,1.0
hcm_aal_333,aal_real,0.05555555555555555,0.0,0.0,0.0,1.0,1.0,1.0
hcm_aal_334,aal_real,0.14285714285714285,0.0,0.0,1.0,1.0,1.0,1.0
hcm_aal_335,aal_real,0.25,0.0,1.0,1.0,1.0,1.0,1.0
hcm_aal_336,aal_real,0.0011655011655011655,0.0,0.0,0.0,0.0,0.0,0.0
hcm_aal_337,aal_real,0.08333333333333333,0.0,0.0,0.0,1.0,1.0,1.0
hcm_aal_338,aal_real,1.0,1.0,1.0,1.0,1.0,1.0,1.0
hcm_aal_339,aal_real,1.0,1.0,1.0,1.0,1.0,1.0,1.0
hcm_aal_340,aal_real,1.0,1.0,1.0,1.0,1.0,1.0,1.0
hcm_aal_341,aal_real,1.0,1.0,1.0,1.0,1.0,1.0,1.0
hcm_aal_342,aal_real,0.05,0.0,0.0,0.0,1.0,1.0,1.0
hcm_aal_343,aal_real,0.0008,0.0,0.0,0.0,0.0,0.0,0.0
hcm_aal_344,aal_real,1.0,1.0,1.0,1.0,1.0,1.0,1.0
hcm_aal_345,aal_real,0.004219409282700422,0.0,0.0,0.0,0.0,0.0,0.0
hcm_aal_346,aal_real,0.0625,0.0,0.0,0.0,1.0,1.0,1.0
hcm_aal_347,aal_real,1.0,1.0,1.0,1.0,1.0,1.0,1.0
hcm_aal_348,aal_real,0.034482758620689655,0.0,0.0,0.0,0.0,1.0,1.0
hcm_aal_349,aal_real,0.5,0.0,1.0,1.0,1.0,1.0,1.0
hcm_aal_350,aal_real,0.1111111111111111,0.0,0.0,1.0,1.0,1.0,1.0
hcm_aal_351,aal_real,0.14285714285714285,0.0,0.0,1.0,1.0,1.0,1.0
hcm_aal_352,aal_real,0.125,0.0,0.0,1.0,1.0,1.0,1.0
hcm_aal_353,aal_real,1.0,1.0,1.0,1.0,1.0,1.0,1.0
hcm_aal_354,aal_real,0.0013404825737265416,0.0,0.0,0.0,0.0,0.0,0.0
hcm_aal_355,aal_real,0.0019157088122605363,0.0,0.0,0.0,0.0,0.0,0.0
hcm_aal_356,aal_real,1.0,1.0,1.0,1.0,1.0,1.0,1.0
hcm_aal_357,aal_real,1.0,1.0,1.0,1.0,1.0,1.0,1.0
hcm_aal_358,aal_real,0.0035714285714285713,0.0,0.0,0.0,0.0,0.0,0.0
hcm_aal_359,aal_real,1.0,1.0,1.0,1.0,1.0,1.0,1.0
hcm_aal_360,aal_real,0.25,0.0,1.0,1.0,1.0,1.0,1.0
hcm_aal_361,aal_real,1.0,1.0,1.0,1.0,1.0,1.0,1.0
hcm_aal_362,aal_real,1.0,1.0,1.0,1.0,1.0,1.0,1.0
hcm_aal_363,aal_real,0.006329113924050633,0.0,0.0,0.0,0.0,0.0,0.0
hcm_aal_364,aal_real,0.3333333333333333,0.0,1.0,1.0,1.0,1.0,1.0
hcm_aal_365,aal_real,1.0,1.0,1.0,1.0,1.0,1.0,1.0
hcm_aal_366,aal_real,0.05555555555555555,0.0,0.0,0.0,1.0,1.0,1.0
hcm_aal_367,aal_real,0.1,0.0,0.0,1.0,1.0,1.0,1.0
hcm_aal_368,aal_real,1.0,1.0,1.0,1.0,1.0,1.0,1.0
hcm_aal_369,aal_real,0.02040816326530612,0.0,0.0,0.0,0.0,1.0,1.0
hcm_aal_370,aal_real,0.011904761904761904,0.0,0.0,0.0,0.0,0.0,1.0
hcm_aal_371,aal_real,1.0,1.0,1.0,1.0,1.0,1.0,1.0
hcm_aal_372,aal_real,0.06666666666666667,0.0,0.0,0.0,1.0,1.0,1.0
hcm_aal_373,aal_real,0.043478260869565216,0.0,0.0,0.0,0.0,1.0,1.0
hcm_aal_374,aal_real,0.08333333333333333,0.0,0.0,0.0,1.0,1.0,1.0
hcm_aal_375,aal_real,0.018867924528301886,0.0,0.0,0.0,0.0,0.0,1.0
hcm_aal_376,aal_real,1.0,1.0,1.0,1.0,1.0,1.0,1.0
hcm_aal_377,aal_real,1.0,1.0,1.0,1.0,1.0,1.0,1.0
hcm_aal_378,aal_real,0.1,0.0,0.0,1.0,1.0,1.0,1.0
hcm_aal_379,aal_real,0.5,0.0,1.0,1.0,1.0,1.0,1.0
hcm_aal_380,aal_real,0.01818181818181818,0.0,0.0,0.0,0.0,0.0,1.0
hcm_aal_381,aal_real,1.0,1.0,1.0,1.0,1.0,1.0,1.0
hcm_aal_382,aal_real,0.5,0.0,1.0,1.0,1.0,1.0,1.0
hcm_aal_383,aal_real,0.5,0.0,1.0,1.0,1.0,1.0,1.0
hcm_aal_384,aal_real,0.16666666666666666,0.0,0.0,1.0,1.0,1.0,1.0
hcm_aal_385,aal_real,0.00641025641025641,0.0,0.0,0.0,0.0,0.0,0.0
hcm_aal_387,aal_real,0.0032679738562091504,0.0,0.0,0.0,0.0,0.0,0.0
hcm_aal_388,aal_real,1.0,1.0,1.0,1.0,1.0,1.0,1.0
hcm_aal_389,aal_real,1.0,1.0,1.0,1.0,1.0,1.0,1.0
hcm_aal_390,aal_real,0.002070393374741201,0.0,0.0,0.0,0.0,0.0,0.0
hcm_aal_391,aal_real,0.08333333333333333,0.0,0.0,0.0,1.0,1.0,1.0
hcm_aal_392,aal_real,0.038461538461538464,0.0,0.0,0.0,0.0,1.0,1.0
hcm_aal_393,aal_real,1.0,1.0,1.0,1.0,1.0,1.0,1.0
hcm_aal_394,aal_real,0.14285714285714285,0.0,0.0,1.0,1.0,1.0,1.0
hcm_aal_395,aal_real,0.0027247956403269754,0.0,0.0,0.0,0.0,0.0,0.0
hcm_aal_396,aal_real,0.06666666666666667,0.0,0.0,0.0,1.0,1.0,1.0
hcm_aal_397,aal_real,0.5,0.0,1.0,1.0,1.0,1.0,1.0
hcm_aal_399,aal_real,0.001092896174863388,0.0,0.0,0.0,0.0,0.0,0.0
hcm_aal_400,aal_real,1.0,1.0,1.0,1.0,1.0,1.0,1.0
hcm_aal_401,aal_real,0.5,0.0,1.0,1.0,1.0,1.0,1.0
hcm_aal_402,aal_real,0.010101010101010102,0.0,0.0,0.0,0.0,0.0,1.0
hcm_aal_403,aal_real,0.008547008547008548,0.0,0.0,0.0,0.0,0.0,0.0
hcm_aal_404,aal_real,1.0,1.0,1.0,1.0,1.0,1.0,1.0
hcm_aal_405,aal_real,0.023255813953488372,0.0,0.0,0.0,0.0,1.0,1.0
hcm_aal_406,aal_real,0.00033112582781456954,0.0,0.0,0.0,0.0,0.0,0.0
hcm_aal_407,aal_real,1.0,1.0,1.0,1.0,1.0,1.0,1.0
hcm_aal_408,aal_real,0.2,0.0,1.0,1.0,1.0,1.0,1.0
hcm_aal_409,aal_real,0.001834862385321101,0.0,0.0,0.0,0.0,0.0,0.0
hcm_aal_410,aal_real,0.002044989775051125,0.0,0.0,0.0,0.0,0.0,0.0
hcm_aal_411,aal_real,0.2,0.0,1.0,1.0,1.0,1.0,1.0
hcm_aal_412,aal_real,0.020833333333333332,0.0,0.0,0.0,0.0,1.0,1.0
hcm_aal_413,aal_real,0.3333333333333333,0.0,1.0,1.0,1.0,1.0,1.0
hcm_aal_414,aal_real,0.25,0.0,1.0,1.0,1.0,1.0,1.0
hcm_aal_415,aal_real,0.1111111111111111,0.0,0.0,1.0,1.0,1.0,1.0
hcm_aal_416,aal_real,1.0,1.0,1.0,1.0,1.0,1.0,1.0
hcm_aal_417,aal_real,1.0,1.0,1.0,1.0,1.0,1.0,1.0
hcm_aal_418,aal_real,0.01639344262295082,0.0,0.0,0.0,0.0,0.0,1.0
hcm_aal_419,aal_real,0.016129032258064516,0.0,0.0,0.0,0.0,0.0,1.0
hcm_aal_420,aal_real,1.0,1.0,1.0,1.0,1.0,1.0,1.0
hcm_aal_421,aal_real,0.0028011204481792717,0.0,0.0,0.0,0.0,0.0,0.0
hcm_aal_422,aal_real,1.0,1.0,1.0,1.0,1.0,1.0,1.0
hcm_aal_423,aal_real,0.3333333333333333,0.0,1.0,1.0,1.0,1.0,1.0
hcm_aal_424,aal_real,0.3333333333333333,0.0,1.0,1.0,1.0,1.0,1.0
hcm_aal_425,aal_real,0.25,0.0,1.0,1.0,1.0,1.0,1.0
hcm_aal_426,aal_real,0.001375515818431912,0.0,0.0,0.0,0.0,0.0,0.0
hcm_aal_427,aal_real,0.07142857142857142,0.0,0.0,0.0,1.0,1.0,1.0
hcm_aal_428,aal_real,0.25,0.0,1.0,1.0,1.0,1.0,1.0
hcm_aal_429,aal_real,0.014705882352941176,0.0,0.0,0.0,0.0,0.0,1.0
hcm_aal_430,aal_real,0.03125,0.0,0.0,0.0,0.0,1.0,1.0
hcm_aal_431,aal_real,1.0,1.0,1.0,1.0,1.0,1.0,1.0
hcm_aal_432,aal_real,0.02,0.0,0.0,0.0,0.0,1.0,1.0
hcm_aal_433,aal_real,0.1,0.0,0.0,1.0,1.0,1.0,1.0
hcm_aal_434,aal_real,0.2,0.0,1.0,1.0,1.0,1.0,1.0
hcm_aal_435,aal_real,0.010526315789473684,0.0,0.0,0.0,0.0,0.0,1.0
hcm_aal_436,aal_real,1.0,1.0,1.0,1.0,1.0,1.0,1.0
hcm_aal_437,aal_real,0.014084507042253521,0.0,0.0,0.0,0.0,0.0,1.0
hcm_aal_438,aal_real,0.0006770480704129993,0.0,0.0,0.0,0.0,0.0,0.0
hcm_aal_439,aal_real,1.0,1.0,1.0,1.0,1.0,1.0,1.0
hcm_aal_440,aal_real,1.0,1.0,1.0,1.0,1.0,1.0,1.0
hcm_aal_441,aal_real,0.002070393374741201,0.0,0.0,0.0,0.0,0.0,0.0
hcm_aal_442,aal_real,0.0625,0.0,0.0,0.0,1.0,1.0,1.0
hcm_aal_443,aal_real,0.5,0.0,1.0,1.0,1.0,1.0,1.0
hcm_aal_444,aal_real,1.0,1.0,1.0,1.0,1.0,1.0,1.0
hcm_aal_445,aal_real,0.0027624309392265192,0.0,0.0,0.0,0.0,0.0,0.0
hcm_aal_446,aal_real,0.009900990099009901,0.0,0.0,0.0,0.0,0.0,0.0
hcm_aal_447,aal_real,0.5,0.0,1.0,1.0,1.0,1.0,1.0
hcm_aal_448,aal_real,1.0,1.0,1.0,1.0,1.0,1.0,1.0
hcm_aal_449,aal_real,1.0,1.0,1.0,1.0,1.0,1.0,1.0
hcm_aal_450,aal_real,0.0015220700152207,0.0,0.0,0.0,0.0,0.0,0.0
hcm_aal_451,aal_real,0.03333333333333333,0.0,0.0,0.0,0.0,1.0,1.0
hcm_aal_452,aal_real,0.5,0.0,1.0,1.0,1.0,1.0,1.0
hcm_aal_453,aal_real,0.0006523157208088715,0.0,0.0,0.0,0.0,0.0,0.0
hcm_aal_454,aal_real,1.0,1.0,1.0,1.0,1.0,1.0,1.0
hcm_aal_455,aal_real,0.0009165902841429881,0.0,0.0,0.0,0.0,0.0,0.0
hcm_aal_457,aal_real,0.14285714285714285,0.0,0.0,1.0,1.0,1.0,1.0
hcm_aal_458,aal_real,1.0,1.0,1.0,1.0,1.0,1.0,1.0
hcm_aal_459,aal_real,0.125,0.0,0.0,1.0,1.0,1.0,1.0
hcm_aal_460,aal_real,1.0,1.0,1.0,1.0,1.0,1.0,1.0
hcm_aal_461,aal_real,0.09090909090909091,0.0,0.0,0.0,1.0,1.0,1.0
hcm_aal_462,aal_real,0.5,0.0,1.0,1.0,1.0,1.0,1.0
hcm_aal_463,aal_real,1.0,1.0,1.0,1.0,1.0,1.0,1.0
hcm_aal_464,aal_real,1.0,1.0,1.0,1.0,1.0,1.0,1.0
hcm_aal_465,aal_real,0.016129032258064516,0.0,0.0,0.0,0.0,0.0,1.0
hcm_aal_466,aal_real,1.0,1.0,1.0,1.0,1.0,1.0,1.0
hcm_aal_467,aal_real,1.0,1.0,1.0,1.0,1.0,1.0,1.0
hcm_aal_468,aal_real,1.0,1.0,1.0,1.0,1.0,1.0,1.0
hcm_aal_469,aal_real,1.0,1.0,1.0,1.0,1.0,1.0,1.0
hcm_aal_470,aal_real,1.0,1.0,1.0,1.0,1.0,1.0,1.0
hcm_aal_471,aal_real,1.0,1.0,1.0,1.0,1.0,1.0,1.0
hcm_aal_472,aal_real,1.0,1.0,1.0,1.0,1.0,1.0,1.0
hcm_aal_473,aal_real,0.0017857142857142857,0.0,0.0,0.0,0.0,0.0,0.0
hcm_aal_474,aal_real,0.004,0.0,0.0,0.0,0.0,0.0,0.0
hcm_aal_475,aal_real,0.0006451612903225806,0.0,0.0,0.0,0.0,0.0,0.0
hcm_aal_476,aal_real,0.08333333333333333,0.0,0.0,0.0,1.0,1.0,1.0
hcm_aal_477,aal_real,0.037037037037037035,0.0,0.0,0.0,0.0,1.0,1.0
hcm_aal_478,aal_real,0.0029154518950437317,0.0,0.0,0.0,0.0,0.0,0.0
hcm_aal_479,aal_real,1.0,1.0,1.0,1.0,1.0,1.0,1.0
hcm_aal_480,aal_real,0.2,0.0,1.0,1.0,1.0,1.0,1.0
hcm_aal_481,aal_real,0.0037735849056603774,0.0,0.0,0.0,0.0,0.0,0.0
hcm_aal_482,aal_real,1.0,1.0,1.0,1.0,1.0,1.0,1.0
hcm_aal_483,aal_real,0.00847457627118644,0.0,0.0,0.0,0.0,0.0,0.0
hcm_aal_484,aal_real,0.001697792869269949,0.0,0.0,0.0,0.0,0.0,0.0
hcm_aal_485,aal_real,0.16666666666666666,0.0,0.0,1.0,1.0,1.0,1.0
hcm_aal_486,aal_real,0.03125,0.0,0.0,0.0,0.0,1.0,1.0
hcm_aal_487,aal_real,0.00980392156862745,0.0,0.0,0.0,0.0,0.0,0.0
hcm_aal_488,aal_real,1.0,1.0,1.0,1.0,1.0,1.0,1.0
hcm_aal_489,aal_real,1.0,1.0,1.0,1.0,1.0,1.0,1.0
hcm_aal_490,aal_real,0.0011976047904191617,0.0,0.0,0.0,0.0,0.0,0.0
hcm_aal_491,aal_real,0.0003835826620636747,0.0,0.0,0.0,0.0,0.0,0.0
hcm_aal_492,aal_real,0.0011627906976744186,0.0,0.0,0.0,0.0,0.0,0.0
hcm_aal_493,aal_real,0.5,0.0,1.0,1.0,1.0,1.0,1.0
hcm_aal_494,aal_real,1.0,1.0,1.0,1.0,1.0,1.0,1.0
hcm_aal_496,aal_real,1.0,1.0,1.0,1.0,1.0,1.0,1.0
hcm_aal_497,aal_real,0.004032258064516129,0.0,0.0,0.0,0.0,0.0,0.0
hcm_aal_498,aal_real,0.5,0.0,1.0,1.0,1.0,1.0,1.0
hcm_aal_499,aal_real,0.016666666666666666,0.0,0.0,0.0,0.0,0.0,1.0
hcm_aal_500,aal_real,0.0005321979776476849,0.0,0.0,0.0,0.0,0.0,0.0
hcm_aal_501,aal_real,0.011764705882352941,0.0,0.0,0.0,0.0,0.0,1.0
hcm_aal_502,aal_real,1.0,1.0,1.0,1.0,1.0,1.0,1.0
hcm_aal_503,aal_real,1.0,1.0,1.0,1.0,1.0,1.0,1.0
hcm_aal_504,aal_real,0.0029585798816568047,0.0,0.0,0.0,0.0,0.0,0.0
hcm_aal_505,aal_real,0.012345679012345678,0.0,0.0,0.0,0.0,0.0,1.0
hcm_aal_506,aal_real,0.0029585798816568047,0.0,0.0,0.0,0.0,0.0,0.0
hcm_aal_507,aal_real,0.05555555555555555,0.0,0.0,0.0,1.0,1.0,1.0
hcm_aal_508,aal_real,1.0,1.0,1.0,1.0,1.0,1.0,1.0
hcm_aal_509,aal_real,0.3333333333333333,0.0,1.0,1.0,1.0,1.0,1.0
hcm_aal_510,aal_real,0.004878048780487805,0.0,0.0,0.0,0.0,0.0,0.0
hcm_aal_512,aal_real,1.0,1.0,1.0,1.0,1.0,1.0,1.0
hcm_aal_513,aal_real,0.02564102564102564,0.0,0.0,0.0,0.0,1.0,1.0
hcm_aal_514,aal_real,1.0,1.0,1.0,1.0,1.0,1.0,1.0
hcm_aal_515,aal_real,0.5,0.0,1.0,1.0,1.0,1.0,1.0
hcm_aal_516,aal_real,0.00980392156862745,0.0,0.0,0.0,0.0,0.0,0.0
hcm_aal_517,aal_real,0.001557632398753894,0.0,0.0,0.0,0.0,0.0,0.0
hcm_aal_518,aal_real,1.0,1.0,1.0,1.0,1.0,1.0,1.0
hcm_aal_519,aal_real,0.07692307692307693,0.0,0.0,0.0,1.0,1.0,1.0
hcm_aal_520,aal_real,0.0008123476848090983,0.0,0.0,0.0,0.0,0.0,0.0
hcm_aal_521,aal_real,0.014285714285714285,0.0,0.0,0.0,0.0,0.0,1.0
hcm_aal_522,aal_real,0.004629629629629629,0.0,0.0,0.0,0.0,0.0,0.0
hcm_aal_523,aal_real,1.0,1.0,1.0,1.0,1.0,1.0,1.0
hcm_aal_524,aal_real,0.01098901098901099,0.0,0.0,0.0,0.0,0.0,1.0
hcm_aal_525,aal_real,0.0064516129032258064,0.0,0.0,0.0,0.0,0.0,0.0
hcm_aal_526,aal_real,0.5,0.0,1.0,1.0,1.0,1.0,1.0
hcm_aal_527,aal_real,0.0625,0.0,0.0,0.0,1.0,1.0,1.0
hcm_aal_528,aal_real,1.0,1.0,1.0,1.0,1.0,1.0,1.0
hcm_aal_529,aal_real,0.022222222222222223,0.0,0.0,0.0,0.0,1.0,1.0
hcm_aal_530,aal_real,0.25,0.0,1.0,1.0,1.0,1.0,1.0
hcm_aal_531,aal_real,0.018867924528301886,0.0,0.0,0.0,0.0,0.0,1.0
hcm_aal_532,aal_real,0.1,0.0,0.0,1.0,1.0,1.0,1.0
hcm_aal_533,aal_real,0.25,0.0,1.0,1.0,1.0,1.0,1.0
hcm_aal_534,aal_real,1.0,1.0,1.0,1.0,1.0,1.0,1.0
hcm_aal_535,aal_real,1.0,1.0,1.0,1.0,1.0,1.0,1.0
hcm_aal_536,aal_real,1.0,1.0,1.0,1.0,1.0,1.0,1.0
hcm_aal_537,aal_real,0.005813953488372093,0.0,0.0,0.0,0.0,0.0,0.0
hcm_aal_538,aal_real,1.0,1.0,1.0,1.0,1.0,1.0,1.0
hcm_aal_539,aal_real,1.0,1.0,1.0,1.0,1.0,1.0,1.0
hcm_aal_540,aal_real,0.3333333333333333,0.0,1.0,1.0,1.0,1.0,1.0
hcm_aal_541,aal_real,0.5,0.0,1.0,1.0,1.0,1.0,1.0
hcm_aal_542,aal_real,0.14285714285714285,0.0,0.0,1.0,1.0,1.0,1.0
hcm_aal_543,aal_real,0.0625,0.0,0.0,0.0,1.0,1.0,1.0
hcm_aal_544,aal_real,0.005917159763313609,0.0,0.0,0.0,0.0,0.0,0.0
hcm_aal_545,aal_real,1.0,1.0,1.0,1.0,1.0,1.0,1.0
hcm_aal_546,aal_real,0.1111111111111111,0.0,0.0,1.0,1.0,1.0,1.0
hcm_aal_547,aal_real,1.0,1.0,1.0,1.0,1.0,1.0,1.0
hcm_aal_548,aal_real,0.0070921985815602835,0.0,0.0,0.0,0.0,0.0,0.0
hcm_aal_549,aal_real,0.058823529411764705,0.0,0.0,0.0,1.0,1.0,1.0
hcm_aal_550,aal_real,0.5,0.0,1.0,1.0,1.0,1.0,1.0
hcm_aal_551,aal_real,1.0,1.0,1.0,1.0,1.0,1.0,1.0
hcm_aal_552,aal_real,0.16666666666666666,0.0,0.0,1.0,1.0,1.0,1.0
hcm_aal_553,aal_real,0.009345794392523364,0.0,0.0,0.0,0.0,0.0,0.0
hcm_aal_554,aal_real,1.0,1.0,1.0,1.0,1.0,1.0,1.0
hcm_aal_555,aal_real,0.5,0.0,1.0,1.0,1.0,1.0,1.0
hcm_aal_556,aal_real,0.006493506493506494,0.0,0.0,0.0,0.0,0.0,0.0
hcm_aal_557,aal_real,0.02631578947368421,0.0,0.0,0.0,0.0,1.0,1.0
hcm_aal_558,aal_real,1.0,1.0,1.0,1.0,1.0,1.0,1.0
hcm_aal_559,aal_real,0.09090909090909091,0.0,0.0,0.0,1.0,1.0,1.0
hcm_aal_560,aal_real,0.3333333333333333,0.0,1.0,1.0,1.0,1.0,1.0
hcm_aal_561,aal_real,1.0,1.0,1.0,1.0,1.0,1.0,1.0
hcm_aal_562,aal_real,1.0,1.0,1.0,1.0,1.0,1.0,1.0
hcm_aal_563,aal_real,1.0,1.0,1.0,1.0,1.0,1.0,1.0
hcm_aal_564,aal_real,1.0,1.0,1.0,1.0,1.0,1.0,1.0
hcm_aal_565,aal_real,1.0,1.0,1.0,1.0,1.0,1.0,1.0
hcm_aal_566,aal_real,0.1111111111111111,0.0,0.0,1.0,1.0,1.0,1.0
hcm_aal_567,aal_real,1.0,1.0,1.0,1.0,1.0,1.0,1.0
hcm_aal_568,aal_real,1.0,1.0,1.0,1.0,1.0,1.0,1.0
hcm_aal_570,aal_real,0.14285714285714285,0.0,0.0,1.0,1.0,1.0,1.0
hcm_aal_571,aal_real,0.3333333333333333,0.0,1.0,1.0,1.0,1.0,1.0
hcm_aal_572,aal_real,0.02040816326530612,0.0,0.0,0.0,0.0,1.0,1.0
hcm_aal_573,aal_real,1.0,1.0,1.0,1.0,1.0,1.0,1.0
hcm_aal_574,aal_real,0.02564102564102564,0.0,0.0,0.0,0.0,1.0,1.0
hcm_aal_575,aal_real,1.0,1.0,1.0,1.0,1.0,1.0,1.0
hcm_aal_576,aal_real,1.0,1.0,1.0,1.0,1.0,1.0,1.0
hcm_aal_577,aal_real,0.007751937984496124,0.0,0.0,0.0,0.0,0.0,0.0
hcm_aal_578,aal_real,0.3333333333333333,0.0,1.0,1.0,1.0,1.0,1.0
hcm_aal_579,aal_real,1.0,1.0,1.0,1.0,1.0,1.0,1.0
hcm_aal_580,aal_real,1.0,1.0,1.0,1.0,1.0,1.0,1.0
hcm_aal_581,aal_real,0.125,0.0,0.0,1.0,1.0,1.0,1.0
hcm_aal_582,aal_real,0.008403361344537815,0.0,0.0,0.0,0.0,0.0,0.0
hcm_aal_583,aal_real,1.0,1.0,1.0,1.0,1.0,1.0,1.0
hcm_aal_584,aal_real,0.018867924528301886,0.0,0.0,0.0,0.0,0.0,1.0
hcm_aal_585,aal_real,0.0007968127490039841,0.0,0.0,0.0,0.0,0.0,0.0
hcm_aal_586,aal_real,0.004032258064516129,0.0,0.0,0.0,0.0,0.0,0.0
hcm_aal_587,aal_real,1.0,1.0,1.0,1.0,1.0,1.0,1.0
hcm_aal_588,aal_real,0.125,0.0,0.0,1.0,1.0,1.0,1.0
hcm_aal_589,aal_real,1.0,1.0,1.0,1.0,1.0,1.0,1.0
hcm_aal_590,aal_real,0.05263157894736842,0.0,0.0,0.0,1.0,1.0,1.0
hcm_aal_591,aal_real,0.0078125,0.0,0.0,0.0,0.0,0.0,0.0
hcm_aal_592,aal_real,0.0008183306055646482,0.0,0.0,0.0,0.0,0.0,0.0
hcm_aal_593,aal_real,0.018518518518518517,0.0,0.0,0.0,0.0,0.0,1.0
hcm_aal_594,aal_real,0.03333333333333333,0.0,0.0,0.0,0.0,1.0,1.0
hcm_aal_595,aal_real,0.00012149192078726765,0.0,0.0,0.0,0.0,0.0,0.0
hcm_aal_596,aal_real,0.0006397952655150352,0.0,0.0,0.0,0.0,0.0,0.0
hcm_aal_597,aal_real,0.14285714285714285,0.0,0.0,1.0,1.0,1.0,1.0
hcm_aal_598,aal_real,0.0001097333479644464,0.0,0.0,0.0,0.0,0.0,0.0
hcm_aal_599,aal_real,0.0078125,0.0,0.0,0.0,0.0,0.0,0.0
hcm_aal_600,aal_real,0.002421307506053269,0.0,0.0,0.0,0.0,0.0,0.0
hcm_aal_601,aal_real,0.5,0.0,1.0,1.0,1.0,1.0,1.0
hcm_aal_602,aal_real,1.0,1.0,1.0,1.0,1.0,1.0,1.0
hcm_aal_603,aal_real,1.0,1.0,1.0,1.0,1.0,1.0,1.0
hcm_aal_604,aal_real,1.0,1.0,1.0,1.0,1.0,1.0,1.0
hcm_aal_605,aal_real,0.1,0.0,0.0,1.0,1.0,1.0,1.0
hcm_aal_606,aal_real,0.5,0.0,1.0,1.0,1.0,1.0,1.0
hcm_aal_607,aal_real,0.5,0.0,1.0,1.0,1.0,1.0,1.0
hcm_aal_608,aal_real,1.0,1.0,1.0,1.0,1.0,1.0,1.0
hcm_aal_609,aal_real,0.2,0.0,1.0,1.0,1.0,1.0,1.0
hcm_aal_610,aal_real,0.5,0.0,1.0,1.0,1.0,1.0,1.0
hcm_aal_611,aal_real,1.0,1.0,1.0,1.0,1.0,1.0,1.0
hcm_aal_612,aal_real,1.0,1.0,1.0,1.0,1.0,1.0,1.0
hcm_aal_613,aal_real,1.0,1.0,1.0,1.0,1.0,1.0,1.0
hcm_aal_614,aal_real,1.0,1.0,1.0,1.0,1.0,1.0,1.0
hcm_aal_615,aal_real,1.0,1.0,1.0,1.0,1.0,1.0,1.0
hcm_aal_616,aal_real,0.16666666666666666,0.0,0.0,1.0,1.0,1.0,1.0
hcm_aal_617,aal_real,1.0,1.0,1.0,1.0,1.0,1.0,1.0
hcm_aal_618,aal_real,0.016666666666666666,0.0,0.0,0.0,0.0,0.0,1.0
hcm_aal_619,aal_real,0.0013698630136986301,0.0,0.0,0.0,0.0,0.0,0.0
hcm_aal_620,aal_real,0.003236245954692557,0.0,0.0,0.0,0.0,0.0,0.0
hcm_aal_621,aal_real,1.0,1.0,1.0,1.0,1.0,1.0,1.0
hcm_aal_622,aal_real,0.0045045045045045045,0.0,0.0,0.0,0.0,0.0,0.0
hcm_aal_623,aal_real,0.038461538461538464,0.0,0.0,0.0,0.0,1.0,1.0
hcm_aal_624,aal_real,0.011904761904761904,0.0,0.0,0.0,0.0,0.0,1.0
hcm_aal_625,aal_real,1.0,1.0,1.0,1.0,1.0,1.0,1.0
hcm_aal_626,aal_real,0.0005861664712778429,0.0,0.0,0.0,0.0,0.0,0.0
hcm_aal_627,aal_real,0.5,0.0,1.0,1.0,1.0,1.0,1.0
hcm_aal_628,aal_real,0.02857142857142857,0.0,0.0,0.0,0.0,1.0,1.0
hcm_aal_629,aal_real,0.0064516129032258064,0.0,0.0,0.0,0.0,0.0,0.0
hcm_aal_630,aal_real,0.043478260869565216,0.0,0.0,0.0,0.0,1.0,1.0
hcm_aal_631,aal_real,1.0,1.0,1.0,1.0,1.0,1.0,1.0
hcm_aal_632,aal_real,1.0,1.0,1.0,1.0,1.0,1.0,1.0
hcm_aal_633,aal_real,0.027777777777777776,0.0,0.0,0.0,0.0,1.0,1.0
hcm_aal_634,aal_real,0.25,0.0,1.0,1.0,1.0,1.0,1.0
hcm_aal_635,aal_real,1.0,1.0,1.0,1.0,1.0,1.0,1.0
hcm_aal_636,aal_real,0.5,0.0,1.0,1.0,1.0,1.0,1.0
hcm_aal_637,aal_real,0.03333333333333333,0.0,0.0,0.0,0.0,1.0,1.0
hcm_aal_638,aal_real,1.0,1.0,1.0,1.0,1.0,1.0,1.0
hcm_aal_639,aal_real,0.00819672131147541,0.0,0.0,0.0,0.0,0.0,0.0
hcm_aal_640,aal_real,1.0,1.0,1.0,1.0,1.0,1.0,1.0
hcm_aal_641,aal_real,1.0,1.0,1.0,1.0,1.0,1.0,1.0
hcm_aal_642,aal_real,0.024390243902439025,0.0,0.0,0.0,0.0,1.0,1.0
hcm_aal_643,aal_real,0.0034129692832764505,0.0,0.0,0.0,0.0,0.0,0.0
hcm_aal_644,aal_real,0.2,0.0,1.0,1.0,1.0,1.0,1.0
hcm_aal_645,aal_real,0.043478260869565216,0.0,0.0,0.0,0.0,1.0,1.0
hcm_aal_646,aal_real,0.029411764705882353,0.0,0.0,0.0,0.0,1.0,1.0
hcm_aal_647,aal_real,0.0625,0.0,0.0,0.0,1.0,1.0,1.0
hcm_aal_648,aal_real,0.03333333333333333,0.0,0.0,0.0,0.0,1.0,1.0
hcm_aal_649,aal_real,0.000641025641025641,0.0,0.0,0.0,0.0,0.0,0.0
hcm_aal_650,aal_real,0.1111111111111111,0.0,0.0,1.0,1.0,1.0,1.0
hcm_aal_651,aal_real,0.00046468401486988845,0.0,0.0,0.0,0.0,0.0,0.0
hcm_aal_652,aal_real,1.0,1.0,1.0,1.0,1.0,1.0,1.0
hcm_aal_653,aal_real,1.0,1.0,1.0,1.0,1.0,1.0,1.0
hcm_aal_654,aal_real,1.0,1.0,1.0,1.0,1.0,1.0,1.0
hcm_aal_655,aal_real,0.008264462809917356,0.0,0.0,0.0,0.0,0.0,0.0
hcm_trans_0,trans_aal,0.1111111111111111,0.0,0.0,1.0,1.0,1.0,1.0
hcm_trans_1,trans_aal,0.14285714285714285,0.0,0.0,1.0,1.0,1.0,1.0
hcm_trans_2,trans_aal,0.5,0.0,1.0,1.0,1.0,1.0,1.0
hcm_trans_3,trans_aal,0.020833333333333332,0.0,0.0,0.0,0.0,1.0,1.0
hcm_trans_4,trans_aal,0.0011614401858304297,0.0,0.0,0.0,0.0,0.0,0.0
hcm_trans_5,trans_aal,0.3333333333333333,0.0,1.0,1.0,1.0,1.0,1.0
hcm_trans_6,trans_aal,0.1,0.0,0.0,1.0,1.0,1.0,1.0
hcm_trans_7,trans_aal,0.00046598322460391424,0.0,0.0,0.0,0.0,0.0,0.0
hcm_trans_8,trans_aal,0.001697792869269949,0.0,0.0,0.0,0.0,0.0,0.0
hcm_trans_9,trans_aal,0.002857142857142857,0.0,0.0,0.0,0.0,0.0,0.0
hcm_trans_10,trans_aal,1.0,1.0,1.0,1.0,1.0,1.0,1.0
hcm_trans_11,trans_aal,1.0,1.0,1.0,1.0,1.0,1.0,1.0
hcm_trans_12,trans_aal,1.0,1.0,1.0,1.0,1.0,1.0,1.0
hcm_trans_13,trans_aal,1.0,1.0,1.0,1.0,1.0,1.0,1.0
hcm_trans_14,trans_aal,0.2,0.0,1.0,1.0,1.0,1.0,1.0
hcm_trans_15,trans_aal,0.047619047619047616,0.0,0.0,0.0,0.0,1.0,1.0
hcm_trans_16,trans_aal,0.008333333333333333,0.0,0.0,0.0,0.0,0.0,0.0
hcm_trans_17,trans_aal,1.0,1.0,1.0,1.0,1.0,1.0,1.0
hcm_trans_18,trans_aal,1.0,1.0,1.0,1.0,1.0,1.0,1.0
hcm_trans_19,trans_aal,1.0,1.0,1.0,1.0,1.0,1.0,1.0
hcm_trans_20,trans_aal,0.009708737864077669,0.0,0.0,0.0,0.0,0.0,0.0
hcm_trans_21,trans_aal,0.0009380863039399625,0.0,0.0,0.0,0.0,0.0,0.0
hcm_trans_22,trans_aal,0.007936507936507936,0.0,0.0,0.0,0.0,0.0,0.0
hcm_trans_23,trans_aal,1.0,1.0,1.0,1.0,1.0,1.0,1.0
hcm_trans_24,trans_aal,1.0,1.0,1.0,1.0,1.0,1.0,1.0
hcm_trans_25,trans_aal,1.0,1.0,1.0,1.0,1.0,1.0,1.0
hcm_trans_26,trans_aal,1.0,1.0,1.0,1.0,1.0,1.0,1.0
hcm_trans_27,trans_aal,0.5,0.0,1.0,1.0,1.0,1.0,1.0
hcm_trans_28,trans_aal,0.011764705882352941,0.0,0.0,0.0,0.0,0.0,1.0
hcm_trans_29,trans_aal,1.0,1.0,1.0,1.0,1.0,1.0,1.0
hcm_trans_30,trans_aal,1.0,1.0,1.0,1.0,1.0,1.0,1.0
hcm_trans_31,trans_aal,0.16666666666666666,0.0,0.0,1.0,1.0,1.0,1.0
hcm_trans_32,trans_aal,0.0006963788300835655,0.0,0.0,0.0,0.0,0.0,0.0
hcm_trans_33,trans_aal,0.3333333333333333,0.0,1.0,1.0,1.0,1.0,1.0
hcm_trans_34,trans_aal,0.02857142857142857,0.0,0.0,0.0,0.0,1.0,1.0
hcm_trans_35,trans_aal,0.05555555555555555,0.0,0.0,0.0,1.0,1.0,1.0
hcm_trans_36,trans_aal,1.0,1.0,1.0,1.0,1.0,1.0,1.0
hcm_trans_37,trans_aal,0.14285714285714285,0.0,0.0,1.0,1.0,1.0,1.0
hcm_trans_38,trans_aal,0.0006131207847946045,0.0,0.0,0.0,0.0,0.0,0.0
hcm_trans_39,trans_aal,0.0031746031746031746,0.0,0.0,0.0,0.0,0.0,0.0
hcm_trans_40,trans_aal,0.1,0.0,0.0,1.0,1.0,1.0,1.0
hcm_trans_41,trans_aal,0.08333333333333333,0.0,0.0,0.0,1.0,1.0,1.0
hcm_trans_42,trans_aal,1.0,1.0,1.0,1.0,1.0,1.0,1.0
hcm_trans_43,trans_aal,1.0,1.0,1.0,1.0,1.0,1.0,1.0
hcm_trans_44,trans_aal,1.0,1.0,1.0,1.0,1.0,1.0,1.0
hcm_trans_45,trans_aal,0.006060606060606061,0.0,0.0,0.0,0.0,0.0,0.0
hcm_trans_46,trans_aal,0.0008598452278589854,0.0,0.0,0.0,0.0,0.0,0.0
hcm_trans_47,trans_aal,0.06666666666666667,0.0,0.0,0.0,1.0,1.0,1.0
hcm_trans_48,trans_aal,0.004310344827586207,0.0,0.0,0.0,0.0,0.0,0.0
hcm_trans_49,trans_aal,0.008403361344537815,0.0,0.0,0.0,0.0,0.0,0.0
hcm_trans_50,trans_aal,1.0,1.0,1.0,1.0,1.0,1.0,1.0
hcm_trans_51,trans_aal,0.01818181818181818,0.0,0.0,0.0,0.0,0.0,1.0
hcm_trans_52,trans_aal,1.0,1.0,1.0,1.0,1.0,1.0,1.0
hcm_trans_53,trans_aal,0.007246376811594203,0.0,0.0,0.0,0.0,0.0,0.0
hcm_trans_54,trans_aal,0.03225806451612903,0.0,0.0,0.0,0.0,1.0,1.0
hcm_trans_55,trans_aal,0.017241379310344827,0.0,0.0,0.0,0.0,0.0,1.0
hcm_trans_56,trans_aal,1.0,1.0,1.0,1.0,1.0,1.0,1.0
hcm_trans_57,trans_aal,0.5,0.0,1.0,1.0,1.0,1.0,1.0
hcm_trans_58,trans_aal,0.1,0.0,0.0,1.0,1.0,1.0,1.0
hcm_trans_59,trans_aal,0.002398081534772182,0.0,0.0,0.0,0.0,0.0,0.0
hcm_trans_60,trans_aal,0.005494505494505495,0.0,0.0,0.0,0.0,0.0,0.0
hcm_trans_61,trans_aal,0.0015037593984962407,0.0,0.0,0.0,0.0,0.0,0.0
hcm_trans_62,trans_aal,0.0625,0.0,0.0,0.0,1.0,1.0,1.0
hcm_trans_63,trans_aal,0.0125,0.0,0.0,0.0,0.0,0.0,1.0
hcm_trans_64,trans_aal,0.012987012987012988,0.0,0.0,0.0,0.0,0.0,1.0
hcm_trans_65,trans_aal,1.0,1.0,1.0,1.0,1.0,1.0,1.0
hcm_trans_66,trans_aal,1.0,1.0,1.0,1.0,1.0,1.0,1.0
hcm_trans_67,trans_aal,0.5,0.0,1.0,1.0,1.0,1.0,1.0
hcm_trans_68,trans_aal,0.00045392646391284613,0.0,0.0,0.0,0.0,0.0,0.0
hcm_trans_69,trans_aal,1.0,1.0,1.0,1.0,1.0,1.0,1.0
hcm_trans_71,trans_aal,0.021739130434782608,0.0,0.0,0.0,0.0,1.0,1.0
hcm_trans_72,trans_aal,0.2,0.0,1.0,1.0,1.0,1.0,1.0
hcm_trans_73,trans_aal,1.0,1.0,1.0,1.0,1.0,1.0,1.0
hcm_trans_74,trans_aal,0.0007163323782234957,0.0,0.0,0.0,0.0,0.0,0.0
hcm_trans_75,trans_aal,0.016666666666666666,0.0,0.0,0.0,0.0,0.0,1.0
hcm_trans_76,trans_aal,0.005376344086021506,0.0,0.0,0.0,0.0,0.0,0.0
hcm_trans_77,trans_aal,0.043478260869565216,0.0,0.0,0.0,0.0,1.0,1.0
hcm_trans_78,trans_aal,1.0,1.0,1.0,1.0,1.0,1.0,1.0
hcm_trans_79,trans_aal,0.3333333333333333,0.0,1.0,1.0,1.0,1.0,1.0
hcm_trans_80,trans_aal,0.06666666666666667,0.0,0.0,0.0,1.0,1.0,1.0
hcm_trans_81,trans_aal,0.125,0.0,0.0,1.0,1.0,1.0,1.0
hcm_trans_82,trans_aal,1.0,1.0,1.0,1.0,1.0,1.0,1.0
hcm_trans_83,trans_aal,0.08333333333333333,0.0,0.0,0.0,1.0,1.0,1.0
hcm_trans_84,trans_aal,0.3333333333333333,0.0,1.0,1.0,1.0,1.0,1.0
hcm_trans_85,trans_aal,1.0,1.0,1.0,1.0,1.0,1.0,1.0
hcm_trans_86,trans_aal,0.002105263157894737,0.0,0.0,0.0,0.0,0.0,0.0
hcm_trans_87,trans_aal,0.16666666666666666,0.0,0.0,1.0,1.0,1.0,1.0
hcm_trans_88,trans_aal,1.0,1.0,1.0,1.0,1.0,1.0,1.0
hcm_trans_89,trans_aal,0.04,0.0,0.0,0.0,0.0,1.0,1.0
hcm_trans_90,trans_aal,0.2,0.0,1.0,1.0,1.0,1.0,1.0
hcm_trans_91,trans_aal,0.06666666666666667,0.0,0.0,0.0,1.0,1.0,1.0
hcm_trans_92,trans_aal,1.0,1.0,1.0,1.0,1.0,1.0,1.0
hcm_trans_93,trans_aal,0.002398081534772182,0.0,0.0,0.0,0.0,0.0,0.0
hcm_trans_94,trans_aal,1.0,1.0,1.0,1.0,1.0,1.0,1.0
hcm_trans_95,trans_aal,0.0006920415224913495,0.0,0.0,0.0,0.0,0.0,0.0
hcm_trans_96,trans_aal,1.0,1.0,1.0,1.0,1.0,1.0,1.0
hcm_trans_97,trans_aal,0.008695652173913044,0.0,0.0,0.0,0.0,0.0,0.0
hcm_trans_98,trans_aal,0.25,0.0,1.0,1.0,1.0,1.0,1.0
hcm_trans_99,trans_aal,0.2,0.0,1.0,1.0,1.0,1.0,1.0
hcm_trans_100,trans_aal,0.0010822510822510823,0.0,0.0,0.0,0.0,0.0,0.0
hcm_trans_101,trans_aal,0.02857142857142857,0.0,0.0,0.0,0.0,1.0,1.0
hcm_trans_102,trans_aal,1.0,1.0,1.0,1.0,1.0,1.0,1.0
hcm_trans_103,trans_aal,1.0,1.0,1.0,1.0,1.0,1.0,1.0
hcm_trans_104,trans_aal,0.0012062726176115801,0.0,0.0,0.0,0.0,0.0,0.0
hcm_trans_105,trans_aal,1.0,1.0,1.0,1.0,1.0,1.0,1.0
hcm_trans_106,trans_aal,1.0,1.0,1.0,1.0,1.0,1.0,1.0
hcm_trans_107,trans_aal,0.00423728813559322,0.0,0.0,0.0,0.0,0.0,0.0
hcm_trans_108,trans_aal,1.0,1.0,1.0,1.0,1.0,1.0,1.0
hcm_trans_109,trans_aal,0.005780346820809248,0.0,0.0,0.0,0.0,0.0,0.0
hcm_trans_110,trans_aal,0.25,0.0,1.0,1.0,1.0,1.0,1.0
hcm_trans_111,trans_aal,0.5,0.0,1.0,1.0,1.0,1.0,1.0
hcm_trans_112,trans_aal,0.5,0.0,1.0,1.0,1.0,1.0,1.0
hcm_trans_113,trans_aal,0.09090909090909091,0.0,0.0,0.0,1.0,1.0,1.0
hcm_trans_114,trans_aal,0.3333333333333333,0.0,1.0,1.0,1.0,1.0,1.0
hcm_trans_115,trans_aal,0.02,0.0,0.0,0.0,0.0,1.0,1.0
hcm_trans_116,trans_aal,1.0,1.0,1.0,1.0,1.0,1.0,1.0
hcm_trans_117,trans_aal,0.003472222222222222,0.0,0.0,0.0,0.0,0.0,0.0
hcm_trans_118,trans_aal,1.0,1.0,1.0,1.0,1.0,1.0,1.0
hcm_trans_119,trans_aal,0.01818181818181818,0.0,0.0,0.0,0.0,0.0,1.0
hcm_trans_120,trans_aal,1.0,1.0,1.0,1.0,1.0,1.0,1.0
hcm_trans_121,trans_aal,1.0,1.0,1.0,1.0,1.0,1.0,1.0
hcm_trans_122,trans_aal,0.5,0.0,1.0,1.0,1.0,1.0,1.0
hcm_trans_123,trans_aal,0.00980392156862745,0.0,0.0,0.0,0.0,0.0,0.0
hcm_trans_124,trans_aal,0.0051813471502590676,0.0,0.0,0.0,0.0,0.0,0.0
hcm_trans_125,trans_aal,1.0,1.0,1.0,1.0,1.0,1.0,1.0
hcm_trans_126,trans_aal,0.5,0.0,1.0,1.0,1.0,1.0,1.0
hcm_trans_127,trans_aal,1.0,1.0,1.0,1.0,1.0,1.0,1.0
hcm_trans_128,trans_aal,1.0,1.0,1.0,1.0,1.0,1.0,1.0
hcm_trans_129,trans_aal,0.14285714285714285,0.0,0.0,1.0,1.0,1.0,1.0
hcm_trans_130,trans_aal,1.0,1.0,1.0,1.0,1.0,1.0,1.0
hcm_trans_131,trans_aal,0.034482758620689655,0.0,0.0,0.0,0.0,1.0,1.0
hcm_trans_132,trans_aal,0.003745318352059925,0.0,0.0,0.0,0.0,0.0,0.0
hcm_trans_133,trans_aal,0.2,0.0,1.0,1.0,1.0,1.0,1.0
hcm_trans_134,trans_aal,0.5,0.0,1.0,1.0,1.0,1.0,1.0
hcm_trans_135,trans_aal,0.02,0.0,0.0,0.0,0.0,1.0,1.0
hcm_trans_136,trans_aal,1.0,1.0,1.0,1.0,1.0,1.0,1.0
hcm_trans_137,trans_aal,0.03571428571428571,0.0,0.0,0.0,0.0,1.0,1.0
hcm_trans_138,trans_aal,1.0,1.0,1.0,1.0,1.0,1.0,1.0
hcm_trans_139,trans_aal,1.0,1.0,1.0,1.0,1.0,1.0,1.0
hcm_trans_140,trans_aal,0.0016339869281045752,0.0,0.0,0.0,0.0,0.0,0.0
hcm_trans_141,trans_aal,1.0,1.0,1.0,1.0,1.0,1.0,1.0
hcm_trans_142,trans_aal,0.1111111111111111,0.0,0.0,1.0,1.0,1.0,1.0
hcm_trans_143,trans_aal,1.0,1.0,1.0,1.0,1.0,1.0,1.0
hcm_trans_145,trans_aal,1.0,1.0,1.0,1.0,1.0,1.0,1.0
hcm_trans_146,trans_aal,1.0,1.0,1.0,1.0,1.0,1.0,1.0
hcm_trans_147,trans_aal,0.005,0.0,0.0,0.0,0.0,0.0,0.0
hcm_trans_148,trans_aal,1.0,1.0,1.0,1.0,1.0,1.0,1.0
hcm_trans_149,trans_aal,0.5,0.0,1.0,1.0,1.0,1.0,1.0
hcm_trans_150,trans_aal,1.0,1.0,1.0,1.0,1.0,1.0,1.0
hcm_trans_151,trans_aal,1.0,1.0,1.0,1.0,1.0,1.0,1.0
hcm_trans_152,trans_aal,0.022727272727272728,0.0,0.0,0.0,0.0,1.0,1.0
hcm_trans_153,trans_aal,0.003067484662576687,0.0,0.0,0.0,0.0,0.0,0.0
hcm_trans_154,trans_aal,0.01282051282051282,0.0,0.0,0.0,0.0,0.0,1.0
hcm_trans_155,trans_aal,0.3333333333333333,0.0,1.0,1.0,1.0,1.0,1.0
hcm_trans_156,trans_aal,0.005291005291005291,0.0,0.0,0.0,0.0,0.0,0.0
hcm_trans_157,trans_aal,0.017241379310344827,0.0,0.0,0.0,0.0,0.0,1.0
hcm_trans_158,trans_aal,0.3333333333333333,0.0,1.0,1.0,1.0,1.0,1.0
hcm_trans_159,trans_aal,1.0,1.0,1.0,1.0,1.0,1.0,1.0
hcm_trans_160,trans_aal,0.0625,0.0,0.0,0.0,1.0,1.0,1.0
hcm_trans_161,trans_aal,1.0,1.0,1.0,1.0,1.0,1.0,1.0
hcm_trans_162,trans_aal,1.0,1.0,1.0,1.0,1.0,1.0,1.0
hcm_trans_163,trans_aal,0.04,0.0,0.0,0.0,0.0,1.0,1.0
hcm_trans_164,trans_aal,0.0031446540880503146,0.0,0.0,0.0,0.0,0.0,0.0
hcm_trans_165,trans_aal,0.001336898395721925,0.0,0.0,0.0,0.0,0.0,0.0
hcm_trans_166,trans_aal,1.0,1.0,1.0,1.0,1.0,1.0,1.0
hcm_trans_167,trans_aal,1.0,1.0,1.0,1.0,1.0,1.0,1.0
hcm_trans_168,trans_aal,0.3333333333333333,0.0,1.0,1.0,1.0,1.0,1.0
hcm_trans_169,trans_aal,1.0,1.0,1.0,1.0,1.0,1.0,1.0
hcm_trans_170,trans_aal,1.0,1.0,1.0,1.0,1.0,1.0,1.0
hcm_trans_171,trans_aal,1.0,1.0,1.0,1.0,1.0,1.0,1.0
hcm_trans_172,trans_aal,0.16666666666666666,0.0,0.0,1.0,1.0,1.0,1.0
hcm_trans_173,trans_aal,0.009615384615384616,0.0,0.0,0.0,0.0,0.0,0.0
hcm_trans_174,trans_aal,0.030303030303030304,0.0,0.0,0.0,0.0,1.0,1.0
hcm_trans_175,trans_aal,1.0,1.0,1.0,1.0,1.0,1.0,1.0
hcm_trans_176,trans_aal,1.0,1.0,1.0,1.0,1.0,1.0,1.0
hcm_trans_177,trans_aal,1.0,1.0,1.0,1.0,1.0,1.0,1.0
hcm_trans_178,trans_aal,0.006329113924050633,0.0,0.0,0.0,0.0,0.0,0.0
hcm_trans_179,trans_aal,1.0,1.0,1.0,1.0,1.0,1.0,1.0
hcm_trans_180,trans_aal,0.0070921985815602835,0.0,0.0,0.0,0.0,0.0,0.0
hcm_trans_181,trans_aal,0.010638297872340425,0.0,0.0,0.0,0.0,0.0,1.0
hcm_trans_182,trans_aal,0.007874015748031496,0.0,0.0,0.0,0.0,0.0,0.0
hcm_trans_183,trans_aal,1.0,1.0,1.0,1.0,1.0,1.0,1.0
hcm_trans_184,trans_aal,0.002,0.0,0.0,0.0,0.0,0.0,0.0
hcm_trans_185,trans_aal,0.02857142857142857,0.0,0.0,0.0,0.0,1.0,1.0
hcm_trans_186,trans_aal,0.3333333333333333,0.0,1.0,1.0,1.0,1.0,1.0
hcm_trans_187,trans_aal,0.001644736842105263,0.0,0.0,0.0,0.0,0.0,0.0
hcm_trans_188,trans_aal,0.019230769230769232,0.0,0.0,0.0,0.0,0.0,1.0
hcm_trans_189,trans_aal,1.0,1.0,1.0,1.0,1.0,1.0,1.0
hcm_trans_190,trans_aal,1.0,1.0,1.0,1.0,1.0,1.0,1.0
hcm_trans_191,trans_aal,0.0056179775280898875,0.0,0.0,0.0,0.0,0.0,0.0
hcm_trans_192,trans_aal,0.25,0.0,1.0,1.0,1.0,1.0,1.0
hcm_trans_193,trans_aal,0.25,0.0,1.0,1.0,1.0,1.0,1.0
hcm_trans_194,trans_aal,0.041666666666666664,0.0,0.0,0.0,0.0,1.0,1.0
hcm_trans_195,trans_aal,0.005235602094240838,0.0,0.0,0.0,0.0,0.0,0.0
hcm_trans_196,trans_aal,0.047619047619047616,0.0,0.0,0.0,0.0,1.0,1.0
hcm_trans_197,trans_aal,0.06666666666666667,0.0,0.0,0.0,1.0,1.0,1.0
hcm_trans_198,trans_aal,0.16666666666666666,0.0,0.0,1.0,1.0,1.0,1.0
hcm_trans_199,trans_aal,1.0,1.0,1.0,1.0,1.0,1.0,1.0
hcm_trans_200,trans_aal,0.5,0.0,1.0,1.0,1.0,1.0,1.0
hcm_trans_201,trans_aal,0.000576036866359447,0.0,0.0,0.0,0.0,0.0,0.0
hcm_trans_202,trans_aal,0.07692307692307693,0.0,0.0,0.0,1.0,1.0,1.0
hcm_trans_203,trans_aal,0.0625,0.0,0.0,0.0,1.0,1.0,1.0
hcm_trans_204,trans_aal,0.5,0.0,1.0,1.0,1.0,1.0,1.0
hcm_trans_205,trans_aal,1.0,1.0,1.0,1.0,1.0,1.0,1.0
hcm_trans_206,trans_aal,0.02857142857142857,0.0,0.0,0.0,0.0,1.0,1.0
hcm_trans_207,trans_aal,0.0625,0.0,0.0,0.0,1.0,1.0,1.0
hcm_trans_208,trans_aal,0.038461538461538464,0.0,0.0,0.0,0.0,1.0,1.0
hcm_trans_209,trans_aal,1.0,1.0,1.0,1.0,1.0,1.0,1.0
hcm_trans_210,trans_aal,0.037037037037037035,0.0,0.0,0.0,0.0,1.0,1.0
hcm_trans_211,trans_aal,0.3333333333333333,0.0,1.0,1.0,1.0,1.0,1.0
hcm_trans_212,trans_aal,0.002105263157894737,0.0,0.0,0.0,0.0,0.0,0.0
hcm_trans_213,trans_aal,0.125,0.0,0.0,1.0,1.0,1.0,1.0
hcm_trans_214,trans_aal,0.006211180124223602,0.0,0.0,0.0,0.0,0.0,0.0
hcm_trans_215,trans_aal,1.0,1.0,1.0,1.0,1.0,1.0,1.0
hcm_trans_216,trans_aal,1.0,1.0,1.0,1.0,1.0,1.0,1.0
hcm_trans_217,trans_aal,1.0,1.0,1.0,1.0,1.0,1.0,1.0
hcm_trans_218,trans_aal,0.010869565217391304,0.0,0.0,0.0,0.0,0.0,1.0
hcm_trans_219,trans_aal,0.0136986301369863,0.0,0.0,0.0,0.0,0.0,1.0
hcm_trans_220,trans_aal,1.0,1.0,1.0,1.0,1.0,1.0,1.0
hcm_trans_221,trans_aal,1.0,1.0,1.0,1.0,1.0,1.0,1.0
hcm_trans_222,trans_aal,1.0,1.0,1.0,1.0,1.0,1.0,1.0
hcm_trans_223,trans_aal,0.14285714285714285,0.0,0.0,1.0,1.0,1.0,1.0
hcm_trans_224,trans_aal,0.0007598784194528875,0.0,0.0,0.0,0.0,0.0,0.0
hcm_trans_225,trans_aal,1.0,1.0,1.0,1.0,1.0,1.0,1.0
hcm_trans_226,trans_aal,1.0,1.0,1.0,1.0,1.0,1.0,1.0
hcm_trans_227,trans_aal,0.027777777777777776,0.0,0.0,0.0,0.0,1.0,1.0
hcm_trans_228,trans_aal,0.14285714285714285,0.0,0.0,1.0,1.0,1.0,1.0
hcm_trans_229,trans_aal,1.0,1.0,1.0,1.0,1.0,1.0,1.0
hcm_trans_230,trans_aal,0.5,0.0,1.0,1.0,1.0,1.0,1.0
hcm_trans_231,trans_aal,0.014285714285714285,0.0,0.0,0.0,0.0,0.0,1.0
hcm_trans_232,trans_aal,1.0,1.0,1.0,1.0,1.0,1.0,1.0
hcm_trans_233,trans_aal,0.007352941176470588,0.0,0.0,0.0,0.0,0.0,0.0
hcm_trans_234,trans_aal,0.02127659574468085,0.0,0.0,0.0,0.0,1.0,1.0
hcm_trans_235,trans_aal,0.02127659574468085,0.0,0.0,0.0,0.0,1.0,1.0
hcm_trans_236,trans_aal,1.0,1.0,1.0,1.0,1.0,1.0,1.0
hcm_trans_237,trans_aal,0.0625,0.0,0.0,0.0,1.0,1.0,1.0
hcm_trans_238,trans_aal,1.0,1.0,1.0,1.0,1.0,1.0,1.0
hcm_trans_239,trans_aal,0.5,0.0,1.0,1.0,1.0,1.0,1.0
hcm_trans_240,trans_aal,1.0,1.0,1.0,1.0,1.0,1.0,1.0
hcm_trans_241,trans_aal,0.25,0.0,1.0,1.0,1.0,1.0,1.0
hcm_trans_242,trans_aal,1.0,1.0,1.0,1.0,1.0,1.0,1.0
hcm_trans_243,trans_aal,0.3333333333333333,0.0,1.0,1.0,1.0,1.0,1.0
hcm_trans_244,trans_aal,0.5,0.0,1.0,1.0,1.0,1.0,1.0
hcm_trans_245,trans_aal,1.0,1.0,1.0,1.0,1.0,1.0,1.0
hcm_trans_246,trans_aal,0.5,0.0,1.0,1.0,1.0,1.0,1.0
hcm_trans_247,trans_aal,0.09090909090909091,0.0,0.0,0.0,1.0,1.0,1.0
hcm_trans_248,trans_aal,0.008547008547008548,0.0,0.0,0.0,0.0,0.0,0.0
hcm_trans_249,trans_aal,0.030303030303030304,0.0,0.0,0.0,0.0,1.0,1.0
hcm_trans_250,trans_aal,0.0008136696501220504,0.0,0.0,0.0,0.0,0.0,0.0
hcm_trans_251,trans_aal,0.3333333333333333,0.0,1.0,1.0,1.0,1.0,1.0
hcm_trans_252,trans_aal,0.2,0.0,1.0,1.0,1.0,1.0,1.0
hcm_trans_253,trans_aal,0.25,0.0,1.0,1.0,1.0,1.0,1.0
hcm_trans_254,trans_aal,0.0029940119760479044,0.0,0.0,0.0,0.0,0.0,0.0
hcm_trans_255,trans_aal,0.007352941176470588,0.0,0.0,0.0,0.0,0.0,0.0
hcm_trans_256,trans_aal,1.0,1.0,1.0,1.0,1.0,1.0,1.0
hcm_trans_257,trans_aal,0.3333333333333333,0.0,1.0,1.0,1.0,1.0,1.0
hcm_trans_258,trans_aal,0.02564102564102564,0.0,0.0,0.0,0.0,1.0,1.0
hcm_trans_259,trans_aal,0.06666666666666667,0.0,0.0,0.0,1.0,1.0,1.0
hcm_trans_260,trans_aal,1.0,1.0,1.0,1.0,1.0,1.0,1.0
hcm_trans_261,trans_aal,0.024390243902439025,0.0,0.0,0.0,0.0,1.0,1.0
hcm_trans_262,trans_aal,0.3333333333333333,0.0,1.0,1.0,1.0,1.0,1.0
hcm_trans_263,trans_aal,1.0,1.0,1.0,1.0,1.0,1.0,1.0
hcm_trans_264,trans_aal,0.1,0.0,0.0,1.0,1.0,1.0,1.0
hcm_trans_265,trans_aal,0.5,0.0,1.0,1.0,1.0,1.0,1.0
hcm_trans_266,trans_aal,1.0,1.0,1.0,1.0,1.0,1.0,1.0
hcm_trans_268,trans_aal,0.3333333333333333,0.0,1.0,1.0,1.0,1.0,1.0
hcm_trans_269,trans_aal,0.006711409395973154,0.0,0.0,0.0,0.0,0.0,0.0
hcm_trans_270,trans_aal,0.01020408163265306,0.0,0.0,0.0,0.0,0.0,1.0
hcm_trans_271,trans_aal,0.5,0.0,1.0,1.0,1.0,1.0,1.0
hcm_trans_272,trans_aal,0.03333333333333333,0.0,0.0,0.0,0.0,1.0,1.0
hcm_trans_273,trans_aal,1.0,1.0,1.0,1.0,1.0,1.0,1.0
hcm_trans_274,trans_aal,1.0,1.0,1.0,1.0,1.0,1.0,1.0
hcm_trans_275,trans_aal,0.006211180124223602,0.0,0.0,0.0,0.0,0.0,0.0
hcm_trans_276,trans_aal,1.0,1.0,1.0,1.0,1.0,1.0,1.0
hcm_trans_277,trans_aal,1.0,1.0,1.0,1.0,1.0,1.0,1.0
hcm_trans_278,trans_aal,0.0007147962830593281,0.0,0.0,0.0,0.0,0.0,0.0
hcm_trans_279,trans_aal,0.043478260869565216,0.0,0.0,0.0,0.0,1.0,1.0
hcm_trans_280,trans_aal,0.2,0.0,1.0,1.0,1.0,1.0,1.0
hcm_trans_281,trans_aal,1.0,1.0,1.0,1.0,1.0,1.0,1.0
hcm_trans_282,trans_aal,0.010638297872340425,0.0,0.0,0.0,0.0,0.0,1.0
hcm_trans_283,trans_aal,1.0,1.0,1.0,1.0,1.0,1.0,1.0
hcm_trans_284,trans_aal,1.0,1.0,1.0,1.0,1.0,1.0,1.0
hcm_trans_285,trans_aal,0.038461538461538464,0.0,0.0,0.0,0.0,1.0,1.0
hcm_trans_286,trans_aal,1.0,1.0,1.0,1.0,1.0,1.0,1.0
hcm_trans_287,trans_aal,1.0,1.0,1.0,1.0,1.0,1.0,1.0
hcm_trans_288,trans_aal,1.0,1.0,1.0,1.0,1.0,1.0,1.0
hcm_trans_289,trans_aal,0.14285714285714285,0.0,0.0,1.0,1.0,1.0,1.0
hcm_trans_290,trans_aal,1.0,1.0,1.0,1.0,1.0,1.0,1.0
hcm_trans_291,trans_aal,1.0,1.0,1.0,1.0,1.0,1.0,1.0
hcm_trans_292,trans_aal,0.3333333333333333,0.0,1.0,1.0,1.0,1.0,1.0
hcm_trans_293,trans_aal,0.3333333333333333,0.0,1.0,1.0,1.0,1.0,1.0
hcm_trans_294,trans_aal,0.25,0.0,1.0,1.0,1.0,1.0,1.0
hcm_trans_295,trans_aal,0.0026666666666666666,0.0,0.0,0.0,0.0,0.0,0.0
hcm_trans_296,trans_aal,0.0009900990099009901,0.0,0.0,0.0,0.0,0.0,0.0
hcm_trans_297,trans_aal,0.037037037037037035,0.0,0.0,0.0,0.0,1.0,1.0
hcm_trans_298,trans_aal,0.09090909090909091,0.0,0.0,0.0,1.0,1.0,1.0
hcm_trans_299,trans_aal,0.5,0.0,1.0,1.0,1.0,1.0,1.0
hcm_trans_300,trans_aal,1.0,1.0,1.0,1.0,1.0,1.0,1.0
hcm_trans_301,trans_aal,1.0,1.0,1.0,1.0,1.0,1.0,1.0
hcm_trans_302,trans_aal,0.0013513513513513514,0.0,0.0,0.0,0.0,0.0,0.0
hcm_trans_303,trans_aal,1.0,1.0,1.0,1.0,1.0,1.0,1.0
hcm_trans_304,trans_aal,0.05263157894736842,0.0,0.0,0.0,1.0,1.0,1.0
hcm_trans_305,trans_aal,0.006756756756756757,0.0,0.0,0.0,0.0,0.0,0.0
hcm_trans_306,trans_aal,1.0,1.0,1.0,1.0,1.0,1.0,1.0
hcm_trans_307,trans_aal,0.14285714285714285,0.0,0.0,1.0,1.0,1.0,1.0
hcm_trans_308,trans_aal,1.0,1.0,1.0,1.0,1.0,1.0,1.0
hcm_trans_309,trans_aal,0.07692307692307693,0.0,0.0,0.0,1.0,1.0,1.0
hcm_trans_310,trans_aal,0.2,0.0,1.0,1.0,1.0,1.0,1.0
hcm_trans_311,trans_aal,0.008,0.0,0.0,0.0,0.0,0.0,0.0
hcm_trans_312,trans_aal,1.0,1.0,1.0,1.0,1.0,1.0,1.0
hcm_trans_313,trans_aal,1.0,1.0,1.0,1.0,1.0,1.0,1.0
hcm_trans_314,trans_aal,1.0,1.0,1.0,1.0,1.0,1.0,1.0
hcm_trans_315,trans_aal,1.0,1.0,1.0,1.0,1.0,1.0,1.0
hcm_trans_316,trans_aal,0.007407407407407408,0.0,0.0,0.0,0.0,0.0,0.0
hcm_trans_317,trans_aal,0.14285714285714285,0.0,0.0,1.0,1.0,1.0,1.0
hcm_trans_318,trans_aal,0.1111111111111111,0.0,0.0,1.0,1.0,1.0,1.0
hcm_trans_319,trans_aal,1.0,1.0,1.0,1.0,1.0,1.0,1.0
hcm_trans_320,trans_aal,0.0070921985815602835,0.0,0.0,0.0,0.0,0.0,0.0
hcm_trans_321,trans_aal,0.1111111111111111,0.0,0.0,1.0,1.0,1.0,1.0
hcm_trans_322,trans_aal,0.004219409282700422,0.0,0.0,0.0,0.0,0.0,0.0
hcm_trans_323,trans_aal,1.0,1.0,1.0,1.0,1.0,1.0,1.0
hcm_trans_324,trans_aal,0.03571428571428571,0.0,0.0,0.0,0.0,1.0,1.0
hcm_trans_325,trans_aal,0.015625,0.0,0.0,0.0,0.0,0.0,1.0
hcm_trans_326,trans_aal,0.017857142857142856,0.0,0.0,0.0,0.0,0.0,1.0
hcm_trans_327,trans_aal,1.0,1.0,1.0,1.0,1.0,1.0,1.0
hcm_trans_328,trans_aal,0.0012315270935960591,0.0,0.0,0.0,0.0,0.0,0.0
hcm_trans_329,trans_aal,0.5,0.0,1.0,1.0,1.0,1.0,1.0
hcm_trans_330,trans_aal,1.0,1.0,1.0,1.0,1.0,1.0,1.0
hcm_trans_331,trans_aal,0.5,0.0,1.0,1.0,1.0,1.0,1.0
hcm_trans_332,trans_aal,0.06666666666666667,0.0,0.0,0.0,1.0,1.0,1.0
hcm_trans_333,trans_aal,0.14285714285714285,0.0,0.0,1.0,1.0,1.0,1.0
hcm_trans_334,trans_aal,0.2,0.0,1.0,1.0,1.0,1.0,1.0
hcm_trans_335,trans_aal,0.2,0.0,1.0,1.0,1.0,1.0,1.0
hcm_trans_336,trans_aal,0.0011235955056179776,0.0,0.0,0.0,0.0,0.0,0.0
hcm_trans_337,trans_aal,0.16666666666666666,0.0,0.0,1.0,1.0,1.0,1.0
hcm_trans_338,trans_aal,1.0,1.0,1.0,1.0,1.0,1.0,1.0
hcm_trans_339,trans_aal,1.0,1.0,1.0,1.0,1.0,1.0,1.0
hcm_trans_340,trans_aal,1.0,1.0,1.0,1.0,1.0,1.0,1.0
hcm_trans_341,trans_aal,1.0,1.0,1.0,1.0,1.0,1.0,1.0
hcm_trans_342,trans_aal,0.07142857142857142,0.0,0.0,0.0,1.0,1.0,1.0
hcm_trans_343,trans_aal,0.0006064281382656155,0.0,0.0,0.0,0.0,0.0,0.0
hcm_trans_344,trans_aal,1.0,1.0,1.0,1.0,1.0,1.0,1.0
hcm_trans_345,trans_aal,0.0017094017094017094,0.0,0.0,0.0,0.0,0.0,0.0
hcm_trans_346,trans_aal,0.013157894736842105,0.0,0.0,0.0,0.0,0.0,1.0
hcm_trans_347,trans_aal,1.0,1.0,1.0,1.0,1.0,1.0,1.0
hcm_trans_348,trans_aal,0.041666666666666664,0.0,0.0,0.0,0.0,1.0,1.0
hcm_trans_349,trans_aal,0.3333333333333333,0.0,1.0,1.0,1.0,1.0,1.0
hcm_trans_350,trans_aal,0.08333333333333333,0.0,0.0,0.0,1.0,1.0,1.0
hcm_trans_351,trans_aal,0.2,0.0,1.0,1.0,1.0,1.0,1.0
hcm_trans_352,trans_aal,0.2,0.0,1.0,1.0,1.0,1.0,1.0
hcm_trans_353,trans_aal,1.0,1.0,1.0,1.0,1.0,1.0,1.0
hcm_trans_354,trans_aal,0.003257328990228013,0.0,0.0,0.0,0.0,0.0,0.0
hcm_trans_355,trans_aal,0.0017152658662092624,0.0,0.0,0.0,0.0,0.0,0.0
hcm_trans_356,trans_aal,1.0,1.0,1.0,1.0,1.0,1.0,1.0
hcm_trans_357,trans_aal,1.0,1.0,1.0,1.0,1.0,1.0,1.0
hcm_trans_358,trans_aal,0.003937007874015748,0.0,0.0,0.0,0.0,0.0,0.0
hcm_trans_359,trans_aal,1.0,1.0,1.0,1.0,1.0,1.0,1.0
hcm_trans_360,trans_aal,1.0,1.0,1.0,1.0,1.0,1.0,1.0
hcm_trans_361,trans_aal,1.0,1.0,1.0,1.0,1.0,1.0,1.0
hcm_trans_362,trans_aal,1.0,1.0,1.0,1.0,1.0,1.0,1.0
hcm_trans_363,trans_aal,0.016129032258064516,0.0,0.0,0.0,0.0,0.0,1.0
hcm_trans_364,trans_aal,0.2,0.0,1.0,1.0,1.0,1.0,1.0
hcm_trans_365,trans_aal,1.0,1.0,1.0,1.0,1.0,1.0,1.0
hcm_trans_366,trans_aal,0.043478260869565216,0.0,0.0,0.0,0.0,1.0,1.0
hcm_trans_367,trans_aal,0.02040816326530612,0.0,0.0,0.0,0.0,1.0,1.0
hcm_trans_368,trans_aal,1.0,1.0,1.0,1.0,1.0,1.0,1.0
hcm_trans_369,trans_aal,0.029411764705882353,0.0,0.0,0.0,0.0,1.0,1.0
hcm_trans_370,trans_aal,0.013333333333333334,0.0,0.0,0.0,0.0,0.0,1.0
hcm_trans_371,trans_aal,1.0,1.0,1.0,1.0,1.0,1.0,1.0
hcm_trans_372,trans_aal,0.09090909090909091,0.0,0.0,0.0,1.0,1.0,1.0
hcm_trans_373,trans_aal,0.047619047619047616,0.0,0.0,0.0,0.0,1.0,1.0
hcm_trans_374,trans_aal,0.012658227848101266,0.0,0.0,0.0,0.0,0.0,1.0
hcm_trans_375,trans_aal,0.017241379310344827,0.0,0.0,0.0,0.0,0.0,1.0
hcm_trans_376,trans_aal,1.0,1.0,1.0,1.0,1.0,1.0,1.0
hcm_trans_377,trans_aal,1.0,1.0,1.0,1.0,1.0,1.0,1.0
hcm_trans_378,trans_aal,1.0,1.0,1.0,1.0,1.0,1.0,1.0
hcm_trans_379,trans_aal,0.2,0.0,1.0,1.0,1.0,1.0,1.0
hcm_trans_380,trans_aal,0.022222222222222223,0.0,0.0,0.0,0.0,1.0,1.0
hcm_trans_381,trans_aal,1.0,1.0,1.0,1.0,1.0,1.0,1.0
hcm_trans_382,trans_aal,0.14285714285714285,0.0,0.0,1.0,1.0,1.0,1.0
hcm_trans_383,trans_aal,1.0,1.0,1.0,1.0,1.0,1.0,1.0
hcm_trans_384,trans_aal,0.16666666666666666,0.0,0.0,1.0,1.0,1.0,1.0
hcm_trans_385,trans_aal,0.006756756756756757,0.0,0.0,0.0,0.0,0.0,0.0
hcm_trans_387,trans_aal,0.005,0.0,0.0,0.0,0.0,0.0,0.0
hcm_trans_388,trans_aal,1.0,1.0,1.0,1.0,1.0,1.0,1.0
hcm_trans_389,trans_aal,1.0,1.0,1.0,1.0,1.0,1.0,1.0
hcm_trans_390,trans_aal,0.0019120458891013384,0.0,0.0,0.0,0.0,0.0,0.0
hcm_trans_391,trans_aal,0.058823529411764705,0.0,0.0,0.0,1.0,1.0,1.0
hcm_trans_392,trans_aal,0.06666666666666667,0.0,0.0,0.0,1.0,1.0,1.0
hcm_trans_393,trans_aal,1.0,1.0,1.0,1.0,1.0,1.0,1.0
hcm_trans_394,trans_aal,0.05,0.0,0.0,0.0,1.0,1.0,1.0
hcm_trans_395,trans_aal,0.0027100271002710027,0.0,0.0,0.0,0.0,0.0,0.0
hcm_trans_396,trans_aal,0.5,0.0,1.0,1.0,1.0,1.0,1.0
hcm_trans_397,trans_aal,0.25,0.0,1.0,1.0,1.0,1.0,1.0
hcm_trans_399,trans_aal,0.0014577259475218659,0.0,0.0,0.0,0.0,0.0,0.0
hcm_trans_400,trans_aal,1.0,1.0,1.0,1.0,1.0,1.0,1.0
hcm_trans_401,trans_aal,0.25,0.0,1.0,1.0,1.0,1.0,1.0
hcm_trans_402,trans_aal,0.025,0.0,0.0,0.0,0.0,1.0,1.0
hcm_trans_403,trans_aal,0.023809523809523808,0.0,0.0,0.0,0.0,1.0,1.0
hcm_trans_404,trans_aal,1.0,1.0,1.0,1.0,1.0,1.0,1.0
hcm_trans_405,trans_aal,0.011764705882352941,0.0,0.0,0.0,0.0,0.0,1.0
hcm_trans_406,trans_aal,0.0003572704537334762,0.0,0.0,0.0,0.0,0.0,0.0
hcm_trans_407,trans_aal,0.2,0.0,1.0,1.0,1.0,1.0,1.0
hcm_trans_408,trans_aal,0.16666666666666666,0.0,0.0,1.0,1.0,1.0,1.0
hcm_trans_409,trans_aal,0.00145985401459854,0.0,0.0,0.0,0.0,0.0,0.0
hcm_trans_410,trans_aal,0.0030864197530864196,0.0,0.0,0.0,0.0,0.0,0.0
hcm_trans_411,trans_aal,0.09090909090909091,0.0,0.0,0.0,1.0,1.0,1.0
hcm_trans_412,trans_aal,0.02127659574468085,0.0,0.0,0.0,0.0,1.0,1.0
hcm_trans_413,trans_aal,0.05263157894736842,0.0,0.0,0.0,1.0,1.0,1.0
hcm_trans_414,trans_aal,0.2,0.0,1.0,1.0,1.0,1.0,1.0
hcm_trans_415,trans_aal,0.043478260869565216,0.0,0.0,0.0,0.0,1.0,1.0
hcm_trans_416,trans_aal,1.0,1.0,1.0,1.0,1.0,1.0,1.0
hcm_trans_417,trans_aal,1.0,1.0,1.0,1.0,1.0,1.0,1.0
hcm_trans_418,trans_aal,0.02040816326530612,0.0,0.0,0.0,0.0,1.0,1.0
hcm_trans_419,trans_aal,0.03571428571428571,0.0,0.0,0.0,0.0,1.0,1.0
hcm_trans_420,trans_aal,1.0,1.0,1.0,1.0,1.0,1.0,1.0
hcm_trans_421,trans_aal,0.05263157894736842,0.0,0.0,0.0,1.0,1.0,1.0
hcm_trans_422,trans_aal,1.0,1.0,1.0,1.0,1.0,1.0,1.0
hcm_trans_423,trans_aal,0.1,0.0,0.0,1.0,1.0,1.0,1.0
hcm_trans_424,trans_aal,0.3333333333333333,0.0,1.0,1.0,1.0,1.0,1.0
hcm_trans_425,trans_aal,1.0,1.0,1.0,1.0,1.0,1.0,1.0
hcm_trans_426,trans_aal,0.0029940119760479044,0.0,0.0,0.0,0.0,0.0,0.0
hcm_trans_427,trans_aal,0.14285714285714285,0.0,0.0,1.0,1.0,1.0,1.0
hcm_trans_428,trans_aal,0.3333333333333333,0.0,1.0,1.0,1.0,1.0,1.0
hcm_trans_429,trans_aal,0.03571428571428571,0.0,0.0,0.0,0.0,1.0,1.0
hcm_trans_430,trans_aal,0.047619047619047616,0.0,0.0,0.0,0.0,1.0,1.0
hcm_trans_431,trans_aal,1.0,1.0,1.0,1.0,1.0,1.0,1.0
hcm_trans_432,trans_aal,0.023255813953488372,0.0,0.0,0.0,0.0,1.0,1.0
hcm_trans_433,trans_aal,0.09090909090909091,0.0,0.0,0.0,1.0,1.0,1.0
hcm_trans_434,trans_aal,0.25,0.0,1.0,1.0,1.0,1.0,1.0
hcm_trans_435,trans_aal,0.02702702702702703,0.0,0.0,0.0,0.0,1.0,1.0
hcm_trans_436,trans_aal,0.1111111111111111,0.0,0.0,1.0,1.0,1.0,1.0
hcm_trans_437,trans_aal,0.010309278350515464,0.0,0.0,0.0,0.0,0.0,1.0
hcm_trans_438,trans_aal,0.004524886877828055,0.0,0.0,0.0,0.0,0.0,0.0
hcm_trans_439,trans_aal,1.0,1.0,1.0,1.0,1.0,1.0,1.0
hcm_trans_440,trans_aal,1.0,1.0,1.0,1.0,1.0,1.0,1.0
hcm_trans_441,trans_aal,0.0012391573729863693,0.0,0.0,0.0,0.0,0.0,0.0
hcm_trans_442,trans_aal,0.06666666666666667,0.0,0.0,0.0,1.0,1.0,1.0
hcm_trans_443,trans_aal,0.5,0.0,1.0,1.0,1.0,1.0,1.0
hcm_trans_444,trans_aal,1.0,1.0,1.0,1.0,1.0,1.0,1.0
hcm_trans_445,trans_aal,0.0037593984962406013,0.0,0.0,0.0,0.0,0.0,0.0
hcm_trans_446,trans_aal,0.015151515151515152,0.0,0.0,0.0,0.0,0.0,1.0
hcm_trans_447,trans_aal,0.25,0.0,1.0,1.0,1.0,1.0,1.0
hcm_trans_448,trans_aal,1.0,1.0,1.0,1.0,1.0,1.0,1.0
hcm_trans_449,trans_aal,1.0,1.0,1.0,1.0,1.0,1.0,1.0
hcm_trans_450,trans_aal,0.002421307506053269,0.0,0.0,0.0,0.0,0.0,0.0
hcm_trans_451,trans_aal,0.013157894736842105,0.0,0.0,0.0,0.0,0.0,1.0
hcm_trans_452,trans_aal,0.5,0.0,1.0,1.0,1.0,1.0,1.0
hcm_trans_453,trans_aal,0.0005497526113249038,0.0,0.0,0.0,0.0,0.0,0.0
hcm_trans_454,trans_aal,1.0,1.0,1.0,1.0,1.0,1.0,1.0
hcm_trans_455,trans_aal,0.0010384215991692627,0.0,0.0,0.0,0.0,0.0,0.0
hcm_trans_457,trans_aal,0.2,0.0,1.0,1.0,1.0,1.0,1.0
hcm_trans_458,trans_aal,1.0,1.0,1.0,1.0,1.0,1.0,1.0
hcm_trans_459,trans_aal,0.14285714285714285,0.0,0.0,1.0,1.0,1.0,1.0
hcm_trans_460,trans_aal,1.0,1.0,1.0,1.0,1.0,1.0,1.0
hcm_trans_461,trans_aal,0.09090909090909091,0.0,0.0,0.0,1.0,1.0,1.0
hcm_trans_462,trans_aal,0.1111111111111111,0.0,0.0,1.0,1.0,1.0,1.0
hcm_trans_463,trans_aal,1.0,1.0,1.0,1.0,1.0,1.0,1.0
hcm_trans_464,trans_aal,0.25,0.0,1.0,1.0,1.0,1.0,1.0
hcm_trans_465,trans_aal,0.019230769230769232,0.0,0.0,0.0,0.0,0.0,1.0
hcm_trans_466,trans_aal,1.0,1.0,1.0,1.0,1.0,1.0,1.0
hcm_trans_467,trans_aal,1.0,1.0,1.0,1.0,1.0,1.0,1.0
hcm_trans_468,trans_aal,1.0,1.0,1.0,1.0,1.0,1.0,1.0
hcm_trans_469,trans_aal,1.0,1.0,1.0,1.0,1.0,1.0,1.0
hcm_trans_470,trans_aal,1.0,1.0,1.0,1.0,1.0,1.0,1.0
hcm_trans_471,trans_aal,1.0,1.0,1.0,1.0,1.0,1.0,1.0
hcm_trans_472,trans_aal,1.0,1.0,1.0,1.0,1.0,1.0,1.0
hcm_trans_473,trans_aal,0.0028089887640449437,0.0,0.0,0.0,0.0,0.0,0.0
hcm_trans_474,trans_aal,0.0033222591362126247,0.0,0.0,0.0,0.0,0.0,0.0
hcm_trans_475,trans_aal,0.0004462293618920125,0.0,0.0,0.0,0.0,0.0,0.0
hcm_trans_476,trans_aal,0.07692307692307693,0.0,0.0,0.0,1.0,1.0,1.0
hcm_trans_477,trans_aal,0.029411764705882353,0.0,0.0,0.0,0.0,1.0,1.0
hcm_trans_478,trans_aal,0.00392156862745098,0.0,0.0,0.0,0.0,0.0,0.0
hcm_trans_479,trans_aal,1.0,1.0,1.0,1.0,1.0,1.0,1.0
hcm_trans_480,trans_aal,0.3333333333333333,0.0,1.0,1.0,1.0,1.0,1.0
hcm_trans_481,trans_aal,0.005208333333333333,0.0,0.0,0.0,0.0,0.0,0.0
hcm_trans_482,trans_aal,0.5,0.0,1.0,1.0,1.0,1.0,1.0
hcm_trans_483,trans_aal,0.0024096385542168677,0.0,0.0,0.0,0.0,0.0,0.0
hcm_trans_484,trans_aal,0.0003875968992248062,0.0,0.0,0.0,0.0,0.0,0.0
hcm_trans_485,trans_aal,0.09090909090909091,0.0,0.0,0.0,1.0,1.0,1.0
hcm_trans_486,trans_aal,0.013888888888888888,0.0,0.0,0.0,0.0,0.0,1.0
hcm_trans_487,trans_aal,0.012345679012345678,0.0,0.0,0.0,0.0,0.0,1.0
hcm_trans_488,trans_aal,1.0,1.0,1.0,1.0,1.0,1.0,1.0
hcm_trans_489,trans_aal,1.0,1.0,1.0,1.0,1.0,1.0,1.0
hcm_trans_490,trans_aal,0.0011668611435239206,0.0,0.0,0.0,0.0,0.0,0.0
hcm_trans_491,trans_aal,0.0004940711462450593,0.0,0.0,0.0,0.0,0.0,0.0
hcm_trans_492,trans_aal,0.0035714285714285713,0.0,0.0,0.0,0.0,0.0,0.0
hcm_trans_493,trans_aal,0.5,0.0,1.0,1.0,1.0,1.0,1.0
hcm_trans_494,trans_aal,1.0,1.0,1.0,1.0,1.0,1.0,1.0
hcm_trans_496,trans_aal,1.0,1.0,1.0,1.0,1.0,1.0,1.0
hcm_trans_497,trans_aal,0.00411522633744856,0.0,0.0,0.0,0.0,0.0,0.0
hcm_trans_498,trans_aal,0.5,0.0,1.0,1.0,1.0,1.0,1.0
hcm_trans_499,trans_aal,0.023809523809523808,0.0,0.0,0.0,0.0,1.0,1.0
hcm_trans_500,trans_aal,0.00047938638542665386,0.0,0.0,0.0,0.0,0.0,0.0
hcm_trans_501,trans_aal,0.02040816326530612,0.0,0.0,0.0,0.0,1.0,1.0
hcm_trans_502,trans_aal,1.0,1.0,1.0,1.0,1.0,1.0,1.0
hcm_trans_503,trans_aal,1.0,1.0,1.0,1.0,1.0,1.0,1.0
hcm_trans_504,trans_aal,0.005780346820809248,0.0,0.0,0.0,0.0,0.0,0.0
hcm_trans_505,trans_aal,0.009708737864077669,0.0,0.0,0.0,0.0,0.0,0.0
hcm_trans_506,trans_aal,0.0014064697609001407,0.0,0.0,0.0,0.0,0.0,0.0
hcm_trans_507,trans_aal,0.25,0.0,1.0,1.0,1.0,1.0,1.0
hcm_trans_508,trans_aal,1.0,1.0,1.0,1.0,1.0,1.0,1.0
hcm_trans_509,trans_aal,0.3333333333333333,0.0,1.0,1.0,1.0,1.0,1.0
hcm_trans_510,trans_aal,0.0072992700729927005,0.0,0.0,0.0,0.0,0.0,0.0
hcm_trans_512,trans_aal,1.0,1.0,1.0,1.0,1.0,1.0,1.0
hcm_trans_513,trans_aal,1.0,1.0,1.0,1.0,1.0,1.0,1.0
hcm_trans_514,trans_aal,1.0,1.0,1.0,1.0,1.0,1.0,1.0
hcm_trans_515,trans_aal,1.0,1.0,1.0,1.0,1.0,1.0,1.0
hcm_trans_516,trans_aal,0.016666666666666666,0.0,0.0,0.0,0.0,0.0,1.0
hcm_trans_517,trans_aal,0.00042301184433164127,0.0,0.0,0.0,0.0,0.0,0.0
hcm_trans_518,trans_aal,1.0,1.0,1.0,1.0,1.0,1.0,1.0
hcm_trans_519,trans_aal,0.25,0.0,1.0,1.0,1.0,1.0,1.0
hcm_trans_520,trans_aal,0.0008583690987124463,0.0,0.0,0.0,0.0,0.0,0.0
hcm_trans_521,trans_aal,0.012195121951219513,0.0,0.0,0.0,0.0,0.0,1.0
hcm_trans_522,trans_aal,0.0035087719298245615,0.0,0.0,0.0,0.0,0.0,0.0
hcm_trans_523,trans_aal,1.0,1.0,1.0,1.0,1.0,1.0,1.0
hcm_trans_524,trans_aal,0.01098901098901099,0.0,0.0,0.0,0.0,0.0,1.0
hcm_trans_525,trans_aal,0.024390243902439025,0.0,0.0,0.0,0.0,1.0,1.0
hcm_trans_526,trans_aal,0.14285714285714285,0.0,0.0,1.0,1.0,1.0,1.0
hcm_trans_527,trans_aal,0.043478260869565216,0.0,0.0,0.0,0.0,1.0,1.0
hcm_trans_528,trans_aal,1.0,1.0,1.0,1.0,1.0,1.0,1.0
hcm_trans_529,trans_aal,0.041666666666666664,0.0,0.0,0.0,0.0,1.0,1.0
hcm_trans_530,trans_aal,1.0,1.0,1.0,1.0,1.0,1.0,1.0
hcm_trans_531,trans_aal,0.008130081300813009,0.0,0.0,0.0,0.0,0.0,0.0
hcm_trans_532,trans_aal,0.08333333333333333,0.0,0.0,0.0,1.0,1.0,1.0
hcm_trans_533,trans_aal,0.25,0.0,1.0,1.0,1.0,1.0,1.0
hcm_trans_534,trans_aal,1.0,1.0,1.0,1.0,1.0,1.0,1.0
hcm_trans_535,trans_aal,1.0,1.0,1.0,1.0,1.0,1.0,1.0
hcm_trans_536,trans_aal,1.0,1.0,1.0,1.0,1.0,1.0,1.0
hcm_trans_537,trans_aal,0.0020833333333333333,0.0,0.0,0.0,0.0,0.0,0.0
hcm_trans_538,trans_aal,1.0,1.0,1.0,1.0,1.0,1.0,1.0
hcm_trans_539,trans_aal,1.0,1.0,1.0,1.0,1.0,1.0,1.0
hcm_trans_540,trans_aal,0.2,0.0,1.0,1.0,1.0,1.0,1.0
hcm_trans_541,trans_aal,1.0,1.0,1.0,1.0,1.0,1.0,1.0
hcm_trans_542,trans_aal,0.012658227848101266,0.0,0.0,0.0,0.0,0.0,1.0
hcm_trans_543,trans_aal,0.05263157894736842,0.0,0.0,0.0,1.0,1.0,1.0
hcm_trans_544,trans_aal,0.008695652173913044,0.0,0.0,0.0,0.0,0.0,0.0
hcm_trans_545,trans_aal,0.5,0.0,1.0,1.0,1.0,1.0,1.0
hcm_trans_546,trans_aal,0.06666666666666667,0.0,0.0,0.0,1.0,1.0,1.0
hcm_trans_547,trans_aal,0.5,0.0,1.0,1.0,1.0,1.0,1.0
hcm_trans_548,trans_aal,0.0016025641025641025,0.0,0.0,0.0,0.0,0.0,0.0
hcm_trans_549,trans_aal,0.14285714285714285,0.0,0.0,1.0,1.0,1.0,1.0
hcm_trans_550,trans_aal,0.3333333333333333,0.0,1.0,1.0,1.0,1.0,1.0
hcm_trans_551,trans_aal,1.0,1.0,1.0,1.0,1.0,1.0,1.0
hcm_trans_552,trans_aal,0.08333333333333333,0.0,0.0,0.0,1.0,1.0,1.0
hcm_trans_553,trans_aal,0.015873015873015872,0.0,0.0,0.0,0.0,0.0,1.0
hcm_trans_554,trans_aal,0.027777777777777776,0.0,0.0,0.0,0.0,1.0,1.0
hcm_trans_555,trans_aal,0.5,0.0,1.0,1.0,1.0,1.0,1.0
hcm_trans_556,trans_aal,0.00625,0.0,0.0,0.0,0.0,0.0,0.0
hcm_trans_557,trans_aal,0.018867924528301886,0.0,0.0,0.0,0.0,0.0,1.0
hcm_trans_558,trans_aal,1.0,1.0,1.0,1.0,1.0,1.0,1.0
hcm_trans_559,trans_aal,0.3333333333333333,0.0,1.0,1.0,1.0,1.0,1.0
hcm_trans_560,trans_aal,0.3333333333333333,0.0,1.0,1.0,1.0,1.0,1.0
hcm_trans_561,trans_aal,0.5,0.0,1.0,1.0,1.0,1.0,1.0
hcm_trans_562,trans_aal,1.0,1.0,1.0,1.0,1.0,1.0,1.0
hcm_trans_563,trans_aal,1.0,1.0,1.0,1.0,1.0,1.0,1.0
hcm_trans_564,trans_aal,0.5,0.0,1.0,1.0,1.0,1.0,1.0
hcm_trans_565,trans_aal,0.3333333333333333,0.0,1.0,1.0,1.0,1.0,1.0
hcm_trans_566,trans_aal,0.07692307692307693,0.0,0.0,0.0,1.0,1.0,1.0
hcm_trans_567,trans_aal,1.0,1.0,1.0,1.0,1.0,1.0,1.0
hcm_trans_568,trans_aal,1.0,1.0,1.0,1.0,1.0,1.0,1.0
hcm_trans_570,trans_aal,0.5,0.0,1.0,1.0,1.0,1.0,1.0
hcm_trans_571,trans_aal,0.3333333333333333,0.0,1.0,1.0,1.0,1.0,1.0
hcm_trans_572,trans_aal,0.017543859649122806,0.0,0.0,0.0,0.0,0.0,1.0
hcm_trans_573,trans_aal,1.0,1.0,1.0,1.0,1.0,1.0,1.0
hcm_trans_574,trans_aal,0.030303030303030304,0.0,0.0,0.0,0.0,1.0,1.0
hcm_trans_575,trans_aal,1.0,1.0,1.0,1.0,1.0,1.0,1.0
hcm_trans_576,trans_aal,1.0,1.0,1.0,1.0,1.0,1.0,1.0
hcm_trans_577,trans_aal,0.010526315789473684,0.0,0.0,0.0,0.0,0.0,1.0
hcm_trans_578,trans_aal,0.5,0.0,1.0,1.0,1.0,1.0,1.0
hcm_trans_579,trans_aal,1.0,1.0,1.0,1.0,1.0,1.0,1.0
hcm_trans_580,trans_aal,1.0,1.0,1.0,1.0,1.0,1.0,1.0
hcm_trans_581,trans_aal,0.1111111111111111,0.0,0.0,1.0,1.0,1.0,1.0
hcm_trans_582,trans_aal,0.01020408163265306,0.0,0.0,0.0,0.0,0.0,1.0
hcm_trans_583,trans_aal,1.0,1.0,1.0,1.0,1.0,1.0,1.0
hcm_trans_584,trans_aal,0.024390243902439025,0.0,0.0,0.0,0.0,1.0,1.0
hcm_trans_585,trans_aal,0.0008880994671403197,0.0,0.0,0.0,0.0,0.0,0.0
hcm_trans_586,trans_aal,0.0058823529411764705,0.0,0.0,0.0,0.0,0.0,0.0
hcm_trans_587,trans_aal,1.0,1.0,1.0,1.0,1.0,1.0,1.0
hcm_trans_588,trans_aal,0.5,0.0,1.0,1.0,1.0,1.0,1.0
hcm_trans_589,trans_aal,1.0,1.0,1.0,1.0,1.0,1.0,1.0
hcm_trans_590,trans_aal,0.045454545454545456,0.0,0.0,0.0,0.0,1.0,1.0
hcm_trans_591,trans_aal,0.0078125,0.0,0.0,0.0,0.0,0.0,0.0
hcm_trans_592,trans_aal,0.00046598322460391424,0.0,0.0,0.0,0.0,0.0,0.0
hcm_trans_593,trans_aal,0.05263157894736842,0.0,0.0,0.0,1.0,1.0,1.0
hcm_trans_594,trans_aal,0.009009009009009009,0.0,0.0,0.0,0.0,0.0,0.0
hcm_trans_595,trans_aal,0.0001934610176049526,0.0,0.0,0.0,0.0,0.0,0.0
hcm_trans_596,trans_aal,0.0007194244604316547,0.0,0.0,0.0,0.0,0.0,0.0
hcm_trans_597,trans_aal,0.14285714285714285,0.0,0.0,1.0,1.0,1.0,1.0
hcm_trans_598,trans_aal,0.00011855364552459988,0.0,0.0,0.0,0.0,0.0,0.0
hcm_trans_599,trans_aal,0.006329113924050633,0.0,0.0,0.0,0.0,0.0,0.0
hcm_trans_600,trans_aal,0.0018450184501845018,0.0,0.0,0.0,0.0,0.0,0.0
hcm_trans_601,trans_aal,0.16666666666666666,0.0,0.0,1.0,1.0,1.0,1.0
hcm_trans_602,trans_aal,1.0,1.0,1.0,1.0,1.0,1.0,1.0
hcm_trans_603,trans_aal,1.0,1.0,1.0,1.0,1.0,1.0,1.0
hcm_trans_604,trans_aal,1.0,1.0,1.0,1.0,1.0,1.0,1.0
hcm_trans_605,trans_aal,0.25,0.0,1.0,1.0,1.0,1.0,1.0
hcm_trans_606,trans_aal,0.5,0.0,1.0,1.0,1.0,1.0,1.0
hcm_trans_607,trans_aal,0.5,0.0,1.0,1.0,1.0,1.0,1.0
hcm_trans_608,trans_aal,1.0,1.0,1.0,1.0,1.0,1.0,1.0
hcm_trans_609,trans_aal,0.1111111111111111,0.0,0.0,1.0,1.0,1.0,1.0
hcm_trans_610,trans_aal,0.02631578947368421,0.0,0.0,0.0,0.0,1.0,1.0
hcm_trans_611,trans_aal,1.0,1.0,1.0,1.0,1.0,1.0,1.0
hcm_trans_612,trans_aal,1.0,1.0,1.0,1.0,1.0,1.0,1.0
hcm_trans_613,trans_aal,1.0,1.0,1.0,1.0,1.0,1.0,1.0
hcm_trans_614,trans_aal,0.5,0.0,1.0,1.0,1.0,1.0,1.0
hcm_trans_615,trans_aal,1.0,1.0,1.0,1.0,1.0,1.0,1.0
hcm_trans_616,trans_aal,0.2,0.0,1.0,1.0,1.0,1.0,1.0
hcm_trans_617,trans_aal,1.0,1.0,1.0,1.0,1.0,1.0,1.0
hcm_trans_618,trans_aal,0.006060606060606061,0.0,0.0,0.0,0.0,0.0,0.0
hcm_trans_619,trans_aal,0.0027247956403269754,0.0,0.0,0.0,0.0,0.0,0.0
hcm_trans_620,trans_aal,0.0027100271002710027,0.0,0.0,0.0,0.0,0.0,0.0
hcm_trans_621,trans_aal,1.0,1.0,1.0,1.0,1.0,1.0,1.0
hcm_trans_622,trans_aal,0.00625,0.0,0.0,0.0,0.0,0.0,0.0
hcm_trans_623,trans_aal,0.2,0.0,1.0,1.0,1.0,1.0,1.0
hcm_trans_624,trans_aal,0.16666666666666666,0.0,0.0,1.0,1.0,1.0,1.0
hcm_trans_625,trans_aal,1.0,1.0,1.0,1.0,1.0,1.0,1.0
hcm_trans_626,trans_aal,0.00026831231553528306,0.0,0.0,0.0,0.0,0.0,0.0
hcm_trans_627,trans_aal,0.5,0.0,1.0,1.0,1.0,1.0,1.0
hcm_trans_628,trans_aal,0.029411764705882353,0.0,0.0,0.0,0.0,1.0,1.0
hcm_trans_629,trans_aal,0.005847953216374269,0.0,0.0,0.0,0.0,0.0,0.0
hcm_trans_630,trans_aal,0.1,0.0,0.0,1.0,1.0,1.0,1.0
hcm_trans_631,trans_aal,1.0,1.0,1.0,1.0,1.0,1.0,1.0
hcm_trans_632,trans_aal,1.0,1.0,1.0,1.0,1.0,1.0,1.0
hcm_trans_633,trans_aal,0.1111111111111111,0.0,0.0,1.0,1.0,1.0,1.0
hcm_trans_634,trans_aal,0.25,0.0,1.0,1.0,1.0,1.0,1.0
hcm_trans_635,trans_aal,0.2,0.0,1.0,1.0,1.0,1.0,1.0
hcm_trans_636,trans_aal,0.5,0.0,1.0,1.0,1.0,1.0,1.0
hcm_trans_637,trans_aal,0.034482758620689655,0.0,0.0,0.0,0.0,1.0,1.0
hcm_trans_638,trans_aal,1.0,1.0,1.0,1.0,1.0,1.0,1.0
hcm_trans_639,trans_aal,0.02702702702702703,0.0,0.0,0.0,0.0,1.0,1.0
hcm_trans_640,trans_aal,1.0,1.0,1.0,1.0,1.0,1.0,1.0
hcm_trans_641,trans_aal,1.0,1.0,1.0,1.0,1.0,1.0,1.0
hcm_trans_642,trans_aal,0.029411764705882353,0.0,0.0,0.0,0.0,1.0,1.0
hcm_trans_643,trans_aal,0.0028735632183908046,0.0,0.0,0.0,0.0,0.0,0.0
hcm_trans_644,trans_aal,0.125,0.0,0.0,1.0,1.0,1.0,1.0
hcm_trans_645,trans_aal,0.017543859649122806,0.0,0.0,0.0,0.0,0.0,1.0
hcm_trans_646,trans_aal,0.019230769230769232,0.0,0.0,0.0,0.0,0.0,1.0
hcm_trans_647,trans_aal,0.045454545454545456,0.0,0.0,0.0,0.0,1.0,1.0
hcm_trans_648,trans_aal,0.041666666666666664,0.0,0.0,0.0,0.0,1.0,1.0
hcm_trans_649,trans_aal,0.0005458515283842794,0.0,0.0,0.0,0.0,0.0,0.0
hcm_trans_650,trans_aal,0.07142857142857142,0.0,0.0,0.0,1.0,1.0,1.0
hcm_trans_651,trans_aal,0.00042069835927639884,0.0,0.0,0.0,0.0,0.0,0.0
hcm_trans_652,trans_aal,1.0,1.0,1.0,1.0,1.0,1.0,1.0
hcm_trans_653,trans_aal,1.0,1.0,1.0,1.0,1.0,1.0,1.0
hcm_trans_654,trans_aal,0.3333333333333333,0.0,1.0,1.0,1.0,1.0,1.0
hcm_trans_655,trans_aal,0.005988023952095809,0.0,0.0,0.0,0.0,0.0,0.0
hcm_wme_56542,wme_real,1.0,1.0,1.0,1.0,1.0,1.0,1.0
hcm_wme_52576,wme_real,1.0,1.0,1.0,1.0,1.0,1.0,1.0
hcm_wme_46463,wme_real,1.0,1.0,1.0,1.0,1.0,1.0,1.0
hcm_wme_75815,wme_real,0.3333333333333333,0.0,1.0,1.0,1.0,1.0,1.0
hcm_wme_37357,wme_real,1.0,1.0,1.0,1.0,1.0,1.0,1.0
hcm_wme_90222,wme_real,0.0196078431372549,0.0,0.0,0.0,0.0,0.0,1.0
hcm_wme_5772,wme_real,0.004524886877828055,0.0,0.0,0.0,0.0,0.0,0.0
hcm_wme_33790,wme_real,0.5,0.0,1.0,1.0,1.0,1.0,1.0
hcm_wme_17976,wme_real,0.5,0.0,1.0,1.0,1.0,1.0,1.0
hcm_wme_89524,wme_real,0.02857142857142857,0.0,0.0,0.0,0.0,1.0,1.0
hcm_wme_90669,wme_real,1.0,1.0,1.0,1.0,1.0,1.0,1.0
hcm_wme_77134,wme_real,1.0,1.0,1.0,1.0,1.0,1.0,1.0
hcm_wme_92815,wme_real,0.000683526999316473,0.0,0.0,0.0,0.0,0.0,0.0
hcm_wme_65691,wme_real,1.0,1.0,1.0,1.0,1.0,1.0,1.0
hcm_wme_107238,wme_real,0.2,0.0,1.0,1.0,1.0,1.0,1.0
hcm_wme_87885,wme_real,0.3333333333333333,0.0,1.0,1.0,1.0,1.0,1.0
hcm_wme_102264,wme_real,0.03125,0.0,0.0,0.0,0.0,1.0,1.0
hcm_wme_87847,wme_real,0.024390243902439025,0.0,0.0,0.0,0.0,1.0,1.0
hcm_wme_12582,wme_real,1.0,1.0,1.0,1.0,1.0,1.0,1.0
hcm_wme_33569,wme_real,0.009433962264150943,0.0,0.0,0.0,0.0,0.0,0.0
hcm_wme_62327,wme_real,9.166743056192135e-05,0.0,0.0,0.0,0.0,0.0,0.0
hcm_wme_58666,wme_real,0.1111111111111111,0.0,0.0,1.0,1.0,1.0,1.0
hcm_wme_18400,wme_real,0.25,0.0,1.0,1.0,1.0,1.0,1.0
hcm_wme_26820,wme_real,1.0,1.0,1.0,1.0,1.0,1.0,1.0
hcm_wme_32964,wme_real,1.0,1.0,1.0,1.0,1.0,1.0,1.0
hcm_wme_47546,wme_real,1.0,1.0,1.0,1.0,1.0,1.0,1.0
hcm_wme_60285,wme_real,1.0,1.0,1.0,1.0,1.0,1.0,1.0
hcm_wme_62839,wme_real,1.0,1.0,1.0,1.0,1.0,1.0,1.0
hcm_wme_93355,wme_real,0.5,0.0,1.0,1.0,1.0,1.0,1.0
hcm_wme_111856,wme_real,0.0003048780487804878,0.0,0.0,0.0,0.0,0.0,0.0
hcm_wme_24899,wme_real,1.0,1.0,1.0,1.0,1.0,1.0,1.0
hcm_wme_69178,wme_real,0.5,0.0,1.0,1.0,1.0,1.0,1.0
hcm_wme_18966,wme_real,0.05,0.0,0.0,0.0,1.0,1.0,1.0
hcm_wme_86411,wme_real,0.3333333333333333,0.0,1.0,1.0,1.0,1.0,1.0
hcm_wme_28346,wme_real,0.0025906735751295338,0.0,0.0,0.0,0.0,0.0,0.0
hcm_wme_13539,wme_real,0.010416666666666666,0.0,0.0,0.0,0.0,0.0,1.0
hcm_wme_727,wme_real,0.07142857142857142,0.0,0.0,0.0,1.0,1.0,1.0
hcm_wme_57455,wme_real,1.0,1.0,1.0,1.0,1.0,1.0,1.0
hcm_wme_5323,wme_real,0.14285714285714285,0.0,0.0,1.0,1.0,1.0,1.0
hcm_wme_55543,wme_real,1.0,1.0,1.0,1.0,1.0,1.0,1.0
hcm_wme_8647,wme_real,1.0,1.0,1.0,1.0,1.0,1.0,1.0
hcm_wme_106361,wme_real,1.0,1.0,1.0,1.0,1.0,1.0,1.0
hcm_wme_33414,wme_real,1.0,1.0,1.0,1.0,1.0,1.0,1.0
hcm_wme_6131,wme_real,0.0005743825387708214,0.0,0.0,0.0,0.0,0.0,0.0
hcm_wme_10441,wme_real,0.08333333333333333,0.0,0.0,0.0,1.0,1.0,1.0
hcm_wme_49221,wme_real,0.25,0.0,1.0,1.0,1.0,1.0,1.0
hcm_wme_63407,wme_real,0.005555555555555556,0.0,0.0,0.0,0.0,0.0,0.0
hcm_wme_6000,wme_real,0.1111111111111111,0.0,0.0,1.0,1.0,1.0,1.0
hcm_wme_58530,wme_real,0.006134969325153374,0.0,0.0,0.0,0.0,0.0,0.0
hcm_wme_83550,wme_real,0.2,0.0,1.0,1.0,1.0,1.0,1.0
hcm_wme_27964,wme_real,0.00510204081632653,0.0,0.0,0.0,0.0,0.0,0.0
hcm_wme_93014,wme_real,0.07692307692307693,0.0,0.0,0.0,1.0,1.0,1.0
hcm_wme_5930,wme_real,1.0,1.0,1.0,1.0,1.0,1.0,1.0
hcm_wme_85653,wme_real,1.0,1.0,1.0,1.0,1.0,1.0,1.0
hcm_wme_64585,wme_real,0.5,0.0,1.0,1.0,1.0,1.0,1.0
hcm_wme_7202,wme_real,1.0,1.0,1.0,1.0,1.0,1.0,1.0
hcm_wme_40844,wme_real,0.5,0.0,1.0,1.0,1.0,1.0,1.0
hcm_wme_92837,wme_real,1.0,1.0,1.0,1.0,1.0,1.0,1.0
hcm_wme_91601,wme_real,0.0009652509652509653,0.0,0.0,0.0,0.0,0.0,0.0
hcm_wme_78541,wme_real,1.0,1.0,1.0,1.0,1.0,1.0,1.0
hcm_wme_97185,wme_real,0.0125,0.0,0.0,0.0,0.0,0.0,1.0
hcm_wme_9537,wme_real,0.5,0.0,1.0,1.0,1.0,1.0,1.0
hcm_wme_101985,wme_real,0.0019230769230769232,0.0,0.0,0.0,0.0,0.0,0.0
hcm_wme_102584,wme_real,0.3333333333333333,0.0,1.0,1.0,1.0,1.0,1.0
hcm_wme_104945,wme_real,0.006097560975609756,0.0,0.0,0.0,0.0,0.0,0.0
hcm_wme_28294,wme_real,0.030303030303030304,0.0,0.0,0.0,0.0,1.0,1.0
hcm_wme_40229,wme_real,1.0,1.0,1.0,1.0,1.0,1.0,1.0
hcm_wme_69020,wme_real,1.0,1.0,1.0,1.0,1.0,1.0,1.0
hcm_wme_89078,wme_real,0.1111111111111111,0.0,0.0,1.0,1.0,1.0,1.0
hcm_wme_82302,wme_real,1.0,1.0,1.0,1.0,1.0,1.0,1.0
hcm_wme_40708,wme_real,0.16666666666666666,0.0,0.0,1.0,1.0,1.0,1.0
hcm_wme_53677,wme_real,0.5,0.0,1.0,1.0,1.0,1.0,1.0
hcm_wme_68779,wme_real,0.004032258064516129,0.0,0.0,0.0,0.0,0.0,0.0
hcm_wme_460,wme_real,1.0,1.0,1.0,1.0,1.0,1.0,1.0
hcm_wme_106950,wme_real,0.3333333333333333,0.0,1.0,1.0,1.0,1.0,1.0
hcm_wme_87939,wme_real,0.02564102564102564,0.0,0.0,0.0,0.0,1.0,1.0
hcm_wme_1164,wme_real,0.047619047619047616,0.0,0.0,0.0,0.0,1.0,1.0
hcm_wme_76928,wme_real,0.006622516556291391,0.0,0.0,0.0,0.0,0.0,0.0
hcm_wme_108511,wme_real,1.0,1.0,1.0,1.0,1.0,1.0,1.0
hcm_wme_85091,wme_real,0.14285714285714285,0.0,0.0,1.0,1.0,1.0,1.0
hcm_wme_96940,wme_real,1.0,1.0,1.0,1.0,1.0,1.0,1.0
hcm_wme_56581,wme_real,0.011627906976744186,0.0,0.0,0.0,0.0,0.0,1.0
hcm_wme_31663,wme_real,1.0,1.0,1.0,1.0,1.0,1.0,1.0
hcm_wme_70453,wme_real,0.022727272727272728,0.0,0.0,0.0,0.0,1.0,1.0
hcm_wme_24702,wme_real,0.00040966816878328555,0.0,0.0,0.0,0.0,0.0,0.0
hcm_wme_39106,wme_real,1.0,1.0,1.0,1.0,1.0,1.0,1.0
hcm_wme_110954,wme_real,0.09090909090909091,0.0,0.0,0.0,1.0,1.0,1.0
hcm_wme_35382,wme_real,0.006172839506172839,0.0,0.0,0.0,0.0,0.0,0.0
hcm_wme_111078,wme_real,0.2,0.0,1.0,1.0,1.0,1.0,1.0
hcm_wme_4128,wme_real,0.08333333333333333,0.0,0.0,0.0,1.0,1.0,1.0
hcm_wme_76849,wme_real,1.0,1.0,1.0,1.0,1.0,1.0,1.0
hcm_wme_55170,wme_real,0.08333333333333333,0.0,0.0,0.0,1.0,1.0,1.0
hcm_wme_6790,wme_real,0.00980392156862745,0.0,0.0,0.0,0.0,0.0,0.0
hcm_wme_97010,wme_real,1.0,1.0,1.0,1.0,1.0,1.0,1.0
hcm_wme_67234,wme_real,1.0,1.0,1.0,1.0,1.0,1.0,1.0
hcm_wme_2858,wme_real,1.0,1.0,1.0,1.0,1.0,1.0,1.0
hcm_wme_102862,wme_real,0.004132231404958678,0.0,0.0,0.0,0.0,0.0,0.0
hcm_wme_93235,wme_real,1.0,1.0,1.0,1.0,1.0,1.0,1.0
hcm_wme_29869,wme_real,0.1,0.0,0.0,1.0,1.0,1.0,1.0
hcm_wme_26231,wme_real,1.0,1.0,1.0,1.0,1.0,1.0,1.0
hcm_wme_1715,wme_real,0.0017301038062283738,0.0,0.0,0.0,0.0,0.0,0.0
hcm_wme_10077,wme_real,1.0,1.0,1.0,1.0,1.0,1.0,1.0
hcm_wme_30866,wme_real,0.00037230081906180194,0.0,0.0,0.0,0.0,0.0,0.0
hcm_wme_43451,wme_real,0.125,0.0,0.0,1.0,1.0,1.0,1.0
hcm_wme_6338,wme_real,0.06666666666666667,0.0,0.0,0.0,1.0,1.0,1.0
hcm_wme_71665,wme_real,0.002421307506053269,0.0,0.0,0.0,0.0,0.0,0.0
hcm_wme_61252,wme_real,0.058823529411764705,0.0,0.0,0.0,1.0,1.0,1.0
hcm_wme_48930,wme_real,0.5,0.0,1.0,1.0,1.0,1.0,1.0
hcm_wme_111540,wme_real,0.01098901098901099,0.0,0.0,0.0,0.0,0.0,1.0
hcm_wme_65311,wme_real,0.25,0.0,1.0,1.0,1.0,1.0,1.0
hcm_wme_105784,wme_real,0.16666666666666666,0.0,0.0,1.0,1.0,1.0,1.0
hcm_wme_33257,wme_real,1.0,1.0,1.0,1.0,1.0,1.0,1.0
hcm_wme_85754,wme_real,1.0,1.0,1.0,1.0,1.0,1.0,1.0
hcm_wme_7208,wme_real,1.0,1.0,1.0,1.0,1.0,1.0,1.0
hcm_wme_13683,wme_real,1.0,1.0,1.0,1.0,1.0,1.0,1.0
hcm_wme_70663,wme_real,1.0,1.0,1.0,1.0,1.0,1.0,1.0
hcm_wme_15575,wme_real,0.14285714285714285,0.0,0.0,1.0,1.0,1.0,1.0
hcm_wme_93724,wme_real,0.006211180124223602,0.0,0.0,0.0,0.0,0.0,0.0
hcm_wme_10870,wme_real,0.5,0.0,1.0,1.0,1.0,1.0,1.0
hcm_wme_2672,wme_real,0.5,0.0,1.0,1.0,1.0,1.0,1.0
hcm_wme_13087,wme_real,1.0,1.0,1.0,1.0,1.0,1.0,1.0
hcm_wme_108988,wme_real,0.5,0.0,1.0,1.0,1.0,1.0,1.0
hcm_wme_102898,wme_real,0.07142857142857142,0.0,0.0,0.0,1.0,1.0,1.0
hcm_wme_99421,wme_real,1.0,1.0,1.0,1.0,1.0,1.0,1.0
hcm_wme_83301,wme_real,0.018518518518518517,0.0,0.0,0.0,0.0,0.0,1.0
hcm_wme_83210,wme_real,0.25,0.0,1.0,1.0,1.0,1.0,1.0
hcm_wme_17016,wme_real,0.25,0.0,1.0,1.0,1.0,1.0,1.0
hcm_wme_74779,wme_real,0.07692307692307693,0.0,0.0,0.0,1.0,1.0,1.0
hcm_wme_5547,wme_real,0.16666666666666666,0.0,0.0,1.0,1.0,1.0,1.0
hcm_wme_78716,wme_real,0.02702702702702703,0.0,0.0,0.0,0.0,1.0,1.0
hcm_wme_94132,wme_real,0.0031746031746031746,0.0,0.0,0.0,0.0,0.0,0.0
hcm_wme_58186,wme_real,0.023255813953488372,0.0,0.0,0.0,0.0,1.0,1.0
hcm_wme_78478,wme_real,1.0,1.0,1.0,1.0,1.0,1.0,1.0
hcm_wme_58462,wme_real,0.2,0.0,1.0,1.0,1.0,1.0,1.0
hcm_wme_20683,wme_real,1.0,1.0,1.0,1.0,1.0,1.0,1.0
hcm_wme_33655,wme_real,0.058823529411764705,0.0,0.0,0.0,1.0,1.0,1.0
hcm_wme_13789,wme_real,0.2,0.0,1.0,1.0,1.0,1.0,1.0
hcm_wme_350,wme_real,0.058823529411764705,0.0,0.0,0.0,1.0,1.0,1.0
hcm_wme_67476,wme_real,0.125,0.0,0.0,1.0,1.0,1.0,1.0
hcm_wme_72302,wme_real,0.010309278350515464,0.0,0.0,0.0,0.0,0.0,1.0
hcm_wme_16777,wme_real,1.0,1.0,1.0,1.0,1.0,1.0,1.0
hcm_wme_10448,wme_real,1.0,1.0,1.0,1.0,1.0,1.0,1.0
hcm_wme_45755,wme_real,1.0,1.0,1.0,1.0,1.0,1.0,1.0
hcm_wme_45877,wme_real,0.03225806451612903,0.0,0.0,0.0,0.0,1.0,1.0
hcm_wme_98749,wme_real,0.25,0.0,1.0,1.0,1.0,1.0,1.0
hcm_wme_24428,wme_real,0.0015503875968992248,0.0,0.0,0.0,0.0,0.0,0.0
hcm_wme_8129,wme_real,0.5,0.0,1.0,1.0,1.0,1.0,1.0
hcm_wme_36990,wme_real,1.0,1.0,1.0,1.0,1.0,1.0,1.0
hcm_wme_112115,wme_real,1.0,1.0,1.0,1.0,1.0,1.0,1.0
hcm_wme_28980,wme_real,0.0009891196834817012,0.0,0.0,0.0,0.0,0.0,0.0
hcm_wme_19517,wme_real,0.25,0.0,1.0,1.0,1.0,1.0,1.0
hcm_wme_46529,wme_real,1.0,1.0,1.0,1.0,1.0,1.0,1.0
hcm_wme_36286,wme_real,0.5,0.0,1.0,1.0,1.0,1.0,1.0
hcm_wme_26646,wme_real,0.013513513513513514,0.0,0.0,0.0,0.0,0.0,1.0
hcm_wme_21290,wme_real,0.041666666666666664,0.0,0.0,0.0,0.0,1.0,1.0
hcm_wme_24639,wme_real,0.017543859649122806,0.0,0.0,0.0,0.0,0.0,1.0
hcm_wme_34991,wme_real,1.0,1.0,1.0,1.0,1.0,1.0,1.0
hcm_wme_25725,wme_real,1.0,1.0,1.0,1.0,1.0,1.0,1.0
hcm_wme_58459,wme_real,0.005681818181818182,0.0,0.0,0.0,0.0,0.0,0.0
hcm_wme_21347,wme_real,0.02857142857142857,0.0,0.0,0.0,0.0,1.0,1.0
hcm_wme_71005,wme_real,0.008771929824561403,0.0,0.0,0.0,0.0,0.0,0.0
hcm_wme_83961,wme_real,1.0,1.0,1.0,1.0,1.0,1.0,1.0
hcm_wme_6034,wme_real,0.5,0.0,1.0,1.0,1.0,1.0,1.0
hcm_wme_64268,wme_real,0.1111111111111111,0.0,0.0,1.0,1.0,1.0,1.0
hcm_wme_1042,wme_real,1.0,1.0,1.0,1.0,1.0,1.0,1.0
hcm_wme_4076,wme_real,0.25,0.0,1.0,1.0,1.0,1.0,1.0
hcm_wme_99063,wme_real,0.002127659574468085,0.0,0.0,0.0,0.0,0.0,0.0
hcm_wme_71838,wme_real,1.0,1.0,1.0,1.0,1.0,1.0,1.0
hcm_wme_41271,wme_real,1.0,1.0,1.0,1.0,1.0,1.0,1.0
hcm_wme_106628,wme_real,1.0,1.0,1.0,1.0,1.0,1.0,1.0
hcm_wme_73316,wme_real,1.0,1.0,1.0,1.0,1.0,1.0,1.0
hcm_wme_25326,wme_real,0.0007479431563201197,0.0,0.0,0.0,0.0,0.0,0.0
hcm_wme_16376,wme_real,0.011235955056179775,0.0,0.0,0.0,0.0,0.0,1.0
hcm_wme_84849,wme_real,1.0,1.0,1.0,1.0,1.0,1.0,1.0
hcm_wme_109032,wme_real,0.002512562814070352,0.0,0.0,0.0,0.0,0.0,0.0
hcm_wme_10655,wme_real,1.0,1.0,1.0,1.0,1.0,1.0,1.0
hcm_wme_16065,wme_real,0.0006455777921239509,0.0,0.0,0.0,0.0,0.0,0.0
hcm_wme_94743,wme_real,0.0006825938566552901,0.0,0.0,0.0,0.0,0.0,0.0
hcm_wme_72026,wme_real,0.5,0.0,1.0,1.0,1.0,1.0,1.0
hcm_wme_77317,wme_real,0.018518518518518517,0.0,0.0,0.0,0.0,0.0,1.0
hcm_wme_15843,wme_real,0.03333333333333333,0.0,0.0,0.0,0.0,1.0,1.0
hcm_wme_45809,wme_real,1.0,1.0,1.0,1.0,1.0,1.0,1.0
hcm_wme_36371,wme_real,1.0,1.0,1.0,1.0,1.0,1.0,1.0
hcm_wme_101498,wme_real,1.0,1.0,1.0,1.0,1.0,1.0,1.0
hcm_wme_97111,wme_real,0.5,0.0,1.0,1.0,1.0,1.0,1.0
hcm_wme_46606,wme_real,0.0038022813688212928,0.0,0.0,0.0,0.0,0.0,0.0
hcm_wme_65103,wme_real,1.0,1.0,1.0,1.0,1.0,1.0,1.0
hcm_wme_42200,wme_real,1.0,1.0,1.0,1.0,1.0,1.0,1.0
hcm_wme_101686,wme_real,1.0,1.0,1.0,1.0,1.0,1.0,1.0
hcm_wme_11928,wme_real,0.125,0.0,0.0,1.0,1.0,1.0,1.0
hcm_wme_64094,wme_real,0.0015455950540958269,0.0,0.0,0.0,0.0,0.0,0.0
hcm_wme_56777,wme_real,1.0,1.0,1.0,1.0,1.0,1.0,1.0
hcm_wme_75615,wme_real,0.1111111111111111,0.0,0.0,1.0,1.0,1.0,1.0
hcm_wme_57538,wme_real,1.0,1.0,1.0,1.0,1.0,1.0,1.0
hcm_wme_7633,wme_real,0.041666666666666664,0.0,0.0,0.0,0.0,1.0,1.0
hcm_wme_6178,wme_real,0.043478260869565216,0.0,0.0,0.0,0.0,1.0,1.0
hcm_wme_58094,wme_real,0.022727272727272728,0.0,0.0,0.0,0.0,1.0,1.0
hcm_wme_39607,wme_real,1.0,1.0,1.0,1.0,1.0,1.0,1.0
hcm_wme_58679,wme_real,0.5,0.0,1.0,1.0,1.0,1.0,1.0
hcm_wme_64285,wme_real,1.0,1.0,1.0,1.0,1.0,1.0,1.0
hcm_wme_42848,wme_real,0.027777777777777776,0.0,0.0,0.0,0.0,1.0,1.0
hcm_wme_34428,wme_real,0.5,0.0,1.0,1.0,1.0,1.0,1.0
hcm_wme_19494,wme_real,1.0,1.0,1.0,1.0,1.0,1.0,1.0
hcm_wme_43097,wme_real,0.5,0.0,1.0,1.0,1.0,1.0,1.0
hcm_wme_81125,wme_real,0.3333333333333333,0.0,1.0,1.0,1.0,1.0,1.0
hcm_wme_65699,wme_real,0.1,0.0,0.0,1.0,1.0,1.0,1.0
hcm_wme_42266,wme_real,1.0,1.0,1.0,1.0,1.0,1.0,1.0
hcm_wme_108712,wme_real,0.2,0.0,1.0,1.0,1.0,1.0,1.0
hcm_wme_14794,wme_real,1.0,1.0,1.0,1.0,1.0,1.0,1.0
hcm_wme_82107,wme_real,0.3333333333333333,0.0,1.0,1.0,1.0,1.0,1.0
hcm_wme_67348,wme_real,1.0,1.0,1.0,1.0,1.0,1.0,1.0
hcm_wme_66872,wme_real,0.1111111111111111,0.0,0.0,1.0,1.0,1.0,1.0
hcm_wme_71431,wme_real,1.0,1.0,1.0,1.0,1.0,1.0,1.0
hcm_wme_3778,wme_real,1.0,1.0,1.0,1.0,1.0,1.0,1.0
hcm_wme_48970,wme_real,0.25,0.0,1.0,1.0,1.0,1.0,1.0
hcm_wme_106314,wme_real,1.0,1.0,1.0,1.0,1.0,1.0,1.0
hcm_wme_51192,wme_real,0.0004640371229698376,0.0,0.0,0.0,0.0,0.0,0.0
hcm_wme_63999,wme_real,0.02702702702702703,0.0,0.0,0.0,0.0,1.0,1.0
hcm_wme_84177,wme_real,1.0,1.0,1.0,1.0,1.0,1.0,1.0
hcm_wme_18480,wme_real,0.25,0.0,1.0,1.0,1.0,1.0,1.0
hcm_wme_55833,wme_real,0.024390243902439025,0.0,0.0,0.0,0.0,1.0,1.0
hcm_wme_70501,wme_real,1.0,1.0,1.0,1.0,1.0,1.0,1.0
hcm_wme_52022,wme_real,1.0,1.0,1.0,1.0,1.0,1.0,1.0
hcm_wme_61796,wme_real,1.0,1.0,1.0,1.0,1.0,1.0,1.0
hcm_wme_25149,wme_real,1.0,1.0,1.0,1.0,1.0,1.0,1.0
hcm_wme_10183,wme_real,1.0,1.0,1.0,1.0,1.0,1.0,1.0
hcm_wme_54718,wme_real,0.5,0.0,1.0,1.0,1.0,1.0,1.0
hcm_wme_71485,wme_real,0.016666666666666666,0.0,0.0,0.0,0.0,0.0,1.0
hcm_wme_94168,wme_real,0.006172839506172839,0.0,0.0,0.0,0.0,0.0,0.0
hcm_wme_62186,wme_real,0.001182033096926714,0.0,0.0,0.0,0.0,0.0,0.0
hcm_wme_41840,wme_real,1.0,1.0,1.0,1.0,1.0,1.0,1.0
hcm_wme_87213,wme_real,0.25,0.0,1.0,1.0,1.0,1.0,1.0
hcm_wme_87093,wme_real,1.0,1.0,1.0,1.0,1.0,1.0,1.0
hcm_wme_88775,wme_real,1.0,1.0,1.0,1.0,1.0,1.0,1.0
hcm_wme_13377,wme_real,1.0,1.0,1.0,1.0,1.0,1.0,1.0
hcm_wme_5152,wme_real,1.0,1.0,1.0,1.0,1.0,1.0,1.0
hcm_wme_24305,wme_real,1.0,1.0,1.0,1.0,1.0,1.0,1.0
hcm_wme_69021,wme_real,0.02857142857142857,0.0,0.0,0.0,0.0,1.0,1.0
hcm_wme_70380,wme_real,0.3333333333333333,0.0,1.0,1.0,1.0,1.0,1.0
hcm_wme_50903,wme_real,0.002793296089385475,0.0,0.0,0.0,0.0,0.0,0.0
hcm_wme_87833,wme_real,0.5,0.0,1.0,1.0,1.0,1.0,1.0
hcm_wme_6216,wme_real,0.3333333333333333,0.0,1.0,1.0,1.0,1.0,1.0
hcm_wme_4370,wme_real,1.0,1.0,1.0,1.0,1.0,1.0,1.0
hcm_wme_104548,wme_real,0.002570694087403599,0.0,0.0,0.0,0.0,0.0,0.0
hcm_wme_111694,wme_real,1.0,1.0,1.0,1.0,1.0,1.0,1.0
hcm_wme_48249,wme_real,0.25,0.0,1.0,1.0,1.0,1.0,1.0
hcm_wme_70063,wme_real,0.015625,0.0,0.0,0.0,0.0,0.0,1.0
hcm_wme_7896,wme_real,1.0,1.0,1.0,1.0,1.0,1.0,1.0
hcm_wme_58452,wme_real,0.06666666666666667,0.0,0.0,0.0,1.0,1.0,1.0
hcm_wme_24181,wme_real,0.022222222222222223,0.0,0.0,0.0,0.0,1.0,1.0
hcm_wme_107986,wme_real,1.0,1.0,1.0,1.0,1.0,1.0,1.0
hcm_wme_45885,wme_real,0.5,0.0,1.0,1.0,1.0,1.0,1.0
hcm_wme_9789,wme_real,1.0,1.0,1.0,1.0,1.0,1.0,1.0
hcm_wme_12139,wme_real,0.2,0.0,1.0,1.0,1.0,1.0,1.0
hcm_wme_24536,wme_real,0.007518796992481203,0.0,0.0,0.0,0.0,0.0,0.0
hcm_wme_4251,wme_real,0.05555555555555555,0.0,0.0,0.0,1.0,1.0,1.0
hcm_wme_78565,wme_real,1.0,1.0,1.0,1.0,1.0,1.0,1.0
hcm_wme_40424,wme_real,1.0,1.0,1.0,1.0,1.0,1.0,1.0
hcm_wme_89299,wme_real,0.05555555555555555,0.0,0.0,0.0,1.0,1.0,1.0
hcm_wme_87879,wme_real,0.06666666666666667,0.0,0.0,0.0,1.0,1.0,1.0
hcm_wme_71377,wme_real,0.3333333333333333,0.0,1.0,1.0,1.0,1.0,1.0
hcm_wme_15308,wme_real,1.0,1.0,1.0,1.0,1.0,1.0,1.0
hcm_wme_17344,wme_real,0.3333333333333333,0.0,1.0,1.0,1.0,1.0,1.0
hcm_wme_13826,wme_real,0.5,0.0,1.0,1.0,1.0,1.0,1.0
hcm_wme_5440,wme_real,1.0,1.0,1.0,1.0,1.0,1.0,1.0
hcm_wme_109068,wme_real,1.0,1.0,1.0,1.0,1.0,1.0,1.0
hcm_wme_47248,wme_real,1.0,1.0,1.0,1.0,1.0,1.0,1.0
hcm_wme_102794,wme_real,0.017543859649122806,0.0,0.0,0.0,0.0,0.0,1.0
hcm_wme_83669,wme_real,0.3333333333333333,0.0,1.0,1.0,1.0,1.0,1.0
hcm_wme_3789,wme_real,0.058823529411764705,0.0,0.0,0.0,1.0,1.0,1.0
hcm_wme_13850,wme_real,1.0,1.0,1.0,1.0,1.0,1.0,1.0
hcm_wme_76775,wme_real,0.03125,0.0,0.0,0.0,0.0,1.0,1.0
hcm_wme_111857,wme_real,0.16666666666666666,0.0,0.0,1.0,1.0,1.0,1.0
hcm_wme_15254,wme_real,0.3333333333333333,0.0,1.0,1.0,1.0,1.0,1.0
hcm_wme_13518,wme_real,0.07692307692307693,0.0,0.0,0.0,1.0,1.0,1.0
hcm_wme_53477,wme_real,1.0,1.0,1.0,1.0,1.0,1.0,1.0
hcm_wme_97484,wme_real,1.0,1.0,1.0,1.0,1.0,1.0,1.0
hcm_wme_54340,wme_real,0.25,0.0,1.0,1.0,1.0,1.0,1.0
hcm_wme_13630,wme_real,0.007936507936507936,0.0,0.0,0.0,0.0,0.0,0.0
hcm_wme_108340,wme_real,0.034482758620689655,0.0,0.0,0.0,0.0,1.0,1.0
hcm_wme_59298,wme_real,0.5,0.0,1.0,1.0,1.0,1.0,1.0
hcm_wme_54542,wme_real,1.0,1.0,1.0,1.0,1.0,1.0,1.0
hcm_wme_69362,wme_real,1.0,1.0,1.0,1.0,1.0,1.0,1.0
hcm_wme_103113,wme_real,1.0,1.0,1.0,1.0,1.0,1.0,1.0
hcm_wme_36754,wme_real,1.0,1.0,1.0,1.0,1.0,1.0,1.0
hcm_wme_5709,wme_real,1.0,1.0,1.0,1.0,1.0,1.0,1.0
hcm_wme_39756,wme_real,0.034482758620689655,0.0,0.0,0.0,0.0,1.0,1.0
hcm_wme_97986,wme_real,0.3333333333333333,0.0,1.0,1.0,1.0,1.0,1.0
hcm_wme_45947,wme_real,0.125,0.0,0.0,1.0,1.0,1.0,1.0
hcm_wme_104828,wme_real,0.02564102564102564,0.0,0.0,0.0,0.0,1.0,1.0
hcm_wme_29153,wme_real,0.0048543689320388345,0.0,0.0,0.0,0.0,0.0,0.0
hcm_wme_81377,wme_real,1.0,1.0,1.0,1.0,1.0,1.0,1.0
hcm_wme_89420,wme_real,0.0024096385542168677,0.0,0.0,0.0,0.0,0.0,0.0
hcm_wme_34242,wme_real,0.02564102564102564,0.0,0.0,0.0,0.0,1.0,1.0
hcm_wme_83885,wme_real,0.5,0.0,1.0,1.0,1.0,1.0,1.0
hcm_wme_66503,wme_real,0.0017921146953405018,0.0,0.0,0.0,0.0,0.0,0.0
hcm_wme_56957,wme_real,0.3333333333333333,0.0,1.0,1.0,1.0,1.0,1.0
hcm_wme_26863,wme_real,0.2,0.0,1.0,1.0,1.0,1.0,1.0
hcm_wme_13093,wme_real,0.5,0.0,1.0,1.0,1.0,1.0,1.0
hcm_wme_62559,wme_real,1.0,1.0,1.0,1.0,1.0,1.0,1.0
hcm_wme_56249,wme_real,0.027777777777777776,0.0,0.0,0.0,0.0,1.0,1.0
hcm_wme_99281,wme_real,0.0003856536829926726,0.0,0.0,0.0,0.0,0.0,0.0
hcm_wme_18952,wme_real,0.01694915254237288,0.0,0.0,0.0,0.0,0.0,1.0
hcm_wme_64454,wme_real,0.0005678591709256105,0.0,0.0,0.0,0.0,0.0,0.0
hcm_wme_53886,wme_real,1.0,1.0,1.0,1.0,1.0,1.0,1.0
hcm_wme_95228,wme_real,0.010869565217391304,0.0,0.0,0.0,0.0,0.0,1.0
hcm_wme_107822,wme_real,0.025,0.0,0.0,0.0,0.0,1.0,1.0
hcm_wme_39421,wme_real,1.0,1.0,1.0,1.0,1.0,1.0,1.0
hcm_wme_26081,wme_real,1.0,1.0,1.0,1.0,1.0,1.0,1.0
hcm_wme_107411,wme_real,0.041666666666666664,0.0,0.0,0.0,0.0,1.0,1.0
hcm_wme_91449,wme_real,1.0,1.0,1.0,1.0,1.0,1.0,1.0
hcm_wme_94377,wme_real,0.25,0.0,1.0,1.0,1.0,1.0,1.0
hcm_wme_50137,wme_real,1.0,1.0,1.0,1.0,1.0,1.0,1.0
hcm_wme_17935,wme_real,0.00016744809109176155,0.0,0.0,0.0,0.0,0.0,0.0
hcm_wme_69512,wme_real,3.211922656902422e-05,0.0,0.0,0.0,0.0,0.0,0.0
hcm_wme_2797,wme_real,0.16666666666666666,0.0,0.0,1.0,1.0,1.0,1.0
hcm_wme_66873,wme_real,1.0,1.0,1.0,1.0,1.0,1.0,1.0
hcm_wme_93989,wme_real,0.004761904761904762,0.0,0.0,0.0,0.0,0.0,0.0
hcm_wme_38538,wme_real,1.0,1.0,1.0,1.0,1.0,1.0,1.0
hcm_wme_83035,wme_real,1.0,1.0,1.0,1.0,1.0,1.0,1.0
hcm_wme_97901,wme_real,0.005813953488372093,0.0,0.0,0.0,0.0,0.0,0.0
hcm_wme_67923,wme_real,0.0014619883040935672,0.0,0.0,0.0,0.0,0.0,0.0
hcm_wme_98409,wme_real,1.0,1.0,1.0,1.0,1.0,1.0,1.0
hcm_wme_38507,wme_real,0.5,0.0,1.0,1.0,1.0,1.0,1.0
hcm_wme_88130,wme_real,1.0,1.0,1.0,1.0,1.0,1.0,1.0
hcm_wme_44158,wme_real,0.01282051282051282,0.0,0.0,0.0,0.0,0.0,1.0
hcm_wme_11259,wme_real,0.0029154518950437317,0.0,0.0,0.0,0.0,0.0,0.0
hcm_wme_95831,wme_real,0.5,0.0,1.0,1.0,1.0,1.0,1.0
hcm_wme_12832,wme_real,1.0,1.0,1.0,1.0,1.0,1.0,1.0
hcm_wme_74204,wme_real,0.5,0.0,1.0,1.0,1.0,1.0,1.0
hcm_wme_101319,wme_real,1.0,1.0,1.0,1.0,1.0,1.0,1.0
hcm_wme_73145,wme_real,0.07142857142857142,0.0,0.0,0.0,1.0,1.0,1.0
hcm_wme_9469,wme_real,1.0,1.0,1.0,1.0,1.0,1.0,1.0
hcm_wme_75405,wme_real,0.0009267840593141798,0.0,0.0,0.0,0.0,0.0,0.0
hcm_wme_92173,wme_real,1.0,1.0,1.0,1.0,1.0,1.0,1.0
hcm_wme_55389,wme_real,1.0,1.0,1.0,1.0,1.0,1.0,1.0
hcm_wme_101866,wme_real,0.0196078431372549,0.0,0.0,0.0,0.0,0.0,1.0
hcm_wme_2354,wme_real,0.0035971223021582736,0.0,0.0,0.0,0.0,0.0,0.0
hcm_wme_54282,wme_real,0.5,0.0,1.0,1.0,1.0,1.0,1.0
hcm_wme_110197,wme_real,0.00013802622498274673,0.0,0.0,0.0,0.0,0.0,0.0
hcm_wme_108838,wme_real,1.0,1.0,1.0,1.0,1.0,1.0,1.0
hcm_wme_86313,wme_real,1.0,1.0,1.0,1.0,1.0,1.0,1.0
hcm_wme_53521,wme_real,0.1,0.0,0.0,1.0,1.0,1.0,1.0
hcm_wme_2865,wme_real,1.0,1.0,1.0,1.0,1.0,1.0,1.0
hcm_wme_69358,wme_real,0.5,0.0,1.0,1.0,1.0,1.0,1.0
hcm_wme_50609,wme_real,1.0,1.0,1.0,1.0,1.0,1.0,1.0
hcm_wme_48067,wme_real,1.0,1.0,1.0,1.0,1.0,1.0,1.0
hcm_wme_13794,wme_real,0.08333333333333333,0.0,0.0,0.0,1.0,1.0,1.0
hcm_wme_45967,wme_real,0.00980392156862745,0.0,0.0,0.0,0.0,0.0,0.0
hcm_wme_87726,wme_real,0.25,0.0,1.0,1.0,1.0,1.0,1.0
hcm_wme_76802,wme_real,1.0,1.0,1.0,1.0,1.0,1.0,1.0
hcm_wme_33359,wme_real,1.0,1.0,1.0,1.0,1.0,1.0,1.0
hcm_wme_33234,wme_real,0.011363636363636364,0.0,0.0,0.0,0.0,0.0,1.0
hcm_wme_23111,wme_real,1.0,1.0,1.0,1.0,1.0,1.0,1.0
hcm_wme_102789,wme_real,0.0007905138339920949,0.0,0.0,0.0,0.0,0.0,0.0
hcm_wme_95413,wme_real,1.0,1.0,1.0,1.0,1.0,1.0,1.0
hcm_wme_55548,wme_real,1.0,1.0,1.0,1.0,1.0,1.0,1.0
hcm_wme_55524,wme_real,1.0,1.0,1.0,1.0,1.0,1.0,1.0
hcm_wme_105608,wme_real,0.03571428571428571,0.0,0.0,0.0,0.0,1.0,1.0
hcm_wme_30576,wme_real,0.05555555555555555,0.0,0.0,0.0,1.0,1.0,1.0
hcm_wme_71418,wme_real,1.0,1.0,1.0,1.0,1.0,1.0,1.0
hcm_wme_2606,wme_real,1.0,1.0,1.0,1.0,1.0,1.0,1.0
hcm_wme_104167,wme_real,0.5,0.0,1.0,1.0,1.0,1.0,1.0
hcm_wme_35337,wme_real,1.0,1.0,1.0,1.0,1.0,1.0,1.0
hcm_wme_60338,wme_real,1.0,1.0,1.0,1.0,1.0,1.0,1.0
hcm_wme_108895,wme_real,1.0,1.0,1.0,1.0,1.0,1.0,1.0
hcm_wme_62942,wme_real,1.0,1.0,1.0,1.0,1.0,1.0,1.0
hcm_wme_57201,wme_real,1.0,1.0,1.0,1.0,1.0,1.0,1.0
hcm_wme_77035,wme_real,0.5,0.0,1.0,1.0,1.0,1.0,1.0
hcm_wme_79818,wme_real,1.0,1.0,1.0,1.0,1.0,1.0,1.0
hcm_wme_1426,wme_real,1.0,1.0,1.0,1.0,1.0,1.0,1.0
hcm_wme_31172,wme_real,1.0,1.0,1.0,1.0,1.0,1.0,1.0
hcm_wme_26371,wme_real,0.02040816326530612,0.0,0.0,0.0,0.0,1.0,1.0
hcm_wme_35617,wme_real,0.003787878787878788,0.0,0.0,0.0,0.0,0.0,0.0
hcm_wme_12959,wme_real,0.005376344086021506,0.0,0.0,0.0,0.0,0.0,0.0
hcm_wme_27057,wme_real,1.0,1.0,1.0,1.0,1.0,1.0,1.0
hcm_wme_61157,wme_real,1.0,1.0,1.0,1.0,1.0,1.0,1.0
hcm_wme_98021,wme_real,0.010309278350515464,0.0,0.0,0.0,0.0,0.0,1.0
hcm_wme_25729,wme_real,0.022222222222222223,0.0,0.0,0.0,0.0,1.0,1.0
hcm_wme_78161,wme_real,1.0,1.0,1.0,1.0,1.0,1.0,1.0
hcm_wme_16191,wme_real,0.011904761904761904,0.0,0.0,0.0,0.0,0.0,1.0
hcm_wme_29443,wme_real,0.030303030303030304,0.0,0.0,0.0,0.0,1.0,1.0
hcm_wme_35834,wme_real,1.0,1.0,1.0,1.0,1.0,1.0,1.0
hcm_wme_96750,wme_real,1.0,1.0,1.0,1.0,1.0,1.0,1.0
hcm_wme_46908,wme_real,0.00684931506849315,0.0,0.0,0.0,0.0,0.0,0.0
hcm_wme_92953,wme_real,0.08333333333333333,0.0,0.0,0.0,1.0,1.0,1.0
hcm_wme_94114,wme_real,0.2,0.0,1.0,1.0,1.0,1.0,1.0
hcm_wme_26830,wme_real,0.05,0.0,0.0,0.0,1.0,1.0,1.0
hcm_wme_21823,wme_real,1.0,1.0,1.0,1.0,1.0,1.0,1.0
hcm_wme_103383,wme_real,1.0,1.0,1.0,1.0,1.0,1.0,1.0
hcm_wme_95204,wme_real,1.0,1.0,1.0,1.0,1.0,1.0,1.0
hcm_wme_37472,wme_real,0.019230769230769232,0.0,0.0,0.0,0.0,0.0,1.0
hcm_wme_68712,wme_real,0.05555555555555555,0.0,0.0,0.0,1.0,1.0,1.0
hcm_wme_84080,wme_real,1.0,1.0,1.0,1.0,1.0,1.0,1.0
hcm_wme_14630,wme_real,1.0,1.0,1.0,1.0,1.0,1.0,1.0
hcm_wme_89855,wme_real,1.0,1.0,1.0,1.0,1.0,1.0,1.0
hcm_wme_111430,wme_real,0.09090909090909091,0.0,0.0,0.0,1.0,1.0,1.0
hcm_wme_85901,wme_real,0.5,0.0,1.0,1.0,1.0,1.0,1.0
hcm_wme_15320,wme_real,1.0,1.0,1.0,1.0,1.0,1.0,1.0
hcm_wme_69609,wme_real,0.006134969325153374,0.0,0.0,0.0,0.0,0.0,0.0
hcm_wme_10359,wme_real,1.0,1.0,1.0,1.0,1.0,1.0,1.0
hcm_wme_50613,wme_real,0.1,0.0,0.0,1.0,1.0,1.0,1.0
hcm_wme_107845,wme_real,0.0018248175182481751,0.0,0.0,0.0,0.0,0.0,0.0
hcm_wme_66112,wme_real,0.1111111111111111,0.0,0.0,1.0,1.0,1.0,1.0
hcm_wme_36901,wme_real,0.07142857142857142,0.0,0.0,0.0,1.0,1.0,1.0
hcm_wme_11828,wme_real,1.0,1.0,1.0,1.0,1.0,1.0,1.0
hcm_wme_89066,wme_real,0.09090909090909091,0.0,0.0,0.0,1.0,1.0,1.0
hcm_wme_12130,wme_real,1.0,1.0,1.0,1.0,1.0,1.0,1.0
hcm_wme_98593,wme_real,0.16666666666666666,0.0,0.0,1.0,1.0,1.0,1.0
hcm_wme_107128,wme_real,0.14285714285714285,0.0,0.0,1.0,1.0,1.0,1.0
hcm_wme_13263,wme_real,1.0,1.0,1.0,1.0,1.0,1.0,1.0
hcm_wme_65119,wme_real,1.0,1.0,1.0,1.0,1.0,1.0,1.0
hcm_wme_49961,wme_real,0.2,0.0,1.0,1.0,1.0,1.0,1.0
hcm_wme_3002,wme_real,0.125,0.0,0.0,1.0,1.0,1.0,1.0
hcm_wme_85578,wme_real,1.0,1.0,1.0,1.0,1.0,1.0,1.0
hcm_wme_92317,wme_real,1.0,1.0,1.0,1.0,1.0,1.0,1.0
hcm_wme_13155,wme_real,0.0006557377049180328,0.0,0.0,0.0,0.0,0.0,0.0
hcm_wme_72940,wme_real,0.16666666666666666,0.0,0.0,1.0,1.0,1.0,1.0
hcm_wme_100736,wme_real,1.0,1.0,1.0,1.0,1.0,1.0,1.0
hcm_wme_88544,wme_real,1.0,1.0,1.0,1.0,1.0,1.0,1.0
hcm_wme_5620,wme_real,0.1,0.0,0.0,1.0,1.0,1.0,1.0
hcm_wme_84935,wme_real,1.0,1.0,1.0,1.0,1.0,1.0,1.0
hcm_wme_33114,wme_real,0.5,0.0,1.0,1.0,1.0,1.0,1.0
hcm_wme_53364,wme_real,1.0,1.0,1.0,1.0,1.0,1.0,1.0
hcm_wme_56969,wme_real,0.006578947368421052,0.0,0.0,0.0,0.0,0.0,0.0
hcm_wme_50395,wme_real,0.015625,0.0,0.0,0.0,0.0,0.0,1.0
hcm_wme_36593,wme_real,1.0,1.0,1.0,1.0,1.0,1.0,1.0
hcm_wme_21589,wme_real,1.0,1.0,1.0,1.0,1.0,1.0,1.0
hcm_wme_11084,wme_real,0.014925373134328358,0.0,0.0,0.0,0.0,0.0,1.0
hcm_wme_54481,wme_real,0.05263157894736842,0.0,0.0,0.0,1.0,1.0,1.0
hcm_wme_23512,wme_real,0.5,0.0,1.0,1.0,1.0,1.0,1.0
hcm_wme_12439,wme_real,0.013333333333333334,0.0,0.0,0.0,0.0,0.0,1.0
hcm_wme_89412,wme_real,1.0,1.0,1.0,1.0,1.0,1.0,1.0
hcm_wme_58978,wme_real,1.0,1.0,1.0,1.0,1.0,1.0,1.0
hcm_wme_63730,wme_real,0.0008130081300813008,0.0,0.0,0.0,0.0,0.0,0.0
hcm_wme_17739,wme_real,1.0,1.0,1.0,1.0,1.0,1.0,1.0
hcm_wme_48602,wme_real,1.0,1.0,1.0,1.0,1.0,1.0,1.0
hcm_wme_64829,wme_real,0.00425531914893617,0.0,0.0,0.0,0.0,0.0,0.0
hcm_wme_17496,wme_real,0.0006635700066357001,0.0,0.0,0.0,0.0,0.0,0.0
hcm_wme_58507,wme_real,1.0,1.0,1.0,1.0,1.0,1.0,1.0
hcm_wme_88719,wme_real,0.002070393374741201,0.0,0.0,0.0,0.0,0.0,0.0
hcm_wme_5723,wme_real,0.16666666666666666,0.0,0.0,1.0,1.0,1.0,1.0
hcm_wme_10800,wme_real,0.047619047619047616,0.0,0.0,0.0,0.0,1.0,1.0
hcm_wme_38239,wme_real,0.25,0.0,1.0,1.0,1.0,1.0,1.0
hcm_wme_85185,wme_real,0.0009950248756218905,0.0,0.0,0.0,0.0,0.0,0.0
hcm_wme_40768,wme_real,0.0025252525252525255,0.0,0.0,0.0,0.0,0.0,0.0
hcm_wme_61101,wme_real,1.0,1.0,1.0,1.0,1.0,1.0,1.0
hcm_wme_81137,wme_real,0.5,0.0,1.0,1.0,1.0,1.0,1.0
hcm_wme_111916,wme_real,0.022727272727272728,0.0,0.0,0.0,0.0,1.0,1.0
hcm_wme_32470,wme_real,0.3333333333333333,0.0,1.0,1.0,1.0,1.0,1.0
hcm_wme_54652,wme_real,0.3333333333333333,0.0,1.0,1.0,1.0,1.0,1.0
hcm_wme_7173,wme_real,1.0,1.0,1.0,1.0,1.0,1.0,1.0
hcm_wme_23140,wme_real,1.0,1.0,1.0,1.0,1.0,1.0,1.0
hcm_wme_5347,wme_real,0.0009041591320072332,0.0,0.0,0.0,0.0,0.0,0.0
hcm_wme_6263,wme_real,0.015151515151515152,0.0,0.0,0.0,0.0,0.0,1.0
hcm_wme_88227,wme_real,1.0,1.0,1.0,1.0,1.0,1.0,1.0
hcm_wme_32326,wme_real,0.0006662225183211193,0.0,0.0,0.0,0.0,0.0,0.0
hcm_wme_90133,wme_real,1.0,1.0,1.0,1.0,1.0,1.0,1.0
hcm_wme_70540,wme_real,1.0,1.0,1.0,1.0,1.0,1.0,1.0
hcm_wme_13271,wme_real,0.0036496350364963502,0.0,0.0,0.0,0.0,0.0,0.0
hcm_wme_104662,wme_real,0.5,0.0,1.0,1.0,1.0,1.0,1.0
hcm_wme_14439,wme_real,0.2,0.0,1.0,1.0,1.0,1.0,1.0
hcm_wme_70102,wme_real,1.0,1.0,1.0,1.0,1.0,1.0,1.0
hcm_wme_78145,wme_real,1.0,1.0,1.0,1.0,1.0,1.0,1.0
hcm_wme_104319,wme_real,0.000546448087431694,0.0,0.0,0.0,0.0,0.0,0.0
hcm_wme_90810,wme_real,0.3333333333333333,0.0,1.0,1.0,1.0,1.0,1.0
hcm_wme_49187,wme_real,0.16666666666666666,0.0,0.0,1.0,1.0,1.0,1.0
hcm_wme_7474,wme_real,0.5,0.0,1.0,1.0,1.0,1.0,1.0
hcm_wme_102319,wme_real,1.0,1.0,1.0,1.0,1.0,1.0,1.0
hcm_wme_82852,wme_real,0.008264462809917356,0.0,0.0,0.0,0.0,0.0,0.0
hcm_wme_11872,wme_real,5.1564997679575106e-05,0.0,0.0,0.0,0.0,0.0,0.0
hcm_wme_54189,wme_real,0.3333333333333333,0.0,1.0,1.0,1.0,1.0,1.0
hcm_wme_33279,wme_real,0.07692307692307693,0.0,0.0,0.0,1.0,1.0,1.0
hcm_wme_52990,wme_real,0.5,0.0,1.0,1.0,1.0,1.0,1.0
hcm_wme_60152,wme_real,0.0014347202295552368,0.0,0.0,0.0,0.0,0.0,0.0
hcm_wme_110327,wme_real,0.012658227848101266,0.0,0.0,0.0,0.0,0.0,1.0
hcm_wme_6318,wme_real,1.0,1.0,1.0,1.0,1.0,1.0,1.0
hcm_wme_18559,wme_real,0.0009823182711198428,0.0,0.0,0.0,0.0,0.0,0.0
hcm_wme_67631,wme_real,1.0,1.0,1.0,1.0,1.0,1.0,1.0
hcm_wme_68299,wme_real,0.007518796992481203,0.0,0.0,0.0,0.0,0.0,0.0
hcm_wme_45656,wme_real,0.3333333333333333,0.0,1.0,1.0,1.0,1.0,1.0
hcm_wme_44717,wme_real,1.0,1.0,1.0,1.0,1.0,1.0,1.0
hcm_wme_85100,wme_real,0.025,0.0,0.0,0.0,0.0,1.0,1.0
hcm_wme_82368,wme_real,0.16666666666666666,0.0,0.0,1.0,1.0,1.0,1.0
hcm_wme_65823,wme_real,1.0,1.0,1.0,1.0,1.0,1.0,1.0
hcm_wme_3615,wme_real,0.5,0.0,1.0,1.0,1.0,1.0,1.0
hcm_wme_67751,wme_real,0.1,0.0,0.0,1.0,1.0,1.0,1.0
hcm_wme_47347,wme_real,0.2,0.0,1.0,1.0,1.0,1.0,1.0
hcm_wme_102089,wme_real,0.1111111111111111,0.0,0.0,1.0,1.0,1.0,1.0
hcm_wme_30221,wme_real,0.25,0.0,1.0,1.0,1.0,1.0,1.0
hcm_wme_3518,wme_real,1.0,1.0,1.0,1.0,1.0,1.0,1.0
hcm_wme_26797,wme_real,1.0,1.0,1.0,1.0,1.0,1.0,1.0
hcm_wme_56882,wme_real,1.0,1.0,1.0,1.0,1.0,1.0,1.0
hcm_wme_102233,wme_real,1.0,1.0,1.0,1.0,1.0,1.0,1.0
hcm_wme_89606,wme_real,0.0012987012987012987,0.0,0.0,0.0,0.0,0.0,0.0
hcm_wme_51832,wme_real,0.021739130434782608,0.0,0.0,0.0,0.0,1.0,1.0
hcm_wme_80886,wme_real,1.0,1.0,1.0,1.0,1.0,1.0,1.0
hcm_wme_65922,wme_real,0.0008375209380234506,0.0,0.0,0.0,0.0,0.0,0.0
hcm_wme_93351,wme_real,0.0017825311942959,0.0,0.0,0.0,0.0,0.0,0.0
hcm_wme_80052,wme_real,0.3333333333333333,0.0,1.0,1.0,1.0,1.0,1.0
hcm_wme_111974,wme_real,0.16666666666666666,0.0,0.0,1.0,1.0,1.0,1.0
hcm_wme_35069,wme_real,1.0,1.0,1.0,1.0,1.0,1.0,1.0
hcm_wme_46615,wme_real,1.0,1.0,1.0,1.0,1.0,1.0,1.0
hcm_wme_1624,wme_real,1.0,1.0,1.0,1.0,1.0,1.0,1.0
hcm_wme_38343,wme_real,0.25,0.0,1.0,1.0,1.0,1.0,1.0
hcm_wme_55554,wme_real,0.2,0.0,1.0,1.0,1.0,1.0,1.0
hcm_wme_79560,wme_real,0.0034965034965034965,0.0,0.0,0.0,0.0,0.0,0.0
hcm_wme_34023,wme_real,1.0,1.0,1.0,1.0,1.0,1.0,1.0
hcm_wme_64848,wme_real,0.09090909090909091,0.0,0.0,0.0,1.0,1.0,1.0
hcm_wme_4642,wme_real,1.0,1.0,1.0,1.0,1.0,1.0,1.0
hcm_wme_9510,wme_real,0.017241379310344827,0.0,0.0,0.0,0.0,0.0,1.0
hcm_wme_90912,wme_real,1.0,1.0,1.0,1.0,1.0,1.0,1.0
hcm_wme_25881,wme_real,1.0,1.0,1.0,1.0,1.0,1.0,1.0
hcm_wme_90492,wme_real,0.5,0.0,1.0,1.0,1.0,1.0,1.0
hcm_wme_32421,wme_real,0.037037037037037035,0.0,0.0,0.0,0.0,1.0,1.0
hcm_wme_22736,wme_real,0.0008539709649871904,0.0,0.0,0.0,0.0,0.0,0.0
hcm_wme_12806,wme_real,0.16666666666666666,0.0,0.0,1.0,1.0,1.0,1.0
hcm_wme_46403,wme_real,0.125,0.0,0.0,1.0,1.0,1.0,1.0
hcm_wme_38705,wme_real,1.0,1.0,1.0,1.0,1.0,1.0,1.0
hcm_wme_65388,wme_real,1.0,1.0,1.0,1.0,1.0,1.0,1.0
hcm_wme_108087,wme_real,0.5,0.0,1.0,1.0,1.0,1.0,1.0
hcm_wme_43945,wme_real,0.030303030303030304,0.0,0.0,0.0,0.0,1.0,1.0
hcm_wme_36890,wme_real,0.041666666666666664,0.0,0.0,0.0,0.0,1.0,1.0
hcm_wme_100395,wme_real,0.005847953216374269,0.0,0.0,0.0,0.0,0.0,0.0
hcm_wme_91228,wme_real,1.0,1.0,1.0,1.0,1.0,1.0,1.0
hcm_wme_81694,wme_real,1.0,1.0,1.0,1.0,1.0,1.0,1.0
hcm_wme_18597,wme_real,0.2,0.0,1.0,1.0,1.0,1.0,1.0
hcm_wme_85112,wme_real,0.3333333333333333,0.0,1.0,1.0,1.0,1.0,1.0
hcm_wme_13320,wme_real,0.5,0.0,1.0,1.0,1.0,1.0,1.0
hcm_wme_29167,wme_real,1.0,1.0,1.0,1.0,1.0,1.0,1.0
hcm_wme_10111,wme_real,1.0,1.0,1.0,1.0,1.0,1.0,1.0
hcm_wme_20932,wme_real,0.0136986301369863,0.0,0.0,0.0,0.0,0.0,1.0
hcm_wme_42129,wme_real,1.0,1.0,1.0,1.0,1.0,1.0,1.0
hcm_wme_50762,wme_real,1.0,1.0,1.0,1.0,1.0,1.0,1.0
hcm_wme_25219,wme_real,0.08333333333333333,0.0,0.0,0.0,1.0,1.0,1.0
hcm_wme_40107,wme_real,1.0,1.0,1.0,1.0,1.0,1.0,1.0
hcm_wme_12639,wme_real,1.0,1.0,1.0,1.0,1.0,1.0,1.0
hcm_wme_93628,wme_real,0.125,0.0,0.0,1.0,1.0,1.0,1.0
hcm_wme_22998,wme_real,0.3333333333333333,0.0,1.0,1.0,1.0,1.0,1.0
hcm_wme_19503,wme_real,0.14285714285714285,0.0,0.0,1.0,1.0,1.0,1.0
hcm_wme_68776,wme_real,1.0,1.0,1.0,1.0,1.0,1.0,1.0
hcm_wme_9874,wme_real,1.0,1.0,1.0,1.0,1.0,1.0,1.0
hcm_wme_86446,wme_real,0.0005002501250625312,0.0,0.0,0.0,0.0,0.0,0.0
hcm_wme_109931,wme_real,0.0033444816053511705,0.0,0.0,0.0,0.0,0.0,0.0
hcm_wme_47902,wme_real,1.0,1.0,1.0,1.0,1.0,1.0,1.0
hcm_wme_109517,wme_real,1.0,1.0,1.0,1.0,1.0,1.0,1.0
hcm_wme_30240,wme_real,1.0,1.0,1.0,1.0,1.0,1.0,1.0
hcm_wme_28911,wme_real,1.0,1.0,1.0,1.0,1.0,1.0,1.0
hcm_wme_35309,wme_real,0.2,0.0,1.0,1.0,1.0,1.0,1.0
hcm_wme_81644,wme_real,0.00625,0.0,0.0,0.0,0.0,0.0,0.0
hcm_wme_92984,wme_real,0.25,0.0,1.0,1.0,1.0,1.0,1.0
hcm_wme_30457,wme_real,1.0,1.0,1.0,1.0,1.0,1.0,1.0
hcm_wme_76342,wme_real,0.003424657534246575,0.0,0.0,0.0,0.0,0.0,0.0
hcm_wme_40396,wme_real,1.0,1.0,1.0,1.0,1.0,1.0,1.0
hcm_wme_91806,wme_real,0.00012212994626282364,0.0,0.0,0.0,0.0,0.0,0.0
hcm_wme_24817,wme_real,1.0,1.0,1.0,1.0,1.0,1.0,1.0
hcm_wme_106379,wme_real,0.0033444816053511705,0.0,0.0,0.0,0.0,0.0,0.0
hcm_wme_40851,wme_real,0.16666666666666666,0.0,0.0,1.0,1.0,1.0,1.0
hcm_wme_50771,wme_real,1.0,1.0,1.0,1.0,1.0,1.0,1.0
hcm_wme_99773,wme_real,0.014492753623188406,0.0,0.0,0.0,0.0,0.0,1.0
hcm_wme_30054,wme_real,0.0005252100840336134,0.0,0.0,0.0,0.0,0.0,0.0
hcm_wme_83660,wme_real,1.0,1.0,1.0,1.0,1.0,1.0,1.0
hcm_wme_34823,wme_real,0.2,0.0,1.0,1.0,1.0,1.0,1.0
hcm_wme_31101,wme_real,1.0,1.0,1.0,1.0,1.0,1.0,1.0
hcm_wme_33412,wme_real,0.16666666666666666,0.0,0.0,1.0,1.0,1.0,1.0
hcm_wme_63008,wme_real,0.5,0.0,1.0,1.0,1.0,1.0,1.0
hcm_wme_64490,wme_real,0.5,0.0,1.0,1.0,1.0,1.0,1.0
hcm_wme_97417,wme_real,0.07692307692307693,0.0,0.0,0.0,1.0,1.0,1.0
hcm_wme_72846,wme_real,0.024390243902439025,0.0,0.0,0.0,0.0,1.0,1.0
hcm_wme_105976,wme_real,1.0,1.0,1.0,1.0,1.0,1.0,1.0
hcm_wme_45061,wme_real,1.0,1.0,1.0,1.0,1.0,1.0,1.0
hcm_wme_73775,wme_real,0.2,0.0,1.0,1.0,1.0,1.0,1.0
hcm_wme_20118,wme_real,0.00046511627906976747,0.0,0.0,0.0,0.0,0.0,0.0
hcm_wme_61989,wme_real,0.021739130434782608,0.0,0.0,0.0,0.0,1.0,1.0
hcm_wme_46915,wme_real,0.0004083299305839118,0.0,0.0,0.0,0.0,0.0,0.0
hcm_wme_63992,wme_real,0.0038022813688212928,0.0,0.0,0.0,0.0,0.0,0.0
hcm_wme_24116,wme_real,0.2,0.0,1.0,1.0,1.0,1.0,1.0
hcm_wme_73768,wme_real,1.0,1.0,1.0,1.0,1.0,1.0,1.0
hcm_wme_79627,wme_real,1.0,1.0,1.0,1.0,1.0,1.0,1.0
hcm_wme_24318,wme_real,1.0,1.0,1.0,1.0,1.0,1.0,1.0
hcm_wme_54573,wme_real,0.1111111111111111,0.0,0.0,1.0,1.0,1.0,1.0
hcm_wme_44372,wme_real,0.023255813953488372,0.0,0.0,0.0,0.0,1.0,1.0
hcm_wme_74173,wme_real,0.037037037037037035,0.0,0.0,0.0,0.0,1.0,1.0
hcm_wme_37874,wme_real,0.0017513134851138354,0.0,0.0,0.0,0.0,0.0,0.0
hcm_wme_41859,wme_real,1.0,1.0,1.0,1.0,1.0,1.0,1.0
hcm_wme_87976,wme_real,1.0,1.0,1.0,1.0,1.0,1.0,1.0
hcm_wme_12505,wme_real,0.125,0.0,0.0,1.0,1.0,1.0,1.0
hcm_wme_27931,wme_real,1.0,1.0,1.0,1.0,1.0,1.0,1.0
hcm_wme_13325,wme_real,0.0012300123001230013,0.0,0.0,0.0,0.0,0.0,0.0
hcm_wme_60174,wme_real,0.1,0.0,0.0,1.0,1.0,1.0,1.0
hcm_wme_48787,wme_real,0.004,0.0,0.0,0.0,0.0,0.0,0.0
hcm_wme_100473,wme_real,1.0,1.0,1.0,1.0,1.0,1.0,1.0
hcm_wme_44576,wme_real,0.07692307692307693,0.0,0.0,0.0,1.0,1.0,1.0
hcm_wme_94006,wme_real,0.008403361344537815,0.0,0.0,0.0,0.0,0.0,0.0
hcm_wme_83329,wme_real,0.020833333333333332,0.0,0.0,0.0,0.0,1.0,1.0
hcm_wme_17804,wme_real,0.01818181818181818,0.0,0.0,0.0,0.0,0.0,1.0
hcm_wme_29350,wme_real,0.06666666666666667,0.0,0.0,0.0,1.0,1.0,1.0
hcm_wme_15316,wme_real,1.0,1.0,1.0,1.0,1.0,1.0,1.0
hcm_wme_27269,wme_real,1.0,1.0,1.0,1.0,1.0,1.0,1.0
hcm_wme_54217,wme_real,0.14285714285714285,0.0,0.0,1.0,1.0,1.0,1.0
hcm_wme_48138,wme_real,0.0125,0.0,0.0,0.0,0.0,0.0,1.0
hcm_wme_96952,wme_real,1.0,1.0,1.0,1.0,1.0,1.0,1.0
hcm_wme_12805,wme_real,0.25,0.0,1.0,1.0,1.0,1.0,1.0
hcm_wme_50674,wme_real,0.002012072434607646,0.0,0.0,0.0,0.0,0.0,0.0
hcm_wme_110848,wme_real,1.0,1.0,1.0,1.0,1.0,1.0,1.0
hcm_wme_64932,wme_real,1.0,1.0,1.0,1.0,1.0,1.0,1.0
hcm_wme_6554,wme_real,0.08333333333333333,0.0,0.0,0.0,1.0,1.0,1.0
hcm_wme_80438,wme_real,1.0,1.0,1.0,1.0,1.0,1.0,1.0
hcm_wme_102340,wme_real,1.0,1.0,1.0,1.0,1.0,1.0,1.0
hcm_wme_32187,wme_real,1.0,1.0,1.0,1.0,1.0,1.0,1.0
hcm_wme_101298,wme_real,0.004830917874396135,0.0,0.0,0.0,0.0,0.0,0.0
hcm_wme_31968,wme_real,0.00398406374501992,0.0,0.0,0.0,0.0,0.0,0.0
hcm_wme_35615,wme_real,1.0,1.0,1.0,1.0,1.0,1.0,1.0
hcm_wme_37060,wme_real,0.5,0.0,1.0,1.0,1.0,1.0,1.0
hcm_wme_98537,wme_real,0.5,0.0,1.0,1.0,1.0,1.0,1.0
hcm_wme_106735,wme_real,1.0,1.0,1.0,1.0,1.0,1.0,1.0
hcm_wme_60725,wme_real,0.09090909090909091,0.0,0.0,0.0,1.0,1.0,1.0
hcm_wme_90034,wme_real,0.06666666666666667,0.0,0.0,0.0,1.0,1.0,1.0
hcm_wme_26907,wme_real,1.0,1.0,1.0,1.0,1.0,1.0,1.0
hcm_wme_20599,wme_real,0.125,0.0,0.0,1.0,1.0,1.0,1.0
hcm_wme_102061,wme_real,1.0,1.0,1.0,1.0,1.0,1.0,1.0
hcm_wme_101806,wme_real,0.14285714285714285,0.0,0.0,1.0,1.0,1.0,1.0
hcm_wme_9095,wme_real,0.002551020408163265,0.0,0.0,0.0,0.0,0.0,0.0
hcm_wme_107439,wme_real,0.5,0.0,1.0,1.0,1.0,1.0,1.0
hcm_wme_48206,wme_real,0.0029411764705882353,0.0,0.0,0.0,0.0,0.0,0.0
hcm_wme_86315,wme_real,1.0,1.0,1.0,1.0,1.0,1.0,1.0
hcm_wme_34613,wme_real,0.16666666666666666,0.0,0.0,1.0,1.0,1.0,1.0
hcm_wme_32968,wme_real,0.002232142857142857,0.0,0.0,0.0,0.0,0.0,0.0
hcm_wme_107386,wme_real,1.0,1.0,1.0,1.0,1.0,1.0,1.0
hcm_wme_33324,wme_real,0.5,0.0,1.0,1.0,1.0,1.0,1.0
hcm_wme_71988,wme_real,2.7652573071924342e-05,0.0,0.0,0.0,0.0,0.0,0.0
hcm_wme_86870,wme_real,0.0025188916876574307,0.0,0.0,0.0,0.0,0.0,0.0
hcm_wme_12459,wme_real,0.3333333333333333,0.0,1.0,1.0,1.0,1.0,1.0
hcm_wme_66831,wme_real,0.002008032128514056,0.0,0.0,0.0,0.0,0.0,0.0
hcm_wme_63780,wme_real,0.000784313725490196,0.0,0.0,0.0,0.0,0.0,0.0
hcm_wme_62520,wme_real,0.5,0.0,1.0,1.0,1.0,1.0,1.0
hcm_wme_21095,wme_real,0.023255813953488372,0.0,0.0,0.0,0.0,1.0,1.0
hcm_wme_105053,wme_real,0.00015255530129672007,0.0,0.0,0.0,0.0,0.0,0.0
hcm_wme_48312,wme_real,1.0,1.0,1.0,1.0,1.0,1.0,1.0
hcm_wme_95281,wme_real,0.3333333333333333,0.0,1.0,1.0,1.0,1.0,1.0
hcm_wme_7840,wme_real,1.0,1.0,1.0,1.0,1.0,1.0,1.0
hcm_wme_98798,wme_real,0.5,0.0,1.0,1.0,1.0,1.0,1.0
hcm_wme_79748,wme_real,1.0,1.0,1.0,1.0,1.0,1.0,1.0
hcm_wme_108380,wme_real,1.0,1.0,1.0,1.0,1.0,1.0,1.0
hcm_wme_54034,wme_real,0.008130081300813009,0.0,0.0,0.0,0.0,0.0,0.0
hcm_wme_33676,wme_real,1.0,1.0,1.0,1.0,1.0,1.0,1.0
hcm_wme_100877,wme_real,1.0,1.0,1.0,1.0,1.0,1.0,1.0
hcm_wme_106127,wme_real,0.06666666666666667,0.0,0.0,0.0,1.0,1.0,1.0
hcm_wme_82757,wme_real,0.125,0.0,0.0,1.0,1.0,1.0,1.0
hcm_wme_91125,wme_real,0.038461538461538464,0.0,0.0,0.0,0.0,1.0,1.0
hcm_wme_3658,wme_real,0.5,0.0,1.0,1.0,1.0,1.0,1.0
hcm_wme_18976,wme_real,1.0,1.0,1.0,1.0,1.0,1.0,1.0
hcm_wme_42529,wme_real,0.125,0.0,0.0,1.0,1.0,1.0,1.0
hcm_wme_69226,wme_real,1.0,1.0,1.0,1.0,1.0,1.0,1.0
hcm_wme_23920,wme_real,0.013333333333333334,0.0,0.0,0.0,0.0,0.0,1.0
hcm_wme_9443,wme_real,0.0625,0.0,0.0,0.0,1.0,1.0,1.0
hcm_wme_337,wme_real,0.07692307692307693,0.0,0.0,0.0,1.0,1.0,1.0
hcm_wme_50936,wme_real,1.0,1.0,1.0,1.0,1.0,1.0,1.0
hcm_wme_43567,wme_real,1.0,1.0,1.0,1.0,1.0,1.0,1.0
