query_id,variant,mrr,recall@1,recall@5,recall@10,recall@20,recall@50,recall@100
hcm_aal_0,aal_real,0.0006101281269066504,0.0,0.0,0.0,0.0,0.0,0.0
hcm_aal_1,aal_real,0.25,0.0,1.0,1.0,1.0,1.0,1.0
hcm_aal_2,aal_real,0.14285714285714285,0.0,0.0,1.0,1.0,1.0,1.0
hcm_aal_3,aal_real,1.667528222915173e-05,0.0,0.0,0.0,0.0,0.0,0.0
hcm_aal_4,aal_real,0.01282051282051282,0.0,0.0,0.0,0.0,0.0,1.0
hcm_aal_5,aal_real,0.005405405405405406,0.0,0.0,0.0,0.0,0.0,0.0
hcm_aal_6,aal_real,0.0001322226629644321,0.0,0.0,0.0,0.0,0.0,0.0
hcm_aal_7,aal_real,0.0003590664272890485,0.0,0.0,0.0,0.0,0.0,0.0
hcm_aal_8,aal_real,0.00016592002654720425,0.0,0.0,0.0,0.0,0.0,0.0
hcm_aal_9,aal_real,0.0037313432835820895,0.0,0.0,0.0,0.0,0.0,0.0
hcm_aal_10,aal_real,2.66851683834125e-05,0.0,0.0,0.0,0.0,0.0,0.0
hcm_aal_11,aal_real,0.16666666666666666,0.0,0.0,1.0,1.0,1.0,1.0
hcm_aal_12,aal_real,8.276775368316503e-05,0.0,0.0,0.0,0.0,0.0,0.0
hcm_aal_13,aal_real,9.063717937097797e-05,0.0,0.0,0.0,0.0,0.0,0.0
hcm_aal_14,aal_real,0.000942507068803016,0.0,0.0,0.0,0.0,0.0,0.0
hcm_aal_15,aal_real,5.316038488118654e-05,0.0,0.0,0.0,0.0,0.0,0.0
hcm_aal_16,aal_real,0.018518518518518517,0.0,0.0,0.0,0.0,0.0,1.0
hcm_aal_17,aal_real,0.045454545454545456,0.0,0.0,0.0,0.0,1.0,1.0
hcm_aal_18,aal_real,0.0037593984962406013,0.0,0.0,0.0,0.0,0.0,0.0
hcm_aal_19,aal_real,1.0,1.0,1.0,1.0,1.0,1.0,1.0
hcm_aal_20,aal_real,0.000473260766682442,0.0,0.0,0.0,0.0,0.0,0.0
hcm_aal_21,aal_real,0.00267379679144385,0.0,0.0,0.0,0.0,0.0,0.0
hcm_aal_22,aal_real,0.00012051096649795132,0.0,0.0,0.0,0.0,0.0,0.0
hcm_aal_23,aal_real,0.0029239766081871343,0.0,0.0,0.0,0.0,0.0,0.0
hcm_aal_24,aal_real,0.02857142857142857,0.0,0.0,0.0,0.0,1.0,1.0
hcm_aal_25,aal_real,0.03333333333333333,0.0,0.0,0.0,0.0,1.0,1.0
hcm_aal_26,aal_real,0.0049261083743842365,0.0,0.0,0.0,0.0,0.0,0.0
hcm_aal_27,aal_real,0.00021843599825251202,0.0,0.0,0.0,0.0,0.0,0.0
hcm_aal_28,aal_real,4.977105315548477e-05,0.0,0.0,0.0,0.0,0.0,0.0
hcm_aal_29,aal_real,4.763946453241866e-05,0.0,0.0,0.0,0.0,0.0,0.0
hcm_aal_30,aal_real,0.0005564830272676684,0.0,0.0,0.0,0.0,0.0,0.0
hcm_aal_31,aal_real,0.013888888888888888,0.0,0.0,0.0,0.0,0.0,1.0
hcm_aal_32,aal_real,0.00021579628830384117,0.0,0.0,0.0,0.0,0.0,0.0
hcm_aal_33,aal_real,0.0008032128514056225,0.0,0.0,0.0,0.0,0.0,0.0
hcm_aal_34,aal_real,9.716378899911582e-06,0.0,0.0,0.0,0.0,0.0,0.0
hcm_aal_35,aal_real,5.888587916617595e-05,0.0,0.0,0.0,0.0,0.0,0.0
hcm_aal_36,aal_real,0.0015527950310559005,0.0,0.0,0.0,0.0,0.0,0.0
hcm_aal_37,aal_real,0.00020112630732099757,0.0,0.0,0.0,0.0,0.0,0.0
hcm_aal_38,aal_real,1.5731927947769998e-05,0.0,0.0,0.0,0.0,0.0,0.0
hcm_aal_39,aal_real,2.030827968562783e-05,0.0,0.0,0.0,0.0,0.0,0.0
hcm_aal_40,aal_real,0.0010235414534288639,0.0,0.0,0.0,0.0,0.0,0.0
hcm_aal_41,aal_real,0.0024630541871921183,0.0,0.0,0.0,0.0,0.0,0.0
hcm_aal_42,aal_real,0.5,0.0,1.0,1.0,1.0,1.0,1.0
hcm_aal_43,aal_real,0.009433962264150943,0.0,0.0,0.0,0.0,0.0,0.0
hcm_aal_44,aal_real,0.0030959752321981426,0.0,0.0,0.0,0.0,0.0,0.0
hcm_aal_45,aal_real,0.000517063081695967,0.0,0.0,0.0,0.0,0.0,0.0
hcm_aal_46,aal_real,3.6099779791343274e-05,0.0,0.0,0.0,0.0,0.0,0.0
hcm_aal_47,aal_real,0.0007874015748031496,0.0,0.0,0.0,0.0,0.0,0.0
hcm_aal_48,aal_real,3.685684800235884e-05,0.0,0.0,0.0,0.0,0.0,0.0
hcm_aal_49,aal_real,0.0008795074758135445,0.0,0.0,0.0,0.0,0.0,0.0
hcm_aal_50,aal_real,0.006756756756756757,0.0,0.0,0.0,0.0,0.0,0.0
hcm_aal_51,aal_real,0.0018975332068311196,0.0,0.0,0.0,0.0,0.0,0.0
hcm_aal_52,aal_real,0.00044742729306487697,0.0,0.0,0.0,0.0,0.0,0.0
hcm_aal_53,aal_real,1.3510592304366623e-05,0.0,0.0,0.0,0.0,0.0,0.0
hcm_aal_54,aal_real,0.09090909090909091,0.0,0.0,0.0,1.0,1.0,1.0
hcm_aal_55,aal_real,1.1300711944852525e-05,0.0,0.0,0.0,0.0,0.0,0.0
hcm_aal_56,aal_real,0.0019723865877712033,0.0,0.0,0.0,0.0,0.0,0.0
hcm_aal_57,aal_real,8.017317405596088e-05,0.0,0.0,0.0,0.0,0.0,0.0
hcm_aal_58,aal_real,2.149982800137599e-05,0.0,0.0,0.0,0.0,0.0,0.0
hcm_aal_59,aal_real,8.637070305752289e-05,0.0,0.0,0.0,0.0,0.0,0.0
hcm_aal_60,aal_real,7.7000077000077e-05,0.0,0.0,0.0,0.0,0.0,0.0
hcm_aal_61,aal_real,0.00016798252981689904,0.0,0.0,0.0,0.0,0.0,0.0
hcm_aal_62,aal_real,0.02127659574468085,0.0,0.0,0.0,0.0,1.0,1.0
hcm_aal_63,aal_real,0.0007230657989877079,0.0,0.0,0.0,0.0,0.0,0.0
hcm_aal_64,aal_real,4.365858982754857e-05,0.0,0.0,0.0,0.0,0.0,0.0
hcm_aal_65,aal_real,0.5,0.0,1.0,1.0,1.0,1.0,1.0
hcm_aal_66,aal_real,0.0005998800239952009,0.0,0.0,0.0,0.0,0.0,0.0
hcm_aal_67,aal_real,0.0014084507042253522,0.0,0.0,0.0,0.0,0.0,0.0
hcm_aal_68,aal_real,4.162850720173175e-05,0.0,0.0,0.0,0.0,0.0,0.0
hcm_aal_69,aal_real,0.2,0.0,1.0,1.0,1.0,1.0,1.0
hcm_aal_71,aal_real,0.004975124378109453,0.0,0.0,0.0,0.0,0.0,0.0
hcm_aal_72,aal_real,0.00046816479400749064,0.0,0.0,0.0,0.0,0.0,0.0
hcm_aal_73,aal_real,0.0016474464579901153,0.0,0.0,0.0,0.0,0.0,0.0
hcm_aal_74,aal_real,1.4118909455433662e-05,0.0,0.0,0.0,0.0,0.0,0.0
hcm_aal_75,aal_real,1.5062963186117974e-05,0.0,0.0,0.0,0.0,0.0,0.0
hcm_aal_76,aal_real,1.1072725662148994e-05,0.0,0.0,0.0,0.0,0.0,0.0
hcm_aal_77,aal_real,0.004761904761904762,0.0,0.0,0.0,0.0,0.0,0.0
hcm_aal_78,aal_real,0.00012539184952978057,0.0,0.0,0.0,0.0,0.0,0.0
hcm_aal_79,aal_real,0.0003551136363636364,0.0,0.0,0.0,0.0,0.0,0.0
hcm_aal_80,aal_real,0.00010613457864572278,0.0,0.0,0.0,0.0,0.0,0.0
hcm_aal_81,aal_real,0.0011148272017837235,0.0,0.0,0.0,0.0,0.0,0.0
hcm_aal_82,aal_real,4.973145016908693e-05,0.0,0.0,0.0,0.0,0.0,0.0
hcm_aal_83,aal_real,0.02127659574468085,0.0,0.0,0.0,0.0,1.0,1.0
hcm_aal_84,aal_real,0.0005777007510109763,0.0,0.0,0.0,0.0,0.0,0.0
hcm_aal_85,aal_real,0.0024691358024691358,0.0,0.0,0.0,0.0,0.0,0.0
hcm_aal_86,aal_real,6.273919317397578e-05,0.0,0.0,0.0,0.0,0.0,0.0
hcm_aal_87,aal_real,0.08333333333333333,0.0,0.0,0.0,1.0,1.0,1.0
hcm_aal_88,aal_real,0.02127659574468085,0.0,0.0,0.0,0.0,1.0,1.0
hcm_aal_89,aal_real,2.2878583358118464e-05,0.0,0.0,0.0,0.0,0.0,0.0
hcm_aal_90,aal_real,0.00032690421706440013,0.0,0.0,0.0,0.0,0.0,0.0
hcm_aal_91,aal_real,0.00980392156862745,0.0,0.0,0.0,0.0,0.0,0.0
hcm_aal_92,aal_real,4.177807486631016e-05,0.0,0.0,0.0,0.0,0.0,0.0
hcm_aal_93,aal_real,2.554278416347382e-05,0.0,0.0,0.0,0.0,0.0,0.0
hcm_aal_94,aal_real,5.8428279287174995e-05,0.0,0.0,0.0,0.0,0.0,0.0
hcm_aal_95,aal_real,8.462384700008462e-05,0.0,0.0,0.0,0.0,0.0,0.0
hcm_aal_96,aal_real,0.0048543689320388345,0.0,0.0,0.0,0.0,0.0,0.0
hcm_aal_97,aal_real,3.4899141481119564e-05,0.0,0.0,0.0,0.0,0.0,0.0
hcm_aal_98,aal_real,0.0024509803921568627,0.0,0.0,0.0,0.0,0.0,0.0
hcm_aal_99,aal_real,3.7735849056603776e-05,0.0,0.0,0.0,0.0,0.0,0.0
hcm_aal_100,aal_real,3.0406227195329603e-05,0.0,0.0,0.0,0.0,0.0,0.0
hcm_aal_101,aal_real,0.006802721088435374,0.0,0.0,0.0,0.0,0.0,0.0
hcm_aal_102,aal_real,0.0012804097311139564,0.0,0.0,0.0,0.0,0.0,0.0
hcm_aal_103,aal_real,0.024390243902439025,0.0,0.0,0.0,0.0,1.0,1.0
hcm_aal_104,aal_real,3.8347969475016295e-05,0.0,0.0,0.0,0.0,0.0,0.0
hcm_aal_105,aal_real,0.0029154518950437317,0.0,0.0,0.0,0.0,0.0,0.0
hcm_aal_106,aal_real,0.04,0.0,0.0,0.0,0.0,1.0,1.0
hcm_aal_107,aal_real,0.015384615384615385,0.0,0.0,0.0,0.0,0.0,1.0
hcm_aal_108,aal_real,0.0005608524957936063,0.0,0.0,0.0,0.0,0.0,0.0
hcm_aal_109,aal_real,0.0013986013986013986,0.0,0.0,0.0,0.0,0.0,0.0
hcm_aal_110,aal_real,2.8654937245687433e-05,0.0,0.0,0.0,0.0,0.0,0.0
hcm_aal_111,aal_real,0.0002353494939985879,0.0,0.0,0.0,0.0,0.0,0.0
hcm_aal_112,aal_real,0.0015600624024961,0.0,0.0,0.0,0.0,0.0,0.0
hcm_aal_113,aal_real,8.942944017170452e-05,0.0,0.0,0.0,0.0,0.0,0.0
hcm_aal_114,aal_real,1.0,1.0,1.0,1.0,1.0,1.0,1.0
hcm_aal_115,aal_real,0.00022119000221190003,0.0,0.0,0.0,0.0,0.0,0.0
hcm_aal_116,aal_real,0.0196078431372549,0.0,0.0,0.0,0.0,0.0,1.0
hcm_aal_117,aal_real,3.5990642432967426e-05,0.0,0.0,0.0,0.0,0.0,0.0
hcm_aal_118,aal_real,0.25,0.0,1.0,1.0,1.0,1.0,1.0
hcm_aal_119,aal_real,1.7665971805108998e-05,0.0,0.0,0.0,0.0,0.0,0.0
hcm_aal_120,aal_real,3.062599534484871e-05,0.0,0.0,0.0,0.0,0.0,0.0
hcm_aal_121,aal_real,0.019230769230769232,0.0,0.0,0.0,0.0,0.0,1.0
hcm_aal_122,aal_real,0.0014814814814814814,0.0,0.0,0.0,0.0,0.0,0.0
hcm_aal_123,aal_real,0.00016204829039053638,0.0,0.0,0.0,0.0,0.0,0.0
hcm_aal_124,aal_real,0.00019527436047646945,0.0,0.0,0.0,0.0,0.0,0.0
hcm_aal_125,aal_real,0.0002874389192296637,0.0,0.0,0.0,0.0,0.0,0.0
hcm_aal_126,aal_real,0.0024937655860349127,0.0,0.0,0.0,0.0,0.0,0.0
hcm_aal_127,aal_real,0.023255813953488372,0.0,0.0,0.0,0.0,1.0,1.0
hcm_aal_128,aal_real,0.0006093845216331506,0.0,0.0,0.0,0.0,0.0,0.0
hcm_aal_129,aal_real,0.00022376370552696352,0.0,0.0,0.0,0.0,0.0,0.0
hcm_aal_130,aal_real,0.0003912363067292645,0.0,0.0,0.0,0.0,0.0,0.0
hcm_aal_131,aal_real,0.0001305653479566523,0.0,0.0,0.0,0.0,0.0,0.0
hcm_aal_132,aal_real,2.3329600597237775e-05,0.0,0.0,0.0,0.0,0.0,0.0
hcm_aal_133,aal_real,1.8433859312785724e-05,0.0,0.0,0.0,0.0,0.0,0.0
hcm_aal_134,aal_real,0.002849002849002849,0.0,0.0,0.0,0.0,0.0,0.0
hcm_aal_135,aal_real,0.014705882352941176,0.0,0.0,0.0,0.0,0.0,1.0
hcm_aal_136,aal_real,0.14285714285714285,0.0,0.0,1.0,1.0,1.0,1.0
hcm_aal_137,aal_real,9.765625e-05,0.0,0.0,0.0,0.0,0.0,0.0
hcm_aal_138,aal_real,0.006622516556291391,0.0,0.0,0.0,0.0,0.0,0.0
hcm_aal_139,aal_real,2.8219889378033637e-05,0.0,0.0,0.0,0.0,0.0,0.0
hcm_aal_140,aal_real,0.00012695188523549576,0.0,0.0,0.0,0.0,0.0,0.0
hcm_aal_141,aal_real,4.301445285615967e-05,0.0,0.0,0.0,0.0,0.0,0.0
hcm_aal_142,aal_real,7.172572084349448e-05,0.0,0.0,0.0,0.0,0.0,0.0
hcm_aal_143,aal_real,0.06666666666666667,0.0,0.0,0.0,1.0,1.0,1.0
hcm_aal_145,aal_real,0.0004409171075837742,0.0,0.0,0.0,0.0,0.0,0.0
hcm_aal_146,aal_real,1.0,1.0,1.0,1.0,1.0,1.0,1.0
hcm_aal_147,aal_real,0.0002918004085205719,0.0,0.0,0.0,0.0,0.0,0.0
hcm_aal_148,aal_real,0.003436426116838488,0.0,0.0,0.0,0.0,0.0,0.0
hcm_aal_149,aal_real,0.0028328611898017,0.0,0.0,0.0,0.0,0.0,0.0
hcm_aal_150,aal_real,0.25,0.0,1.0,1.0,1.0,1.0,1.0
hcm_aal_151,aal_real,1.0,1.0,1.0,1.0,1.0,1.0,1.0
hcm_aal_152,aal_real,0.00010238558410975735,0.0,0.0,0.0,0.0,0.0,0.0
hcm_aal_153,aal_real,0.0004701457451810061,0.0,0.0,0.0,0.0,0.0,0.0
hcm_aal_154,aal_real,1.5448309954890935e-05,0.0,0.0,0.0,0.0,0.0,0.0
hcm_aal_155,aal_real,0.008849557522123894,0.0,0.0,0.0,0.0,0.0,0.0
hcm_aal_156,aal_real,1.0078308456708627e-05,0.0,0.0,0.0,0.0,0.0,0.0
hcm_aal_157,aal_real,1.6654176034640685e-05,0.0,0.0,0.0,0.0,0.0,0.0
hcm_aal_158,aal_real,5.4860653938994955e-05,0.0,0.0,0.0,0.0,0.0,0.0
hcm_aal_159,aal_real,0.0005512679162072767,0.0,0.0,0.0,0.0,0.0,0.0
hcm_aal_160,aal_real,0.07692307692307693,0.0,0.0,0.0,1.0,1.0,1.0
hcm_aal_161,aal_real,0.0024271844660194173,0.0,0.0,0.0,0.0,0.0,0.0
hcm_aal_162,aal_real,0.013888888888888888,0.0,0.0,0.0,0.0,0.0,1.0
hcm_aal_163,aal_real,0.00028686173264486515,0.0,0.0,0.0,0.0,0.0,0.0
hcm_aal_164,aal_real,0.0003671071953010279,0.0,0.0,0.0,0.0,0.0,0.0
hcm_aal_165,aal_real,2.4152255820693654e-05,0.0,0.0,0.0,0.0,0.0,0.0
hcm_aal_166,aal_real,1.0,1.0,1.0,1.0,1.0,1.0,1.0
hcm_aal_167,aal_real,0.08333333333333333,0.0,0.0,0.0,1.0,1.0,1.0
hcm_aal_168,aal_real,0.005917159763313609,0.0,0.0,0.0,0.0,0.0,0.0
hcm_aal_169,aal_real,2.0887728459530027e-05,0.0,0.0,0.0,0.0,0.0,0.0
hcm_aal_170,aal_real,1.0,1.0,1.0,1.0,1.0,1.0,1.0
hcm_aal_171,aal_real,2.3209395163162047e-05,0.0,0.0,0.0,0.0,0.0,0.0
hcm_aal_172,aal_real,8.555783709787816e-05,0.0,0.0,0.0,0.0,0.0,0.0
hcm_aal_173,aal_real,5.646846236376983e-05,0.0,0.0,0.0,0.0,0.0,0.0
hcm_aal_174,aal_real,2.0956452491722203e-05,0.0,0.0,0.0,0.0,0.0,0.0
hcm_aal_175,aal_real,0.05,0.0,0.0,0.0,1.0,1.0,1.0
hcm_aal_176,aal_real,0.0008103727714748784,0.0,0.0,0.0,0.0,0.0,0.0
hcm_aal_177,aal_real,0.004366812227074236,0.0,0.0,0.0,0.0,0.0,0.0
hcm_aal_178,aal_real,0.00044169611307420494,0.0,0.0,0.0,0.0,0.0,0.0
hcm_aal_179,aal_real,0.00011844131232974062,0.0,0.0,0.0,0.0,0.0,0.0
hcm_aal_180,aal_real,6.805498843065197e-05,0.0,0.0,0.0,0.0,0.0,0.0
hcm_aal_181,aal_real,0.0037174721189591076,0.0,0.0,0.0,0.0,0.0,0.0
hcm_aal_182,aal_real,5.662834815108443e-05,0.0,0.0,0.0,0.0,0.0,0.0
hcm_aal_183,aal_real,0.002824858757062147,0.0,0.0,0.0,0.0,0.0,0.0
hcm_aal_184,aal_real,2.2007526574088337e-05,0.0,0.0,0.0,0.0,0.0,0.0
hcm_aal_185,aal_real,0.006622516556291391,0.0,0.0,0.0,0.0,0.0,0.0
hcm_aal_186,aal_real,5.901794145420208e-05,0.0,0.0,0.0,0.0,0.0,0.0
hcm_aal_187,aal_real,0.0002809778027535825,0.0,0.0,0.0,0.0,0.0,0.0
hcm_aal_188,aal_real,8.859750155045628e-05,0.0,0.0,0.0,0.0,0.0,0.0
hcm_aal_189,aal_real,0.0053475935828877,0.0,0.0,0.0,0.0,0.0,0.0
hcm_aal_190,aal_real,0.003663003663003663,0.0,0.0,0.0,0.0,0.0,0.0
hcm_aal_191,aal_real,0.005050505050505051,0.0,0.0,0.0,0.0,0.0,0.0
hcm_aal_192,aal_real,0.03571428571428571,0.0,0.0,0.0,0.0,1.0,1.0
hcm_aal_193,aal_real,0.0011467889908256881,0.0,0.0,0.0,0.0,0.0,0.0
hcm_aal_194,aal_real,0.0007342143906020558,0.0,0.0,0.0,0.0,0.0,0.0
hcm_aal_195,aal_real,0.00015607928827844546,0.0,0.0,0.0,0.0,0.0,0.0
hcm_aal_196,aal_real,0.0015822784810126582,0.0,0.0,0.0,0.0,0.0,0.0
hcm_aal_197,aal_real,0.0031545741324921135,0.0,0.0,0.0,0.0,0.0,0.0
hcm_aal_198,aal_real,1.2133860751814013e-05,0.0,0.0,0.0,0.0,0.0,0.0
hcm_aal_199,aal_real,0.0018552875695732839,0.0,0.0,0.0,0.0,0.0,0.0
hcm_aal_200,aal_real,0.008849557522123894,0.0,0.0,0.0,0.0,0.0,0.0
hcm_aal_201,aal_real,2.7890890835053272e-05,0.0,0.0,0.0,0.0,0.0,0.0
hcm_aal_202,aal_real,0.00015316281206922958,0.0,0.0,0.0,0.0,0.0,0.0
hcm_aal_203,aal_real,0.0006024096385542169,0.0,0.0,0.0,0.0,0.0,0.0
hcm_aal_204,aal_real,3.2549964195039385e-05,0.0,0.0,0.0,0.0,0.0,0.0
hcm_aal_205,aal_real,1.0,1.0,1.0,1.0,1.0,1.0,1.0
hcm_aal_206,aal_real,1.252379521090071e-05,0.0,0.0,0.0,0.0,0.0,0.0
hcm_aal_207,aal_real,0.03125,0.0,0.0,0.0,0.0,1.0,1.0
hcm_aal_208,aal_real,0.0013869625520110957,0.0,0.0,0.0,0.0,0.0,0.0
hcm_aal_209,aal_real,0.05555555555555555,0.0,0.0,0.0,1.0,1.0,1.0
hcm_aal_210,aal_real,2.2872827081427266e-05,0.0,0.0,0.0,0.0,0.0,0.0
hcm_aal_211,aal_real,0.00010926573426573427,0.0,0.0,0.0,0.0,0.0,0.0
hcm_aal_212,aal_real,9.859113271352374e-06,0.0,0.0,0.0,0.0,0.0,0.0
hcm_aal_213,aal_real,7.451564828614009e-05,0.0,0.0,0.0,0.0,0.0,0.0
hcm_aal_214,aal_real,0.0003875968992248062,0.0,0.0,0.0,0.0,0.0,0.0
hcm_aal_215,aal_real,0.0021008403361344537,0.0,0.0,0.0,0.0,0.0,0.0
hcm_aal_216,aal_real,0.0028169014084507044,0.0,0.0,0.0,0.0,0.0,0.0
hcm_aal_217,aal_real,1.0,1.0,1.0,1.0,1.0,1.0,1.0
hcm_aal_218,aal_real,0.0024630541871921183,0.0,0.0,0.0,0.0,0.0,0.0
hcm_aal_219,aal_real,1.0703658510478882e-05,0.0,0.0,0.0,0.0,0.0,0.0
hcm_aal_220,aal_real,0.0004757373929590866,0.0,0.0,0.0,0.0,0.0,0.0
hcm_aal_221,aal_real,1.4564520827264783e-05,0.0,0.0,0.0,0.0,0.0,0.0
hcm_aal_222,aal_real,1.667750704624673e-05,0.0,0.0,0.0,0.0,0.0,0.0
hcm_aal_223,aal_real,0.019230769230769232,0.0,0.0,0.0,0.0,0.0,1.0
hcm_aal_224,aal_real,5.715918833952558e-05,0.0,0.0,0.0,0.0,0.0,0.0
hcm_aal_225,aal_real,3.9070130884938464e-05,0.0,0.0,0.0,0.0,0.0,0.0
hcm_aal_226,aal_real,0.07692307692307693,0.0,0.0,0.0,1.0,1.0,1.0
hcm_aal_227,aal_real,0.000273000273000273,0.0,0.0,0.0,0.0,0.0,0.0
hcm_aal_228,aal_real,0.023809523809523808,0.0,0.0,0.0,0.0,1.0,1.0
hcm_aal_229,aal_real,8.97126503808302e-06,0.0,0.0,0.0,0.0,0.0,0.0
hcm_aal_230,aal_real,0.00015969338869370808,0.0,0.0,0.0,0.0,0.0,0.0
hcm_aal_231,aal_real,0.0003074085459575776,0.0,0.0,0.0,0.0,0.0,0.0
hcm_aal_232,aal_real,0.000998003992015968,0.0,0.0,0.0,0.0,0.0,0.0
hcm_aal_233,aal_real,3.672689878066696e-05,0.0,0.0,0.0,0.0,0.0,0.0
hcm_aal_234,aal_real,6.387735547748324e-05,0.0,0.0,0.0,0.0,0.0,0.0
hcm_aal_235,aal_real,0.00033400133600534405,0.0,0.0,0.0,0.0,0.0,0.0
hcm_aal_236,aal_real,2.183263105036788e-05,0.0,0.0,0.0,0.0,0.0,0.0
hcm_aal_237,aal_real,0.0007867820613690008,0.0,0.0,0.0,0.0,0.0,0.0
hcm_aal_238,aal_real,0.00023025558369790466,0.0,0.0,0.0,0.0,0.0,0.0
hcm_aal_239,aal_real,0.00042735042735042735,0.0,0.0,0.0,0.0,0.0,0.0
hcm_aal_240,aal_real,0.125,0.0,0.0,1.0,1.0,1.0,1.0
hcm_aal_241,aal_real,3.546853940554728e-05,0.0,0.0,0.0,0.0,0.0,0.0
hcm_aal_242,aal_real,0.3333333333333333,0.0,1.0,1.0,1.0,1.0,1.0
hcm_aal_243,aal_real,0.001639344262295082,0.0,0.0,0.0,0.0,0.0,0.0
hcm_aal_244,aal_real,1.2161159688187865e-05,0.0,0.0,0.0,0.0,0.0,0.0
hcm_aal_245,aal_real,1.0,1.0,1.0,1.0,1.0,1.0,1.0
hcm_aal_246,aal_real,0.0011049723756906078,0.0,0.0,0.0,0.0,0.0,0.0
hcm_aal_247,aal_real,0.014925373134328358,0.0,0.0,0.0,0.0,0.0,1.0
hcm_aal_248,aal_real,0.0007593014426727411,0.0,0.0,0.0,0.0,0.0,0.0
hcm_aal_249,aal_real,0.0136986301369863,0.0,0.0,0.0,0.0,0.0,1.0
hcm_aal_250,aal_real,1.7101910283378654e-05,0.0,0.0,0.0,0.0,0.0,0.0
hcm_aal_251,aal_real,0.16666666666666666,0.0,0.0,1.0,1.0,1.0,1.0
hcm_aal_252,aal_real,0.0002803476310625175,0.0,0.0,0.0,0.0,0.0,0.0
hcm_aal_253,aal_real,0.00031525851197982345,0.0,0.0,0.0,0.0,0.0,0.0
hcm_aal_254,aal_real,0.000576036866359447,0.0,0.0,0.0,0.0,0.0,0.0
hcm_aal_255,aal_real,0.02631578947368421,0.0,0.0,0.0,0.0,1.0,1.0
hcm_aal_256,aal_real,0.023809523809523808,0.0,0.0,0.0,0.0,1.0,1.0
hcm_aal_257,aal_real,7.701786814540974e-05,0.0,0.0,0.0,0.0,0.0,0.0
hcm_aal_258,aal_real,0.014705882352941176,0.0,0.0,0.0,0.0,0.0,1.0
hcm_aal_259,aal_real,7.082654578936186e-05,0.0,0.0,0.0,0.0,0.0,0.0
hcm_aal_260,aal_real,0.0004317789291882556,0.0,0.0,0.0,0.0,0.0,0.0
hcm_aal_261,aal_real,0.00035124692658939234,0.0,0.0,0.0,0.0,0.0,0.0
hcm_aal_262,aal_real,0.09090909090909091,0.0,0.0,0.0,1.0,1.0,1.0
hcm_aal_263,aal_real,0.007692307692307693,0.0,0.0,0.0,0.0,0.0,0.0
hcm_aal_264,aal_real,0.01282051282051282,0.0,0.0,0.0,0.0,0.0,1.0
hcm_aal_265,aal_real,0.0006872852233676976,0.0,0.0,0.0,0.0,0.0,0.0
hcm_aal_266,aal_real,7.439922624804702e-05,0.0,0.0,0.0,0.0,0.0,0.0
hcm_aal_268,aal_real,0.008620689655172414,0.0,0.0,0.0,0.0,0.0,0.0
hcm_aal_269,aal_real,0.00022680880018144704,0.0,0.0,0.0,0.0,0.0,0.0
hcm_aal_270,aal_real,0.00020445716622367614,0.0,0.0,0.0,0.0,0.0,0.0
hcm_aal_271,aal_real,5.2045383574476944e-05,0.0,0.0,0.0,0.0,0.0,0.0
hcm_aal_272,aal_real,0.1111111111111111,0.0,0.0,1.0,1.0,1.0,1.0
hcm_aal_273,aal_real,0.00013766519823788548,0.0,0.0,0.0,0.0,0.0,0.0
hcm_aal_274,aal_real,0.14285714285714285,0.0,0.0,1.0,1.0,1.0,1.0
hcm_aal_275,aal_real,0.0009551098376313276,0.0,0.0,0.0,0.0,0.0,0.0
hcm_aal_276,aal_real,0.000432152117545376,0.0,0.0,0.0,0.0,0.0,0.0
hcm_aal_277,aal_real,0.5,0.0,1.0,1.0,1.0,1.0,1.0
hcm_aal_278,aal_real,2.6875940657923027e-05,0.0,0.0,0.0,0.0,0.0,0.0
hcm_aal_279,aal_real,0.0001310272536687631,0.0,0.0,0.0,0.0,0.0,0.0
hcm_aal_280,aal_real,0.00012492192379762648,0.0,0.0,0.0,0.0,0.0,0.0
hcm_aal_281,aal_real,0.047619047619047616,0.0,0.0,0.0,0.0,1.0,1.0
hcm_aal_282,aal_real,0.0001722356183258698,0.0,0.0,0.0,0.0,0.0,0.0
hcm_aal_283,aal_real,1.0,1.0,1.0,1.0,1.0,1.0,1.0
hcm_aal_284,aal_real,0.0003081664098613251,0.0,0.0,0.0,0.0,0.0,0.0
hcm_aal_285,aal_real,2.5592465578133797e-05,0.0,0.0,0.0,0.0,0.0,0.0
hcm_aal_286,aal_real,0.006097560975609756,0.0,0.0,0.0,0.0,0.0,0.0
hcm_aal_287,aal_real,1.8257837176608058e-05,0.0,0.0,0.0,0.0,0.0,0.0
hcm_aal_288,aal_real,0.0005399568034557236,0.0,0.0,0.0,0.0,0.0,0.0
hcm_aal_289,aal_real,0.0005561735261401557,0.0,0.0,0.0,0.0,0.0,0.0
hcm_aal_290,aal_real,0.043478260869565216,0.0,0.0,0.0,0.0,1.0,1.0
hcm_aal_291,aal_real,0.01020408163265306,0.0,0.0,0.0,0.0,0.0,1.0
hcm_aal_292,aal_real,0.0011641443538998836,0.0,0.0,0.0,0.0,0.0,0.0
hcm_aal_293,aal_real,0.0004478280340349306,0.0,0.0,0.0,0.0,0.0,0.0
hcm_aal_294,aal_real,0.02631578947368421,0.0,0.0,0.0,0.0,1.0,1.0
hcm_aal_295,aal_real,0.00012482836100362001,0.0,0.0,0.0,0.0,0.0,0.0
hcm_aal_296,aal_real,0.00041152263374485596,0.0,0.0,0.0,0.0,0.0,0.0
hcm_aal_297,aal_real,0.0012239902080783353,0.0,0.0,0.0,0.0,0.0,0.0
hcm_aal_298,aal_real,0.006802721088435374,0.0,0.0,0.0,0.0,0.0,0.0
hcm_aal_299,aal_real,0.0009124087591240876,0.0,0.0,0.0,0.0,0.0,0.0
hcm_aal_300,aal_real,0.0008103727714748784,0.0,0.0,0.0,0.0,0.0,0.0
hcm_aal_301,aal_real,0.00020512820512820512,0.0,0.0,0.0,0.0,0.0,0.0
hcm_aal_302,aal_real,9.823954731216598e-06,0.0,0.0,0.0,0.0,0.0,0.0
hcm_aal_303,aal_real,0.3333333333333333,0.0,1.0,1.0,1.0,1.0,1.0
hcm_aal_304,aal_real,0.030303030303030304,0.0,0.0,0.0,0.0,1.0,1.0
hcm_aal_305,aal_real,7.579777154551656e-05,0.0,0.0,0.0,0.0,0.0,0.0
hcm_aal_306,aal_real,0.3333333333333333,0.0,1.0,1.0,1.0,1.0,1.0
hcm_aal_307,aal_real,1.0,1.0,1.0,1.0,1.0,1.0,1.0
hcm_aal_308,aal_real,0.002304147465437788,0.0,0.0,0.0,0.0,0.0,0.0
hcm_aal_309,aal_real,0.0007733952049497294,0.0,0.0,0.0,0.0,0.0,0.0
hcm_aal_310,aal_real,2.105218837498158e-05,0.0,0.0,0.0,0.0,0.0,0.0
hcm_aal_311,aal_real,0.00847457627118644,0.0,0.0,0.0,0.0,0.0,0.0
hcm_aal_312,aal_real,0.003663003663003663,0.0,0.0,0.0,0.0,0.0,0.0
hcm_aal_313,aal_real,0.002777777777777778,0.0,0.0,0.0,0.0,0.0,0.0
hcm_aal_314,aal_real,0.0015267175572519084,0.0,0.0,0.0,0.0,0.0,0.0
hcm_aal_315,aal_real,0.001440922190201729,0.0,0.0,0.0,0.0,0.0,0.0
hcm_aal_316,aal_real,0.00044943820224719103,0.0,0.0,0.0,0.0,0.0,0.0
hcm_aal_317,aal_real,0.00019402405898331392,0.0,0.0,0.0,0.0,0.0,0.0
hcm_aal_318,aal_real,5.051525560719337e-05,0.0,0.0,0.0,0.0,0.0,0.0
hcm_aal_319,aal_real,1.0,1.0,1.0,1.0,1.0,1.0,1.0
hcm_aal_320,aal_real,0.000749063670411985,0.0,0.0,0.0,0.0,0.0,0.0
hcm_aal_321,aal_real,0.00011133377866844801,0.0,0.0,0.0,0.0,0.0,0.0
hcm_aal_322,aal_real,0.027777777777777776,0.0,0.0,0.0,0.0,1.0,1.0
hcm_aal_323,aal_real,0.005681818181818182,0.0,0.0,0.0,0.0,0.0,0.0
hcm_aal_324,aal_real,2.121250689406474e-05,0.0,0.0,0.0,0.0,0.0,0.0
hcm_aal_325,aal_real,7.129108148570614e-05,0.0,0.0,0.0,0.0,0.0,0.0
hcm_aal_326,aal_real,0.005076142131979695,0.0,0.0,0.0,0.0,0.0,0.0
hcm_aal_327,aal_real,1.0,1.0,1.0,1.0,1.0,1.0,1.0
hcm_aal_328,aal_real,2.9189410082022242e-05,0.0,0.0,0.0,0.0,0.0,0.0
hcm_aal_329,aal_real,0.0001017293997965412,0.0,0.0,0.0,0.0,0.0,0.0
hcm_aal_330,aal_real,0.0002195389681668496,0.0,0.0,0.0,0.0,0.0,0.0
hcm_aal_331,aal_real,9.674922600619196e-05,0.0,0.0,0.0,0.0,0.0,0.0
hcm_aal_332,aal_real,0.0005347593582887701,0.0,0.0,0.0,0.0,0.0,0.0
hcm_aal_333,aal_real,0.0035842293906810036,0.0,0.0,0.0,0.0,0.0,0.0
hcm_aal_334,aal_real,0.004878048780487805,0.0,0.0,0.0,0.0,0.0,0.0
hcm_aal_335,aal_real,2.243863034600368e-05,0.0,0.0,0.0,0.0,0.0,0.0
hcm_aal_336,aal_real,5.262603936427744e-05,0.0,0.0,0.0,0.0,0.0,0.0
hcm_aal_337,aal_real,0.0078125,0.0,0.0,0.0,0.0,0.0,0.0
hcm_aal_338,aal_real,0.0009560229445506692,0.0,0.0,0.0,0.0,0.0,0.0
hcm_aal_339,aal_real,0.00039541320680110717,0.0,0.0,0.0,0.0,0.0,0.0
hcm_aal_340,aal_real,0.005747126436781609,0.0,0.0,0.0,0.0,0.0,0.0
hcm_aal_341,aal_real,7.314218841427736e-05,0.0,0.0,0.0,0.0,0.0,0.0
hcm_aal_342,aal_real,0.01818181818181818,0.0,0.0,0.0,0.0,0.0,1.0
hcm_aal_343,aal_real,0.0003453038674033149,0.0,0.0,0.0,0.0,0.0,0.0
hcm_aal_344,aal_real,0.0005382131324004305,0.0,0.0,0.0,0.0,0.0,0.0
hcm_aal_345,aal_real,0.00011461318051575932,0.0,0.0,0.0,0.0,0.0,0.0
hcm_aal_346,aal_real,0.08333333333333333,0.0,0.0,0.0,1.0,1.0,1.0
hcm_aal_347,aal_real,0.00021872265966754156,0.0,0.0,0.0,0.0,0.0,0.0
hcm_aal_348,aal_real,0.00042087542087542086,0.0,0.0,0.0,0.0,0.0,0.0
hcm_aal_349,aal_real,0.00030674846625766873,0.0,0.0,0.0,0.0,0.0,0.0
hcm_aal_350,aal_real,2.0021623353221478e-05,0.0,0.0,0.0,0.0,0.0,0.0
hcm_aal_351,aal_real,6.397952655150352e-05,0.0,0.0,0.0,0.0,0.0,0.0
hcm_aal_352,aal_real,8.061265618702137e-05,0.0,0.0,0.0,0.0,0.0,0.0
hcm_aal_353,aal_real,0.000975609756097561,0.0,0.0,0.0,0.0,0.0,0.0
hcm_aal_354,aal_real,9.086778736937755e-05,0.0,0.0,0.0,0.0,0.0,0.0
hcm_aal_355,aal_real,2.0081934291910997e-05,0.0,0.0,0.0,0.0,0.0,0.0
hcm_aal_356,aal_real,1.0,1.0,1.0,1.0,1.0,1.0,1.0
hcm_aal_357,aal_real,0.009259259259259259,0.0,0.0,0.0,0.0,0.0,0.0
hcm_aal_358,aal_real,0.00029403116730373417,0.0,0.0,0.0,0.0,0.0,0.0
hcm_aal_359,aal_real,0.0005574136008918618,0.0,0.0,0.0,0.0,0.0,0.0
hcm_aal_360,aal_real,0.0006134969325153375,0.0,0.0,0.0,0.0,0.0,0.0
hcm_aal_361,aal_real,0.0026595744680851063,0.0,0.0,0.0,0.0,0.0,0.0
hcm_aal_362,aal_real,0.00186219739292365,0.0,0.0,0.0,0.0,0.0,0.0
hcm_aal_363,aal_real,0.0008216926869350862,0.0,0.0,0.0,0.0,0.0,0.0
hcm_aal_364,aal_real,0.015873015873015872,0.0,0.0,0.0,0.0,0.0,1.0
hcm_aal_365,aal_real,0.0002446183953033268,0.0,0.0,0.0,0.0,0.0,0.0
hcm_aal_366,aal_real,2.7218290691344584e-05,0.0,0.0,0.0,0.0,0.0,0.0
hcm_aal_367,aal_real,0.001336898395721925,0.0,0.0,0.0,0.0,0.0,0.0
hcm_aal_368,aal_real,0.00101010101010101,0.0,0.0,0.0,0.0,0.0,0.0
hcm_aal_369,aal_real,1.756728269271309e-05,0.0,0.0,0.0,0.0,0.0,0.0
hcm_aal_370,aal_real,0.00043535045711797995,0.0,0.0,0.0,0.0,0.0,0.0
hcm_aal_371,aal_real,0.0022471910112359553,0.0,0.0,0.0,0.0,0.0,0.0
hcm_aal_372,aal_real,0.001006036217303823,0.0,0.0,0.0,0.0,0.0,0.0
hcm_aal_373,aal_real,4.9118326047448304e-05,0.0,0.0,0.0,0.0,0.0,0.0
hcm_aal_374,aal_real,0.0036900369003690036,0.0,0.0,0.0,0.0,0.0,0.0
hcm_aal_375,aal_real,1.2360939431396786e-05,0.0,0.0,0.0,0.0,0.0,0.0
hcm_aal_376,aal_real,0.014285714285714285,0.0,0.0,0.0,0.0,0.0,1.0
hcm_aal_377,aal_real,0.001394700139470014,0.0,0.0,0.0,0.0,0.0,0.0
hcm_aal_378,aal_real,0.03571428571428571,0.0,0.0,0.0,0.0,1.0,1.0
hcm_aal_379,aal_real,0.0028011204481792717,0.0,0.0,0.0,0.0,0.0,0.0
hcm_aal_380,aal_real,0.00016038492381716118,0.0,0.0,0.0,0.0,0.0,0.0
hcm_aal_381,aal_real,0.0022222222222222222,0.0,0.0,0.0,0.0,0.0,0.0
hcm_aal_382,aal_real,0.02857142857142857,0.0,0.0,0.0,0.0,1.0,1.0
hcm_aal_383,aal_real,0.16666666666666666,0.0,0.0,1.0,1.0,1.0,1.0
hcm_aal_384,aal_real,9.63020030816641e-06,0.0,0.0,0.0,0.0,0.0,0.0
hcm_aal_385,aal_real,6.711859856366199e-05,0.0,0.0,0.0,0.0,0.0,0.0
hcm_aal_387,aal_real,4.965243296921549e-05,0.0,0.0,0.0,0.0,0.0,0.0
hcm_aal_388,aal_real,1.0,1.0,1.0,1.0,1.0,1.0,1.0
hcm_aal_389,aal_real,0.00021992522542335605,0.0,0.0,0.0,0.0,0.0,0.0
hcm_aal_390,aal_real,2.0755500207555003e-05,0.0,0.0,0.0,0.0,0.0,0.0
hcm_aal_391,aal_real,0.05,0.0,0.0,0.0,1.0,1.0,1.0
hcm_aal_392,aal_real,0.0006587615283267457,0.0,0.0,0.0,0.0,0.0,0.0
hcm_aal_393,aal_real,0.0028089887640449437,0.0,0.0,0.0,0.0,0.0,0.0
hcm_aal_394,aal_real,0.00034831069313827936,0.0,0.0,0.0,0.0,0.0,0.0
hcm_aal_395,aal_real,4.2791732637254484e-05,0.0,0.0,0.0,0.0,0.0,0.0
hcm_aal_396,aal_real,0.0030959752321981426,0.0,0.0,0.0,0.0,0.0,0.0
hcm_aal_397,aal_real,0.14285714285714285,0.0,0.0,1.0,1.0,1.0,1.0
hcm_aal_399,aal_real,7.665184730952016e-05,0.0,0.0,0.0,0.0,0.0,0.0
hcm_aal_400,aal_real,0.3333333333333333,0.0,1.0,1.0,1.0,1.0,1.0
hcm_aal_401,aal_real,0.0018315018315018315,0.0,0.0,0.0,0.0,0.0,0.0
hcm_aal_402,aal_real,2.9795602169119837e-05,0.0,0.0,0.0,0.0,0.0,0.0
hcm_aal_403,aal_real,0.00039856516540454366,0.0,0.0,0.0,0.0,0.0,0.0
hcm_aal_404,aal_real,0.006944444444444444,0.0,0.0,0.0,0.0,0.0,0.0
hcm_aal_405,aal_real,0.009615384615384616,0.0,0.0,0.0,0.0,0.0,0.0
hcm_aal_406,aal_real,0.005376344086021506,0.0,0.0,0.0,0.0,0.0,0.0
hcm_aal_407,aal_real,0.00015735641227380016,0.0,0.0,0.0,0.0,0.0,0.0
hcm_aal_408,aal_real,0.0006574621959237344,0.0,0.0,0.0,0.0,0.0,0.0
hcm_aal_409,aal_real,2.8243800485793367e-05,0.0,0.0,0.0,0.0,0.0,0.0
hcm_aal_410,aal_real,8.027614995584812e-05,0.0,0.0,0.0,0.0,0.0,0.0
hcm_aal_411,aal_real,0.0020833333333333333,0.0,0.0,0.0,0.0,0.0,0.0
hcm_aal_412,aal_real,2.946810078090467e-05,0.0,0.0,0.0,0.0,0.0,0.0
hcm_aal_413,aal_real,0.07692307692307693,0.0,0.0,0.0,1.0,1.0,1.0
hcm_aal_414,aal_real,1.1812790889975665e-05,0.0,0.0,0.0,0.0,0.0,0.0
hcm_aal_415,aal_real,6.333122229259025e-05,0.0,0.0,0.0,0.0,0.0,0.0
hcm_aal_416,aal_real,0.015873015873015872,0.0,0.0,0.0,0.0,0.0,1.0
hcm_aal_417,aal_real,0.002036659877800407,0.0,0.0,0.0,0.0,0.0,0.0
hcm_aal_418,aal_real,1.5946674321070342e-05,0.0,0.0,0.0,0.0,0.0,0.0
hcm_aal_419,aal_real,9.83671060397403e-05,0.0,0.0,0.0,0.0,0.0,0.0
hcm_aal_420,aal_real,1.0,1.0,1.0,1.0,1.0,1.0,1.0
hcm_aal_421,aal_real,6.389776357827476e-05,0.0,0.0,0.0,0.0,0.0,0.0
hcm_aal_422,aal_real,0.001152073732718894,0.0,0.0,0.0,0.0,0.0,0.0
hcm_aal_423,aal_real,0.0006414368184733803,0.0,0.0,0.0,0.0,0.0,0.0
hcm_aal_424,aal_real,0.004629629629629629,0.0,0.0,0.0,0.0,0.0,0.0
hcm_aal_425,aal_real,0.0002946375957572186,0.0,0.0,0.0,0.0,0.0,0.0
hcm_aal_426,aal_real,1.304546344008871e-05,0.0,0.0,0.0,0.0,0.0,0.0
hcm_aal_427,aal_real,0.011111111111111112,0.0,0.0,0.0,0.0,0.0,1.0
hcm_aal_428,aal_real,0.012048192771084338,0.0,0.0,0.0,0.0,0.0,1.0
hcm_aal_429,aal_real,0.0011299435028248588,0.0,0.0,0.0,0.0,0.0,0.0
hcm_aal_430,aal_real,0.010101010101010102,0.0,0.0,0.0,0.0,0.0,1.0
hcm_aal_431,aal_real,0.25,0.0,1.0,1.0,1.0,1.0,1.0
hcm_aal_432,aal_real,0.0009199632014719411,0.0,0.0,0.0,0.0,0.0,0.0
hcm_aal_433,aal_real,0.012195121951219513,0.0,0.0,0.0,0.0,0.0,1.0
hcm_aal_434,aal_real,0.0036363636363636364,0.0,0.0,0.0,0.0,0.0,0.0
hcm_aal_435,aal_real,0.00033400133600534405,0.0,0.0,0.0,0.0,0.0,0.0
hcm_aal_436,aal_real,0.0010548523206751054,0.0,0.0,0.0,0.0,0.0,0.0
hcm_aal_437,aal_real,0.001388888888888889,0.0,0.0,0.0,0.0,0.0,0.0
hcm_aal_438,aal_real,0.00032938076416337287,0.0,0.0,0.0,0.0,0.0,0.0
hcm_aal_439,aal_real,0.3333333333333333,0.0,1.0,1.0,1.0,1.0,1.0
hcm_aal_440,aal_real,0.25,0.0,1.0,1.0,1.0,1.0,1.0
hcm_aal_441,aal_real,2.2904260192395786e-05,0.0,0.0,0.0,0.0,0.0,0.0
hcm_aal_442,aal_real,0.0001936108422071636,0.0,0.0,0.0,0.0,0.0,0.0
hcm_aal_443,aal_real,0.00030478512648582747,0.0,0.0,0.0,0.0,0.0,0.0
hcm_aal_444,aal_real,0.0007861635220125787,0.0,0.0,0.0,0.0,0.0,0.0
hcm_aal_445,aal_real,1.4752308736317233e-05,0.0,0.0,0.0,0.0,0.0,0.0
hcm_aal_446,aal_real,0.0005724098454493417,0.0,0.0,0.0,0.0,0.0,0.0
hcm_aal_447,aal_real,0.002512562814070352,0.0,0.0,0.0,0.0,0.0,0.0
hcm_aal_448,aal_real,0.1111111111111111,0.0,0.0,1.0,1.0,1.0,1.0
hcm_aal_449,aal_real,0.00013419216317767042,0.0,0.0,0.0,0.0,0.0,0.0
hcm_aal_450,aal_real,0.00022222222222222223,0.0,0.0,0.0,0.0,0.0,0.0
hcm_aal_451,aal_real,0.0022123893805309734,0.0,0.0,0.0,0.0,0.0,0.0
hcm_aal_452,aal_real,0.0013386880856760374,0.0,0.0,0.0,0.0,0.0,0.0
hcm_aal_453,aal_real,0.00026295030239284776,0.0,0.0,0.0,0.0,0.0,0.0
hcm_aal_454,aal_real,0.005,0.0,0.0,0.0,0.0,0.0,0.0
hcm_aal_455,aal_real,2.2822192299792317e-05,0.0,0.0,0.0,0.0,0.0,0.0
hcm_aal_457,aal_real,1.2385281331665449e-05,0.0,0.0,0.0,0.0,0.0,0.0
hcm_aal_458,aal_real,0.047619047619047616,0.0,0.0,0.0,0.0,1.0,1.0
hcm_aal_459,aal_real,0.0001378929950358522,0.0,0.0,0.0,0.0,0.0,0.0
hcm_aal_460,aal_real,0.25,0.0,1.0,1.0,1.0,1.0,1.0
hcm_aal_461,aal_real,0.001763668430335097,0.0,0.0,0.0,0.0,0.0,0.0
hcm_aal_462,aal_real,0.0035211267605633804,0.0,0.0,0.0,0.0,0.0,0.0
hcm_aal_463,aal_real,2.6204764026099946e-05,0.0,0.0,0.0,0.0,0.0,0.0
hcm_aal_464,aal_real,1.3774294411768757e-05,0.0,0.0,0.0,0.0,0.0,0.0
hcm_aal_465,aal_real,6.484663770183515e-05,0.0,0.0,0.0,0.0,0.0,0.0
hcm_aal_466,aal_real,0.5,0.0,1.0,1.0,1.0,1.0,1.0
hcm_aal_467,aal_real,2.8389734272087213e-05,0.0,0.0,0.0,0.0,0.0,0.0
hcm_aal_468,aal_real,0.0016474464579901153,0.0,0.0,0.0,0.0,0.0,0.0
hcm_aal_469,aal_real,0.00017021276595744682,0.0,0.0,0.0,0.0,0.0,0.0
hcm_aal_470,aal_real,0.047619047619047616,0.0,0.0,0.0,0.0,1.0,1.0
hcm_aal_471,aal_real,0.5,0.0,1.0,1.0,1.0,1.0,1.0
hcm_aal_472,aal_real,0.009174311926605505,0.0,0.0,0.0,0.0,0.0,0.0
hcm_aal_473,aal_real,1.2656946132037263e-05,0.0,0.0,0.0,0.0,0.0,0.0
hcm_aal_474,aal_real,1.003290793803676e-05,0.0,0.0,0.0,0.0,0.0,0.0
hcm_aal_475,aal_real,0.0017152658662092624,0.0,0.0,0.0,0.0,0.0,0.0
hcm_aal_476,aal_real,2.7378507871321012e-05,0.0,0.0,0.0,0.0,0.0,0.0
hcm_aal_477,aal_real,0.0001410636196924813,0.0,0.0,0.0,0.0,0.0,0.0
hcm_aal_478,aal_real,0.00012784454103809768,0.0,0.0,0.0,0.0,0.0,0.0
hcm_aal_479,aal_real,0.001869158878504673,0.0,0.0,0.0,0.0,0.0,0.0
hcm_aal_480,aal_real,0.0005202913631633715,0.0,0.0,0.0,0.0,0.0,0.0
hcm_aal_481,aal_real,0.0012376237623762376,0.0,0.0,0.0,0.0,0.0,0.0
hcm_aal_482,aal_real,0.00013935340022296544,0.0,0.0,0.0,0.0,0.0,0.0
hcm_aal_483,aal_real,5.128994204236549e-05,0.0,0.0,0.0,0.0,0.0,0.0
hcm_aal_484,aal_real,0.00016142050040355126,0.0,0.0,0.0,0.0,0.0,0.0
hcm_aal_485,aal_real,1.0,1.0,1.0,1.0,1.0,1.0,1.0
hcm_aal_486,aal_real,0.0003766478342749529,0.0,0.0,0.0,0.0,0.0,0.0
hcm_aal_487,aal_real,0.0015290519877675841,0.0,0.0,0.0,0.0,0.0,0.0
hcm_aal_488,aal_real,0.010638297872340425,0.0,0.0,0.0,0.0,0.0,1.0
hcm_aal_489,aal_real,0.0002294630564479119,0.0,0.0,0.0,0.0,0.0,0.0
hcm_aal_490,aal_real,1.0,1.0,1.0,1.0,1.0,1.0,1.0
hcm_aal_491,aal_real,9.920536502614061e-06,0.0,0.0,0.0,0.0,0.0,0.0
hcm_aal_492,aal_real,0.0022371364653243847,0.0,0.0,0.0,0.0,0.0,0.0
hcm_aal_493,aal_real,0.000663129973474801,0.0,0.0,0.0,0.0,0.0,0.0
hcm_aal_494,aal_real,0.0005382131324004305,0.0,0.0,0.0,0.0,0.0,0.0
hcm_aal_496,aal_real,0.027777777777777776,0.0,0.0,0.0,0.0,1.0,1.0
hcm_aal_497,aal_real,4.2671218263281416e-05,0.0,0.0,0.0,0.0,0.0,0.0
hcm_aal_498,aal_real,0.024390243902439025,0.0,0.0,0.0,0.0,1.0,1.0
hcm_aal_499,aal_real,0.125,0.0,0.0,1.0,1.0,1.0,1.0
hcm_aal_500,aal_real,5.479752315195353e-05,0.0,0.0,0.0,0.0,0.0,0.0
hcm_aal_501,aal_real,0.0001552312946289972,0.0,0.0,0.0,0.0,0.0,0.0
hcm_aal_502,aal_real,1.0,1.0,1.0,1.0,1.0,1.0,1.0
hcm_aal_503,aal_real,1.0,1.0,1.0,1.0,1.0,1.0,1.0
hcm_aal_504,aal_real,0.008,0.0,0.0,0.0,0.0,0.0,0.0
hcm_aal_505,aal_real,0.002617801047120419,0.0,0.0,0.0,0.0,0.0,0.0
hcm_aal_506,aal_real,1.8275187777554414e-05,0.0,0.0,0.0,0.0,0.0,0.0
hcm_aal_507,aal_real,5.7534088947701514e-05,0.0,0.0,0.0,0.0,0.0,0.0
hcm_aal_508,aal_real,0.009174311926605505,0.0,0.0,0.0,0.0,0.0,0.0
hcm_aal_509,aal_real,0.0008488964346349745,0.0,0.0,0.0,0.0,0.0,0.0
hcm_aal_510,aal_real,2.137848469300496e-05,0.0,0.0,0.0,0.0,0.0,0.0
hcm_aal_512,aal_real,2.1794089442943074e-05,0.0,0.0,0.0,0.0,0.0,0.0
hcm_aal_513,aal_real,0.024390243902439025,0.0,0.0,0.0,0.0,1.0,1.0
hcm_aal_514,aal_real,1.0,1.0,1.0,1.0,1.0,1.0,1.0
hcm_aal_515,aal_real,0.5,0.0,1.0,1.0,1.0,1.0,1.0
hcm_aal_516,aal_real,0.00011321181931393638,0.0,0.0,0.0,0.0,0.0,0.0
hcm_aal_517,aal_real,8.068420203324189e-05,0.0,0.0,0.0,0.0,0.0,0.0
hcm_aal_518,aal_real,0.0014367816091954023,0.0,0.0,0.0,0.0,0.0,0.0
hcm_aal_519,aal_real,0.14285714285714285,0.0,0.0,1.0,1.0,1.0,1.0
hcm_aal_520,aal_real,1.3554910944235096e-05,0.0,0.0,0.0,0.0,0.0,0.0
hcm_aal_521,aal_real,2.6949093163015065e-05,0.0,0.0,0.0,0.0,0.0,0.0
hcm_aal_522,aal_real,0.002824858757062147,0.0,0.0,0.0,0.0,0.0,0.0
hcm_aal_523,aal_real,0.00014660606949127694,0.0,0.0,0.0,0.0,0.0,0.0
hcm_aal_524,aal_real,1.3314870046868342e-05,0.0,0.0,0.0,0.0,0.0,0.0
hcm_aal_525,aal_real,3.876269478254128e-05,0.0,0.0,0.0,0.0,0.0,0.0
hcm_aal_526,aal_real,0.009174311926605505,0.0,0.0,0.0,0.0,0.0,0.0
hcm_aal_527,aal_real,0.005128205128205128,0.0,0.0,0.0,0.0,0.0,0.0
hcm_aal_528,aal_real,1.0,1.0,1.0,1.0,1.0,1.0,1.0
hcm_aal_529,aal_real,0.0005122950819672131,0.0,0.0,0.0,0.0,0.0,0.0
hcm_aal_530,aal_real,0.004807692307692308,0.0,0.0,0.0,0.0,0.0,0.0
hcm_aal_531,aal_real,0.0023148148148148147,0.0,0.0,0.0,0.0,0.0,0.0
hcm_aal_532,aal_real,0.004016064257028112,0.0,0.0,0.0,0.0,0.0,0.0
hcm_aal_533,aal_real,2.411614334635605e-05,0.0,0.0,0.0,0.0,0.0,0.0
hcm_aal_534,aal_real,0.0022675736961451248,0.0,0.0,0.0,0.0,0.0,0.0
hcm_aal_535,aal_real,5.9063256747977086e-05,0.0,0.0,0.0,0.0,0.0,0.0
hcm_aal_536,aal_real,0.0003527336860670194,0.0,0.0,0.0,0.0,0.0,0.0
hcm_aal_537,aal_real,3.417751802864076e-05,0.0,0.0,0.0,0.0,0.0,0.0
hcm_aal_538,aal_real,0.0018248175182481751,0.0,0.0,0.0,0.0,0.0,0.0
hcm_aal_539,aal_real,0.01694915254237288,0.0,0.0,0.0,0.0,0.0,1.0
hcm_aal_540,aal_real,2.0400669141947856e-05,0.0,0.0,0.0,0.0,0.0,0.0
hcm_aal_541,aal_real,0.0005770340450086555,0.0,0.0,0.0,0.0,0.0,0.0
hcm_aal_542,aal_real,0.018867924528301886,0.0,0.0,0.0,0.0,0.0,1.0
hcm_aal_543,aal_real,0.00039231071008238524,0.0,0.0,0.0,0.0,0.0,0.0
hcm_aal_544,aal_real,0.0013717421124828531,0.0,0.0,0.0,0.0,0.0,0.0
hcm_aal_545,aal_real,8.063865817272801e-05,0.0,0.0,0.0,0.0,0.0,0.0
hcm_aal_546,aal_real,8.791208791208791e-05,0.0,0.0,0.0,0.0,0.0,0.0
hcm_aal_547,aal_real,0.0012787723785166241,0.0,0.0,0.0,0.0,0.0,0.0
hcm_aal_548,aal_real,7.973210014351777e-05,0.0,0.0,0.0,0.0,0.0,0.0
hcm_aal_549,aal_real,0.001567398119122257,0.0,0.0,0.0,0.0,0.0,0.0
hcm_aal_550,aal_real,0.001072961373390558,0.0,0.0,0.0,0.0,0.0,0.0
hcm_aal_551,aal_real,0.25,0.0,1.0,1.0,1.0,1.0,1.0
hcm_aal_552,aal_real,0.0005763688760806917,0.0,0.0,0.0,0.0,0.0,0.0
hcm_aal_553,aal_real,8.827683615819209e-05,0.0,0.0,0.0,0.0,0.0,0.0
hcm_aal_554,aal_real,0.03571428571428571,0.0,0.0,0.0,0.0,1.0,1.0
hcm_aal_555,aal_real,0.03225806451612903,0.0,0.0,0.0,0.0,1.0,1.0
hcm_aal_556,aal_real,0.00018115942028985507,0.0,0.0,0.0,0.0,0.0,0.0
hcm_aal_557,aal_real,0.010526315789473684,0.0,0.0,0.0,0.0,0.0,1.0
hcm_aal_558,aal_real,0.0196078431372549,0.0,0.0,0.0,0.0,0.0,1.0
hcm_aal_559,aal_real,0.0003885003885003885,0.0,0.0,0.0,0.0,0.0,0.0
hcm_aal_560,aal_real,1.0867911404786229e-05,0.0,0.0,0.0,0.0,0.0,0.0
hcm_aal_561,aal_real,1.771479185119575e-05,0.0,0.0,0.0,0.0,0.0,0.0
hcm_aal_562,aal_real,0.002976190476190476,0.0,0.0,0.0,0.0,0.0,0.0
hcm_aal_563,aal_real,0.00546448087431694,0.0,0.0,0.0,0.0,0.0,0.0
hcm_aal_564,aal_real,0.037037037037037035,0.0,0.0,0.0,0.0,1.0,1.0
hcm_aal_565,aal_real,0.16666666666666666,0.0,0.0,1.0,1.0,1.0,1.0
hcm_aal_566,aal_real,0.000228675966155957,0.0,0.0,0.0,0.0,0.0,0.0
hcm_aal_567,aal_real,6.0284543043163735e-05,0.0,0.0,0.0,0.0,0.0,0.0
hcm_aal_568,aal_real,0.00016291951775822744,0.0,0.0,0.0,0.0,0.0,0.0
hcm_aal_570,aal_real,0.03571428571428571,0.0,0.0,0.0,0.0,1.0,1.0
hcm_aal_571,aal_real,0.0004764173415912339,0.0,0.0,0.0,0.0,0.0,0.0
hcm_aal_572,aal_real,0.0013774104683195593,0.0,0.0,0.0,0.0,0.0,0.0
hcm_aal_573,aal_real,7.243227582210633e-05,0.0,0.0,0.0,0.0,0.0,0.0
hcm_aal_574,aal_real,0.010638297872340425,0.0,0.0,0.0,0.0,0.0,1.0
hcm_aal_575,aal_real,0.016666666666666666,0.0,0.0,0.0,0.0,0.0,1.0
hcm_aal_576,aal_real,2.743183189773413e-05,0.0,0.0,0.0,0.0,0.0,0.0
hcm_aal_577,aal_real,0.0007479431563201197,0.0,0.0,0.0,0.0,0.0,0.0
hcm_aal_578,aal_real,0.0028089887640449437,0.0,0.0,0.0,0.0,0.0,0.0
hcm_aal_579,aal_real,0.00035612535612535614,0.0,0.0,0.0,0.0,0.0,0.0
hcm_aal_580,aal_real,0.017857142857142856,0.0,0.0,0.0,0.0,0.0,1.0
hcm_aal_581,aal_real,0.027777777777777776,0.0,0.0,0.0,0.0,1.0,1.0
hcm_aal_582,aal_real,1.2642544691395485e-05,0.0,0.0,0.0,0.0,0.0,0.0
hcm_aal_583,aal_real,0.005405405405405406,0.0,0.0,0.0,0.0,0.0,0.0
hcm_aal_584,aal_real,0.00023518344308560678,0.0,0.0,0.0,0.0,0.0,0.0
hcm_aal_585,aal_real,8.919333547397339e-06,0.0,0.0,0.0,0.0,0.0,0.0
hcm_aal_586,aal_real,2.4926466922578392e-05,0.0,0.0,0.0,0.0,0.0,0.0
hcm_aal_587,aal_real,0.002136752136752137,0.0,0.0,0.0,0.0,0.0,0.0
hcm_aal_588,aal_real,0.0006743088334457181,0.0,0.0,0.0,0.0,0.0,0.0
hcm_aal_589,aal_real,0.0038314176245210726,0.0,0.0,0.0,0.0,0.0,0.0
hcm_aal_590,aal_real,0.0001737921445950643,0.0,0.0,0.0,0.0,0.0,0.0
hcm_aal_591,aal_real,9.882399446585631e-05,0.0,0.0,0.0,0.0,0.0,0.0
hcm_aal_592,aal_real,8.896005693443644e-05,0.0,0.0,0.0,0.0,0.0,0.0
hcm_aal_593,aal_real,0.0009832841691248771,0.0,0.0,0.0,0.0,0.0,0.0
hcm_aal_594,aal_real,7.780284758422158e-05,0.0,0.0,0.0,0.0,0.0,0.0
hcm_aal_595,aal_real,4.7290267662914974e-05,0.0,0.0,0.0,0.0,0.0,0.0
hcm_aal_596,aal_real,9.066758543153238e-06,0.0,0.0,0.0,0.0,0.0,0.0
hcm_aal_597,aal_real,0.0028735632183908046,0.0,0.0,0.0,0.0,0.0,0.0
hcm_aal_598,aal_real,1.062044648357017e-05,0.0,0.0,0.0,0.0,0.0,0.0
hcm_aal_599,aal_real,0.00013370771493515177,0.0,0.0,0.0,0.0,0.0,0.0
hcm_aal_600,aal_real,3.049245311785333e-05,0.0,0.0,0.0,0.0,0.0,0.0
hcm_aal_601,aal_real,0.058823529411764705,0.0,0.0,0.0,1.0,1.0,1.0
hcm_aal_602,aal_real,0.00021249468763280918,0.0,0.0,0.0,0.0,0.0,0.0
hcm_aal_603,aal_real,0.14285714285714285,0.0,0.0,1.0,1.0,1.0,1.0
hcm_aal_604,aal_real,0.00018188432157148054,0.0,0.0,0.0,0.0,0.0,0.0
hcm_aal_605,aal_real,0.0001467782181124321,0.0,0.0,0.0,0.0,0.0,0.0
hcm_aal_606,aal_real,1.0,1.0,1.0,1.0,1.0,1.0,1.0
hcm_aal_607,aal_real,0.00020230629172567267,0.0,0.0,0.0,0.0,0.0,0.0
hcm_aal_608,aal_real,0.004032258064516129,0.0,0.0,0.0,0.0,0.0,0.0
hcm_aal_609,aal_real,0.00021910604732690623,0.0,0.0,0.0,0.0,0.0,0.0
hcm_aal_610,aal_real,0.00016294606485253382,0.0,0.0,0.0,0.0,0.0,0.0
hcm_aal_611,aal_real,0.001076426264800861,0.0,0.0,0.0,0.0,0.0,0.0
hcm_aal_612,aal_real,0.00101010101010101,0.0,0.0,0.0,0.0,0.0,0.0
hcm_aal_613,aal_real,0.05555555555555555,0.0,0.0,0.0,1.0,1.0,1.0
hcm_aal_614,aal_real,0.125,0.0,0.0,1.0,1.0,1.0,1.0
hcm_aal_615,aal_real,0.0036363636363636364,0.0,0.0,0.0,0.0,0.0,0.0
hcm_aal_616,aal_real,0.25,0.0,1.0,1.0,1.0,1.0,1.0
hcm_aal_617,aal_real,1.0,1.0,1.0,1.0,1.0,1.0,1.0
hcm_aal_618,aal_real,9.071940488070398e-05,0.0,0.0,0.0,0.0,0.0,0.0
hcm_aal_619,aal_real,2.3377048413867265e-05,0.0,0.0,0.0,0.0,0.0,0.0
hcm_aal_620,aal_real,9.297482241808919e-06,0.0,0.0,0.0,0.0,0.0,0.0
hcm_aal_621,aal_real,0.009433962264150943,0.0,0.0,0.0,0.0,0.0,0.0
hcm_aal_622,aal_real,3.3649639948852546e-05,0.0,0.0,0.0,0.0,0.0,0.0
hcm_aal_623,aal_real,0.0001177440244907571,0.0,0.0,0.0,0.0,0.0,0.0
hcm_aal_624,aal_real,0.005128205128205128,0.0,0.0,0.0,0.0,0.0,0.0
hcm_aal_625,aal_real,0.0009487666034155598,0.0,0.0,0.0,0.0,0.0,0.0
hcm_aal_626,aal_real,2.9469837621194707e-05,0.0,0.0,0.0,0.0,0.0,0.0
hcm_aal_627,aal_real,0.00020120724346076458,0.0,0.0,0.0,0.0,0.0,0.0
hcm_aal_628,aal_real,0.0007107320540156361,0.0,0.0,0.0,0.0,0.0,0.0
hcm_aal_629,aal_real,0.00018511662347278786,0.0,0.0,0.0,0.0,0.0,0.0
hcm_aal_630,aal_real,7.479431563201197e-05,0.0,0.0,0.0,0.0,0.0,0.0
hcm_aal_631,aal_real,1.0,1.0,1.0,1.0,1.0,1.0,1.0
hcm_aal_632,aal_real,0.0016891891891891893,0.0,0.0,0.0,0.0,0.0,0.0
hcm_aal_633,aal_real,0.00022753128555176336,0.0,0.0,0.0,0.0,0.0,0.0
hcm_aal_634,aal_real,6.0646491600460916e-05,0.0,0.0,0.0,0.0,0.0,0.0
hcm_aal_635,aal_real,0.0002617801047120419,0.0,0.0,0.0,0.0,0.0,0.0
hcm_aal_636,aal_real,0.1,0.0,0.0,1.0,1.0,1.0,1.0
hcm_aal_637,aal_real,0.01020408163265306,0.0,0.0,0.0,0.0,0.0,1.0
hcm_aal_638,aal_real,0.0001665833749791771,0.0,0.0,0.0,0.0,0.0,0.0
hcm_aal_639,aal_real,6.907985631389887e-05,0.0,0.0,0.0,0.0,0.0,0.0
hcm_aal_640,aal_real,0.14285714285714285,0.0,0.0,1.0,1.0,1.0,1.0
hcm_aal_641,aal_real,0.0023584905660377358,0.0,0.0,0.0,0.0,0.0,0.0
hcm_aal_642,aal_real,0.001310615989515072,0.0,0.0,0.0,0.0,0.0,0.0
hcm_aal_643,aal_real,6.656017039403621e-05,0.0,0.0,0.0,0.0,0.0,0.0
hcm_aal_644,aal_real,1.1571529409041994e-05,0.0,0.0,0.0,0.0,0.0,0.0
hcm_aal_645,aal_real,0.0003935458480913026,0.0,0.0,0.0,0.0,0.0,0.0
hcm_aal_646,aal_real,0.0026954177897574125,0.0,0.0,0.0,0.0,0.0,0.0
hcm_aal_647,aal_real,2.8902569438423076e-05,0.0,0.0,0.0,0.0,0.0,0.0
hcm_aal_648,aal_real,7.078142695356739e-05,0.0,0.0,0.0,0.0,0.0,0.0
hcm_aal_649,aal_real,2.6305405760883863e-05,0.0,0.0,0.0,0.0,0.0,0.0
hcm_aal_650,aal_real,5.1805418846811377e-05,0.0,0.0,0.0,0.0,0.0,0.0
hcm_aal_651,aal_real,7.81616382679381e-05,0.0,0.0,0.0,0.0,0.0,0.0
hcm_aal_652,aal_real,0.0625,0.0,0.0,0.0,1.0,1.0,1.0
hcm_aal_653,aal_real,0.3333333333333333,0.0,1.0,1.0,1.0,1.0,1.0
hcm_aal_654,aal_real,0.0005151983513652757,0.0,0.0,0.0,0.0,0.0,0.0
hcm_aal_655,aal_real,5.506607929515419e-05,0.0,0.0,0.0,0.0,0.0,0.0
hcm_wme_56542,wme_real,0.00027533039647577095,0.0,0.0,0.0,0.0,0.0,0.0
hcm_wme_52576,wme_real,0.5,0.0,1.0,1.0,1.0,1.0,1.0
hcm_wme_46463,wme_real,1.0,1.0,1.0,1.0,1.0,1.0,1.0
hcm_wme_75815,wme_real,9.985022466300549e-05,0.0,0.0,0.0,0.0,0.0,0.0
hcm_wme_37357,wme_real,0.2,0.0,1.0,1.0,1.0,1.0,1.0
hcm_wme_90222,wme_real,1.4875197096361527e-05,0.0,0.0,0.0,0.0,0.0,0.0
hcm_wme_5772,wme_real,0.004310344827586207,0.0,0.0,0.0,0.0,0.0,0.0
hcm_wme_33790,wme_real,0.00013440860215053763,0.0,0.0,0.0,0.0,0.0,0.0
hcm_wme_17976,wme_real,1.478743068391867e-05,0.0,0.0,0.0,0.0,0.0,0.0
hcm_wme_89524,wme_real,1.1480001836800294e-05,0.0,0.0,0.0,0.0,0.0,0.0
hcm_wme_90669,wme_real,0.021739130434782608,0.0,0.0,0.0,0.0,1.0,1.0
hcm_wme_77134,wme_real,0.0001733102253032929,0.0,0.0,0.0,0.0,0.0,0.0
hcm_wme_92815,wme_real,0.00022680880018144704,0.0,0.0,0.0,0.0,0.0,0.0
hcm_wme_65691,wme_real,5.335894562723441e-05,0.0,0.0,0.0,0.0,0.0,0.0
hcm_wme_107238,wme_real,5.332480136511492e-05,0.0,0.0,0.0,0.0,0.0,0.0
hcm_wme_87885,wme_real,0.0008857395925597874,0.0,0.0,0.0,0.0,0.0,0.0
hcm_wme_102264,wme_real,0.02127659574468085,0.0,0.0,0.0,0.0,1.0,1.0
hcm_wme_87847,wme_real,0.00017053206002728513,0.0,0.0,0.0,0.0,0.0,0.0
hcm_wme_12582,wme_real,0.0007173601147776184,0.0,0.0,0.0,0.0,0.0,0.0
hcm_wme_33569,wme_real,9.635767970707265e-05,0.0,0.0,0.0,0.0,0.0,0.0
hcm_wme_62327,wme_real,2.653857381704307e-05,0.0,0.0,0.0,0.0,0.0,0.0
hcm_wme_58666,wme_real,6.567281802062127e-05,0.0,0.0,0.0,0.0,0.0,0.0
hcm_wme_18400,wme_real,0.012195121951219513,0.0,0.0,0.0,0.0,0.0,1.0
hcm_wme_26820,wme_real,0.00011701380762930026,0.0,0.0,0.0,0.0,0.0,0.0
hcm_wme_32964,wme_real,0.06666666666666667,0.0,0.0,0.0,1.0,1.0,1.0
hcm_wme_47546,wme_real,6.05070490712168e-05,0.0,0.0,0.0,0.0,0.0,0.0
hcm_wme_60285,wme_real,1.0,1.0,1.0,1.0,1.0,1.0,1.0
hcm_wme_62839,wme_real,0.0037313432835820895,0.0,0.0,0.0,0.0,0.0,0.0
hcm_wme_93355,wme_real,0.5,0.0,1.0,1.0,1.0,1.0,1.0
hcm_wme_111856,wme_real,0.0003654970760233918,0.0,0.0,0.0,0.0,0.0,0.0
hcm_wme_24899,wme_real,1.0,1.0,1.0,1.0,1.0,1.0,1.0
hcm_wme_69178,wme_real,1.0,1.0,1.0,1.0,1.0,1.0,1.0
hcm_wme_18966,wme_real,1.1338511253472419e-05,0.0,0.0,0.0,0.0,0.0,0.0
hcm_wme_86411,wme_real,0.04,0.0,0.0,0.0,0.0,1.0,1.0
hcm_wme_28346,wme_real,0.0002144542140253056,0.0,0.0,0.0,0.0,0.0,0.0
hcm_wme_13539,wme_real,4.062398440038999e-05,0.0,0.0,0.0,0.0,0.0,0.0
hcm_wme_727,wme_real,0.010638297872340425,0.0,0.0,0.0,0.0,0.0,1.0
hcm_wme_57455,wme_real,0.0014388489208633094,0.0,0.0,0.0,0.0,0.0,0.0
hcm_wme_5323,wme_real,1.9752696243037175e-05,0.0,0.0,0.0,0.0,0.0,0.0
hcm_wme_55543,wme_real,1.0,1.0,1.0,1.0,1.0,1.0,1.0
hcm_wme_8647,wme_real,0.05,0.0,0.0,0.0,1.0,1.0,1.0
hcm_wme_106361,wme_real,1.0,1.0,1.0,1.0,1.0,1.0,1.0
hcm_wme_33414,wme_real,0.00012858428700012858,0.0,0.0,0.0,0.0,0.0,0.0
hcm_wme_6131,wme_real,0.00015234613040828764,0.0,0.0,0.0,0.0,0.0,0.0
hcm_wme_10441,wme_real,6.665333599946678e-05,0.0,0.0,0.0,0.0,0.0,0.0
hcm_wme_49221,wme_real,0.00011723329425556858,0.0,0.0,0.0,0.0,0.0,0.0
hcm_wme_63407,wme_real,0.00017873100983020553,0.0,0.0,0.0,0.0,0.0,0.0
hcm_wme_6000,wme_real,0.0017064846416382253,0.0,0.0,0.0,0.0,0.0,0.0
hcm_wme_58530,wme_real,1.6847496462025742e-05,0.0,0.0,0.0,0.0,0.0,0.0
hcm_wme_83550,wme_real,0.006289308176100629,0.0,0.0,0.0,0.0,0.0,0.0
hcm_wme_27964,wme_real,0.00013823610727121925,0.0,0.0,0.0,0.0,0.0,0.0
hcm_wme_93014,wme_real,0.003676470588235294,0.0,0.0,0.0,0.0,0.0,0.0
hcm_wme_5930,wme_real,0.2,0.0,1.0,1.0,1.0,1.0,1.0
hcm_wme_85653,wme_real,1.0,1.0,1.0,1.0,1.0,1.0,1.0
hcm_wme_64585,wme_real,0.0004452359750667854,0.0,0.0,0.0,0.0,0.0,0.0
hcm_wme_7202,wme_real,1.0,1.0,1.0,1.0,1.0,1.0,1.0
hcm_wme_40844,wme_real,1.4806260086764685e-05,0.0,0.0,0.0,0.0,0.0,0.0
hcm_wme_92837,wme_real,0.0009633911368015414,0.0,0.0,0.0,0.0,0.0,0.0
hcm_wme_91601,wme_real,2.9410899679421194e-05,0.0,0.0,0.0,0.0,0.0,0.0
hcm_wme_78541,wme_real,0.0003676470588235294,0.0,0.0,0.0,0.0,0.0,0.0
hcm_wme_97185,wme_real,5.037022112527074e-05,0.0,0.0,0.0,0.0,0.0,0.0
hcm_wme_9537,wme_real,0.00029568302779420464,0.0,0.0,0.0,0.0,0.0,0.0
hcm_wme_101985,wme_real,4.363382494109434e-05,0.0,0.0,0.0,0.0,0.0,0.0
hcm_wme_102584,wme_real,0.009259259259259259,0.0,0.0,0.0,0.0,0.0,0.0
hcm_wme_104945,wme_real,2.3377048413867265e-05,0.0,0.0,0.0,0.0,0.0,0.0
hcm_wme_28294,wme_real,0.06666666666666667,0.0,0.0,0.0,1.0,1.0,1.0
hcm_wme_40229,wme_real,1.0,1.0,1.0,1.0,1.0,1.0,1.0
hcm_wme_69020,wme_real,0.05555555555555555,0.0,0.0,0.0,1.0,1.0,1.0
hcm_wme_89078,wme_real,0.0002294630564479119,0.0,0.0,0.0,0.0,0.0,0.0
hcm_wme_82302,wme_real,0.041666666666666664,0.0,0.0,0.0,0.0,1.0,1.0
hcm_wme_40708,wme_real,8.620689655172413e-05,0.0,0.0,0.0,0.0,0.0,0.0
hcm_wme_53677,wme_real,0.006172839506172839,0.0,0.0,0.0,0.0,0.0,0.0
hcm_wme_68779,wme_real,4.636068613815485e-05,0.0,0.0,0.0,0.0,0.0,0.0
hcm_wme_460,wme_real,0.5,0.0,1.0,1.0,1.0,1.0,1.0
hcm_wme_106950,wme_real,0.009345794392523364,0.0,0.0,0.0,0.0,0.0,0.0
hcm_wme_87939,wme_real,1.081408426334458e-05,0.0,0.0,0.0,0.0,0.0,0.0
hcm_wme_1164,wme_real,0.0036900369003690036,0.0,0.0,0.0,0.0,0.0,0.0
hcm_wme_76928,wme_real,0.0033783783783783786,0.0,0.0,0.0,0.0,0.0,0.0
hcm_wme_108511,wme_real,0.015873015873015872,0.0,0.0,0.0,0.0,0.0,1.0
hcm_wme_85091,wme_real,7.686395080707149e-05,0.0,0.0,0.0,0.0,0.0,0.0
hcm_wme_96940,wme_real,0.006369426751592357,0.0,0.0,0.0,0.0,0.0,0.0
hcm_wme_56581,wme_real,1.9701716019465297e-05,0.0,0.0,0.0,0.0,0.0,0.0
hcm_wme_31663,wme_real,0.07142857142857142,0.0,0.0,0.0,1.0,1.0,1.0
hcm_wme_70453,wme_real,0.005494505494505495,0.0,0.0,0.0,0.0,0.0,0.0
hcm_wme_24702,wme_real,0.0002094240837696335,0.0,0.0,0.0,0.0,0.0,0.0
hcm_wme_39106,wme_real,0.010416666666666666,0.0,0.0,0.0,0.0,0.0,1.0
hcm_wme_110954,wme_real,0.00021048200378867606,0.0,0.0,0.0,0.0,0.0,0.0
hcm_wme_35382,wme_real,0.00011014428901861439,0.0,0.0,0.0,0.0,0.0,0.0
hcm_wme_111078,wme_real,0.00028935185185185184,0.0,0.0,0.0,0.0,0.0,0.0
hcm_wme_4128,wme_real,1.3217722322089458e-05,0.0,0.0,0.0,0.0,0.0,0.0
hcm_wme_76849,wme_real,0.0008103727714748784,0.0,0.0,0.0,0.0,0.0,0.0
hcm_wme_55170,wme_real,0.2,0.0,1.0,1.0,1.0,1.0,1.0
hcm_wme_6790,wme_real,0.00010583130489998942,0.0,0.0,0.0,0.0,0.0,0.0
hcm_wme_97010,wme_real,0.029411764705882353,0.0,0.0,0.0,0.0,1.0,1.0
hcm_wme_67234,wme_real,0.02040816326530612,0.0,0.0,0.0,0.0,1.0,1.0
hcm_wme_2858,wme_real,0.5,0.0,1.0,1.0,1.0,1.0,1.0
hcm_wme_102862,wme_real,0.00041511000415110004,0.0,0.0,0.0,0.0,0.0,0.0
hcm_wme_93235,wme_real,7.810059356451109e-05,0.0,0.0,0.0,0.0,0.0,0.0
hcm_wme_29869,wme_real,0.004081632653061225,0.0,0.0,0.0,0.0,0.0,0.0
hcm_wme_26231,wme_real,0.0045045045045045045,0.0,0.0,0.0,0.0,0.0,0.0
hcm_wme_1715,wme_real,1.3730228471001757e-05,0.0,0.0,0.0,0.0,0.0,0.0
hcm_wme_10077,wme_real,1.0,1.0,1.0,1.0,1.0,1.0,1.0
hcm_wme_30866,wme_real,7.648183556405354e-05,0.0,0.0,0.0,0.0,0.0,0.0
hcm_wme_43451,wme_real,0.00019580967299784609,0.0,0.0,0.0,0.0,0.0,0.0
hcm_wme_6338,wme_real,1.4258013003307859e-05,0.0,0.0,0.0,0.0,0.0,0.0
hcm_wme_71665,wme_real,0.0002608242044861763,0.0,0.0,0.0,0.0,0.0,0.0
hcm_wme_61252,wme_real,0.0001287664177182591,0.0,0.0,0.0,0.0,0.0,0.0
hcm_wme_48930,wme_real,0.00017214666896195557,0.0,0.0,0.0,0.0,0.0,0.0
hcm_wme_111540,wme_real,2.1319688732544504e-05,0.0,0.0,0.0,0.0,0.0,0.0
hcm_wme_65311,wme_real,0.00015019525382997898,0.0,0.0,0.0,0.0,0.0,0.0
hcm_wme_105784,wme_real,0.015384615384615385,0.0,0.0,0.0,0.0,0.0,1.0
hcm_wme_33257,wme_real,0.5,0.0,1.0,1.0,1.0,1.0,1.0
hcm_wme_85754,wme_real,0.047619047619047616,0.0,0.0,0.0,0.0,1.0,1.0
hcm_wme_7208,wme_real,0.02857142857142857,0.0,0.0,0.0,0.0,1.0,1.0
hcm_wme_13683,wme_real,0.0005184033177812338,0.0,0.0,0.0,0.0,0.0,0.0
hcm_wme_70663,wme_real,0.019230769230769232,0.0,0.0,0.0,0.0,0.0,1.0
hcm_wme_15575,wme_real,0.0007987220447284345,0.0,0.0,0.0,0.0,0.0,0.0
hcm_wme_93724,wme_real,0.00033233632436025255,0.0,0.0,0.0,0.0,0.0,0.0
hcm_wme_10870,wme_real,2.9373751615556338e-05,0.0,0.0,0.0,0.0,0.0,0.0
hcm_wme_2672,wme_real,0.0005865102639296188,0.0,0.0,0.0,0.0,0.0,0.0
hcm_wme_13087,wme_real,0.16666666666666666,0.0,0.0,1.0,1.0,1.0,1.0
hcm_wme_108988,wme_real,1.0,1.0,1.0,1.0,1.0,1.0,1.0
hcm_wme_102898,wme_real,0.0008064516129032258,0.0,0.0,0.0,0.0,0.0,0.0
hcm_wme_99421,wme_real,0.05,0.0,0.0,0.0,1.0,1.0,1.0
hcm_wme_83301,wme_real,0.0014245014245014246,0.0,0.0,0.0,0.0,0.0,0.0
hcm_wme_83210,wme_real,0.01282051282051282,0.0,0.0,0.0,0.0,0.0,1.0
hcm_wme_17016,wme_real,4.7125353440150804e-05,0.0,0.0,0.0,0.0,0.0,0.0
hcm_wme_74779,wme_real,3.589633139493144e-05,0.0,0.0,0.0,0.0,0.0,0.0
hcm_wme_5547,wme_real,1.0,1.0,1.0,1.0,1.0,1.0,1.0
hcm_wme_78716,wme_real,0.016129032258064516,0.0,0.0,0.0,0.0,0.0,1.0
hcm_wme_94132,wme_real,3.43112026076514e-05,0.0,0.0,0.0,0.0,0.0,0.0
hcm_wme_58186,wme_real,1.7356591165495098e-05,0.0,0.0,0.0,0.0,0.0,0.0
hcm_wme_78478,wme_real,0.5,0.0,1.0,1.0,1.0,1.0,1.0
hcm_wme_58462,wme_real,0.3333333333333333,0.0,1.0,1.0,1.0,1.0,1.0
hcm_wme_20683,wme_real,0.006289308176100629,0.0,0.0,0.0,0.0,0.0,0.0
hcm_wme_33655,wme_real,0.0020325203252032522,0.0,0.0,0.0,0.0,0.0,0.0
hcm_wme_13789,wme_real,5.6827868386656816e-05,0.0,0.0,0.0,0.0,0.0,0.0
hcm_wme_350,wme_real,3.368364322285098e-05,0.0,0.0,0.0,0.0,0.0,0.0
hcm_wme_67476,wme_real,0.5,0.0,1.0,1.0,1.0,1.0,1.0
hcm_wme_72302,wme_real,0.0002620545073375262,0.0,0.0,0.0,0.0,0.0,0.0
hcm_wme_16777,wme_real,1.0,1.0,1.0,1.0,1.0,1.0,1.0
hcm_wme_10448,wme_real,6.997900629811057e-05,0.0,0.0,0.0,0.0,0.0,0.0
hcm_wme_45755,wme_real,2.210237821589603e-05,0.0,0.0,0.0,0.0,0.0,0.0
hcm_wme_45877,wme_real,1.0,1.0,1.0,1.0,1.0,1.0,1.0
hcm_wme_98749,wme_real,0.00011375270162666363,0.0,0.0,0.0,0.0,0.0,0.0
hcm_wme_24428,wme_real,1.0677600529608986e-05,0.0,0.0,0.0,0.0,0.0,0.0
hcm_wme_8129,wme_real,0.008264462809917356,0.0,0.0,0.0,0.0,0.0,0.0
hcm_wme_36990,wme_real,0.00038654812524159255,0.0,0.0,0.0,0.0,0.0,0.0
hcm_wme_112115,wme_real,0.018867924528301886,0.0,0.0,0.0,0.0,0.0,1.0
hcm_wme_28980,wme_real,0.0001779676098949991,0.0,0.0,0.0,0.0,0.0,0.0
hcm_wme_19517,wme_real,0.058823529411764705,0.0,0.0,0.0,1.0,1.0,1.0
hcm_wme_46529,wme_real,0.0008038585209003215,0.0,0.0,0.0,0.0,0.0,0.0
hcm_wme_36286,wme_real,0.06666666666666667,0.0,0.0,0.0,1.0,1.0,1.0
hcm_wme_26646,wme_real,2.8662329100862736e-05,0.0,0.0,0.0,0.0,0.0,0.0
hcm_wme_21290,wme_real,2.3559345992555247e-05,0.0,0.0,0.0,0.0,0.0,0.0
hcm_wme_24639,wme_real,1.898650059807477e-05,0.0,0.0,0.0,0.0,0.0,0.0
hcm_wme_34991,wme_real,0.06666666666666667,0.0,0.0,0.0,1.0,1.0,1.0
hcm_wme_25725,wme_real,1.0,1.0,1.0,1.0,1.0,1.0,1.0
hcm_wme_58459,wme_real,0.00015673981191222572,0.0,0.0,0.0,0.0,0.0,0.0
hcm_wme_21347,wme_real,4.1035742131396446e-05,0.0,0.0,0.0,0.0,0.0,0.0
hcm_wme_71005,wme_real,0.0016556291390728477,0.0,0.0,0.0,0.0,0.0,0.0
hcm_wme_83961,wme_real,0.125,0.0,0.0,1.0,1.0,1.0,1.0
hcm_wme_6034,wme_real,4.679238220017781e-05,0.0,0.0,0.0,0.0,0.0,0.0
hcm_wme_64268,wme_real,0.0008264462809917355,0.0,0.0,0.0,0.0,0.0,0.0
hcm_wme_1042,wme_real,0.0019569471624266144,0.0,0.0,0.0,0.0,0.0,0.0
hcm_wme_4076,wme_real,0.25,0.0,1.0,1.0,1.0,1.0,1.0
hcm_wme_99063,wme_real,0.0001224439818782907,0.0,0.0,0.0,0.0,0.0,0.0
hcm_wme_71838,wme_real,0.25,0.0,1.0,1.0,1.0,1.0,1.0
hcm_wme_41271,wme_real,0.0008223684210526315,0.0,0.0,0.0,0.0,0.0,0.0
hcm_wme_106628,wme_real,0.0011737089201877935,0.0,0.0,0.0,0.0,0.0,0.0
hcm_wme_73316,wme_real,0.00010290183165260341,0.0,0.0,0.0,0.0,0.0,0.0
hcm_wme_25326,wme_real,2.705042198658299e-05,0.0,0.0,0.0,0.0,0.0,0.0
hcm_wme_16376,wme_real,1.0431118111550377e-05,0.0,0.0,0.0,0.0,0.0,0.0
hcm_wme_84849,wme_real,0.3333333333333333,0.0,1.0,1.0,1.0,1.0,1.0
hcm_wme_109032,wme_real,0.0001372495196266813,0.0,0.0,0.0,0.0,0.0,0.0
hcm_wme_10655,wme_real,0.002008032128514056,0.0,0.0,0.0,0.0,0.0,0.0
hcm_wme_16065,wme_real,0.00013071895424836603,0.0,0.0,0.0,0.0,0.0,0.0
hcm_wme_94743,wme_real,0.0002563445270443476,0.0,0.0,0.0,0.0,0.0,0.0
hcm_wme_72026,wme_real,0.0006844626967830253,0.0,0.0,0.0,0.0,0.0,0.0
hcm_wme_77317,wme_real,0.0003475842891901286,0.0,0.0,0.0,0.0,0.0,0.0
hcm_wme_15843,wme_real,0.0003763643206624012,0.0,0.0,0.0,0.0,0.0,0.0
hcm_wme_45809,wme_real,0.012987012987012988,0.0,0.0,0.0,0.0,0.0,1.0
hcm_wme_36371,wme_real,0.2,0.0,1.0,1.0,1.0,1.0,1.0
hcm_wme_101498,wme_real,0.00010316723408645414,0.0,0.0,0.0,0.0,0.0,0.0
hcm_wme_97111,wme_real,0.006535947712418301,0.0,0.0,0.0,0.0,0.0,0.0
hcm_wme_46606,wme_real,2.281021897810219e-05,0.0,0.0,0.0,0.0,0.0,0.0
hcm_wme_65103,wme_real,0.1111111111111111,0.0,0.0,1.0,1.0,1.0,1.0
hcm_wme_42200,wme_real,3.0063433845413825e-05,0.0,0.0,0.0,0.0,0.0,0.0
hcm_wme_101686,wme_real,1.0,1.0,1.0,1.0,1.0,1.0,1.0
hcm_wme_11928,wme_real,0.0014705882352941176,0.0,0.0,0.0,0.0,0.0,0.0
hcm_wme_64094,wme_real,0.0007102272727272727,0.0,0.0,0.0,0.0,0.0,0.0
hcm_wme_56777,wme_real,0.0005175983436853002,0.0,0.0,0.0,0.0,0.0,0.0
hcm_wme_75615,wme_real,0.003424657534246575,0.0,0.0,0.0,0.0,0.0,0.0
hcm_wme_57538,wme_real,0.041666666666666664,0.0,0.0,0.0,0.0,1.0,1.0
hcm_wme_7633,wme_real,0.0028169014084507044,0.0,0.0,0.0,0.0,0.0,0.0
hcm_wme_6178,wme_real,9.852119683549915e-06,0.0,0.0,0.0,0.0,0.0,0.0
hcm_wme_58094,wme_real,0.25,0.0,1.0,1.0,1.0,1.0,1.0
hcm_wme_39607,wme_real,1.0,1.0,1.0,1.0,1.0,1.0,1.0
hcm_wme_58679,wme_real,0.0017605633802816902,0.0,0.0,0.0,0.0,0.0,0.0
hcm_wme_64285,wme_real,1.99513187821715e-05,0.0,0.0,0.0,0.0,0.0,0.0
hcm_wme_42848,wme_real,0.0026041666666666665,0.0,0.0,0.0,0.0,0.0,0.0
hcm_wme_34428,wme_real,0.00030048076923076925,0.0,0.0,0.0,0.0,0.0,0.0
hcm_wme_19494,wme_real,0.017543859649122806,0.0,0.0,0.0,0.0,0.0,1.0
hcm_wme_43097,wme_real,0.25,0.0,1.0,1.0,1.0,1.0,1.0
hcm_wme_81125,wme_real,2.1284747350048954e-05,0.0,0.0,0.0,0.0,0.0,0.0
hcm_wme_65699,wme_real,0.01694915254237288,0.0,0.0,0.0,0.0,0.0,1.0
hcm_wme_42266,wme_real,1.0421008753647352e-05,0.0,0.0,0.0,0.0,0.0,0.0
hcm_wme_108712,wme_real,0.0030303030303030303,0.0,0.0,0.0,0.0,0.0,0.0
hcm_wme_14794,wme_real,0.038461538461538464,0.0,0.0,0.0,0.0,1.0,1.0
hcm_wme_82107,wme_real,0.034482758620689655,0.0,0.0,0.0,0.0,1.0,1.0
hcm_wme_67348,wme_real,2.464936281397126e-05,0.0,0.0,0.0,0.0,0.0,0.0
hcm_wme_66872,wme_real,0.00034340659340659343,0.0,0.0,0.0,0.0,0.0,0.0
hcm_wme_71431,wme_real,0.125,0.0,0.0,1.0,1.0,1.0,1.0
hcm_wme_3778,wme_real,0.0007733952049497294,0.0,0.0,0.0,0.0,0.0,0.0
hcm_wme_48970,wme_real,5.1692943913155855e-05,0.0,0.0,0.0,0.0,0.0,0.0
hcm_wme_106314,wme_real,0.16666666666666666,0.0,0.0,1.0,1.0,1.0,1.0
hcm_wme_51192,wme_real,3.861451133335908e-05,0.0,0.0,0.0,0.0,0.0,0.0
hcm_wme_63999,wme_real,0.0021598272138228943,0.0,0.0,0.0,0.0,0.0,0.0
hcm_wme_84177,wme_real,0.007936507936507936,0.0,0.0,0.0,0.0,0.0,0.0
hcm_wme_18480,wme_real,0.001890359168241966,0.0,0.0,0.0,0.0,0.0,0.0
hcm_wme_55833,wme_real,0.0008116883116883117,0.0,0.0,0.0,0.0,0.0,0.0
hcm_wme_70501,wme_real,0.00037023324694557573,0.0,0.0,0.0,0.0,0.0,0.0
hcm_wme_52022,wme_real,0.0027397260273972603,0.0,0.0,0.0,0.0,0.0,0.0
hcm_wme_61796,wme_real,0.2,0.0,1.0,1.0,1.0,1.0,1.0
hcm_wme_25149,wme_real,0.0027100271002710027,0.0,0.0,0.0,0.0,0.0,0.0
hcm_wme_10183,wme_real,0.006134969325153374,0.0,0.0,0.0,0.0,0.0,0.0
hcm_wme_54718,wme_real,0.0008460236886632825,0.0,0.0,0.0,0.0,0.0,0.0
hcm_wme_71485,wme_real,1.4929384013615598e-05,0.0,0.0,0.0,0.0,0.0,0.0
hcm_wme_94168,wme_real,0.00019305019305019305,0.0,0.0,0.0,0.0,0.0,0.0
hcm_wme_62186,wme_real,0.1,0.0,0.0,1.0,1.0,1.0,1.0
hcm_wme_41840,wme_real,0.023809523809523808,0.0,0.0,0.0,0.0,1.0,1.0
hcm_wme_87213,wme_real,0.022222222222222223,0.0,0.0,0.0,0.0,1.0,1.0
hcm_wme_87093,wme_real,7.961149590000795e-05,0.0,0.0,0.0,0.0,0.0,0.0
hcm_wme_88775,wme_real,0.01098901098901099,0.0,0.0,0.0,0.0,0.0,1.0
hcm_wme_13377,wme_real,0.3333333333333333,0.0,1.0,1.0,1.0,1.0,1.0
hcm_wme_5152,wme_real,0.5,0.0,1.0,1.0,1.0,1.0,1.0
hcm_wme_24305,wme_real,0.009615384615384616,0.0,0.0,0.0,0.0,0.0,0.0
hcm_wme_69021,wme_real,1.972697861595518e-05,0.0,0.0,0.0,0.0,0.0,0.0
hcm_wme_70380,wme_real,2.721310583176858e-05,0.0,0.0,0.0,0.0,0.0,0.0
hcm_wme_50903,wme_real,0.00012711325791280032,0.0,0.0,0.0,0.0,0.0,0.0
hcm_wme_87833,wme_real,0.001282051282051282,0.0,0.0,0.0,0.0,0.0,0.0
hcm_wme_6216,wme_real,0.0007776049766718507,0.0,0.0,0.0,0.0,0.0,0.0
hcm_wme_4370,wme_real,0.002232142857142857,0.0,0.0,0.0,0.0,0.0,0.0
hcm_wme_104548,wme_real,1.2780206016920992e-05,0.0,0.0,0.0,0.0,0.0,0.0
hcm_wme_111694,wme_real,1.0,1.0,1.0,1.0,1.0,1.0,1.0
hcm_wme_48249,wme_real,0.005319148936170213,0.0,0.0,0.0,0.0,0.0,0.0
hcm_wme_70063,wme_real,6.93433187712364e-05,0.0,0.0,0.0,0.0,0.0,0.0
hcm_wme_7896,wme_real,4.622140050843541e-05,0.0,0.0,0.0,0.0,0.0,0.0
hcm_wme_58452,wme_real,0.012195121951219513,0.0,0.0,0.0,0.0,0.0,1.0
hcm_wme_24181,wme_real,0.00039952057530962844,0.0,0.0,0.0,0.0,0.0,0.0
hcm_wme_107986,wme_real,0.00038402457757296467,0.0,0.0,0.0,0.0,0.0,0.0
hcm_wme_45885,wme_real,3.80112513303938e-05,0.0,0.0,0.0,0.0,0.0,0.0
hcm_wme_9789,wme_real,0.07142857142857142,0.0,0.0,0.0,1.0,1.0,1.0
hcm_wme_12139,wme_real,0.14285714285714285,0.0,0.0,1.0,1.0,1.0,1.0
hcm_wme_24536,wme_real,3.814027994965483e-05,0.0,0.0,0.0,0.0,0.0,0.0
hcm_wme_4251,wme_real,0.0004035512510088781,0.0,0.0,0.0,0.0,0.0,0.0
hcm_wme_78565,wme_real,0.3333333333333333,0.0,1.0,1.0,1.0,1.0,1.0
hcm_wme_40424,wme_real,0.00022217285047767163,0.0,0.0,0.0,0.0,0.0,0.0
hcm_wme_89299,wme_real,4.84214603912454e-05,0.0,0.0,0.0,0.0,0.0,0.0
hcm_wme_87879,wme_real,1.542900344066777e-05,0.0,0.0,0.0,0.0,0.0,0.0
hcm_wme_71377,wme_real,0.020833333333333332,0.0,0.0,0.0,0.0,1.0,1.0
hcm_wme_15308,wme_real,0.125,0.0,0.0,1.0,1.0,1.0,1.0
hcm_wme_17344,wme_real,0.03225806451612903,0.0,0.0,0.0,0.0,1.0,1.0
hcm_wme_13826,wme_real,0.023255813953488372,0.0,0.0,0.0,0.0,1.0,1.0
hcm_wme_5440,wme_real,0.1,0.0,0.0,1.0,1.0,1.0,1.0
hcm_wme_109068,wme_real,0.0005770340450086555,0.0,0.0,0.0,0.0,0.0,0.0
hcm_wme_47248,wme_real,0.0012285012285012285,0.0,0.0,0.0,0.0,0.0,0.0
hcm_wme_102794,wme_real,5.393452348848498e-05,0.0,0.0,0.0,0.0,0.0,0.0
hcm_wme_83669,wme_real,5.870611717740989e-05,0.0,0.0,0.0,0.0,0.0,0.0
hcm_wme_3789,wme_real,0.00039635354736424893,0.0,0.0,0.0,0.0,0.0,0.0
hcm_wme_13850,wme_real,0.00130718954248366,0.0,0.0,0.0,0.0,0.0,0.0
hcm_wme_76775,wme_real,0.00017780938833570413,0.0,0.0,0.0,0.0,0.0,0.0
hcm_wme_111857,wme_real,7.464914899970141e-05,0.0,0.0,0.0,0.0,0.0,0.0
hcm_wme_15254,wme_real,7.922674694977024e-05,0.0,0.0,0.0,0.0,0.0,0.0
hcm_wme_13518,wme_real,0.00020096463022508038,0.0,0.0,0.0,0.0,0.0,0.0
hcm_wme_53477,wme_real,0.5,0.0,1.0,1.0,1.0,1.0,1.0
hcm_wme_97484,wme_real,0.0011325028312570782,0.0,0.0,0.0,0.0,0.0,0.0
hcm_wme_54340,wme_real,3.447443720481263e-05,0.0,0.0,0.0,0.0,0.0,0.0
hcm_wme_13630,wme_real,0.0006988120195667365,0.0,0.0,0.0,0.0,0.0,0.0
hcm_wme_108340,wme_real,0.0006734006734006734,0.0,0.0,0.0,0.0,0.0,0.0
hcm_wme_59298,wme_real,1.7852042273636104e-05,0.0,0.0,0.0,0.0,0.0,0.0
hcm_wme_54542,wme_real,0.023809523809523808,0.0,0.0,0.0,0.0,1.0,1.0
hcm_wme_69362,wme_real,0.0038910505836575876,0.0,0.0,0.0,0.0,0.0,0.0
hcm_wme_103113,wme_real,0.3333333333333333,0.0,1.0,1.0,1.0,1.0,1.0
hcm_wme_36754,wme_real,0.010638297872340425,0.0,0.0,0.0,0.0,0.0,1.0
hcm_wme_5709,wme_real,0.14285714285714285,0.0,0.0,1.0,1.0,1.0,1.0
hcm_wme_39756,wme_real,0.004672897196261682,0.0,0.0,0.0,0.0,0.0,0.0
hcm_wme_97986,wme_real,0.001392757660167131,0.0,0.0,0.0,0.0,0.0,0.0
hcm_wme_45947,wme_real,0.0031746031746031746,0.0,0.0,0.0,0.0,0.0,0.0
hcm_wme_104828,wme_real,1.6077687385446478e-05,0.0,0.0,0.0,0.0,0.0,0.0
hcm_wme_29153,wme_real,0.1,0.0,0.0,1.0,1.0,1.0,1.0
hcm_wme_81377,wme_real,0.0002305209774089442,0.0,0.0,0.0,0.0,0.0,0.0
hcm_wme_89420,wme_real,0.0006934812760055479,0.0,0.0,0.0,0.0,0.0,0.0
hcm_wme_34242,wme_real,0.037037037037037035,0.0,0.0,0.0,0.0,1.0,1.0
hcm_wme_83885,wme_real,0.0006613756613756613,0.0,0.0,0.0,0.0,0.0,0.0
hcm_wme_66503,wme_real,4.69792351780513e-05,0.0,0.0,0.0,0.0,0.0,0.0
hcm_wme_56957,wme_real,0.0016233766233766235,0.0,0.0,0.0,0.0,0.0,0.0
hcm_wme_26863,wme_real,6.489292667099286e-05,0.0,0.0,0.0,0.0,0.0,0.0
hcm_wme_13093,wme_real,0.0001444460494005489,0.0,0.0,0.0,0.0,0.0,0.0
hcm_wme_62559,wme_real,0.0019801980198019802,0.0,0.0,0.0,0.0,0.0,0.0
hcm_wme_56249,wme_real,7.980209081477934e-05,0.0,0.0,0.0,0.0,0.0,0.0
hcm_wme_99281,wme_real,0.00033178500331785003,0.0,0.0,0.0,0.0,0.0,0.0
hcm_wme_18952,wme_real,0.00016691704223001168,0.0,0.0,0.0,0.0,0.0,0.0
hcm_wme_64454,wme_real,3.248229714805431e-05,0.0,0.0,0.0,0.0,0.0,0.0
hcm_wme_53886,wme_real,0.006329113924050633,0.0,0.0,0.0,0.0,0.0,0.0
hcm_wme_95228,wme_real,0.006329113924050633,0.0,0.0,0.0,0.0,0.0,0.0
hcm_wme_107822,wme_real,0.018867924528301886,0.0,0.0,0.0,0.0,0.0,1.0
hcm_wme_39421,wme_real,0.016666666666666666,0.0,0.0,0.0,0.0,0.0,1.0
hcm_wme_26081,wme_real,0.2,0.0,1.0,1.0,1.0,1.0,1.0
hcm_wme_107411,wme_real,0.008403361344537815,0.0,0.0,0.0,0.0,0.0,0.0
hcm_wme_91449,wme_real,0.00031084861672365556,0.0,0.0,0.0,0.0,0.0,0.0
hcm_wme_94377,wme_real,1.0,1.0,1.0,1.0,1.0,1.0,1.0
hcm_wme_50137,wme_real,0.0038461538461538464,0.0,0.0,0.0,0.0,0.0,0.0
hcm_wme_17935,wme_real,1.64354743277891e-05,0.0,0.0,0.0,0.0,0.0,0.0
hcm_wme_69512,wme_real,9.090991736288513e-06,0.0,0.0,0.0,0.0,0.0,0.0
hcm_wme_2797,wme_real,1.7031132910961235e-05,0.0,0.0,0.0,0.0,0.0,0.0
hcm_wme_66873,wme_real,0.08333333333333333,0.0,0.0,0.0,1.0,1.0,1.0
hcm_wme_93989,wme_real,3.472463365511494e-05,0.0,0.0,0.0,0.0,0.0,0.0
hcm_wme_38538,wme_real,0.00026961445133459155,0.0,0.0,0.0,0.0,0.0,0.0
hcm_wme_83035,wme_real,1.0,1.0,1.0,1.0,1.0,1.0,1.0
hcm_wme_97901,wme_real,3.990900746298439e-05,0.0,0.0,0.0,0.0,0.0,0.0
hcm_wme_67923,wme_real,2.0905194940942824e-05,0.0,0.0,0.0,0.0,0.0,0.0
hcm_wme_98409,wme_real,0.2,0.0,1.0,1.0,1.0,1.0,1.0
hcm_wme_38507,wme_real,0.0020408163265306124,0.0,0.0,0.0,0.0,0.0,0.0
hcm_wme_88130,wme_real,0.0014970059880239522,0.0,0.0,0.0,0.0,0.0,0.0
hcm_wme_44158,wme_real,8.130081300813008e-05,0.0,0.0,0.0,0.0,0.0,0.0
hcm_wme_11259,wme_real,1.6297793278790052e-05,0.0,0.0,0.0,0.0,0.0,0.0
hcm_wme_95831,wme_real,0.001718213058419244,0.0,0.0,0.0,0.0,0.0,0.0
hcm_wme_12832,wme_real,0.14285714285714285,0.0,0.0,1.0,1.0,1.0,1.0
hcm_wme_74204,wme_real,5.567618729469406e-05,0.0,0.0,0.0,0.0,0.0,0.0
hcm_wme_101319,wme_real,0.125,0.0,0.0,1.0,1.0,1.0,1.0
hcm_wme_73145,wme_real,0.0009250693802035153,0.0,0.0,0.0,0.0,0.0,0.0
hcm_wme_9469,wme_real,0.02040816326530612,0.0,0.0,0.0,0.0,1.0,1.0
hcm_wme_75405,wme_real,1.6837000993383058e-05,0.0,0.0,0.0,0.0,0.0,0.0
hcm_wme_92173,wme_real,0.011764705882352941,0.0,0.0,0.0,0.0,0.0,1.0
hcm_wme_55389,wme_real,0.5,0.0,1.0,1.0,1.0,1.0,1.0
hcm_wme_101866,wme_real,0.0008665511265164644,0.0,0.0,0.0,0.0,0.0,0.0
hcm_wme_2354,wme_real,3.5832019492618604e-05,0.0,0.0,0.0,0.0,0.0,0.0
hcm_wme_54282,wme_real,0.00030637254901960784,0.0,0.0,0.0,0.0,0.0,0.0
hcm_wme_110197,wme_real,0.00021272069772388852,0.0,0.0,0.0,0.0,0.0,0.0
hcm_wme_108838,wme_real,1.0,1.0,1.0,1.0,1.0,1.0,1.0
hcm_wme_86313,wme_real,0.09090909090909091,0.0,0.0,0.0,1.0,1.0,1.0
hcm_wme_53521,wme_real,1.541402059313151e-05,0.0,0.0,0.0,0.0,0.0,0.0
hcm_wme_2865,wme_real,0.3333333333333333,0.0,1.0,1.0,1.0,1.0,1.0
hcm_wme_69358,wme_real,0.01639344262295082,0.0,0.0,0.0,0.0,0.0,1.0
hcm_wme_50609,wme_real,0.058823529411764705,0.0,0.0,0.0,1.0,1.0,1.0
hcm_wme_48067,wme_real,0.02564102564102564,0.0,0.0,0.0,0.0,1.0,1.0
hcm_wme_13794,wme_real,0.0009940357852882703,0.0,0.0,0.0,0.0,0.0,0.0
hcm_wme_45967,wme_real,2.3941200411788646e-05,0.0,0.0,0.0,0.0,0.0,0.0
hcm_wme_87726,wme_real,0.00034234851078397807,0.0,0.0,0.0,0.0,0.0,0.0
hcm_wme_76802,wme_real,0.0001336005344021376,0.0,0.0,0.0,0.0,0.0,0.0
hcm_wme_33359,wme_real,0.00022977941176470588,0.0,0.0,0.0,0.0,0.0,0.0
hcm_wme_33234,wme_real,1.227189613067115e-05,0.0,0.0,0.0,0.0,0.0,0.0
hcm_wme_23111,wme_real,0.00014166312508853945,0.0,0.0,0.0,0.0,0.0,0.0
hcm_wme_102789,wme_real,1.9783959165908283e-05,0.0,0.0,0.0,0.0,0.0,0.0
hcm_wme_95413,wme_real,0.5,0.0,1.0,1.0,1.0,1.0,1.0
hcm_wme_55548,wme_real,0.005128205128205128,0.0,0.0,0.0,0.0,0.0,0.0
hcm_wme_55524,wme_real,0.000758150113722517,0.0,0.0,0.0,0.0,0.0,0.0
hcm_wme_105608,wme_real,1.868425477849816e-05,0.0,0.0,0.0,0.0,0.0,0.0
hcm_wme_30576,wme_real,2.819124943617501e-05,0.0,0.0,0.0,0.0,0.0,0.0
hcm_wme_71418,wme_real,0.00010840108401084011,0.0,0.0,0.0,0.0,0.0,0.0
hcm_wme_2606,wme_real,0.1111111111111111,0.0,0.0,1.0,1.0,1.0,1.0
hcm_wme_104167,wme_real,9.59877135726627e-05,0.0,0.0,0.0,0.0,0.0,0.0
hcm_wme_35337,wme_real,0.00017126220243192326,0.0,0.0,0.0,0.0,0.0,0.0
hcm_wme_60338,wme_real,0.02,0.0,0.0,0.0,0.0,1.0,1.0
hcm_wme_108895,wme_real,0.00014330753797649757,0.0,0.0,0.0,0.0,0.0,0.0
hcm_wme_62942,wme_real,0.025,0.0,0.0,0.0,0.0,1.0,1.0
hcm_wme_57201,wme_real,0.002178649237472767,0.0,0.0,0.0,0.0,0.0,0.0
hcm_wme_77035,wme_real,0.07692307692307693,0.0,0.0,0.0,1.0,1.0,1.0
hcm_wme_79818,wme_real,0.012048192771084338,0.0,0.0,0.0,0.0,0.0,1.0
hcm_wme_1426,wme_real,1.0,1.0,1.0,1.0,1.0,1.0,1.0
hcm_wme_31172,wme_real,0.0004580852038479157,0.0,0.0,0.0,0.0,0.0,0.0
hcm_wme_26371,wme_real,1.0647586192210225e-05,0.0,0.0,0.0,0.0,0.0,0.0
hcm_wme_35617,wme_real,0.02631578947368421,0.0,0.0,0.0,0.0,1.0,1.0
hcm_wme_12959,wme_real,0.0045871559633027525,0.0,0.0,0.0,0.0,0.0,0.0
hcm_wme_27057,wme_real,0.0024096385542168677,0.0,0.0,0.0,0.0,0.0,0.0
hcm_wme_61157,wme_real,0.007246376811594203,0.0,0.0,0.0,0.0,0.0,0.0
hcm_wme_98021,wme_real,8.956480461437873e-06,0.0,0.0,0.0,0.0,0.0,0.0
hcm_wme_25729,wme_real,0.0010626992561105207,0.0,0.0,0.0,0.0,0.0,0.0
hcm_wme_78161,wme_real,0.006711409395973154,0.0,0.0,0.0,0.0,0.0,0.0
hcm_wme_16191,wme_real,0.0026041666666666665,0.0,0.0,0.0,0.0,0.0,0.0
hcm_wme_29443,wme_real,0.00011232168931820734,0.0,0.0,0.0,0.0,0.0,0.0
hcm_wme_35834,wme_real,0.07142857142857142,0.0,0.0,0.0,1.0,1.0,1.0
hcm_wme_96750,wme_real,0.03571428571428571,0.0,0.0,0.0,0.0,1.0,1.0
hcm_wme_46908,wme_real,2.5695051133151756e-05,0.0,0.0,0.0,0.0,0.0,0.0
hcm_wme_92953,wme_real,0.0013513513513513514,0.0,0.0,0.0,0.0,0.0,0.0
hcm_wme_94114,wme_real,0.1111111111111111,0.0,0.0,1.0,1.0,1.0,1.0
hcm_wme_26830,wme_real,0.002331002331002331,0.0,0.0,0.0,0.0,0.0,0.0
hcm_wme_21823,wme_real,0.004694835680751174,0.0,0.0,0.0,0.0,0.0,0.0
hcm_wme_103383,wme_real,3.868471953578336e-05,0.0,0.0,0.0,0.0,0.0,0.0
hcm_wme_95204,wme_real,1.0,1.0,1.0,1.0,1.0,1.0,1.0
hcm_wme_37472,wme_real,0.002178649237472767,0.0,0.0,0.0,0.0,0.0,0.0
hcm_wme_68712,wme_real,2.735903258460781e-05,0.0,0.0,0.0,0.0,0.0,0.0
hcm_wme_84080,wme_real,1.0,1.0,1.0,1.0,1.0,1.0,1.0
hcm_wme_14630,wme_real,1.0,1.0,1.0,1.0,1.0,1.0,1.0
hcm_wme_89855,wme_real,1.0,1.0,1.0,1.0,1.0,1.0,1.0
hcm_wme_111430,wme_real,0.16666666666666666,0.0,0.0,1.0,1.0,1.0,1.0
hcm_wme_85901,wme_real,2.9845400823733064e-05,0.0,0.0,0.0,0.0,0.0,0.0
hcm_wme_15320,wme_real,0.1111111111111111,0.0,0.0,1.0,1.0,1.0,1.0
hcm_wme_69609,wme_real,1.6856868331001465e-05,0.0,0.0,0.0,0.0,0.0,0.0
hcm_wme_10359,wme_real,0.00043122035360068997,0.0,0.0,0.0,0.0,0.0,0.0
hcm_wme_50613,wme_real,0.0002495632642874969,0.0,0.0,0.0,0.0,0.0,0.0
hcm_wme_107845,wme_real,8.551393877201984e-05,0.0,0.0,0.0,0.0,0.0,0.0
hcm_wme_66112,wme_real,0.017543859649122806,0.0,0.0,0.0,0.0,0.0,1.0
hcm_wme_36901,wme_real,0.003787878787878788,0.0,0.0,0.0,0.0,0.0,0.0
hcm_wme_11828,wme_real,0.00065359477124183,0.0,0.0,0.0,0.0,0.0,0.0
hcm_wme_89066,wme_real,8.882572392965002e-05,0.0,0.0,0.0,0.0,0.0,0.0
hcm_wme_12130,wme_real,0.00017937219730941703,0.0,0.0,0.0,0.0,0.0,0.0
hcm_wme_98593,wme_real,1.4447526583448913e-05,0.0,0.0,0.0,0.0,0.0,0.0
hcm_wme_107128,wme_real,0.002,0.0,0.0,0.0,0.0,0.0,0.0
hcm_wme_13263,wme_real,0.0041841004184100415,0.0,0.0,0.0,0.0,0.0,0.0
hcm_wme_65119,wme_real,0.5,0.0,1.0,1.0,1.0,1.0,1.0
hcm_wme_49961,wme_real,4.0420371867421184e-05,0.0,0.0,0.0,0.0,0.0,0.0
hcm_wme_3002,wme_real,0.001277139208173691,0.0,0.0,0.0,0.0,0.0,0.0
hcm_wme_85578,wme_real,0.00980392156862745,0.0,0.0,0.0,0.0,0.0,0.0
hcm_wme_92317,wme_real,0.08333333333333333,0.0,0.0,0.0,1.0,1.0,1.0
hcm_wme_13155,wme_real,9.266466510990029e-06,0.0,0.0,0.0,0.0,0.0,0.0
hcm_wme_72940,wme_real,5.2692591421646116e-05,0.0,0.0,0.0,0.0,0.0,0.0
hcm_wme_100736,wme_real,0.5,0.0,1.0,1.0,1.0,1.0,1.0
hcm_wme_88544,wme_real,0.0007032348804500703,0.0,0.0,0.0,0.0,0.0,0.0
hcm_wme_5620,wme_real,0.045454545454545456,0.0,0.0,0.0,0.0,1.0,1.0
hcm_wme_84935,wme_real,0.0017667844522968198,0.0,0.0,0.0,0.0,0.0,0.0
hcm_wme_33114,wme_real,0.003115264797507788,0.0,0.0,0.0,0.0,0.0,0.0
hcm_wme_53364,wme_real,0.07692307692307693,0.0,0.0,0.0,1.0,1.0,1.0
hcm_wme_56969,wme_real,0.002053388090349076,0.0,0.0,0.0,0.0,0.0,0.0
hcm_wme_50395,wme_real,9.070294784580499e-05,0.0,0.0,0.0,0.0,0.0,0.0
hcm_wme_36593,wme_real,0.0011173184357541898,0.0,0.0,0.0,0.0,0.0,0.0
hcm_wme_21589,wme_real,0.01,0.0,0.0,0.0,0.0,0.0,1.0
hcm_wme_11084,wme_real,0.00010444955086693127,0.0,0.0,0.0,0.0,0.0,0.0
hcm_wme_54481,wme_real,1.1544144809752493e-05,0.0,0.0,0.0,0.0,0.0,0.0
hcm_wme_23512,wme_real,0.0045871559633027525,0.0,0.0,0.0,0.0,0.0,0.0
hcm_wme_12439,wme_real,6.572893387669252e-05,0.0,0.0,0.0,0.0,0.0,0.0
hcm_wme_89412,wme_real,1.0,1.0,1.0,1.0,1.0,1.0,1.0
hcm_wme_58978,wme_real,0.05,0.0,0.0,0.0,1.0,1.0,1.0
hcm_wme_63730,wme_real,0.00040112314480545525,0.0,0.0,0.0,0.0,0.0,0.0
hcm_wme_17739,wme_real,1.0,1.0,1.0,1.0,1.0,1.0,1.0
hcm_wme_48602,wme_real,0.09090909090909091,0.0,0.0,0.0,1.0,1.0,1.0
hcm_wme_64829,wme_real,0.0019723865877712033,0.0,0.0,0.0,0.0,0.0,0.0
hcm_wme_17496,wme_real,9.709869110964384e-06,0.0,0.0,0.0,0.0,0.0,0.0
hcm_wme_58507,wme_real,0.008333333333333333,0.0,0.0,0.0,0.0,0.0,0.0
hcm_wme_88719,wme_real,5.1778594728939054e-05,0.0,0.0,0.0,0.0,0.0,0.0
hcm_wme_5723,wme_real,0.02631578947368421,0.0,0.0,0.0,0.0,1.0,1.0
hcm_wme_10800,wme_real,0.005050505050505051,0.0,0.0,0.0,0.0,0.0,0.0
hcm_wme_38239,wme_real,4.62000462000462e-05,0.0,0.0,0.0,0.0,0.0,0.0
hcm_wme_85185,wme_real,0.00015030813166992335,0.0,0.0,0.0,0.0,0.0,0.0
hcm_wme_40768,wme_real,4.9326690672322796e-05,0.0,0.0,0.0,0.0,0.0,0.0
hcm_wme_61101,wme_real,0.5,0.0,1.0,1.0,1.0,1.0,1.0
hcm_wme_81137,wme_real,0.07142857142857142,0.0,0.0,0.0,1.0,1.0,1.0
hcm_wme_111916,wme_real,0.010526315789473684,0.0,0.0,0.0,0.0,0.0,1.0
hcm_wme_32470,wme_real,7.491759065028469e-05,0.0,0.0,0.0,0.0,0.0,0.0
hcm_wme_54652,wme_real,0.002347417840375587,0.0,0.0,0.0,0.0,0.0,0.0
hcm_wme_7173,wme_real,0.003472222222222222,0.0,0.0,0.0,0.0,0.0,0.0
hcm_wme_23140,wme_real,0.0003225806451612903,0.0,0.0,0.0,0.0,0.0,0.0
hcm_wme_5347,wme_real,0.0023094688221709007,0.0,0.0,0.0,0.0,0.0,0.0
hcm_wme_6263,wme_real,0.00014017381553125876,0.0,0.0,0.0,0.0,0.0,0.0
hcm_wme_88227,wme_real,1.0233738589381473e-05,0.0,0.0,0.0,0.0,0.0,0.0
hcm_wme_32326,wme_real,0.0002002803925495694,0.0,0.0,0.0,0.0,0.0,0.0
hcm_wme_90133,wme_real,0.2,0.0,1.0,1.0,1.0,1.0,1.0
hcm_wme_70540,wme_real,7.366482504604051e-05,0.0,0.0,0.0,0.0,0.0,0.0
hcm_wme_13271,wme_real,2.3155116122907356e-05,0.0,0.0,0.0,0.0,0.0,0.0
hcm_wme_104662,wme_real,0.0003362474781439139,0.0,0.0,0.0,0.0,0.0,0.0
hcm_wme_14439,wme_real,0.000224517287831163,0.0,0.0,0.0,0.0,0.0,0.0
hcm_wme_70102,wme_real,1.0,1.0,1.0,1.0,1.0,1.0,1.0
hcm_wme_78145,wme_real,0.16666666666666666,0.0,0.0,1.0,1.0,1.0,1.0
hcm_wme_104319,wme_real,5.4338966472857684e-05,0.0,0.0,0.0,0.0,0.0,0.0
hcm_wme_90810,wme_real,0.0014925373134328358,0.0,0.0,0.0,0.0,0.0,0.0
hcm_wme_49187,wme_real,0.016129032258064516,0.0,0.0,0.0,0.0,0.0,1.0
hcm_wme_7474,wme_real,0.00022456770716370987,0.0,0.0,0.0,0.0,0.0,0.0
hcm_wme_102319,wme_real,0.00043591979075850045,0.0,0.0,0.0,0.0,0.0,0.0
hcm_wme_82852,wme_real,1.3615074610608865e-05,0.0,0.0,0.0,0.0,0.0,0.0
hcm_wme_11872,wme_real,0.00141643059490085,0.0,0.0,0.0,0.0,0.0,0.0
hcm_wme_54189,wme_real,4.7052180868583256e-05,0.0,0.0,0.0,0.0,0.0,0.0
hcm_wme_33279,wme_real,1.8270179413161837e-05,0.0,0.0,0.0,0.0,0.0,0.0
hcm_wme_52990,wme_real,0.014705882352941176,0.0,0.0,0.0,0.0,0.0,1.0
hcm_wme_60152,wme_real,2.8076480332425527e-05,0.0,0.0,0.0,0.0,0.0,0.0
hcm_wme_110327,wme_real,7.494566439331484e-05,0.0,0.0,0.0,0.0,0.0,0.0
hcm_wme_6318,wme_real,0.009433962264150943,0.0,0.0,0.0,0.0,0.0,0.0
hcm_wme_18559,wme_real,1.4285918370262432e-05,0.0,0.0,0.0,0.0,0.0,0.0
hcm_wme_67631,wme_real,1.0,1.0,1.0,1.0,1.0,1.0,1.0
hcm_wme_68299,wme_real,0.0010121457489878543,0.0,0.0,0.0,0.0,0.0,0.0
hcm_wme_45656,wme_real,3.6832412523020256e-05,0.0,0.0,0.0,0.0,0.0,0.0
hcm_wme_44717,wme_real,0.011764705882352941,0.0,0.0,0.0,0.0,0.0,1.0
hcm_wme_85100,wme_real,0.00045475216007276033,0.0,0.0,0.0,0.0,0.0,0.0
hcm_wme_82368,wme_real,0.0004161464835622139,0.0,0.0,0.0,0.0,0.0,0.0
hcm_wme_65823,wme_real,0.000390015600624025,0.0,0.0,0.0,0.0,0.0,0.0
hcm_wme_3615,wme_real,2.2697868670131875e-05,0.0,0.0,0.0,0.0,0.0,0.0
hcm_wme_67751,wme_real,0.0006261740763932373,0.0,0.0,0.0,0.0,0.0,0.0
hcm_wme_47347,wme_real,1.0,1.0,1.0,1.0,1.0,1.0,1.0
hcm_wme_102089,wme_real,0.0011890606420927466,0.0,0.0,0.0,0.0,0.0,0.0
hcm_wme_30221,wme_real,2.950897072710104e-05,0.0,0.0,0.0,0.0,0.0,0.0
hcm_wme_3518,wme_real,0.003787878787878788,0.0,0.0,0.0,0.0,0.0,0.0
hcm_wme_26797,wme_real,1.0,1.0,1.0,1.0,1.0,1.0,1.0
hcm_wme_56882,wme_real,0.0005173305742369374,0.0,0.0,0.0,0.0,0.0,0.0
hcm_wme_102233,wme_real,0.1111111111111111,0.0,0.0,1.0,1.0,1.0,1.0
hcm_wme_89606,wme_real,0.038461538461538464,0.0,0.0,0.0,0.0,1.0,1.0
hcm_wme_51832,wme_real,1.4973646382367035e-05,0.0,0.0,0.0,0.0,0.0,0.0
hcm_wme_80886,wme_real,0.00024224806201550387,0.0,0.0,0.0,0.0,0.0,0.0
hcm_wme_65922,wme_real,0.0001114951499609767,0.0,0.0,0.0,0.0,0.0,0.0
hcm_wme_93351,wme_real,1.3599151412951833e-05,0.0,0.0,0.0,0.0,0.0,0.0
hcm_wme_80052,wme_real,0.006993006993006993,0.0,0.0,0.0,0.0,0.0,0.0
hcm_wme_111974,wme_real,0.00033233632436025255,0.0,0.0,0.0,0.0,0.0,0.0
hcm_wme_35069,wme_real,0.0007704160246533128,0.0,0.0,0.0,0.0,0.0,0.0
hcm_wme_46615,wme_real,0.004032258064516129,0.0,0.0,0.0,0.0,0.0,0.0
hcm_wme_1624,wme_real,0.0037174721189591076,0.0,0.0,0.0,0.0,0.0,0.0
hcm_wme_38343,wme_real,9.40203083866115e-05,0.0,0.0,0.0,0.0,0.0,0.0
hcm_wme_55554,wme_real,0.00025523226135783564,0.0,0.0,0.0,0.0,0.0,0.0
hcm_wme_79560,wme_real,1.2068112426535365e-05,0.0,0.0,0.0,0.0,0.0,0.0
hcm_wme_34023,wme_real,1.0,1.0,1.0,1.0,1.0,1.0,1.0
hcm_wme_64848,wme_real,0.02857142857142857,0.0,0.0,0.0,0.0,1.0,1.0
hcm_wme_4642,wme_real,0.006369426751592357,0.0,0.0,0.0,0.0,0.0,0.0
hcm_wme_9510,wme_real,0.00030921459492888067,0.0,0.0,0.0,0.0,0.0,0.0
hcm_wme_90912,wme_real,1.3047335734043108e-05,0.0,0.0,0.0,0.0,0.0,0.0
hcm_wme_25881,wme_real,1.0,1.0,1.0,1.0,1.0,1.0,1.0
hcm_wme_90492,wme_real,3.270859909070094e-05,0.0,0.0,0.0,0.0,0.0,0.0
hcm_wme_32421,wme_real,9.42151874882231e-05,0.0,0.0,0.0,0.0,0.0,0.0
hcm_wme_22736,wme_real,3.7720191618573424e-05,0.0,0.0,0.0,0.0,0.0,0.0
hcm_wme_12806,wme_real,0.011764705882352941,0.0,0.0,0.0,0.0,0.0,1.0
hcm_wme_46403,wme_real,0.00010770059235325795,0.0,0.0,0.0,0.0,0.0,0.0
hcm_wme_38705,wme_real,0.029411764705882353,0.0,0.0,0.0,0.0,1.0,1.0
hcm_wme_65388,wme_real,0.0012836970474967907,0.0,0.0,0.0,0.0,0.0,0.0
hcm_wme_108087,wme_real,9.769059434957602e-06,0.0,0.0,0.0,0.0,0.0,0.0
hcm_wme_43945,wme_real,1.7532171534766295e-05,0.0,0.0,0.0,0.0,0.0,0.0
hcm_wme_36890,wme_real,0.005154639175257732,0.0,0.0,0.0,0.0,0.0,0.0
hcm_wme_100395,wme_real,0.00012027904738994468,0.0,0.0,0.0,0.0,0.0,0.0
hcm_wme_91228,wme_real,0.5,0.0,1.0,1.0,1.0,1.0,1.0
hcm_wme_81694,wme_real,0.013157894736842105,0.0,0.0,0.0,0.0,0.0,1.0
hcm_wme_18597,wme_real,0.00010759629868732516,0.0,0.0,0.0,0.0,0.0,0.0
hcm_wme_85112,wme_real,0.00018467220683287164,0.0,0.0,0.0,0.0,0.0,0.0
hcm_wme_13320,wme_real,0.004761904761904762,0.0,0.0,0.0,0.0,0.0,0.0
hcm_wme_29167,wme_real,0.25,0.0,1.0,1.0,1.0,1.0,1.0
hcm_wme_10111,wme_real,0.019230769230769232,0.0,0.0,0.0,0.0,0.0,1.0
hcm_wme_20932,wme_real,1.264334391159774e-05,0.0,0.0,0.0,0.0,0.0,0.0
hcm_wme_42129,wme_real,0.008849557522123894,0.0,0.0,0.0,0.0,0.0,0.0
hcm_wme_50762,wme_real,1.0,1.0,1.0,1.0,1.0,1.0,1.0
hcm_wme_25219,wme_real,0.0004918839153959665,0.0,0.0,0.0,0.0,0.0,0.0
hcm_wme_40107,wme_real,0.002188183807439825,0.0,0.0,0.0,0.0,0.0,0.0
hcm_wme_12639,wme_real,0.0005339028296849973,0.0,0.0,0.0,0.0,0.0,0.0
hcm_wme_93628,wme_real,0.007246376811594203,0.0,0.0,0.0,0.0,0.0,0.0
hcm_wme_22998,wme_real,0.00035014005602240897,0.0,0.0,0.0,0.0,0.0,0.0
hcm_wme_19503,wme_real,0.00044682752457551384,0.0,0.0,0.0,0.0,0.0,0.0
hcm_wme_68776,wme_real,1.0,1.0,1.0,1.0,1.0,1.0,1.0
hcm_wme_9874,wme_real,0.0024691358024691358,0.0,0.0,0.0,0.0,0.0,0.0
hcm_wme_86446,wme_real,3.736362277686444e-05,0.0,0.0,0.0,0.0,0.0,0.0
hcm_wme_109931,wme_real,5.984798611526722e-05,0.0,0.0,0.0,0.0,0.0,0.0
hcm_wme_47902,wme_real,1.0,1.0,1.0,1.0,1.0,1.0,1.0
hcm_wme_109517,wme_real,0.0012658227848101266,0.0,0.0,0.0,0.0,0.0,0.0
hcm_wme_30240,wme_real,0.00015119443604475356,0.0,0.0,0.0,0.0,0.0,0.0
hcm_wme_28911,wme_real,0.006097560975609756,0.0,0.0,0.0,0.0,0.0,0.0
hcm_wme_35309,wme_real,3.4659642312491336e-05,0.0,0.0,0.0,0.0,0.0,0.0
hcm_wme_81644,wme_real,4.977848573846384e-05,0.0,0.0,0.0,0.0,0.0,0.0
hcm_wme_92984,wme_real,0.0014858841010401188,0.0,0.0,0.0,0.0,0.0,0.0
hcm_wme_30457,wme_real,0.0022222222222222222,0.0,0.0,0.0,0.0,0.0,0.0
hcm_wme_76342,wme_real,5.3746103407502955e-05,0.0,0.0,0.0,0.0,0.0,0.0
hcm_wme_40396,wme_real,0.00021500752526338422,0.0,0.0,0.0,0.0,0.0,0.0
hcm_wme_91806,wme_real,2.331654542063048e-05,0.0,0.0,0.0,0.0,0.0,0.0
hcm_wme_24817,wme_real,0.025,0.0,0.0,0.0,0.0,1.0,1.0
hcm_wme_106379,wme_real,1.6030522114105257e-05,0.0,0.0,0.0,0.0,0.0,0.0
hcm_wme_40851,wme_real,0.0017152658662092624,0.0,0.0,0.0,0.0,0.0,0.0
hcm_wme_50771,wme_real,8.023106546854942e-05,0.0,0.0,0.0,0.0,0.0,0.0
hcm_wme_99773,wme_real,0.0001224889759921607,0.0,0.0,0.0,0.0,0.0,0.0
hcm_wme_30054,wme_real,0.0005165289256198347,0.0,0.0,0.0,0.0,0.0,0.0
hcm_wme_83660,wme_real,0.09090909090909091,0.0,0.0,0.0,1.0,1.0,1.0
hcm_wme_34823,wme_real,5.6053811659192826e-05,0.0,0.0,0.0,0.0,0.0,0.0
hcm_wme_31101,wme_real,0.25,0.0,1.0,1.0,1.0,1.0,1.0
hcm_wme_33412,wme_real,3.747142803612246e-05,0.0,0.0,0.0,0.0,0.0,0.0
hcm_wme_63008,wme_real,1.0,1.0,1.0,1.0,1.0,1.0,1.0
hcm_wme_64490,wme_real,3.7588332581566684e-05,0.0,0.0,0.0,0.0,0.0,0.0
hcm_wme_97417,wme_real,0.0010319917440660474,0.0,0.0,0.0,0.0,0.0,0.0
hcm_wme_72846,wme_real,0.0038314176245210726,0.0,0.0,0.0,0.0,0.0,0.0
hcm_wme_105976,wme_real,0.01020408163265306,0.0,0.0,0.0,0.0,0.0,1.0
hcm_wme_45061,wme_real,0.5,0.0,1.0,1.0,1.0,1.0,1.0
hcm_wme_73775,wme_real,1.395887714792222e-05,0.0,0.0,0.0,0.0,0.0,0.0
hcm_wme_20118,wme_real,1.0917626507997161e-05,0.0,0.0,0.0,0.0,0.0,0.0
hcm_wme_61989,wme_real,0.00014473874656245476,0.0,0.0,0.0,0.0,0.0,0.0
hcm_wme_46915,wme_real,8.176614881439084e-05,0.0,0.0,0.0,0.0,0.0,0.0
hcm_wme_63992,wme_real,2.252100083327703e-05,0.0,0.0,0.0,0.0,0.0,0.0
hcm_wme_24116,wme_real,0.011363636363636364,0.0,0.0,0.0,0.0,0.0,1.0
hcm_wme_73768,wme_real,0.1111111111111111,0.0,0.0,1.0,1.0,1.0,1.0
hcm_wme_79627,wme_real,1.0,1.0,1.0,1.0,1.0,1.0,1.0
hcm_wme_24318,wme_real,1.0,1.0,1.0,1.0,1.0,1.0,1.0
hcm_wme_54573,wme_real,0.00032562683165092806,0.0,0.0,0.0,0.0,0.0,0.0
hcm_wme_44372,wme_real,0.00011531365313653136,0.0,0.0,0.0,0.0,0.0,0.0
hcm_wme_74173,wme_real,0.0034965034965034965,0.0,0.0,0.0,0.0,0.0,0.0
hcm_wme_37874,wme_real,2.325581395348837e-05,0.0,0.0,0.0,0.0,0.0,0.0
hcm_wme_41859,wme_real,0.00023923444976076556,0.0,0.0,0.0,0.0,0.0,0.0
hcm_wme_87976,wme_real,0.004347826086956522,0.0,0.0,0.0,0.0,0.0,0.0
hcm_wme_12505,wme_real,1.140758147865071e-05,0.0,0.0,0.0,0.0,0.0,0.0
hcm_wme_27931,wme_real,1.0,1.0,1.0,1.0,1.0,1.0,1.0
hcm_wme_13325,wme_real,5.229031583350764e-05,0.0,0.0,0.0,0.0,0.0,0.0
hcm_wme_60174,wme_real,0.0037593984962406013,0.0,0.0,0.0,0.0,0.0,0.0
hcm_wme_48787,wme_real,0.00819672131147541,0.0,0.0,0.0,0.0,0.0,0.0
hcm_wme_100473,wme_real,0.16666666666666666,0.0,0.0,1.0,1.0,1.0,1.0
hcm_wme_44576,wme_real,0.008849557522123894,0.0,0.0,0.0,0.0,0.0,0.0
hcm_wme_94006,wme_real,4.807923457858551e-05,0.0,0.0,0.0,0.0,0.0,0.0
hcm_wme_83329,wme_real,9.165314782736213e-06,0.0,0.0,0.0,0.0,0.0,0.0
hcm_wme_17804,wme_real,0.00023590469450342062,0.0,0.0,0.0,0.0,0.0,0.0
hcm_wme_29350,wme_real,0.001834862385321101,0.0,0.0,0.0,0.0,0.0,0.0
hcm_wme_15316,wme_real,0.3333333333333333,0.0,1.0,1.0,1.0,1.0,1.0
hcm_wme_27269,wme_real,0.007874015748031496,0.0,0.0,0.0,0.0,0.0,0.0
hcm_wme_54217,wme_real,0.0003278688524590164,0.0,0.0,0.0,0.0,0.0,0.0
hcm_wme_48138,wme_real,0.00022794620469569182,0.0,0.0,0.0,0.0,0.0,0.0
hcm_wme_96952,wme_real,0.25,0.0,1.0,1.0,1.0,1.0,1.0
hcm_wme_12805,wme_real,0.0004784688995215311,0.0,0.0,0.0,0.0,0.0,0.0
hcm_wme_50674,wme_real,1.6913319238900633e-05,0.0,0.0,0.0,0.0,0.0,0.0
hcm_wme_110848,wme_real,0.07142857142857142,0.0,0.0,0.0,1.0,1.0,1.0
hcm_wme_64932,wme_real,0.25,0.0,1.0,1.0,1.0,1.0,1.0
hcm_wme_6554,wme_real,0.0008183306055646482,0.0,0.0,0.0,0.0,0.0,0.0
hcm_wme_80438,wme_real,0.02702702702702703,0.0,0.0,0.0,0.0,1.0,1.0
hcm_wme_102340,wme_real,0.0004380201489268506,0.0,0.0,0.0,0.0,0.0,0.0
hcm_wme_32187,wme_real,0.00010178117048346055,0.0,0.0,0.0,0.0,0.0,0.0
hcm_wme_101298,wme_real,4.4347864650317085e-05,0.0,0.0,0.0,0.0,0.0,0.0
hcm_wme_31968,wme_real,1.7565739781130884e-05,0.0,0.0,0.0,0.0,0.0,0.0
hcm_wme_35615,wme_real,0.0005767012687427913,0.0,0.0,0.0,0.0,0.0,0.0
hcm_wme_37060,wme_real,2.246837576111623e-05,0.0,0.0,0.0,0.0,0.0,0.0
hcm_wme_98537,wme_real,0.029411764705882353,0.0,0.0,0.0,0.0,1.0,1.0
hcm_wme_106735,wme_real,0.5,0.0,1.0,1.0,1.0,1.0,1.0
hcm_wme_60725,wme_real,0.00014425851125216387,0.0,0.0,0.0,0.0,0.0,0.0
hcm_wme_90034,wme_real,0.00013217023526301876,0.0,0.0,0.0,0.0,0.0,0.0
hcm_wme_26907,wme_real,0.0026455026455026454,0.0,0.0,0.0,0.0,0.0,0.0
hcm_wme_20599,wme_real,0.002898550724637681,0.0,0.0,0.0,0.0,0.0,0.0
hcm_wme_102061,wme_real,1.0,1.0,1.0,1.0,1.0,1.0,1.0
hcm_wme_101806,wme_real,0.0006720430107526882,0.0,0.0,0.0,0.0,0.0,0.0
hcm_wme_9095,wme_real,1.3879057889550457e-05,0.0,0.0,0.0,0.0,0.0,0.0
hcm_wme_107439,wme_real,0.00021687269572760788,0.0,0.0,0.0,0.0,0.0,0.0
hcm_wme_48206,wme_real,1.0869092648145732e-05,0.0,0.0,0.0,0.0,0.0,0.0
hcm_wme_86315,wme_real,0.1111111111111111,0.0,0.0,1.0,1.0,1.0,1.0
hcm_wme_34613,wme_real,0.00033772374197906115,0.0,0.0,0.0,0.0,0.0,0.0
hcm_wme_32968,wme_real,1.2628016517445604e-05,0.0,0.0,0.0,0.0,0.0,0.0
hcm_wme_107386,wme_real,0.0055248618784530384,0.0,0.0,0.0,0.0,0.0,0.0
hcm_wme_33324,wme_real,0.05263157894736842,0.0,0.0,0.0,1.0,1.0,1.0
hcm_wme_71988,wme_real,1.5903307888040712e-05,0.0,0.0,0.0,0.0,0.0,0.0
hcm_wme_86870,wme_real,0.0015698587127158557,0.0,0.0,0.0,0.0,0.0,0.0
hcm_wme_12459,wme_real,0.0001473187978786093,0.0,0.0,0.0,0.0,0.0,0.0
hcm_wme_66831,wme_real,0.00026399155227032733,0.0,0.0,0.0,0.0,0.0,0.0
hcm_wme_63780,wme_real,3.30392837083292e-05,0.0,0.0,0.0,0.0,0.0,0.0
hcm_wme_62520,wme_real,0.00030609121518212427,0.0,0.0,0.0,0.0,0.0,0.0
hcm_wme_21095,wme_real,0.125,0.0,0.0,1.0,1.0,1.0,1.0
hcm_wme_105053,wme_real,1.582253445356877e-05,0.0,0.0,0.0,0.0,0.0,0.0
hcm_wme_48312,wme_real,0.5,0.0,1.0,1.0,1.0,1.0,1.0
hcm_wme_95281,wme_real,0.043478260869565216,0.0,0.0,0.0,0.0,1.0,1.0
hcm_wme_7840,wme_real,0.0005889281507656066,0.0,0.0,0.0,0.0,0.0,0.0
hcm_wme_98798,wme_real,0.0009505703422053232,0.0,0.0,0.0,0.0,0.0,0.0
hcm_wme_79748,wme_real,0.005154639175257732,0.0,0.0,0.0,0.0,0.0,0.0
hcm_wme_108380,wme_real,0.016129032258064516,0.0,0.0,0.0,0.0,0.0,1.0
hcm_wme_54034,wme_real,1.2614953766194447e-05,0.0,0.0,0.0,0.0,0.0,0.0
hcm_wme_33676,wme_real,7.568303943086355e-05,0.0,0.0,0.0,0.0,0.0,0.0
hcm_wme_100877,wme_real,0.016129032258064516,0.0,0.0,0.0,0.0,0.0,1.0
hcm_wme_106127,wme_real,0.000132013201320132,0.0,0.0,0.0,0.0,0.0,0.0
hcm_wme_82757,wme_real,1.4246231871669943e-05,0.0,0.0,0.0,0.0,0.0,0.0
hcm_wme_91125,wme_real,2.23254152527237e-05,0.0,0.0,0.0,0.0,0.0,0.0
hcm_wme_3658,wme_real,0.125,0.0,0.0,1.0,1.0,1.0,1.0
hcm_wme_18976,wme_real,0.0008347245409015025,0.0,0.0,0.0,0.0,0.0,0.0
hcm_wme_42529,wme_real,0.08333333333333333,0.0,0.0,0.0,1.0,1.0,1.0
hcm_wme_69226,wme_real,0.25,0.0,1.0,1.0,1.0,1.0,1.0
hcm_wme_23920,wme_real,2.2378874342620567e-05,0.0,0.0,0.0,0.0,0.0,0.0
hcm_wme_9443,wme_real,0.00023568230025925054,0.0,0.0,0.0,0.0,0.0,0.0
hcm_wme_337,wme_real,0.047619047619047616,0.0,0.0,0.0,0.0,1.0,1.0
hcm_wme_50936,wme_real,1.0,1.0,1.0,1.0,1.0,1.0,1.0
hcm_wme_43567,wme_real,0.03333333333333333,0.0,0.0,0.0,0.0,1.0,1.0
hcm_trans_0,trans_aal,0.0012239902080783353,0.0,0.0,0.0,0.0,0.0,0.0
hcm_trans_1,trans_aal,0.25,0.0,1.0,1.0,1.0,1.0,1.0
hcm_trans_2,trans_aal,0.5,0.0,1.0,1.0,1.0,1.0,1.0
hcm_trans_3,trans_aal,1.7456576765296327e-05,0.0,0.0,0.0,0.0,0.0,0.0
hcm_trans_4,trans_aal,0.038461538461538464,0.0,0.0,0.0,0.0,1.0,1.0
hcm_trans_5,trans_aal,0.03333333333333333,0.0,0.0,0.0,0.0,1.0,1.0
hcm_trans_6,trans_aal,0.00010188487009679063,0.0,0.0,0.0,0.0,0.0,0.0
hcm_trans_7,trans_aal,0.00018453589223103894,0.0,0.0,0.0,0.0,0.0,0.0
hcm_trans_8,trans_aal,0.00019022256039566293,0.0,0.0,0.0,0.0,0.0,0.0
hcm_trans_9,trans_aal,0.0022271714922048997,0.0,0.0,0.0,0.0,0.0,0.0
hcm_trans_10,trans_aal,0.00847457627118644,0.0,0.0,0.0,0.0,0.0,0.0
hcm_trans_11,trans_aal,0.1111111111111111,0.0,0.0,1.0,1.0,1.0,1.0
hcm_trans_12,trans_aal,0.014925373134328358,0.0,0.0,0.0,0.0,0.0,1.0
hcm_trans_13,trans_aal,0.0003181673560292714,0.0,0.0,0.0,0.0,0.0,0.0
hcm_trans_14,trans_aal,0.008,0.0,0.0,0.0,0.0,0.0,0.0
hcm_trans_15,trans_aal,1.3163783798014901e-05,0.0,0.0,0.0,0.0,0.0,0.0
hcm_trans_16,trans_aal,0.037037037037037035,0.0,0.0,0.0,0.0,1.0,1.0
hcm_trans_17,trans_aal,0.0196078431372549,0.0,0.0,0.0,0.0,0.0,1.0
hcm_trans_18,trans_aal,0.005319148936170213,0.0,0.0,0.0,0.0,0.0,0.0
hcm_trans_19,trans_aal,1.0,1.0,1.0,1.0,1.0,1.0,1.0
hcm_trans_20,trans_aal,0.000757002271006813,0.0,0.0,0.0,0.0,0.0,0.0
hcm_trans_21,trans_aal,0.0028328611898017,0.0,0.0,0.0,0.0,0.0,0.0
hcm_trans_22,trans_aal,6.211180124223603e-05,0.0,0.0,0.0,0.0,0.0,0.0
hcm_trans_23,trans_aal,0.02857142857142857,0.0,0.0,0.0,0.0,1.0,1.0
hcm_trans_24,trans_aal,1.0,1.0,1.0,1.0,1.0,1.0,1.0
hcm_trans_25,trans_aal,0.002028397565922921,0.0,0.0,0.0,0.0,0.0,0.0
hcm_trans_26,trans_aal,0.16666666666666666,0.0,0.0,1.0,1.0,1.0,1.0
hcm_trans_27,trans_aal,0.00034722222222222224,0.0,0.0,0.0,0.0,0.0,0.0
hcm_trans_28,trans_aal,2.7027027027027027e-05,0.0,0.0,0.0,0.0,0.0,0.0
hcm_trans_29,trans_aal,0.00012561236025624922,0.0,0.0,0.0,0.0,0.0,0.0
hcm_trans_30,trans_aal,0.0003225806451612903,0.0,0.0,0.0,0.0,0.0,0.0
hcm_trans_31,trans_aal,0.007751937984496124,0.0,0.0,0.0,0.0,0.0,0.0
hcm_trans_32,trans_aal,7.672241829062452e-05,0.0,0.0,0.0,0.0,0.0,0.0
hcm_trans_33,trans_aal,0.0005945303210463733,0.0,0.0,0.0,0.0,0.0,0.0
hcm_trans_34,trans_aal,9.690767605702048e-06,0.0,0.0,0.0,0.0,0.0,0.0
hcm_trans_35,trans_aal,0.00017325017325017325,0.0,0.0,0.0,0.0,0.0,0.0
hcm_trans_36,trans_aal,0.06666666666666667,0.0,0.0,0.0,1.0,1.0,1.0
hcm_trans_37,trans_aal,0.000945179584120983,0.0,0.0,0.0,0.0,0.0,0.0
hcm_trans_38,trans_aal,1.2821005936125748e-05,0.0,0.0,0.0,0.0,0.0,0.0
hcm_trans_39,trans_aal,1.2867197653023149e-05,0.0,0.0,0.0,0.0,0.0,0.0
hcm_trans_40,trans_aal,0.00024807740014884643,0.0,0.0,0.0,0.0,0.0,0.0
hcm_trans_41,trans_aal,0.012987012987012988,0.0,0.0,0.0,0.0,0.0,1.0
hcm_trans_42,trans_aal,1.0,1.0,1.0,1.0,1.0,1.0,1.0
hcm_trans_43,trans_aal,0.008547008547008548,0.0,0.0,0.0,0.0,0.0,0.0
hcm_trans_44,trans_aal,0.008403361344537815,0.0,0.0,0.0,0.0,0.0,0.0
hcm_trans_45,trans_aal,0.00021496130696474635,0.0,0.0,0.0,0.0,0.0,0.0
hcm_trans_46,trans_aal,2.7821829007038923e-05,0.0,0.0,0.0,0.0,0.0,0.0
hcm_trans_47,trans_aal,0.0021231422505307855,0.0,0.0,0.0,0.0,0.0,0.0
hcm_trans_48,trans_aal,7.774236181295187e-05,0.0,0.0,0.0,0.0,0.0,0.0
hcm_trans_49,trans_aal,0.0005373455131649651,0.0,0.0,0.0,0.0,0.0,0.0
hcm_trans_50,trans_aal,0.012048192771084338,0.0,0.0,0.0,0.0,0.0,1.0
hcm_trans_51,trans_aal,0.0010526315789473684,0.0,0.0,0.0,0.0,0.0,0.0
hcm_trans_52,trans_aal,0.0007473841554559044,0.0,0.0,0.0,0.0,0.0,0.0
hcm_trans_53,trans_aal,4.827186715582159e-05,0.0,0.0,0.0,0.0,0.0,0.0
hcm_trans_54,trans_aal,0.3333333333333333,0.0,1.0,1.0,1.0,1.0,1.0
hcm_trans_55,trans_aal,1.3623978201634877e-05,0.0,0.0,0.0,0.0,0.0,0.0
hcm_trans_56,trans_aal,0.5,0.0,1.0,1.0,1.0,1.0,1.0
hcm_trans_57,trans_aal,6.953135864274787e-05,0.0,0.0,0.0,0.0,0.0,0.0
hcm_trans_58,trans_aal,1.783771249175006e-05,0.0,0.0,0.0,0.0,0.0,0.0
hcm_trans_59,trans_aal,9.86679822397632e-05,0.0,0.0,0.0,0.0,0.0,0.0
hcm_trans_60,trans_aal,0.00013336889837289943,0.0,0.0,0.0,0.0,0.0,0.0
hcm_trans_61,trans_aal,0.00022396416573348266,0.0,0.0,0.0,0.0,0.0,0.0
hcm_trans_62,trans_aal,0.030303030303030304,0.0,0.0,0.0,0.0,1.0,1.0
hcm_trans_63,trans_aal,0.001834862385321101,0.0,0.0,0.0,0.0,0.0,0.0
hcm_trans_64,trans_aal,0.00016123831022250886,0.0,0.0,0.0,0.0,0.0,0.0
hcm_trans_65,trans_aal,0.5,0.0,1.0,1.0,1.0,1.0,1.0
hcm_trans_66,trans_aal,0.0013986013986013986,0.0,0.0,0.0,0.0,0.0,0.0
hcm_trans_67,trans_aal,0.0014814814814814814,0.0,0.0,0.0,0.0,0.0,0.0
hcm_trans_68,trans_aal,1.5586520776832197e-05,0.0,0.0,0.0,0.0,0.0,0.0
hcm_trans_69,trans_aal,0.05555555555555555,0.0,0.0,0.0,1.0,1.0,1.0
hcm_trans_71,trans_aal,0.03333333333333333,0.0,0.0,0.0,0.0,1.0,1.0
hcm_trans_72,trans_aal,0.0029850746268656717,0.0,0.0,0.0,0.0,0.0,0.0
hcm_trans_73,trans_aal,0.00037230081906180194,0.0,0.0,0.0,0.0,0.0,0.0
hcm_trans_74,trans_aal,1.8799466095162897e-05,0.0,0.0,0.0,0.0,0.0,0.0
hcm_trans_75,trans_aal,1.2501875281292194e-05,0.0,0.0,0.0,0.0,0.0,0.0
hcm_trans_76,trans_aal,1.2642384859479892e-05,0.0,0.0,0.0,0.0,0.0,0.0
hcm_trans_77,trans_aal,0.0010845986984815619,0.0,0.0,0.0,0.0,0.0,0.0
hcm_trans_78,trans_aal,0.0002820078962210942,0.0,0.0,0.0,0.0,0.0,0.0
hcm_trans_79,trans_aal,0.003937007874015748,0.0,0.0,0.0,0.0,0.0,0.0
hcm_trans_80,trans_aal,5.95202666507946e-05,0.0,0.0,0.0,0.0,0.0,0.0
hcm_trans_81,trans_aal,0.008547008547008548,0.0,0.0,0.0,0.0,0.0,0.0
hcm_trans_82,trans_aal,0.04,0.0,0.0,0.0,0.0,1.0,1.0
hcm_trans_83,trans_aal,0.1,0.0,0.0,1.0,1.0,1.0,1.0
hcm_trans_84,trans_aal,0.0009478672985781991,0.0,0.0,0.0,0.0,0.0,0.0
hcm_trans_85,trans_aal,0.002777777777777778,0.0,0.0,0.0,0.0,0.0,0.0
hcm_trans_86,trans_aal,0.00011904761904761905,0.0,0.0,0.0,0.0,0.0,0.0
hcm_trans_87,trans_aal,0.05555555555555555,0.0,0.0,0.0,1.0,1.0,1.0
hcm_trans_88,trans_aal,0.3333333333333333,0.0,1.0,1.0,1.0,1.0,1.0
hcm_trans_89,trans_aal,1.4987335701332374e-05,0.0,0.0,0.0,0.0,0.0,0.0
hcm_trans_90,trans_aal,0.0013568521031207597,0.0,0.0,0.0,0.0,0.0,0.0
hcm_trans_91,trans_aal,0.011111111111111112,0.0,0.0,0.0,0.0,0.0,1.0
hcm_trans_92,trans_aal,8.057368463459834e-05,0.0,0.0,0.0,0.0,0.0,0.0
hcm_trans_93,trans_aal,1.1472494693971205e-05,0.0,0.0,0.0,0.0,0.0,0.0
hcm_trans_94,trans_aal,8.908685968819599e-05,0.0,0.0,0.0,0.0,0.0,0.0
hcm_trans_95,trans_aal,7.685804319422027e-05,0.0,0.0,0.0,0.0,0.0,0.0
hcm_trans_96,trans_aal,0.0012547051442910915,0.0,0.0,0.0,0.0,0.0,0.0
hcm_trans_97,trans_aal,4.272226257102576e-05,0.0,0.0,0.0,0.0,0.0,0.0
hcm_trans_98,trans_aal,0.0024390243902439024,0.0,0.0,0.0,0.0,0.0,0.0
hcm_trans_99,trans_aal,6.220452848967405e-05,0.0,0.0,0.0,0.0,0.0,0.0
hcm_trans_100,trans_aal,2.893937201562726e-05,0.0,0.0,0.0,0.0,0.0,0.0
hcm_trans_101,trans_aal,0.0012594458438287153,0.0,0.0,0.0,0.0,0.0,0.0
hcm_trans_102,trans_aal,0.000655307994757536,0.0,0.0,0.0,0.0,0.0,0.0
hcm_trans_103,trans_aal,0.058823529411764705,0.0,0.0,0.0,1.0,1.0,1.0
hcm_trans_104,trans_aal,0.00010176045588684237,0.0,0.0,0.0,0.0,0.0,0.0
hcm_trans_105,trans_aal,0.000966183574879227,0.0,0.0,0.0,0.0,0.0,0.0
hcm_trans_106,trans_aal,0.011363636363636364,0.0,0.0,0.0,0.0,0.0,1.0
hcm_trans_107,trans_aal,0.043478260869565216,0.0,0.0,0.0,0.0,1.0,1.0
hcm_trans_108,trans_aal,0.0005238344683080147,0.0,0.0,0.0,0.0,0.0,0.0
hcm_trans_109,trans_aal,0.006060606060606061,0.0,0.0,0.0,0.0,0.0,0.0
hcm_trans_110,trans_aal,5.6022408963585436e-05,0.0,0.0,0.0,0.0,0.0,0.0
hcm_trans_111,trans_aal,0.00022366360993066427,0.0,0.0,0.0,0.0,0.0,0.0
hcm_trans_112,trans_aal,0.0022727272727272726,0.0,0.0,0.0,0.0,0.0,0.0
hcm_trans_113,trans_aal,2.975659108492531e-05,0.0,0.0,0.0,0.0,0.0,0.0
hcm_trans_114,trans_aal,0.5,0.0,1.0,1.0,1.0,1.0,1.0
hcm_trans_115,trans_aal,0.0005473453749315818,0.0,0.0,0.0,0.0,0.0,0.0
hcm_trans_116,trans_aal,0.024390243902439025,0.0,0.0,0.0,0.0,1.0,1.0
hcm_trans_117,trans_aal,7.762167197081425e-05,0.0,0.0,0.0,0.0,0.0,0.0
hcm_trans_118,trans_aal,1.0,1.0,1.0,1.0,1.0,1.0,1.0
hcm_trans_119,trans_aal,2.499000399840064e-05,0.0,0.0,0.0,0.0,0.0,0.0
hcm_trans_120,trans_aal,5.9098162047160334e-05,0.0,0.0,0.0,0.0,0.0,0.0
hcm_trans_121,trans_aal,0.022727272727272728,0.0,0.0,0.0,0.0,1.0,1.0
hcm_trans_122,trans_aal,0.0016778523489932886,0.0,0.0,0.0,0.0,0.0,0.0
hcm_trans_123,trans_aal,8.341675008341675e-05,0.0,0.0,0.0,0.0,0.0,0.0
hcm_trans_124,trans_aal,0.0010277492291880781,0.0,0.0,0.0,0.0,0.0,0.0
hcm_trans_125,trans_aal,0.00028653295128939826,0.0,0.0,0.0,0.0,0.0,0.0
hcm_trans_126,trans_aal,0.008547008547008548,0.0,0.0,0.0,0.0,0.0,0.0
hcm_trans_127,trans_aal,0.08333333333333333,0.0,0.0,0.0,1.0,1.0,1.0
hcm_trans_128,trans_aal,0.0009784735812133072,0.0,0.0,0.0,0.0,0.0,0.0
hcm_trans_129,trans_aal,0.002325581395348837,0.0,0.0,0.0,0.0,0.0,0.0
hcm_trans_130,trans_aal,0.000580046403712297,0.0,0.0,0.0,0.0,0.0,0.0
hcm_trans_131,trans_aal,0.0001272426517368622,0.0,0.0,0.0,0.0,0.0,0.0
hcm_trans_132,trans_aal,6.160670280926565e-05,0.0,0.0,0.0,0.0,0.0,0.0
hcm_trans_133,trans_aal,4.29202970084553e-05,0.0,0.0,0.0,0.0,0.0,0.0
hcm_trans_134,trans_aal,0.029411764705882353,0.0,0.0,0.0,0.0,1.0,1.0
hcm_trans_135,trans_aal,0.018867924528301886,0.0,0.0,0.0,0.0,0.0,1.0
hcm_trans_136,trans_aal,0.2,0.0,1.0,1.0,1.0,1.0,1.0
hcm_trans_137,trans_aal,0.00037023324694557573,0.0,0.0,0.0,0.0,0.0,0.0
hcm_trans_138,trans_aal,0.0010162601626016261,0.0,0.0,0.0,0.0,0.0,0.0
hcm_trans_139,trans_aal,0.00013659336156262805,0.0,0.0,0.0,0.0,0.0,0.0
hcm_trans_140,trans_aal,0.00010704345964461572,0.0,0.0,0.0,0.0,0.0,0.0
hcm_trans_141,trans_aal,4.852484472049689e-05,0.0,0.0,0.0,0.0,0.0,0.0
hcm_trans_142,trans_aal,5.185377236193933e-05,0.0,0.0,0.0,0.0,0.0,0.0
hcm_trans_143,trans_aal,1.0,1.0,1.0,1.0,1.0,1.0,1.0
hcm_trans_145,trans_aal,0.00013691128148959474,0.0,0.0,0.0,0.0,0.0,0.0
hcm_trans_146,trans_aal,1.0,1.0,1.0,1.0,1.0,1.0,1.0
hcm_trans_147,trans_aal,0.003484320557491289,0.0,0.0,0.0,0.0,0.0,0.0
hcm_trans_148,trans_aal,0.0026954177897574125,0.0,0.0,0.0,0.0,0.0,0.0
hcm_trans_149,trans_aal,0.0078125,0.0,0.0,0.0,0.0,0.0,0.0
hcm_trans_150,trans_aal,0.14285714285714285,0.0,0.0,1.0,1.0,1.0,1.0
hcm_trans_151,trans_aal,0.058823529411764705,0.0,0.0,0.0,1.0,1.0,1.0
hcm_trans_152,trans_aal,7.662248103593594e-05,0.0,0.0,0.0,0.0,0.0,0.0
hcm_trans_153,trans_aal,0.000725689404934688,0.0,0.0,0.0,0.0,0.0,0.0
hcm_trans_154,trans_aal,1.1371130972686543e-05,0.0,0.0,0.0,0.0,0.0,0.0
hcm_trans_155,trans_aal,0.0016638935108153079,0.0,0.0,0.0,0.0,0.0,0.0
hcm_trans_156,trans_aal,9.429247640330779e-06,0.0,0.0,0.0,0.0,0.0,0.0
hcm_trans_157,trans_aal,0.00273224043715847,0.0,0.0,0.0,0.0,0.0,0.0
hcm_trans_158,trans_aal,3.844970778222086e-05,0.0,0.0,0.0,0.0,0.0,0.0
hcm_trans_159,trans_aal,0.022222222222222223,0.0,0.0,0.0,0.0,1.0,1.0
hcm_trans_160,trans_aal,0.25,0.0,1.0,1.0,1.0,1.0,1.0
hcm_trans_161,trans_aal,0.005235602094240838,0.0,0.0,0.0,0.0,0.0,0.0
hcm_trans_162,trans_aal,0.02702702702702703,0.0,0.0,0.0,0.0,1.0,1.0
hcm_trans_163,trans_aal,0.00017470300489168413,0.0,0.0,0.0,0.0,0.0,0.0
hcm_trans_164,trans_aal,0.0002918004085205719,0.0,0.0,0.0,0.0,0.0,0.0
hcm_trans_165,trans_aal,3.463683280800803e-05,0.0,0.0,0.0,0.0,0.0,0.0
hcm_trans_166,trans_aal,1.0,1.0,1.0,1.0,1.0,1.0,1.0
hcm_trans_167,trans_aal,0.0027548209366391185,0.0,0.0,0.0,0.0,0.0,0.0
hcm_trans_168,trans_aal,0.007462686567164179,0.0,0.0,0.0,0.0,0.0,0.0
hcm_trans_169,trans_aal,5.728689275893676e-05,0.0,0.0,0.0,0.0,0.0,0.0
hcm_trans_170,trans_aal,1.0,1.0,1.0,1.0,1.0,1.0,1.0
hcm_trans_171,trans_aal,2.182453077258839e-05,0.0,0.0,0.0,0.0,0.0,0.0
hcm_trans_172,trans_aal,6.071645415907711e-05,0.0,0.0,0.0,0.0,0.0,0.0
hcm_trans_173,trans_aal,4.757373929590866e-05,0.0,0.0,0.0,0.0,0.0,0.0
hcm_trans_174,trans_aal,0.00020837674515524068,0.0,0.0,0.0,0.0,0.0,0.0
hcm_trans_175,trans_aal,0.1111111111111111,0.0,0.0,1.0,1.0,1.0,1.0
hcm_trans_176,trans_aal,0.005128205128205128,0.0,0.0,0.0,0.0,0.0,0.0
hcm_trans_177,trans_aal,0.0015822784810126582,0.0,0.0,0.0,0.0,0.0,0.0
hcm_trans_178,trans_aal,0.0011695906432748538,0.0,0.0,0.0,0.0,0.0,0.0
hcm_trans_179,trans_aal,3.1294986543155784e-05,0.0,0.0,0.0,0.0,0.0,0.0
hcm_trans_180,trans_aal,0.00022207417277370642,0.0,0.0,0.0,0.0,0.0,0.0
hcm_trans_181,trans_aal,0.004739336492890996,0.0,0.0,0.0,0.0,0.0,0.0
hcm_trans_182,trans_aal,0.0005959475566150178,0.0,0.0,0.0,0.0,0.0,0.0
hcm_trans_183,trans_aal,0.16666666666666666,0.0,0.0,1.0,1.0,1.0,1.0
hcm_trans_184,trans_aal,2.7839643652561248e-05,0.0,0.0,0.0,0.0,0.0,0.0
hcm_trans_185,trans_aal,0.037037037037037035,0.0,0.0,0.0,0.0,1.0,1.0
hcm_trans_186,trans_aal,6.62471016893011e-05,0.0,0.0,0.0,0.0,0.0,0.0
hcm_trans_187,trans_aal,0.0003223726627981947,0.0,0.0,0.0,0.0,0.0,0.0
hcm_trans_188,trans_aal,0.0001908761213972132,0.0,0.0,0.0,0.0,0.0,0.0
hcm_trans_189,trans_aal,0.0022935779816513763,0.0,0.0,0.0,0.0,0.0,0.0
hcm_trans_190,trans_aal,0.014084507042253521,0.0,0.0,0.0,0.0,0.0,1.0
hcm_trans_191,trans_aal,0.00022471910112359551,0.0,0.0,0.0,0.0,0.0,0.0
hcm_trans_192,trans_aal,0.004484304932735426,0.0,0.0,0.0,0.0,0.0,0.0
hcm_trans_193,trans_aal,0.0036363636363636364,0.0,0.0,0.0,0.0,0.0,0.0
hcm_trans_194,trans_aal,0.00026838432635534085,0.0,0.0,0.0,0.0,0.0,0.0
hcm_trans_195,trans_aal,0.00016477179106936892,0.0,0.0,0.0,0.0,0.0,0.0
hcm_trans_196,trans_aal,0.0012135922330097086,0.0,0.0,0.0,0.0,0.0,0.0
hcm_trans_197,trans_aal,0.0196078431372549,0.0,0.0,0.0,0.0,0.0,1.0
hcm_trans_198,trans_aal,1.0098765930803255e-05,0.0,0.0,0.0,0.0,0.0,0.0
hcm_trans_199,trans_aal,0.03333333333333333,0.0,0.0,0.0,0.0,1.0,1.0
hcm_trans_200,trans_aal,0.0027100271002710027,0.0,0.0,0.0,0.0,0.0,0.0
hcm_trans_201,trans_aal,6.66400106624017e-05,0.0,0.0,0.0,0.0,0.0,0.0
hcm_trans_202,trans_aal,0.00032981530343007914,0.0,0.0,0.0,0.0,0.0,0.0
hcm_trans_203,trans_aal,0.0014245014245014246,0.0,0.0,0.0,0.0,0.0,0.0
hcm_trans_204,trans_aal,8.434547908232118e-05,0.0,0.0,0.0,0.0,0.0,0.0
hcm_trans_205,trans_aal,1.0,1.0,1.0,1.0,1.0,1.0,1.0
hcm_trans_206,trans_aal,2.310536044362292e-05,0.0,0.0,0.0,0.0,0.0,0.0
hcm_trans_207,trans_aal,0.005681818181818182,0.0,0.0,0.0,0.0,0.0,0.0
hcm_trans_208,trans_aal,0.006172839506172839,0.0,0.0,0.0,0.0,0.0,0.0
hcm_trans_209,trans_aal,1.0,1.0,1.0,1.0,1.0,1.0,1.0
hcm_trans_210,trans_aal,0.00013061650992685477,0.0,0.0,0.0,0.0,0.0,0.0
hcm_trans_211,trans_aal,4.520591293341169e-05,0.0,0.0,0.0,0.0,0.0,0.0
hcm_trans_212,trans_aal,1.3821509032356153e-05,0.0,0.0,0.0,0.0,0.0,0.0
hcm_trans_213,trans_aal,0.004464285714285714,0.0,0.0,0.0,0.0,0.0,0.0
hcm_trans_214,trans_aal,0.00027427317608337906,0.0,0.0,0.0,0.0,0.0,0.0
hcm_trans_215,trans_aal,0.07142857142857142,0.0,0.0,0.0,1.0,1.0,1.0
hcm_trans_216,trans_aal,0.0029069767441860465,0.0,0.0,0.0,0.0,0.0,0.0
hcm_trans_217,trans_aal,1.0,1.0,1.0,1.0,1.0,1.0,1.0
hcm_trans_218,trans_aal,0.022222222222222223,0.0,0.0,0.0,0.0,1.0,1.0
hcm_trans_219,trans_aal,1.116146170502489e-05,0.0,0.0,0.0,0.0,0.0,0.0
hcm_trans_220,trans_aal,0.013333333333333334,0.0,0.0,0.0,0.0,0.0,1.0
hcm_trans_221,trans_aal,2.6266022273586888e-05,0.0,0.0,0.0,0.0,0.0,0.0
hcm_trans_222,trans_aal,2.1493820526598603e-05,0.0,0.0,0.0,0.0,0.0,0.0
hcm_trans_223,trans_aal,0.02702702702702703,0.0,0.0,0.0,0.0,1.0,1.0
hcm_trans_224,trans_aal,1.3855788948622734e-05,0.0,0.0,0.0,0.0,0.0,0.0
hcm_trans_225,trans_aal,0.00019124115509657678,0.0,0.0,0.0,0.0,0.0,0.0
hcm_trans_226,trans_aal,0.3333333333333333,0.0,1.0,1.0,1.0,1.0,1.0
hcm_trans_227,trans_aal,4.392129304286718e-05,0.0,0.0,0.0,0.0,0.0,0.0
hcm_trans_228,trans_aal,0.25,0.0,1.0,1.0,1.0,1.0,1.0
hcm_trans_229,trans_aal,2.695708432175976e-05,0.0,0.0,0.0,0.0,0.0,0.0
hcm_trans_230,trans_aal,0.00013945056477478735,0.0,0.0,0.0,0.0,0.0,0.0
hcm_trans_231,trans_aal,0.0002918855808523059,0.0,0.0,0.0,0.0,0.0,0.0
hcm_trans_232,trans_aal,0.000984251968503937,0.0,0.0,0.0,0.0,0.0,0.0
hcm_trans_233,trans_aal,2.070436240915961e-05,0.0,0.0,0.0,0.0,0.0,0.0
hcm_trans_234,trans_aal,5.7696745903531043e-05,0.0,0.0,0.0,0.0,0.0,0.0
hcm_trans_235,trans_aal,0.00012100677637947725,0.0,0.0,0.0,0.0,0.0,0.0
hcm_trans_236,trans_aal,1.7137079498911796e-05,0.0,0.0,0.0,0.0,0.0,0.0
hcm_trans_237,trans_aal,0.0005232862375719519,0.0,0.0,0.0,0.0,0.0,0.0
hcm_trans_238,trans_aal,0.0008230452674897119,0.0,0.0,0.0,0.0,0.0,0.0
hcm_trans_239,trans_aal,0.0007535795026375283,0.0,0.0,0.0,0.0,0.0,0.0
hcm_trans_240,trans_aal,0.05555555555555555,0.0,0.0,0.0,1.0,1.0,1.0
hcm_trans_241,trans_aal,7.098239636570131e-05,0.0,0.0,0.0,0.0,0.0,0.0
hcm_trans_242,trans_aal,0.09090909090909091,0.0,0.0,0.0,1.0,1.0,1.0
hcm_trans_243,trans_aal,0.0007501875468867217,0.0,0.0,0.0,0.0,0.0,0.0
hcm_trans_244,trans_aal,1.1033508766122714e-05,0.0,0.0,0.0,0.0,0.0,0.0
hcm_trans_245,trans_aal,1.0,1.0,1.0,1.0,1.0,1.0,1.0
hcm_trans_246,trans_aal,0.005813953488372093,0.0,0.0,0.0,0.0,0.0,0.0
hcm_trans_247,trans_aal,0.006666666666666667,0.0,0.0,0.0,0.0,0.0,0.0
hcm_trans_248,trans_aal,0.0010515247108307045,0.0,0.0,0.0,0.0,0.0,0.0
hcm_trans_249,trans_aal,0.011904761904761904,0.0,0.0,0.0,0.0,0.0,1.0
hcm_trans_250,trans_aal,4.967216371945162e-05,0.0,0.0,0.0,0.0,0.0,0.0
hcm_trans_251,trans_aal,0.25,0.0,1.0,1.0,1.0,1.0,1.0
hcm_trans_252,trans_aal,0.00025201612903225806,0.0,0.0,0.0,0.0,0.0,0.0
hcm_trans_253,trans_aal,0.0024330900243309003,0.0,0.0,0.0,0.0,0.0,0.0
hcm_trans_254,trans_aal,0.0006954102920723226,0.0,0.0,0.0,0.0,0.0,0.0
hcm_trans_255,trans_aal,1.0,1.0,1.0,1.0,1.0,1.0,1.0
hcm_trans_256,trans_aal,0.16666666666666666,0.0,0.0,1.0,1.0,1.0,1.0
hcm_trans_257,trans_aal,7.336757153338224e-05,0.0,0.0,0.0,0.0,0.0,0.0
hcm_trans_258,trans_aal,0.007352941176470588,0.0,0.0,0.0,0.0,0.0,0.0
hcm_trans_259,trans_aal,1.5837068241927054e-05,0.0,0.0,0.0,0.0,0.0,0.0
hcm_trans_260,trans_aal,0.0006854009595613434,0.0,0.0,0.0,0.0,0.0,0.0
hcm_trans_261,trans_aal,0.00015780337699226762,0.0,0.0,0.0,0.0,0.0,0.0
hcm_trans_262,trans_aal,0.5,0.0,1.0,1.0,1.0,1.0,1.0
hcm_trans_263,trans_aal,0.0078125,0.0,0.0,0.0,0.0,0.0,0.0
hcm_trans_264,trans_aal,0.047619047619047616,0.0,0.0,0.0,0.0,1.0,1.0
hcm_trans_265,trans_aal,0.0019305019305019305,0.0,0.0,0.0,0.0,0.0,0.0
hcm_trans_266,trans_aal,4.63628355510223e-05,0.0,0.0,0.0,0.0,0.0,0.0
hcm_trans_268,trans_aal,0.004,0.0,0.0,0.0,0.0,0.0,0.0
hcm_trans_269,trans_aal,0.0004088307440719542,0.0,0.0,0.0,0.0,0.0,0.0
hcm_trans_270,trans_aal,8.094544277157196e-05,0.0,0.0,0.0,0.0,0.0,0.0
hcm_trans_271,trans_aal,2.6904140547230218e-05,0.0,0.0,0.0,0.0,0.0,0.0
hcm_trans_272,trans_aal,0.2,0.0,1.0,1.0,1.0,1.0,1.0
hcm_trans_273,trans_aal,0.00022999080036798528,0.0,0.0,0.0,0.0,0.0,0.0
hcm_trans_274,trans_aal,1.0,1.0,1.0,1.0,1.0,1.0,1.0
hcm_trans_275,trans_aal,0.00020008003201280514,0.0,0.0,0.0,0.0,0.0,0.0
hcm_trans_276,trans_aal,0.125,0.0,0.0,1.0,1.0,1.0,1.0
hcm_trans_277,trans_aal,1.0,1.0,1.0,1.0,1.0,1.0,1.0
hcm_trans_278,trans_aal,1.882282078792328e-05,0.0,0.0,0.0,0.0,0.0,0.0
hcm_trans_279,trans_aal,0.0001485663348685188,0.0,0.0,0.0,0.0,0.0,0.0
hcm_trans_280,trans_aal,0.00013324450366422385,0.0,0.0,0.0,0.0,0.0,0.0
hcm_trans_281,trans_aal,0.02857142857142857,0.0,0.0,0.0,0.0,1.0,1.0
hcm_trans_282,trans_aal,0.00019904458598726116,0.0,0.0,0.0,0.0,0.0,0.0
hcm_trans_283,trans_aal,1.0,1.0,1.0,1.0,1.0,1.0,1.0
hcm_trans_284,trans_aal,0.00020807324178110696,0.0,0.0,0.0,0.0,0.0,0.0
hcm_trans_285,trans_aal,1.861296206678331e-05,0.0,0.0,0.0,0.0,0.0,0.0
hcm_trans_286,trans_aal,0.017857142857142856,0.0,0.0,0.0,0.0,0.0,1.0
hcm_trans_287,trans_aal,0.0001892147587511826,0.0,0.0,0.0,0.0,0.0,0.0
hcm_trans_288,trans_aal,0.001430615164520744,0.0,0.0,0.0,0.0,0.0,0.0
hcm_trans_289,trans_aal,6.629101756711965e-05,0.0,0.0,0.0,0.0,0.0,0.0
hcm_trans_290,trans_aal,0.015151515151515152,0.0,0.0,0.0,0.0,0.0,1.0
hcm_trans_291,trans_aal,0.1,0.0,0.0,1.0,1.0,1.0,1.0
hcm_trans_292,trans_aal,0.006172839506172839,0.0,0.0,0.0,0.0,0.0,0.0
hcm_trans_293,trans_aal,0.00016520733520568312,0.0,0.0,0.0,0.0,0.0,0.0
hcm_trans_294,trans_aal,0.018518518518518517,0.0,0.0,0.0,0.0,0.0,1.0
hcm_trans_295,trans_aal,5.062778452814905e-05,0.0,0.0,0.0,0.0,0.0,0.0
hcm_trans_296,trans_aal,0.0008077544426494346,0.0,0.0,0.0,0.0,0.0,0.0
hcm_trans_297,trans_aal,0.008849557522123894,0.0,0.0,0.0,0.0,0.0,0.0
hcm_trans_298,trans_aal,0.005291005291005291,0.0,0.0,0.0,0.0,0.0,0.0
hcm_trans_299,trans_aal,0.0012919896640826874,0.0,0.0,0.0,0.0,0.0,0.0
hcm_trans_300,trans_aal,0.030303030303030304,0.0,0.0,0.0,0.0,1.0,1.0
hcm_trans_301,trans_aal,0.0008431703204047217,0.0,0.0,0.0,0.0,0.0,0.0
hcm_trans_302,trans_aal,9.664356885371063e-06,0.0,0.0,0.0,0.0,0.0,0.0
hcm_trans_303,trans_aal,0.5,0.0,1.0,1.0,1.0,1.0,1.0
hcm_trans_304,trans_aal,0.06666666666666667,0.0,0.0,0.0,1.0,1.0,1.0
hcm_trans_305,trans_aal,7.97257434425576e-05,0.0,0.0,0.0,0.0,0.0,0.0
hcm_trans_306,trans_aal,0.25,0.0,1.0,1.0,1.0,1.0,1.0
hcm_trans_307,trans_aal,0.08333333333333333,0.0,0.0,0.0,1.0,1.0,1.0
hcm_trans_308,trans_aal,0.25,0.0,1.0,1.0,1.0,1.0,1.0
hcm_trans_309,trans_aal,0.0005417118093174431,0.0,0.0,0.0,0.0,0.0,0.0
hcm_trans_310,trans_aal,1.447198946439167e-05,0.0,0.0,0.0,0.0,0.0,0.0
hcm_trans_311,trans_aal,0.004219409282700422,0.0,0.0,0.0,0.0,0.0,0.0
hcm_trans_312,trans_aal,0.07692307692307693,0.0,0.0,0.0,1.0,1.0,1.0
hcm_trans_313,trans_aal,0.5,0.0,1.0,1.0,1.0,1.0,1.0
hcm_trans_314,trans_aal,0.00019542700801250732,0.0,0.0,0.0,0.0,0.0,0.0
hcm_trans_315,trans_aal,0.0064516129032258064,0.0,0.0,0.0,0.0,0.0,0.0
hcm_trans_316,trans_aal,2.9779630732578915e-05,0.0,0.0,0.0,0.0,0.0,0.0
hcm_trans_317,trans_aal,0.00034246575342465754,0.0,0.0,0.0,0.0,0.0,0.0
hcm_trans_318,trans_aal,4.799846404915043e-05,0.0,0.0,0.0,0.0,0.0,0.0
hcm_trans_319,trans_aal,1.0,1.0,1.0,1.0,1.0,1.0,1.0
hcm_trans_320,trans_aal,0.000157035175879397,0.0,0.0,0.0,0.0,0.0,0.0
hcm_trans_321,trans_aal,0.00043497172683775554,0.0,0.0,0.0,0.0,0.0,0.0
hcm_trans_322,trans_aal,0.034482758620689655,0.0,0.0,0.0,0.0,1.0,1.0
hcm_trans_323,trans_aal,0.058823529411764705,0.0,0.0,0.0,1.0,1.0,1.0
hcm_trans_324,trans_aal,8.682816705739342e-05,0.0,0.0,0.0,0.0,0.0,0.0
hcm_trans_325,trans_aal,4.066197698532103e-05,0.0,0.0,0.0,0.0,0.0,0.0
hcm_trans_326,trans_aal,0.004081632653061225,0.0,0.0,0.0,0.0,0.0,0.0
hcm_trans_327,trans_aal,0.5,0.0,1.0,1.0,1.0,1.0,1.0
hcm_trans_328,trans_aal,0.00013764624913971095,0.0,0.0,0.0,0.0,0.0,0.0
hcm_trans_329,trans_aal,5.810575246949448e-05,0.0,0.0,0.0,0.0,0.0,0.0
hcm_trans_330,trans_aal,0.0002957704821058858,0.0,0.0,0.0,0.0,0.0,0.0
hcm_trans_331,trans_aal,9.545628102329134e-05,0.0,0.0,0.0,0.0,0.0,0.0
hcm_trans_332,trans_aal,0.0012987012987012987,0.0,0.0,0.0,0.0,0.0,0.0
hcm_trans_333,trans_aal,0.0036363636363636364,0.0,0.0,0.0,0.0,0.0,0.0
hcm_trans_334,trans_aal,0.022727272727272728,0.0,0.0,0.0,0.0,1.0,1.0
hcm_trans_335,trans_aal,0.0004182350480970305,0.0,0.0,0.0,0.0,0.0,0.0
hcm_trans_336,trans_aal,1.945033357322078e-05,0.0,0.0,0.0,0.0,0.0,0.0
hcm_trans_337,trans_aal,0.034482758620689655,0.0,0.0,0.0,0.0,1.0,1.0
hcm_trans_338,trans_aal,0.0009082652134423251,0.0,0.0,0.0,0.0,0.0,0.0
hcm_trans_339,trans_aal,0.00039936102236421724,0.0,0.0,0.0,0.0,0.0,0.0
hcm_trans_340,trans_aal,0.005235602094240838,0.0,0.0,0.0,0.0,0.0,0.0
hcm_trans_341,trans_aal,6.887052341597796e-05,0.0,0.0,0.0,0.0,0.0,0.0
hcm_trans_342,trans_aal,0.009523809523809525,0.0,0.0,0.0,0.0,0.0,0.0
hcm_trans_343,trans_aal,4.547314810604338e-05,0.0,0.0,0.0,0.0,0.0,0.0
hcm_trans_344,trans_aal,0.005434782608695652,0.0,0.0,0.0,0.0,0.0,0.0
hcm_trans_345,trans_aal,0.00013008976193573565,0.0,0.0,0.0,0.0,0.0,0.0
hcm_trans_346,trans_aal,0.027777777777777776,0.0,0.0,0.0,0.0,1.0,1.0
hcm_trans_347,trans_aal,0.047619047619047616,0.0,0.0,0.0,0.0,1.0,1.0
hcm_trans_348,trans_aal,0.011363636363636364,0.0,0.0,0.0,0.0,0.0,1.0
hcm_trans_349,trans_aal,0.00020283975659229209,0.0,0.0,0.0,0.0,0.0,0.0
hcm_trans_350,trans_aal,1.1032169807157671e-05,0.0,0.0,0.0,0.0,0.0,0.0
hcm_trans_351,trans_aal,0.0002963841138114997,0.0,0.0,0.0,0.0,0.0,0.0
hcm_trans_352,trans_aal,4.915937469275391e-05,0.0,0.0,0.0,0.0,0.0,0.0
hcm_trans_353,trans_aal,0.002386634844868735,0.0,0.0,0.0,0.0,0.0,0.0
hcm_trans_354,trans_aal,6.779661016949152e-05,0.0,0.0,0.0,0.0,0.0,0.0
hcm_trans_355,trans_aal,9.52217715058371e-06,0.0,0.0,0.0,0.0,0.0,0.0
hcm_trans_356,trans_aal,1.0,1.0,1.0,1.0,1.0,1.0,1.0
hcm_trans_357,trans_aal,0.007936507936507936,0.0,0.0,0.0,0.0,0.0,0.0
hcm_trans_358,trans_aal,6.860122110173561e-05,0.0,0.0,0.0,0.0,0.0,0.0
hcm_trans_359,trans_aal,0.00039385584875935406,0.0,0.0,0.0,0.0,0.0,0.0
hcm_trans_360,trans_aal,0.0003946329913180742,0.0,0.0,0.0,0.0,0.0,0.0
hcm_trans_361,trans_aal,0.00040816326530612246,0.0,0.0,0.0,0.0,0.0,0.0
hcm_trans_362,trans_aal,0.000968054211035818,0.0,0.0,0.0,0.0,0.0,0.0
hcm_trans_363,trans_aal,0.000946969696969697,0.0,0.0,0.0,0.0,0.0,0.0
hcm_trans_364,trans_aal,0.001002004008016032,0.0,0.0,0.0,0.0,0.0,0.0
hcm_trans_365,trans_aal,0.00011657729074376311,0.0,0.0,0.0,0.0,0.0,0.0
hcm_trans_366,trans_aal,3.381005511038983e-05,0.0,0.0,0.0,0.0,0.0,0.0
hcm_trans_367,trans_aal,0.0028735632183908046,0.0,0.0,0.0,0.0,0.0,0.0
hcm_trans_368,trans_aal,0.00021743857360295715,0.0,0.0,0.0,0.0,0.0,0.0
hcm_trans_369,trans_aal,1.6517731785071275e-05,0.0,0.0,0.0,0.0,0.0,0.0
hcm_trans_370,trans_aal,0.00039093041438623924,0.0,0.0,0.0,0.0,0.0,0.0
hcm_trans_371,trans_aal,0.011111111111111112,0.0,0.0,0.0,0.0,0.0,1.0
hcm_trans_372,trans_aal,0.002242152466367713,0.0,0.0,0.0,0.0,0.0,0.0
hcm_trans_373,trans_aal,3.409594599202155e-05,0.0,0.0,0.0,0.0,0.0,0.0
hcm_trans_374,trans_aal,0.0031746031746031746,0.0,0.0,0.0,0.0,0.0,0.0
hcm_trans_375,trans_aal,1.0243592632808179e-05,0.0,0.0,0.0,0.0,0.0,0.0
hcm_trans_376,trans_aal,0.022727272727272728,0.0,0.0,0.0,0.0,1.0,1.0
hcm_trans_377,trans_aal,0.004032258064516129,0.0,0.0,0.0,0.0,0.0,0.0
hcm_trans_378,trans_aal,0.021739130434782608,0.0,0.0,0.0,0.0,1.0,1.0
hcm_trans_379,trans_aal,0.00032948929159802305,0.0,0.0,0.0,0.0,0.0,0.0
hcm_trans_380,trans_aal,0.00014585764294049007,0.0,0.0,0.0,0.0,0.0,0.0
hcm_trans_381,trans_aal,0.3333333333333333,0.0,1.0,1.0,1.0,1.0,1.0
hcm_trans_382,trans_aal,0.07142857142857142,0.0,0.0,0.0,1.0,1.0,1.0
hcm_trans_383,trans_aal,0.2,0.0,1.0,1.0,1.0,1.0,1.0
hcm_trans_384,trans_aal,9.498029158949518e-06,0.0,0.0,0.0,0.0,0.0,0.0
hcm_trans_385,trans_aal,5.227391531625719e-05,0.0,0.0,0.0,0.0,0.0,0.0
hcm_trans_387,trans_aal,0.0001707941929974381,0.0,0.0,0.0,0.0,0.0,0.0
hcm_trans_388,trans_aal,1.0,1.0,1.0,1.0,1.0,1.0,1.0
hcm_trans_389,trans_aal,0.00021551724137931034,0.0,0.0,0.0,0.0,0.0,0.0
hcm_trans_390,trans_aal,2.6592915647271565e-05,0.0,0.0,0.0,0.0,0.0,0.0
hcm_trans_391,trans_aal,0.1111111111111111,0.0,0.0,1.0,1.0,1.0,1.0
hcm_trans_392,trans_aal,0.006993006993006993,0.0,0.0,0.0,0.0,0.0,0.0
hcm_trans_393,trans_aal,0.3333333333333333,0.0,1.0,1.0,1.0,1.0,1.0
hcm_trans_394,trans_aal,0.0005353319057815846,0.0,0.0,0.0,0.0,0.0,0.0
hcm_trans_395,trans_aal,7.287567409998542e-05,0.0,0.0,0.0,0.0,0.0,0.0
hcm_trans_396,trans_aal,0.05263157894736842,0.0,0.0,0.0,1.0,1.0,1.0
hcm_trans_397,trans_aal,0.16666666666666666,0.0,0.0,1.0,1.0,1.0,1.0
hcm_trans_399,trans_aal,4.2682146058303814e-05,0.0,0.0,0.0,0.0,0.0,0.0
hcm_trans_400,trans_aal,1.0,1.0,1.0,1.0,1.0,1.0,1.0
hcm_trans_401,trans_aal,0.009009009009009009,0.0,0.0,0.0,0.0,0.0,0.0
hcm_trans_402,trans_aal,1.5325905377860197e-05,0.0,0.0,0.0,0.0,0.0,0.0
hcm_trans_403,trans_aal,0.0007575757575757576,0.0,0.0,0.0,0.0,0.0,0.0
hcm_trans_404,trans_aal,1.0,1.0,1.0,1.0,1.0,1.0,1.0
hcm_trans_405,trans_aal,0.0017985611510791368,0.0,0.0,0.0,0.0,0.0,0.0
hcm_trans_406,trans_aal,0.0030303030303030303,0.0,0.0,0.0,0.0,0.0,0.0
hcm_trans_407,trans_aal,0.0001347164219318335,0.0,0.0,0.0,0.0,0.0,0.0
hcm_trans_408,trans_aal,0.00037835792659856227,0.0,0.0,0.0,0.0,0.0,0.0
hcm_trans_409,trans_aal,1.7616489033735577e-05,0.0,0.0,0.0,0.0,0.0,0.0
hcm_trans_410,trans_aal,1.6704530268608846e-05,0.0,0.0,0.0,0.0,0.0,0.0
hcm_trans_411,trans_aal,0.058823529411764705,0.0,0.0,0.0,1.0,1.0,1.0
hcm_trans_412,trans_aal,2.2191154605774138e-05,0.0,0.0,0.0,0.0,0.0,0.0
hcm_trans_413,trans_aal,0.003257328990228013,0.0,0.0,0.0,0.0,0.0,0.0
hcm_trans_414,trans_aal,0.00022026431718061675,0.0,0.0,0.0,0.0,0.0,0.0
hcm_trans_415,trans_aal,0.0002834467120181406,0.0,0.0,0.0,0.0,0.0,0.0
hcm_trans_416,trans_aal,0.015151515151515152,0.0,0.0,0.0,0.0,0.0,1.0
hcm_trans_417,trans_aal,0.0005405405405405405,0.0,0.0,0.0,0.0,0.0,0.0
hcm_trans_418,trans_aal,1.0477787091366304e-05,0.0,0.0,0.0,0.0,0.0,0.0
hcm_trans_419,trans_aal,0.00016268098259313488,0.0,0.0,0.0,0.0,0.0,0.0
hcm_trans_420,trans_aal,0.2,0.0,1.0,1.0,1.0,1.0,1.0
hcm_trans_421,trans_aal,1.226316757618493e-05,0.0,0.0,0.0,0.0,0.0,0.0
hcm_trans_422,trans_aal,0.0013440860215053765,0.0,0.0,0.0,0.0,0.0,0.0
hcm_trans_423,trans_aal,0.008771929824561403,0.0,0.0,0.0,0.0,0.0,0.0
hcm_trans_424,trans_aal,0.007462686567164179,0.0,0.0,0.0,0.0,0.0,0.0
hcm_trans_425,trans_aal,0.0002333177788147457,0.0,0.0,0.0,0.0,0.0,0.0
hcm_trans_426,trans_aal,3.0437694040299505e-05,0.0,0.0,0.0,0.0,0.0,0.0
hcm_trans_427,trans_aal,0.0041841004184100415,0.0,0.0,0.0,0.0,0.0,0.0
hcm_trans_428,trans_aal,0.007407407407407408,0.0,0.0,0.0,0.0,0.0,0.0
hcm_trans_429,trans_aal,0.00022650056625141563,0.0,0.0,0.0,0.0,0.0,0.0
hcm_trans_430,trans_aal,0.5,0.0,1.0,1.0,1.0,1.0,1.0
hcm_trans_431,trans_aal,0.1111111111111111,0.0,0.0,1.0,1.0,1.0,1.0
hcm_trans_432,trans_aal,0.0003792188092529389,0.0,0.0,0.0,0.0,0.0,0.0
hcm_trans_433,trans_aal,0.1111111111111111,0.0,0.0,1.0,1.0,1.0,1.0
hcm_trans_434,trans_aal,0.0020408163265306124,0.0,0.0,0.0,0.0,0.0,0.0
hcm_trans_435,trans_aal,0.002577319587628866,0.0,0.0,0.0,0.0,0.0,0.0
hcm_trans_436,trans_aal,0.0003729951510630362,0.0,0.0,0.0,0.0,0.0,0.0
hcm_trans_437,trans_aal,0.00510204081632653,0.0,0.0,0.0,0.0,0.0,0.0
hcm_trans_438,trans_aal,9.97307270370001e-05,0.0,0.0,0.0,0.0,0.0,0.0
hcm_trans_439,trans_aal,1.0,1.0,1.0,1.0,1.0,1.0,1.0
hcm_trans_440,trans_aal,1.0,1.0,1.0,1.0,1.0,1.0,1.0
hcm_trans_441,trans_aal,3.5947947372205044e-05,0.0,0.0,0.0,0.0,0.0,0.0
hcm_trans_442,trans_aal,0.0002737476047084588,0.0,0.0,0.0,0.0,0.0,0.0
hcm_trans_443,trans_aal,0.0006954102920723226,0.0,0.0,0.0,0.0,0.0,0.0
hcm_trans_444,trans_aal,0.00423728813559322,0.0,0.0,0.0,0.0,0.0,0.0
hcm_trans_445,trans_aal,1.3791011019017805e-05,0.0,0.0,0.0,0.0,0.0,0.0
hcm_trans_446,trans_aal,0.0006064281382656155,0.0,0.0,0.0,0.0,0.0,0.0
hcm_trans_447,trans_aal,0.03333333333333333,0.0,0.0,0.0,0.0,1.0,1.0
hcm_trans_448,trans_aal,1.0,1.0,1.0,1.0,1.0,1.0,1.0
hcm_trans_449,trans_aal,0.00015718327569946557,0.0,0.0,0.0,0.0,0.0,0.0
hcm_trans_450,trans_aal,0.00025348542458808617,0.0,0.0,0.0,0.0,0.0,0.0
hcm_trans_451,trans_aal,0.001277139208173691,0.0,0.0,0.0,0.0,0.0,0.0
hcm_trans_452,trans_aal,0.003472222222222222,0.0,0.0,0.0,0.0,0.0,0.0
hcm_trans_453,trans_aal,0.0003232062055591467,0.0,0.0,0.0,0.0,0.0,0.0
hcm_trans_454,trans_aal,0.0070921985815602835,0.0,0.0,0.0,0.0,0.0,0.0
hcm_trans_455,trans_aal,2.0828126301757892e-05,0.0,0.0,0.0,0.0,0.0,0.0
hcm_trans_457,trans_aal,1.160995205089803e-05,0.0,0.0,0.0,0.0,0.0,0.0
hcm_trans_458,trans_aal,0.16666666666666666,0.0,0.0,1.0,1.0,1.0,1.0
hcm_trans_459,trans_aal,7.995522507395858e-05,0.0,0.0,0.0,0.0,0.0,0.0
hcm_trans_460,trans_aal,0.012987012987012988,0.0,0.0,0.0,0.0,0.0,1.0
hcm_trans_461,trans_aal,0.0013869625520110957,0.0,0.0,0.0,0.0,0.0,0.0
hcm_trans_462,trans_aal,0.015625,0.0,0.0,0.0,0.0,0.0,1.0
hcm_trans_463,trans_aal,9.676795045480937e-05,0.0,0.0,0.0,0.0,0.0,0.0
hcm_trans_464,trans_aal,0.00016641704110500916,0.0,0.0,0.0,0.0,0.0,0.0
hcm_trans_465,trans_aal,0.0002288329519450801,0.0,0.0,0.0,0.0,0.0,0.0
hcm_trans_466,trans_aal,0.25,0.0,1.0,1.0,1.0,1.0,1.0
hcm_trans_467,trans_aal,0.001697792869269949,0.0,0.0,0.0,0.0,0.0,0.0
hcm_trans_468,trans_aal,0.0002984183825723665,0.0,0.0,0.0,0.0,0.0,0.0
hcm_trans_469,trans_aal,0.0012330456226880395,0.0,0.0,0.0,0.0,0.0,0.0
hcm_trans_470,trans_aal,1.0,1.0,1.0,1.0,1.0,1.0,1.0
hcm_trans_471,trans_aal,1.0,1.0,1.0,1.0,1.0,1.0,1.0
hcm_trans_472,trans_aal,0.05263157894736842,0.0,0.0,0.0,1.0,1.0,1.0
hcm_trans_473,trans_aal,9.531252978516555e-06,0.0,0.0,0.0,0.0,0.0,0.0
hcm_trans_474,trans_aal,9.150805270863836e-06,0.0,0.0,0.0,0.0,0.0,0.0
hcm_trans_475,trans_aal,0.0019011406844106464,0.0,0.0,0.0,0.0,0.0,0.0
hcm_trans_476,trans_aal,2.59814492452389e-05,0.0,0.0,0.0,0.0,0.0,0.0
hcm_trans_477,trans_aal,0.0001590836780146357,0.0,0.0,0.0,0.0,0.0,0.0
hcm_trans_478,trans_aal,9.869719699960521e-05,0.0,0.0,0.0,0.0,0.0,0.0
hcm_trans_479,trans_aal,0.007751937984496124,0.0,0.0,0.0,0.0,0.0,0.0
hcm_trans_480,trans_aal,0.0010111223458038423,0.0,0.0,0.0,0.0,0.0,0.0
hcm_trans_481,trans_aal,0.014084507042253521,0.0,0.0,0.0,0.0,0.0,1.0
hcm_trans_482,trans_aal,0.0006230529595015577,0.0,0.0,0.0,0.0,0.0,0.0
hcm_trans_483,trans_aal,7.038288288288288e-05,0.0,0.0,0.0,0.0,0.0,0.0
hcm_trans_484,trans_aal,4.168403501458941e-05,0.0,0.0,0.0,0.0,0.0,0.0
hcm_trans_485,trans_aal,1.0,1.0,1.0,1.0,1.0,1.0,1.0
hcm_trans_486,trans_aal,0.00022696323195642307,0.0,0.0,0.0,0.0,0.0,0.0
hcm_trans_487,trans_aal,0.002421307506053269,0.0,0.0,0.0,0.0,0.0,0.0
hcm_trans_488,trans_aal,0.004629629629629629,0.0,0.0,0.0,0.0,0.0,0.0
hcm_trans_489,trans_aal,0.0004967709885742673,0.0,0.0,0.0,0.0,0.0,0.0
hcm_trans_490,trans_aal,0.0056179775280898875,0.0,0.0,0.0,0.0,0.0,0.0
hcm_trans_491,trans_aal,1.6851187166135853e-05,0.0,0.0,0.0,0.0,0.0,0.0
hcm_trans_492,trans_aal,7.588404917286387e-05,0.0,0.0,0.0,0.0,0.0,0.0
hcm_trans_493,trans_aal,0.004484304932735426,0.0,0.0,0.0,0.0,0.0,0.0
hcm_trans_494,trans_aal,0.0024449877750611247,0.0,0.0,0.0,0.0,0.0,0.0
hcm_trans_496,trans_aal,0.034482758620689655,0.0,0.0,0.0,0.0,1.0,1.0
hcm_trans_497,trans_aal,3.9048771916123235e-05,0.0,0.0,0.0,0.0,0.0,0.0
hcm_trans_498,trans_aal,0.09090909090909091,0.0,0.0,0.0,1.0,1.0,1.0
hcm_trans_499,trans_aal,0.1,0.0,0.0,1.0,1.0,1.0,1.0
hcm_trans_500,trans_aal,2.5185744868404482e-05,0.0,0.0,0.0,0.0,0.0,0.0
hcm_trans_501,trans_aal,0.000992063492063492,0.0,0.0,0.0,0.0,0.0,0.0
hcm_trans_502,trans_aal,1.0,1.0,1.0,1.0,1.0,1.0,1.0
hcm_trans_503,trans_aal,0.3333333333333333,0.0,1.0,1.0,1.0,1.0,1.0
hcm_trans_504,trans_aal,0.014492753623188406,0.0,0.0,0.0,0.0,0.0,1.0
hcm_trans_505,trans_aal,0.004545454545454545,0.0,0.0,0.0,0.0,0.0,0.0
hcm_trans_506,trans_aal,1.7959447567392827e-05,0.0,0.0,0.0,0.0,0.0,0.0
hcm_trans_507,trans_aal,0.002145922746781116,0.0,0.0,0.0,0.0,0.0,0.0
hcm_trans_508,trans_aal,0.14285714285714285,0.0,0.0,1.0,1.0,1.0,1.0
hcm_trans_509,trans_aal,0.0003083564600678384,0.0,0.0,0.0,0.0,0.0,0.0
hcm_trans_510,trans_aal,2.5349827621172177e-05,0.0,0.0,0.0,0.0,0.0,0.0
hcm_trans_512,trans_aal,7.358351729212656e-05,0.0,0.0,0.0,0.0,0.0,0.0
hcm_trans_513,trans_aal,0.024390243902439025,0.0,0.0,0.0,0.0,1.0,1.0
hcm_trans_514,trans_aal,1.0,1.0,1.0,1.0,1.0,1.0,1.0
hcm_trans_515,trans_aal,0.03333333333333333,0.0,0.0,0.0,0.0,1.0,1.0
hcm_trans_516,trans_aal,8.318083513558476e-05,0.0,0.0,0.0,0.0,0.0,0.0
hcm_trans_517,trans_aal,9.34317481080071e-05,0.0,0.0,0.0,0.0,0.0,0.0
hcm_trans_518,trans_aal,0.005434782608695652,0.0,0.0,0.0,0.0,0.0,0.0
hcm_trans_519,trans_aal,0.125,0.0,0.0,1.0,1.0,1.0,1.0
hcm_trans_520,trans_aal,1.1154614106124998e-05,0.0,0.0,0.0,0.0,0.0,0.0
hcm_trans_521,trans_aal,0.00016038492381716118,0.0,0.0,0.0,0.0,0.0,0.0
hcm_trans_522,trans_aal,0.0023148148148148147,0.0,0.0,0.0,0.0,0.0,0.0
hcm_trans_523,trans_aal,0.0002699784017278618,0.0,0.0,0.0,0.0,0.0,0.0
hcm_trans_524,trans_aal,2.1659085986571366e-05,0.0,0.0,0.0,0.0,0.0,0.0
hcm_trans_525,trans_aal,0.0002503755633450175,0.0,0.0,0.0,0.0,0.0,0.0
hcm_trans_526,trans_aal,0.004545454545454545,0.0,0.0,0.0,0.0,0.0,0.0
hcm_trans_527,trans_aal,0.00390625,0.0,0.0,0.0,0.0,0.0,0.0
hcm_trans_528,trans_aal,1.0,1.0,1.0,1.0,1.0,1.0,1.0
hcm_trans_529,trans_aal,0.00045829514207149406,0.0,0.0,0.0,0.0,0.0,0.0
hcm_trans_530,trans_aal,0.047619047619047616,0.0,0.0,0.0,0.0,1.0,1.0
hcm_trans_531,trans_aal,0.0034602076124567475,0.0,0.0,0.0,0.0,0.0,0.0
hcm_trans_532,trans_aal,0.002232142857142857,0.0,0.0,0.0,0.0,0.0,0.0
hcm_trans_533,trans_aal,3.371771528761211e-05,0.0,0.0,0.0,0.0,0.0,0.0
hcm_trans_534,trans_aal,0.058823529411764705,0.0,0.0,0.0,1.0,1.0,1.0
hcm_trans_535,trans_aal,0.0013458950201884253,0.0,0.0,0.0,0.0,0.0,0.0
hcm_trans_536,trans_aal,0.00012158054711246201,0.0,0.0,0.0,0.0,0.0,0.0
hcm_trans_537,trans_aal,4.1008816895632564e-05,0.0,0.0,0.0,0.0,0.0,0.0
hcm_trans_538,trans_aal,0.0008210180623973727,0.0,0.0,0.0,0.0,0.0,0.0
hcm_trans_539,trans_aal,0.041666666666666664,0.0,0.0,0.0,0.0,1.0,1.0
hcm_trans_540,trans_aal,2.16169476869866e-05,0.0,0.0,0.0,0.0,0.0,0.0
hcm_trans_541,trans_aal,0.0008968609865470852,0.0,0.0,0.0,0.0,0.0,0.0
hcm_trans_542,trans_aal,0.00228310502283105,0.0,0.0,0.0,0.0,0.0,0.0
hcm_trans_543,trans_aal,0.0005022601707684581,0.0,0.0,0.0,0.0,0.0,0.0
hcm_trans_544,trans_aal,0.0015105740181268882,0.0,0.0,0.0,0.0,0.0,0.0
hcm_trans_545,trans_aal,0.0001669449081803005,0.0,0.0,0.0,0.0,0.0,0.0
hcm_trans_546,trans_aal,7.96876245119133e-05,0.0,0.0,0.0,0.0,0.0,0.0
hcm_trans_547,trans_aal,0.0012515644555694619,0.0,0.0,0.0,0.0,0.0,0.0
hcm_trans_548,trans_aal,5.754733268113023e-05,0.0,0.0,0.0,0.0,0.0,0.0
hcm_trans_549,trans_aal,0.0010080645161290322,0.0,0.0,0.0,0.0,0.0,0.0
hcm_trans_550,trans_aal,0.014285714285714285,0.0,0.0,0.0,0.0,0.0,1.0
hcm_trans_551,trans_aal,1.0,1.0,1.0,1.0,1.0,1.0,1.0
hcm_trans_552,trans_aal,0.0011037527593818985,0.0,0.0,0.0,0.0,0.0,0.0
hcm_trans_553,trans_aal,5.953089653530182e-05,0.0,0.0,0.0,0.0,0.0,0.0
hcm_trans_554,trans_aal,0.0020242914979757085,0.0,0.0,0.0,0.0,0.0,0.0
hcm_trans_555,trans_aal,0.004,0.0,0.0,0.0,0.0,0.0,0.0
hcm_trans_556,trans_aal,0.0002187705097352877,0.0,0.0,0.0,0.0,0.0,0.0
hcm_trans_557,trans_aal,0.022727272727272728,0.0,0.0,0.0,0.0,1.0,1.0
hcm_trans_558,trans_aal,0.5,0.0,1.0,1.0,1.0,1.0,1.0
hcm_trans_559,trans_aal,0.00033967391304347825,0.0,0.0,0.0,0.0,0.0,0.0
hcm_trans_560,trans_aal,1.6335865392469167e-05,0.0,0.0,0.0,0.0,0.0,0.0
hcm_trans_561,trans_aal,0.00015220700152207003,0.0,0.0,0.0,0.0,0.0,0.0
hcm_trans_562,trans_aal,0.015625,0.0,0.0,0.0,0.0,0.0,1.0
hcm_trans_563,trans_aal,0.0012626262626262627,0.0,0.0,0.0,0.0,0.0,0.0
hcm_trans_564,trans_aal,0.008849557522123894,0.0,0.0,0.0,0.0,0.0,0.0
hcm_trans_565,trans_aal,0.3333333333333333,0.0,1.0,1.0,1.0,1.0,1.0
hcm_trans_566,trans_aal,0.3333333333333333,0.0,1.0,1.0,1.0,1.0,1.0
hcm_trans_567,trans_aal,4.325259515570934e-05,0.0,0.0,0.0,0.0,0.0,0.0
hcm_trans_568,trans_aal,0.00032562683165092806,0.0,0.0,0.0,0.0,0.0,0.0
hcm_trans_570,trans_aal,0.3333333333333333,0.0,1.0,1.0,1.0,1.0,1.0
hcm_trans_571,trans_aal,0.000444247001332741,0.0,0.0,0.0,0.0,0.0,0.0
hcm_trans_572,trans_aal,0.3333333333333333,0.0,1.0,1.0,1.0,1.0,1.0
hcm_trans_573,trans_aal,5.5032744482967364e-05,0.0,0.0,0.0,0.0,0.0,0.0
hcm_trans_574,trans_aal,0.0001752541184717841,0.0,0.0,0.0,0.0,0.0,0.0
hcm_trans_575,trans_aal,0.02,0.0,0.0,0.0,0.0,1.0,1.0
hcm_trans_576,trans_aal,4.7666714333381e-05,0.0,0.0,0.0,0.0,0.0,0.0
hcm_trans_577,trans_aal,0.0013513513513513514,0.0,0.0,0.0,0.0,0.0,0.0
hcm_trans_578,trans_aal,0.002044989775051125,0.0,0.0,0.0,0.0,0.0,0.0
hcm_trans_579,trans_aal,0.0004385964912280702,0.0,0.0,0.0,0.0,0.0,0.0
hcm_trans_580,trans_aal,0.02857142857142857,0.0,0.0,0.0,0.0,1.0,1.0
hcm_trans_581,trans_aal,0.024390243902439025,0.0,0.0,0.0,0.0,1.0,1.0
hcm_trans_582,trans_aal,5.816997266011285e-05,0.0,0.0,0.0,0.0,0.0,0.0
hcm_trans_583,trans_aal,0.009259259259259259,0.0,0.0,0.0,0.0,0.0,0.0
hcm_trans_584,trans_aal,0.00078064012490242,0.0,0.0,0.0,0.0,0.0,0.0
hcm_trans_585,trans_aal,9.716567719618722e-06,0.0,0.0,0.0,0.0,0.0,0.0
hcm_trans_586,trans_aal,2.596256198561674e-05,0.0,0.0,0.0,0.0,0.0,0.0
hcm_trans_587,trans_aal,0.002288329519450801,0.0,0.0,0.0,0.0,0.0,0.0
hcm_trans_588,trans_aal,0.010526315789473684,0.0,0.0,0.0,0.0,0.0,1.0
hcm_trans_589,trans_aal,0.024390243902439025,0.0,0.0,0.0,0.0,1.0,1.0
hcm_trans_590,trans_aal,0.0058823529411764705,0.0,0.0,0.0,0.0,0.0,0.0
hcm_trans_591,trans_aal,4.892607270414404e-05,0.0,0.0,0.0,0.0,0.0,0.0
hcm_trans_592,trans_aal,0.00030646644192460924,0.0,0.0,0.0,0.0,0.0,0.0
hcm_trans_593,trans_aal,0.0013774104683195593,0.0,0.0,0.0,0.0,0.0,0.0
hcm_trans_594,trans_aal,7.870916961826053e-05,0.0,0.0,0.0,0.0,0.0,0.0
hcm_trans_595,trans_aal,3.693853427895981e-05,0.0,0.0,0.0,0.0,0.0,0.0
hcm_trans_596,trans_aal,9.159270555692945e-06,0.0,0.0,0.0,0.0,0.0,0.0
hcm_trans_597,trans_aal,0.0008123476848090983,0.0,0.0,0.0,0.0,0.0,0.0
hcm_trans_598,trans_aal,1.923816852635629e-05,0.0,0.0,0.0,0.0,0.0,0.0
hcm_trans_599,trans_aal,4.6663555762949134e-05,0.0,0.0,0.0,0.0,0.0,0.0
hcm_trans_600,trans_aal,7.861017215627702e-05,0.0,0.0,0.0,0.0,0.0,0.0
hcm_trans_601,trans_aal,0.1,0.0,0.0,1.0,1.0,1.0,1.0
hcm_trans_602,trans_aal,0.00025568908207619537,0.0,0.0,0.0,0.0,0.0,0.0
hcm_trans_603,trans_aal,0.5,0.0,1.0,1.0,1.0,1.0,1.0
hcm_trans_604,trans_aal,0.000630119722747322,0.0,0.0,0.0,0.0,0.0,0.0
hcm_trans_605,trans_aal,8.883361463977969e-05,0.0,0.0,0.0,0.0,0.0,0.0
hcm_trans_606,trans_aal,0.2,0.0,1.0,1.0,1.0,1.0,1.0
hcm_trans_607,trans_aal,0.000223463687150838,0.0,0.0,0.0,0.0,0.0,0.0
hcm_trans_608,trans_aal,0.0007575757575757576,0.0,0.0,0.0,0.0,0.0,0.0
hcm_trans_609,trans_aal,0.0001636929120969062,0.0,0.0,0.0,0.0,0.0,0.0
hcm_trans_610,trans_aal,0.000715307582260372,0.0,0.0,0.0,0.0,0.0,0.0
hcm_trans_611,trans_aal,0.0019083969465648854,0.0,0.0,0.0,0.0,0.0,0.0
hcm_trans_612,trans_aal,0.001834862385321101,0.0,0.0,0.0,0.0,0.0,0.0
hcm_trans_613,trans_aal,0.0009930486593843098,0.0,0.0,0.0,0.0,0.0,0.0
hcm_trans_614,trans_aal,0.047619047619047616,0.0,0.0,0.0,0.0,1.0,1.0
hcm_trans_615,trans_aal,1.0,1.0,1.0,1.0,1.0,1.0,1.0
hcm_trans_616,trans_aal,0.3333333333333333,0.0,1.0,1.0,1.0,1.0,1.0
hcm_trans_617,trans_aal,1.0,1.0,1.0,1.0,1.0,1.0,1.0
hcm_trans_618,trans_aal,0.008771929824561403,0.0,0.0,0.0,0.0,0.0,0.0
hcm_trans_619,trans_aal,1.4710208884966166e-05,0.0,0.0,0.0,0.0,0.0,0.0
hcm_trans_620,trans_aal,9.205644901453571e-06,0.0,0.0,0.0,0.0,0.0,0.0
hcm_trans_621,trans_aal,0.027777777777777776,0.0,0.0,0.0,0.0,1.0,1.0
hcm_trans_622,trans_aal,3.493083694285315e-05,0.0,0.0,0.0,0.0,0.0,0.0
hcm_trans_623,trans_aal,0.0011792452830188679,0.0,0.0,0.0,0.0,0.0,0.0
hcm_trans_624,trans_aal,0.00684931506849315,0.0,0.0,0.0,0.0,0.0,0.0
hcm_trans_625,trans_aal,0.0010893246187363835,0.0,0.0,0.0,0.0,0.0,0.0
hcm_trans_626,trans_aal,1.3093461125513919e-05,0.0,0.0,0.0,0.0,0.0,0.0
hcm_trans_627,trans_aal,0.00036832412523020257,0.0,0.0,0.0,0.0,0.0,0.0
hcm_trans_628,trans_aal,0.0011560693641618498,0.0,0.0,0.0,0.0,0.0,0.0
hcm_trans_629,trans_aal,0.0002475860361475613,0.0,0.0,0.0,0.0,0.0,0.0
hcm_trans_630,trans_aal,1.8447801944398327e-05,0.0,0.0,0.0,0.0,0.0,0.0
hcm_trans_631,trans_aal,1.0,1.0,1.0,1.0,1.0,1.0,1.0
hcm_trans_632,trans_aal,0.002325581395348837,0.0,0.0,0.0,0.0,0.0,0.0
hcm_trans_633,trans_aal,3.7266154878139676e-05,0.0,0.0,0.0,0.0,0.0,0.0
hcm_trans_634,trans_aal,0.00010548523206751055,0.0,0.0,0.0,0.0,0.0,0.0
hcm_trans_635,trans_aal,0.00031017369727047146,0.0,0.0,0.0,0.0,0.0,0.0
hcm_trans_636,trans_aal,0.0625,0.0,0.0,0.0,1.0,1.0,1.0
hcm_trans_637,trans_aal,0.001937984496124031,0.0,0.0,0.0,0.0,0.0,0.0
hcm_trans_638,trans_aal,7.086167800453515e-05,0.0,0.0,0.0,0.0,0.0,0.0
hcm_trans_639,trans_aal,0.00018846588767433095,0.0,0.0,0.0,0.0,0.0,0.0
hcm_trans_640,trans_aal,0.3333333333333333,0.0,1.0,1.0,1.0,1.0,1.0
hcm_trans_641,trans_aal,0.3333333333333333,0.0,1.0,1.0,1.0,1.0,1.0
hcm_trans_642,trans_aal,0.0013054830287206266,0.0,0.0,0.0,0.0,0.0,0.0
hcm_trans_643,trans_aal,6.832001093120175e-05,0.0,0.0,0.0,0.0,0.0,0.0
hcm_trans_644,trans_aal,1.5179343948754535e-05,0.0,0.0,0.0,0.0,0.0,0.0
hcm_trans_645,trans_aal,0.00026469031233456857,0.0,0.0,0.0,0.0,0.0,0.0
hcm_trans_646,trans_aal,0.0004314063848144953,0.0,0.0,0.0,0.0,0.0,0.0
hcm_trans_647,trans_aal,2.6328260755094518e-05,0.0,0.0,0.0,0.0,0.0,0.0
hcm_trans_648,trans_aal,0.0020408163265306124,0.0,0.0,0.0,0.0,0.0,0.0
hcm_trans_649,trans_aal,3.291639236339697e-05,0.0,0.0,0.0,0.0,0.0,0.0
hcm_trans_650,trans_aal,3.193459794341189e-05,0.0,0.0,0.0,0.0,0.0,0.0
hcm_trans_651,trans_aal,9.026085386767759e-05,0.0,0.0,0.0,0.0,0.0,0.0
hcm_trans_652,trans_aal,0.16666666666666666,0.0,0.0,1.0,1.0,1.0,1.0
hcm_trans_653,trans_aal,0.2,0.0,1.0,1.0,1.0,1.0,1.0
hcm_trans_654,trans_aal,0.0002591344908007256,0.0,0.0,0.0,0.0,0.0,0.0
hcm_trans_655,trans_aal,4.8728194133125426e-05,0.0,0.0,0.0,0.0,0.0,0.0
